*******************************************************************************
 Revised: Jun 02, 2025             Deimos / (Mars)                          402

 SATELLITE PHYSICAL PROPERTIES:
  Radius (km)             = 7.8 x 6.0 x 5.1 Density (g cm^-3)   =  1.76 +- 0.30
  Mass (10^20 kg )        = 1.80 (10^-5)    Geometric Albedo    =  0.06 
                               (+- 0.15)    V(1,0)              = +12.89

 SATELLITE ORBITAL DATA:
  Semi-major axis, a (km) = 23.4632(10^3)   Orbital period      = 1.263 d
  Eccentricity, e         =  0.00033        Rotational period   = Synchronous
  Inclination, i  (deg)   =  1.791
*******************************************************************************


*******************************************************************************
Ephemeris / API_USER Mon Sep 28 12:59:39 2026 Pasadena, USA      / Horizons
*******************************************************************************
Target body name: Deimos (402)                    {source: mar099}
Center body name: Mars (499)                      {source: mar099}
Center-site name: BODY CENTER
*******************************************************************************
Start time      : A.D. 2025-Jan-01 00:00:00.0000 TDB
Stop  time      : A.D. 2031-Jan-02 00:00:00.0000 TDB
Step-size       : 1440 minutes
*******************************************************************************
Center geodetic : 0.0, 0.0, 0.0                   {W-lon(deg),Lat(deg),Alt(km)}
Center cylindric: 0.0, 0.0, 0.0                   {W-lon(deg),Dxy(km),Dz(km)}
Center radii    : 3396.19, 3396.19, 3376.2 km     {Equator_a, b, pole_c}
Keplerian GM    : 9.5495486374691025E-11 au^3/d^2
Output units    : AU-D, deg, Julian Day Number (Tp)
Calendar mode   : Mixed Julian/Gregorian
Output type     : GEOMETRIC osculating elements
Output format   : 10
Reference frame : Ecliptic of J2000.0
*******************************************************************************
            JDTDB,            Calendar Date (TDB),                     EC,                     QR,                     IN,                     OM,                      W,                     Tp,                      N,                     MA,                     TA,                      A,                     AD,                     PR,
**************************************************************************************************************************************************************************************************************************************************************************************************************************************************
$$SOE
2460676.500000000, A.D. 2025-Jan-01 00:00:00.0000,  2.637395029404219E-04,  1.567766201041092E-04,  2.426157855280465E+01,  8.074605390828611E+01,  2.165246201037153E+01,  2.460676802003006E+06,  2.851151371678644E+02,  2.738943716897566E+02,  2.738642184798708E+02,  1.568179791999956E-04,  1.568593382958819E-04,  1.262647797573955E+00,
2460677.500000000, A.D. 2025-Jan-02 00:00:00.0000,  2.008036963437196E-04,  1.567792017498996E-04,  2.426091517132975E+01,  8.074739078519771E+01,  1.640074588147137E+01,  2.460678046065792E+06,  2.851350175982918E+02,  2.042975207537447E+02,  2.042880547132950E+02,  1.568106899160609E-04,  1.568421780822222E-04,  1.262559762151630E+00,
2460678.500000000, A.D. 2025-Jan-03 00:00:00.0000,  2.742446045318128E-04,  1.567688670015608E-04,  2.426054407341316E+01,  8.074943361147857E+01,  4.226412967807538E+01,  2.460678136613561E+06,  2.851317939989883E+02,  1.036130272485083E+02,  1.036435680618700E+02,  1.568118718113316E-04,  1.568548766211024E-04,  1.262574036206139E+00,
2460679.500000000, A.D. 2025-Jan-04 00:00:00.0000,  2.958624588191457E-04,  1.567716174239477E-04,  2.426008323188919E+01,  8.075058873519693E+01,  3.543174873585571E+01,  2.460679375169354E+06,  2.851150422966402E+02,  3.559109509868178E+01,  3.561083266266226E+01,  1.568180139871530E-04,  1.568644105503585E-04,  1.262648217716439E+00,
2460680.500000000, A.D. 2025-Jan-05 00:00:00.0000,  3.476938635647192E-04,  1.567545595580915E-04,  2.425949940544409E+01,  8.075236930344661E+01,  2.283843626578661E+01,  2.460680593474113E+06,  2.851394056780233E+02,  3.333468468624474E+02,  3.333289669079006E+02,  1.568090811133459E-04,  1.568636026686003E-04,  1.262540332312078E+00,
2460681.500000000, A.D. 2025-Jan-06 00:00:00.0000,  2.339681464597858E-04,  1.567779189364046E-04,  2.425917385340024E+01,  8.075390813154375E+01,  1.896459319101094E+01,  2.460681842337177E+06,  2.851243297973757E+02,  2.623913419723649E+02,  2.623647682819797E+02,  1.568146085597071E-04,  1.568512981830097E-04,  1.262607088829757E+00,
2460682.500000000, A.D. 2025-Jan-07 00:00:00.0000,  2.182524810434612E-04,  1.567825592973551E-04,  2.425855301969166E+01,  8.075534864147217E+01,  2.263284667424733E+01,  2.460683117753490E+06,  2.851183941483646E+02,  1.838671169885800E+02,  1.838654307131399E+02,  1.568167849497396E-04,  1.568510106021242E-04,  1.262633374024511E+00,
2460683.500000000, A.D. 2025-Jan-08 00:00:00.0000,  2.694153130482545E-04,  1.567647768227675E-04,  2.425819114007386E+01,  8.075720685151050E+01,  4.620083018746162E+01,  2.460683200254668E+06,  2.851450193381280E+02,  8.547088846396525E+01,  8.550166559670235E+01,  1.568070230359669E-04,  1.568492692491663E-04,  1.262515476635796E+00,
2460684.500000000, A.D. 2025-Jan-09 00:00:00.0000,  3.132036411103040E-04,  1.567694737274383E-04,  2.425763620809889E+01,  8.075844443806024E+01,  2.928655760190862E+01,  2.460684403377474E+06,  2.851134717323410E+02,  2.754838381000449E+01,  2.756498883676353E+01,  1.568185898807826E-04,  1.568677060341271E-04,  1.262655173088282E+00,
2460685.500000000, A.D. 2025-Jan-10 00:00:00.0000,  3.355612257901995E-04,  1.567599115402686E-04,  2.425715676108466E+01,  8.076021547505704E+01,  2.388074665718874E+01,  2.460685646947068E+06,  2.851299940657814E+02,  3.181009833243677E+02,  3.180752959760835E+02,  1.568125317456405E-04,  1.568651519510123E-04,  1.262582006426674E+00,
2460686.500000000, A.D. 2025-Jan-11 00:00:00.0000,  2.195968961273975E-04,  1.567754724076773E-04,  2.425671066022485E+01,  8.076154116041359E+01,  1.545119022617726E+01,  2.460686879798516E+06,  2.851371519947679E+02,  2.517053327748065E+02,  2.516814428027931E+02,  1.568099073766193E-04,  1.568443423455613E-04,  1.262550311250236E+00,
2460687.500000000, A.D. 2025-Jan-12 00:00:00.0000,  2.293297709122921E-04,  1.567832892322907E-04,  2.425615037228355E+01,  8.076319025619803E+01,  3.150880554857294E+01,  2.460686936003063E+06,  2.851116645182841E+02,  1.608021054261370E+02,  1.608107445461198E+02,  1.568192525555540E-04,  1.568552158788172E-04,  1.262663176577657E+00,
2460688.500000000, A.D. 2025-Jan-13 00:00:00.0000,  2.564481603956903E-04,  1.567687230647320E-04,  2.425580083560595E+01,  8.076472444066260E+01,  4.457425975219946E+01,  2.460688244372969E+06,  2.851398003191109E+02,  7.288944067608290E+01,  7.291752942407986E+01,  1.568089364280125E-04,  1.568491497912931E-04,  1.262538584922589E+00,
2460689.500000000, A.D. 2025-Jan-14 00:00:00.0000,  3.437656135247014E-04,  1.567595721231192E-04,  2.425516032933907E+01,  8.076608520144390E+01,  2.578950762024900E+01,  2.460689440894354E+06,  2.851274099574808E+02,  1.685263981740362E+01,  1.686406488270469E+01,  1.568134792050071E-04,  1.568673862868949E-04,  1.262593449201129E+00,
2460690.500000000, A.D. 2025-Jan-15 00:00:00.0000,  3.093173600329566E-04,  1.567687258912919E-04,  2.425478431782626E+01,  8.076790160745746E+01,  2.417526664064202E+01,  2.460690697770651E+06,  2.851171744370908E+02,  3.036121908250890E+02,  3.035826656557660E+02,  1.568172321835586E-04,  1.568657384758253E-04,  1.262638775481523E+00,
2460691.500000000, A.D. 2025-Jan-16 00:00:00.0000,  2.193663426921081E-04,  1.567743670263208E-04,  2.425422823560001E+01,  8.076901649342700E+01,  1.361698774470170E+01,  2.460691923181991E+06,  2.851402662902226E+02,  2.393337743657657E+02,  2.393121552651164E+02,  1.568087655917308E-04,  1.568431641571407E-04,  1.262536521704666E+00,
2460692.500000000, A.D. 2025-Jan-17 00:00:00.0000,  2.361754172452169E-04,  1.567788178980563E-04,  2.425370837886715E+01,  8.077086779108349E+01,  3.887944187164575E+01,  2.460692011639288E+06,  2.851209332364152E+02,  1.392418620693629E+02,  1.392595271308105E+02,  1.568158539477931E-04,  1.568528899975299E-04,  1.262622129892851E+00,
2460693.500000000, A.D. 2025-Jan-18 00:00:00.0000,  2.645968689035411E-04,  1.567736132210111E-04,  2.425335668052839E+01,  8.077212159070773E+01,  3.873127555318756E+01,  2.460693273665101E+06,  2.851229730955235E+02,  6.453327942653189E+01,  6.456065779458804E+01,  1.568151060070573E-04,  1.568565987931035E-04,  1.262613096698423E+00,
2460694.500000000, A.D. 2025-Jan-19 00:00:00.0000,  3.653872710027931E-04,  1.567511831859179E-04,  2.425267987195560E+01,  8.077355722632629E+01,  2.694648690229658E+01,  2.460694494767594E+06,  2.851410479752560E+02,  1.491973666593575E+00,  1.493064337722352E+00,  1.568084790081328E-04,  1.568657748303477E-04,  1.262533060589860E+00,
2460695.500000000, A.D. 2025-Jan-20 00:00:00.0000,  2.720451495593784E-04,  1.567751684179947E-04,  2.425234753805531E+01,  8.077538602801884E+01,  2.232248362151260E+01,  2.460695741034782E+06,  2.851155442071753E+02,  2.912772370569285E+02,  2.912481843616512E+02,  1.568178299479965E-04,  1.568604914779983E-04,  1.262645994980936E+00,
2460696.500000000, A.D. 2025-Jan-21 00:00:00.0000,  2.237722421837682E-04,  1.567774503984484E-04,  2.425174967896158E+01,  8.077640814894598E+01,  1.533304957316244E+01,  2.460696979030013E+06,  2.851299696644579E+02,  2.234141870141492E+02,  2.233965674020821E+02,  1.568125406922816E-04,  1.568476309861148E-04,  1.262582114478003E+00,
2460697.500000000, A.D. 2025-Jan-22 00:00:00.0000,  2.370752072485832E-04,  1.567732306919100E-04,  2.425125923494097E+01,  8.077833310846941E+01,  4.327403596534425E+01,  2.460697076870830E+06,  2.851357904792381E+02,  1.206492703919364E+02,  1.206726385820173E+02,  1.568104065515419E-04,  1.568475824111738E-04,  1.262556339893125E+00,
2460698.500000000, A.D. 2025-Jan-23 00:00:00.0000,  2.940810482103535E-04,  1.567724411289605E-04,  2.425086395879716E+01,  8.077943803141261E+01,  3.408574880059983E+01,  2.460698307130900E+06,  2.851135573265191E+02,  5.498959523272662E+01,  5.501720231675471E+01,  1.568185584950216E-04,  1.568646758610827E-04,  1.262654794025523E+00,
2460699.500000000, A.D. 2025-Jan-24 00:00:00.0000,  3.591993758294300E-04,  1.567532649618410E-04,  2.425022350669424E+01,  8.078094139690521E+01,  2.956593112003087E+01,  2.460699553781199E+06,  2.851380152849982E+02,  3.446649356565983E+02,  3.446540453100124E+02,  1.568095908690052E-04,  1.568659167761694E-04,  1.262546488724685E+00,
2460700.500000000, A.D. 2025-Jan-25 00:00:00.0000,  2.433851123125681E-04,  1.567747084658799E-04,  2.424985316313161E+01,  8.078260027064000E+01,  1.654836105317895E+01,  2.460700770545106E+06,  2.851290595441366E+02,  2.828597282549379E+02,  2.828325360728599E+02,  1.568128743849241E-04,  1.568510403039683E-04,  1.262586144588583E+00,
2460701.500000000, A.D. 2025-Jan-26 00:00:00.0000,  2.275975887009522E-04,  1.567821781863327E-04,  2.424927380828338E+01,  8.078372440411604E+01,  2.077356118668986E+01,  2.460702047920852E+06,  2.851154361902156E+02,  2.037793073332986E+02,  2.037687939203336E+02,  1.568178695553087E-04,  1.568535609242848E-04,  1.262646473338697E+00,
2460702.500000000, A.D. 2025-Jan-27 00:00:00.0000,  2.343836845104769E-04,  1.567713684232670E-04,  2.424882321859267E+01,  8.078553471678087E+01,  4.408425409209538E+01,  2.460702129539090E+06,  2.851420226045606E+02,  1.056339732598815E+02,  1.056598359273602E+02,  1.568081216885896E-04,  1.568448749539121E-04,  1.262528745190440E+00,
2460703.500000000, A.D. 2025-Jan-28 00:00:00.0000,  3.257437631408957E-04,  1.567652196777974E-04,  2.424834490081616E+01,  8.078658987305050E+01,  3.216772327530290E+01,  2.460703350171326E+06,  2.851197123386952E+02,  4.271910850250960E+01,  4.274443922214471E+01,  1.568163016100057E-04,  1.568673835422140E-04,  1.262627536507732E+00,
2460704.500000000, A.D. 2025-Jan-29 00:00:00.0000,  3.306416913932330E-04,  1.567633173331575E-04,  2.424778884123123E+01,  8.078821530079337E+01,  2.938180527083441E+01,  2.460704602940149E+06,  2.851228068434456E+02,  3.306494159320149E+02,  3.306308379880556E+02,  1.568151669651990E-04,  1.568670165972405E-04,  1.262613832914698E+00,
2460705.500000000, A.D. 2025-Jan-30 00:00:00.0000,  2.445951841937068E-04,  1.567693424476170E-04,  2.424734881034475E+01,  8.078953220276223E+01,  1.075736603018407E+01,  2.460705800030712E+06,  2.851431813929503E+02,  2.744482883458033E+02,  2.744203435700210E+02,  1.568076968551123E-04,  1.568460512626076E-04,  1.262523614421945E+00,
2460706.500000000, A.D. 2025-Jan-31 00:00:00.0000,  2.293533696024815E-04,  1.567832627061145E-04,  2.424678292146617E+01,  8.079092968652188E+01,  2.965060253561817E+01,  2.460707128823106E+06,  2.851117267806844E+02,  1.807151585055117E+02,  1.807148305600167E+02,  1.568192297248704E-04,  1.568551967436262E-04,  1.262662900838595E+00,
2460707.500000000, A.D. 2025-Feb-01 00:00:00.0000,  2.375655960761101E-04,  1.567737414225421E-04,  2.424638782010342E+01,  8.079249083651439E+01,  4.187079216718693E+01,  2.460707171580558E+06,  2.851341873362340E+02,  9.364361071795608E+01,  9.367077818893125E+01,  1.568109943198789E-04,  1.568482472172158E-04,  1.262563438510035E+00,
2460708.500000000, A.D. 2025-Feb-02 00:00:00.0000,  3.480054013429249E-04,  1.567569045358283E-04,  2.424581964797676E+01,  8.079354434790370E+01,  3.224465598195727E+01,  2.460708400236443E+06,  2.851328741708044E+02,  2.844586965732298E+01,  2.846487217368499E+01,  1.568114757763911E-04,  1.568660470169538E-04,  1.262569253183860E+00,
2460709.500000000, A.D. 2025-Feb-03 00:00:00.0000,  3.008954223474745E-04,  1.567712850061254E-04,  2.424534248016235E+01,  8.079530528537136E+01,  2.531724330623559E+01,  2.460709638454763E+06,  2.851137960324232E+02,  3.205246370247586E+02,  3.205027100767119E+02,  1.568184709661786E-04,  1.568656569262319E-04,  1.262653736892692E+00,
2460710.500000000, A.D. 2025-Feb-04 00:00:00.0000,  2.591192157101174E-04,  1.567679838687470E-04,  2.424486462334867E+01,  8.079629577924447E+01,  1.109439151339615E+01,  2.460710851040919E+06,  2.851406743314171E+02,  2.599039557244175E+02,  2.598747242962264E+02,  1.568086159943401E-04,  1.568492481199332E-04,  1.262534714993254E+00,
2460711.500000000, A.D. 2025-Feb-05 00:00:00.0000,  2.232135742730426E-04,  1.567794929078453E-04,  2.424427171212864E+01,  8.079797499447373E+01,  3.904558046068720E+01,  2.460710948907170E+06,  2.851246366987748E+02,  1.571301429201672E+02,  1.571400811324521E+02,  1.568144960320024E-04,  1.568494991561596E-04,  1.262605729789421E+00,
2460712.500000000, A.D. 2025-Feb-06 00:00:00.0000,  2.534435203700946E-04,  1.567765175095847E-04,  2.424392722295121E+01,  8.079927936089616E+01,  3.822290694593305E+01,  2.460712208556023E+06,  2.851198215248720E+02,  8.309645467153859E+01,  8.312528769562500E+01,  1.568162615749696E-04,  1.568560056403544E-04,  1.262627052986549E+00,
2460713.500000000, A.D. 2025-Feb-07 00:00:00.0000,  3.548262377541186E-04,  1.567535108122968E-04,  2.424330325383723E+01,  8.080036362842331E+01,  3.321614641450537E+01,  2.460713453459392E+06,  2.851392155659502E+02,  1.327055243243481E+01,  1.327988996838362E+01,  1.568091508133253E-04,  1.568647908143538E-04,  1.262541174090924E+00,
2460714.500000000, A.D. 2025-Feb-08 00:00:00.0000,  2.832105233215346E-04,  1.567716856676790E-04,  2.424286978408776E+01,  8.080214929641093E+01,  1.975589832977802E+01,  2.460714668706846E+06,  2.851202686286496E+02,  3.118982586925328E+02,  3.118740967813057E+02,  1.568160976367559E-04,  1.568605096058328E-04,  1.262625073031466E+00,
2460715.500000000, A.D. 2025-Feb-09 00:00:00.0000,  2.576642392740155E-04,  1.567742742500169E-04,  2.424239130872283E+01,  8.080301073144545E+01,  1.635681985354975E+01,  2.460715919321053E+06,  2.851241355414935E+02,  2.404414472343471E+02,  2.404157679369621E+02,  1.568146797851908E-04,  1.568550853203646E-04,  1.262607949047547E+00,
2460716.500000000, A.D. 2025-Feb-10 00:00:00.0000,  2.068203790516541E-04,  1.567760562868704E-04,  2.424178001567513E+01,  8.080479548559427E+01,  4.338927728278815E+01,  2.460716013975218E+06,  2.851410248736547E+02,  1.385856044119149E+02,  1.386012788438793E+02,  1.568084874776890E-04,  1.568409186685077E-04,  1.262533162877966E+00,
2460717.500000000, A.D. 2025-Feb-11 00:00:00.0000,  2.856242289209195E-04,  1.567736584026697E-04,  2.424144339678766E+01,  8.080593482508533E+01,  3.492045616281442E+01,  2.460717246726422E+06,  2.851138544341744E+02,  7.221180615407009E+01,  7.224297492789063E+01,  1.568184495514035E-04,  1.568632407001372E-04,  1.262653478254999E+00,
2460718.500000000, A.D. 2025-Feb-12 00:00:00.0000,  3.466810199088868E-04,  1.567573049340161E-04,  2.424081636988236E+01,  8.080710780619422E+01,  3.348258909131223E+01,  2.460718504206578E+06,  2.851323483504755E+02,  3.588005685631142E+02,  3.587997366231904E+02,  1.568116685632072E-04,  1.568660321923983E-04,  1.262571581522204E+00,
2460719.500000000, A.D. 2025-Feb-13 00:00:00.0000,  2.789134442234256E-04,  1.567671313483082E-04,  2.424039599766365E+01,  8.080871736611120E+01,  1.532174815230139E+01,  2.460719702931368E+06,  2.851345318527643E+02,  3.021372594892134E+02,  3.021101905497420E+02,  1.568108680075958E-04,  1.568546046668835E-04,  1.262561913005662E+00,
2460720.500000000, A.D. 2025-Feb-14 00:00:00.0000,  2.381072404496838E-04,  1.567817362744160E-04,  2.423991044716926E+01,  8.080966616487981E+01,  2.312363550684762E+01,  2.460720992840027E+06,  2.851121459231589E+02,  2.194853223555972E+02,  2.194679762894049E+02,  1.568190760318598E-04,  1.568564157893035E-04,  1.262661044601812E+00,
2460721.500000000, A.D. 2025-Feb-15 00:00:00.0000,  1.981460903057412E-04,  1.567769942918513E-04,  2.423935169216058E+01,  8.081135338687531E+01,  3.994813970589171E+01,  2.460721051733047E+06,  2.851421766925198E+02,  1.278198146826060E+02,  1.278377483012973E+02,  1.568080651968985E-04,  1.568391361019457E-04,  1.262528062932627E+00,
2460722.500000000, A.D. 2025-Feb-16 00:00:00.0000,  3.260330930990851E-04,  1.567635858858808E-04,  2.423896307646711E+01,  8.081240673810116E+01,  3.452225178406587E+01,  2.460722295102457E+06,  2.851240458489905E+02,  5.842121640673066E+01,  5.845305150983432E+01,  1.568147126716966E-04,  1.568658394575124E-04,  1.262608346230699E+00,
2460723.500000000, A.D. 2025-Feb-17 00:00:00.0000,  3.283211876217694E-04,  1.567652157180285E-04,  2.423836819621717E+01,  8.081376517844572E+01,  3.185749762734520E+01,  2.460723548294609E+06,  2.851186204712436E+02,  3.462303076649029E+02,  3.462213491168116E+02,  1.568167019638562E-04,  1.568681882096838E-04,  1.262632371765101E+00,
2460724.500000000, A.D. 2025-Feb-18 00:00:00.0000,  2.823363256315019E-04,  1.567637695436772E-04,  2.423795143257755E+01,  8.081504817359652E+01,  1.369877975227588E+01,  2.460724747044776E+06,  2.851422395554314E+02,  2.895570993461979E+02,  2.895266089041899E+02,  1.568080421501274E-04,  1.568523147565775E-04,  1.262527784593682E+00,
2460725.500000000, A.D. 2025-Feb-19 00:00:00.0000,  2.152848007337156E-04,  1.567838123009313E-04,  2.423741685613833E+01,  8.081619096358057E+01,  2.929889343787588E+01,  2.460726064248888E+06,  2.851162456635548E+02,  1.991234754711870E+02,  1.991153955679137E+02,  1.568175727408304E-04,  1.568513331807295E-04,  1.262642888559953E+00,
2460726.500000000, A.D. 2025-Feb-20 00:00:00.0000,  2.179771422962193E-04,  1.567791649151300E-04,  2.423696641885959E+01,  8.081769727400604E+01,  3.537264849115810E+01,  2.460726085468238E+06,  2.851277715131684E+02,  1.181945174404676E+02,  1.182165292333875E+02,  1.568133466403046E-04,  1.568475283654792E-04,  1.262591848172087E+00,
2460727.500000000, A.D. 2025-Feb-21 00:00:00.0000,  3.500774313905238E-04,  1.567541973364435E-04,  2.423649572317257E+01,  8.081866030913287E+01,  3.730051749076309E+01,  2.460727354654031E+06,  2.851393741813797E+02,  4.144385865456467E+01,  4.147041952562841E+01,  1.568090926608208E-04,  1.568639879851982E-04,  1.262540471772940E+00,
2460728.500000000, A.D. 2025-Feb-22 00:00:00.0000,  3.052286179016989E-04,  1.567710158513562E-04,  2.423593757244305E+01,  8.082024808699501E+01,  2.725042283315311E+01,  2.460728581895998E+06,  2.851126765445580E+02,  3.366504128007438E+02,  3.366365453003319E+02,  1.568188814618057E-04,  1.568667470722551E-04,  1.262658694671327E+00,
2460729.500000000, A.D. 2025-Feb-23 00:00:00.0000,  2.821852374530952E-04,  1.567661638502713E-04,  2.423553962593837E+01,  8.082122531065342E+01,  1.475492167270121E+01,  2.460729800567912E+06,  2.851357717071318E+02,  2.742973362961333E+02,  2.742650903082193E+02,  1.568104134340212E-04,  1.568546630177712E-04,  1.262556423014376E+00,
2460730.500000000, A.D. 2025-Feb-24 00:00:00.0000,  1.977450521046655E-04,  1.567813882418786E-04,  2.423493201568807E+01,  8.082254818696173E+01,  3.312728780363013E+01,  2.460731127426561E+06,  2.851303612547754E+02,  1.811016379737568E+02,  1.811012024213254E+02,  1.568123971175172E-04,  1.568434059931559E-04,  1.262580380481914E+00,
2460731.500000000, A.D. 2025-Feb-25 00:00:00.0000,  2.552783973177671E-04,  1.567778268613436E-04,  2.423457837514695E+01,  8.082389993666722E+01,  3.536461570936962E+01,  2.460731135190979E+06,  2.851154647773199E+02,  1.040126935147215E+02,  1.040410735700789E+02,  1.568178590730786E-04,  1.568578912848136E-04,  1.262646346739438E+00,
2460732.500000000, A.D. 2025-Feb-26 00:00:00.0000,  3.447323761832233E-04,  1.567544740919209E-04,  2.423404294303008E+01,  8.082478101260754E+01,  3.999770219175627E+01,  2.460732413935139E+06,  2.851409059726333E+02,  2.454061232579743E+01,  2.455702603648824E+01,  1.568085310694423E-04,  1.568625880469637E-04,  1.262533689342179E+00,
2460733.500000000, A.D. 2025-Feb-27 00:00:00.0000,  2.944089455313894E-04,  1.567688488321669E-04,  2.423351295570224E+01,  8.082646653890413E+01,  2.005007209865104E+01,  2.460733606399273E+06,  2.851232170029498E+02,  3.296630968252372E+02,  3.296460515167498E+02,  1.568150165758405E-04,  1.568611843195140E-04,  1.262612016601494E+00,
2460734.500000000, A.D. 2025-Feb-28 00:00:00.0000,  2.715321919801160E-04,  1.567733783810679E-04,  2.423314758738888E+01,  8.082731632548000E+01,  1.766963107425203E+01,  2.460734860595328E+06,  2.851206468326799E+02,  2.571868267260875E+02,  2.571564885349272E+02,  1.568159589621424E-04,  1.568585395432169E-04,  1.262623398196983E+00,
2460735.500000000, A.D. 2025-Mar-01 00:00:00.0000,  1.897188872689615E-04,  1.567791137733249E-04,  2.423250243716614E+01,  8.082872657395006E+01,  3.342157102675130E+01,  2.460734915706513E+06,  2.851399995737124E+02,  1.666054446007413E+02,  1.666104796713249E+02,  1.568088633763986E-04,  1.568386129794722E-04,  1.262537702666073E+00,
2460736.500000000, A.D. 2025-Mar-02 00:00:00.0000,  2.901685312050980E-04,  1.567714026916321E-04,  2.423219011232425E+01,  8.082995677543177E+01,  3.762600864513315E+01,  2.460736192881051E+06,  2.851180639526106E+02,  8.756515994962123E+01,  8.759838130455998E+01,  1.568169060229209E-04,  1.568624093542097E-04,  1.262634836282543E+00,
2460737.500000000, A.D. 2025-Mar-03 00:00:00.0000,  3.244777958295305E-04,  1.567629229608529E-04,  2.423162660446444E+01,  8.083086895838797E+01,  3.856110785039404E+01,  2.460737458698465E+06,  2.851265198664586E+02,  1.177616287116260E+01,  1.178375439976836E+01,  1.568138055588363E-04,  1.568646881568197E-04,  1.262597390690312E+00,
2460738.500000000, A.D. 2025-Mar-04 00:00:00.0000,  3.067689666604122E-04,  1.567606343705406E-04,  2.423113176034214E+01,  8.083241685159162E+01,  1.545965801576391E+01,  2.460738640086260E+06,  2.851403403894874E+02,  3.200557561677290E+02,  3.200331797480645E+02,  1.568087384251906E-04,  1.568568424798406E-04,  1.262536193609989E+00,
2460739.500000000, A.D. 2025-Mar-05 00:00:00.0000,  2.480247732010481E-04,  1.567803222266903E-04,  2.423075975985633E+01,  8.083333284748966E+01,  2.244550598045479E+01,  2.460739927116449E+06,  2.851117607264071E+02,  2.382240770727033E+02,  2.381999194621483E+02,  1.568192172774891E-04,  1.568581123282878E-04,  1.262662750504549E+00,
2460740.500000000, A.D. 2025-Mar-06 00:00:00.0000,  1.957420749225120E-04,  1.567795348732290E-04,  2.423015648143022E+01,  8.083472534028246E+01,  3.215196798290651E+01,  2.460739961059226E+06,  2.851362741203380E+02,  1.536715642481013E+02,  1.536815103048931E+02,  1.568102292328682E-04,  1.568409235925073E-04,  1.262554198376271E+00,
2460741.500000000, A.D. 2025-Mar-07 00:00:00.0000,  3.131659924346936E-04,  1.567630778189495E-04,  2.422982940679790E+01,  8.083581799046078E+01,  4.022291939393695E+01,  2.460741251777180E+06,  2.851309368935962E+02,  7.077600504897879E+01,  7.080989452937855E+01,  1.568121860628237E-04,  1.568612943066979E-04,  1.262577831511643E+00,
2460742.500000000, A.D. 2025-Mar-08 00:00:00.0000,  3.126986128596950E-04,  1.567696039634527E-04,  2.422925689004724E+01,  8.083689362226478E+01,  3.276652802299295E+01,  2.460742488142586E+06,  2.851133324992645E+02,  3.380706856333953E+00,  3.382820739222279E+00,  1.568186409349436E-04,  1.568676779064345E-04,  1.262655789696992E+00,
2460743.500000000, A.D. 2025-Mar-09 00:00:00.0000,  3.205219185793741E-04,  1.567569973588644E-04,  2.422882961036193E+01,  8.083817125654235E+01,  1.646060428517314E+01,  2.460743693414063E+06,  2.851443797395227E+02,  3.048490669666728E+02,  3.048189179515214E+02,  1.568072575218925E-04,  1.568575176849206E-04,  1.262518308545507E+00,
2460744.500000000, A.D. 2025-Mar-10 00:00:00.0000,  2.139024191633910E-04,  1.567828331794596E-04,  2.422836708073183E+01,  8.083921615844123E+01,  2.722204320040040E+01,  2.460744993613467E+06,  2.851195078709553E+02,  2.192611712176598E+02,  2.192456622271936E+02,  1.568163765817749E-04,  1.568499199840902E-04,  1.262628441975761E+00,
2460745.500000000, A.D. 2025-Mar-11 00:00:00.0000,  2.156062022281220E-04,  1.567812597752807E-04,  2.422787435163352E+01,  8.084055395380823E+01,  3.212399522203602E+01,  2.460745010726568E+06,  2.851230710882188E+02,  1.395031434429285E+02,  1.395191848105221E+02,  1.568150700769922E-04,  1.568488803787036E-04,  1.262612662756476E+00,
2460746.500000000, A.D. 2025-Mar-12 00:00:00.0000,  3.210014845532297E-04,  1.567585084660375E-04,  2.422750106904450E+01,  8.084147979354212E+01,  4.231110445520259E+01,  2.460746308911331E+06,  2.851400515030098E+02,  5.448703286854103E+01,  5.451698148704975E+01,  1.568088443378611E-04,  1.568591802096846E-04,  1.262537472734517E+00,
2460747.500000000, A.D. 2025-Mar-13 00:00:00.0000,  3.151620724577220E-04,  1.567684730106322E-04,  2.422692282621016E+01,  8.084274839558243E+01,  2.650979999403021E+01,  2.460747515951076E+06,  2.851153638964899E+02,  3.554521031378271E+02,  3.554492383728960E+02,  1.568178960637541E-04,  1.568673191168760E-04,  1.262646793494779E+00,
2460748.500000000, A.D. 2025-Mar-14 00:00:00.0000,  3.104448541974732E-04,  1.567635404357125E-04,  2.422658327731022E+01,  8.084381023593581E+01,  1.978661670034355E+01,  2.460748754896105E+06,  2.851308389230874E+02,  2.873212598256104E+02,  2.872872948269028E+02,  1.568122219831024E-04,  1.568609035304923E-04,  1.262578265331405E+00,
2460749.500000000, A.D. 2025-Mar-15 00:00:00.0000,  1.846025197476968E-04,  1.567813131125790E-04,  2.422599679987616E+01,  8.084490624490917E+01,  2.686118825292104E+01,  2.460750042105238E+06,  2.851361883424301E+02,  2.054261786295783E+02,  2.054170981451224E+02,  1.568102606818232E-04,  1.568392082510673E-04,  1.262554578192170E+00,
2460750.500000000, A.D. 2025-Mar-16 00:00:00.0000,  2.478699705540316E-04,  1.567794447744990E-04,  2.422562303657639E+01,  8.084623563394190E+01,  3.426517763900958E+01,  2.460750067981165E+06,  2.851142204910551E+02,  1.231747134220475E+02,  1.231984835445541E+02,  1.568183153257010E-04,  1.568571858769031E-04,  1.262651857139810E+00,
2460751.500000000, A.D. 2025-Mar-17 00:00:00.0000,  3.175134483092380E-04,  1.567604993712729E-04,  2.422520193974355E+01,  8.084701613303265E+01,  4.257575304195949E+01,  2.460751359648439E+06,  2.851361117944995E+02,  4.001929853917178E+01,  4.004270245516348E+01,  1.568102887467833E-04,  1.568600781222936E-04,  1.262554917138856E+00,
2460752.500000000, A.D. 2025-Mar-18 00:00:00.0000,  3.246547950916853E-04,  1.567619032249467E-04,  2.422463458802551E+01,  8.084838333870537E+01,  2.247594493984121E+01,  2.460752551572815E+06,  2.851292262661703E+02,  3.452950830838217E+02,  3.452856358070927E+02,  1.568128132567023E-04,  1.568637232884579E-04,  1.262585406323578E+00,
2460753.500000000, A.D. 2025-Mar-19 00:00:00.0000,  2.779844916520627E-04,  1.567741603657620E-04,  2.422435231098309E+01,  8.084936874525847E+01,  2.184664232687006E+01,  2.460753811906471E+06,  2.851157533256218E+02,  2.710705515270672E+02,  2.710387022059811E+02,  1.568177532691866E-04,  1.568613461726112E-04,  1.262645068891915E+00,
2460754.500000000, A.D. 2025-Mar-20 00:00:00.0000,  1.825680768475504E-04,  1.567793813385670E-04,  2.422371119016320E+01,  8.085043363666354E+01,  2.181821605576924E+01,  2.460755074223909E+06,  2.851423286801179E+02,  1.962644575042981E+02,  1.962585994840021E+02,  1.568080094752912E-04,  1.568366376120154E-04,  1.262527389975341E+00,
2460755.500000000, A.D. 2025-Mar-21 00:00:00.0000,  2.835034604969178E-04,  1.567714272964599E-04,  2.422340120844209E+01,  8.085178266227257E+01,  3.883665532954275E+01,  2.460755133778376E+06,  2.851208481594451E+02,  1.044174202151236E+02,  1.044488814411253E+02,  1.568158851425587E-04,  1.568603429886576E-04,  1.262622506645607E+00,
2460756.500000000, A.D. 2025-Mar-22 00:00:00.0000,  3.107814939537319E-04,  1.567666724154332E-04,  2.422294173337836E+01,  8.085251769547780E+01,  4.019034583997040E+01,  2.460756401066673E+06,  2.851221501704059E+02,  2.820808283280511E+01,  2.822492194478200E+01,  1.568154077421263E-04,  1.568641430688194E-04,  1.262616740876999E+00,
2460757.500000000, A.D. 2025-Mar-23 00:00:00.0000,  3.330000884211801E-04,  1.567563370472878E-04,  2.422242263349071E+01,  8.085383735479347E+01,  2.128352735070813E+01,  2.460757597188418E+06,  2.851408425823532E+02,  3.322876124725298E+02,  3.322698607198706E+02,  1.568085543097382E-04,  1.568607715721886E-04,  1.262533970018786E+00,
2460758.500000000, A.D. 2025-Mar-24 00:00:00.0000,  2.419130974776014E-04,  1.567802188278611E-04,  2.422212580364711E+01,  8.085481614981379E+01,  2.163050574323585E+01,  2.460758860901090E+06,  2.851146572004297E+02,  2.571018095171831E+02,  2.570747895975525E+02,  1.568181551935246E-04,  1.568560915591882E-04,  1.262649923139263E+00,
2460759.500000000, A.D. 2025-Mar-25 00:00:00.0000,  2.048788461008750E-04,  1.567800090854382E-04,  2.422153740822486E+01,  8.085586856443338E+01,  2.196993537107524E+01,  2.460760124587620E+06,  2.851310718688077E+02,  1.819106624471212E+02,  1.819098798838872E+02,  1.568121365750344E-04,  1.568442640646305E-04,  1.262577233833149E+00,
2460760.500000000, A.D. 2025-Mar-26 00:00:00.0000,  3.015664944104742E-04,  1.567626090615660E-04,  2.422123039990108E+01,  8.085714310838577E+01,  4.436448486740161E+01,  2.460760202967744E+06,  2.851371784626359E+02,  8.469493926334101E+01,  8.472934941173860E+01,  1.568098976726960E-04,  1.568571862838259E-04,  1.262550194053961E+00,
2460761.500000000, A.D. 2025-Mar-27 00:00:00.0000,  3.078892061979501E-04,  1.567709577238963E-04,  2.422073198761913E+01,  8.085797280511986E+01,  3.484094891009565E+01,  2.460761432060771E+06,  2.851116969170214E+02,  1.937026882704788E+01,  1.938197495155111E+01,  1.568192406754244E-04,  1.568675236269524E-04,  1.262663033094619E+00,
2460762.500000000, A.D. 2025-Mar-28 00:00:00.0000,  3.315439154171847E-04,  1.567570718667339E-04,  2.422030045973560E+01,  8.085916394421307E+01,  2.196055244872687E+01,  2.460762649374702E+06,  2.851394606566617E+02,  3.174073779688138E+02,  3.173816577613537E+02,  1.568090609567764E-04,  1.568610500468189E-04,  1.262540088877696E+00,
2460763.500000000, A.D. 2025-Mar-29 00:00:00.0000,  2.157262433638231E-04,  1.567800158803479E-04,  2.421991861013860E+01,  8.086010149521411E+01,  1.961882924785297E+01,  2.460763903596262E+06,  2.851264129994295E+02,  2.449240455239575E+02,  2.449016576554068E+02,  1.568138447419815E-04,  1.568476736036152E-04,  1.262597863919118E+00,
2460764.500000000, A.D. 2025-Mar-30 00:00:00.0000,  2.297133992249851E-04,  1.567813759878704E-04,  2.421943638547087E+01,  8.086122270875687E+01,  2.854125646377260E+01,  2.460763934799695E+06,  2.851167193673156E+02,  1.611480568117298E+02,  1.611565601581042E+02,  1.568173990456628E-04,  1.568534221034552E-04,  1.262640790757039E+00,
2460765.500000000, A.D. 2025-Mar-31 00:00:00.0000,  2.935373791122876E-04,  1.567613729909308E-04,  2.421911558788323E+01,  8.086227703869491E+01,  4.756689234871051E+01,  2.460765264019019E+06,  2.851439861313023E+02,  6.728855740474981E+01,  6.731959053341789E+01,  1.568074018246879E-04,  1.568534306584448E-04,  1.262520051305688E+00,
2460766.500000000, A.D. 2025-Apr-01 00:00:00.0000,  3.195475905118631E-04,  1.567671464827186E-04,  2.421857805316812E+01,  8.086327108602443E+01,  2.813899091556427E+01,  2.460766458306551E+06,  2.851171065952079E+02,  1.188751552364346E+01,  1.189506133832360E+01,  1.568172570593626E-04,  1.568673676360066E-04,  1.262639075918746E+00,
2460767.500000000, A.D. 2025-Apr-02 00:00:00.0000,  3.168662347989639E-04,  1.567641822119980E-04,  2.421825201968462E+01,  8.086438873218746E+01,  2.293209915431721E+01,  2.460767702582713E+06,  2.851263407487585E+02,  3.022383324353748E+02,  3.022076134585606E+02,  1.568138712329399E-04,  1.568635602538817E-04,  1.262598183859895E+00,
2460768.500000000, A.D. 2025-Apr-03 00:00:00.0000,  2.056958326402285E-04,  1.567774024541756E-04,  2.421776610467054E+01,  8.086523157461036E+01,  1.697839381687613E+01,  2.460768944114826E+06,  2.851378334164109E+02,  2.333660608284740E+02,  2.333471488427200E+02,  1.568096575472508E-04,  1.568419126403260E-04,  1.262547294010828E+00,
2460769.500000000, A.D. 2025-Apr-04 00:00:00.0000,  2.488151845537002E-04,  1.567788323635453E-04,  2.421737259444152E+01,  8.086647347155396E+01,  3.633005665638553E+01,  2.460769011866363E+06,  2.851154867230457E+02,  1.391744595717942E+02,  1.391930952114752E+02,  1.568178510260896E-04,  1.568568696886340E-04,  1.262646249551836E+00,
2460770.500000000, A.D. 2025-Apr-05 00:00:00.0000,  2.807195033735050E-04,  1.567675919379279E-04,  2.421704545296540E+01,  8.086728589646813E+01,  4.537447268268658E+01,  2.460770306130168E+06,  2.851325025817507E+02,  5.527859042884044E+01,  5.530503566856314E+01,  1.568116120157762E-04,  1.568556320936245E-04,  1.262570898583489E+00,
2460771.500000000, A.D. 2025-Apr-06 00:00:00.0000,  3.441349651756248E-04,  1.567569307254464E-04,  2.421649138301489E+01,  8.086837608665040E+01,  2.487295797116197E+01,  2.460771496631100E+06,  2.851344586747887E+02,  9.605895755200511E-01,  9.612509739362718E-01,  1.568108948372804E-04,  1.568648589491144E-04,  1.262562237034281E+00,
2460772.500000000, A.D. 2025-Apr-07 00:00:00.0000,  2.878646364470453E-04,  1.567731287094205E-04,  2.421624193251109E+01,  8.086952308455456E+01,  2.328373370565848E+01,  2.460772753586710E+06,  2.851143409823380E+02,  2.876987923140825E+02,  2.876673633576634E+02,  1.568182711440317E-04,  1.568634135786428E-04,  1.262651323534445E+00,
2460773.500000000, A.D. 2025-Apr-08 00:00:00.0000,  2.098203655429669E-04,  1.567768578366290E-04,  2.421570542537556E+01,  8.087027655324067E+01,  1.645193293057357E+01,  2.460773992078406E+06,  2.851375547411670E+02,  2.196899666817887E+02,  2.196746147148606E+02,  1.568097597177337E-04,  1.568426615988383E-04,  1.262548527943958E+00,
2460774.500000000, A.D. 2025-Apr-09 00:00:00.0000,  2.605688573845502E-04,  1.567725667971333E-04,  2.421536000412182E+01,  8.087160068993076E+01,  4.240238891697952E+01,  2.460774082946557E+06,  2.851275509968790E+02,  1.189134267910852E+02,  1.189395597804163E+02,  1.568134274927576E-04,  1.568542881883819E-04,  1.262592824654607E+00,
2460775.500000000, A.D. 2025-Apr-10 00:00:00.0000,  2.884423761991638E-04,  1.567724059076026E-04,  2.421501977429683E+01,  8.087229288329435E+01,  3.942352311778406E+01,  2.460775335022348E+06,  2.851160656156642E+02,  4.703777899319664E+01,  4.706197327473780E+01,  1.568176387599565E-04,  1.568628716123103E-04,  1.262643685906073E+00,
2460776.500000000, A.D. 2025-Apr-11 00:00:00.0000,  3.578788667490886E-04,  1.567511077328950E-04,  2.421450072169364E+01,  8.087338035048782E+01,  2.634271089163246E+01,  2.460776551596084E+06,  2.851444664702231E+02,  3.452876620547678E+02,  3.452772424175972E+02,  1.568072257251356E-04,  1.568633437173762E-04,  1.262517924532805E+00,
2460777.500000000, A.D. 2025-Apr-12 00:00:00.0000,  2.493164336284195E-04,  1.567782254063722E-04,  2.421424746339454E+01,  8.087453502169592E+01,  2.127451463106781E+01,  2.460777796286374E+06,  2.851169280096441E+02,  2.755237391210101E+02,  2.754953013758295E+02,  1.568173225419595E-04,  1.568564196775468E-04,  1.262639866784139E+00,
2460778.500000000, A.D. 2025-Apr-13 00:00:00.0000,  2.196715809835958E-04,  1.567796765266698E-04,  2.421374664393455E+01,  8.087528548607563E+01,  1.954794973784088E+01,  2.460779052751972E+06,  2.851256509973591E+02,  2.023962341165089E+02,  2.023866455831323E+02,  1.568141241332387E-04,  1.568485717398076E-04,  1.262601238228595E+00,
2460779.500000000, A.D. 2025-Apr-14 00:00:00.0000,  2.626954660376694E-04,  1.567677251725813E-04,  2.421342604423797E+01,  8.087656563977906E+01,  4.598725595245649E+01,  2.460779145328986E+06,  2.851398501346263E+02,  1.011308398367484E+02,  1.011603743814794E+02,  1.568089181644173E-04,  1.568501111562534E-04,  1.262538364350087E+00,
2460780.500000000, A.D. 2025-Apr-15 00:00:00.0000,  3.126605105770367E-04,  1.567699707664848E-04,  2.421304919441488E+01,  8.087726426421690E+01,  3.445212299656428E+01,  2.460780367333418E+06,  2.851123481578686E+02,  3.782488072350164E+01,  3.784685918975852E+01,  1.568190018756794E-04,  1.568680329848741E-04,  1.262660148976310E+00,
2460781.500000000, A.D. 2025-Apr-16 00:00:00.0000,  3.446227282274447E-04,  1.567563513196293E-04,  2.421261969667120E+01,  8.087834801771677E+01,  2.860101476523054E+01,  2.460781609329502E+06,  2.851358308653610E+02,  3.288262415783126E+02,  3.288057921848759E+02,  1.568103917446468E-04,  1.568644321696643E-04,  1.262556161066931E+00,
2460782.500000000, A.D. 2025-Apr-17 00:00:00.0000,  2.249249467757678E-04,  1.567763938149665E-04,  2.421229156730122E+01,  8.087935872767444E+01,  1.521591122106354E+01,  2.460782824793468E+06,  2.851323589682588E+02,  2.673908722536145E+02,  2.673651248033452E+02,  1.568116646702963E-04,  1.568469355256261E-04,  1.262571534506455E+00,
2460783.500000000, A.D. 2025-Apr-18 00:00:00.0000,  2.321604618196671E-04,  1.567819439726037E-04,  2.421186970011283E+01,  8.088025218150619E+01,  2.620023035181111E+01,  2.460784125869822E+06,  2.851141232189697E+02,  1.815556743398432E+02,  1.815549523059053E+02,  1.568183509933921E-04,  1.568547580141806E-04,  1.262652287917415E+00,
2460784.500000000, A.D. 2025-Apr-19 00:00:00.0000,  2.600622454522339E-04,  1.567680139739040E-04,  2.421157398392381E+01,  8.088135656882318E+01,  4.654682945497973E+01,  2.460784197100752E+06,  2.851401887468252E+02,  8.636874855418627E+01,  8.639849027293984E+01,  1.568087940209838E-04,  1.568495740680636E-04,  1.262536865049362E+00,
2460785.500000000, A.D. 2025-Apr-20 00:00:00.0000,  3.368060980602524E-04,  1.567620996495879E-04,  2.421114661467354E+01,  8.088210916260375E+01,  3.196474899752164E+01,  2.460785408372931E+06,  2.851234916615942E+02,  2.612502995691793E+01,  2.614203103449479E+01,  1.568149158695195E-04,  1.568677320894512E-04,  1.262610800330949E+00,
2460786.500000000, A.D. 2025-Apr-21 00:00:00.0000,  3.126184310406618E-04,  1.567672280951094E-04,  2.421081749028610E+01,  8.088325774264953E+01,  2.767025230273824E+01,  2.460786655850246E+06,  2.851198483319337E+02,  3.155640014650538E+02,  3.155389140467193E+02,  1.568162517456918E-04,  1.568652753962743E-04,  1.262626934273939E+00,
2460787.500000000, A.D. 2025-Apr-22 00:00:00.0000,  2.316566830508600E-04,  1.567716383171592E-04,  2.421042238332196E+01,  8.088402007867100E+01,  1.037426972678657E+01,  2.460787857608616E+06,  2.851424529107623E+02,  2.580306020343182E+02,  2.580046348416507E+02,  1.568079639299593E-04,  1.568442895427593E-04,  1.262526839918379E+00,
2460788.500000000, A.D. 2025-Apr-23 00:00:00.0000,  2.436567049030616E-04,  1.567792231633170E-04,  2.421004705838572E+01,  8.088516010569793E+01,  3.543926299781107E+01,  2.460787945375512E+06,  2.851166273603183E+02,  1.581326633114306E+02,  1.581430597948988E+02,  1.568174327822601E-04,  1.568556424012032E-04,  1.262641198210609E+00,
2460789.500000000, A.D. 2025-Apr-24 00:00:00.0000,  2.627381052158490E-04,  1.567721583379737E-04,  2.420978434854806E+01,  8.088604815675926E+01,  4.429976805775202E+01,  2.460789239002989E+06,  2.851277373047517E+02,  7.441748710395072E+01,  7.444649061477008E+01,  1.568133591828379E-04,  1.568545600277021E-04,  1.262591999652503E+00,
2460790.500000000, A.D. 2025-Apr-25 00:00:00.0000,  3.515764293609883E-04,  1.567547916328667E-04,  2.420932492517289E+01,  8.088684413055570E+01,  3.164209027054898E+01,  2.460790457033349E+06,  2.851371112757781E+02,  1.225138682483384E+01,  1.225993959930132E+01,  1.568099223054392E-04,  1.568650529780117E-04,  1.262550491548665E+00,
2460791.500000000, A.D. 2025-Apr-26 00:00:00.0000,  2.825483020231899E-04,  1.567738800238891E-04,  2.420905762788492E+01,  8.088807208690825E+01,  2.323602749588138E+01,  2.460791690051650E+06,  2.851145657216480E+02,  3.058135064185958E+02,  3.057872451168133E+02,  1.568181887368431E-04,  1.568624974497970E-04,  1.262650328259487E+00,
2460792.500000000, A.D. 2025-Apr-27 00:00:00.0000,  2.470308881196245E-04,  1.567720784177577E-04,  2.420866105768087E+01,  8.088865908268349E+01,  1.250495126454743E+01,  2.460792914902485E+06,  2.851346749779213E+02,  2.416969148026649E+02,  2.416719949258080E+02,  1.568108155327855E-04,  1.568495526478133E-04,  1.262561279254709E+00,
2460793.500000000, A.D. 2025-Apr-28 00:00:00.0000,  2.430155226707886E-04,  1.567734166901129E-04,  2.420828323415201E+01,  8.088998018398003E+01,  4.391269812060727E+01,  2.460793024892562E+06,  2.851327417566940E+02,  1.354686864692094E+02,  1.354882116830444E+02,  1.568115243246575E-04,  1.568496319592020E-04,  1.262569839514224E+00,
2460794.500000000, A.D. 2025-Apr-29 00:00:00.0000,  2.772449543869572E-04,  1.567749180339260E-04,  2.420804453365037E+01,  8.089072379690087E+01,  4.005789087935071E+01,  2.460794273877765E+06,  2.851140028160020E+02,  6.447061572076058E+01,  6.449928805643881E+01,  1.568183951427343E-04,  1.568618722515427E-04,  1.262652821132484E+00,
2460795.500000000, A.D. 2025-Apr-30 00:00:00.0000,  3.517182009445269E-04,  1.567536279863225E-04,  2.420759782052597E+01,  8.089155169610751E+01,  3.224664244132607E+01,  2.460795508961540E+06,  2.851402256579447E+02,  3.574447044821576E+02,  3.574429068005372E+02,  1.568087804884882E-04,  1.568639329906540E-04,  1.262536701615216E+00,
2460796.500000000, A.D. 2025-May-01 00:00:00.0000,  2.658281851548580E-04,  1.567731144140115E-04,  2.420734187526382E+01,  8.089275126659734E+01,  1.769488109781908E+01,  2.460796720367148E+06,  2.851238071091015E+02,  2.971680798903980E+02,  2.971409749213695E+02,  1.568148002077562E-04,  1.568564860015009E-04,  1.262609403438021E+00,
2460797.500000000, A.D. 2025-May-02 00:00:00.0000,  2.469921235983517E-04,  1.567779501418477E-04,  2.420698989099160E+01,  8.089335145185298E+01,  1.958236741597515E+01,  2.460797989529415E+06,  2.851186732068080E+02,  2.204260225782665E+02,  2.204076732284256E+02,  1.568166826273054E-04,  1.568554151127631E-04,  1.262632138228553E+00,
2460798.500000000, A.D. 2025-May-03 00:00:00.0000,  2.280769519909900E-04,  1.567713224975256E-04,  2.420661978190263E+01,  8.089465474291282E+01,  4.716433671055030E+01,  2.460798086120396E+06,  2.851448460114961E+02,  1.180156358606228E+02,  1.180387058689737E+02,  1.568070865798834E-04,  1.568428506622411E-04,  1.262516244061749E+00,
2460799.500000000, A.D. 2025-May-04 00:00:00.0000,  3.076299664623274E-04,  1.567703272073696E-04,  2.420637005130965E+01,  8.089536823375337E+01,  3.587113517409605E+01,  2.460799308939335E+06,  2.851135278634080E+02,  5.447398025580686E+01,  5.450267640252125E+01,  1.568185692985836E-04,  1.568668113897976E-04,  1.262654924505962E+00,
2460800.500000000, A.D. 2025-May-05 00:00:00.0000,  3.382901832364878E-04,  1.567593875418978E-04,  2.420597604695280E+01,  8.089627396853854E+01,  3.209734541870510E+01,  2.460800558236915E+06,  2.851302561613826E+02,  3.433948935616018E+02,  3.433838109933379E+02,  1.568124356494875E-04,  1.568654837570771E-04,  1.262580845844158E+00,
2460801.500000000, A.D. 2025-May-06 00:00:00.0000,  2.635048073435116E-04,  1.567688567059070E-04,  2.420570204582138E+01,  8.089728674770986E+01,  1.354035043939084E+01,  2.460801755571346E+06,  2.851364167469588E+02,  2.871273022926149E+02,  2.870984431506643E+02,  1.568101769413715E-04,  1.568514971768360E-04,  1.262553566840527E+00,
2460802.500000000, A.D. 2025-May-07 00:00:00.0000,  2.349318388342432E-04,  1.567819963602611E-04,  2.420538078246216E+01,  8.089805055783827E+01,  2.791544889816745E+01,  2.460803068517945E+06,  2.851127948036053E+02,  1.979082597647977E+02,  1.978999839736716E+02,  1.568188380982594E-04,  1.568556798362577E-04,  1.262658170945921E+00,
2460803.500000000, A.D. 2025-May-08 00:00:00.0000,  2.218541554004037E-04,  1.567746041537997E-04,  2.420507183461708E+01,  8.089918522011098E+01,  4.379206916500814E+01,  2.460803124097736E+06,  2.851385550686576E+02,  1.071842283861789E+02,  1.072085141367320E+02,  1.568093929692357E-04,  1.568441817846718E-04,  1.262544098651677E+00,
2460804.500000000, A.D. 2025-May-09 00:00:00.0000,  3.430833514566384E-04,  1.567593599156200E-04,  2.420477831534221E+01,  8.089991034738236E+01,  3.500696476046173E+01,  2.460804355681586E+06,  2.851282808279723E+02,  4.114926138366577E+01,  4.117513955170789E+01,  1.568131599000710E-04,  1.568669598845220E-04,  1.262589592847861E+00,
2460805.500000000, A.D. 2025-May-10 00:00:00.0000,  3.148654265508868E-04,  1.567678728215248E-04,  2.420444519869234E+01,  8.090098693213314E+01,  3.001763206314529E+01,  2.460805600714012E+06,  2.851171281615261E+02,  3.312847101951230E+02,  3.312673688590190E+02,  1.568172491515694E-04,  1.568666254816141E-04,  1.262638980412467E+00,
2460806.500000000, A.D. 2025-May-11 00:00:00.0000,  2.680053462573868E-04,  1.567670509554627E-04,  2.420416188105176E+01,  8.090174370817095E+01,  1.258929067737527E+01,  2.460806802039030E+06,  2.851394179166850E+02,  2.738767666550240E+02,  2.738461250859612E+02,  1.568090766263402E-04,  1.568511022972177E-04,  1.262540278121731E+00,
2460807.500000000, A.D. 2025-May-12 00:00:00.0000,  2.218278885982847E-04,  1.567805407158797E-04,  2.420382573612448E+01,  8.090270879665111E+01,  3.498575595284146E+01,  2.460806880433921E+06,  2.851223711187362E+02,  1.766521496292612E+02,  1.766536336665829E+02,  1.568153267287077E-04,  1.568501127415358E-04,  1.262615762444266E+00,
2460808.500000000, A.D. 2025-May-13 00:00:00.0000,  2.437405872127135E-04,  1.567774318887839E-04,  2.420360224448569E+01,  8.090367435290656E+01,  3.960058131618073E+01,  2.460808159158980E+06,  2.851214779287454E+02,  9.718109524839667E+01,  9.720880571810675E+01,  1.568156542284297E-04,  1.568538765680755E-04,  1.262619717796102E+00,
2460809.500000000, A.D. 2025-May-14 00:00:00.0000,  3.583665228096761E-04,  1.567519213412302E-04,  2.420326679143940E+01,  8.090437139767999E+01,  3.738702017245505E+01,  2.460809413835129E+06,  2.851420377920524E+02,  2.456922684177638E+01,  2.458630863865813E+01,  1.568081161205527E-04,  1.568643108998751E-04,  1.262528677944498E+00,
2460810.500000000, A.D. 2025-May-15 00:00:00.0000,  2.887747714938254E-04,  1.567726011336004E-04,  2.420297151673859E+01,  8.090562285469163E+01,  2.464601418868304E+01,  2.460810631621897E+06,  2.851153908436510E+02,  3.224725712744262E+02,  3.224524083207601E+02,  1.568178861828490E-04,  1.568631712320976E-04,  1.262646674158020E+00,
2460811.500000000, A.D. 2025-May-16 00:00:00.0000,  2.682251322045243E-04,  1.567707076552270E-04,  2.420271971607723E+01,  8.090621141210440E+01,  1.467518924917115E+01,  2.460811859164655E+06,  2.851293475703426E+02,  2.575916163196054E+02,  2.575616001221934E+02,  1.568127687808646E-04,  1.568548299065022E-04,  1.262584869174810E+00,
2460812.500000000, A.D. 2025-May-17 00:00:00.0000,  2.111073718305933E-04,  1.567769227779874E-04,  2.420235017622514E+01,  8.090731276136033E+01,  3.900743810616726E+01,  2.460811944351216E+06,  2.851368269975946E+02,  1.584359312002861E+02,  1.584448202579158E+02,  1.568100265305649E-04,  1.568431302831425E-04,  1.262551750297189E+00,
2460813.500000000, A.D. 2025-May-18 00:00:00.0000,  2.802484691754847E-04,  1.567749817151468E-04,  2.420218571146105E+01,  8.090818960663280E+01,  3.876501699008524E+01,  2.460813205970109E+06,  2.851125442275141E+02,  8.383161014456128E+01,  8.386353952579113E+01,  1.568189299802115E-04,  1.568628782452762E-04,  1.262659280654895E+00,
2460814.500000000, A.D. 2025-May-19 00:00:00.0000,  3.448211252959979E-04,  1.567552733304868E-04,  2.420184247424659E+01,  8.090887075918940E+01,  3.917704244078304E+01,  2.460814469925207E+06,  2.851386872577518E+02,  8.575486981865055E+00,  8.581381456705683E+00,  1.568093445051159E-04,  1.568634156797451E-04,  1.262543513341552E+00,
2460815.500000000, A.D. 2025-May-20 00:00:00.0000,  2.806398207600597E-04,  1.567689702274813E-04,  2.420155792801190E+01,  8.091013051976240E+01,  1.702574538875250E+01,  2.460815654650658E+06,  2.851287764152311E+02,  3.159046469430379E+02,  3.158822633494727E+02,  1.568129781935744E-04,  1.568569861596674E-04,  1.262587398319047E+00,
2460816.500000000, A.D. 2025-May-21 00:00:00.0000,  2.592856417623619E-04,  1.567772087583164E-04,  2.420136036518037E+01,  8.091073855373077E+01,  1.929304554603248E+01,  2.460816925148898E+06,  2.851154366677214E+02,  2.387834862527491E+02,  2.387580804217492E+02,  1.568178693802184E-04,  1.568585300021204E-04,  1.262646471224041E+00,
2460817.500000000, A.D. 2025-May-22 00:00:00.0000,  2.067826134026642E-04,  1.567756445587346E-04,  2.420099189584053E+01,  8.091185574830484E+01,  3.938061797690107E+01,  2.460816995475836E+06,  2.851421642973841E+02,  1.438611121651126E+02,  1.438750835669655E+02,  1.568080697411983E-04,  1.568404949236620E-04,  1.262528117814748E+00,
2460818.500000000, A.D. 2025-May-23 00:00:00.0000,  3.123036990329541E-04,  1.567674161249497E-04,  2.420084060670687E+01,  8.091268917827257E+01,  3.974052544772927E+01,  2.460818259149664E+06,  2.851194700111552E+02,  6.867112027866285E+01,  6.870446123067322E+01,  1.568163904637605E-04,  1.568653648025713E-04,  1.262628609634814E+00,
2460819.500000000, A.D. 2025-May-24 00:00:00.0000,  3.200089194885471E-04,  1.567648237391704E-04,  2.420051917762214E+01,  8.091345888067799E+01,  3.656187578244260E+01,  2.460819510539701E+06,  2.851232460108970E+02,  3.569948861419549E+02,  3.569929629289369E+02,  1.568150059397808E-04,  1.568651881403911E-04,  1.262611888145526E+00,
2460820.500000000, A.D. 2025-May-25 00:00:00.0000,  2.962501853650590E-04,  1.567615163201990E-04,  2.420025279424499E+01,  8.091453243026828E+01,  1.323964771889471E+01,  2.460820691162243E+06,  2.851424344157334E+02,  3.054915326151036E+02,  3.054638863524551E+02,  1.568079707105888E-04,  1.568544251009785E-04,  1.262526921808928E+00,
2460821.500000000, A.D. 2025-May-26 00:00:00.0000,  2.396990335464547E-04,  1.567812848280744E-04,  2.420006111057208E+01,  8.091530909618257E+01,  2.634114079155664E+01,  2.460821999620565E+06,  2.851126964559177E+02,  2.175518334357172E+02,  2.175350965586405E+02,  1.568188741606525E-04,  1.568564634932307E-04,  1.262658606491279E+00,
2460822.500000000, A.D. 2025-May-27 00:00:00.0000,  2.145345040401811E-04,  1.567776708451920E-04,  2.419975473335817E+01,  8.091635296294362E+01,  3.818742113566225E+01,  2.460822041077654E+06,  2.851333200973592E+02,  1.308540522802261E+02,  1.308726437039073E+02,  1.568113122823003E-04,  1.568449537194087E-04,  1.262567278622777E+00,
2460823.500000000, A.D. 2025-May-28 00:00:00.0000,  3.309171007367179E-04,  1.567594552461333E-04,  2.419958322901802E+01,  8.091712657825244E+01,  4.131069567336127E+01,  2.460823314445430E+06,  2.851332259445011E+02,  5.290777311395946E+01,  5.293802839022211E+01,  1.568113468023798E-04,  1.568632383586262E-04,  1.262567695530759E+00,
2460824.500000000, A.D. 2025-May-29 00:00:00.0000,  3.057066931243061E-04,  1.567703482200412E-04,  2.419928104228759E+01,  8.091807110076269E+01,  3.014609448122756E+01,  2.460824537792633E+06,  2.851142933209489E+02,  3.492247800549642E+02,  3.492182282475879E+02,  1.568182886204767E-04,  1.568662290209123E-04,  1.262651534606696E+00,
2460825.500000000, A.D. 2025-May-30 00:00:00.0000,  3.081447819640790E-04,  1.567607813631696E-04,  2.419907382412226E+01,  8.091891987353331E+01,  1.512709542121518E+01,  2.460825747597551E+06,  2.851393507005623E+02,  2.894001950268628E+02,  2.893668848687561E+02,  1.568091012694902E-04,  1.568574211758109E-04,  1.262540575741341E+00,
2460826.500000000, A.D. 2025-May-31 00:00:00.0000,  2.119769486238924E-04,  1.567806415163455E-04,  2.419880914806717E+01,  8.091986046493616E+01,  3.276612004177009E+01,  2.460827071887857E+06,  2.851263101702804E+02,  1.969397253871001E+02,  1.969326496881075E+02,  1.568138824446480E-04,  1.568471233729505E-04,  1.262598319267711E+00,
2460827.500000000, A.D. 2025-Jun-01 00:00:00.0000,  2.363443666742273E-04,  1.567796866588010E-04,  2.419860437461451E+01,  8.092084669298892E+01,  3.757526915323264E+01,  2.460827088680895E+06,  2.851184910626733E+02,  1.172746826260990E+02,  1.172987513355182E+02,  1.568167494141252E-04,  1.568538121694494E-04,  1.262632944844207E+00,
2460828.500000000, A.D. 2025-Jun-02 00:00:00.0000,  3.333615401988686E-04,  1.567567017074406E-04,  2.419840681425276E+01,  8.092153758967828E+01,  4.250499244744939E+01,  2.460828368440973E+06,  2.851396929583609E+02,  3.751270057806261E+01,  3.753596992745364E+01,  1.568089757891266E-04,  1.568612498708127E-04,  1.262539060293409E+00,
2460829.500000000, A.D. 2025-Jun-03 00:00:00.0000,  3.058150090777287E-04,  1.567679544811305E-04,  2.419811010079249E+01,  8.092263298953328E+01,  2.379184977792080E+01,  2.460829565256007E+06,  2.851207772559404E+02,  3.413941565916576E+02,  3.413829716001127E+02,  1.568159111404194E-04,  1.568638677997084E-04,  1.262622820633109E+00,
2460830.500000000, A.D. 2025-Jun-04 00:00:00.0000,  2.944257356738930E-04,  1.567689510760964E-04,  2.419798444485214E+01,  8.092338483471296E+01,  1.901281185415156E+01,  2.460830811031140E+06,  2.851229308860842E+02,  2.713178897828485E+02,  2.712841597198888E+02,  1.568151214836040E-04,  1.568612918911116E-04,  1.262613283614960E+00,
2460831.500000000, A.D. 2025-Jun-05 00:00:00.0000,  1.893993435835069E-04,  1.567783080742619E-04,  2.419763869317395E+01,  8.092436364223886E+01,  3.296047801895300E+01,  2.460832122330998E+06,  2.851423343190947E+02,  1.825470865747638E+02,  1.825461222875447E+02,  1.568080074079336E-04,  1.568377067416053E-04,  1.262527365007590E+00,
2460832.500000000, A.D. 2025-Jun-06 00:00:00.0000,  2.717549357098963E-04,  1.567761712249260E-04,  2.419751963717415E+01,  8.092537917943193E+01,  3.859306165613377E+01,  2.460832141991418E+06,  2.851129327808141E+02,  1.020728768549540E+02,  1.021033267502977E+02,  1.568187875044424E-04,  1.568614037839588E-04,  1.262657559896649E+00,
2460833.500000000, A.D. 2025-Jun-07 00:00:00.0000,  3.247222815905348E-04,  1.567606029927115E-04,  2.419731005765664E+01,  8.092601741051617E+01,  4.190424483316303E+01,  2.460833416133930E+06,  2.851327448560754E+02,  2.391296258339555E+01,  2.392805137190922E+01,  1.568115231883009E-04,  1.568624433838902E-04,  1.262569825790141E+00,
2460834.500000000, A.D. 2025-Jun-08 00:00:00.0000,  3.144482050932917E-04,  1.567615603680042E-04,  2.419702658615114E+01,  8.092714111998453E+01,  1.990796289654750E+01,  2.460834601407083E+06,  2.851345284248747E+02,  3.310853391305325E+02,  3.310679108958325E+02,  1.568108692643835E-04,  1.568601781607628E-04,  1.262561928184192E+00,
2460835.500000000, A.D. 2025-Jun-09 00:00:00.0000,  2.623008433394071E-04,  1.567780038473704E-04,  2.419695156989514E+01,  8.092793838195212E+01,  2.205767934119067E+01,  2.460835871479332E+06,  2.851119779105331E+02,  2.540867927619839E+02,  2.540578897570121E+02,  1.568191376394249E-04,  1.568602714314795E-04,  1.262661788670858E+00,
2460836.500000000, A.D. 2025-Jun-10 00:00:00.0000,  1.920319279018841E-04,  1.567778871163769E-04,  2.419660414927007E+01,  8.092886629578638E+01,  2.874200784126300E+01,  2.460835894824278E+06,  2.851423565469209E+02,  1.725612314461025E+02,  1.725640797108453E+02,  1.568079992587850E-04,  1.568381114011930E-04,  1.262527266589245E+00,
2460837.500000000, A.D. 2025-Jun-11 00:00:00.0000,  3.074351673302047E-04,  1.567666058798477E-04,  2.419651522388795E+01,  8.092993709878216E+01,  4.201473365861681E+01,  2.460837203760778E+06,  2.851237633044479E+02,  8.446484191017620E+01,  8.449990841486390E+01,  1.568148162691272E-04,  1.568630266584068E-04,  1.262609597417530E+00,
2460838.500000000, A.D. 2025-Jun-12 00:00:00.0000,  3.123969261503218E-04,  1.567674909195180E-04,  2.419629919539924E+01,  8.093062148394456E+01,  3.860488610426381E+01,  2.460838454335413E+06,  2.851192260795269E+02,  1.301985166429289E+01,  1.302791962782775E+01,  1.568164799058102E-04,  1.568654688921025E-04,  1.262629689867308E+00,
2460839.500000000, A.D. 2025-Jun-13 00:00:00.0000,  3.225591125617647E-04,  1.567577965727170E-04,  2.419605964884884E+01,  8.093165284444187E+01,  1.896659669525291E+01,  2.460839647905898E+06,  2.851413274585242E+02,  3.178259158385627E+02,  3.178010923027598E+02,  1.568083765434971E-04,  1.568589565142772E-04,  1.262531823109242E+00,
2460840.500000000, A.D. 2025-Jun-14 00:00:00.0000,  2.303718753805854E-04,  1.567810986711909E-04,  2.419596673526200E+01,  8.093252333988269E+01,  2.359860834065346E+01,  2.460840926625682E+06,  2.851171941662799E+02,  2.383616826314060E+02,  2.383392108219078E+02,  1.568172249493944E-04,  1.568533512275980E-04,  1.262638688110997E+00,
2460841.500000000, A.D. 2025-Jun-15 00:00:00.0000,  2.174386775308128E-04,  1.567794642421568E-04,  2.419569888785042E+01,  8.093343049807569E+01,  2.949436689222433E+01,  2.460840947226522E+06,  2.851271853010942E+02,  1.576107459659453E+02,  1.576202342529052E+02,  1.568135615756047E-04,  1.568476589090526E-04,  1.262594444019219E+00,
2460842.500000000, A.D. 2025-Jun-16 00:00:00.0000,  3.204528986202187E-04,  1.567589044510005E-04,  2.419560306542816E+01,  8.093445386775937E+01,  4.646827173873969E+01,  2.460842269185598E+06,  2.851392057855937E+02,  6.581423515197449E+01,  6.584773852983923E+01,  1.568091543990579E-04,  1.568594043471152E-04,  1.262541217396449E+00,
2460843.500000000, A.D. 2025-Jun-17 00:00:00.0000,  3.047944391907065E-04,  1.567707071664714E-04,  2.419536836838860E+01,  8.093528896965128E+01,  3.216889345964279E+01,  2.460843481511746E+06,  2.851137043764791E+02,  5.271254733436011E+00,  5.274464718437605E+00,  1.568185045746280E-04,  1.568663019827846E-04,  1.262654142799944E+00,
2460844.500000000, A.D. 2025-Jun-18 00:00:00.0000,  3.203668928562431E-04,  1.567607288438472E-04,  2.419520908286684E+01,  8.093622363736034E+01,  1.980449803454381E+01,  2.460844700653604E+06,  2.851342648901997E+02,  3.027867822050581E+02,  3.027559125976432E+02,  1.568109658857538E-04,  1.568612029276604E-04,  1.262563095104090E+00,
2460845.500000000, A.D. 2025-Jun-19 00:00:00.0000,  2.090660995056990E-04,  1.567791174452351E-04,  2.419504157626623E+01,  8.093710221921373E+01,  2.342458828069578E+01,  2.460845975765655E+06,  2.851317130303295E+02,  2.243441238033923E+02,  2.243273816515223E+02,  1.568119014978373E-04,  1.568446855504396E-04,  1.262574394738430E+00,
2460846.500000000, A.D. 2025-Jun-20 00:00:00.0000,  2.463042523562753E-04,  1.567794746615493E-04,  2.419486877702363E+01,  8.093808123135024E+01,  3.527902754069623E+01,  2.460846017252081E+06,  2.851148087424586E+02,  1.376385806398325E+02,  1.376575940476085E+02,  1.568180996263337E-04,  1.568567245911181E-04,  1.262649252025293E+00,
2460847.500000000, A.D. 2025-Jun-21 00:00:00.0000,  3.074029612299900E-04,  1.567604365468610E-04,  2.419477030389610E+01,  8.093894885448047E+01,  4.837577716398349E+01,  2.460847325690391E+06,  2.851406088886960E+02,  4.970274788913145E+01,  4.972962124952821E+01,  1.568086399871395E-04,  1.568568434274179E-04,  1.262535004758039E+00,
2460848.500000000, A.D. 2025-Jun-22 00:00:00.0000,  3.156038451263417E-04,  1.567651378737867E-04,  2.419451018961827E+01,  8.093992966343957E+01,  2.505336189742826E+01,  2.460848506310242E+06,  2.851242735759810E+02,  3.582007968572186E+02,  3.581996609250918E+02,  1.568146291737259E-04,  1.568641204736652E-04,  1.262607337793237E+00,
2460849.500000000, A.D. 2025-Jun-23 00:00:00.0000,  3.042562740311827E-04,  1.567687325279274E-04,  2.419444803638601E+01,  8.094088778831265E+01,  2.122072340597016E+01,  2.460849755412105E+06,  2.851193215080373E+02,  2.871770739412688E+02,  2.871437601068092E+02,  1.568164449151641E-04,  1.568641573024009E-04,  1.262629267269254E+00,
2460850.500000000, A.D. 2025-Jun-24 00:00:00.0000,  2.032733910381839E-04,  1.567765862760705E-04,  2.419420875974201E+01,  8.094170824246052E+01,  2.229667601288606E+01,  2.460851021595286E+06,  2.851410963749686E+02,  2.112717483555138E+02,  2.112596594223453E+02,  1.568084612637351E-04,  1.568403362513996E-04,  1.262532846288105E+00,
2460851.500000000, A.D. 2025-Jun-25 00:00:00.0000,  2.689775829552462E-04,  1.567749351989948E-04,  2.419409740149645E+01,  8.094281600160821E+01,  4.153078931947613E+01,  2.460851088932944E+06,  2.851174926932063E+02,  1.172024081554101E+02,  1.172298174394168E+02,  1.568171154876847E-04,  1.568592957763747E-04,  1.262637366088826E+00,
2460852.500000000, A.D. 2025-Jun-26 00:00:00.0000,  2.926217305195629E-04,  1.567679096008306E-04,  2.419400809885714E+01,  8.094355649722829E+01,  4.477267157919709E+01,  2.460852362843470E+06,  2.851265439585445E+02,  3.910696742088133E+01,  3.912812439839294E+01,  1.568137967253977E-04,  1.568596838499648E-04,  1.262597284005735E+00,
2460853.500000000, A.D. 2025-Jun-27 00:00:00.0000,  3.394910682612271E-04,  1.567553786018038E-04,  2.419374331882575E+01,  8.094457440524796E+01,  2.242907350065515E+01,  2.460853546894260E+06,  2.851406805196572E+02,  3.466285388587362E+02,  3.466195383490065E+02,  1.568086137255901E-04,  1.568618488493764E-04,  1.262534687593208E+00,
2460854.500000000, A.D. 2025-Jun-28 00:00:00.0000,  2.730330959074808E-04,  1.567765806285310E-04,  2.419374096126852E+01,  8.094565245613056E+01,  2.252978013679288E+01,  2.460854809763188E+06,  2.851112691969200E+02,  2.716830241939152E+02,  2.716517500910109E+02,  1.568193975141326E-04,  1.568622143997343E-04,  1.262664927324763E+00,
2460855.500000000, A.D. 2025-Jun-29 00:00:00.0000,  2.107196077656816E-04,  1.567769804084869E-04,  2.419349320835659E+01,  8.094640855271261E+01,  2.287682513357669E+01,  2.460856073445030E+06,  2.851368356587894E+02,  1.964896985292862E+02,  1.964828463926889E+02,  1.568100233551020E-04,  1.568430663017171E-04,  1.262551711946456E+00,
2460856.500000000, A.D. 2025-Jun-30 00:00:00.0000,  2.815525243987461E-04,  1.567682677400099E-04,  2.419340932202943E+01,  8.094760618157213E+01,  4.631224212228165E+01,  2.460856155491235E+06,  2.851303024654068E+02,  9.822988849094850E+01,  9.826181816358606E+01,  1.568124186723442E-04,  1.568565696046785E-04,  1.262580640806064E+00,
2460857.500000000, A.D. 2025-Jul-01 00:00:00.0000,  2.977832426908676E-04,  1.567716684241594E-04,  2.419331802220111E+01,  8.094833369952626E+01,  3.794939968190807E+01,  2.460857388669298E+06,  2.851140814593728E+02,  3.174195066946568E+01,  3.175990850944802E+01,  1.568183663057914E-04,  1.568650641874234E-04,  1.262652472853390E+00,
2460858.500000000, A.D. 2025-Jul-02 00:00:00.0000,  3.498691633437163E-04,  1.567526788461373E-04,  2.419309862443606E+01,  8.094932816729261E+01,  2.429118267494034E+01,  2.460858603239575E+06,  2.851436065936767E+02,  3.305618950625008E+02,  3.305421829907610E+02,  1.568075409693022E-04,  1.568624030924671E-04,  1.262521731770728E+00,
2460859.500000000, A.D. 2025-Jul-03 00:00:00.0000,  2.348785017783509E-04,  1.567793488820810E-04,  2.419307205823576E+01,  8.095045991895081E+01,  2.154813167074407E+01,  2.460859856062485E+06,  2.851200395511260E+02,  2.584794501320548E+02,  2.584530788403686E+02,  1.568161816318773E-04,  1.568530143816736E-04,  1.262626087477962E+00,
2460860.500000000, A.D. 2025-Jul-04 00:00:00.0000,  2.250182329667452E-04,  1.567797755381752E-04,  2.419288452616538E+01,  8.095123647953609E+01,  2.652160812776573E+01,  2.460859873428599E+06,  2.851230936996284E+02,  1.786499761406247E+02,  1.786505834735941E+02,  1.568150617862810E-04,  1.568503480343867E-04,  1.262612562626207E+00,
2460861.500000000, A.D. 2025-Jul-05 00:00:00.0000,  2.823525558858063E-04,  1.567648394389691E-04,  2.419281749933703E+01,  8.095241090276325E+01,  4.888668574801783E+01,  2.460861214330474E+06,  2.851393135404411E+02,  8.145561251459402E+01,  8.148761030169076E+01,  1.568091148933455E-04,  1.568533903477218E-04,  1.262540740279020E+00,
2460862.500000000, A.D. 2025-Jul-06 00:00:00.0000,  3.168399405391413E-04,  1.567677163156634E-04,  2.419269713818158E+01,  8.095319801017031E+01,  3.244646841888878E+01,  2.460862419118990E+06,  2.851167104045053E+02,  2.306052762003571E+01,  2.307475444875455E+01,  1.568174023320938E-04,  1.568670883485242E-04,  1.262640830448889E+00,
2460863.500000000, A.D. 2025-Jul-07 00:00:00.0000,  3.330281598007505E-04,  1.567605603138268E-04,  2.419256623084051E+01,  8.095423120605135E+01,  2.615550131998159E+01,  2.460863659586881E+06,  2.851293077346389E+02,  3.144971031595948E+02,  3.144698746463698E+02,  1.568127833865112E-04,  1.568650064591957E-04,  1.262585045571818E+00,
2460864.500000000, A.D. 2025-Jul-08 00:00:00.0000,  2.154414593914616E-04,  1.567760745896103E-04,  2.419246591561225E+01,  8.095524822843669E+01,  1.666144936459735E+01,  2.460864888686928E+06,  2.851372868509959E+02,  2.491708640500374E+02,  2.491477919572679E+02,  1.568098579342506E-04,  1.568436412788910E-04,  1.262549714124638E+00,
2460865.500000000, A.D. 2025-Jul-09 00:00:00.0000,  2.442405845195819E-04,  1.567800892267176E-04,  2.419234864441877E+01,  8.095619744770590E+01,  3.323351805865629E+01,  2.460864946706149E+06,  2.851140150899828E+02,  1.577518313313992E+02,  1.577624250930195E+02,  1.568183906421115E-04,  1.568566920575053E-04,  1.262652766776066E+00,
2460866.500000000, A.D. 2025-Jul-10 00:00:00.0000,  2.778923260103535E-04,  1.567669895161958E-04,  2.419230846214763E+01,  8.095725307554082E+01,  4.848876802984525E+01,  2.460866262739311E+06,  2.851353556650006E+02,  6.765141085193075E+01,  6.768086696796230E+01,  1.568105659691160E-04,  1.568541424220362E-04,  1.262558265215473E+00,
2460867.500000000, A.D. 2025-Jul-11 00:00:00.0000,  3.362891903685541E-04,  1.567595687130964E-04,  2.419214706454974E+01,  8.095809845493984E+01,  2.965627526808718E+01,  2.460867459105781E+06,  2.851306179665760E+02,  1.166019403461002E+01,  1.166798561543172E+01,  1.568123029955106E-04,  1.568650372779248E-04,  1.262579243742250E+00,
2460868.500000000, A.D. 2025-Jul-12 00:00:00.0000,  3.004254985253995E-04,  1.567711666554954E-04,  2.419210024968085E+01,  8.095926869319146E+01,  2.483452955212961E+01,  2.460868704730368E+06,  2.851143199255993E+02,  3.016284402625672E+02,  3.015991217036612E+02,  1.568182788651014E-04,  1.568653910747074E-04,  1.262651416785878E+00,
2460869.500000000, A.D. 2025-Jul-13 00:00:00.0000,  2.261336632623408E-04,  1.567722184601468E-04,  2.419196104937578E+01,  8.096008694673804E+01,  1.374529518063812E+01,  2.460869928266139E+06,  2.851432329462112E+02,  2.378828085304966E+02,  2.378608644835156E+02,  1.568076779547904E-04,  1.568431374494339E-04,  1.262523386160490E+00,
2460870.500000000, A.D. 2025-Jul-14 00:00:00.0000,  2.612346768182106E-04,  1.567749759792005E-04,  2.419186391975973E+01,  8.096129652386124E+01,  4.183650311215698E+01,  2.460870026644772E+06,  2.851206937993904E+02,  1.349633709288304E+02,  1.349845470155969E+02,  1.568159417410611E-04,  1.568569075029218E-04,  1.262623190210439E+00,
2460871.500000000, A.D. 2025-Jul-15 00:00:00.0000,  2.778757893752968E-04,  1.567719842051441E-04,  2.419186033351050E+01,  8.096222824800432E+01,  4.511800681023779E+01,  2.460871300694185E+06,  2.851217364106225E+02,  5.682642001391146E+01,  5.685307754972911E+01,  1.568155594525133E-04,  1.568591346998825E-04,  1.262618573147087E+00,
2460872.500000000, A.D. 2025-Jul-16 00:00:00.0000,  3.477093766443672E-04,  1.567537822188371E-04,  2.419167922394666E+01,  8.096310227254556E+01,  2.923524562224266E+01,  2.460872507429914E+06,  2.851415200451715E+02,  3.578814230582932E+02,  3.578799494558262E+02,  1.568083059371472E-04,  1.568628296554573E-04,  1.262530970386107E+00,
2460873.500000000, A.D. 2025-Jul-17 00:00:00.0000,  2.715600839118657E-04,  1.567758086771418E-04,  2.419167366028693E+01,  8.096440611064241E+01,  2.086289195051058E+01,  2.460873740550837E+06,  2.851140051321342E+02,  2.914155874013267E+02,  2.913866138473082E+02,  1.568183942934550E-04,  1.568609799097683E-04,  1.262652810875286E+00,
2460874.500000000, A.D. 2025-Jul-18 00:00:00.0000,  2.423816749053427E-04,  1.567739448606743E-04,  2.419156293062250E+01,  8.096511548516234E+01,  1.773808680337773E+01,  2.460874992094106E+06,  2.851315720026361E+02,  2.196884339760823E+02,  2.196707007166971E+02,  1.568119532045372E-04,  1.568499615484002E-04,  1.262575019214889E+00,
2460875.500000000, A.D. 2025-Jul-19 00:00:00.0000,  2.611583354542412E-04,  1.567691121576207E-04,  2.419144996432605E+01,  8.096649444667318E+01,  4.910467720119819E+01,  2.460875101944158E+06,  2.851367236717915E+02,  1.135003384902567E+02,  1.135277792823950E+02,  1.568100644130253E-04,  1.568510166684299E-04,  1.262552207811648E+00,
2460876.500000000, A.D. 2025-Jul-20 00:00:00.0000,  2.894637008805149E-04,  1.567736487184974E-04,  2.419146637068250E+01,  8.096737856326521E+01,  3.938209644033621E+01,  2.460876330328223E+06,  2.851122383544326E+02,  4.837550004474299E+01,  4.840030112052555E+01,  1.568190421388035E-04,  1.568644355591095E-04,  1.262660635256463E+00,
2460877.500000000, A.D. 2025-Jul-21 00:00:00.0000,  3.460350572131646E-04,  1.567549780747429E-04,  2.419130591672972E+01,  8.096829244841598E+01,  2.962895147793135E+01,  2.460877558622143E+06,  2.851389734784979E+02,  3.432845422657693E+02,  3.432731326735640E+02,  1.568092395689287E-04,  1.568635010631145E-04,  1.262542246008147E+00,
2460878.500000000, A.D. 2025-Jul-22 00:00:00.0000,  2.560197769902579E-04,  1.567736553769920E-04,  2.419129668730401E+01,  8.096959252043867E+01,  1.645992726367329E+01,  2.460878774864458E+06,  2.851265273586061E+02,  2.816288517275206E+02,  2.816001143590830E+02,  1.568138028118169E-04,  1.568539502466418E-04,  1.262597357513582E+00,
2460879.500000000, A.D. 2025-Jul-23 00:00:00.0000,  2.458066089760616E-04,  1.567786614453982E-04,  2.419123617305406E+01,  8.097036460346405E+01,  2.611502003850810E+01,  2.460880071272511E+06,  2.851172399777450E+02,  1.971203585346257E+02,  1.971120690628325E+02,  1.568172081515630E-04,  1.568557548577278E-04,  1.262638485235407E+00,
2460880.500000000, A.D. 2025-Jul-24 00:00:00.0000,  2.451194351844807E-04,  1.567694150349215E-04,  2.419113694181686E+01,  8.097172832222523E+01,  5.122331302442172E+01,  2.460880159197363E+06,  2.851427590681038E+02,  9.717740431125470E+01,  9.720527176059485E+01,  1.568078516869596E-04,  1.568462883389976E-04,  1.262525484345255E+00,
2460881.500000000, A.D. 2025-Jul-25 00:00:00.0000,  3.175152397250270E-04,  1.567668833410942E-04,  2.419113493301628E+01,  8.097263590559859E+01,  3.418120269334195E+01,  2.460881361842588E+06,  2.851186939394797E+02,  3.939126089317602E+01,  3.941435808293770E+01,  1.568166750252578E-04,  1.568664667094213E-04,  1.262632046415080E+00,
2460882.500000000, A.D. 2025-Jul-26 00:00:00.0000,  3.316822619366164E-04,  1.567623293016913E-04,  2.419102371461409E+01,  8.097368975273545E+01,  2.919879585345994E+01,  2.460882606910492E+06,  2.851250572411811E+02,  3.295171398536365E+02,  3.294978522485072E+02,  1.568143418372960E-04,  1.568663543729007E-04,  1.262603867521485E+00,
2460883.500000000, A.D. 2025-Jul-27 00:00:00.0000,  2.547043229544121E-04,  1.567695692990139E-04,  2.419099404145062E+01,  8.097483024140888E+01,  1.379011478482213E+01,  2.460883815286985E+06,  2.851382376084857E+02,  2.700996246568352E+02,  2.700704377206030E+02,  1.568095093589280E-04,  1.568494494188421E-04,  1.262545504311858E+00,
2460884.500000000, A.D. 2025-Jul-28 00:00:00.0000,  2.410827238886477E-04,  1.567797960673251E-04,  2.419094462205310E+01,  8.097579025725544E+01,  3.497885887358098E+01,  2.460883889472661E+06,  2.851161656440892E+02,  1.740712139175954E+02,  1.740740666195491E+02,  1.568176020819886E-04,  1.568554080966522E-04,  1.262643242927826E+00,
2460885.500000000, A.D. 2025-Jul-29 00:00:00.0000,  2.402279291738833E-04,  1.567744959417925E-04,  2.419091010594065E+01,  8.097704247827450E+01,  4.711831254687866E+01,  2.460885194597208E+06,  2.851309899668729E+02,  8.707980030478436E+01,  8.710729307086920E+01,  1.568121666038450E-04,  1.568498372658975E-04,  1.262577596499860E+00,
2460886.500000000, A.D. 2025-Jul-30 00:00:00.0000,  3.481641692804362E-04,  1.567556685406437E-04,  2.419086397282588E+01,  8.097795594071918E+01,  3.321297638842364E+01,  2.460886408235237E+06,  2.851361785936751E+02,  2.616545392325936E+01,  2.618305382590475E+01,  1.568102642560330E-04,  1.568648599714223E-04,  1.262554621358686E+00,
2460887.500000000, A.D. 2025-Jul-31 00:00:00.0000,  3.062959409482317E-04,  1.567706946236721E-04,  2.419079943779131E+01,  8.097926311901587E+01,  2.687985463587384E+01,  2.460887648545322E+06,  2.851130962495334E+02,  3.176477831888806E+02,  3.176241308293496E+02,  1.568187275633894E-04,  1.568667605031068E-04,  1.262656835955809E+00,
2460888.500000000, A.D. 2025-Aug-01 00:00:00.0000,  2.593547572252752E-04,  1.567689241307329E-04,  2.419077474593245E+01,  8.098020054673434E+01,  1.442914333113642E+01,  2.460888867340361E+06,  2.851380082594505E+02,  2.552573011459927E+02,  2.552285620785072E+02,  1.568095934447714E-04,  1.568502627588099E-04,  1.262546519832711E+00,
2460889.500000000, A.D. 2025-Aug-02 00:00:00.0000,  2.338583075464298E-04,  1.567766491640217E-04,  2.419068836191228E+01,  8.098137657993291E+01,  4.191999433761599E+01,  2.460888963608147E+06,  2.851278407299818E+02,  1.529402507504482E+02,  1.529524385935292E+02,  1.568133212619327E-04,  1.568499933598437E-04,  1.262591541668927E+00,
2460890.500000000, A.D. 2025-Aug-03 00:00:00.0000,  2.625849492177339E-04,  1.567767255829326E-04,  2.419072967983784E+01,  8.098255170861599E+01,  4.201228768446281E+01,  2.460890226448904E+06,  2.851153433322573E+02,  7.799361476052546E+01,  7.802304855115621E+01,  1.568179036041870E-04,  1.568590816254413E-04,  1.262646884564456E+00,
2460891.500000000, A.D. 2025-Aug-04 00:00:00.0000,  3.569827570538348E-04,  1.567509468828700E-04,  2.419064817835647E+01,  8.098343203215231E+01,  3.544539640312416E+01,  2.460891465881909E+06,  2.851452887909132E+02,  9.728612902216662E+00,  9.735528509962231E+00,  1.568069242510143E-04,  1.568629016191586E-04,  1.262514283600789E+00,
2460892.500000000, A.D. 2025-Aug-05 00:00:00.0000,  2.799739044980155E-04,  1.567736890391062E-04,  2.419060168524636E+01,  8.098494973216685E+01,  2.131336594730945E+01,  2.460892678772912E+06,  2.851161880312837E+02,  3.090289488222795E+02,  3.090040206348940E+02,  1.568175938731569E-04,  1.568614987072076E-04,  1.262643143785648E+00,
2460893.500000000, A.D. 2025-Aug-06 00:00:00.0000,  2.605014644240452E-04,  1.567730322215570E-04,  2.419062545275109E+01,  8.098578297919904E+01,  1.815528894781147E+01,  2.460893930221405E+06,  2.851263101077315E+02,  2.373325583264562E+02,  2.373074334185750E+02,  1.568138824675818E-04,  1.568547327136066E-04,  1.262598319544690E+00,
2460894.500000000, A.D. 2025-Aug-07 00:00:00.0000,  2.251909768750164E-04,  1.567738298488152E-04,  2.419049846285958E+01,  8.098711046122278E+01,  4.558813477675926E+01,  2.460894026291443E+06,  2.851392400068665E+02,  1.350728980881315E+02,  1.350911181061101E+02,  1.568091418526520E-04,  1.568444538564887E-04,  1.262541065871294E+00,
2460895.500000000, A.D. 2025-Aug-08 00:00:00.0000,  2.961100123662336E-04,  1.567723820813024E-04,  2.419058476030213E+01,  8.098826470408767E+01,  3.961664045502348E+01,  2.460895267797935E+06,  2.851128504236776E+02,  6.620379265505706E+01,  6.623484434149297E+01,  1.568188177033517E-04,  1.568652533254011E-04,  1.262657924625425E+00,
2460896.500000000, A.D. 2025-Aug-09 00:00:00.0000,  3.398033172403847E-04,  1.567571776624738E-04,  2.419049767789004E+01,  8.098917644483484E+01,  3.634542243666331E+01,  2.460896518853155E+06,  2.851356382120994E+02,  3.546242936777923E+02,  3.546206441264724E+02,  1.568104623777677E-04,  1.568637470930617E-04,  1.262557014119057E+00,
2460897.500000000, A.D. 2025-Aug-10 00:00:00.0000,  2.755032795038633E-04,  1.567685985516028E-04,  2.419044970026559E+01,  8.099069922589136E+01,  1.446250841159670E+01,  2.460897704513758E+06,  2.851319879059496E+02,  3.016865855031581E+02,  3.016597163556900E+02,  1.568118007169653E-04,  1.568550028823277E-04,  1.262573177579590E+00,
2460898.500000000, A.D. 2025-Aug-11 00:00:00.0000,  2.549855805393435E-04,  1.567779967631116E-04,  2.419051920836937E+01,  8.099160261107085E+01,  2.473480469750200E+01,  2.460899003082854E+06,  2.851151265657084E+02,  2.165634683337651E+02,  2.165460665381204E+02,  1.568179830875682E-04,  1.568579694120248E-04,  1.262647844526177E+00,
2460899.500000000, A.D. 2025-Aug-12 00:00:00.0000,  2.211977439449479E-04,  1.567746219552700E-04,  2.419039696248227E+01,  8.099297634413966E+01,  4.565218558828004E+01,  2.460899076329998E+06,  2.851387873178392E+02,  1.208047504723564E+02,  1.208265187085191E+02,  1.568093078203895E-04,  1.568439936855089E-04,  1.262543070293395E+00,
2460900.500000000, A.D. 2025-Aug-13 00:00:00.0000,  3.235290156929273E-04,  1.567636930359275E-04,  2.419048579321177E+01,  8.099410559051330E+01,  3.918624286387821E+01,  2.460900316062987E+06,  2.851248248278617E+02,  5.244500858326706E+01,  5.247440669280278E+01,  1.568144270531585E-04,  1.568651610703894E-04,  1.262604896705654E+00,
2460901.500000000, A.D. 2025-Aug-14 00:00:00.0000,  3.157683869537128E-04,  1.567669948213062E-04,  2.419040645729522E+01,  8.099518494812538E+01,  3.272700387696805E+01,  2.460901555947324E+06,  2.851191371363320E+02,  3.440483473620098E+02,  3.440383991704796E+02,  1.568165125185118E-04,  1.568660302157175E-04,  1.262630083745880E+00,
2460902.500000000, A.D. 2025-Aug-15 00:00:00.0000,  2.920751921734460E-04,  1.567622615245320E-04,  2.419038324425195E+01,  8.099653769743848E+01,  1.249664510272305E+01,  2.460902747425630E+06,  2.851421874059054E+02,  2.894485147689957E+02,  2.894169513076441E+02,  1.568080612691615E-04,  1.568538610137911E-04,  1.262528015496820E+00,
2460903.500000000, A.D. 2025-Aug-16 00:00:00.0000,  2.405397194756931E-04,  1.567792771849113E-04,  2.419042189835160E+01,  8.099763499113661E+01,  3.352535415739792E+01,  2.460904083664148E+06,  2.851178133777395E+02,  1.935869543480471E+02,  1.935804809249728E+02,  1.568169979015957E-04,  1.568547186182800E-04,  1.262635945945098E+00,
2460904.500000000, A.D. 2025-Aug-17 00:00:00.0000,  2.291118883300025E-04,  1.567780366017733E-04,  2.419036416340992E+01,  8.099899869777929E+01,  4.370162969463683E+01,  2.460904119272358E+06,  2.851260862515603E+02,  1.085553824411788E+02,  1.085802696710488E+02,  1.568139645453068E-04,  1.568498924888402E-04,  1.262599310826931E+00,
2460905.500000000, A.D. 2025-Aug-18 00:00:00.0000,  3.371999341925758E-04,  1.567564883560736E-04,  2.419042666472392E+01,  8.100006113247377E+01,  3.981931688103806E+01,  2.460905368087872E+06,  2.851386328200584E+02,  3.761324378939339E+01,  3.763683491279833E+01,  1.568093644634515E-04,  1.568622405708293E-04,  1.262543754382045E+00,
2460906.500000000, A.D. 2025-Aug-19 00:00:00.0000,  3.035620464532507E-04,  1.567708940727577E-04,  2.419034243919196E+01,  8.100138653315250E+01,  2.620242477703187E+01,  2.460906582822200E+06,  2.851137217148105E+02,  3.363862543026279E+02,  3.363723154090112E+02,  1.568184982169982E-04,  1.568661023612387E-04,  1.262654066015439E+00,
2460907.500000000, A.D. 2025-Aug-20 00:00:00.0000,  2.999854733753053E-04,  1.567638024537420E-04,  2.419039145212574E+01,  8.100256902162771E+01,  1.601374638508987E+01,  2.460907809585577E+06,  2.851345988913625E+02,  2.717264407212149E+02,  2.716920801364504E+02,  1.568108434288384E-04,  1.568578844039348E-04,  1.262561616162062E+00,
2460908.500000000, A.D. 2025-Aug-21 00:00:00.0000,  2.171183565279499E-04,  1.567771760254417E-04,  2.419032505409387E+01,  8.100383615348578E+01,  4.052550083258373E+01,  2.460907895393414E+06,  2.851335646487725E+02,  1.723936310776785E+02,  1.723969234631477E+02,  1.568112226203821E-04,  1.568452692153226E-04,  1.262566195752674E+00,
2460909.500000000, A.D. 2025-Aug-22 00:00:00.0000,  2.523141570866214E-04,  1.567792469132810E-04,  2.419036172212798E+01,  8.100522554862113E+01,  4.141206367327889E+01,  2.460909160996443E+06,  2.851128591044035E+02,  9.665427331280675E+01,  9.668299056021965E+01,  1.568188145202820E-04,  1.568583821272830E-04,  1.262657886181746E+00,
2460910.500000000, A.D. 2025-Aug-23 00:00:00.0000,  3.357443237039715E-04,  1.567557319325430E-04,  2.419039250748193E+01,  8.100620917115181E+01,  4.022249131131589E+01,  2.460910419319109E+06,  2.851413195147512E+02,  2.300545564234794E+01,  2.302049760552723E+01,  1.568083794558545E-04,  1.568610269791660E-04,  1.262531858282209E+00,
2460911.500000000, A.D. 2025-Aug-24 00:00:00.0000,  3.046430850229586E-04,  1.567673298633823E-04,  2.419029656626126E+01,  8.100772777970624E+01,  2.041163682826048E+01,  2.460911612274962E+06,  2.851229826604178E+02,  3.279878279125325E+02,  3.279693164163106E+02,  1.568151024999860E-04,  1.568628751365898E-04,  1.262613054342101E+00,
2460912.500000000, A.D. 2025-Aug-25 00:00:00.0000,  2.834192731008290E-04,  1.567720528782383E-04,  2.419042632267581E+01,  8.100886844361169E+01,  2.139473866826597E+01,  2.460912878263623E+06,  2.851191775610450E+02,  2.521497868658882E+02,  2.521188761961575E+02,  1.568164976960255E-04,  1.568609425138127E-04,  1.262629904727901E+00,
2460913.500000000, A.D. 2025-Aug-26 00:00:00.0000,  1.964220243798471E-04,  1.567763881038181E-04,  2.419027332790150E+01,  8.101019438839371E+01,  4.059542100977015E+01,  2.460912945476296E+06,  2.851445680371518E+02,  1.581194219982891E+02,  1.581278083309388E+02,  1.568071884892184E-04,  1.568379888746188E-04,  1.262517474830856E+00,
2460914.500000000, A.D. 2025-Aug-27 00:00:00.0000,  2.894181933539749E-04,  1.567731611254033E-04,  2.419037976008002E+01,  8.101166815749809E+01,  4.057631394524381E+01,  2.460914207821851E+06,  2.851135879498324E+02,  8.330396030460986E+01,  8.333690034707634E+01,  1.568185472660374E-04,  1.568639334066715E-04,  1.262654658407036E+00,
2460915.500000000, A.D. 2025-Aug-28 00:00:00.0000,  3.253348217647550E-04,  1.567613016892886E-04,  2.419038262363702E+01,  8.101264208848229E+01,  3.889866695689173E+01,  2.460915464480729E+06,  2.851305765057804E+02,  1.012763017425376E+01,  1.013418827942125E+01,  1.568123181968797E-04,  1.568633347044708E-04,  1.262579427333714E+00,
2460916.500000000, A.D. 2025-Aug-29 00:00:00.0000,  3.132433853814348E-04,  1.567613632652140E-04,  2.419029597554464E+01,  8.101420951506360E+01,  1.741728183343008E+01,  2.460916651563684E+06,  2.851355816596299E+02,  3.167838009689721E+02,  3.167592147059070E+02,  1.568104831118072E-04,  1.568596029584004E-04,  1.262557264528763E+00,
2460917.500000000, A.D. 2025-Aug-30 00:00:00.0000,  2.536324530687212E-04,  1.567785805508214E-04,  2.419045208330617E+01,  8.101540958861312E+01,  2.631041562545075E+01,  2.460917945272287E+06,  2.851141129063271E+02,  2.330465868180969E+02,  2.330233653774484E+02,  1.568183547748291E-04,  1.568581289988368E-04,  1.262652333587837E+00,
2460918.500000000, A.D. 2025-Aug-31 00:00:00.0000,  2.000329688864820E-04,  1.567785837784775E-04,  2.419030251513551E+01,  8.101674688829333E+01,  3.656547440193577E+01,  2.460917981151583E+06,  2.851370331778766E+02,  1.479428983766020E+02,  1.479550620228996E+02,  1.568099509385147E-04,  1.568413180985519E-04,  1.262550837356233E+00,
2460919.500000000, A.D. 2025-Sep-01 00:00:00.0000,  3.221909259379352E-04,  1.567622088750148E-04,  2.419042709854554E+01,  8.101826333665753E+01,  4.259196714966065E+01,  2.460919264682435E+06,  2.851294464839123E+02,  6.709596691092936E+01,  6.712998172633574E+01,  1.568127325145025E-04,  1.568632561539902E-04,  1.262584431174534E+00,
2460920.500000000, A.D. 2025-Sep-02 00:00:00.0000,  3.121696932796023E-04,  1.567683723667342E-04,  2.419039185792591E+01,  8.101936917233677E+01,  3.487664118470747E+01,  2.460920500151063E+06,  2.851169186243852E+02,  3.599569293882678E+02,  3.599569024870940E+02,  1.568173259832874E-04,  1.568662795998405E-04,  1.262639908346745E+00,
2460921.500000000, A.D. 2025-Sep-03 00:00:00.0000,  3.194978798224871E-04,  1.567593083487576E-04,  2.419035619930600E+01,  8.102087366359960E+01,  1.746356414166128E+01,  2.460921701541675E+06,  2.851385123737778E+02,  3.025327065189803E+02,  3.025018330785927E+02,  1.568094086223486E-04,  1.568595088959397E-04,  1.262544287697233E+00,
2460922.500000000, A.D. 2025-Sep-04 00:00:00.0000,  2.261260673130516E-04,  1.567792360489758E-04,  2.419045275059710E+01,  8.102213336891847E+01,  2.981429806277001E+01,  2.460923007311177E+06,  2.851240914833764E+02,  2.153533614548677E+02,  2.153383716946761E+02,  1.568146959394654E-04,  1.568501558299551E-04,  1.262608144149015E+00,
2460923.500000000, A.D. 2025-Sep-05 00:00:00.0000,  2.272773328967731E-04,  1.567807054284214E-04,  2.419037480455199E+01,  8.102354306077366E+01,  3.684459738711777E+01,  2.460923031893743E+06,  2.851195906499826E+02,  1.334662642576022E+02,  1.334851628126756E+02,  1.568163462293469E-04,  1.568519870302726E-04,  1.262628075395709E+00,
2460924.500000000, A.D. 2025-Sep-06 00:00:00.0000,  3.282699095157039E-04,  1.567561571643025E-04,  2.419048842667186E+01,  8.102496112744610E+01,  4.579407350481142E+01,  2.460924325736396E+06,  2.851433572262264E+02,  4.969010893293891E+01,  4.971880161229706E+01,  1.568076323915990E-04,  1.568591076188956E-04,  1.262522835888419E+00,
2460925.500000000, A.D. 2025-Sep-07 00:00:00.0000,  3.059605248793351E-04,  1.567700148374735E-04,  2.419039827274821E+01,  8.102630062255511E+01,  2.784477764199784E+01,  2.460925525247270E+06,  2.851150942049870E+02,  3.528016222348519E+02,  3.527972273071139E+02,  1.568179949535201E-04,  1.568659750695666E-04,  1.262647987837408E+00,
2460926.500000000, A.D. 2025-Sep-08 00:00:00.0000,  3.145488577116515E-04,  1.567636804270534E-04,  2.419045608681558E+01,  8.102776079091471E+01,  1.935765195886566E+01,  2.460926758002595E+06,  2.851287011787881E+02,  2.864360551762799E+02,  2.864014796121494E+02,  1.568130057788955E-04,  1.568623311307376E-04,  1.262587731475914E+00,
2460927.500000000, A.D. 2025-Sep-09 00:00:00.0000,  2.076604099177178E-04,  1.567770366461836E-04,  2.419043901901970E+01,  8.102903065621528E+01,  3.091896324164895E+01,  2.460928060955740E+06,  2.851379909471489E+02,  2.000502073470215E+02,  2.000420509886170E+02,  1.568095997919554E-04,  1.568421629377272E-04,  1.262546596488880E+00,
2460928.500000000, A.D. 2025-Sep-10 00:00:00.0000,  2.591055670300186E-04,  1.567787306333183E-04,  2.419043857061097E+01,  8.103059937373612E+01,  4.080587521646379E+01,  2.460928095538707E+06,  2.851113622213676E+02,  1.153165100846549E+02,  1.153433461054986E+02,  1.568193634033942E-04,  1.568599961734702E-04,  1.262664515349925E+00,
2460929.500000000, A.D. 2025-Sep-11 00:00:00.0000,  3.112035509391829E-04,  1.567602270955437E-04,  2.419053844556948E+01,  8.103184749896947E+01,  4.613255192027836E+01,  2.460929376747299E+06,  2.851395543090288E+02,  3.514422024246518E+01,  3.516475472043642E+01,  1.568090266214476E-04,  1.568578261473514E-04,  1.262539674204018E+00,
2460930.500000000, A.D. 2025-Sep-12 00:00:00.0000,  3.204599845455999E-04,  1.567629145398707E-04,  2.419039767939869E+01,  8.103337474696605E+01,  2.130000254285517E+01,  2.460930552067318E+06,  2.851282617775217E+02,  3.451541361556940E+02,  3.451447236129270E+02,  1.568131668849072E-04,  1.568634192299437E-04,  1.262589677206038E+00,
2460931.500000000, A.D. 2025-Sep-13 00:00:00.0000,  2.955837265012970E-04,  1.567714130502747E-04,  2.419055426232817E+01,  8.103489490776751E+01,  2.236147249060179E+01,  2.460931818332669E+06,  2.851157190700812E+02,  2.692383520429682E+02,  2.692044838039186E+02,  1.568177658298803E-04,  1.568641186094859E-04,  1.262645220593791E+00,
2460932.500000000, A.D. 2025-Sep-14 00:00:00.0000,  2.024927725810140E-04,  1.567763478196045E-04,  2.419044273271583E+01,  8.103614495012967E+01,  3.031524855703871E+01,  2.460933108650199E+06,  2.851420808719618E+02,  1.864482158624087E+02,  1.864456105926398E+02,  1.568081003266027E-04,  1.568398528336011E-04,  1.262528487198814E+00,
2460933.500000000, A.D. 2025-Sep-15 00:00:00.0000,  2.835150802208395E-04,  1.567720076394762E-04,  2.419049400586485E+01,  8.103788093783001E+01,  4.481091166963756E+01,  2.460933159362421E+06,  2.851192599874579E+02,  9.712233451404632E+01,  9.715457083978777E+01,  1.568164674728317E-04,  1.568609273061871E-04,  1.262629539708528E+00,
2460934.500000000, A.D. 2025-Sep-16 00:00:00.0000,  2.978294083966803E-04,  1.567680527861708E-04,  2.419057092647154E+01,  8.103904057207184E+01,  4.111826693499626E+01,  2.460934408955435E+06,  2.851239254079822E+02,  2.595898378251811E+01,  2.597392787482388E+01,  1.568147568324260E-04,  1.568614608786813E-04,  1.262608879577110E+00,
2460935.500000000, A.D. 2025-Sep-17 00:00:00.0000,  3.445651365531908E-04,  1.567543753635200E-04,  2.419042249462039E+01,  8.104064067701421E+01,  2.000186408390910E+01,  2.460935597324914E+06,  2.851412469125825E+02,  3.322486526261552E+02,  3.322302603513603E+02,  1.568084060733714E-04,  1.568624367832228E-04,  1.262532179745876E+00,
2460936.500000000, A.D. 2025-Sep-18 00:00:00.0000,  2.622435387410290E-04,  1.567772180700318E-04,  2.419060831305533E+01,  8.104225501424365E+01,  2.577995251890130E+01,  2.460936880086007E+06,  2.851141459260893E+02,  2.516321027551201E+02,  2.516035858174671E+02,  1.568183426671524E-04,  1.568594672642729E-04,  1.262652187357001E+00,
2460937.500000000, A.D. 2025-Sep-19 00:00:00.0000,  2.100820776877470E-04,  1.567788036072231E-04,  2.419047431839704E+01,  8.104351861089960E+01,  3.087980030462814E+01,  2.460936897895473E+06,  2.851321345673916E+02,  1.716793490095913E+02,  1.716828318684728E+02,  1.568117469448272E-04,  1.568446902824312E-04,  1.262572528158566E+00,
2460938.500000000, A.D. 2025-Sep-20 00:00:00.0000,  2.950112411474919E-04,  1.567649413076330E-04,  2.419055440526942E+01,  8.104532122920754E+01,  4.770583126969622E+01,  2.460938219326175E+06,  2.851336198675741E+02,  8.002954364170770E+01,  8.006284100032255E+01,  1.568112023750715E-04,  1.568574634425100E-04,  1.262565951244881E+00,
2460939.500000000, A.D. 2025-Sep-21 00:00:00.0000,  3.048316032437443E-04,  1.567702307463161E-04,  2.419057706617906E+01,  8.104652129267505E+01,  3.395631356529234E+01,  2.460939433602876E+06,  2.851149881569154E+02,  1.893081519947033E+01,  1.894215185877992E+01,  1.568180338389888E-04,  1.568658369316615E-04,  1.262648457477342E+00,
2460940.500000000, A.D. 2025-Sep-22 00:00:00.0000,  3.502610392190668E-04,  1.567547724082202E-04,  2.419048875615076E+01,  8.104816223870696E+01,  2.260166079724269E+01,  2.460940656273268E+06,  2.851377265282338E+02,  3.154405956125333E+02,  3.154124247933400E+02,  1.568096967355585E-04,  1.568646210628967E-04,  1.262547767295723E+00,
2460941.500000000, A.D. 2025-Sep-23 00:00:00.0000,  2.249601674437815E-04,  1.567778833954689E-04,  2.419059947815337E+01,  8.104976057705396E+01,  2.657739787296796E+01,  2.460941932638217E+06,  2.851282802547988E+02,  2.366426091420282E+02,  2.366210807681740E+02,  1.568131601102247E-04,  1.568484368249804E-04,  1.262589595385956E+00,
2460942.500000000, A.D. 2025-Sep-24 00:00:00.0000,  2.276035319305688E-04,  1.567816431921417E-04,  2.419050578726284E+01,  8.105115902259796E+01,  3.399750729355871E+01,  2.460941958587263E+06,  2.851168930205542E+02,  1.543659174857255E+02,  1.543771980017956E+02,  1.568173353715403E-04,  1.568530275509388E-04,  1.262640021733287E+00,
2460943.500000000, A.D. 2025-Sep-25 00:00:00.0000,  2.934725536340513E-04,  1.567626960605906E-04,  2.419060429148833E+01,  8.105288426698750E+01,  4.864818101019046E+01,  2.460943272457563E+06,  2.851404039711878E+02,  6.488154234937367E+01,  6.491199629852726E+01,  1.568087151146474E-04,  1.568547341687041E-04,  1.262535912084829E+00,
2460944.500000000, A.D. 2025-Sep-26 00:00:00.0000,  3.240533834183882E-04,  1.567649741570859E-04,  2.419054280531270E+01,  8.105419585787526E+01,  2.873402659500042E+01,  2.460944465055694E+06,  2.851211053366177E+02,  9.963358995466683E+00,  9.969786385490005E+00,  1.568157908446825E-04,  1.568666075322791E-04,  1.262621367769247E+00,
2460945.500000000, A.D. 2025-Sep-27 00:00:00.0000,  3.279463501436994E-04,  1.567641082152464E-04,  2.419055520741787E+01,  8.105594272134960E+01,  2.483395330949501E+01,  2.460945713917932E+06,  2.851218022880037E+02,  2.990073336132865E+02,  2.989744613061077E+02,  1.568155352976931E-04,  1.568669623801399E-04,  1.262618281419116E+00,
2460946.500000000, A.D. 2025-Sep-28 00:00:00.0000,  2.081000802098398E-04,  1.567748471994865E-04,  2.419054951144822E+01,  8.105737990357007E+01,  2.267436631220142E+01,  2.460946968738634E+06,  2.851437760375368E+02,  2.263420960204435E+02,  2.263248467732717E+02,  1.568074788484123E-04,  1.568401104973382E-04,  1.262520981529714E+00,
2460947.500000000, A.D. 2025-Sep-29 00:00:00.0000,  2.530935678652255E-04,  1.567795750580739E-04,  2.419050084876397E+01,  8.105906327075603E+01,  3.969675440896167E+01,  2.460947028332246E+06,  2.851116305659567E+02,  1.344779625937288E+02,  1.344986517896798E+02,  1.568192650053641E-04,  1.568589549526543E-04,  1.262663326941055E+00,
2460948.500000000, A.D. 2025-Sep-30 00:00:00.0000,  2.874312463302517E-04,  1.567661126742137E-04,  2.419061357189501E+01,  8.106062442423165E+01,  4.679438219425515E+01,  2.460948315770590E+06,  2.851336669616803E+02,  5.253000720101135E+01,  5.255615424600465E+01,  1.568111851085880E-04,  1.568562575429623E-04,  1.262565742713157E+00,
2460949.500000000, A.D. 2025-Oct-01 00:00:00.0000,  3.437124594658006E-04,  1.567571401666137E-04,  2.419047297077576E+01,  8.106205257637642E+01,  2.643140599233653E+01,  2.460949506775783E+06,  2.851340679966120E+02,  3.580679933138944E+02,  3.580666648856116E+02,  1.568110380741816E-04,  1.568649359817495E-04,  1.262563966941606E+00,
2460950.500000000, A.D. 2025-Oct-02 00:00:00.0000,  2.926582134437917E-04,  1.567732227213127E-04,  2.419056742276062E+01,  8.106394855465366E+01,  2.452616838032909E+01,  2.460950762619347E+06,  2.851120338591055E+02,  2.851240637809914E+02,  2.850916861188914E+02,  1.568191171239641E-04,  1.568650115266154E-04,  1.262661540894139E+00,
2460951.500000000, A.D. 2025-Oct-03 00:00:00.0000,  2.192738759183793E-04,  1.567735133188293E-04,  2.419049028380656E+01,  8.106521325626456E+01,  2.052167334277079E+01,  2.460952011023778E+06,  2.851426349410771E+02,  2.142853335309067E+02,  2.142711823671632E+02,  1.568078971942217E-04,  1.568422810696141E-04,  1.262526033942247E+00,
2460952.500000000, A.D. 2025-Oct-04 00:00:00.0000,  2.738079354445785E-04,  1.567721110954115E-04,  2.419045048436508E+01,  8.106720477575192E+01,  4.671282262745666E+01,  2.460952102732515E+06,  2.851231304809274E+02,  1.132701489972241E+02,  1.132989688066051E+02,  1.568150483000331E-04,  1.568579855046548E-04,  1.262612399747348E+00,
2460953.500000000, A.D. 2025-Oct-05 00:00:00.0000,  2.866390376200998E-04,  1.567711445395430E-04,  2.419055913377724E+01,  8.106862458898402E+01,  4.212316725066931E+01,  2.460953349173154E+06,  2.851202781274745E+02,  4.300379224864615E+01,  4.302620091022809E+01,  1.568160941538547E-04,  1.568610437681663E-04,  1.262625030966922E+00,
2460954.500000000, A.D. 2025-Oct-06 00:00:00.0000,  3.545117899398216E-04,  1.567532658247816E-04,  2.419038393428848E+01,  8.107015552344015E+01,  2.645193737426309E+01,  2.460954556669266E+06,  2.851400185665960E+02,  3.438413242700842E+02,  3.438300138445131E+02,  1.568088564131470E-04,  1.568644470015124E-04,  1.262537618569734E+00,
2460955.500000000, A.D. 2025-Oct-07 00:00:00.0000,  2.624673470866242E-04,  1.567756087105515E-04,  2.419050057563310E+01,  8.107211420922036E+01,  2.239766765193475E+01,  2.460955804915890E+06,  2.851184403972826E+02,  2.730628571346898E+02,  2.730328230308727E+02,  1.568167679916249E-04,  1.568579272726984E-04,  1.262633169213390E+00,
2460956.500000000, A.D. 2025-Oct-08 00:00:00.0000,  2.351503299493980E-04,  1.567769668736107E-04,  2.419041229366177E+01,  8.107335793763524E+01,  2.519292254210508E+01,  2.460957077249409E+06,  2.851264212954242E+02,  1.954109419634703E+02,  1.954037832912938E+02,  1.568138417002271E-04,  1.568507165268436E-04,  1.262597827182764E+00,
2460957.500000000, A.D. 2025-Oct-09 00:00:00.0000,  2.724462728176901E-04,  1.567664801947102E-04,  2.419037213862886E+01,  8.107548634932361E+01,  5.196802532143505E+01,  2.460957170995378E+06,  2.851390751938116E+02,  9.381207349822014E+01,  9.384322375959663E+01,  1.568092022774141E-04,  1.568519243601181E-04,  1.262541795631850E+00,
2460958.500000000, A.D. 2025-Oct-10 00:00:00.0000,  2.996996584778234E-04,  1.567710762502834E-04,  2.419043288299044E+01,  8.107686520961890E+01,  3.544677091254574E+01,  2.460958375523264E+06,  2.851148770657428E+02,  3.549016939306599E+01,  3.551011378997736E+01,  1.568180745736763E-04,  1.568650728970692E-04,  1.262648949451311E+00,
2460959.500000000, A.D. 2025-Oct-11 00:00:00.0000,  3.510869053912489E-04,  1.567565909685093E-04,  2.419028125727485E+01,  8.107853442128560E+01,  2.715407428200641E+01,  2.460959608957547E+06,  2.851324112986492E+02,  3.289326718507366E+02,  3.289119027311483E+02,  1.568116454838515E-04,  1.568666999991938E-04,  1.262571302786529E+00,
2460960.500000000, A.D. 2025-Oct-12 00:00:00.0000,  2.458742521820142E-04,  1.567726594937500E-04,  2.419035773926863E+01,  8.108037665308316E+01,  1.980833789805448E+01,  2.460960845611358E+06,  2.851335845221283E+02,  2.614545947262291E+02,  2.614267336741700E+02,  1.568112153340541E-04,  1.568497711743581E-04,  1.262566107753826E+00,
2460961.500000000, A.D. 2025-Oct-13 00:00:00.0000,  2.419493940867850E-04,  1.567805964699336E-04,  2.419026867324975E+01,  8.108179455619724E+01,  3.375145323988666E+01,  2.460960894418228E+06,  2.851136115281108E+02,  1.726596060892810E+02,  1.726631473260920E+02,  1.568185386203344E-04,  1.568564807707352E-04,  1.262654553988229E+00,
2460962.500000000, A.D. 2025-Oct-14 00:00:00.0000,  2.556527484607204E-04,  1.567685298943403E-04,  2.419026355275077E+01,  8.108384015274990E+01,  5.184302690773951E+01,  2.460962220392894E+06,  2.851406676371014E+02,  7.972735679092976E+01,  7.975618447908721E+01,  1.568086184486290E-04,  1.568487070029177E-04,  1.262534744634084E+00,
2460963.500000000, A.D. 2025-Oct-15 00:00:00.0000,  3.303708901549505E-04,  1.567624422156408E-04,  2.419023155635933E+01,  8.108525106412061E+01,  3.048357234194446E+01,  2.460963407895355E+06,  2.851253102265252E+02,  2.626136545263143E+01,  2.627812243226684E+01,  1.568142490786979E-04,  1.568660559417550E-04,  1.262602747241164E+00,
2460964.500000000, A.D. 2025-Oct-16 00:00:00.0000,  3.332384294069982E-04,  1.567647799737869E-04,  2.419014146090347E+01,  8.108715920877277E+01,  2.726472436573375E+01,  2.460964659151194E+06,  2.851177055553290E+02,  3.146231767530128E+02,  3.145959899993495E+02,  1.568170374370467E-04,  1.568692949003066E-04,  1.262636423433688E+00,
2460965.500000000, A.D. 2025-Oct-17 00:00:00.0000,  2.437225474886063E-04,  1.567696582516265E-04,  2.419015108212639E+01,  8.108875621695114E+01,  1.845605098540909E+01,  2.460965890679809E+06,  2.851426931149543E+02,  2.486005070878211E+02,  2.485745068528606E+02,  1.568078758665990E-04,  1.568460934815715E-04,  1.262525776365825E+00,
2460966.500000000, A.D. 2025-Oct-18 00:00:00.0000,  2.433004234248928E-04,  1.567793681365537E-04,  2.419003116891746E+01,  8.109046977323263E+01,  4.203867136215480E+01,  2.460965973260112E+06,  2.851163843007493E+02,  1.501821723912787E+02,  1.501960319821311E+02,  1.568175219060338E-04,  1.568556756755140E-04,  1.262642274602715E+00,
2460967.500000000, A.D. 2025-Oct-19 00:00:00.0000,  2.538680672239926E-04,  1.567738198616143E-04,  2.419008514421886E+01,  8.109234251108448E+01,  4.594136075747127E+01,  2.460967249499191E+06,  2.851269991323454E+02,  7.142454408618849E+01,  7.145212250651684E+01,  1.568136298347347E-04,  1.568534398078552E-04,  1.262595268408452E+00,
2460968.500000000, A.D. 2025-Oct-20 00:00:00.0000,  3.601868059038761E-04,  1.567521033711398E-04,  2.418994982653784E+01,  8.109378289168036E+01,  3.038235820904340E+01,  2.460968457355121E+06,  2.851407622699916E+02,  1.215979322917472E+01,  1.216849104268011E+01,  1.568085837540604E-04,  1.568650641369811E-04,  1.262534325622397E+00,
2460969.500000000, A.D. 2025-Oct-21 00:00:00.0000,  3.021496796812068E-04,  1.567721600168587E-04,  2.418991503785728E+01,  8.109596487563333E+01,  2.583620334305115E+01,  2.460969703917292E+06,  2.851108724615557E+02,  3.018609630048650E+02,  3.018315500548719E+02,  1.568195429915413E-04,  1.568669259662240E-04,  1.262666684338888E+00,
2460970.500000000, A.D. 2025-Oct-22 00:00:00.0000,  2.474041088053820E-04,  1.567709843596095E-04,  2.418988007773485E+01,  8.109733630180554E+01,  1.988987985747869E+01,  2.460970945543491E+06,  2.851375001201343E+02,  2.329588427205141E+02,  2.329362175436336E+02,  1.568097797434189E-04,  1.568485751272282E-04,  1.262548769798166E+00,
2460971.500000000, A.D. 2025-Oct-23 00:00:00.0000,  2.405248845516056E-04,  1.567750589568474E-04,  2.418971380314070E+01,  8.109933896576381E+01,  4.783461260530196E+01,  2.460971043403761E+06,  2.851293269758636E+02,  1.301889784610832E+02,  1.302100296370146E+02,  1.568127763317709E-04,  1.568504937066943E-04,  1.262584960369489E+00,
2460972.500000000, A.D. 2025-Oct-24 00:00:00.0000,  2.781964220396990E-04,  1.567742646400343E-04,  2.418980119369538E+01,  8.110107033773338E+01,  3.985415083513002E+01,  2.460972277922862E+06,  2.851153782076744E+02,  6.331760724778476E+01,  6.334609584788650E+01,  1.568178908161712E-04,  1.568615169923081E-04,  1.262646730117029E+00,
2460973.500000000, A.D. 2025-Oct-25 00:00:00.0000,  3.660793719064220E-04,  1.567506523285578E-04,  2.418959724063901E+01,  8.110256519554979E+01,  3.285221984011538E+01,  2.460973515853934E+06,  2.851422003505550E+02,  3.554793744783189E+02,  3.554760665868289E+02,  1.568080565233998E-04,  1.568654607182418E-04,  1.262527958181618E+00,
2460974.500000000, A.D. 2025-Oct-26 00:00:00.0000,  2.720788933187263E-04,  1.567731291027799E-04,  2.418957423127274E+01,  8.110485522027494E+01,  2.141407664713666E+01,  2.460974738174138E+06,  2.851210929924900E+02,  2.920915293858941E+02,  2.920626366994437E+02,  1.568157953708393E-04,  1.568584616388987E-04,  1.262621422433598E+00,
2460975.500000000, A.D. 2025-Oct-27 00:00:00.0000,  2.490343977009045E-04,  1.567760768342225E-04,  2.418952654606435E+01,  8.110616480393419E+01,  2.432336606273645E+01,  2.460976010921540E+06,  2.851229098533843E+02,  2.143245637023119E+02,  2.143084762549919E+02,  1.568151291954720E-04,  1.568541815567215E-04,  1.262613376754323E+00,
2460976.500000000, A.D. 2025-Oct-28 00:00:00.0000,  2.340717804434550E-04,  1.567727579995532E-04,  2.418934208428570E+01,  8.110833142162325E+01,  4.999701413257689E+01,  2.460976100823810E+06,  2.851383649562870E+02,  1.138204460069307E+02,  1.138449808859071E+02,  1.568094626696707E-04,  1.568461673397882E-04,  1.262544940436863E+00,
2460977.500000000, A.D. 2025-Oct-29 00:00:00.0000,  3.106208813475166E-04,  1.567679989127706E-04,  2.418940398481129E+01,  8.110996051380555E+01,  3.675319690257407E+01,  2.460977316820696E+06,  2.851186000348458E+02,  5.222782686426649E+01,  5.225596934541070E+01,  1.568167094572723E-04,  1.568654200017739E-04,  1.262632462266589E+00,
2460978.500000000, A.D. 2025-Oct-30 00:00:00.0000,  3.471341906705949E-04,  1.567591505654738E-04,  2.418918196524542E+01,  8.111162748161031E+01,  3.329365133609804E+01,  2.460978567227173E+06,  2.851271188972068E+02,  3.408317099106054E+02,  3.408186434774042E+02,  1.568135859227093E-04,  1.568680212799447E-04,  1.262594738067641E+00,
2460979.500000000, A.D. 2025-Oct-31 00:00:00.0000,  2.671037011329758E-04,  1.567673599978800E-04,  2.418914078753480E+01,  8.111375602409142E+01,  1.616812555510838E+01,  2.460979769568639E+06,  2.851389604993942E+02,  2.831354784810847E+02,  2.831056692316715E+02,  1.568092443274117E-04,  1.568511286569435E-04,  1.262542303477202E+00,
2460980.500000000, A.D. 2025-Nov-01 00:00:00.0000,  2.467366810156650E-04,  1.567799080424213E-04,  2.418905948622912E+01,  8.111522700840803E+01,  3.192175316687971E+01,  2.460981087366432E+06,  2.851134415623773E+02,  1.925339350089717E+02,  1.925278009069385E+02,  1.568186009435397E-04,  1.568572938446580E-04,  1.262655306699172E+00,
2460981.500000000, A.D. 2025-Nov-02 00:00:00.0000,  2.319583098688495E-04,  1.567744210442391E-04,  2.418891104354538E+01,  8.111739824066663E+01,  4.835501044142678E+01,  2.460981144890183E+06,  2.851347320418246E+02,  1.012541425074509E+02,  1.012802103846551E+02,  1.568107946111263E-04,  1.568471681780135E-04,  1.262561026578810E+00,
2460982.500000000, A.D. 2025-Nov-03 00:00:00.0000,  3.367585799689581E-04,  1.567589515991515E-04,  2.418889248153505E+01,  8.111893255756473E+01,  3.606274949289747E+01,  2.460982364199585E+06,  2.851321008567456E+02,  3.872105749642689E+01,  3.874520441364401E+01,  1.568117593045373E-04,  1.568645670099232E-04,  1.262572677430203E+00,
2460983.500000000, A.D. 2025-Nov-04 00:00:00.0000,  3.224061364526842E-04,  1.567683492404867E-04,  2.418867680829793E+01,  8.112088758730897E+01,  2.973250718501414E+01,  2.460983604529295E+06,  2.851126024829331E+02,  3.301973808257791E+02,  3.301790122231943E+02,  1.568189086189372E-04,  1.568694679973878E-04,  1.262659022662983E+00,
2460984.500000000, A.D. 2025-Nov-05 00:00:00.0000,  2.815122968632243E-04,  1.567630194359049E-04,  2.418863305626942E+01,  8.112270389748444E+01,  1.582595301403442E+01,  2.460984818200435E+06,  2.851446387076194E+02,  2.692668518555789E+02,  2.692345957104391E+02,  1.568071625804075E-04,  1.568513057249102E-04,  1.262517161927549E+00,
2460985.500000000, A.D. 2025-Nov-06 00:00:00.0000,  2.367223620916628E-04,  1.567791208614509E-04,  2.418845014006654E+01,  8.112447072478980E+01,  4.131649994095392E+01,  2.460984907451422E+06,  2.851198728032580E+02,  1.689473751360971E+02,  1.689525740394355E+02,  1.568162427728544E-04,  1.568533646842579E-04,  1.262626825904947E+00,
2460986.500000000, A.D. 2025-Nov-07 00:00:00.0000,  2.420989857574784E-04,  1.567775020401003E-04,  2.418837938206847E+01,  8.112655377282634E+01,  4.441047535190630E+01,  2.460986180849399E+06,  2.851219888137569E+02,  9.099685413858157E+01,  9.102459229290092E+01,  1.568154669055892E-04,  1.568534317710782E-04,  1.262617455418894E+00,
2460987.500000000, A.D. 2025-Nov-08 00:00:00.0000,  3.500204755071038E-04,  1.567533296881937E-04,  2.418825672017992E+01,  8.112800931287572E+01,  3.673009032157908E+01,  2.460987416366729E+06,  2.851417659742599E+02,  2.384733857140884E+01,  2.386356133472509E+01,  1.568082157744425E-04,  1.568631018606913E-04,  1.262529881478316E+00,
2460988.500000000, A.D. 2025-Nov-09 00:00:00.0000,  3.073476833419271E-04,  1.567704284302511E-04,  2.418804676370182E+01,  8.113023961007619E+01,  2.435192821790426E+01,  2.460988635429562E+06,  2.851133724882143E+02,  3.213872209722180E+02,  3.213652355380810E+02,  1.568186262717405E-04,  1.568668241132300E-04,  1.262655612601549E+00,
2460989.500000000, A.D. 2025-Nov-10 00:00:00.0000,  2.852043639571536E-04,  1.567668789274246E-04,  2.418802209055617E+01,  8.113180691519771E+01,  2.051469045574547E+01,  2.460989884486722E+06,  2.851325291338290E+02,  2.503703285073346E+02,  2.503395495430141E+02,  1.568116022807142E-04,  1.568563256340038E-04,  1.262570781010508E+00,
2460990.500000000, A.D. 2025-Nov-11 00:00:00.0000,  2.161631256222470E-04,  1.567766217240124E-04,  2.418771232857986E+01,  8.113382196532083E+01,  4.770412646067916E+01,  2.460989979691761E+06,  2.851354854765050E+02,  1.483583423001119E+02,  1.483713340242642E+02,  1.568105183757950E-04,  1.568444150275776E-04,  1.262557690419994E+00,
2460991.500000000, A.D. 2025-Nov-12 00:00:00.0000,  2.687521524779617E-04,  1.567763968533204E-04,  2.418771172823227E+01,  8.113581579764377E+01,  4.013468555833470E+01,  2.460991215623635E+06,  2.851136018364568E+02,  8.107956963749322E+01,  8.110999545152609E+01,  1.568185421740782E-04,  1.568606874948359E-04,  1.262654596908704E+00,
2460992.500000000, A.D. 2025-Nov-13 00:00:00.0000,  3.493684051915447E-04,  1.567548555167781E-04,  2.418749573490467E+01,  8.113726227489147E+01,  3.710046566498414E+01,  2.460992467497837E+06,  2.851378816850599E+02,  9.267597935284213E+00,  9.274048127050142E+00,  1.568096398505714E-04,  1.568644241843647E-04,  1.262547080284572E+00,
2460993.500000000, A.D. 2025-Nov-14 00:00:00.0000,  3.036412653963486E-04,  1.567660440873417E-04,  2.418729328127883E+01,  8.113959800841914E+01,  2.004275874483908E+01,  2.460993670099513E+06,  2.851269190823346E+02,  3.115000498222632E+02,  3.114739835785683E+02,  1.568136591852481E-04,  1.568612742831545E-04,  1.262595622884855E+00,
2460994.500000000, A.D. 2025-Nov-15 00:00:00.0000,  2.672804917105488E-04,  1.567750793520361E-04,  2.418726361008781E+01,  8.114109258138713E+01,  2.695619374959280E+01,  2.460994956893256E+06,  2.851178254496660E+02,  2.297315882884188E+02,  2.297082233438678E+02,  1.568169934751606E-04,  1.568589075982852E-04,  1.262635892484925E+00,
2460995.500000000, A.D. 2025-Nov-16 00:00:00.0000,  1.981091197761931E-04,  1.567773602032068E-04,  2.418689720952147E+01,  8.114321459544358E+01,  4.641323959856127E+01,  2.460995025012222E+06,  2.851411942453120E+02,  1.354385822181075E+02,  1.354545085403358E+02,  1.568084253823328E-04,  1.568394905614588E-04,  1.262532412943062E+00,
2460996.500000000, A.D. 2025-Nov-17 00:00:00.0000,  3.083829820662104E-04,  1.567675353368697E-04,  2.418690564124348E+01,  8.114513529373841E+01,  3.830389627821842E+01,  2.460996258984435E+06,  2.851208221205752E+02,  6.871855594842411E+01,  6.875148889514780E+01,  1.568158946901097E-04,  1.568642540433496E-04,  1.262622621955541E+00,
2460997.500000000, A.D. 2025-Nov-18 00:00:00.0000,  3.394290260576747E-04,  1.567618290361539E-04,  2.418661849713959E+01,  8.114671451164513E+01,  3.580650411914296E+01,  2.460997512772852E+06,  2.851231077949246E+02,  3.563581648192289E+02,  3.563556931479239E+02,  1.568150566180930E-04,  1.568682842000320E-04,  1.262612500207913E+00,
2460998.500000000, A.D. 2025-Nov-19 00:00:00.0000,  3.071385270615132E-04,  1.567609359882422E-04,  2.418643747347176E+01,  8.114893087423896E+01,  1.847105679612702E+01,  2.460998714400305E+06,  2.851393593356011E+02,  2.988660344425141E+02,  2.988352062557346E+02,  1.568090981036636E-04,  1.568572602190850E-04,  1.262540537507100E+00,
2460999.500000000, A.D. 2025-Nov-20 00:00:00.0000,  2.400776788666786E-04,  1.567799215265612E-04,  2.418633036468379E+01,  8.115049069618010E+01,  3.293771087551234E+01,  2.461000027649665E+06,  2.851162533435844E+02,  2.095585043564390E+02,  2.095449364528592E+02,  1.568175699247543E-04,  1.568552183229474E-04,  1.262642854548792E+00,
2461000.500000000, A.D. 2025-Nov-21 00:00:00.0000,  2.068913748582830E-04,  1.567801867351778E-04,  2.418601084629194E+01,  8.115263161432254E+01,  4.111770181235034E+01,  2.461000056252582E+06,  2.851297263139505E+02,  1.265255797896147E+02,  1.265446284020773E+02,  1.568126299157762E-04,  1.568450730963746E-04,  1.262583192057679E+00,
2461001.500000000, A.D. 2025-Nov-22 00:00:00.0000,  3.389391953049628E-04,  1.567563971346893E-04,  2.418595835391280E+01,  8.115442074063041E+01,  4.010165299995973E+01,  2.461001315107401E+06,  2.851381375694917E+02,  5.271993121979997E+01,  5.275084318516841E+01,  1.568095460360389E-04,  1.568626949373886E-04,  1.262545947268326E+00,
2461002.500000000, A.D. 2025-Nov-23 00:00:00.0000,  3.242823439973890E-04,  1.567685804378988E-04,  2.418561387750198E+01,  8.115628439755960E+01,  3.195086633202236E+01,  2.461002549034463E+06,  2.851111691181551E+02,  3.460197268016304E+02,  3.460107458613812E+02,  1.568194342116092E-04,  1.568702879853197E-04,  1.262665370541165E+00,
2461003.500000000, A.D. 2025-Nov-24 00:00:00.0000,  3.084046656348855E-04,  1.567607236652057E-04,  2.418547571668133E+01,  8.115825565541378E+01,  1.972696135241550E+01,  2.461003768638875E+06,  2.851393969359224E+02,  2.834004732294037E+02,  2.833660917719480E+02,  1.568090843184234E-04,  1.568574449716412E-04,  1.262540371020356E+00,
2461004.500000000, A.D. 2025-Nov-25 00:00:00.0000,  2.152892261569738E-04,  1.567797822330953E-04,  2.418522050675036E+01,  8.115993165199308E+01,  3.712621713843931E+01,  2.461005092108110E+06,  2.851272373294782E+02,  1.911738502676079E+02,  1.911690707498759E+02,  1.568135424993109E-04,  1.568473027655265E-04,  1.262594213628222E+00,
2461005.500000000, A.D. 2025-Nov-26 00:00:00.0000,  2.396941816111751E-04,  1.567803699689514E-04,  2.418499662705160E+01,  8.116208595192600E+01,  3.968735418807876E+01,  2.461005101010743E+06,  2.851151941085359E+02,  1.137578994256557E+02,  1.137830356615849E+02,  1.568179583211332E-04,  1.568555466733149E-04,  1.262647545409163E+00,
2461006.500000000, A.D. 2025-Nov-27 00:00:00.0000,  3.417262137774837E-04,  1.567530882131512E-04,  2.418484847678581E+01,  8.116366941049641E+01,  4.294288962426658E+01,  2.461006374913522E+06,  2.851459736757891E+02,  3.566790564943721E+01,  3.569074661360443E+01,  1.568066731638665E-04,  1.568602581145819E-04,  1.262511251199780E+00,
2461007.500000000, A.D. 2025-Nov-28 00:00:00.0000,  3.155466657964694E-04,  1.567684804764064E-04,  2.418445914199675E+01,  8.116582761191484E+01,  2.547329523897425E+01,  2.461007576088685E+06,  2.851151789974157E+02,  3.383059609181613E+02,  3.382925898460613E+02,  1.568179638620401E-04,  1.568674472476737E-04,  1.262647612329553E+00,
2461008.500000000, A.D. 2025-Nov-29 00:00:00.0000,  2.998004804652372E-04,  1.567664124233222E-04,  2.418437647589323E+01,  8.116759816984197E+01,  2.271047879667687E+01,  2.461008828932144E+06,  2.851275573495915E+02,  2.662123812850051E+02,  2.661781025696617E+02,  1.568134251635297E-04,  1.568604379037371E-04,  1.262592796523727E+00,
2461009.500000000, A.D. 2025-Nov-30 00:00:00.0000,  1.984652800573767E-04,  1.567785330201023E-04,  2.418396669450255E+01,  8.116938156204388E+01,  3.816862353970838E+01,  2.461008883013607E+06,  2.851378422951267E+02,  1.759261689910901E+02,  1.759277842572788E+02,  1.568096542920571E-04,  1.568407755640118E-04,  1.262547254697216E+00,
2461010.500000000, A.D. 2025-Dec-01 00:00:00.0000,  2.751493076610215E-04,  1.567751770460492E-04,  2.418381884419587E+01,  8.117154578370004E+01,  4.130402466422980E+01,  2.461010156454521E+06,  2.851141927446532E+02,  9.794969191078637E+01,  9.798091720722026E+01,  1.568183254997390E-04,  1.568614739534288E-04,  1.262651980017053E+00,
2461011.500000000, A.D. 2025-Dec-02 00:00:00.0000,  3.263411205610499E-04,  1.567596247809451E-04,  2.418357326414367E+01,  8.117298337926238E+01,  4.254059528803047E+01,  2.461011423333476E+06,  2.851347211821373E+02,  2.186028803024634E+01,  2.187421747933633E+01,  1.568107985926739E-04,  1.568619724044027E-04,  1.262561074664914E+00,
2461012.500000000, A.D. 2025-Dec-03 00:00:00.0000,  3.268813359824493E-04,  1.567605220169346E-04,  2.418316801593554E+01,  8.117526108938537E+01,  2.040220468416927E+01,  2.461012608098552E+06,  2.851320420613351E+02,  3.291776391314325E+02,  3.291584398189258E+02,  1.568117808613603E-04,  1.568630397057861E-04,  1.262572937777929E+00,
2461013.500000000, A.D. 2025-Dec-04 00:00:00.0000,  2.783001957839341E-04,  1.567739510358441E-04,  2.418310204457311E+01,  8.117696289995173E+01,  2.708413001669599E+01,  2.461013894073036E+06,  2.851161893140711E+02,  2.476433975590135E+02,  2.476139077042002E+02,  1.568175934027905E-04,  1.568612357697368E-04,  1.262643138104796E+00,
2461014.500000000, A.D. 2025-Dec-05 00:00:00.0000,  1.954143574295341E-04,  1.567793933340727E-04,  2.418260992029104E+01,  8.117882078517961E+01,  3.693982325785437E+01,  2.461013928536449E+06,  2.851368004423364E+02,  1.629452886524820E+02,  1.629518545961833E+02,  1.568100362665482E-04,  1.568406791990237E-04,  1.262551867880706E+00,
2461015.500000000, A.D. 2025-Dec-06 00:00:00.0000,  3.007900045259650E-04,  1.567664148072305E-04,  2.418248733472020E+01,  8.118092101808679E+01,  4.338665526482859E+01,  2.461015213560625E+06,  2.851271275081245E+02,  8.167163616031233E+01,  8.170574251889285E+01,  1.568135827655003E-04,  1.568607507237701E-04,  1.262594699936933E+00,
2461016.500000000, A.D. 2025-Dec-07 00:00:00.0000,  3.178736386963082E-04,  1.567673110910016E-04,  2.418214598329762E+01,  8.118238970461761E+01,  3.745585935305559E+01,  2.461016455297369E+06,  2.851173736652316E+02,  1.274549674799738E+01,  1.275353611562615E+01,  1.568171591319849E-04,  1.568670071729682E-04,  1.262637893202156E+00,
2461017.500000000, A.D. 2025-Dec-08 00:00:00.0000,  3.441439703919424E-04,  1.567538861943462E-04,  2.418177967238412E+01,  8.118458858058446E+01,  2.069982618622879E+01,  2.461017658972491E+06,  2.851427618401826E+02,  3.146701450107666E+02,  3.146420909937124E+02,  1.568078506706646E-04,  1.568618151469830E-04,  1.262525472071332E+00,
2461018.500000000, A.D. 2025-Dec-09 00:00:00.0000,  2.435068292675220E-04,  1.567785227318974E-04,  2.418162363320029E+01,  8.118629005183163E+01,  3.189911658087209E+01,  2.461018960731933E+06,  2.851186021781077E+02,  2.286367553630561E+02,  2.286158167721860E+02,  1.568167086714022E-04,  1.568548946109069E-04,  1.262632452775268E+00,
2461019.500000000, A.D. 2025-Dec-10 00:00:00.0000,  2.075912664367527E-04,  1.567820572688322E-04,  2.418115174186477E+01,  8.118821552502820E+01,  3.636591024840040E+01,  2.461018976319097E+06,  2.851243241988650E+02,  1.493141634394010E+02,  1.493263005747091E+02,  1.568146106124450E-04,  1.568471639560579E-04,  1.262607113621466E+00,
2461020.500000000, A.D. 2025-Dec-11 00:00:00.0000,  3.120123846060294E-04,  1.567596820774555E-04,  2.418100384389240E+01,  8.119012835222621E+01,  4.515018747799427E+01,  2.461020269575405E+06,  2.851406953041460E+02,  6.570342927248380E+01,  6.573602168116153E+01,  1.568086083052596E-04,  1.568575345330637E-04,  1.262534622131033E+00,
2461021.500000000, A.D. 2025-Dec-12 00:00:00.0000,  3.257959463951889E-04,  1.567680173868551E-04,  2.418056275489550E+01,  8.119177187072793E+01,  3.125857528390177E+01,  2.461021483336254E+06,  2.851120576050703E+02,  4.751035042978104E+00,  4.754128487877900E+00,  1.568191084166946E-04,  1.568701994465340E-04,  1.262661435731569E+00,
2461022.500000000, A.D. 2025-Dec-13 00:00:00.0000,  3.407665588298205E-04,  1.567570795434141E-04,  2.418028641010324E+01,  8.119382142239475E+01,  2.429717885924235E+01,  2.461022721429908E+06,  2.851354938027557E+02,  2.968624738144240E+02,  2.968276317708078E+02,  1.568105153231090E-04,  1.568639511028040E-04,  1.262557653552007E+00,
2461023.500000000, A.D. 2025-Dec-14 00:00:00.0000,  2.065163241254789E-04,  1.567788825472619E-04,  2.417994639558040E+01,  8.119547677624274E+01,  3.302574565593998E+01,  2.461024014455808E+06,  2.851334446033201E+02,  2.133114433394538E+02,  2.132984495524860E+02,  1.568112666336286E-04,  1.568436507199952E-04,  1.262566727311960E+00,
2461024.500000000, A.D. 2025-Dec-15 00:00:00.0000,  2.337752106013309E-04,  1.567823225813910E-04,  2.417955864034121E+01,  8.119751927355939E+01,  3.775598526917148E+01,  2.461024030962029E+06,  2.851123997105543E+02,  1.337285414333966E+02,  1.337478956269266E+02,  1.568189829721616E-04,  1.568556433629323E-04,  1.262659920668029E+00,
2461025.500000000, A.D. 2025-Dec-16 00:00:00.0000,  3.114915214288389E-04,  1.567592100170178E-04,  2.417935084352425E+01,  8.119916292799891E+01,  4.551159366492109E+01,  2.461025320678575E+06,  2.851422061520614E+02,  5.113210655681249E+01,  5.115990474751452E+01,  1.568080543964541E-04,  1.568568987758904E-04,  1.262527932494210E+00,
2461026.500000000, A.D. 2025-Dec-17 00:00:00.0000,  3.412434693183949E-04,  1.567620345649596E-04,  2.417882536803676E+01,  8.120100342825189E+01,  2.710226301219360E+01,  2.461026518542596E+06,  2.851217707917633E+02,  3.547131022570640E+02,  3.547094976055797E+02,  1.568155468462084E-04,  1.568690591274573E-04,  1.262618420895413E+00,
2461027.500000000, A.D. 2025-Dec-18 00:00:00.0000,  3.114453528543825E-04,  1.567671199284775E-04,  2.417863444423046E+01,  8.120294329912845E+01,  2.736481968352259E+01,  2.461027782005806E+06,  2.851206452830829E+02,  2.795943227314057E+02,  2.795591306395879E+02,  1.568159595303265E-04,  1.568647991321757E-04,  1.262623405059191E+00,
2461028.500000000, A.D. 2025-Dec-19 00:00:00.0000,  1.910099195045791E-04,  1.567778043048287E-04,  2.417812239400246E+01,  8.120449700545706E+01,  2.823143863943787E+01,  2.461029047456659E+06,  2.851430196806054E+02,  2.038965551713641E+02,  2.038876905202180E+02,  1.568077561417070E-04,  1.568377079785853E-04,  1.262524330433350E+00,
2461029.500000000, A.D. 2025-Dec-20 00:00:00.0000,  2.682125566739575E-04,  1.567760328688126E-04,  2.417780781835704E+01,  8.120668871072874E+01,  4.148164044117293E+01,  2.461029093806044E+06,  2.851148255848655E+02,  1.158119188039495E+02,  1.158395831840360E+02,  1.568180934505897E-04,  1.568601540323668E-04,  1.262649177437617E+00,
2461030.500000000, A.D. 2025-Dec-21 00:00:00.0000,  3.084298793534435E-04,  1.567641013031818E-04,  2.417752046800713E+01,  8.120809489773355E+01,  4.356028175333696E+01,  2.461030363650646E+06,  2.851301707819618E+02,  3.887731463563124E+01,  3.889950479053083E+01,  1.568124669534453E-04,  1.568608326037089E-04,  1.262581223911555E+00,
2461031.500000000, A.D. 2025-Dec-22 00:00:00.0000,  3.548925014451328E-04,  1.567550959933429E-04,  2.417696179003448E+01,  8.121004905410757E+01,  2.573960181275943E+01,  2.461031563574750E+06,  2.851348620334806E+02,  3.418726225991156E+02,  3.418599643023700E+02,  1.568107469515820E-04,  1.568663979098211E-04,  1.262560450983117E+00,
2461032.500000000, A.D. 2025-Dec-23 00:00:00.0000,  2.729690351761149E-04,  1.567748892754563E-04,  2.417678724552441E+01,  8.121190140909869E+01,  2.820504359412014E+01,  2.461032834734186E+06,  2.851159104633695E+02,  2.645619578991492E+02,  2.645308197431494E+02,  1.568176956505365E-04,  1.568605020256168E-04,  1.262644373002296E+00,
2461033.500000000, A.D. 2025-Dec-24 00:00:00.0000,  2.039773968216746E-04,  1.567788496436181E-04,  2.417620150383003E+01,  8.121340734336972E+01,  2.582222120891615E+01,  2.461034088861221E+06,  2.851346204909973E+02,  1.920952794235504E+02,  1.920903828846293E+02,  1.568108355096388E-04,  1.568428213756595E-04,  1.262561520519976E+00,
2461034.500000000, A.D. 2025-Dec-25 00:00:00.0000,  2.915747977258931E-04,  1.567661870635515E-04,  2.417590846508231E+01,  8.121563677010819E+01,  4.656700496432719E+01,  2.461034161457160E+06,  2.851316913020598E+02,  9.652929248306947E+01,  9.656248640087020E+01,  1.568119094643346E-04,  1.568576318651177E-04,  1.262574490952067E+00,
2461035.500000000, A.D. 2025-Dec-26 00:00:00.0000,  3.102692287522276E-04,  1.567691371927165E-04,  2.417552135526545E+01,  8.121694836423006E+01,  3.907638877235701E+01,  2.461035397709236E+06,  2.851156451670315E+02,  2.916469733497036E+01,  2.918202955518096E+01,  1.568177929283830E-04,  1.568664486640495E-04,  1.262645547876190E+00,
2461036.500000000, A.D. 2025-Dec-27 00:00:00.0000,  3.578874994397504E-04,  1.567533020540209E-04,  2.417499793213234E+01,  8.121890965618920E+01,  2.654346165817780E+01,  2.461036616225156E+06,  2.851384753780060E+02,  3.268597362312148E+02,  3.268373075674676E+02,  1.568094221860156E-04,  1.568655423180104E-04,  1.262544451508169E+00,
2461037.500000000, A.D. 2025-Dec-28 00:00:00.0000,  2.411106011574223E-04,  1.567764283759432E-04,  2.417474438386757E+01,  8.122061014454776E+01,  2.696567515941658E+01,  2.461037880156992E+06,  2.851253405753562E+02,  2.516076083458488E+02,  2.515813929591117E+02,  1.568142379511257E-04,  1.568520475263082E-04,  1.262602612849331E+00,
2461038.500000000, A.D. 2025-Dec-29 00:00:00.0000,  2.244597173721334E-04,  1.567818816864909E-04,  2.417417516918684E+01,  8.122220618703693E+01,  3.067724987192895E+01,  2.461037893094647E+06,  2.851175872832480E+02,  1.730393900770684E+02,  1.730425062816782E+02,  1.568170808041273E-04,  1.568522799217637E-04,  1.262636947198773E+00,
2461039.500000000, A.D. 2025-Dec-30 00:00:00.0000,  2.888806748204440E-04,  1.567615699337119E-04,  2.417387460919004E+01,  8.122423711990436E+01,  5.002204118853260E+01,  2.461039223418056E+06,  2.851454411133241E+02,  7.886608036445050E+01,  7.889856286165261E+01,  1.568068684076740E-04,  1.568521668816361E-04,  1.262513609175770E+00,
2461040.500000000, A.D. 2025-Dec-31 00:00:00.0000,  3.253841413019782E-04,  1.567675455500162E-04,  2.417336982764328E+01,  8.122561617862631E+01,  3.298031518704455E+01,  2.461040426099115E+06,  2.851135209697690E+02,  2.107014160305890E+01,  2.108355150281952E+01,  1.568185718263501E-04,  1.568695981026840E-04,  1.262654955035160E+00,
2461041.500000000, A.D. 2026-Jan-01 00:00:00.0000,  3.461459833628002E-04,  1.567584284166183E-04,  2.417293374873243E+01,  8.122755064200510E+01,  2.803163193130273E+01,  2.461041671271442E+06,  2.851295119657168E+02,  3.111654572854088E+02,  3.111355881894290E+02,  1.568127085058079E-04,  1.568669885949974E-04,  1.262584141213995E+00,
2461042.500000000, A.D. 2026-Jan-02 00:00:00.0000,  2.233765136128881E-04,  1.567745793063670E-04,  2.417253414203501E+01,  8.122901720541428E+01,  2.428622373279802E+01,  2.461042920551510E+06,  2.851379715877759E+02,  2.400847956561036E+02,  2.400626121219364E+02,  1.568096068896550E-04,  1.568446344729430E-04,  1.262546682209173E+00,
2461043.500000000, A.D. 2026-Jan-03 00:00:00.0000,  2.405967879329031E-04,  1.567818720506825E-04,  2.417200843582005E+01,  8.123080960727447E+01,  3.836638716334283E+01,  2.461042969824624E+06,  2.851107106020623E+02,  1.511586782117642E+02,  1.511719742524368E+02,  1.568196023432912E-04,  1.568573326358999E-04,  1.262667401164255E+00,
2461044.500000000, A.D. 2026-Jan-04 00:00:00.0000,  2.752709986486527E-04,  1.567654510633236E-04,  2.417169708578880E+01,  8.123247764611297E+01,  4.851202966949022E+01,  2.461044267955513E+06,  2.851406745133844E+02,  6.616532160887644E+01,  6.619417915378909E+01,  1.568086159276267E-04,  1.568517807919298E-04,  1.262534714187546E+00,
2461045.500000000, A.D. 2026-Jan-05 00:00:00.0000,  3.550946180037900E-04,  1.567580046710520E-04,  2.417108353710556E+01,  8.123397673926819E+01,  2.922005598774700E+01,  2.461045462700994E+06,  2.851268394903992E+02,  1.063494764984660E+01,  1.064246045775740E+01,  1.568136883678208E-04,  1.568693720645895E-04,  1.262595975333013E+00,
2461046.500000000, A.D. 2026-Jan-06 00:00:00.0000,  3.197409416515189E-04,  1.567670436369018E-04,  2.417073940355028E+01,  8.123591778202031E+01,  2.917385552373871E+01,  2.461046725077951E+06,  2.851173044505049E+02,  2.958263812025380E+02,  2.957933954756443E+02,  1.568171845111445E-04,  1.568673253853872E-04,  1.262638199718581E+00,
2461047.500000000, A.D. 2026-Jan-07 00:00:00.0000,  2.206635576717137E-04,  1.567740269593891E-04,  2.417019862586110E+01,  8.123715208704361E+01,  2.238529454399357E+01,  2.461047963710734E+06,  2.851406391045412E+02,  2.277772250735834E+02,  2.277585031781573E+02,  1.568086289093179E-04,  1.568432308592467E-04,  1.262534870969455E+00,
2461048.500000000, A.D. 2026-Jan-08 00:00:00.0000,  2.517152502653812E-04,  1.567766604147305E-04,  2.416970232423731E+01,  8.123913179418822E+01,  4.473007464580757E+01,  2.461048041937468E+06,  2.851201710188848E+02,  1.306028674459145E+02,  1.306247627802007E+02,  1.568161334270018E-04,  1.568556064392730E-04,  1.262625505286175E+00,
2461049.500000000, A.D. 2026-Jan-09 00:00:00.0000,  2.808606879137401E-04,  1.567707089511116E-04,  2.416936284786464E+01,  8.124046911212002E+01,  4.275606248197568E+01,  2.461049297563673E+06,  2.851239384505708E+02,  5.771944296768962E+01,  5.774665803383574E+01,  1.568147520502475E-04,  1.568587951493833E-04,  1.262608821820865E+00,
2461050.500000000, A.D. 2026-Jan-10 00:00:00.0000,  3.781052993038214E-04,  1.567495267683418E-04,  2.416869123361918E+01,  8.124203707968971E+01,  3.015113835418826E+01,  2.461050515789891E+06,  2.851401260339290E+02,  3.554976684475055E+02,  3.554942656362605E+02,  1.568088170130319E-04,  1.568681072577222E-04,  1.262537142728075E+00,
2461051.500000000, A.D. 2026-Jan-11 00:00:00.0000,  2.807382881119598E-04,  1.567735563343294E-04,  2.416837870343939E+01,  8.124394309679950E+01,  2.868298433529106E+01,  2.461051773127605E+06,  2.851162230475060E+02,  2.821268889673005E+02,  2.820954342986545E+02,  1.568175810335746E-04,  1.568616057328198E-04,  1.262642988715577E+00,
2461052.500000000, A.D. 2026-Jan-12 00:00:00.0000,  2.250914547379205E-04,  1.567773409506804E-04,  2.416776777465761E+01,  8.124505972028926E+01,  2.355226564715749E+01,  2.461053017644439E+06,  2.851297038952236E+02,  2.124041944427585E+02,  2.123903752397446E+02,  1.568126381355196E-04,  1.568479353203588E-04,  1.262583291330071E+00,
2461053.500000000, A.D. 2026-Jan-13 00:00:00.0000,  2.553841346618006E-04,  1.567704304393324E-04,  2.416728994886383E+01,  8.124708322976942E+01,  4.838163034499479E+01,  2.461053104571192E+06,  2.851355973821653E+02,  1.127508295408614E+02,  1.127778141326276E+02,  1.568104773473957E-04,  1.568505242554590E-04,  1.262557194910654E+00,
2461054.500000000, A.D. 2026-Jan-14 00:00:00.0000,  3.087194958017666E-04,  1.567699136840686E-04,  2.416688112013700E+01,  8.124823056094318E+01,  3.779798387737954E+01,  2.461054329942888E+06,  2.851141898564715E+02,  4.848569577066436E+01,  4.851219223689957E+01,  1.568183265587763E-04,  1.568667394334840E-04,  1.262651992807606E+00,
2461055.500000000, A.D. 2026-Jan-15 00:00:00.0000,  3.737901345396767E-04,  1.567513202944562E-04,  2.416623052582374E+01,  8.124984024814567E+01,  3.295957504317394E+01,  2.461055575474872E+06,  2.851370785576686E+02,  3.384793154447010E+02,  3.384635958076458E+02,  1.568099343008957E-04,  1.568685483073352E-04,  1.262550636420267E+00,
2461056.500000000, A.D. 2026-Jan-16 00:00:00.0000,  2.471997429189913E-04,  1.567737292262351E-04,  2.416585912606116E+01,  8.125153039243739E+01,  2.436686767787812E+01,  2.461056807758595E+06,  2.851300991028857E+02,  2.722487612357193E+02,  2.722204557048014E+02,  1.568124932342491E-04,  1.568512572422631E-04,  1.262581541312825E+00,
2461057.500000000, A.D. 2026-Jan-17 00:00:00.0000,  2.316029405151519E-04,  1.567818639279451E-04,  2.416524911790342E+01,  8.125272256169185E+01,  2.834983635342795E+01,  2.461058084291635E+06,  2.851145800570236E+02,  1.934099359571003E+02,  1.934037826833789E+02,  1.568181834803654E-04,  1.568545030327856E-04,  1.262650264774250E+00,
2461058.500000000, A.D. 2026-Jan-18 00:00:00.0000,  2.534841287742415E-04,  1.567682084901607E-04,  2.416479588208972E+01,  8.125457612109463E+01,  4.880346636259746E+01,  2.461058155886014E+06,  2.851424723082292E+02,  9.812151258016593E+01,  9.815026711037106E+01,  1.568079568184797E-04,  1.568477051467987E-04,  1.262526754032112E+00,
2461059.500000000, A.D. 2026-Jan-19 00:00:00.0000,  3.403620754360597E-04,  1.567628887499054E-04,  2.416427961499535E+01,  8.125565045235696E+01,  3.552084968555499E+01,  2.461059371731576E+06,  2.851198174784470E+02,  3.657186981968864E+01,  3.659511671894168E+01,  1.568162630586621E-04,  1.568696373674189E-04,  1.262627070905772E+00,
2461060.500000000, A.D. 2026-Jan-20 00:00:00.0000,  3.449296860713728E-04,  1.567613048930410E-04,  2.416370692276714E+01,  8.125733140267164E+01,  3.351630990462513E+01,  2.461060627241022E+06,  2.851221844364027E+02,  3.237207617362978E+02,  3.236973652185783E+02,  1.568153951780709E-04,  1.568694854631008E-04,  1.262616589135662E+00,
2461061.500000000, A.D. 2026-Jan-21 00:00:00.0000,  2.430453051371835E-04,  1.567692285050455E-04,  2.416323507398628E+01,  8.125863475830698E+01,  1.864493820175682E+01,  2.461061837493159E+06,  2.851441553327900E+02,  2.637657982955482E+02,  2.637381129711592E+02,  1.568073397927932E-04,  1.568454510805409E-04,  1.262519302139811E+00,
2461062.500000000, A.D. 2026-Jan-22 00:00:00.0000,  2.388636894163713E-04,  1.567821479927137E-04,  2.416263321666372E+01,  8.126007549762927E+01,  3.650859240014033E+01,  2.461061900015679E+06,  2.851106992594077E+02,  1.710619494036929E+02,  1.710662008036804E+02,  1.568196065024957E-04,  1.568570650122777E-04,  1.262667451397376E+00,
2461063.500000000, A.D. 2026-Jan-23 00:00:00.0000,  2.559950883830363E-04,  1.567705435971179E-04,  2.416221457384055E+01,  8.126160362806347E+01,  4.642240949716502E+01,  2.461063197348772E+06,  2.851350272902984E+02,  8.629646617496435E+01,  8.632574039316543E+01,  1.568106863626327E-04,  1.568508291281476E-04,  1.262559719236041E+00,
2461064.500000000, A.D. 2026-Jan-24 00:00:00.0000,  3.636341361031893E-04,  1.567546234513170E-04,  2.416158818112092E+01,  8.126266423025172E+01,  3.541602534043888E+01,  2.461064421165706E+06,  2.851324112039666E+02,  2.247821237735147E+01,  2.249415062079985E+01,  1.568116455185660E-04,  1.568686675858151E-04,  1.262571303205786E+00,
2461065.500000000, A.D. 2026-Jan-25 00:00:00.0000,  3.115481295122319E-04,  1.567696032435261E-04,  2.416109161466807E+01,  8.126441129565306E+01,  3.056503273464060E+01,  2.461065666668089E+06,  2.851138266444969E+02,  3.124806233434346E+02,  3.124542868823287E+02,  1.568184597413315E-04,  1.568673162391369E-04,  1.262653601324208E+00,
2461066.500000000, A.D. 2026-Jan-26 00:00:00.0000,  2.567232057984265E-04,  1.567682111795262E-04,  2.416054965747499E+01,  8.126534506493753E+01,  1.813691015171236E+01,  2.461066885548312E+06,  2.851410792230284E+02,  2.500643381285269E+02,  2.500366857032640E+02,  1.568084675520125E-04,  1.568487239244988E-04,  1.262532922232574E+00,
2461067.500000000, A.D. 2026-Jan-27 00:00:00.0000,  2.388993975505898E-04,  1.567773037592715E-04,  2.415992261805799E+01,  8.126703701596281E+01,  4.520330359235130E+01,  2.461066980312706E+06,  2.851238984615629E+02,  1.481752670763608E+02,  1.481896993215541E+02,  1.568147667125662E-04,  1.568522296658608E-04,  1.262608998903440E+00,
2461068.500000000, A.D. 2026-Jan-28 00:00:00.0000,  2.706777764182266E-04,  1.567734652843705E-04,  2.415952997902232E+01,  8.126822929741610E+01,  4.252719620968256E+01,  2.461068233465506E+06,  2.851207752751645E+02,  7.599452154376762E+01,  7.602461932870297E+01,  1.568159118667016E-04,  1.568583584490327E-04,  1.262622829404736E+00,
2461069.500000000, A.D. 2026-Jan-29 00:00:00.0000,  3.718948028282631E-04,  1.567511874438461E-04,  2.415883627695599E+01,  8.126930535662478E+01,  3.644984397187731E+01,  2.461069474613335E+06,  2.851382519976729E+02,  7.238709201218802E+00,  7.244081443637137E+00,  1.568095040834488E-04,  1.568678207230514E-04,  1.262545440598893E+00,
2461070.500000000, A.D. 2026-Jan-30 00:00:00.0000,  2.885907865250601E-04,  1.567705670641957E-04,  2.415837578852017E+01,  8.127099625832426E+01,  2.597424570535442E+01,  2.461070700329936E+06,  2.851210185513260E+02,  3.028817246103494E+02,  3.028539471570915E+02,  1.568158226657984E-04,  1.568610782674012E-04,  1.262621752086631E+00,
2461071.500000000, A.D. 2026-Jan-31 00:00:00.0000,  2.582139991354008E-04,  1.567742958819231E-04,  2.415780992339776E+01,  8.127176584788263E+01,  2.306253313976900E+01,  2.461071952656718E+06,  2.851238413436123E+02,  2.309367777522051E+02,  2.309138079017617E+02,  1.568147876553672E-04,  1.568552794288112E-04,  1.262609251837878E+00,
2461072.500000000, A.D. 2026-Feb-01 00:00:00.0000,  2.255934653817639E-04,  1.567732089817920E-04,  2.415716602913275E+01,  8.127350856886135E+01,  4.941108435909393E+01,  2.461072044909319E+06,  2.851407616710331E+02,  1.297649035011084E+02,  1.297847710290832E+02,  1.568085839736522E-04,  1.568439589655124E-04,  1.262534328274440E+00,
2461073.500000000, A.D. 2026-Feb-02 00:00:00.0000,  3.017534664165807E-04,  1.567708415472993E-04,  2.415675649507865E+01,  8.127447447205806E+01,  3.874898020738770E+01,  2.461073269974079E+06,  2.851146387162678E+02,  6.558375749982001E+01,  6.561524834149670E+01,  1.568181619712711E-04,  1.568654823952430E-04,  1.262650004997654E+00,
2461074.500000000, A.D. 2026-Feb-03 00:00:00.0000,  3.641023266419809E-04,  1.567549665788511E-04,  2.415605990568180E+01,  8.127560568602797E+01,  3.703577416686695E+01,  2.461074526487155E+06,  2.851312746803951E+02,  3.524476837251949E+02,  3.524421975299638E+02,  1.568120622155494E-04,  1.568691578522476E-04,  1.262576335772095E+00,
2461075.500000000, A.D. 2026-Feb-04 00:00:00.0000,  2.798342969446966E-04,  1.567665934475046E-04,  2.415559457451114E+01,  8.127703662468606E+01,  2.189403453368309E+01,  2.461075735800079E+06,  2.851356054311660E+02,  2.927650017918129E+02,  2.927354291439742E+02,  1.568104743963609E-04,  1.568543553452171E-04,  1.262557159270335E+00,
2461076.500000000, A.D. 2026-Feb-05 00:00:00.0000,  2.430903880079456E-04,  1.567812354270694E-04,  2.415501306049398E+01,  8.127787083175235E+01,  3.008249459415442E+01,  2.461077027071235E+06,  2.851113804878495E+02,  2.097259926564567E+02,  2.097121837754243E+02,  1.568193567053380E-04,  1.568574779836067E-04,  1.262664434453685E+00,
2461077.500000000, A.D. 2026-Feb-06 00:00:00.0000,  2.159917637679155E-04,  1.567740863861970E-04,  2.415441795002612E+01,  8.127942618091333E+01,  4.627039465933074E+01,  2.461077083726926E+06,  2.851424755960486E+02,  1.186971347996770E+02,  1.187188426773793E+02,  1.568079556131027E-04,  1.568418248400084E-04,  1.262526739474618E+00,
2461078.500000000, A.D. 2026-Feb-07 00:00:00.0000,  3.427083103475145E-04,  1.567608910034268E-04,  2.415393484098741E+01,  8.128027406119813E+01,  3.782510818896653E+01,  2.461078316510654E+06,  2.851242640098320E+02,  5.231726491524657E+01,  5.234835280853827E+01,  1.568146326812308E-04,  1.568683743590348E-04,  1.262607380154732E+00,
2461079.500000000, A.D. 2026-Feb-08 00:00:00.0000,  3.438431820168070E-04,  1.567630142895257E-04,  2.415328157433182E+01,  8.128153012363889E+01,  3.606157283988296E+01,  2.461079572863670E+06,  2.851179856797007E+02,  3.392252573315513E+02,  3.392112761954808E+02,  1.568169347233552E-04,  1.568708551571846E-04,  1.262635182911334E+00,
2461080.500000000, A.D. 2026-Feb-09 00:00:00.0000,  2.810324325692897E-04,  1.567636367880907E-04,  2.415279273482897E+01,  8.128255859957243E+01,  2.008065559208079E+01,  2.461080779250150E+06,  2.851431596162606E+02,  2.803737300801074E+02,  2.803420505345483E+02,  1.568077048388272E-04,  1.568517728895636E-04,  1.262523710842232E+00,
2461081.500000000, A.D. 2026-Feb-10 00:00:00.0000,  2.244746623679659E-04,  1.567827338466297E-04,  2.415216868318781E+01,  8.128357018718339E+01,  3.659635340699739E+01,  2.461082099672013E+06,  2.851152563468452E+02,  1.890243601195802E+02,  1.890203264876080E+02,  1.568179354997543E-04,  1.568531371528788E-04,  1.262647269783616E+00,
2461082.500000000, A.D. 2026-Feb-11 00:00:00.0000,  2.342145333047629E-04,  1.567763008044651E-04,  2.415167194525400E+01,  8.128483092502356E+01,  4.104066717618900E+01,  2.461082115174464E+06,  2.851286386777857E+02,  1.097247812417604E+02,  1.097500429653429E+02,  1.568130286947970E-04,  1.568497565851288E-04,  1.262588008238709E+00,
2461083.500000000, A.D. 2026-Feb-12 00:00:00.0000,  3.693814147574445E-04,  1.567513635955496E-04,  2.415109168585027E+01,  8.128557939054453E+01,  4.032450100943735E+01,  2.461083375086902E+06,  2.851388467486245E+02,  3.561757683157506E+01,  3.564223674029910E+01,  1.568092860314710E-04,  1.568672084673924E-04,  1.262542807144662E+00,
2461084.500000000, A.D. 2026-Feb-13 00:00:00.0000,  3.162677323666423E-04,  1.567692642447128E-04,  2.415049136643199E+01,  8.128697861705909E+01,  3.243308973243847E+01,  2.461084609901364E+06,  2.851127323735667E+02,  3.286657216346218E+02,  3.286468685352448E+02,  1.568188609902705E-04,  1.568684577358282E-04,  1.262658447425325E+00,
2461085.500000000, A.D. 2026-Feb-14 00:00:00.0000,  2.809562992174653E-04,  1.567661815852653E-04,  2.414999300617261E+01,  8.128764149524528E+01,  2.090641110074164E+01,  2.461085831970455E+06,  2.851362490907355E+02,  2.653431896618151E+02,  2.653111016386984E+02,  1.568102384095282E-04,  1.568542952337912E-04,  1.262554309204795E+00,
2461086.500000000, A.D. 2026-Feb-15 00:00:00.0000,  2.098776258169809E-04,  1.567798114593113E-04,  2.414931301758132E+01,  8.128880529690790E+01,  4.067059641353607E+01,  2.461085901128958E+06,  2.851294725940573E+02,  1.707557845084926E+02,  1.707596470033520E+02,  1.568127229413001E-04,  1.568456344232889E-04,  1.262584315555961E+00,
2461087.500000000, A.D. 2026-Feb-16 00:00:00.0000,  2.720862306030727E-04,  1.567747897081091E-04,  2.414889794280515E+01,  8.128980124269803E+01,  3.983552083955865E+01,  2.461087160703568E+06,  2.851165597341828E+02,  9.673903137821182E+01,  9.676999351023571E+01,  1.568174575790345E-04,  1.568601254499599E-04,  1.262641497693546E+00,
2461088.500000000, A.D. 2026-Feb-17 00:00:00.0000,  3.662643475975077E-04,  1.567514657565407E-04,  2.414824988332677E+01,  8.129046149440315E+01,  4.316908254137078E+01,  2.461088434887591E+06,  2.851399016824309E+02,  1.856614579158781E+01,  1.857951506567271E+01,  1.568088992657278E-04,  1.568663327749148E-04,  1.262538136107457E+00,
2461089.500000000, A.D. 2026-Feb-18 00:00:00.0000,  2.986761898755509E-04,  1.567679344382509E-04,  2.414768750832354E+01,  8.129185635933133E+01,  2.593382757477539E+01,  2.461089636865226E+06,  2.851238860137885E+02,  3.209764548335734E+02,  3.209548986781866E+02,  1.568147712766520E-04,  1.568616081150532E-04,  1.262609054025697E+00,
2461090.500000000, A.D. 2026-Feb-19 00:00:00.0000,  2.721110587117530E-04,  1.567733446266693E-04,  2.414720365257249E+01,  8.129235429147265E+01,  2.379001318175144E+01,  2.461090891893836E+06,  2.851204912778209E+02,  2.482630370570807E+02,  2.482340762818867E+02,  1.568160159988057E-04,  1.568586873709420E-04,  1.262624087053837E+00,
2461091.500000000, A.D. 2026-Feb-20 00:00:00.0000,  2.032976707715274E-04,  1.567771159392400E-04,  2.414650653280741E+01,  8.129354596604726E+01,  4.101315157043521E+01,  2.461090952160660E+06,  2.851396409883038E+02,  1.562107126370213E+02,  1.562201075376334E+02,  1.568089948426476E-04,  1.568408737460551E-04,  1.262539290406019E+00,
2461092.500000000, A.D. 2026-Feb-21 00:00:00.0000,  3.088159148938502E-04,  1.567681860897737E-04,  2.414611392831300E+01,  8.129434068073475E+01,  4.130912132247342E+01,  2.461092215632512E+06,  2.851188615821585E+02,  8.107853440078964E+01,  8.111349606250316E+01,  1.568166135557595E-04,  1.568650410217453E-04,  1.262631304019373E+00,
2461093.500000000, A.D. 2026-Feb-22 00:00:00.0000,  3.449612844653088E-04,  1.567600913655783E-04,  2.414545260555014E+01,  8.129501036847371E+01,  4.240166019343891E+01,  2.461093482000424E+06,  2.851254817499834E+02,  5.132137923994709E+00,  5.135675488165129E+00,  1.568141861886683E-04,  1.568682810117583E-04,  1.262601987694918E+00,
2461094.500000000, A.D. 2026-Feb-23 00:00:00.0000,  3.059205782028705E-04,  1.567603796627282E-04,  2.414492005554897E+01,  8.129615972025876E+01,  2.111694207934551E+01,  2.461094669758040E+06,  2.851413983204583E+02,  3.115949550699758E+02,  3.115687316175772E+02,  1.568083505639998E-04,  1.568563214652713E-04,  1.262531509351060E+00,
2461095.500000000, A.D. 2026-Feb-24 00:00:00.0000,  2.518415739446783E-04,  1.567800179105588E-04,  2.414442979710584E+01,  8.129671473156709E+01,  2.886250760294839E+01,  2.461095959458617E+06,  2.851109581160637E+02,  2.290033133816086E+02,  2.289815366821952E+02,  1.568195115831812E-04,  1.568590052558035E-04,  1.262666305002034E+00,
2461096.500000000, A.D. 2026-Feb-25 00:00:00.0000,  2.100513564557573E-04,  1.567771569479202E-04,  2.414379214402938E+01,  8.129778742742711E+01,  3.923668708090971E+01,  2.461095995738723E+06,  2.851366399144175E+02,  1.437833662473184E+02,  1.437975848183294E+02,  1.568100951211063E-04,  1.568430332942925E-04,  1.262552578679655E+00,
2461097.500000000, A.D. 2026-Feb-26 00:00:00.0000,  3.340383333693628E-04,  1.567597322997990E-04,  2.414336578332721E+01,  8.129840648477973E+01,  4.355518981832086E+01,  2.461097273297937E+06,  2.851311346496328E+02,  6.463981646798852E+01,  6.467441189867418E+01,  1.568121135568637E-04,  1.568644948139283E-04,  1.262576955836007E+00,
2461098.500000000, A.D. 2026-Feb-27 00:00:00.0000,  3.284350962631768E-04,  1.567673948222528E-04,  2.414272679931942E+01,  8.129919389871353E+01,  3.741845814579079E+01,  2.461098514291807E+06,  2.851126269353409E+02,  3.559252253542013E+02,  3.559225499163198E+02,  1.568188996526561E-04,  1.568704044830594E-04,  1.262658914372258E+00,
2461099.500000000, A.D. 2026-Feb-28 00:00:00.0000,  3.193481025821451E-04,  1.567567970093336E-04,  2.414224378150683E+01,  8.129996972125285E+01,  2.167527888739836E+01,  2.461099721534072E+06,  2.851454286232472E+02,  2.968305720491896E+02,  2.967979111566977E+02,  1.568068729866937E-04,  1.568569489640539E-04,  1.262513664476997E+00,
2461100.500000000, A.D. 2026-Mar-01 00:00:00.0000,  2.213310232865987E-04,  1.567820686109927E-04,  2.414168095031011E+01,  8.130066542749535E+01,  3.449092202079698E+01,  2.461101028943309E+06,  2.851184157509145E+02,  2.091885218454186E+02,  2.091761558457689E+02,  1.568167770287209E-04,  1.568514854464492E-04,  1.262633278358644E+00,
2461101.500000000, A.D. 2026-Mar-02 00:00:00.0000,  2.309513287326586E-04,  1.567785304920638E-04,  2.414116493956666E+01,  8.130155366082361E+01,  3.822390980541132E+01,  2.461101041954748E+06,  2.851239520435505E+02,  1.305996724336692E+02,  1.306197629277258E+02,  1.568147470662636E-04,  1.568509636404634E-04,  1.262608761627339E+00,
2461102.500000000, A.D. 2026-Mar-03 00:00:00.0000,  3.436831539361602E-04,  1.567551174309943E-04,  2.414068025699178E+01,  8.130200202332001E+01,  4.564659535314266E+01,  2.461102330442215E+06,  2.851395995195501E+02,  4.834763879539013E+01,  4.837707396351097E+01,  1.568090100461325E-04,  1.568629026612708E-04,  1.262539474021100E+00,
2461103.500000000, A.D. 2026-Mar-04 00:00:00.0000,  3.246504282957588E-04,  1.567670008706929E-04,  2.414007239794435E+01,  8.130290946008371E+01,  3.155051115974718E+01,  2.461103543463199E+06,  2.851153207817374E+02,  3.476079760978931E+02,  3.475999893641998E+02,  1.568179118729469E-04,  1.568688228752009E-04,  1.262646984430516E+00,
2461104.500000000, A.D. 2026-Mar-05 00:00:00.0000,  3.114967851601810E-04,  1.567631822202703E-04,  2.413965700920278E+01,  8.130339071948175E+01,  2.496138271528094E+01,  2.461104782877535E+06,  2.851313661930889E+02,  2.793427421235425E+02,  2.793075184939380E+02,  1.568120286630733E-04,  1.568608751058763E-04,  1.262575930549186E+00,
2461105.500000000, A.D. 2026-Mar-06 00:00:00.0000,  1.932166400143134E-04,  1.567802839109616E-04,  2.413900024666544E+01,  8.130414080133937E+01,  3.535700879125910E+01,  2.461106081734676E+06,  2.851353110546552E+02,  1.941269020595053E+02,  1.941214993638724E+02,  1.568105823247971E-04,  1.568408807386325E-04,  1.262558462746814E+00,
2461106.500000000, A.D. 2026-Mar-07 00:00:00.0000,  2.651878985856626E-04,  1.567763365570000E-04,  2.413860565938540E+01,  8.130489559959092E+01,  3.918938097871171E+01,  2.461106095086243E+06,  2.851152910568073E+02,  1.154471037169603E+02,  1.154745399020106E+02,  1.568179227724006E-04,  1.568595089878012E-04,  1.262647116068820E+00,
2461107.500000000, A.D. 2026-Mar-08 00:00:00.0000,  3.407124178926265E-04,  1.567572338083534E-04,  2.413807718414396E+01,  8.130521261721795E+01,  4.625996539322102E+01,  2.461107382400955E+06,  2.851350960638168E+02,  3.353161493553255E+01,  3.355318970275141E+01,  1.568106611478645E-04,  1.568640884873755E-04,  1.262559414711360E+00,
2461108.500000000, A.D. 2026-Mar-09 00:00:00.0000,  3.289279186800646E-04,  1.567609667844282E-04,  2.413750944950637E+01,  8.130611891193860E+01,  2.750459289956267E+01,  2.461108579039901E+06,  2.851299529813489E+02,  3.374633568883434E+02,  3.374489048894347E+02,  1.568125468090731E-04,  1.568641268337179E-04,  1.262582188352370E+00,
2461109.500000000, A.D. 2026-Mar-10 00:00:00.0000,  2.805976008049123E-04,  1.567738268704100E-04,  2.413713951268255E+01,  8.130649083854981E+01,  2.748871906340944E+01,  2.461109841527681E+06,  2.851155452185397E+02,  2.626251489066352E+02,  2.625932622190882E+02,  1.568178295771528E-04,  1.568618322838956E-04,  1.262645990502067E+00,
2461110.500000000, A.D. 2026-Mar-11 00:00:00.0000,  1.895776151007103E-04,  1.567784224341777E-04,  2.413646550886633E+01,  8.130717206460770E+01,  3.050955352421492E+01,  2.461111114535091E+06,  2.851419460657868E+02,  1.847702680663882E+02,  1.847684619096391E+02,  1.568081497492356E-04,  1.568378770642934E-04,  1.262529084082712E+00,
2461111.500000000, A.D. 2026-Mar-12 00:00:00.0000,  3.039029716489209E-04,  1.567678920036413E-04,  2.413612785099411E+01,  8.130785799924382E+01,  4.271117390645043E+01,  2.461111157199407E+06,  2.851217656952948E+02,  9.773991049970384E+01,  9.777441618150247E+01,  1.568155487148966E-04,  1.568632054261518E-04,  1.262618443464349E+00,
2461112.500000000, A.D. 2026-Mar-13 00:00:00.0000,  3.321991299192301E-04,  1.567637483479088E-04,  2.413558711544738E+01,  8.130814295266097E+01,  4.442419987849106E+01,  2.461112425745456E+06,  2.851209646369230E+02,  2.117152716416030E+01,  2.118528089162175E+01,  1.568158424343230E-04,  1.568679365207372E-04,  1.262621990839674E+00,
2461113.500000000, A.D. 2026-Mar-14 00:00:00.0000,  3.347697731637742E-04,  1.567556410658704E-04,  2.413508173534478E+01,  8.130888485081142E+01,  2.613887513422609E+01,  2.461113624044357E+06,  2.851419844143441E+02,  3.246297458793208E+02,  3.246075322744225E+02,  1.568081356898855E-04,  1.568606303139006E-04,  1.262528914286009E+00,
2461114.500000000, A.D. 2026-Mar-15 00:00:00.0000,  2.448642203493852E-04,  1.567800407909070E-04,  2.413469956969112E+01,  8.130926606927854E+01,  2.809342452447800E+01,  2.461114893399527E+06,  2.851138804389703E+02,  2.478363341994439E+02,  2.478103511347100E+02,  1.568184400159579E-04,  1.568568392410088E-04,  1.262653363090330E+00,
2461115.500000000, A.D. 2026-Mar-16 00:00:00.0000,  2.133454574860536E-04,  1.567785868515754E-04,  2.413411800075245E+01,  8.130984772747324E+01,  2.940232660643542E+01,  2.461114897904682E+06,  2.851313298488889E+02,  1.716762385410228E+02,  1.716797768006718E+02,  1.568120419884127E-04,  1.568454971252500E-04,  1.262576091483139E+00,
2461116.500000000, A.D. 2026-Mar-17 00:00:00.0000,  3.253946355021297E-04,  1.567587592546562E-04,  2.413376994343872E+01,  8.131042018122960E+01,  4.776596215217236E+01,  2.461116224725077E+06,  2.851374876447421E+02,  7.849119999753181E+01,  7.852774073966224E+01,  1.568097843172673E-04,  1.568608093798784E-04,  1.262548825037451E+00,
2461117.500000000, A.D. 2026-Mar-18 00:00:00.0000,  3.242350227987380E-04,  1.567686707137164E-04,  2.413323603091537E+01,  8.131079588114643E+01,  3.964311003563162E+01,  2.461117458730382E+06,  2.851109430889629E+02,  1.176641955786603E+01,  1.177399921654437E+01,  1.568195170934165E-04,  1.568703634731166E-04,  1.262666371552317E+00,
2461118.500000000, A.D. 2026-Mar-19 00:00:00.0000,  3.330749907317117E-04,  1.567564518083270E-04,  2.413281727023699E+01,  8.131129769444046E+01,  2.668915115921736E+01,  2.461118675783330E+06,  2.851404974087766E+02,  3.098770539979132E+02,  3.098477555367618E+02,  1.568086808582505E-04,  1.568609099081740E-04,  1.262535498364882E+00,
2461119.500000000, A.D. 2026-Mar-20 00:00:00.0000,  2.183189188460479E-04,  1.567800063415459E-04,  2.413236939182761E+01,  8.131168289621900E+01,  2.686559629068276E+01,  2.461119938839300E+06,  2.851253299218678E+02,  2.348757998070676E+02,  2.348553410326780E+02,  1.568142418572878E-04,  1.568484773730297E-04,  1.262602660025505E+00,
2461120.500000000, A.D. 2026-Mar-21 00:00:00.0000,  2.436899380804053E-04,  1.567788436917708E-04,  2.413192810127887E+01,  8.131221676599002E+01,  3.455546804873298E+01,  2.461119965719558E+06,  2.851176482998605E+02,  1.523327830569855E+02,  1.523457460366503E+02,  1.568170584310298E-04,  1.568552731702889E-04,  1.262636676988108E+00,
2461121.500000000, A.D. 2026-Mar-22 00:00:00.0000,  3.196754807463027E-04,  1.567574730546772E-04,  2.413155527512725E+01,  8.131257533616514E+01,  5.124549835137280E+01,  2.461121286743300E+06,  2.851434439429295E+02,  6.080874991762091E+01,  6.084073585764040E+01,  1.568076005997837E-04,  1.568577281448901E-04,  1.262522451934939E+00,
2461122.500000000, A.D. 2026-Mar-23 00:00:00.0000,  3.288080273286914E-04,  1.567656905893060E-04,  2.413103678220627E+01,  8.131308179316197E+01,  3.307779568011893E+01,  2.461122485450936E+06,  2.851171166813736E+02,  4.148187355444469E+00,  4.150914005249032E+00,  1.568172533610347E-04,  1.568688161327635E-04,  1.262639031252235E+00,
2461123.500000000, A.D. 2026-Mar-24 00:00:00.0000,  3.189631034042355E-04,  1.567636389486561E-04,  2.413071459861903E+01,  8.131343114015340E+01,  2.772221303985707E+01,  2.461123729204786E+06,  2.851269258080220E+02,  2.946475438897223E+02,  2.946143179884845E+02,  1.568136567192595E-04,  1.568636744898628E-04,  1.262595593102248E+00,
2461124.500000000, A.D. 2026-Mar-25 00:00:00.0000,  2.078269388487105E-04,  1.567774500201887E-04,  2.413019913499613E+01,  8.131376450316068E+01,  2.455655975546580E+01,  2.461124980514179E+06,  2.851367919757787E+02,  2.229877284260577E+02,  2.229714933061311E+02,  1.568100393706518E-04,  1.568426287211149E-04,  1.262551905369619E+00,
2461125.500000000, A.D. 2026-Mar-26 00:00:00.0000,  2.683793749219415E-04,  1.567753025257291E-04,  2.412986757617548E+01,  8.131430421273852E+01,  4.122352332011184E+01,  2.461125038851947E+06,  2.851167465496969E+02,  1.314810325010806E+02,  1.315040675191478E+02,  1.568173890785869E-04,  1.568594756314446E-04,  1.262640670379741E+00,
2461126.500000000, A.D. 2026-Mar-27 00:00:00.0000,  3.057330716877397E-04,  1.567640804221424E-04,  2.412949250589743E+01,  8.131445963532855E+01,  4.985793049255435E+01,  2.461126331673043E+06,  2.851313815198566E+02,  4.799529776541109E+01,  4.802133815494127E+01,  1.568120230436250E-04,  1.568599656651077E-04,  1.262575862681497E+00,
2461127.500000000, A.D. 2026-Mar-28 00:00:00.0000,  3.487424176389886E-04,  1.567559535832753E-04,  2.412900603720708E+01,  8.131499409187779E+01,  2.936833480437312E+01,  2.461127522214239E+06,  2.851351534584028E+02,  3.536659397423571E+02,  3.536615289136603E+02,  1.568106401050171E-04,  1.568653266267588E-04,  1.262559160571967E+00,
2461128.500000000, A.D. 2026-Mar-29 00:00:00.0000,  2.907143770435920E-04,  1.567727101233086E-04,  2.412875349468709E+01,  8.131534838310768E+01,  2.845373055564734E+01,  2.461128781538233E+06,  2.851142637663352E+02,  2.797294339392370E+02,  2.796965976648706E+02,  1.568182994575444E-04,  1.568638887917803E-04,  1.262651665491689E+00,
2461129.500000000, A.D. 2026-Mar-30 00:00:00.0000,  2.132397685362903E-04,  1.567765093040709E-04,  2.412823699155791E+01,  8.131560112775860E+01,  2.387263533124235E+01,  2.461130027919623E+06,  2.851370427721425E+02,  2.094705598587661E+02,  2.094585409725952E+02,  1.568099474209632E-04,  1.568433855378554E-04,  1.262550794874034E+00,
2461130.500000000, A.D. 2026-Mar-31 00:00:00.0000,  2.838963209874058E-04,  1.567685502492221E-04,  2.412795823186860E+01,  8.131613910719661E+01,  4.672076747185407E+01,  2.461130107908997E+06,  2.851285290148679E+02,  1.117963309712604E+02,  1.118265333779862E+02,  1.568130689025662E-04,  1.568575875559104E-04,  1.262588493841063E+00,
2461131.500000000, A.D. 2026-Apr-01 00:00:00.0000,  3.086832910652343E-04,  1.567696659168962E-04,  2.412759765323455E+01,  8.131622834563990E+01,  4.444192808115020E+01,  2.461131362437459E+06,  2.851148812598761E+02,  3.922112747657106E+01,  3.924350072648419E+01,  1.568180730357794E-04,  1.568664801546626E-04,  1.262648930877332E+00,
2461132.500000000, A.D. 2026-Apr-02 00:00:00.0000,  3.618414163480996E-04,  1.567500688217044E-04,  2.412717826968377E+01,  8.131666447568711E+01,  3.045531829054483E+01,  2.461132575831068E+06,  2.851456058334988E+02,  3.383771041324779E+02,  3.383618183948061E+02,  1.568068080192111E-04,  1.568635472167179E-04,  1.262512879859035E+00,
2461133.500000000, A.D. 2026-Apr-03 00:00:00.0000,  2.518663933301627E-04,  1.567781264165596E-04,  2.412692410188739E+01,  8.131706528196764E+01,  2.722559327227980E+01,  2.461133826972683E+06,  2.851161072168983E+02,  2.667748213367743E+02,  2.667460057987877E+02,  1.568176235058026E-04,  1.568571205950456E-04,  1.262643501673986E+00,
2461134.500000000, A.D. 2026-Apr-04 00:00:00.0000,  2.270939871590343E-04,  1.567783922110918E-04,  2.412649857441717E+01,  8.131727414252286E+01,  2.653928682596752E+01,  2.461135087081796E+06,  2.851259793848324E+02,  1.926077278643275E+02,  1.926020492587772E+02,  1.568140037284409E-04,  1.568496152457899E-04,  1.262599784055843E+00,
2461135.500000000, A.D. 2026-Apr-05 00:00:00.0000,  2.882222496107464E-04,  1.567636166315600E-04,  2.412623629880098E+01,  8.131773348012075E+01,  5.031462177575705E+01,  2.461135170315927E+06,  2.851401385611986E+02,  9.400616234761391E+01,  9.403910865132197E+01,  1.568088124202345E-04,  1.568540082089091E-04,  1.262537087260110E+00,
2461136.500000000, A.D. 2026-Apr-06 00:00:00.0000,  3.276105704859006E-04,  1.567679350460837E-04,  2.412588863682516E+01,  8.131787834050738E+01,  3.933409936782376E+01,  2.461136394264768E+06,  2.851115059234440E+02,  3.014633130307162E+01,  3.016519165722341E+01,  1.568193107099286E-04,  1.568706863737735E-04,  1.262663878940980E+00,
2461137.500000000, A.D. 2026-Apr-07 00:00:00.0000,  3.493613981817118E-04,  1.567551633954679E-04,  2.412557329527884E+01,  8.131821036687637E+01,  3.278285975185118E+01,  2.461137633802801E+06,  2.851370446357464E+02,  3.218478646697175E+02,  3.218231251861179E+02,  1.568099467377090E-04,  1.568647300799500E-04,  1.262550786622232E+00,
2461138.500000000, A.D. 2026-Apr-08 00:00:00.0000,  2.247967826487516E-04,  1.567768762862240E-04,  2.412525931661506E+01,  8.131855122994959E+01,  2.185745488915646E+01,  2.461138857894507E+06,  2.851310975808429E+02,  2.579531464709650E+02,  2.579279554372025E+02,  1.568121271478871E-04,  1.568473780095503E-04,  1.262577119978748E+00,
2461139.500000000, A.D. 2026-Apr-09 00:00:00.0000,  2.454049801015113E-04,  1.567794983114960E-04,  2.412496474398807E+01,  8.131882535764817E+01,  3.245434342411160E+01,  2.461138894960491E+06,  2.851151289172693E+02,  1.725059177544607E+02,  1.725095843309767E+02,  1.568179822253036E-04,  1.568564661391112E-04,  1.262647834112163E+00,
2461140.500000000, A.D. 2026-Apr-10 00:00:00.0000,  2.858564237762456E-04,  1.567641422309183E-04,  2.412471611055425E+01,  8.131912646919143E+01,  5.130103386396529E+01,  2.461140223578233E+06,  2.851397167092367E+02,  7.881882443906669E+01,  7.885096163913363E+01,  1.568089670814643E-04,  1.568537919320103E-04,  1.262538955129495E+00,
2461141.500000000, A.D. 2026-Apr-11 00:00:00.0000,  3.476485242800240E-04,  1.567604554330151E-04,  2.412437852098670E+01,  8.131934811132572E+01,  3.642250070448183E+01,  2.461141433809892E+06,  2.851233387758127E+02,  1.887234469198260E+01,  1.888523588731828E+01,  1.568149719265904E-04,  1.568694884201657E-04,  1.262611477354582E+00,
2461142.500000000, A.D. 2026-Apr-12 00:00:00.0000,  3.170509100772856E-04,  1.567662615221866E-04,  2.412416530840535E+01,  8.131967493691366E+01,  3.228568634968965E+01,  2.461142681840446E+06,  2.851205889890737E+02,  3.081535450336540E+02,  3.081249685831409E+02,  1.568159801714146E-04,  1.568656988206426E-04,  1.262623654350671E+00,
2461143.500000000, A.D. 2026-Apr-13 00:00:00.0000,  2.297767071439147E-04,  1.567723474122213E-04,  2.412381539288229E+01,  8.131985544690410E+01,  1.676336897626150E+01,  2.461143889817007E+06,  2.851413225991565E+02,  2.488470629192230E+02,  2.488225091270808E+02,  1.568083783250454E-04,  1.568444092378695E-04,  1.262531844625262E+00,
2461144.500000000, A.D. 2026-Apr-14 00:00:00.0000,  2.634739909636982E-04,  1.567756428883020E-04,  2.412360512917875E+01,  8.132029402315050E+01,  4.080502120608580E+01,  2.461143973997553E+06,  2.851179165298801E+02,  1.499727217280295E+02,  1.499878258154489E+02,  1.568169600786247E-04,  1.568582772689474E-04,  1.262635489139008E+00,
2461145.500000000, A.D. 2026-Apr-15 00:00:00.0000,  2.866058420281764E-04,  1.567688298506118E-04,  2.412338927668807E+01,  8.132044082920632E+01,  4.960005926681654E+01,  2.461145267390321E+06,  2.851266070458814E+02,  6.632320853877336E+01,  6.635329095975271E+01,  1.568137735942344E-04,  1.568587173378569E-04,  1.262597004642468E+00,
2461146.500000000, A.D. 2026-Apr-16 00:00:00.0000,  3.596760318499432E-04,  1.567532606819045E-04,  2.412307708688883E+01,  8.132068797683571E+01,  3.572906552044088E+01,  2.461146481163366E+06,  2.851378230205943E+02,  5.371036683035717E+00,  5.374896420775011E+00,  1.568096613586578E-04,  1.568660620354110E-04,  1.262547340041937E+00,
2461147.500000000, A.D. 2026-Apr-17 00:00:00.0000,  2.850254598230782E-04,  1.567735216520629E-04,  2.412292049955905E+01,  8.132108514480377E+01,  2.829339341994260E+01,  2.461147717587407E+06,  2.851144836330533E+02,  2.979626787666962E+02,  2.979338255626371E+02,  1.568182188369955E-04,  1.568629160219281E-04,  1.262650691794828E+00,
2461148.500000000, A.D. 2026-Apr-18 00:00:00.0000,  2.480809088975293E-04,  1.567721260523416E-04,  2.412261776846298E+01,  8.132114698466258E+01,  1.847835696262340E+01,  2.461148945647150E+06,  2.851340958157388E+02,  2.329308027542331E+02,  2.329081240798962E+02,  1.568110278746619E-04,  1.568499296969822E-04,  1.262563843759469E+00,
2461149.500000000, A.D. 2026-Apr-19 00:00:00.0000,  2.681794052604408E-04,  1.567690514247148E-04,  2.412241994380304E+01,  8.132170806761798E+01,  4.877049801373309E+01,  2.461149051725972E+06,  2.851338856381445E+02,  1.278181152818070E+02,  1.278423866654371E+02,  1.568111049335741E-04,  1.568531584424333E-04,  1.262564774419221E+00,
2461150.500000000, A.D. 2026-Apr-20 00:00:00.0000,  2.971435863827147E-04,  1.567723097705866E-04,  2.412224930215537E+01,  8.132180321978173E+01,  4.558088143771263E+01,  2.461150303041381E+06,  2.851126055257865E+02,  5.615538489512623E+01,  5.618367113023847E+01,  1.568189075031747E-04,  1.568655052357628E-04,  1.262659009187303E+00,
2461151.500000000, A.D. 2026-Apr-21 00:00:00.0000,  3.584492573815462E-04,  1.567520987113095E-04,  2.412199378997400E+01,  8.132202692201058E+01,  3.619866877471972E+01,  2.461151532612729E+06,  2.851415184217237E+02,  3.507007569964680E+02,  3.506941166770761E+02,  1.568083065323373E-04,  1.568645143533651E-04,  1.262530977574303E+00,
2461152.500000000, A.D. 2026-Apr-22 00:00:00.0000,  2.660115883217984E-04,  1.567733907178327E-04,  2.412184316290589E+01,  8.132245383760628E+01,  2.294245230238813E+01,  2.461152748564209E+06,  2.851229748791254E+02,  2.891286333366810E+02,  2.890998306100305E+02,  1.568151053530805E-04,  1.568568199883284E-04,  1.262613088800080E+00,
2461153.500000000, A.D. 2026-Apr-23 00:00:00.0000,  2.544503182777900E-04,  1.567767099583116E-04,  2.412164559809047E+01,  8.132254351733015E+01,  2.560532278256619E+01,  2.461154020442778E+06,  2.851188658383461E+02,  2.116119453810554E+02,  2.115966660356514E+02,  1.568166119951450E-04,  1.568565140319784E-04,  1.262631285171109E+00,
2461154.500000000, A.D. 2026-Apr-24 00:00:00.0000,  2.549561728680271E-04,  1.567669268737377E-04,  2.412144918836356E+01,  8.132306456896342E+01,  5.251920319315384E+01,  2.461154114689797E+06,  2.851453392220504E+02,  1.098694086204733E+02,  1.098968822428573E+02,  1.568069057623101E-04,  1.568468846508826E-04,  1.262514060311041E+00,
2461155.500000000, A.D. 2026-Apr-25 00:00:00.0000,  3.225119155098831E-04,  1.567683664085662E-04,  2.412131040986693E+01,  8.132323048689375E+01,  4.091729961703684E+01,  2.461155336425233E+06,  2.851125103948930E+02,  4.663721242341637E+01,  4.666408847228584E+01,  1.568189423860634E-04,  1.568695183635606E-04,  1.262659430487230E+00,
2461156.500000000, A.D. 2026-Apr-26 00:00:00.0000,  3.443737049471169E-04,  1.567579539331378E-04,  2.412113362576067E+01,  8.132346333273637E+01,  3.611867930264511E+01,  2.461156582127113E+06,  2.851315647944787E+02,  3.365829677535385E+02,  3.365672784138966E+02,  1.568119558473529E-04,  1.568659577615681E-04,  1.262575051132926E+00,
2461157.500000000, A.D. 2026-Apr-27 00:00:00.0000,  2.625687625203626E-04,  1.567694763787366E-04,  2.412096804290598E+01,  8.132380886626746E+01,  1.868846488589880E+01,  2.461157783413382E+06,  2.851351265868889E+02,  2.791888895743659E+02,  2.791591859689232E+02,  1.568106499570459E-04,  1.568518235353552E-04,  1.262559279557223E+00,
2461158.500000000, A.D. 2026-Apr-28 00:00:00.0000,  2.497356028915392E-04,  1.567793032355998E-04,  2.412085955077151E+01,  8.132404322180818E+01,  3.417123592086686E+01,  2.461159100242069E+06,  2.851138085128566E+02,  1.888626977841626E+02,  1.888582901129658E+02,  1.568184663898482E-04,  1.568576295440966E-04,  1.262653681621901E+00,
2461159.500000000, A.D. 2026-Apr-29 00:00:00.0000,  2.461219685741331E-04,  1.567709728568229E-04,  2.412070904547889E+01,  8.132441894776659E+01,  5.029251108317371E+01,  2.461159156679182E+06,  2.851380800176390E+02,  9.789383885003670E+01,  9.792177391901845E+01,  1.568095671361777E-04,  1.568481614155325E-04,  1.262546202098751E+00,
2461160.500000000, A.D. 2026-Apr-30 00:00:00.0000,  3.546920626567514E-04,  1.567576102494383E-04,  2.412058155788163E+01,  8.132467642627066E+01,  3.921720431271079E+01,  2.461160380229781E+06,  2.851280878437054E+02,  3.414985342401813E+01,  3.417267808690824E+01,  1.568132306576722E-04,  1.568688510659060E-04,  1.262590447410906E+00,
2461161.500000000, A.D. 2026-May-01 00:00:00.0000,  3.199867239853658E-04,  1.567667491557044E-04,  2.412047393973702E+01,  8.132503422456659E+01,  3.428893819519528E+01,  2.461161625477810E+06,  2.851180026770368E+02,  3.242240175005118E+02,  3.242025739129190E+02,  1.568169284909177E-04,  1.568671078261310E-04,  1.262635107639221E+00,
2461162.500000000, A.D. 2026-May-02 00:00:00.0000,  2.679861671365023E-04,  1.567675491659907E-04,  2.412031868750464E+01,  8.132524474854172E+01,  1.760002889307105E+01,  2.461162829394091E+06,  2.851380668545191E+02,  2.660772055656715E+02,  2.660465692632834E+02,  1.568095719621512E-04,  1.568515947583116E-04,  1.262546260382962E+00,
2461163.500000000, A.D. 2026-May-03 00:00:00.0000,  2.425099818658036E-04,  1.567767438916194E-04,  2.412023696558056E+01,  8.132564459730487E+01,  4.137149794352102E+01,  2.461162912614147E+06,  2.851238812062306E+02,  1.674777341880778E+02,  1.674837577180697E+02,  1.568147730393854E-04,  1.568528021871514E-04,  1.262609075314920E+00,
2461164.500000000, A.D. 2026-May-04 00:00:00.0000,  2.639961215882325E-04,  1.567747079950192E-04,  2.412016290022695E+01,  8.132592674722538E+01,  4.617966313339451E+01,  2.461164192012694E+06,  2.851202435315396E+02,  8.781341557409304E+01,  8.784364565348702E+01,  1.568161068390273E-04,  1.568575056830354E-04,  1.262625184171384E+00,
2461165.500000000, A.D. 2026-May-05 00:00:00.0000,  3.693131045520814E-04,  1.567499735653672E-04,  2.412004828135887E+01,  8.132619317135973E+01,  4.108195455407158E+01,  2.461165436571110E+06,  2.851426688240056E+02,  1.808628316093589E+01,  1.809942717567521E+01,  1.568078847721106E-04,  1.568657959788540E-04,  1.262525883918823E+00,
2461166.500000000, A.D. 2026-May-06 00:00:00.0000,  2.917001199339320E-04,  1.567720890908730E-04,  2.411997249045496E+01,  8.132673218195828E+01,  2.931693559175145E+01,  2.461166657783919E+06,  2.851155362341218E+02,  3.150133531678945E+02,  3.149897165682169E+02,  1.568178328715294E-04,  1.568635766521857E-04,  1.262646030289935E+00,
2461167.500000000, A.D. 2026-May-07 00:00:00.0000,  2.710106057172553E-04,  1.567705792744184E-04,  2.411988760951356E+01,  8.132687887044376E+01,  1.987833405616123E+01,  2.461167887190692E+06,  2.851285061621845E+02,  2.496008964845431E+02,  2.495717919661533E+02,  1.568130772814768E-04,  1.568555752885353E-04,  1.262588595035909E+00,
2461168.500000000, A.D. 2026-May-08 00:00:00.0000,  2.344124438476172E-04,  1.567727823278024E-04,  2.411978993266685E+01,  8.132738269653355E+01,  4.570564604173929E+01,  2.461167977621895E+06,  2.851381528455775E+02,  1.489499280589302E+02,  1.489637794900746E+02,  1.568095404353945E-04,  1.568462985429866E-04,  1.262545879628271E+00,
2461169.500000000, A.D. 2026-May-09 00:00:00.0000,  2.980196763982860E-04,  1.567727279659497E-04,  2.411978218032668E+01,  8.132769448298316E+01,  4.445232076496102E+01,  2.461169235692836E+06,  2.851110899222743E+02,  7.535690346875991E+01,  7.538994788459756E+01,  1.568194632516409E-04,  1.568661985373321E-04,  1.262665721274264E+00,
2461170.500000000, A.D. 2026-May-10 00:00:00.0000,  3.553255592119939E-04,  1.567531651870932E-04,  2.411970428113889E+01,  8.132793726233368E+01,  4.285852081489806E+01,  2.461170492611199E+06,  2.851399449813850E+02,  2.106842395580753E+00,  2.108339952788581E+00,  1.568088833912736E-04,  1.568646015954540E-04,  1.262537944389034E+00,
2461171.500000000, A.D. 2026-May-11 00:00:00.0000,  2.807036876801473E-04,  1.567692430002579E-04,  2.411962519515678E+01,  8.132855267382372E+01,  2.169315828640489E+01,  2.461171680796362E+06,  2.851280049219743E+02,  3.084498939261804E+02,  3.084246973400245E+02,  1.568132610609149E-04,  1.568572791215719E-04,  1.262590814601023E+00,
2461172.500000000, A.D. 2026-May-12 00:00:00.0000,  2.669419238123103E-04,  1.567759615452996E-04,  2.411964698827981E+01,  8.132878681843000E+01,  2.503266721996313E+01,  2.461172955053322E+06,  2.851155637104391E+02,  2.302572157691788E+02,  2.302336999967166E+02,  1.568178227966050E-04,  1.568596840479104E-04,  1.262645908609930E+00,
2461173.500000000, A.D. 2026-May-13 00:00:00.0000,  2.295382939151042E-04,  1.567718565289152E-04,  2.411954443203137E+01,  8.132929799182637E+01,  4.669377348649639E+01,  2.461173030898676E+06,  2.851427638460908E+02,  1.337608479288068E+02,  1.337798411634616E+02,  1.568078499352618E-04,  1.568438433416085E-04,  1.262525463189780E+00,
2461174.500000000, A.D. 2026-May-14 00:00:00.0000,  3.285979013401357E-04,  1.567652997897047E-04,  2.411957555475888E+01,  8.132970149179975E+01,  4.455628943067187E+01,  2.461174285812092E+06,  2.851182727287250E+02,  6.106888641835804E+01,  6.110184829834066E+01,  1.568168294707636E-04,  1.568683591518225E-04,  1.262633911725893E+00,
2461175.500000000, A.D. 2026-May-15 00:00:00.0000,  3.280031622007055E-04,  1.567630086338619E-04,  2.411954708225485E+01,  8.133000152641353E+01,  4.058389114066670E+01,  2.461175534419146E+06,  2.851247778785065E+02,  3.501862486188933E+02,  3.501798395792441E+02,  1.568144442674604E-04,  1.568658799010589E-04,  1.262605104609317E+00,
2461176.500000000, A.D. 2026-May-16 00:00:00.0000,  2.957847139153608E-04,  1.567621271090760E-04,  2.411947422483425E+01,  8.133054669677254E+01,  1.737512150404022E+01,  2.461176715439054E+06,  2.851409670722796E+02,  2.985694998161591E+02,  2.985397271866771E+02,  1.568085086689522E-04,  1.568548902288283E-04,  1.262533418808054E+00,
2461177.500000000, A.D. 2026-May-17 00:00:00.0000,  2.539370404658994E-04,  1.567786726739988E-04,  2.411955527294780E+01,  8.133098275406209E+01,  3.273760264164417E+01,  2.461178031825475E+06,  2.851137313105340E+02,  2.083692543144543E+02,  2.083554317044054E+02,  1.568184946984328E-04,  1.568583167228669E-04,  1.262654023519839E+00,
2461178.500000000, A.D. 2026-May-18 00:00:00.0000,  2.350707220012535E-04,  1.567745582272400E-04,  2.411949463401546E+01,  8.133145143406644E+01,  4.578113239566009E+01,  2.461178077482259E+06,  2.851330262969477E+02,  1.204737620473288E+02,  1.204969746544346E+02,  1.568114200009577E-04,  1.568482817746754E-04,  1.262568579569184E+00,
2461179.500000000, A.D. 2026-May-19 00:00:00.0000,  3.460954689115049E-04,  1.567572626969405E-04,  2.411954438736280E+01,  8.133191545664781E+01,  4.549552535588388E+01,  2.461179338892431E+06,  2.851327141169483E+02,  4.593703846346446E+01,  4.596554549019717E+01,  1.568115344584896E-04,  1.568658062200387E-04,  1.262569961903230E+00,
2461180.500000000, A.D. 2026-May-20 00:00:00.0000,  3.101668727692287E-04,  1.567692143513242E-04,  2.411954276531290E+01,  8.133236889300308E+01,  3.438404640954381E+01,  2.461180562429198E+06,  2.851154784633983E+02,  3.422004693797887E+02,  3.421896004678305E+02,  1.568178540547108E-04,  1.568664937580973E-04,  1.262646286130043E+00,
2461181.500000000, A.D. 2026-May-21 00:00:00.0000,  3.102948432849762E-04,  1.567610067665300E-04,  2.411953075966074E+01,  8.133282412949184E+01,  1.905459187883523E+01,  2.461181771143661E+06,  2.851378158253422E+02,  2.826866885672968E+02,  2.826519965515653E+02,  1.568096639966455E-04,  1.568583212267609E-04,  1.262547371901431E+00,
2461182.500000000, A.D. 2026-May-22 00:00:00.0000,  2.317333938897575E-04,  1.567769833561190E-04,  2.411957726898396E+01,  8.133343514675870E+01,  4.005758341010866E+01,  2.461183107228506E+06,  2.851278380638012E+02,  1.868622489593132E+02,  1.868590770452469E+02,  1.568133222394887E-04,  1.568496611228583E-04,  1.262591553475200E+00,
2461183.500000000, A.D. 2026-May-23 00:00:00.0000,  2.543814459055666E-04,  1.567772741288255E-04,  2.411959836543566E+01,  8.133392436819604E+01,  4.473163316852075E+01,  2.461183123551201E+06,  2.851173562814895E+02,  1.073320864217088E+02,  1.073599101713796E+02,  1.568171655061298E-04,  1.568570568834341E-04,  1.262637970185795E+00,
2461184.500000000, A.D. 2026-May-24 00:00:00.0000,  3.470052419848334E-04,  1.567543843278395E-04,  2.411966409324290E+01,  8.133438564619601E+01,  4.632926431005795E+01,  2.461184391622894E+06,  2.851401784319416E+02,  3.090266718320091E+01,  3.092309676289969E+01,  1.568087978026663E-04,  1.568632112774932E-04,  1.262536910721356E+00,
2461185.500000000, A.D. 2026-May-25 00:00:00.0000,  3.080744709505719E-04,  1.567674910013158E-04,  2.411965628019924E+01,  8.133500710381247E+01,  2.785296568060630E+01,  2.461185589271980E+06,  2.851210750586775E+02,  3.345466769566409E+02,  3.345314994241003E+02,  1.568158019465371E-04,  1.568641128917584E-04,  1.262621501851143E+00,
2461186.500000000, A.D. 2026-May-26 00:00:00.0000,  3.005757859265780E-04,  1.567683578822981E-04,  2.411974718179824E+01,  8.133549238162686E+01,  2.343738430549553E+01,  2.461186836320961E+06,  2.851219181311034E+02,  2.641075225296241E+02,  2.640732623939305E+02,  1.568154928222986E-04,  1.568626277622992E-04,  1.262617768425879E+00,
2461187.500000000, A.D. 2026-May-27 00:00:00.0000,  2.097367120064344E-04,  1.567745603853368E-04,  2.411972506780005E+01,  8.133614058154369E+01,  4.169684464185377E+01,  2.461186900216985E+06,  2.851438583699168E+02,  1.710244428918158E+02,  1.710281915486170E+02,  1.568074486640377E-04,  1.568403369427386E-04,  1.262520616989661E+00,
2461188.500000000, A.D. 2026-May-28 00:00:00.0000,  2.882647523792482E-04,  1.567741837503521E-04,  2.411982411697224E+01,  8.133678304837342E+01,  4.468208465050496E+01,  2.461188173118179E+06,  2.851112917267508E+02,  9.319769828584221E+01,  9.323067889677371E+01,  1.568193892527632E-04,  1.568645947551744E-04,  1.262664827547490E+00,
2461189.500000000, A.D. 2026-May-29 00:00:00.0000,  3.360783737680146E-04,  1.567583287349488E-04,  2.411991327915914E+01,  8.133722375299641E+01,  4.565361275299347E+01,  2.461189439054834E+06,  2.851340912987894E+02,  1.737754454019441E+01,  1.738905133227023E+01,  1.568110295307424E-04,  1.568637303265359E-04,  1.262563863760364E+00,
2461190.500000000, A.D. 2026-May-30 00:00:00.0000,  3.165173079353904E-04,  1.567614852657132E-04,  2.411989391427290E+01,  8.133794073125215E+01,  2.361744101065531E+01,  2.461190624189899E+06,  2.851338480934646E+02,  3.245892561085395E+02,  3.245682331357185E+02,  1.568111186988581E-04,  1.568607521320030E-04,  1.262564940666023E+00,
2461191.500000000, A.D. 2026-May-31 00:00:00.0000,  2.721407034981859E-04,  1.567765150535893E-04,  2.412007170985054E+01,  8.133857524427380E+01,  2.762613833873806E+01,  2.461191900782033E+06,  2.851118298285068E+02,  2.457323012247680E+02,  2.457038758336464E+02,  1.568191919388056E-04,  1.568618688240218E-04,  1.262662444474991E+00,
2461192.500000000, A.D. 2026-Jun-01 00:00:00.0000,  2.083051493444423E-04,  1.567749856502819E-04,  2.412003564817843E+01,  8.133917268023293E+01,  3.817207513707933E+01,  2.461191937671009E+06,  2.851433105848458E+02,  1.603443499423095E+02,  1.603523770441219E+02,  1.568076494911276E-04,  1.568403133319732E-04,  1.262523042401446E+00,
2461193.500000000, A.D. 2026-Jun-02 00:00:00.0000,  3.242942948298254E-04,  1.567645057685937E-04,  2.412017209651919E+01,  8.134002049868067E+01,  4.688663724018400E+01,  2.461193230619085E+06,  2.851222801180497E+02,  7.680650055979530E+01,  7.684268441185779E+01,  1.568153600952143E-04,  1.568662144218348E-04,  1.262616165425404E+00,
2461194.500000000, A.D. 2026-Jun-03 00:00:00.0000,  3.210940920357731E-04,  1.567655238046557E-04,  2.412027655893685E+01,  8.134050790976428E+01,  4.246089418738378E+01,  2.461194477633769E+06,  2.851208718498131E+02,  6.377079406085168E+00,  6.381167871815094E+00,  1.568158764561233E-04,  1.568662291075908E-04,  1.262622401735743E+00,
2461195.500000000, A.D. 2026-Jun-04 00:00:00.0000,  3.261892956116579E-04,  1.567577412146151E-04,  2.412027489698843E+01,  8.134124141107731E+01,  2.245289228084322E+01,  2.461195669907634E+06,  2.851399253293633E+02,  3.115525498670809E+02,  3.115245701577116E+02,  1.568088905961843E-04,  1.568600399777535E-04,  1.262538031403937E+00,
2461196.500000000, A.D. 2026-Jun-05 00:00:00.0000,  2.429287178877360E-04,  1.567788164659485E-04,  2.412047225627111E+01,  8.134202141728498E+01,  3.071359983484463E+01,  2.461196961353089E+06,  2.851180482045722E+02,  2.284599077419252E+02,  2.284390757345581E+02,  1.568169117972745E-04,  1.568550071286005E-04,  1.262634906022154E+00,
2461197.500000000, A.D. 2026-Jun-06 00:00:00.0000,  2.314669425762540E-04,  1.567772940049729E-04,  2.412048926117511E+01,  8.134262317646116E+01,  3.790886384004479E+01,  2.461196986514413E+06,  2.851271045927239E+02,  1.464086586633096E+02,  1.464233300330198E+02,  1.568135911674749E-04,  1.568498883299768E-04,  1.262594801410496E+00,
2461198.500000000, A.D. 2026-Jun-07 00:00:00.0000,  3.381748392214734E-04,  1.567563884108524E-04,  2.412063662455762E+01,  8.134356314602051E+01,  5.055155058609831E+01,  2.461198293280026E+06,  2.851384884038752E+02,  5.894382096604294E+01,  5.897702555124296E+01,  1.568094174103735E-04,  1.568624464098947E-04,  1.262544393831848E+00,
2461199.500000000, A.D. 2026-Jun-08 00:00:00.0000,  3.102581905392864E-04,  1.567693449213006E-04,  2.412072496874285E+01,  8.134419999472495E+01,  3.609607982235648E+01,  2.461199505063917E+06,  2.851150831969775E+02,  3.585562007986795E+02,  3.585553046450030E+02,  1.568179989899111E-04,  1.568666530585217E-04,  1.262648036586990E+00,
2461200.500000000, A.D. 2026-Jun-09 00:00:00.0000,  3.264114818176507E-04,  1.567604086068504E-04,  2.412078869600381E+01,  8.134496799802400E+01,  2.337119660487424E+01,  2.461200722941002E+06,  2.851325525060431E+02,  2.964322630398984E+02,  2.963987631245224E+02,  1.568115937115199E-04,  1.568627788161894E-04,  1.262570677518030E+00,
2461201.500000000, A.D. 2026-Jun-10 00:00:00.0000,  2.227851897223211E-04,  1.567763669937528E-04,  2.412093562578674E+01,  8.134579440461744E+01,  3.202967828397139E+01,  2.461202015720027E+06,  2.851333475162704E+02,  2.129510223709937E+02,  2.129371396681672E+02,  1.568113022294705E-04,  1.568462374651883E-04,  1.262567157212144E+00,
2461202.500000000, A.D. 2026-Jun-11 00:00:00.0000,  2.617223060691247E-04,  1.567774568248871E-04,  2.412101833055728E+01,  8.134653961535716E+01,  4.236443999478649E+01,  2.461202051882166E+06,  2.851137176042275E+02,  1.277645415944375E+02,  1.277882458867946E+02,  1.568184997242692E-04,  1.568595426236513E-04,  1.262654084219560E+00,
2461203.500000000, A.D. 2026-Jun-12 00:00:00.0000,  3.242763176293273E-04,  1.567576994292376E-04,  2.412118544472891E+01,  8.134742244305370E+01,  5.231101640245728E+01,  2.461203349270242E+06,  2.851408578071340E+02,  4.297921259338205E+01,  4.300455284686645E+01,  1.568085487279919E-04,  1.568593980267462E-04,  1.262533902607180E+00,
2461204.500000000, A.D. 2026-Jun-13 00:00:00.0000,  3.184497129744152E-04,  1.567644466704380E-04,  2.412122956600360E+01,  8.134822738632782E+01,  2.868995781221679E+01,  2.461204528847262E+06,  2.851249417958521E+02,  3.517749262089910E+02,  3.517697035807710E+02,  1.568143841660659E-04,  1.568643216616939E-04,  1.262604378741997E+00,
2461205.500000000, A.D. 2026-Jun-14 00:00:00.0000,  3.125642703325077E-04,  1.567679355392791E-04,  2.412139379525604E+01,  8.134915103245494E+01,  2.531831706469628E+01,  2.461205779566679E+06,  2.851179415209292E+02,  2.802905239375146E+02,  2.802552803874290E+02,  1.568169509151177E-04,  1.568659662909562E-04,  1.262635378466963E+00,
2461206.500000000, A.D. 2026-Jun-15 00:00:00.0000,  2.160082816651275E-04,  1.567739511069939E-04,  2.412147202009169E+01,  8.134993144805330E+01,  3.166680112306484E+01,  2.461207064236581E+06,  2.851428376009895E+02,  1.991119802629920E+02,  1.991038779046893E+02,  1.568078228953692E-04,  1.568416946837445E-04,  1.262525136625598E+00,
2461207.500000000, A.D. 2026-Jun-16 00:00:00.0000,  2.866088491423827E-04,  1.567727698325495E-04,  2.412159270460398E+01,  8.135092307742234E+01,  4.753085693958097E+01,  2.461207119760177E+06,  2.851158572095762E+02,  1.084124029946194E+02,  1.084435611144051E+02,  1.568177151774217E-04,  1.568626605222938E-04,  1.262644608838363E+00,
2461208.500000000, A.D. 2026-Jun-17 00:00:00.0000,  3.057311317345586E-04,  1.567654326080012E-04,  2.412178962692295E+01,  8.135172955776184E+01,  4.886062624429469E+01,  2.461208386966210E+06,  2.851276932413377E+02,  3.222906376788469E+01,  3.224775374300060E+01,  1.568133753387146E-04,  1.568613180694280E-04,  1.262592194772498E+00,
2461209.500000000, A.D. 2026-Jun-18 00:00:00.0000,  3.433256697174527E-04,  1.567549241112245E-04,  2.412179436922379E+01,  8.135262888503203E+01,  2.555734509135133E+01,  2.461209567653181E+06,  2.851402799493545E+02,  3.407093529480180E+02,  3.406963505717217E+02,  1.568087605839696E-04,  1.568625970567147E-04,  1.262536461225127E+00,
2461210.500000000, A.D. 2026-Jun-19 00:00:00.0000,  2.834492317472867E-04,  1.567750995630255E-04,  2.412203620925225E+01,  8.135378739027928E+01,  2.783463807687878E+01,  2.461210838157521E+06,  2.851108535013955E+02,  2.635876204864040E+02,  2.635553440825083E+02,  1.568195499439801E-04,  1.568640003249347E-04,  1.262666768307500E+00,
2461211.500000000, A.D. 2026-Jun-20 00:00:00.0000,  2.220719468889788E-04,  1.567747713874444E-04,  2.412208776679439E+01,  8.135450704209973E+01,  3.207004725843812E+01,  2.461212115474339E+06,  2.851380056557464E+02,  1.845048745465606E+02,  1.845028763478359E+02,  1.568095943993636E-04,  1.568444174112828E-04,  1.262546531361506E+00,
2461212.500000000, A.D. 2026-Jun-21 00:00:00.0000,  3.004856820346392E-04,  1.567659048324380E-04,  2.412222349854313E+01,  8.135572896875625E+01,  5.155678801695782E+01,  2.461212183673393E+06,  2.851286490245309E+02,  9.019377796788761E+01,  9.022821084791448E+01,  1.568130249011773E-04,  1.568601449699167E-04,  1.262587962421930E+00,
2461213.500000000, A.D. 2026-Jun-22 00:00:00.0000,  3.059472999014885E-04,  1.567697440256822E-04,  2.412242861333066E+01,  8.135653872914357E+01,  4.184289664304802E+01,  2.461213412118530E+06,  2.851158386458363E+02,  2.505639885186921E+01,  2.507125183136346E+01,  1.568177219843000E-04,  1.568656999429178E-04,  1.262644691048479E+00,
2461214.500000000, A.D. 2026-Jun-23 00:00:00.0000,  3.574979949123693E-04,  1.567519993175570E-04,  2.412244062485812E+01,  8.135750468919548E+01,  2.715469535963585E+01,  2.461214623076802E+06,  2.851421966397961E+02,  3.249056102882153E+02,  3.248820491458471E+02,  1.568080578838365E-04,  1.568641164501161E-04,  1.262527974611795E+00,
2461215.500000000, A.D. 2026-Jun-24 00:00:00.0000,  2.460010740794849E-04,  1.567773508782079E-04,  2.412267812448123E+01,  8.135880216709106E+01,  2.879324380871089E+01,  2.461215891266829E+06,  2.851207319163843E+02,  2.484417153022608E+02,  2.484155006461961E+02,  1.568159277648708E-04,  1.568545046515337E-04,  1.262623021413873E+00,
2461216.500000000, A.D. 2026-Jun-25 00:00:00.0000,  2.364931196265768E-04,  1.567778834528212E-04,  2.412275673352126E+01,  8.135956094743405E+01,  3.495824183790584E+01,  2.461215912817149E+06,  2.851233464464601E+02,  1.674195394782160E+02,  1.674254404629556E+02,  1.568149691140712E-04,  1.568520547753211E-04,  1.262611443386661E+00,
2461217.500000000, A.D. 2026-Jun-26 00:00:00.0000,  3.012133890965910E-04,  1.567622970882285E-04,  2.412290804091815E+01,  8.136089166096106E+01,  5.369213592742621E+01,  2.461217240979676E+06,  2.851381807133918E+02,  7.385658409174376E+01,  7.388974304361946E+01,  1.568095302182682E-04,  1.568567633483079E-04,  1.262545756234083E+00,
2461218.500000000, A.D. 2026-Jun-27 00:00:00.0000,  3.222372555646138E-04,  1.567662413774659E-04,  2.412307633738865E+01,  8.136176526424815E+01,  3.585745306202575E+01,  2.461218440884167E+06,  2.851184251449308E+02,  1.685501319584367E+01,  1.686572395370421E+01,  1.568167735842122E-04,  1.568673057909585E-04,  1.262633236757693E+00,
2461219.500000000, A.D. 2026-Jun-28 00:00:00.0000,  3.437896385383928E-04,  1.567595441202135E-04,  2.412314843564844E+01,  8.136288233182492E+01,  2.930303766026214E+01,  2.461219680429133E+06,  2.851274760797146E+02,  3.085546967587215E+02,  3.085238807783159E+02,  1.568134549612125E-04,  1.568673658022115E-04,  1.262593156400518E+00,
2461220.500000000, A.D. 2026-Jun-29 00:00:00.0000,  2.235927452737872E-04,  1.567742492777547E-04,  2.412332100241256E+01,  8.136411286992448E+01,  2.564754255783080E+01,  2.461220930002533E+06,  2.851387794579965E+02,  2.373896025145757E+02,  2.373680230893255E+02,  1.568093107020190E-04,  1.568443721262834E-04,  1.262543105095360E+00,
2461221.500000000, A.D. 2026-Jun-30 00:00:00.0000,  2.577528731175757E-04,  1.567782529149573E-04,  2.412343242938806E+01,  8.136509945038704E+01,  4.055270635551588E+01,  2.461220982183122E+06,  2.851132440202044E+02,  1.476364498542721E+02,  1.476522560271225E+02,  1.568186733785791E-04,  1.568590938422009E-04,  1.262656181536375E+00,
2461222.500000000, A.D. 2026-Jul-01 00:00:00.0000,  2.947812066246415E-04,  1.567643798450637E-04,  2.412361614640950E+01,  8.136640806737731E+01,  5.299756582180957E+01,  2.461222288357997E+06,  2.851352501233226E+02,  6.034659540457186E+01,  6.037595624127265E+01,  1.568106046643182E-04,  1.568568294835727E-04,  1.262558732546390E+00,
2461223.500000000, A.D. 2026-Jul-02 00:00:00.0000,  3.420940639027433E-04,  1.567583111752590E-04,  2.412371591911640E+01,  8.136735461312362E+01,  3.265169048684636E+01,  2.461223479421773E+06,  2.851315654297824E+02,  5.867502247512634E+00,  5.871511415149799E+00,  1.568119556144237E-04,  1.568656000535883E-04,  1.262575048319773E+00,
2461224.500000000, A.D. 2026-Jul-03 00:00:00.0000,  3.118528454410262E-04,  1.567699444793329E-04,  2.412385992720796E+01,  8.136872708911280E+01,  2.893725061155310E+01,  2.461224728932374E+06,  2.851127653903835E+02,  2.947284576878041E+02,  2.946959936374914E+02,  1.568188488835761E-04,  1.568677532878192E-04,  1.262658301206117E+00,
2461225.500000000, A.D. 2026-Jul-04 00:00:00.0000,  2.311742137570993E-04,  1.567707605707458E-04,  2.412398438176200E+01,  8.136976904607998E+01,  2.275092016109847E+01,  2.461225969658876E+06,  2.851450540556238E+02,  2.260790944554841E+02,  2.260600171422487E+02,  1.568070103080653E-04,  1.568432600453849E-04,  1.262515322919731E+00,
2461226.500000000, A.D. 2026-Jul-05 00:00:00.0000,  2.782141607404537E-04,  1.567729099767207E-04,  2.412408296966332E+01,  8.137111457445182E+01,  4.807068328788443E+01,  2.461226058323420E+06,  2.851190661189554E+02,  1.259304140613292E+02,  1.259562237994574E+02,  1.568165385583859E-04,  1.568601671400511E-04,  1.262630398241426E+00,
2461227.500000000, A.D. 2026-Jul-06 00:00:00.0000,  2.911963794495829E-04,  1.567695180493564E-04,  2.412430926909570E+01,  8.137234834288762E+01,  4.932031536482761E+01,  2.461227325249885E+06,  2.851227656680535E+02,  4.982523611572842E+01,  4.985073842748540E+01,  1.568151820626158E-04,  1.568608460758751E-04,  1.262614015252364E+00,
2461228.500000000, A.D. 2026-Jul-07 00:00:00.0000,  3.560477828724892E-04,  1.567525264146079E-04,  2.412434693800430E+01,  8.137336307523263E+01,  3.198708644779715E+01,  2.461228526901099E+06,  2.851413789034274E+02,  3.523293833773740E+02,  3.523239350643083E+02,  1.568083576826966E-04,  1.568641889507854E-04,  1.262531595324599E+00,
2461229.500000000, A.D. 2026-Jul-08 00:00:00.0000,  2.813777598456666E-04,  1.567745605904743E-04,  2.412453304197182E+01,  8.137497494663405E+01,  2.632598087791031E+01,  2.461229769533358E+06,  2.851132099240596E+02,  2.831524791047934E+02,  2.831210788903381E+02,  1.568186858810094E-04,  1.568628111715446E-04,  1.262656332535018E+00,
2461230.500000000, A.D. 2026-Jul-09 00:00:00.0000,  2.488843505652373E-04,  1.567723558802079E-04,  2.412465953090642E+01,  8.137589789639698E+01,  2.598936092452104E+01,  2.461231030854141E+06,  2.851331250898381E+02,  2.086358997598767E+02,  2.086222354907349E+02,  1.568113837796212E-04,  1.568504116790344E-04,  1.262568142114576E+00,
2461231.500000000, A.D. 2026-Jul-10 00:00:00.0000,  2.812503984968963E-04,  1.567666522054788E-04,  2.412471693617665E+01,  8.137753625269070E+01,  5.474404325814343E+01,  2.461231131544894E+06,  2.851348392825026E+02,  1.050593874085756E+02,  1.050905066495807E+02,  1.568107552928936E-04,  1.568548583803083E-04,  1.262560551723121E+00,
2461232.500000000, A.D. 2026-Jul-11 00:00:00.0000,  2.988512469256401E-04,  1.567715444887909E-04,  2.412496255742333E+01,  8.137873335267331E+01,  4.317205559912097E+01,  2.461232353450100E+06,  2.851139626627756E+02,  4.178342268042363E+01,  4.180624760825649E+01,  1.568184098661203E-04,  1.568652752434497E-04,  1.262652998954658E+00,
2461233.500000000, A.D. 2026-Jul-12 00:00:00.0000,  3.573382656239941E-04,  1.567536190558222E-04,  2.412497461896529E+01,  8.137985492929025E+01,  3.240022872086487E+01,  2.461233578172571E+06,  2.851378454229404E+02,  3.377100415578807E+02,  3.376945038250209E+02,  1.568096531453102E-04,  1.568656872347983E-04,  1.262547240847731E+00,
2461234.500000000, A.D. 2026-Jul-13 00:00:00.0000,  2.629426453638868E-04,  1.567724674796992E-04,  2.412516094766352E+01,  8.138153840059924E+01,  2.322077942977995E+01,  2.461234808407264E+06,  2.851268064315375E+02,  2.720648216651540E+02,  2.720347098662274E+02,  1.568137004889351E-04,  1.568549334981710E-04,  1.262596121723969E+00,
2461235.500000000, A.D. 2026-Jul-14 00:00:00.0000,  2.563709407923953E-04,  1.567767706094947E-04,  2.412529964181129E+01,  8.138252495272563E+01,  3.381906531939926E+01,  2.461236108128396E+06,  2.851178787685536E+02,  1.866117217614966E+02,  1.866083402502436E+02,  1.568169739246319E-04,  1.568571772397692E-04,  1.262635656363845E+00,
2461236.500000000, A.D. 2026-Jul-15 00:00:00.0000,  2.651590188826735E-04,  1.567667812178106E-04,  2.412535410177098E+01,  8.138425982883996E+01,  5.685940085224654E+01,  2.461236188797583E+06,  2.851413715767887E+02,  8.873668390337612E+01,  8.876706172362756E+01,  1.568083603687986E-04,  1.568499395197865E-04,  1.262531627765043E+00,
2461237.500000000, A.D. 2026-Jul-16 00:00:00.0000,  3.245810883124246E-04,  1.567651115181890E-04,  2.412556633877910E+01,  8.138547525284730E+01,  3.731436539228920E+01,  2.461237382672655E+06,  2.851205048299121E+02,  3.345243176923152E+01,  3.347294183846353E+01,  1.568160110297138E-04,  1.568669105412386E-04,  1.262624027039925E+00,
2461238.500000000, A.D. 2026-Jul-17 00:00:00.0000,  3.451687703677653E-04,  1.567608740425899E-04,  2.412559068004276E+01,  8.138682449297207E+01,  3.231420194209377E+01,  2.461238627680270E+06,  2.851232576180607E+02,  3.235953852987883E+02,  3.235719028300477E+02,  1.568150016838963E-04,  1.568691293252027E-04,  1.262611836745500E+00,
2461239.500000000, A.D. 2026-Jul-18 00:00:00.0000,  2.592199747340026E-04,  1.567683638408464E-04,  2.412575299286364E+01,  8.138838089612626E+01,  2.133144256121292E+01,  2.461239851576513E+06,  2.851395945476905E+02,  2.597516156970423E+02,  2.597223868750908E+02,  1.568090118689412E-04,  1.568496598970359E-04,  1.262539496035472E+00,
2461240.500000000, A.D. 2026-Jul-19 00:00:00.0000,  2.554108019553270E-04,  1.567777444688976E-04,  2.412585945787751E+01,  8.138959253918840E+01,  4.236048068454333E+01,  2.461239925210153E+06,  2.851156328948599E+02,  1.638815711350922E+02,  1.638896941114719E+02,  1.568177974282996E-04,  1.568578503877016E-04,  1.262645602223975E+00,
2461241.500000000, A.D. 2026-Jul-20 00:00:00.0000,  2.563632071147374E-04,  1.567721291678859E-04,  2.412597107829818E+01,  8.139128861126449E+01,  5.272005296271765E+01,  2.461241224090911E+06,  2.851305440960188E+02,  7.867010853309228E+01,  7.869891491362907E+01,  1.568123300797402E-04,  1.568525309915946E-04,  1.262579570846568E+00,
2461242.500000000, A.D. 2026-Jul-21 00:00:00.0000,  3.563456993955408E-04,  1.567538988234538E-04,  2.412610496432659E+01,  8.139250826544949E+01,  3.575761167137278E+01,  2.461242427012600E+06,  2.851375067486124E+02,  2.081144540030203E+01,  2.082595958043937E+01,  1.568097773132225E-04,  1.568656558029912E-04,  1.262548740448197E+00,
2461243.500000000, A.D. 2026-Jul-22 00:00:00.0000,  3.199306915362350E-04,  1.567692359642109E-04,  2.412615526734529E+01,  8.139420730799345E+01,  3.080557127505210E+01,  2.461243672169867E+06,  2.851112424942169E+02,  3.109124352411104E+02,  3.108847225808274E+02,  1.568194073056365E-04,  1.568695786470621E-04,  1.262665045582347E+00,
2461244.500000000, A.D. 2026-Jul-23 00:00:00.0000,  2.635323964445227E-04,  1.567675719264507E-04,  2.412630585815954E+01,  8.139555169269570E+01,  2.216325584545555E+01,  2.461244904318185E+06,  2.851399101791106E+02,  2.447127489768121E+02,  2.446854479318993E+02,  1.568088961506371E-04,  1.568502203748236E-04,  1.262538098485989E+00,
2461245.500000000, A.D. 2026-Jul-24 00:00:00.0000,  2.507042383907800E-04,  1.567745344149305E-04,  2.412633302900453E+01,  8.139705544316423E+01,  4.909542820630058E+01,  2.461244998631738E+06,  2.851264032644617E+02,  1.429533292194997E+02,  1.429706328711590E+02,  1.568138483113405E-04,  1.568531622077506E-04,  1.262597907027541E+00,
2461246.500000000, A.D. 2026-Jul-25 00:00:00.0000,  2.746369142813080E-04,  1.567746049953325E-04,  2.412651806142421E+01,  8.139870327928627E+01,  4.668000665014433E+01,  2.461246252681977E+06,  2.851159724620282E+02,  7.051431876907616E+01,  7.054399072842075E+01,  1.568176729171273E-04,  1.568607408389220E-04,  1.262644098439434E+00,
2461247.500000000, A.D. 2026-Jul-26 00:00:00.0000,  3.691139991461409E-04,  1.567489308629357E-04,  2.412656757155246E+01,  8.139990392145133E+01,  3.779798964282580E+01,  2.461247483997965E+06,  2.851455991980855E+02,  4.562909785108572E+00,  4.566276241728062E+00,  1.568068104518349E-04,  1.568646900407342E-04,  1.262512909238043E+00,
2461248.500000000, A.D. 2026-Jul-27 00:00:00.0000,  2.904254574795893E-04,  1.567724703563944E-04,  2.412662783726080E+01,  8.140190081371152E+01,  2.658848354719790E+01,  2.461248707141946E+06,  2.851150414436149E+02,  3.009407154284045E+02,  3.009121655903697E+02,  1.568180142999385E-04,  1.568635582434825E-04,  1.262648221494110E+00,
2461249.500000000, A.D. 2026-Jul-28 00:00:00.0000,  2.661664132627425E-04,  1.567715155567184E-04,  2.412679685212646E+01,  8.140310947101240E+01,  2.583573159419332E+01,  2.461249967026149E+06,  2.851280242396726E+02,  2.268377568666820E+02,  2.268155143231262E+02,  1.568132539780818E-04,  1.568549923994453E-04,  1.262590729059279E+00,
2461250.500000000, A.D. 2026-Jul-29 00:00:00.0000,  2.426108046222225E-04,  1.567717817291345E-04,  2.412674871423195E+01,  8.140485931860361E+01,  5.270301587740321E+01,  2.461250061113167E+06,  2.851373753521650E+02,  1.251430396773702E+02,  1.251657691975734E+02,  1.568098254870686E-04,  1.568478692450027E-04,  1.262549322253438E+00,
2461251.500000000, A.D. 2026-Jul-30 00:00:00.0000,  3.064117218977639E-04,  1.567701885636550E-04,  2.412697198955162E+01,  8.140647966003232E+01,  4.308750163776003E+01,  2.461251289847654E+06,  2.851144272528069E+02,  5.991746573779089E+01,  5.994785430397533E+01,  1.568182395104484E-04,  1.568662904572418E-04,  1.262650941478991E+00,
2461252.500000000, A.D. 2026-Jul-31 00:00:00.0000,  3.556870349911038E-04,  1.567550160255364E-04,  2.412696480391746E+01,  8.140774892627128E+01,  3.894948795263242E+01,  2.461252537864842E+06,  2.851347402790902E+02,  3.492034181745968E+02,  3.491957798024928E+02,  1.568107915910520E-04,  1.568665671565676E-04,  1.262560990104649E+00,
2461253.500000000, A.D. 2026-Aug-01 00:00:00.0000,  2.805189019634219E-04,  1.567678220135984E-04,  2.412701882835368E+01,  8.140980588583750E+01,  2.073482633445647E+01,  2.461253736390690E+06,  2.851319607033990E+02,  2.925974590232369E+02,  2.925677777943803E+02,  1.568118106905482E-04,  1.568557993674980E-04,  1.262573298033329E+00,
2461254.500000000, A.D. 2026-Aug-02 00:00:00.0000,  2.638167061836218E-04,  1.567762473422111E-04,  2.412719320054044E+01,  8.141106112936643E+01,  3.232373293726445E+01,  2.461255039582872E+06,  2.851161210057148E+02,  2.061562245633737E+02,  2.061429019977869E+02,  1.568176184497820E-04,  1.568589895573530E-04,  1.262643440609885E+00,
2461255.500000000, A.D. 2026-Aug-03 00:00:00.0000,  2.372585091274317E-04,  1.567727308734594E-04,  2.412712689231235E+01,  8.141294133324850E+01,  5.262371314782774E+01,  2.461255110662014E+06,  2.851370756554421E+02,  1.110146947800938E+02,  1.110400715995181E+02,  1.568099353649404E-04,  1.568471398564215E-04,  1.262550649270955E+00,
2461256.500000000, A.D. 2026-Aug-04 00:00:00.0000,  3.340712906830162E-04,  1.567613135345903E-04,  2.412733232628957E+01,  8.141450822102338E+01,  4.186823765236576E+01,  2.461256335359171E+06,  2.851268064288793E+02,  4.694351360898417E+01,  4.697149333139808E+01,  1.568137004899097E-04,  1.568660874452291E-04,  1.262596121735740E+00,
2461257.500000000, A.D. 2026-Aug-05 00:00:00.0000,  3.322152285081133E-04,  1.567650462576949E-04,  2.412729134853722E+01,  8.141600661431727E+01,  3.602770362215544E+01,  2.461257577416528E+06,  2.851174168405047E+02,  3.379271995236504E+02,  3.379128882580458E+02,  1.568171433007906E-04,  1.568692403438863E-04,  1.262637702001154E+00,
2461258.500000000, A.D. 2026-Aug-06 00:00:00.0000,  2.943220570123924E-04,  1.567615362074093E-04,  2.412736094688924E+01,  8.141789960938819E+01,  1.882372268202410E+01,  2.461258779506047E+06,  2.851432050862212E+02,  2.803007497932553E+02,  2.802675643739924E+02,  1.568076881687465E-04,  1.568538401300836E-04,  1.262523509515661E+00,
2461259.500000000, A.D. 2026-Aug-07 00:00:00.0000,  2.536830194438749E-04,  1.567772344532205E-04,  2.412745839695646E+01,  8.141936052910151E+01,  4.108754067476453E+01,  2.461260120085615E+06,  2.851177632898721E+02,  1.832025763584537E+02,  1.832009528399701E+02,  1.568170162674074E-04,  1.568567980815943E-04,  1.262636167757801E+00,
2461260.500000000, A.D. 2026-Aug-08 00:00:00.0000,  2.431371990215631E-04,  1.567761630301985E-04,  2.412744542971064E+01,  8.142128073998292E+01,  4.994167647908697E+01,  2.461260151054518E+06,  2.851251974809149E+02,  9.949314934235163E+01,  9.952062788092395E+01,  1.568142904175371E-04,  1.568524178048758E-04,  1.262603246505763E+00,
2461261.500000000, A.D. 2026-Aug-09 00:00:00.0000,  3.498099164126291E-04,  1.567539321679571E-04,  2.412758727358631E+01,  8.142274892176118E+01,  4.218504524698186E+01,  2.461261386287659E+06,  2.851402121629259E+02,  3.242396095621382E+01,  3.244546180187260E+01,  1.568087854360832E-04,  1.568636387042093E-04,  1.262536761368123E+00,
2461262.500000000, A.D. 2026-Aug-10 00:00:00.0000,  3.173938859929992E-04,  1.567694125859697E-04,  2.412751482964314E+01,  8.142456789467545E+01,  3.036385012102922E+01,  2.461262607323506E+06,  2.851118459240317E+02,  3.294007969634459E+02,  3.293822769024175E+02,  1.568191860368241E-04,  1.568689594876786E-04,  1.262662373193439E+00,
2461263.500000000, A.D. 2026-Aug-11 00:00:00.0000,  3.036997403232288E-04,  1.567625814448224E-04,  2.412763904185571E+01,  8.142625050480738E+01,  2.239152031011274E+01,  2.461263841857605E+06,  2.851363411346679E+02,  2.625239734259532E+02,  2.624894695389898E+02,  1.568102046632587E-04,  1.568578278816949E-04,  1.262553901643756E+00,
2461264.500000000, A.D. 2026-Aug-12 00:00:00.0000,  2.327397892461658E-04,  1.567751592738694E-04,  2.412758521654378E+01,  8.142793308405156E+01,  4.848440243952811E+01,  2.461263933214847E+06,  2.851323837466232E+02,  1.616088018891547E+02,  1.616172140436973E+02,  1.568116555855416E-04,  1.568481518972139E-04,  1.262571424787394E+00,
2461265.500000000, A.D. 2026-Aug-13 00:00:00.0000,  2.645235142978004E-04,  1.567772122105827E-04,  2.412766313722477E+01,  8.142988451096049E+01,  4.632626687516259E+01,  2.461265188144512E+06,  2.851131865748312E+02,  8.891411200859858E+01,  8.894441891524291E+01,  1.568186944427444E-04,  1.568601766749059E-04,  1.262656435939745E+00,
2461266.500000000, A.D. 2026-Aug-14 00:00:00.0000,  3.512889480996387E-04,  1.567530632338915E-04,  2.412772319127459E+01,  8.143125588308509E+01,  4.261832610761687E+01,  2.461266437637695E+06,  2.851419502824360E+02,  1.778210926514603E+01,  1.779440812653823E+01,  1.568081482033273E-04,  1.568632331727631E-04,  1.262529065412565E+00,
2461267.500000000, A.D. 2026-Aug-15 00:00:00.0000,  3.147611994918360E-04,  1.567662775524726E-04,  2.412762615909170E+01,  8.143333300705395E+01,  2.520903209957131E+01,  2.461267639018522E+06,  2.851215248325884E+02,  3.203628271658543E+02,  3.203398109357196E+02,  1.568156370304833E-04,  1.568649965084941E-04,  1.262619510089170E+00,
2461268.500000000, A.D. 2026-Aug-16 00:00:00.0000,  2.904261555335464E-04,  1.567702443956026E-04,  2.412780301379472E+01,  8.143491089736281E+01,  2.831731993159013E+01,  2.461268912461572E+06,  2.851211136349384E+02,  2.423984971910997E+02,  2.423690093595733E+02,  1.568157878019809E-04,  1.568613312083592E-04,  1.262621331021226E+00,
2461269.500000000, A.D. 2026-Aug-17 00:00:00.0000,  2.101450816069499E-04,  1.567749310363248E-04,  2.412762261883482E+01,  8.143672193508795E+01,  4.945592208830016E+01,  2.461268986469667E+06,  2.851426724526365E+02,  1.464294115010887E+02,  1.464427244296627E+02,  1.568078834417872E-04,  1.568408358472497E-04,  1.262525867852339E+00,
2461270.500000000, A.D. 2026-Aug-18 00:00:00.0000,  3.011479922005576E-04,  1.567708270062225E-04,  2.412776623057607E+01,  8.143872533097142E+01,  4.407384850253720E+01,  2.461270230015507E+06,  2.851149374070116E+02,  7.697661164033447E+01,  7.701023587311786E+01,  1.568180524478580E-04,  1.568652778894935E-04,  1.262648682226310E+00,
2461271.500000000, A.D. 2026-Aug-19 00:00:00.0000,  3.430928974234688E-04,  1.567586841013217E-04,  2.412774555624827E+01,  8.144009377440125E+01,  4.162764365826280E+01,  2.461271483981357E+06,  2.851301206031548E+02,  4.567397643618759E+00,  4.570529747679350E+00,  1.568124853512731E-04,  1.568662866012245E-04,  1.262581446107720E+00,
2461272.500000000, A.D. 2026-Aug-20 00:00:00.0000,  3.201271378526452E-04,  1.567604792871936E-04,  2.412765244616532E+01,  8.144225120681260E+01,  2.256621756849335E+01,  2.461272679551207E+06,  2.851350483513081E+02,  3.088036580677947E+02,  3.087750632353200E+02,  1.568106786409316E-04,  1.568608779946696E-04,  1.262559625979240E+00,
2461273.500000000, A.D. 2026-Aug-21 00:00:00.0000,  2.631372126609727E-04,  1.567765870385214E-04,  2.412781677869612E+01,  8.144383573853193E+01,  3.403164625919408E+01,  2.461273982286156E+06,  2.851154850190636E+02,  2.224927488127250E+02,  2.224723852892274E+02,  1.568178516509003E-04,  1.568591162632792E-04,  1.262646257097994E+00,
2461274.500000000, A.D. 2026-Aug-22 00:00:00.0000,  2.097983007009655E-04,  1.567777276827620E-04,  2.412761325190804E+01,  8.144571560710641E+01,  4.512808833467312E+01,  2.461274021113663E+06,  2.851351911507762E+02,  1.365473473624569E+02,  1.365638786095968E+02,  1.568106262856886E-04,  1.568435248886151E-04,  1.262558993672711E+00,
2461275.500000000, A.D. 2026-Aug-23 00:00:00.0000,  3.357740506168919E-04,  1.567593970493734E-04,  2.412775946467208E+01,  8.144770687492635E+01,  4.509161216281262E+01,  2.461275283388789E+06,  2.851313067246658E+02,  6.176263760480893E+01,  6.179654227178602E+01,  1.568120504667442E-04,  1.568647038841149E-04,  1.262576193878389E+00,
2461276.500000000, A.D. 2026-Aug-24 00:00:00.0000,  3.303795258513663E-04,  1.567660445739569E-04,  2.412765749644627E+01,  8.144924157084945E+01,  3.826439161189324E+01,  2.461276521975521E+06,  2.851154786611480E+02,  3.537344386608919E+02,  3.537303051841782E+02,  1.568178539822006E-04,  1.568696633904442E-04,  1.262646285254300E+00,
2461277.500000000, A.D. 2026-Aug-25 00:00:00.0000,  3.247087939456531E-04,  1.567582421512127E-04,  2.412761028933117E+01,  8.145131830222915E+01,  2.294139593004164E+01,  2.461277730694153E+06,  2.851391919698675E+02,  2.942200557060328E+02,  2.941861164236369E+02,  1.568091594642620E-04,  1.568600767773113E-04,  1.262541278569814E+00,
2461278.500000000, A.D. 2026-Aug-26 00:00:00.0000,  2.360943896057693E-04,  1.567775729715001E-04,  2.412766801435536E+01,  8.145294418653182E+01,  3.831882006859504E+01,  2.461279047085658E+06,  2.851243640033264E+02,  2.040125497959993E+02,  2.040015433242325E+02,  1.568145960178282E-04,  1.568516190641563E-04,  1.262606937356641E+00,
2461279.500000000, A.D. 2026-Aug-27 00:00:00.0000,  2.366331937740689E-04,  1.567796682713928E-04,  2.412752674715071E+01,  8.145492275211672E+01,  4.352954142421895E+01,  2.461279065285670E+06,  2.851184176673727E+02,  1.239450618177675E+02,  1.239675529521488E+02,  1.568167763260122E-04,  1.568538843806316E-04,  1.262633269871700E+00,
2461280.500000000, A.D. 2026-Aug-28 00:00:00.0000,  3.449826262089881E-04,  1.567528784420090E-04,  2.412762814621290E+01,  8.145675231417188E+01,  4.791266209638997E+01,  2.461280343118201E+06,  2.851451527544781E+02,  4.473408445879194E+01,  4.476191636213481E+01,  1.568069741237501E-04,  1.568610698054912E-04,  1.262514885918384E+00,
2461281.500000000, A.D. 2026-Aug-29 00:00:00.0000,  3.215535242653345E-04,  1.567682909675009E-04,  2.412744448213403E+01,  8.145857434249918E+01,  3.203684215150494E+01,  2.461281549904523E+06,  2.851131262071132E+02,  3.457715654721792E+02,  3.457625052960641E+02,  1.568187165784874E-04,  1.568691421894740E-04,  1.262656703285162E+00,
2461282.500000000, A.D. 2026-Aug-30 00:00:00.0000,  3.197927595187923E-04,  1.567622615203610E-04,  2.412748092376171E+01,  8.146054016275758E+01,  2.530008652927116E+01,  2.461282788796943E+06,  2.851303288641959E+02,  2.776552327768206E+02,  2.776189118946271E+02,  1.568124089933597E-04,  1.568625564663585E-04,  1.262580523910046E+00,
2461283.500000000, A.D. 2026-Aug-31 00:00:00.0000,  2.160699850964165E-04,  1.567760257063930E-04,  2.412737602058796E+01,  8.146219567128578E+01,  4.003125913068133E+01,  2.461284102873915E+06,  2.851371513287668E+02,  1.880982491121824E+02,  1.880947621078585E+02,  1.568099076207956E-04,  1.568437895351982E-04,  1.262550314199202E+00,
2461284.500000000, A.D. 2026-Sep-01 00:00:00.0000,  2.710939204079286E-04,  1.567769085438904E-04,  2.412731537353228E+01,  8.146432286355504E+01,  4.561259607846144E+01,  2.461284122356962E+06,  2.851112042326461E+02,  1.076702612337738E+02,  1.076998575867735E+02,  1.568194213356165E-04,  1.568619341273425E-04,  1.262665215030434E+00,
2461285.500000000, A.D. 2026-Sep-02 00:00:00.0000,  3.304383492167940E-04,  1.567568123349727E-04,  2.412735515587756E+01,  8.146592586647476E+01,  4.853127661752060E+01,  2.461285395123448E+06,  2.851406418053890E+02,  2.990456743652349E+01,  2.992345227493710E+01,  1.568086279191253E-04,  1.568604435032778E-04,  1.262534859010744E+00,
2461286.500000000, A.D. 2026-Sep-03 00:00:00.0000,  3.314544584078417E-04,  1.567618210958328E-04,  2.412710868991974E+01,  8.146798674450167E+01,  2.583630307816665E+01,  2.461286577941556E+06,  2.851265412234470E+02,  3.377767935455929E+02,  3.377624226872007E+02,  1.568137977282297E-04,  1.568657743606266E-04,  1.262597296117293E+00,
2461287.500000000, A.D. 2026-Sep-04 00:00:00.0000,  3.019901600670064E-04,  1.567697045395911E-04,  2.412722604357663E+01,  8.146992000887928E+01,  2.892141582480674E+01,  2.461287851305622E+06,  2.851176392505234E+02,  2.598365704937026E+02,  2.598025102559914E+02,  1.568170617491700E-04,  1.568644189587489E-04,  1.262636717062882E+00,
2461288.500000000, A.D. 2026-Sep-05 00:00:00.0000,  2.084153620436679E-04,  1.567760209536454E-04,  2.412698530018293E+01,  8.147159612206393E+01,  3.938702462378372E+01,  2.461287887902454E+06,  2.851404389349754E+02,  1.745337628104438E+02,  1.745360372613351E+02,  1.568087022961061E-04,  1.568413836385667E-04,  1.262535757273264E+00,
2461289.500000000, A.D. 2026-Sep-06 00:00:00.0000,  2.984952159634406E-04,  1.567692994402232E-04,  2.412698054684529E+01,  8.147384426008836E+01,  4.824832687541140E+01,  2.461289181389908E+06,  2.851202395516054E+02,  9.084218576219567E+01,  9.087638690968576E+01,  1.568161082983363E-04,  1.568629171564494E-04,  1.262625201796106E+00,
2461290.500000000, A.D. 2026-Sep-07 00:00:00.0000,  3.175306833317082E-04,  1.567649974439174E-04,  2.412694742874884E+01,  8.147532813282402E+01,  4.426235674497354E+01,  2.461290429957366E+06,  2.851238323535738E+02,  1.997082427245637E+01,  1.998325635730033E+01,  1.568147909516448E-04,  1.568645844593721E-04,  1.262609291648319E+00,
2461291.500000000, A.D. 2026-Sep-08 00:00:00.0000,  3.530390155638062E-04,  1.567533509423007E-04,  2.412669112844973E+01,  8.147748020557069E+01,  2.446753624862537E+01,  2.461291622960228E+06,  2.851404164623372E+02,  3.249390692630598E+02,  3.249158214361407E+02,  1.568087105350999E-04,  1.568640701278990E-04,  1.262535856776903E+00,
2461292.500000000, A.D. 2026-Sep-09 00:00:00.0000,  2.700523047020193E-04,  1.567754125656886E-04,  2.412680860005384E+01,  8.147942439183186E+01,  3.330266730356043E+01,  2.461292916447292E+06,  2.851157307050392E+02,  2.412643261270121E+02,  2.412371958742237E+02,  1.568177615636171E-04,  1.568601105615455E-04,  1.262645169067963E+00,
2461293.500000000, A.D. 2026-Sep-10 00:00:00.0000,  2.150219833949703E-04,  1.567787445104617E-04,  2.412652087898011E+01,  8.148115154630402E+01,  3.908870131950776E+01,  2.461292936660540E+06,  2.851301825542281E+02,  1.606250831301859E+02,  1.606332552349364E+02,  1.568124626371990E-04,  1.568461807639364E-04,  1.262581171782937E+00,
2461294.500000000, A.D. 2026-Sep-11 00:00:00.0000,  3.124110810559994E-04,  1.567615473171387E-04,  2.412653870951555E+01,  8.148338859527328E+01,  5.034377090370764E+01,  2.461294238560000E+06,  2.851354355885376E+02,  7.454580836388880E+01,  7.458031724561179E+01,  1.568105366664196E-04,  1.568595260157005E-04,  1.262557911320062E+00,
2461295.500000000, A.D. 2026-Sep-12 00:00:00.0000,  3.230496486939645E-04,  1.567678135477086E-04,  2.412640962743919E+01,  8.148491914140139E+01,  3.769667588126971E+01,  2.461295456706286E+06,  2.851137885753367E+02,  1.234363475056201E+01,  1.235155153778859E+01,  1.568184737005463E-04,  1.568691338533840E-04,  1.262653769917114E+00,
2461296.500000000, A.D. 2026-Sep-13 00:00:00.0000,  3.588992783873379E-04,  1.567533225249713E-04,  2.412621759424147E+01,  8.148707778004353E+01,  2.724447737074629E+01,  2.461296682539170E+06,  2.851379866218051E+02,  3.079511487322107E+02,  3.079187098249607E+02,  1.568096013777500E-04,  1.568658802305287E-04,  1.262546615640829E+00,
2461297.500000000, A.D. 2026-Sep-14 00:00:00.0000,  2.318802871465675E-04,  1.567765227393446E-04,  2.412621853305368E+01,  8.148895682219360E+01,  3.543279328453971E+01,  2.461297973682782E+06,  2.851290318032871E+02,  2.249392869079859E+02,  2.249205217739876E+02,  1.568128845560438E-04,  1.568492463727429E-04,  1.262586267428449E+00,
2461298.500000000, A.D. 2026-Sep-15 00:00:00.0000,  2.345324647788507E-04,  1.567811218086518E-04,  2.412596729350494E+01,  8.149083507858393E+01,  4.079432220632914E+01,  2.461297992411382E+06,  2.851153512595675E+02,  1.447213072489001E+02,  1.447368255551509E+02,  1.568179006974238E-04,  1.568546795861959E-04,  1.262646849457986E+00,
2461299.500000000, A.D. 2026-Sep-16 00:00:00.0000,  3.127915994447000E-04,  1.567589663314933E-04,  2.412598133058196E+01,  8.149289957193167E+01,  5.111237267539847E+01,  2.461299291091222E+06,  2.851423148077367E+02,  5.956873251885023E+01,  5.959964405251429E+01,  1.568080145611737E-04,  1.568570627908540E-04,  1.262527451398217E+00,
2461300.500000000, A.D. 2026-Sep-17 00:00:00.0000,  3.402353747447166E-04,  1.567630969491832E-04,  2.412574038763606E+01,  8.149457617557482E+01,  3.270721984275492E+01,  2.461300488983520E+06,  2.851193036768255E+02,  3.141011152552746E+00,  3.143148355899986E+00,  1.568164514533096E-04,  1.568698059574359E-04,  1.262629346233427E+00,
2461301.500000000, A.D. 2026-Sep-18 00:00:00.0000,  3.366045361530795E-04,  1.567622865154837E-04,  2.412565413194993E+01,  8.149675856748105E+01,  3.023053163860180E+01,  2.461301742837050E+06,  2.851230680805656E+02,  2.907615553814015E+02,  2.907254826890501E+02,  1.568150711797799E-04,  1.568678558440762E-04,  1.262612676075290E+00,
2461302.500000000, A.D. 2026-Sep-19 00:00:00.0000,  2.098582292019547E-04,  1.567747300569551E-04,  2.412549129501858E+01,  8.149846286945900E+01,  3.209361112055682E+01,  2.461303011768883E+06,  2.851433434830792E+02,  2.140725097677047E+02,  2.140590400142304E+02,  1.568076374300716E-04,  1.568405448031880E-04,  1.262522896738646E+00,
2461303.500000000, A.D. 2026-Sep-20 00:00:00.0000,  2.645285047245131E-04,  1.567779644735930E-04,  2.412529793174437E+01,  8.150061247623272E+01,  4.475253717846495E+01,  2.461303056060208E+06,  2.851111323673960E+02,  1.265721767187778E+02,  1.265965162886534E+02,  1.568194476876015E-04,  1.568609309016100E-04,  1.262665533298439E+00,
2461304.500000000, A.D. 2026-Sep-21 00:00:00.0000,  3.081167246522165E-04,  1.567623864571306E-04,  2.412529033142981E+01,  8.150242225528093E+01,  4.956929693577662E+01,  2.461304335502503E+06,  2.851349833923320E+02,  4.690399109632716E+01,  4.692977982181385E+01,  1.568107024571621E-04,  1.568590184571936E-04,  1.262559913613467E+00,
2461305.500000000, A.D. 2026-Sep-22 00:00:00.0000,  3.583620243027722E-04,  1.567555172021187E-04,  2.412495918509341E+01,  8.150425348753075E+01,  3.046478236522477E+01,  2.461305530920732E+06,  2.851322283374765E+02,  3.511835026903764E+02,  3.511772058148841E+02,  1.568117125648678E-04,  1.568679079276170E-04,  1.262572112942321E+00,
2461306.500000000, A.D. 2026-Sep-23 00:00:00.0000,  2.995728684579281E-04,  1.567714360725055E-04,  2.412495288575155E+01,  8.150647778502797E+01,  3.114704342774827E+01,  2.461306795840852E+06,  2.851139497123083E+02,  2.756516460348308E+02,  2.756174831247196E+02,  1.568184146147987E-04,  1.568653931570919E-04,  1.262653056306978E+00,
2461307.500000000, A.D. 2026-Sep-24 00:00:00.0000,  2.171026263425859E-04,  1.567743993162663E-04,  2.412467830231301E+01,  8.150801806221887E+01,  2.881591808247910E+01,  2.461308050117704E+06,  2.851411466248237E+02,  2.031388071151632E+02,  2.031290334440728E+02,  1.568084428410398E-04,  1.568424863658133E-04,  1.262532623794462E+00,
2461308.500000000, A.D. 2026-Sep-25 00:00:00.0000,  2.903862241333619E-04,  1.567692707417704E-04,  2.412451182156066E+01,  8.151042883985471E+01,  5.029134382386409E+01,  2.461308125286881E+06,  2.851237869435470E+02,  1.068396235978339E+02,  1.068714691704399E+02,  1.568148076016380E-04,  1.568603444615056E-04,  1.262609492736845E+00,
2461309.500000000, A.D. 2026-Sep-26 00:00:00.0000,  3.074225790943186E-04,  1.567677578133509E-04,  2.412445907855103E+01,  8.151203314776480E+01,  4.548435564438800E+01,  2.461309370968751E+06,  2.851206260505421E+02,  3.678947043119945E+01,  3.681057416376297E+01,  1.568159665822408E-04,  1.568641753511306E-04,  1.262623490228253E+00,
2461310.500000000, A.D. 2026-Sep-27 00:00:00.0000,  3.680202651986312E-04,  1.567516102167405E-04,  2.412409786829835E+01,  8.151398062267842E+01,  3.058537525779903E+01,  2.461310581170608E+06,  2.851387562137451E+02,  3.368551138967852E+02,  3.368385308514024E+02,  1.568093192239869E-04,  1.568670282312333E-04,  1.262543208016723E+00,
2461311.500000000, A.D. 2026-Sep-28 00:00:00.0000,  2.663002297163116E-04,  1.567743351241895E-04,  2.412409776979017E+01,  8.151616245944041E+01,  3.011799826660484E+01,  2.461311841999637E+06,  2.851202750387475E+02,  2.624889693563825E+02,  2.624587167496009E+02,  1.568160952863874E-04,  1.568578554485854E-04,  1.262625044645023E+00,
2461312.500000000, A.D. 2026-Sep-29 00:00:00.0000,  2.352594159031542E-04,  1.567776528287741E-04,  2.412379067966008E+01,  8.151769856633508E+01,  3.223966115014495E+01,  2.461313111976731E+06,  2.851245033453345E+02,  1.855104385640113E+02,  1.855078505516523E+02,  1.568145449270188E-04,  1.568514370252634E-04,  1.262606320313265E+00,
2461313.500000000, A.D. 2026-Sep-30 00:00:00.0000,  2.930288218190079E-04,  1.567626969067332E-04,  2.412363322221931E+01,  8.152016402887330E+01,  5.482074881813966E+01,  2.461313191010101E+06,  2.851405915071135E+02,  8.810556262568448E+01,  8.813912330660764E+01,  1.568086463596270E-04,  1.568545958125208E-04,  1.262535081719570E+00,
2461314.500000000, A.D. 2026-Oct-01 00:00:00.0000,  3.188819742643212E-04,  1.567683504138230E-04,  2.412349679299879E+01,  8.152170378366746E+01,  3.937148860164079E+01,  2.461314399300668E+06,  2.851141069440059E+02,  2.871080005454290E+01,  2.872836016900544E+01,  1.568183569610916E-04,  1.568683635083603E-04,  1.262652359992489E+00,
2461315.500000000, A.D. 2026-Oct-02 00:00:00.0000,  3.629634613752450E-04,  1.567547827157580E-04,  2.412317514678532E+01,  8.152375904966412E+01,  3.165186265654765E+01,  2.461315634741993E+06,  2.851322636085757E+02,  3.215807105494088E+02,  3.215548552678189E+02,  1.568116996330410E-04,  1.568686165503240E-04,  1.262571956761096E+00,
2461316.500000000, A.D. 2026-Oct-03 00:00:00.0000,  2.459604691024391E-04,  1.567722678857242E-04,  2.412310437569915E+01,  8.152574342987278E+01,  2.790832747529595E+01,  2.461316884031051E+06,  2.851346160092967E+02,  2.504994537733916E+02,  2.504728882461139E+02,  1.568108371527906E-04,  1.568494064198571E-04,  1.262561540364718E+00,
2461317.500000000, A.D. 2026-Oct-04 00:00:00.0000,  2.481552498543922E-04,  1.567802367555452E-04,  2.412279858699624E+01,  8.152746731218807E+01,  3.988150266743843E+01,  2.461316925928262E+06,  2.851119380614678E+02,  1.636747057800652E+02,  1.636826966276643E+02,  1.568191522514541E-04,  1.568580677473630E-04,  1.262661965148534E+00,
2461318.500000000, A.D. 2026-Oct-05 00:00:00.0000,  2.778376938638174E-04,  1.567643497267181E-04,  2.412266986562594E+01,  8.152973931824630E+01,  5.481714788142402E+01,  2.461318240838556E+06,  2.851425812545017E+02,  7.389796324784581E+01,  7.392855502609214E+01,  1.568079168767228E-04,  1.568514840267274E-04,  1.262526271650339E+00,
2461319.500000000, A.D. 2026-Oct-06 00:00:00.0000,  3.478002163873729E-04,  1.567603288848113E-04,  2.412241737874509E+01,  8.153132582049385E+01,  3.447173247834512E+01,  2.461319431897815E+06,  2.851236191348804E+02,  1.941754135487676E+01,  1.943079656959186E+01,  1.568148691302275E-04,  1.568694093756438E-04,  1.262610235841944E+00,
2461320.500000000, A.D. 2026-Oct-07 00:00:00.0000,  3.429366197880004E-04,  1.567628826821416E-04,  2.412217871297630E+01,  8.153354300371461E+01,  3.246936474064958E+01,  2.461320687419401E+06,  2.851187325778184E+02,  3.065632180258784E+02,  3.065316460966683E+02,  1.568166608577426E-04,  1.568704390333436E-04,  1.262631875307400E+00,
2461321.500000000, A.D. 2026-Oct-08 00:00:00.0000,  2.409142502580051E-04,  1.567701237020137E-04,  2.412200308107159E+01,  8.153523440228182E+01,  2.610940120477879E+01,  2.461321927537205E+06,  2.851426246696779E+02,  2.380909193220890E+02,  2.380674880246029E+02,  1.568079009599080E-04,  1.568456782178023E-04,  1.262526079420922E+00,
2461322.500000000, A.D. 2026-Oct-09 00:00:00.0000,  2.558180170293566E-04,  1.567777429373393E-04,  2.412168725111707E+01,  8.153725129369028E+01,  4.728208678641353E+01,  2.461322001664577E+06,  2.851154628732396E+02,  1.420831347473999E+02,  1.421011445278196E+02,  1.568178597712608E-04,  1.568579766051822E-04,  1.262646355171742E+00,
2461323.500000000, A.D. 2026-Oct-10 00:00:00.0000,  2.751124928180752E-04,  1.567698810438254E-04,  2.412159817990626E+01,  8.153923393613799E+01,  4.949828698046455E+01,  2.461323271993216E+06,  2.851286562136770E+02,  6.501126804876996E+01,  6.503984668802667E+01,  1.568130222652871E-04,  1.568561634867489E-04,  1.262587930587426E+00,
2461324.500000000, A.D. 2026-Oct-11 00:00:00.0000,  3.776480887061166E-04,  1.567500815362793E-04,  2.412123407047424E+01,  8.154088065710619E+01,  3.412433958467111E+01,  2.461324480495129E+06,  2.851388079152738E+02,  5.561595636984680E+00,  5.565791666847240E+00,  1.568093002688172E-04,  1.568685190013550E-04,  1.262542979091680E+00,
2461325.500000000, A.D. 2026-Oct-12 00:00:00.0000,  3.088898894657477E-04,  1.567704647790673E-04,  2.412106855522079E+01,  8.154326582707709E+01,  3.209005685752983E+01,  2.461325735868492E+06,  2.851126135709210E+02,  2.927509178195235E+02,  2.927182707796924E+02,  1.568189045531609E-04,  1.568673443272544E-04,  1.262658973558358E+00,
2461326.500000000, A.D. 2026-Oct-13 00:00:00.0000,  2.442205582853231E-04,  1.567718853972590E-04,  2.412081533596109E+01,  8.154471273013772E+01,  2.680026623007237E+01,  2.461326979799519E+06,  2.851364038566502E+02,  2.231916905546625E+02,  2.231725403046858E+02,  1.568101816673706E-04,  1.568484779374822E-04,  1.262553623917438E+00,
2461327.500000000, A.D. 2026-Oct-14 00:00:00.0000,  2.581087147987585E-04,  1.567722282738393E-04,  2.412048148624782E+01,  8.154698563980737E+01,  5.228308293416896E+01,  2.461327069022631E+06,  2.851295269848972E+02,  1.228843734808071E+02,  1.229092070144347E+02,  1.568127029990746E-04,  1.568531777243098E-04,  1.262584074707452E+00,
2461328.500000000, A.D. 2026-Oct-15 00:00:00.0000,  2.982162274626295E-04,  1.567708640498863E-04,  2.412040025935108E+01,  8.154873587433832E+01,  4.368800613599888E+01,  2.461328301390349E+06,  2.851160905646094E+02,  5.662680711612939E+01,  5.665535107451063E+01,  1.568176296117887E-04,  1.568643951736912E-04,  1.262643575419050E+00,
2461329.500000000, A.D. 2026-Oct-16 00:00:00.0000,  3.840849554782695E-04,  1.567483627143991E-04,  2.411997608794935E+01,  8.155045282947702E+01,  3.663308669466952E+01,  2.461329539131070E+06,  2.851407437745362E+02,  3.488421377355011E+02,  3.488336166608235E+02,  1.568085905349133E-04,  1.568688183554275E-04,  1.262534407515805E+00,
2461330.500000000, A.D. 2026-Oct-17 00:00:00.0000,  2.735922235036678E-04,  1.567722103608076E-04,  2.411982606638256E+01,  8.155283763986249E+01,  2.873430481967730E+01,  2.461330773865842E+06,  2.851229519604515E+02,  2.819145626346570E+02,  2.818838845273268E+02,  1.568151137564592E-04,  1.568580171521108E-04,  1.262613190291094E+00,
2461331.500000000, A.D. 2026-Oct-18 00:00:00.0000,  2.481161705320919E-04,  1.567768882809563E-04,  2.411954495860353E+01,  8.155422403436184E+01,  3.062296889525449E+01,  2.461332043038790E+06,  2.851210890512829E+02,  2.051681888864733E+02,  2.051561008001133E+02,  1.568157968159412E-04,  1.568547053509261E-04,  1.262621439886718E+00,
2461332.500000000, A.D. 2026-Oct-19 00:00:00.0000,  2.546945191596403E-04,  1.567690401674269E-04,  2.411921721831349E+01,  8.155658795272360E+01,  5.396552749603722E+01,  2.461332124760912E+06,  2.851396854147023E+02,  1.069955555661454E+02,  1.070234641892711E+02,  1.568089785548199E-04,  1.568489169422128E-04,  1.262539093695155E+00,
2461333.500000000, A.D. 2026-Oct-20 00:00:00.0000,  3.306906926840863E-04,  1.567650256032746E-04,  2.411908568925624E+01,  8.155819032006833E+01,  4.056019700210449E+01,  2.461333340193227E+06,  2.851181254131801E+02,  4.556380750302155E+01,  4.559087306785495E+01,  1.568168834870996E-04,  1.568687413709245E-04,  1.262634564106735E+00,
2461334.500000000, A.D. 2026-Oct-21 00:00:00.0000,  3.635685152257931E-04,  1.567567658458389E-04,  2.411866904573283E+01,  8.156005988597272E+01,  3.768038755642795E+01,  2.461334592629846E+06,  2.851265939430727E+02,  3.335887674503974E+02,  3.335702282506426E+02,  1.568137783984182E-04,  1.568707909509975E-04,  1.262597062664299E+00,
2461335.500000000, A.D. 2026-Oct-22 00:00:00.0000,  2.627936964383737E-04,  1.567675230000652E-04,  2.411848643466555E+01,  8.156218909395977E+01,  2.341835013409361E+01,  2.461335805013271E+06,  2.851403596980723E+02,  2.730284063532600E+02,  2.729983339485499E+02,  1.568087313462094E-04,  1.568499396923537E-04,  1.262536108115998E+00,
2461336.500000000, A.D. 2026-Oct-23 00:00:00.0000,  2.510621957347494E-04,  1.567799261503759E-04,  2.411818027790168E+01,  8.156375104477418E+01,  3.778583779695367E+01,  2.461337117956381E+06,  2.851115418190116E+02,  1.838135035054303E+02,  1.838115906647689E+02,  1.568192975475518E-04,  1.568586689447277E-04,  1.262663719971489E+00,
2461337.500000000, A.D. 2026-Oct-24 00:00:00.0000,  2.535407177632438E-04,  1.567703449791298E-04,  2.411790195588922E+01,  8.156601225668187E+01,  5.229720891398137E+01,  2.461337168735515E+06,  2.851366191741884E+02,  9.445563521043130E+01,  9.448460031591375E+01,  1.568101027251273E-04,  1.568498604711248E-04,  1.262552670515035E+00,
2461338.500000000, A.D. 2026-Oct-25 00:00:00.0000,  3.575796632621407E-04,  1.567561995261737E-04,  2.411767217203256E+01,  8.156751728470435E+01,  3.980213935646955E+01,  2.461338387331955E+06,  2.851307013983283E+02,  3.212511862587593E+01,  3.214691647351462E+01,  1.568122724057360E-04,  1.568683452852982E-04,  1.262578874300453E+00,
2461339.500000000, A.D. 2026-Oct-26 00:00:00.0000,  3.336912499270054E-04,  1.567663700395172E-04,  2.411729743119938E+01,  8.156961898230442E+01,  3.507907006820186E+01,  2.461339633297855E+06,  2.851131739631409E+02,  3.219950254783644E+02,  3.219714733352848E+02,  1.568186990672209E-04,  1.568710280949246E-04,  1.262656491792064E+00,
2461340.500000000, A.D. 2026-Oct-27 00:00:00.0000,  2.756422957768592E-04,  1.567638037191755E-04,  2.411708762489995E+01,  8.157136353285452E+01,  2.199780829831893E+01,  2.461340849862122E+06,  2.851450102496726E+02,  2.602385614913251E+02,  2.602074343297152E+02,  1.568070263679175E-04,  1.568502490166595E-04,  1.262515516876078E+00,
2461341.500000000, A.D. 2026-Oct-28 00:00:00.0000,  2.485008445003659E-04,  1.567777158918586E-04,  2.411670741642845E+01,  8.157323633272657E+01,  4.676281747421331E+01,  2.461340936566225E+06,  2.851186668163197E+02,  1.606454866696161E+02,  1.606549212315124E+02,  1.568166849705056E-04,  1.568556540491525E-04,  1.262632166528474E+00,
2461342.500000000, A.D. 2026-Oct-29 00:00:00.0000,  2.634920336024959E-04,  1.567735105389532E-04,  2.411650853173392E+01,  8.157529127596653E+01,  4.855000814892030E+01,  2.461342205386007E+06,  2.851237258629089E+02,  8.400143933083284E+01,  8.403146899958077E+01,  1.568148299974082E-04,  1.568561494558632E-04,  1.262609763219398E+00,
2461343.500000000, A.D. 2026-Oct-30 00:00:00.0000,  3.716405824758783E-04,  1.567506261661282E-04,  2.411617041728823E+01,  8.157673874880531E+01,  4.051923063075997E+01,  2.461343439669550E+06,  2.851398922658641E+02,  1.720261796849263E+01,  1.721521870034814E+01,  1.568089027180717E-04,  1.568671792700152E-04,  1.262538177801990E+00,
2461344.500000000, A.D. 2026-Oct-31 00:00:00.0000,  3.116615902645282E-04,  1.567691821568450E-04,  2.411583431687049E+01,  8.157903346225014E+01,  3.044442679282776E+01,  2.461344666811349E+06,  2.851149268424223E+02,  3.124395944029856E+02,  3.124132310843245E+02,  1.568180563216604E-04,  1.568669304864758E-04,  1.262648729012232E+00,
2461345.500000000, A.D. 2026-Nov-01 00:00:00.0000,  2.817643271608064E-04,  1.567677269223736E-04,  2.411562313257518E+01,  8.158048642618505E+01,  2.597073693141027E+01,  2.461345913637691E+06,  2.851316873183064E+02,  2.420587871440337E+02,  2.420302678668242E+02,  1.568119109249462E-04,  1.568560949275188E-04,  1.262574508592286E+00,
2461346.500000000, A.D. 2026-Nov-02 00:00:00.0000,  2.338178649044089E-04,  1.567738958964856E-04,  2.411515188141066E+01,  8.158260018807410E+01,  5.295679333800182E+01,  2.461346008124312E+06,  2.851353691990933E+02,  1.402511558466641E+02,  1.402682844249690E+02,  1.568105610070547E-04,  1.568472261176239E-04,  1.262558205287514E+00,
2461347.500000000, A.D. 2026-Nov-03 00:00:00.0000,  2.894054578100082E-04,  1.567727713544565E-04,  2.411501703275360E+01,  8.158446836188685E+01,  4.430072501545141E+01,  2.461347240250081E+06,  2.851146566795816E+02,  7.405850902756774E+01,  7.409040024044431E+01,  1.568181553845085E-04,  1.568635394145604E-04,  1.262649925445875E+00,
2461348.500000000, A.D. 2026-Nov-04 00:00:00.0000,  3.705490813601570E-04,  1.567521723275704E-04,  2.411459963234367E+01,  8.158592738138496E+01,  4.113713159302225E+01,  2.461348491664652E+06,  2.851361404735292E+02,  2.376708880483146E+00,  2.378470565247629E+00,  1.568102782321171E-04,  1.568683841366639E-04,  1.262554790150921E+00,
2461349.500000000, A.D. 2026-Nov-05 00:00:00.0000,  3.023122212567980E-04,  1.567655334836188E-04,  2.411429091510901E+01,  8.158823206074888E+01,  2.627680196894295E+01,  2.461349701972377E+06,  2.851288807161836E+02,  3.024118422632840E+02,  3.023825906069009E+02,  1.568129399518175E-04,  1.568603464200162E-04,  1.262586936460999E+00,
2461350.500000000, A.D. 2026-Nov-06 00:00:00.0000,  2.678554168334753E-04,  1.567755992534509E-04,  2.411406932784691E+01,  8.158960506230792E+01,  3.242490880990091E+01,  2.461350986086743E+06,  2.851161612367363E+02,  2.214088137757561E+02,  2.213885170451588E+02,  1.568176036980563E-04,  1.568596081426617E-04,  1.262643262445886E+00,
2461351.500000000, A.D. 2026-Nov-07 00:00:00.0000,  2.174641346884841E-04,  1.567739837712103E-04,  2.411357598377264E+01,  8.159177611839823E+01,  5.205296026050375E+01,  2.461351054798791E+06,  2.851421256625482E+02,  1.269456190769015E+02,  1.269655316889926E+02,  1.568080839054890E-04,  1.568421840397676E-04,  1.262528288878797E+00,
2461352.500000000, A.D. 2026-Nov-08 00:00:00.0000,  3.291424185805635E-04,  1.567642780880270E-04,  2.411344128657632E+01,  8.159351656766295E+01,  4.219672342554197E+01,  2.461352282646311E+06,  2.851208271383333E+02,  6.197206343552216E+01,  6.200536331778257E+01,  1.568158928502716E-04,  1.568675076125162E-04,  1.262622599735014E+00,
2461353.500000000, A.D. 2026-Nov-09 00:00:00.0000,  3.575873039002469E-04,  1.567593169613604E-04,  2.411298486448310E+01,  8.159510936091695E+01,  4.032570455852716E+01,  2.461353538627697E+06,  2.851221926821884E+02,  3.489863864677303E+02,  3.489785547924524E+02,  1.568153921546510E-04,  1.568714673479417E-04,  1.262616552620561E+00,
2461354.500000000, A.D. 2026-Nov-10 00:00:00.0000,  3.032088221827658E-04,  1.567609738788731E-04,  2.411270158596046E+01,  8.159720226956685E+01,  2.428905819560678E+01,  2.461354744808092E+06,  2.851409372419582E+02,  2.901951911091901E+02,  2.901625777357700E+02,  1.568085196054109E-04,  1.568560653319487E-04,  1.262533550889326E+00,
2461355.500000000, A.D. 2026-Nov-11 00:00:00.0000,  2.451114133134349E-04,  1.567798143925460E-04,  2.411241562547772E+01,  8.159866181771240E+01,  3.879794986115754E+01,  2.461356058210798E+06,  2.851143922751910E+02,  2.008460675655392E+02,  2.008360751810138E+02,  1.568182523360094E-04,  1.568566902794728E-04,  1.262651096380044E+00,
2461356.500000000, A.D. 2026-Nov-12 00:00:00.0000,  2.256475758288089E-04,  1.567766226712248E-04,  2.411199738705070E+01,  8.160076369320895E+01,  4.673680558570686E+01,  2.461356085963774E+06,  2.851314254950360E+02,  1.180547392013664E+02,  1.180775552134426E+02,  1.568120069204472E-04,  1.568473911696697E-04,  1.262575667957257E+00,
2461357.500000000, A.D. 2026-Nov-13 00:00:00.0000,  3.619400217229077E-04,  1.567532083997172E-04,  2.411179503918067E+01,  8.160236343504053E+01,  4.375808710366159E+01,  2.461357337931679E+06,  2.851369970023642E+02,  4.621167438258844E+01,  4.624162480777522E+01,  1.568099642015667E-04,  1.568667200034162E-04,  1.262550997536861E+00,
2461358.500000000, A.D. 2026-Nov-14 00:00:00.0000,  3.365894447894600E-04,  1.567665474584782E-04,  2.411132531940006E+01,  8.160421473998119E+01,  3.719683207389419E+01,  2.461358577432721E+06,  2.851114500712949E+02,  3.379230444878223E+02,  3.379085421220631E+02,  1.568193311900957E-04,  1.568721149217133E-04,  1.262664126291590E+00,
2461359.500000000, A.D. 2026-Nov-15 00:00:00.0000,  3.045842595866095E-04,  1.567610765259500E-04,  2.411107880964639E+01,  8.160598925927867E+01,  2.501681334594785E+01,  2.461359797188977E+06,  2.851400687088688E+02,  2.752595145646210E+02,  2.752247575190905E+02,  1.568088380297779E-04,  1.568565995336058E-04,  1.262537396550760E+00,
2461360.500000000, A.D. 2026-Nov-16 00:00:00.0000,  2.243608465256800E-04,  1.567789043104056E-04,  2.411067381243277E+01,  8.160759522812725E+01,  4.343347576417238E+01,  2.461361124227859E+06,  2.851257515864135E+02,  1.820165624926788E+02,  1.820156580576436E+02,  1.568140872517685E-04,  1.568492701931314E-04,  1.262600792797539E+00,
2461361.500000000, A.D. 2026-Nov-17 00:00:00.0000,  2.591891466366905E-04,  1.567766114569934E-04,  2.411037116049975E+01,  8.160961042413872E+01,  4.443508722217391E+01,  2.461361127661036E+06,  2.851171073353882E+02,  1.061602083789291E+02,  1.061887331290599E+02,  1.568172567879582E-04,  1.568579021189230E-04,  1.262639072640863E+00,
2461362.500000000, A.D. 2026-Nov-18 00:00:00.0000,  3.672516584881281E-04,  1.567497628807013E-04,  2.411007498149119E+01,  8.161102399596160E+01,  4.669274863802536E+01,  2.461362398056864E+06,  2.851441257445780E+02,  2.906848640694896E+01,  2.908894129457375E+01,  1.568073506402871E-04,  1.568649383998729E-04,  1.262519433146153E+00,
2461363.500000000, A.D. 2026-Nov-19 00:00:00.0000,  3.198877351588021E-04,  1.567673306253701E-04,  2.410960454585661E+01,  8.161312063652983E+01,  3.124888539246326E+01,  2.461363606336629E+06,  2.851164587194910E+02,  3.296816770020997E+02,  3.296631663091410E+02,  1.568174946185570E-04,  1.568676586117438E-04,  1.262641945038264E+00,
2461364.500000000, A.D. 2026-Nov-20 00:00:00.0000,  2.977256838221815E-04,  1.567668833949509E-04,  2.410940842572259E+01,  8.161465132899983E+01,  2.768490512105515E+01,  2.461364856370699E+06,  2.851271600811085E+02,  2.583890347733758E+02,  2.583556185696116E+02,  1.568135708225566E-04,  1.568602582501623E-04,  1.262594555697861E+00,
2461365.500000000, A.D. 2026-Nov-21 00:00:00.0000,  2.105733961621193E-04,  1.567768430916616E-04,  2.410888751097960E+01,  8.161637853677281E+01,  4.488392400937944E+01,  2.461364916550507E+06,  2.851372728236945E+02,  1.663631972387310E+02,  1.663688848110641E+02,  1.568098630770814E-04,  1.568428830625013E-04,  1.262549776235653E+00,
2461366.500000000, A.D. 2026-Nov-22 00:00:00.0000,  2.965781723191923E-04,  1.567713206197578E-04,  2.410867236386565E+01,  8.161832285768521E+01,  4.537712107297533E+01,  2.461366180730375E+06,  2.851155457971825E+02,  9.102873347595590E+01,  9.106271312508215E+01,  1.568178293649780E-04,  1.568643381101981E-04,  1.262645987939523E+00,
2461367.500000000, A.D. 2026-Nov-23 00:00:00.0000,  3.509264202126280E-04,  1.567564304694261E-04,  2.410829629878612E+01,  8.161961691887392E+01,  4.686476552717396E+01,  2.461367448483123E+06,  2.851329178724401E+02,  1.468915756072146E+01,  1.469935894875881E+01,  1.568114597536458E-04,  1.568664890378655E-04,  1.262569059672910E+00,
2461368.500000000, A.D. 2026-Nov-24 00:00:00.0000,  3.247012241338435E-04,  1.567602011838156E-04,  2.410784207791508E+01,  8.162176936643540E+01,  2.584125042511326E+01,  2.461368637156358E+06,  2.851338501475038E+02,  3.208920793970095E+02,  3.208686018144151E+02,  1.568111179457704E-04,  1.568620347077252E-04,  1.262564931570793E+00,
2461369.500000000, A.D. 2026-Nov-25 00:00:00.0000,  2.791339417142907E-04,  1.567743307623978E-04,  2.410766877177581E+01,  8.162322619613370E+01,  3.205919045547639E+01,  2.461369921507344E+06,  2.851147967658262E+02,  2.398220193312428E+02,  2.397943729660441E+02,  1.568181040179045E-04,  1.568618772734112E-04,  1.262649305064582E+00,
2461370.500000000, A.D. 2026-Nov-26 00:00:00.0000,  2.097527794110365E-04,  1.567769134845915E-04,  2.410710624532903E+01,  8.162500683684597E+01,  4.367271149880023E+01,  2.461369962128768E+06,  2.851374318398941E+02,  1.533672217545132E+02,  1.533779938149678E+02,  1.568098047769823E-04,  1.568426960693732E-04,  1.262549072133544E+00,
2461371.500000000, A.D. 2026-Nov-27 00:00:00.0000,  3.245158570937157E-04,  1.567625877838889E-04,  2.410692133491273E+01,  8.162684538383508E+01,  4.724462925565358E+01,  2.461371237071093E+06,  2.851274180345601E+02,  7.496824028380952E+01,  7.500415838892222E+01,  1.568134762435359E-04,  1.568643647031830E-04,  1.262593413434427E+00,
2461372.500000000, A.D. 2026-Nov-28 00:00:00.0000,  3.368500675752521E-04,  1.567647663024761E-04,  2.410648500596689E+01,  8.162818922511930E+01,  4.251882059965090E+01,  2.461372483030112E+06,  2.851161977259241E+02,  4.838389761808768E+00,  4.841646879448456E+00,  1.568175903183719E-04,  1.568704143342676E-04,  1.262643100852727E+00,
2461373.500000000, A.D. 2026-Nov-29 00:00:00.0000,  3.406215502471486E-04,  1.567537895447988E-04,  2.410608642200003E+01,  8.163019474582316E+01,  2.547711619960456E+01,  2.461373685699713E+06,  2.851445326658556E+02,  3.070487421789532E+02,  3.070175815573754E+02,  1.568072014568489E-04,  1.568606133688990E-04,  1.262517631442238E+00,
2461374.500000000, A.D. 2026-Nov-30 00:00:00.0000,  2.478377793748035E-04,  1.567785457216042E-04,  2.410584345886542E+01,  8.163168387039710E+01,  3.741669799577993E+01,  2.461374990059833E+06,  2.851166867638453E+02,  2.202757640275997E+02,  2.202574086243505E+02,  1.568174110005139E-04,  1.568562762794236E-04,  1.262640935141683E+00,
2461375.500000000, A.D. 2026-Dec-01 00:00:00.0000,  2.239532970944985E-04,  1.567789258777841E-04,  2.410533868998641E+01,  8.163347683217722E+01,  4.255900309667246E+01,  2.461375008012058E+06,  2.851258670945503E+02,  1.402784885189686E+02,  1.402948851993800E+02,  1.568140449001702E-04,  1.568491639225564E-04,  1.262600281301804E+00,
2461376.500000000, A.D. 2026-Dec-02 00:00:00.0000,  3.377447651848611E-04,  1.567559333912378E-04,  2.410513190780872E+01,  8.163512667907980E+01,  4.911197332864063E+01,  2.461376293438172E+06,  2.851399139324196E+02,  5.889902167617196E+01,  5.893216840884226E+01,  1.568088947745823E-04,  1.568618561579268E-04,  1.262538081867145E+00,
2461377.500000000, A.D. 2026-Dec-03 00:00:00.0000,  3.371082064399719E-04,  1.567663090999495E-04,  2.410464244981675E+01,  8.163664903157456E+01,  3.654633567638577E+01,  2.461377511847912E+06,  2.851118783943051E+02,  3.566220195204577E+02,  3.566197423918753E+02,  1.568191741304760E-04,  1.568720391610025E-04,  1.262662229393775E+00,
2461378.500000000, A.D. 2026-Dec-04 00:00:00.0000,  3.395448300430657E-04,  1.567568840396013E-04,  2.410434180430306E+01,  8.163844808731274E+01,  2.874342545752079E+01,  2.461378746987659E+06,  2.851365499418235E+02,  2.895747910945450E+02,  2.895381256576442E+02,  1.568101281078987E-04,  1.568633721761961E-04,  1.262552977068183E+00,
2461379.500000000, A.D. 2026-Dec-05 00:00:00.0000,  2.131947211501357E-04,  1.567784427788227E-04,  2.410394572935021E+01,  8.163994120010220E+01,  3.969791113368915E+01,  2.461380047820479E+06,  2.851317873677398E+02,  2.037989676886550E+02,  2.037891117557642E+02,  1.568118742426249E-04,  1.568453057064271E-04,  1.262574065569551E+00,
2461380.500000000, A.D. 2026-Dec-06 00:00:00.0000,  2.523988391733928E-04,  1.567787309926892E-04,  2.410355647966242E+01,  8.164178475571903E+01,  4.308003511921181E+01,  2.461380059598985E+06,  2.851142302357079E+02,  1.255645964660070E+02,  1.255881196793519E+02,  1.568183117525366E-04,  1.568578925123841E-04,  1.262651813984812E+00,
2461381.500000000, A.D. 2026-Dec-07 00:00:00.0000,  3.378362422151544E-04,  1.567556592878177E-04,  2.410329934583257E+01,  8.164319245468560E+01,  4.986306252269304E+01,  2.461381345896622E+06,  2.851406226885714E+02,  4.394113314329915E+01,  4.396800512329783E+01,  1.568086349277885E-04,  1.568616105677594E-04,  1.262534943655466E+00,
2461382.500000000, A.D. 2026-Dec-08 00:00:00.0000,  3.459415364789254E-04,  1.567609491636870E-04,  2.410277112342639E+01,  8.164489719984881E+01,  3.213007272302063E+01,  2.461382546131241E+06,  2.851227220538739E+02,  3.468469349385816E+02,  3.468379104765529E+02,  1.568151980542451E-04,  1.568694469448032E-04,  1.262614208389810E+00,
2461383.500000000, A.D. 2026-Dec-09 00:00:00.0000,  3.125235324986029E-04,  1.567669869662886E-04,  2.410256440216324E+01,  8.164656145335645E+01,  3.189658171251272E+01,  2.461383807855482E+06,  2.851205467604723E+02,  2.722240766646948E+02,  2.721882905433774E+02,  1.568159956552030E-04,  1.568650043441175E-04,  1.262623841355191E+00,
2461384.500000000, A.D. 2026-Dec-10 00:00:00.0000,  1.973781888627947E-04,  1.567771032191935E-04,  2.410203329543491E+01,  8.164798720869196E+01,  3.578850300303077E+01,  2.461385083910854E+06,  2.851422080276312E+02,  1.935023698597947E+02,  1.934970901788491E+02,  1.568080537088336E-04,  1.568390041984738E-04,  1.262527924189725E+00,
2461385.500000000, A.D. 2026-Dec-11 00:00:00.0000,  2.899097437870446E-04,  1.567720678157861E-04,  2.410174044453442E+01,  8.164993383954575E+01,  4.588272571833500E+01,  2.461385119194951E+06,  2.851163601924395E+02,  1.085737494897815E+02,  1.086052367179846E+02,  1.568175307459460E-04,  1.568629936761058E-04,  1.262642381366744E+00,
2461386.500000000, A.D. 2026-Dec-12 00:00:00.0000,  3.329860669297502E-04,  1.567609441530620E-04,  2.410142651880195E+01,  8.165114372622298E+01,  4.844307261413179E+01,  2.461386390721690E+06,  2.851282785079568E+02,  3.115833632727443E+01,  3.117808618248955E+01,  1.568131607507032E-04,  1.568653773483444E-04,  1.262589603121227E+00,
2461387.500000000, A.D. 2026-Dec-13 00:00:00.0000,  3.558412770362283E-04,  1.567543086856615E-04,  2.410090045605529E+01,  8.165293138479286E+01,  3.037704493628780E+01,  2.461387589782493E+06,  2.851366042554320E+02,  3.343997248812208E+02,  3.343820987303361E+02,  1.568101081948137E-04,  1.568659077039659E-04,  1.262552736573603E+00,
2461388.500000000, A.D. 2026-Dec-14 00:00:00.0000,  2.749121860520504E-04,  1.567750006490963E-04,  2.410072484625334E+01,  8.165452668667210E+01,  3.316458925445205E+01,  2.461388862074826E+06,  2.851147753815896E+02,  2.567671171899560E+02,  2.567364534547789E+02,  1.568181118590400E-04,  1.568612230689838E-04,  1.262649399766063E+00,
2461389.500000000, A.D. 2026-Dec-15 00:00:00.0000,  2.113106392581777E-04,  1.567776195850267E-04,  2.410016060914029E+01,  8.165590445524855E+01,  3.293643705805020E+01,  2.461390123750100E+06,  2.851348390831434E+02,  1.821471156306456E+02,  1.821462086656599E+02,  1.568107553659857E-04,  1.568438911469446E-04,  1.262560552605872E+00,
2461390.500000000, A.D. 2026-Dec-16 00:00:00.0000,  3.168487074459952E-04,  1.567619572363357E-04,  2.409990357039382E+01,  8.165787979200070E+01,  5.046355494952982E+01,  2.461390185063372E+06,  2.851324186114832E+02,  8.979864239796636E+01,  8.983495040921977E+01,  1.568116428026703E-04,  1.568613283690048E-04,  1.262571270405173E+00,
2461391.500000000, A.D. 2026-Dec-17 00:00:00.0000,  3.297668230843678E-04,  1.567666171012899E-04,  2.409952745770847E+01,  8.165903399279610E+01,  4.438119284984465E+01,  2.461391426250328E+06,  2.851141788790630E+02,  2.102707713673066E+01,  2.104064121131140E+01,  1.568183305839679E-04,  1.568700440666460E-04,  1.262652041421978E+00,
2461392.500000000, A.D. 2026-Dec-18 00:00:00.0000,  3.581664362809678E-04,  1.567525997897022E-04,  2.409905947822893E+01,  8.166079343599017E+01,  3.087195427791852E+01,  2.461392641338458E+06,  2.851402721983371E+02,  3.196987135173371E+02,  3.196721576520690E+02,  1.568087634256760E-04,  1.568649270616499E-04,  1.262536495544874E+00,
2461393.500000000, A.D. 2026-Dec-19 00:00:00.0000,  2.431305729414174E-04,  1.567767328314549E-04,  2.409882747669832E+01,  8.166229017197038E+01,  3.251871404909187E+01,  2.461393909567459E+06,  2.851236458959089E+02,  2.432226328814178E+02,  2.431977632513029E+02,  1.568148593180465E-04,  1.568529858046382E-04,  1.262610117336345E+00,
2461394.500000000, A.D. 2026-Dec-20 00:00:00.0000,  2.370338456332899E-04,  1.567794732438412E-04,  2.409831952303167E+01,  8.166373205377722E+01,  3.684426617068729E+01,  2.461393924655570E+06,  2.851187782911341E+02,  1.640415009373732E+02,  1.640489667797726E+02,  1.568166440960506E-04,  1.568538149482600E-04,  1.262631672868649E+00,
2461395.500000000, A.D. 2026-Dec-21 00:00:00.0000,  3.168317337312423E-04,  1.567573466175459E-04,  2.409806403462810E+01,  8.166553383829209E+01,  5.420872274026776E+01,  2.461395248028338E+06,  2.851450056339402E+02,  7.184846080552857E+01,  7.188296455474290E+01,  1.568070280601075E-04,  1.568567095026689E-04,  1.262515537312816E+00,
2461396.500000000, A.D. 2026-Dec-22 00:00:00.0000,  3.371290916002332E-04,  1.567658658354313E-04,  2.409761626415746E+01,  8.166678422683371E+01,  3.824773106045713E+01,  2.461396454498001E+06,  2.851130787155946E+02,  1.297321495257398E+01,  1.298189125981048E+01,  1.568187339927682E-04,  1.568716021501051E-04,  1.262656913606922E+00,
2461397.500000000, A.D. 2026-Dec-23 00:00:00.0000,  3.472167364561871E-04,  1.567578143275610E-04,  2.409725017657113E+01,  8.166849564645834E+01,  3.220221058786566E+01,  2.461397695821336E+06,  2.851307293171370E+02,  3.041653197115122E+02,  3.041323901859834E+02,  1.568122621694678E-04,  1.568667100113746E-04,  1.262578750674010E+00,
2461398.500000000, A.D. 2026-Dec-24 00:00:00.0000,  2.251659767651217E-04,  1.567749328192898E-04,  2.409690251990638E+01,  8.166982334585650E+01,  3.031063704328612E+01,  2.461398951602161E+06,  2.851362416149160E+02,  2.312318571197715E+02,  2.312117431068468E+02,  1.568102411504052E-04,  1.568455494815206E-04,  1.262554342306965E+00,
2461399.500000000, A.D. 2026-Dec-25 00:00:00.0000,  2.596337797867757E-04,  1.567782248883735E-04,  2.409647081626602E+01,  8.167143397745720E+01,  4.361676196501876E+01,  2.461398998161632E+06,  2.851125158586185E+02,  1.430803995791443E+02,  1.430982666871943E+02,  1.568189403826072E-04,  1.568596558768409E-04,  1.262659406290381E+00,
2461400.500000000, A.D. 2026-Dec-26 00:00:00.0000,  3.027271204605979E-04,  1.567616680255666E-04,  2.409621740399695E+01,  8.167292064901845E+01,  5.365957939322941E+01,  2.461400295923834E+06,  2.851392494119698E+02,  5.819012486475259E+01,  5.821961034781994E+01,  1.568091384044977E-04,  1.568566087834288E-04,  1.262541024227328E+00,
2461401.500000000, A.D. 2026-Dec-27 00:00:00.0000,  3.606865912479484E-04,  1.567568940520921E-04,  2.409570406281073E+01,  8.167430417773060E+01,  3.384935008554469E+01,  2.461401488849591E+06,  2.851274771672129E+02,  3.179287862762210E+00,  3.181581171357012E+00,  1.568134545624800E-04,  1.568700150728680E-04,  1.262593151584890E+00,
2461402.500000000, A.D. 2026-Dec-28 00:00:00.0000,  3.219477175800589E-04,  1.567665852853981E-04,  2.409544348898367E+01,  8.167603305190900E+01,  3.342843765311186E+01,  2.461402749913381E+06,  2.851176107926943E+02,  2.887452938218753E+02,  2.887103537202582E+02,  1.568170721838653E-04,  1.568675590823324E-04,  1.262636843087717E+00,
2461403.500000000, A.D. 2026-Dec-29 00:00:00.0000,  2.231348498396135E-04,  1.567740671885346E-04,  2.409499114365617E+01,  8.167717918931913E+01,  2.862936548756260E+01,  2.461403995519069E+06,  2.851394721204322E+02,  2.187079543997457E+02,  2.186919680482088E+02,  1.568090567538669E-04,  1.568440463191991E-04,  1.262540038118432E+00,
2461404.500000000, A.D. 2026-Dec-30 00:00:00.0000,  2.753234893373039E-04,  1.567723391732413E-04,  2.409461065772581E+01,  8.167897032061752E+01,  4.942620962292875E+01,  2.461404068318909E+06,  2.851218599155728E+02,  1.230817157329808E+02,  1.231081460782382E+02,  1.568155141677842E-04,  1.568586891623271E-04,  1.262618026224294E+00,
2461405.500000000, A.D. 2026-Dec-31 00:00:00.0000,  3.036063818954091E-04,  1.567677950922921E-04,  2.409435373554744E+01,  8.168018603849366E+01,  4.858330755914206E+01,  2.461405327905742E+06,  2.851221569669032E+02,  4.906788605009403E+01,  4.909417650732374E+01,  1.568154052501056E-04,  1.568630154079190E-04,  1.262616710779824E+00,
2461406.500000000, A.D. 2027-Jan-01 00:00:00.0000,  3.819467352700350E-04,  1.567484048147910E-04,  2.409381361668493E+01,  8.168163637636366E+01,  3.414100453126888E+01,  2.461406539684252E+06,  2.851415437894897E+02,  3.486843710964257E+02,  3.486757792214312E+02,  1.568082972319820E-04,  1.568681896491730E-04,  1.262530865252577E+00,
2461407.500000000, A.D. 2027-Jan-02 00:00:00.0000,  2.835455399916971E-04,  1.567733883954207E-04,  2.409360218556189E+01,  8.168338224654481E+01,  3.335634309891728E+01,  2.461407799422056E+06,  2.851154802534431E+02,  2.746301366906224E+02,  2.745977498757910E+02,  1.568178533983428E-04,  1.568623184012650E-04,  1.262646278202751E+00,
2461408.500000000, A.D. 2027-Jan-03 00:00:00.0000,  2.306849028563151E-04,  1.567765022125452E-04,  2.409311831344274E+01,  8.168443156951615E+01,  2.988187758262577E+01,  2.461409049741171E+06,  2.851295991783265E+02,  2.032525202222969E+02,  2.032420870448573E+02,  1.568126765295971E-04,  1.568488508466490E-04,  1.262583755027299E+00,
2461409.500000000, A.D. 2027-Jan-04 00:00:00.0000,  2.814759452385499E-04,  1.567660056707010E-04,  2.409276776082140E+01,  8.168629225474589E+01,  5.313767019777524E+01,  2.461409131149992E+06,  2.851365067205347E+02,  1.051726028250597E+02,  1.052037303798783E+02,  1.568101439541934E-04,  1.568542822376859E-04,  1.262553168447279E+00,
2461410.500000000, A.D. 2027-Jan-05 00:00:00.0000,  3.257590970202339E-04,  1.567677981079766E-04,  2.409247837523956E+01,  8.168737844987602E+01,  4.334869431566194E+01,  2.461410359305046E+06,  2.851126715702705E+02,  4.011391439423912E+01,  4.013797346674528E+01,  1.568188832857915E-04,  1.568699684636064E-04,  1.262658716700609E+00,
2461411.500000000, A.D. 2027-Jan-06 00:00:00.0000,  3.782115964360201E-04,  1.567499865086333E-04,  2.409197736640866E+01,  8.168886403284820E+01,  3.674887182448676E+01,  2.461411598656031E+06,  2.851388260997457E+02,  3.318693352071821E+02,  3.318488926390286E+02,  1.568092936019025E-04,  1.568686006951716E-04,  1.262542898574138E+00,
2461412.500000000, A.D. 2027-Jan-07 00:00:00.0000,  2.485107050997951E-04,  1.567740955628933E-04,  2.409172922196428E+01,  8.169047888258518E+01,  2.961342620649610E+01,  2.461412836052320E+06,  2.851285388723908E+02,  2.641818929724889E+02,  2.641535633307091E+02,  1.568130652883170E-04,  1.568520350137407E-04,  1.262588450190592E+00,
2461413.500000000, A.D. 2027-Jan-08 00:00:00.0000,  2.425653480780154E-04,  1.567797947370299E-04,  2.409128216458777E+01,  8.169160044980931E+01,  3.451540088660933E+01,  2.461414115802354E+06,  2.851155350400942E+02,  1.844251824425870E+02,  1.844230384325617E+02,  1.568178333093514E-04,  1.568558718816729E-04,  1.262646035577736E+00,
2461414.500000000, A.D. 2027-Jan-09 00:00:00.0000,  2.799948787517339E-04,  1.567640903602726E-04,  2.409096265355083E+01,  8.169334869419451E+01,  5.412992386155687E+01,  2.461414184453504E+06,  2.851423659919857E+02,  8.997567441605050E+01,  9.000775946592508E+01,  1.568079957960428E-04,  1.568519012318131E-04,  1.262527224769252E+00,
2461415.500000000, A.D. 2027-Jan-10 00:00:00.0000,  3.530727809411521E-04,  1.567611841084862E-04,  2.409060770561334E+01,  8.169441128223204E+01,  4.038329077844296E+01,  2.461415398669149E+06,  2.851190301024843E+02,  2.889135381965674E+01,  2.891090922971044E+01,  1.568165517645153E-04,  1.568719194205444E-04,  1.262630557737939E+00,
2461416.500000000, A.D. 2027-Jan-11 00:00:00.0000,  3.495069527058355E-04,  1.567600581887290E-04,  2.409019435094841E+01,  8.169597787381770E+01,  3.751786943274696E+01,  2.461416651158557E+06,  2.851236274682769E+02,  3.169011238232310E+02,  3.168737501776234E+02,  1.568148660747097E-04,  1.568696739606904E-04,  1.262610198939244E+00,
2461417.500000000, A.D. 2027-Jan-12 00:00:00.0000,  2.421785474706381E-04,  1.567699985138060E-04,  2.408987244033422E+01,  8.169729543789272E+01,  2.392935336790604E+01,  2.461417865908213E+06,  2.851424253310928E+02,  2.556640445710379E+02,  2.556371591403618E+02,  1.568079740411911E-04,  1.568459495685762E-04,  1.262526962033049E+00,
2461418.500000000, A.D. 2027-Jan-13 00:00:00.0000,  2.564649358453537E-04,  1.567788140149616E-04,  2.408946097066508E+01,  8.169866349423232E+01,  4.216663574910164E+01,  2.461417929742950E+06,  2.851122643733320E+02,  1.625872788487764E+02,  1.625960708107569E+02,  1.568190325980963E-04,  1.568592511812309E-04,  1.262660520028028E+00,
2461419.500000000, A.D. 2027-Jan-14 00:00:00.0000,  2.806049196800957E-04,  1.567670648270475E-04,  2.408918619688254E+01,  8.170016513948958E+01,  5.242109143458455E+01,  2.461419228263966E+06,  2.851339896912006E+02,  7.748117957982156E+01,  7.751257243165634E+01,  1.568110667838473E-04,  1.568550687406472E-04,  1.262564313675403E+00,
2461420.500000000, A.D. 2027-Jan-15 00:00:00.0000,  3.734334181985753E-04,  1.567529924596043E-04,  2.408875741059769E+01,  8.170124392011027E+01,  3.962820464509829E+01,  2.461420445812528E+06,  2.851326686372657E+02,  1.545061836147936E+01,  1.546202369789709E+01,  1.568115511331570E-04,  1.568701098067097E-04,  1.262570163287664E+00,
2461421.500000000, A.D. 2027-Jan-16 00:00:00.0000,  3.149694933470765E-04,  1.567688646928926E-04,  2.408842699057869E+01,  8.170292315751459E+01,  3.487472701510783E+01,  2.461421691658795E+06,  2.851143777555604E+02,  3.053553218102109E+02,  3.053258785277387E+02,  1.568182576600553E-04,  1.568676506272181E-04,  1.262651160681353E+00,
2461422.500000000, A.D. 2027-Jan-17 00:00:00.0000,  2.570236261502507E-04,  1.567686200362365E-04,  2.408806678505795E+01,  8.170393572723387E+01,  2.316955998546084E+01,  2.461422913070596E+06,  2.851398352147752E+02,  2.422171182131495E+02,  2.421910646811662E+02,  1.568089236344017E-04,  1.568492272325670E-04,  1.262538430412004E+00,
2461423.500000000, A.D. 2027-Jan-18 00:00:00.0000,  2.626190352853918E-04,  1.567729839089732E-04,  2.408764326387472E+01,  8.170557849248995E+01,  5.043896113253893E+01,  2.461423008548959E+06,  2.851255360097279E+02,  1.401252414222451E+02,  1.401445301265107E+02,  1.568141662940444E-04,  1.568553486791157E-04,  1.262601747420187E+00,
2461424.500000000, A.D. 2027-Jan-19 00:00:00.0000,  2.915402021041913E-04,  1.567707984653266E-04,  2.408741587408742E+01,  8.170683212811940E+01,  4.879165525034570E+01,  2.461424265304722E+06,  2.851191255023747E+02,  6.691611246169940E+01,  6.694684997596444E+01,  1.568165167843232E-04,  1.568622351033197E-04,  1.262630135266045E+00,
2461425.500000000, A.D. 2027-Jan-20 00:00:00.0000,  3.799245549758082E-04,  1.567494819210249E-04,  2.408694269544451E+01,  8.170793803408029E+01,  4.027051824847980E+01,  2.461425497878506E+06,  2.851394699968554E+02,  6.049217274200366E-01,  6.053815864902052E-01,  1.568090575324241E-04,  1.568686331438232E-04,  1.262540047521201E+00,
2461426.500000000, A.D. 2027-Jan-21 00:00:00.0000,  2.903094174219915E-04,  1.567704725316152E-04,  2.408665599448803E+01,  8.170964926370135E+01,  3.041714184738037E+01,  2.461426725779794E+06,  2.851205412040670E+02,  2.956255429185013E+02,  2.955955433522219E+02,  1.568159976925478E-04,  1.568615228534803E-04,  1.262623865961100E+00,
2461427.500000000, A.D. 2027-Jan-22 00:00:00.0000,  2.633198108446665E-04,  1.567736449872781E-04,  2.408630671004338E+01,  8.171052902559600E+01,  2.826820207981627E+01,  2.461427980777821E+06,  2.851234327583941E+02,  2.229189772707792E+02,  2.228984346763922E+02,  1.568149374669495E-04,  1.568562299466209E-04,  1.262611061171721E+00,
2461428.500000000, A.D. 2027-Jan-23 00:00:00.0000,  2.521071092521238E-04,  1.567686249032367E-04,  2.408586458253523E+01,  8.171227713202127E+01,  5.505704304311814E+01,  2.461428074574647E+06,  2.851419253215378E+02,  1.213066042352452E+02,  1.213312832205340E+02,  1.568081573544945E-04,  1.568476898057523E-04,  1.262529175932473E+00,
2461429.500000000, A.D. 2027-Jan-24 00:00:00.0000,  3.180614519282845E-04,  1.567688747863819E-04,  2.408565362250970E+01,  8.171338929598618E+01,  4.448504859281959E+01,  2.461429299952537E+06,  2.851130274618822E+02,  5.703613785893768E+01,  5.706672414656865E+01,  1.568187527865828E-04,  1.568686307867836E-04,  1.262657140590076E+00,
2461430.500000000, A.D. 2027-Jan-25 00:00:00.0000,  3.712435220365623E-04,  1.567532573598235E-04,  2.408518569229395E+01,  8.171455810353588E+01,  4.074443405985547E+01,  2.461430549352926E+06,  2.851328828255797E+02,  3.459278578703621E+02,  3.459175095572746E+02,  1.568114726032084E-04,  1.568696878465933E-04,  1.262569214860489E+00,
2461431.500000000, A.D. 2027-Jan-26 00:00:00.0000,  2.804309886814185E-04,  1.567669492971414E-04,  2.408490582249951E+01,  8.171612260046280E+01,  2.627369188599020E+01,  2.461431761020011E+06,  2.851343792982960E+02,  2.855742211242381E+02,  2.855432630747415E+02,  1.568109239395778E-04,  1.568548985820143E-04,  1.262562588509829E+00,
2461432.500000000, A.D. 2027-Jan-27 00:00:00.0000,  2.546075418856458E-04,  1.567792239508420E-04,  2.408457094798374E+01,  8.171707755093351E+01,  3.585867521461154E+01,  2.461433057185779E+06,  2.851119406849272E+02,  2.011396810787812E+02,  2.011291621304790E+02,  1.568191512894724E-04,  1.568590786281029E-04,  1.262661953530142E+00,
2461433.500000000, A.D. 2027-Jan-28 00:00:00.0000,  2.402103772799176E-04,  1.567702192639387E-04,  2.408416937936488E+01,  8.171871808321669E+01,  5.322035655777517E+01,  2.461433117957252E+06,  2.851426650780971E+02,  1.089366874632025E+02,  1.089627212338012E+02,  1.568078861454302E-04,  1.568455530269216E-04,  1.262525900504579E+00,
2461434.500000000, A.D. 2027-Jan-29 00:00:00.0000,  3.558821938000016E-04,  1.567591550787094E-04,  2.408392178658691E+01,  8.171978038822722E+01,  4.249936807242965E+01,  2.461434342757544E+06,  2.851233638533365E+02,  4.483349802393757E+01,  4.486225976423646E+01,  1.568149627316670E-04,  1.568707703846246E-04,  1.262611366303812E+00,
2461435.500000000, A.D. 2027-Jan-30 00:00:00.0000,  3.502363327058958E-04,  1.567615033482727E-04,  2.408349424736621E+01,  8.172110092938767E+01,  3.985071420282051E+01,  2.461435596006924E+06,  2.851193726629209E+02,  3.326265659883398E+02,  3.326081056181723E+02,  1.568164261582784E-04,  1.568713489682841E-04,  1.262629040733777E+00,
2461436.500000000, A.D. 2027-Jan-31 00:00:00.0000,  2.819516639164068E-04,  1.567640713608275E-04,  2.408320956623624E+01,  8.172237358811832E+01,  2.431797592156489E+01,  2.461436803963969E+06,  2.851415806522108E+02,  2.733272336017303E+02,  2.732949781252817E+02,  1.568082837173375E-04,  1.568524960738474E-04,  1.262530702034280E+00,
2461437.500000000, A.D. 2027-Feb-01 00:00:00.0000,  2.420345524378215E-04,  1.567794745403530E-04,  2.408284766811639E+01,  8.172351587402714E+01,  4.295416294930006E+01,  2.461436869177570E+06,  2.851166355569010E+02,  1.798579688741241E+02,  1.798580376061391E+02,  1.568174297767834E-04,  1.568553850132139E-04,  1.262641161911980E+00,
2461438.500000000, A.D. 2027-Feb-02 00:00:00.0000,  2.537527819186955E-04,  1.567735438925316E-04,  2.408254183840072E+01,  8.172496214842694E+01,  4.837945035329997E+01,  2.461438150762984E+06,  2.851278013170166E+02,  9.957718256286823E+01,  9.960585369818857E+01,  1.568133357127106E-04,  1.568531275328897E-04,  1.262591716195845E+00,
2461439.500000000, A.D. 2027-Feb-03 00:00:00.0000,  3.819670130913916E-04,  1.567493778875370E-04,  2.408222580188743E+01,  8.172596454004761E+01,  4.417451058386619E+01,  2.461439398436590E+06,  2.851388799539905E+02,  2.895967711374574E+01,  2.898087923527379E+01,  1.568092738574973E-04,  1.568691698274577E-04,  1.262542660117375E+00,
2461440.500000000, A.D. 2027-Feb-04 00:00:00.0000,  3.210853123294076E-04,  1.567682252876298E-04,  2.408184252612353E+01,  8.172749404867110E+01,  3.649954862532719E+01,  2.461440634013135E+06,  2.851135056889329E+02,  3.217910452751943E+02,  3.217682800653838E+02,  1.568185774295428E-04,  1.568689295714558E-04,  1.262655022707940E+00,
2461441.500000000, A.D. 2027-Feb-05 00:00:00.0000,  2.835954653804748E-04,  1.567662768837406E-04,  2.408157457506638E+01,  8.172848390837525E+01,  2.524048836291313E+01,  2.461441857018566E+06,  2.851348599902252E+02,  2.582015611917666E+02,  2.581697524315602E+02,  1.568107477007115E-04,  1.568552185176823E-04,  1.262560460030532E+00,
2461442.500000000, A.D. 2027-Feb-06 00:00:00.0000,  2.309125177481873E-04,  1.567759239631509E-04,  2.408115312361615E+01,  8.172980515258720E+01,  4.758510516235165E+01,  2.461441935228762E+06,  2.851310793072158E+02,  1.610338326357818E+02,  1.610424302508079E+02,  1.568121338477912E-04,  1.568483437324315E-04,  1.262577200895439E+00,
2461443.500000000, A.D. 2027-Feb-07 00:00:00.0000,  2.890937823327766E-04,  1.567726391111176E-04,  2.408093933100306E+01,  8.173109971119926E+01,  4.623804570893582E+01,  2.461443193004315E+06,  2.851151507699388E+02,  8.752912088836926E+01,  8.756221830930204E+01,  1.568179742124204E-04,  1.568633093137233E-04,  1.262647737336436E+00,
2461444.500000000, A.D. 2027-Feb-08 00:00:00.0000,  3.789604581197680E-04,  1.567491680556034E-04,  2.408056844769569E+01,  8.173202499400857E+01,  4.672066878163090E+01,  2.461444457186692E+06,  2.851407389284921E+02,  1.220781834843941E+01,  1.221700531437294E+01,  1.568085923115830E-04,  1.568680165675624E-04,  1.262534428972919E+00,
2461445.500000000, A.D. 2027-Feb-09 00:00:00.0000,  3.009784982042378E-04,  1.567676160556469E-04,  2.408021330088107E+01,  8.173365772612530E+01,  3.015422874328216E+01,  2.461445661512612E+06,  2.851237696489895E+02,  3.139489151255574E+02,  3.139240775510527E+02,  1.568148139428436E-04,  1.568620118300403E-04,  1.262609569322085E+00,
2461446.500000000, A.D. 2027-Feb-10 00:00:00.0000,  2.778883561193271E-04,  1.567726605896097E-04,  2.407998942029912E+01,  8.173452576165755E+01,  2.864454304688911E+01,  2.461446918763607E+06,  2.851198858304738E+02,  2.406021681826496E+02,  2.405744296855437E+02,  1.568162379961992E-04,  1.568598154027888E-04,  1.262626768215137E+00,
2461447.500000000, A.D. 2027-Feb-11 00:00:00.0000,  2.242309803078616E-04,  1.567734133499603E-04,  2.407953102610437E+01,  8.173592843083276E+01,  4.865165518119313E+01,  2.461446988794438E+06,  2.851407869920808E+02,  1.457655563230328E+02,  1.457800084667518E+02,  1.568085746903837E-04,  1.568437360308072E-04,  1.262534216158975E+00,
2461448.500000000, A.D. 2027-Feb-12 00:00:00.0000,  3.251184403192015E-04,  1.567661549830795E-04,  2.407936229252497E+01,  8.173712964782989E+01,  4.663671279163760E+01,  2.461448244159197E+06,  2.851174282240176E+02,  7.294467165566816E+01,  7.298029329053482E+01,  1.568171391267677E-04,  1.568681232704560E-04,  1.262637651589460E+00,
2461449.500000000, A.D. 2027-Feb-13 00:00:00.0000,  3.558817549985676E-04,  1.567578757389898E-04,  2.407897403724146E+01,  8.173806490853880E+01,  4.608050477214443E+01,  2.461449504744355E+06,  2.851268544914288E+02,  3.586472571419916E+02,  3.586462939700934E+02,  1.568136828676565E-04,  1.568694899963233E-04,  1.262595908905599E+00,
2461450.500000000, A.D. 2027-Feb-14 00:00:00.0000,  3.070493000399141E-04,  1.567605750269763E-04,  2.407864260875493E+01,  8.173958352807554E+01,  2.496097296576526E+01,  2.461450693081687E+06,  2.851403823659743E+02,  3.049446139955485E+02,  3.049157660835694E+02,  1.568087230356245E-04,  1.568568710442728E-04,  1.262536007747735E+00,
2461451.500000000, A.D. 2027-Feb-15 00:00:00.0000,  2.625321986805183E-04,  1.567781976016864E-04,  2.407843607425971E+01,  8.174052102926740E+01,  3.456024835910210E+01,  2.461451989282610E+06,  2.851113504082539E+02,  2.204999743921074E+02,  2.204804412988632E+02,  1.568193677350936E-04,  1.568605378685007E-04,  1.262664567666325E+00,
2461452.500000000, A.D. 2027-Feb-16 00:00:00.0000,  2.286585778089178E-04,  1.567741148075035E-04,  2.407801018723888E+01,  8.174188708721454E+01,  4.726534770935362E+01,  2.461452033737888E+06,  2.851369791346979E+02,  1.329485701442531E+02,  1.329677456227658E+02,  1.568099707524020E-04,  1.568458266973005E-04,  1.262551076652660E+00,
2461453.500000000, A.D. 2027-Feb-17 00:00:00.0000,  3.502328848515696E-04,  1.567575681954495E-04,  2.407783481604177E+01,  8.174299415503543E+01,  4.806985209435759E+01,  2.461453298970377E+06,  2.851301104172661E+02,  5.731959869083809E+01,  5.735338705892008E+01,  1.568124890858828E-04,  1.568674099763161E-04,  1.262581491211740E+00,
2461454.500000000, A.D. 2027-Feb-18 00:00:00.0000,  3.358704411875376E-04,  1.567657071031257E-04,  2.407745013126812E+01,  8.174406470339873E+01,  4.129431227076722E+01,  2.461454537726481E+06,  2.851140502194251E+02,  3.492436502579361E+02,  3.492364641818364E+02,  1.568183777608505E-04,  1.568710484185754E-04,  1.262652611202227E+00,
2461455.500000000, A.D. 2027-Feb-19 00:00:00.0000,  3.221244879112993E-04,  1.567568979549545E-04,  2.407717166238558E+01,  8.174533431158621E+01,  2.515915039342505E+01,  2.461455743592909E+06,  2.851439653009361E+02,  2.905409521504938E+02,  2.905063813730616E+02,  1.568074094614280E-04,  1.568579209679014E-04,  1.262520143535431E+00,
2461456.500000000, A.D. 2027-Feb-20 00:00:00.0000,  2.370957163493703E-04,  1.567791909587223E-04,  2.407689925062457E+01,  8.174641657773698E+01,  4.132761337606019E+01,  2.461457062758828E+06,  2.851195218703401E+02,  1.995464721645105E+02,  1.995373846783336E+02,  1.568163714486462E-04,  1.568535519385701E-04,  1.262628379980633E+00,
2461457.500000000, A.D. 2027-Feb-21 00:00:00.0000,  2.470903390725646E-04,  1.567761809685695E-04,  2.407657330955654E+01,  8.174770425558404E+01,  4.583407068858498E+01,  2.461457078485525E+06,  2.851234574257995E+02,  1.201836645816123E+02,  1.202081363208929E+02,  1.568149284224050E-04,  1.568536758762406E-04,  1.262610951937149E+00,
2461458.500000000, A.D. 2027-Feb-22 00:00:00.0000,  3.595874904642899E-04,  1.567527101905011E-04,  2.407636063698796E+01,  8.174868139764253E+01,  4.960909721854856E+01,  2.461458354177115E+06,  2.851393629457397E+02,  4.157984466236034E+01,  4.160720055630006E+01,  1.568090967800943E-04,  1.568654833696874E-04,  1.262540521522123E+00,
2461459.500000000, A.D. 2027-Feb-23 00:00:00.0000,  3.294442774543987E-04,  1.567659356490073E-04,  2.407597822167036E+01,  8.174992821476722E+01,  3.536548947108797E+01,  2.461459566684229E+06,  2.851161759327939E+02,  3.409872476695181E+02,  3.409749442381391E+02,  1.568175983093744E-04,  1.568692609697416E-04,  1.262643197364072E+00,
2461460.500000000, A.D. 2027-Feb-24 00:00:00.0000,  3.173346127127929E-04,  1.567627328861440E-04,  2.407578297630308E+01,  8.175099461757688E+01,  2.868330551319221E+01,  2.461460805771565E+06,  2.851300945092431E+02,  2.728153247347931E+02,  2.727790040514651E+02,  1.568124949184874E-04,  1.568622569508309E-04,  1.262581561653885E+00,
2461461.500000000, A.D. 2027-Feb-25 00:00:00.0000,  2.103492952755339E-04,  1.567770946427406E-04,  2.407539909460904E+01,  8.175214317549431E+01,  4.383871153310707E+01,  2.461462121317380E+06,  2.851366824329885E+02,  1.828396236450689E+02,  1.828384298219156E+02,  1.568100795324624E-04,  1.568430644221841E-04,  1.262552390412291E+00,
2461462.500000000, A.D. 2027-Feb-26 00:00:00.0000,  2.799992727534993E-04,  1.567744426571040E-04,  2.407518801580080E+01,  8.175341797640506E+01,  4.573238877232367E+01,  2.461462127874332E+06,  2.851141213422989E+02,  1.060982829074542E+02,  1.061291073117522E+02,  1.568183516815293E-04,  1.568622607059545E-04,  1.262652296228413E+00,
2461463.500000000, A.D. 2027-Feb-27 00:00:00.0000,  3.552609774947209E-04,  1.567547087217337E-04,  2.407493766562942E+01,  8.175426402847006E+01,  4.994049079579931E+01,  2.461463405148275E+06,  2.851357610429093E+02,  2.704561868948000E+01,  2.706413679967655E+01,  1.568104173438807E-04,  1.568661259660277E-04,  1.262556470234628E+00,
2461464.500000000, A.D. 2027-Feb-28 00:00:00.0000,  3.329755140609616E-04,  1.567603364179333E-04,  2.407456300465655E+01,  8.175560777271436E+01,  3.105941444588614E+01,  2.461464601348645E+06,  2.851299411206018E+02,  3.311024668240716E+02,  3.310840213300890E+02,  1.568125511577662E-04,  1.568647658975991E-04,  1.262582240872874E+00,
2461465.500000000, A.D. 2027-Mar-01 00:00:00.0000,  2.891737136449052E-04,  1.567727276429511E-04,  2.407443584369308E+01,  8.175661383872647E+01,  3.212486010642867E+01,  2.461465867629442E+06,  2.851148750626827E+02,  2.551833775283922E+02,  2.551513454503742E+02,  1.568180753081546E-04,  1.568634229733581E-04,  1.262648958321988E+00,
2461466.500000000, A.D. 2027-Mar-02 00:00:00.0000,  2.030035168098199E-04,  1.567758898430955E-04,  2.407399629994756E+01,  8.175772031043087E+01,  4.005829341329927E+01,  2.461465895337282E+06,  2.851431118188457E+02,  1.724154089949533E+02,  1.724184786343968E+02,  1.568077223621980E-04,  1.568395548813005E-04,  1.262523922474100E+00,
2461467.500000000, A.D. 2027-Mar-03 00:00:00.0000,  3.196440543269427E-04,  1.567659257662750E-04,  2.407385132864544E+01,  8.175904510486221E+01,  4.798322133287284E+01,  2.461467185530150E+06,  2.851203955890880E+02,  8.966176798768198E+01,  8.969839594387642E+01,  1.568160510846273E-04,  1.568661764029795E-04,  1.262624510800790E+00,
2461468.500000000, A.D. 2027-Mar-04 00:00:00.0000,  3.446094930014855E-04,  1.567613638708247E-04,  2.407357657528750E+01,  8.175983748213945E+01,  4.806481386591850E+01,  2.461468448355982E+06,  2.851221605190300E+02,  1.472485410690252E+01,  1.473489559200137E+01,  1.568154039476738E-04,  1.568694440245231E-04,  1.262616695049813E+00,
2461469.500000000, A.D. 2027-Mar-05 00:00:00.0000,  3.396867094048387E-04,  1.567551452484126E-04,  2.407323691964626E+01,  8.176114010617971E+01,  2.946772821417116E+01,  2.461469645561939E+06,  2.851412335250068E+02,  3.184942892488993E+02,  3.184684855015339E+02,  1.568084109815459E-04,  1.568616767146792E-04,  1.262532239022625E+00,
2461470.500000000, A.D. 2027-Mar-06 00:00:00.0000,  2.549235862994621E-04,  1.567784152650794E-04,  2.407311478990653E+01,  8.176216699521295E+01,  3.418076962748005E+01,  2.461470924592365E+06,  2.851140114632585E+02,  2.389427675280658E+02,  2.389177470339106E+02,  1.568183919719586E-04,  1.568583686788378E-04,  1.262652782837338E+00,
2461471.500000000, A.D. 2027-Mar-07 00:00:00.0000,  2.238977962351488E-04,  1.567767588490730E-04,  2.407272148754054E+01,  8.176322396405402E+01,  3.806344840748962E+01,  2.461470938125717E+06,  2.851318025371231E+02,  1.602082269198391E+02,  1.602169120965897E+02,  1.568118686808942E-04,  1.568469785127154E-04,  1.262573998398966E+00,
2461472.500000000, A.D. 2027-Mar-08 00:00:00.0000,  3.433268210709182E-04,  1.567563019493806E-04,  2.407258222020278E+01,  8.176452558680715E+01,  5.208118343647808E+01,  2.461472249701435E+06,  2.851365200261263E+02,  7.136926172706981E+01,  7.140654754077663E+01,  1.568101390759413E-04,  1.568639762025020E-04,  1.262553109531582E+00,
2461473.500000000, A.D. 2027-Mar-09 00:00:00.0000,  3.338506001545942E-04,  1.567667180144658E-04,  2.407228514808397E+01,  8.176539550277786E+01,  4.335055962569344E+01,  2.461473481579352E+06,  2.851121564936761E+02,  5.251950777365990E+00,  5.255454058320958E+00,  1.568190721558208E-04,  1.568714262971757E-04,  1.262660997788724E+00,
2461474.500000000, A.D. 2027-Mar-10 00:00:00.0000,  3.398286468816561E-04,  1.567558368233455E-04,  2.407201820386083E+01,  8.176657868166625E+01,  3.000932281430920E+01,  2.461474697273602E+06,  2.851392858206581E+02,  3.037495458940755E+02,  3.037171594120470E+02,  1.568091250561320E-04,  1.568624132889185E-04,  1.262540863016773E+00,
2461475.500000000, A.D. 2027-Mar-11 00:00:00.0000,  2.284826265826488E-04,  1.567780779604815E-04,  2.407182919104046E+01,  8.176759519736920E+01,  3.458061609859313E+01,  2.461475975741753E+06,  2.851262426154181E+02,  2.243535413689338E+02,  2.243352415688860E+02,  1.568139072138864E-04,  1.568497364672913E-04,  1.262598618414695E+00,
2461476.500000000, A.D. 2027-Mar-12 00:00:00.0000,  2.555144901324240E-04,  1.567771347358268E-04,  2.407153623581719E+01,  8.176868625124075E+01,  4.183040973468557E+01,  2.461476001082543E+06,  2.851172518353455E+02,  1.422499742418922E+02,  1.422678953279872E+02,  1.568172038037007E-04,  1.568572728715746E-04,  1.262638432724159E+00,
2461477.500000000, A.D. 2027-Mar-13 00:00:00.0000,  3.385617828534777E-04,  1.567546100352706E-04,  2.407138459146658E+01,  8.176981091965746E+01,  5.518857816307029E+01,  2.461477310418064E+06,  2.851431751893703E+02,  5.405799507787426E+01,  5.408941283094786E+01,  1.568076991294530E-04,  1.568607882236354E-04,  1.262523641889431E+00,
2461478.500000000, A.D. 2027-Mar-14 00:00:00.0000,  3.353410166542917E-04,  1.567643521482393E-04,  2.407106021627157E+01,  8.177083236494846E+01,  3.667361761933034E+01,  2.461478507912171E+06,  2.851179731978520E+02,  3.577440979850873E+02,  3.577425847492101E+02,  1.568169393000928E-04,  1.568695264519463E-04,  1.262635238186774E+00,
2461479.500000000, A.D. 2027-Mar-15 00:00:00.0000,  3.273908293577304E-04,  1.567627718028728E-04,  2.407089307794323E+01,  8.177195505556782E+01,  3.137075591155956E+01,  2.461479751851416E+06,  2.851256859850497E+02,  2.881906922670557E+02,  2.881550464465856E+02,  1.568141113048279E-04,  1.568654508067830E-04,  1.262601083295162E+00,
2461480.500000000, A.D. 2027-Mar-16 00:00:00.0000,  2.164966195345991E-04,  1.567756243912156E-04,  2.407061104234080E+01,  8.177289436546366E+01,  3.333818429124214E+01,  2.461481021159748E+06,  2.851380636590262E+02,  2.113975187526003E+02,  2.113845970906887E+02,  1.568095731337096E-04,  1.568435218762037E-04,  1.262546274532099E+00,
2461481.500000000, A.D. 2027-Mar-17 00:00:00.0000,  2.831748708838408E-04,  1.567733399428518E-04,  2.407040258236969E+01,  8.177410005101420E+01,  4.737725958998634E+01,  2.461481070285939E+06,  2.851157710009865E+02,  1.225182557836171E+02,  1.225456126088972E+02,  1.568177467880509E-04,  1.568621536332499E-04,  1.262644990615950E+00,
2461482.500000000, A.D. 2027-Mar-18 00:00:00.0000,  3.227363186516787E-04,  1.567612616650082E-04,  2.407025038384422E+01,  8.177500301341432E+01,  5.385590840200140E+01,  2.461482355546247E+06,  2.851317974369509E+02,  4.118835814425592E+01,  4.121272010375036E+01,  1.568118705508307E-04,  1.568624794366532E-04,  1.262574020982715E+00,
2461483.500000000, A.D. 2027-Mar-19 00:00:00.0000,  3.545911140984939E-04,  1.567549690394967E-04,  2.406990822638247E+01,  8.177611388167153E+01,  3.257588267686221E+01,  2.461483543317336E+06,  2.851353373741610E+02,  3.476486967507719E+02,  3.476400013458785E+02,  1.568105726751640E-04,  1.568661763108313E-04,  1.262558346205963E+00,
2461484.500000000, A.D. 2027-Mar-20 00:00:00.0000,  3.001971397993147E-04,  1.567714809358402E-04,  2.406982612379898E+01,  8.177729031999786E+01,  3.297369822028216E+01,  2.461484807246344E+06,  2.851135602630695E+02,  2.723999010070448E+02,  2.723655305829847E+02,  1.568185574182446E-04,  1.568656339006490E-04,  1.262654781020706E+00,
2461485.500000000, A.D. 2027-Mar-21 00:00:00.0000,  2.201757690738192E-04,  1.567750488858384E-04,  2.406949708394239E+01,  8.177812933311415E+01,  3.266122440301112E+01,  2.461486068595389E+06,  2.851380597837007E+02,  1.978718139565894E+02,  1.978640731012210E+02,  1.568095745545141E-04,  1.568441002231898E-04,  1.262546291691428E+00,
2461486.500000000, A.D. 2027-Mar-22 00:00:00.0000,  3.012009843746746E-04,  1.567662465905561E-04,  2.406933259595021E+01,  8.177944451119700E+01,  5.204314818641625E+01,  2.461486136430758E+06,  2.851274106126636E+02,  1.036635565151761E+02,  1.036970918290724E+02,  1.568134789647835E-04,  1.568607113390108E-04,  1.262593446299866E+00,
2461487.500000000, A.D. 2027-Mar-23 00:00:00.0000,  3.217951655477595E-04,  1.567672551498557E-04,  2.406918134119923E+01,  8.178022926419793E+01,  4.833939072604037E+01,  2.461487385965249E+06,  2.851158486023430E+02,  3.251311487160970E+01,  3.253294164284436E+01,  1.568177183334876E-04,  1.568681815171196E-04,  1.262644646955770E+00,
2461488.500000000, A.D. 2027-Mar-24 00:00:00.0000,  3.703087080561389E-04,  1.567489747007557E-04,  2.406886048672143E+01,  8.178133073387131E+01,  3.336409399381073E+01,  2.461488595891208E+06,  2.851449683912403E+02,  3.326571045096676E+02,  3.326376058169010E+02,  1.568070417137868E-04,  1.568651087268180E-04,  1.262515702209597E+00,
2461489.500000000, A.D. 2027-Mar-25 00:00:00.0000,  2.611570251644251E-04,  1.567766203647688E-04,  2.406879078705147E+01,  8.178255826437940E+01,  3.334881008135657E+01,  2.461489858308293E+06,  2.851162412041422E+02,  2.578404862291787E+02,  2.578112332505347E+02,  1.568175743759863E-04,  1.568585283872039E-04,  1.262642908308550E+00,
2461490.500000000, A.D. 2027-Mar-26 00:00:00.0000,  2.340121060634916E-04,  1.567771536699835E-04,  2.406849706682511E+01,  8.178335517442730E+01,  3.469213525813247E+01,  2.461491125536548E+06,  2.851263986335389E+02,  1.816430169504245E+02,  1.816422483088456E+02,  1.568138500092841E-04,  1.568505463485847E-04,  1.262597927534213E+00,
2461491.500000000, A.D. 2027-Mar-27 00:00:00.0000,  3.068994640537795E-04,  1.567610262668809E-04,  2.406835230508622E+01,  8.178467313746155E+01,  5.513185830294097E+01,  2.461491197070797E+06,  2.851392152988415E+02,  8.637699538341583E+01,  8.641209403448811E+01,  1.568091509112543E-04,  1.568572755556277E-04,  1.262541175273630E+00,
2461492.500000000, A.D. 2027-Mar-28 00:00:00.0000,  3.376771465681591E-04,  1.567659243112109E-04,  2.406818233770062E+01,  8.178545947579370E+01,  4.282748440152069E+01,  2.461492416381898E+06,  2.851126847238002E+02,  2.384058152424063E+01,  2.385622780230719E+01,  1.568188784626181E-04,  1.568718326140254E-04,  1.262658658448487E+00,
2461493.500000000, A.D. 2027-Mar-29 00:00:00.0000,  3.607115675354301E-04,  1.567538017907094E-04,  2.406793563395305E+01,  8.178655011512652E+01,  3.580289301929606E+01,  2.461493654259751E+06,  2.851359035301965E+02,  3.160150065991629E+02,  3.159862917162748E+02,  1.568103651033116E-04,  1.568669284159138E-04,  1.262555839313569E+00,
2461494.500000000, A.D. 2027-Mar-30 00:00:00.0000,  2.306297797441178E-04,  1.567756789482756E-04,  2.406780411373121E+01,  8.178768455292098E+01,  2.971022743922649E+01,  2.461494895299767E+06,  2.851318686820069E+02,  2.472874386783440E+02,  2.472630625837947E+02,  1.568118444294176E-04,  1.568480099105597E-04,  1.262573705507081E+00,
2461495.500000000, A.D. 2027-Mar-31 00:00:00.0000,  2.546408914365227E-04,  1.567781305004189E-04,  2.406758980989589E+01,  8.178858239177009E+01,  3.963829374033806E+01,  2.461494930025093E+06,  2.851149091973471E+02,  1.625083439157952E+02,  1.625171117051918E+02,  1.568180627917216E-04,  1.568579950830243E-04,  1.262648807154521E+00,
2461496.500000000, A.D. 2027-Apr-01 00:00:00.0000,  3.044588004418344E-04,  1.567613639323968E-04,  2.406746581638328E+01,  8.178976916428471E+01,  5.581430642090573E+01,  2.461496249273809E+06,  2.851393382214295E+02,  7.149190024202272E+01,  7.152498817534220E+01,  1.568091058446606E-04,  1.568568477569245E-04,  1.262540630996472E+00,
2461497.500000000, A.D. 2027-Apr-02 00:00:00.0000,  3.571029840853281E-04,  1.567586731121552E-04,  2.406725797236729E+01,  8.179060242654505E+01,  3.954758497201615E+01,  2.461497454640973E+06,  2.851241565029219E+02,  1.293295423827152E+01,  1.294211678019986E+01,  1.568146720995103E-04,  1.568706710868654E-04,  1.262607856224594E+00,
2461498.500000000, A.D. 2027-Apr-03 00:00:00.0000,  3.288962184154107E-04,  1.567647902346372E-04,  2.406710471203700E+01,  8.179176328671404E+01,  3.603488681283686E+01,  2.461498704861983E+06,  2.851195352450142E+02,  3.015898466671014E+02,  3.015577357475576E+02,  1.568163665445794E-04,  1.568679428545215E-04,  1.262628320751989E+00,
2461499.500000000, A.D. 2027-Apr-04 00:00:00.0000,  2.310096302847587E-04,  1.567717779044992E-04,  2.406691237284081E+01,  8.179267529529707E+01,  2.487372573895587E+01,  2.461499928130770E+06,  2.851423488978498E+02,  2.379217865624311E+02,  2.378993598520865E+02,  1.568080020630815E-04,  1.568442262216637E-04,  1.262527300457104E+00,
2461500.500000000, A.D. 2027-Apr-05 00:00:00.0000,  2.767676724774247E-04,  1.567738491949325E-04,  2.406674538560238E+01,  8.179380913089415E+01,  4.693608819800343E+01,  2.461500005374354E+06,  2.851171227371724E+02,  1.410262410604270E+02,  1.410461834524900E+02,  1.568172511405350E-04,  1.568606530861375E-04,  1.262639004434176E+00,
2461501.500000000, A.D. 2027-Apr-06 00:00:00.0000,  3.035505188244411E-04,  1.567660346208442E-04,  2.406665676735383E+01,  8.179480765277161E+01,  5.381936819264847E+01,  2.461501292063236E+06,  2.851269837321393E+02,  5.928838227592492E+01,  5.931829385216781E+01,  1.568136354812533E-04,  1.568612363416624E-04,  1.262595336603426E+00,
2461502.500000000, A.D. 2027-Apr-07 00:00:00.0000,  3.705446420899979E-04,  1.567515187323840E-04,  2.406641752754462E+01,  8.179567233324215E+01,  3.862845040426114E+01,  2.461502501208612E+06,  2.851379257413366E+02,  3.596553788985632E+02,  3.596551233867539E+02,  1.568096236982735E-04,  1.568677286641631E-04,  1.262546885210123E+00,
2461503.500000000, A.D. 2027-Apr-08 00:00:00.0000,  2.947265238412694E-04,  1.567722165499003E-04,  2.406632837053095E+01,  8.179694440630756E+01,  3.320234394092684E+01,  2.461503744683095E+06,  2.851138938397630E+02,  2.902374498927468E+02,  2.902057575986949E+02,  1.568184351021522E-04,  1.568646536544041E-04,  1.262653303743675E+00,
2461504.500000000, A.D. 2027-Apr-09 00:00:00.0000,  2.491427708609675E-04,  1.567716171106362E-04,  2.406613921068107E+01,  8.179766436940022E+01,  2.592549492544499E+01,  2.461504981642922E+06,  2.851350300269322E+02,  2.226667309795789E+02,  2.226473863691076E+02,  1.568106853592872E-04,  1.568497536079383E-04,  1.262559707118401E+00,
2461505.500000000, A.D. 2027-Apr-10 00:00:00.0000,  2.856726762737521E-04,  1.567667002802619E-04,  2.406596415310239E+01,  8.179900808846197E+01,  5.421917996762996E+01,  2.461505080714007E+06,  2.851328161740657E+02,  1.195521958171635E+02,  1.195806677878291E+02,  1.568114970402919E-04,  1.568562938003219E-04,  1.262569509993651E+00,
2461506.500000000, A.D. 2027-Apr-11 00:00:00.0000,  3.114808481142828E-04,  1.567697279738518E-04,  2.406591280497285E+01,  8.179987656521278E+01,  4.948499107271789E+01,  2.461506326617164E+06,  2.851135151611300E+02,  4.943378983186377E+01,  4.946091112044017E+01,  1.568185739562678E-04,  1.568674199386837E-04,  1.262654980759325E+00,
2461507.500000000, A.D. 2027-Apr-12 00:00:00.0000,  3.712569295209196E-04,  1.567502890019244E-04,  2.406567638653319E+01,  8.180075474376780E+01,  3.909041749725389E+01,  2.461507552637675E+06,  2.851409764084506E+02,  3.449908419202648E+02,  3.449798194961502E+02,  1.568085052461048E-04,  1.568667214902852E-04,  1.262533377469808E+00,
2461508.500000000, A.D. 2027-Apr-13 00:00:00.0000,  2.718727423777257E-04,  1.567724612758692E-04,  2.406560405554613E+01,  8.180205252585849E+01,  2.893832251181359E+01,  2.461508779477348E+06,  2.851230030448925E+02,  2.803145794226184E+02,  2.802839267066339E+02,  1.568150950258001E-04,  1.568577287757310E-04,  1.262612964073327E+00,
2461509.500000000, A.D. 2027-Apr-14 00:00:00.0000,  2.592212367853139E-04,  1.567757929588034E-04,  2.406546730044167E+01,  8.180274368307975E+01,  3.261872929456202E+01,  2.461510054926789E+06,  2.851193264280913E+02,  2.017796477657743E+02,  2.017686295585509E+02,  1.568164431111350E-04,  1.568570932634665E-04,  1.262629245481169E+00,
2461510.500000000, A.D. 2027-Apr-15 00:00:00.0000,  2.743852658720738E-04,  1.567641899205078E-04,  2.406528617021273E+01,  8.180411185194906E+01,  5.785842596851037E+01,  2.461510143299699E+06,  2.851444943335645E+02,  1.017111270276591E+02,  1.017419125982299E+02,  1.568072155100261E-04,  1.568502410995445E-04,  1.262517801163886E+00,
2461511.500000000, A.D. 2027-Apr-16 00:00:00.0000,  3.346486466094370E-04,  1.567660970886389E-04,  2.406524411063750E+01,  8.180496025125125E+01,  4.435921097513224E+01,  2.461511358386951E+06,  2.851135090068329E+02,  4.037579327212832E+01,  4.040064289363004E+01,  1.568185762129318E-04,  1.568710553372247E-04,  1.262655008014272E+00,
2461512.500000000, A.D. 2027-Apr-17 00:00:00.0000,  3.584182774362959E-04,  1.567560978266947E-04,  2.406504835951011E+01,  8.180589912047775E+01,  3.929837959867234E+01,  2.461512603169110E+06,  2.851306200764479E+02,  3.305833277787621E+02,  3.305631472361920E+02,  1.568123022219380E-04,  1.568685066171812E-04,  1.262579234399583E+00,
2461513.500000000, A.D. 2027-Apr-18 00:00:00.0000,  2.645539159950757E-04,  1.567689220111426E-04,  2.406496231581835E+01,  8.180706391457487E+01,  2.527856860833502E+01,  2.461513816415424E+06,  2.851357897515539E+02,  2.697786382838830E+02,  2.697483229046026E+02,  1.568104068183352E-04,  1.568518916255278E-04,  1.262556343115248E+00,
2461514.500000000, A.D. 2027-Apr-19 00:00:00.0000,  2.589055107673359E-04,  1.567779517234948E-04,  2.406486357862283E+01,  8.180788359440224E+01,  4.097109563879707E+01,  2.461513871330942E+06,  2.851135725549842E+02,  1.792420811815464E+02,  1.792424735018604E+02,  1.568185529110340E-04,  1.568591540985733E-04,  1.262654726584698E+00,
2461515.500000000, A.D. 2027-Apr-20 00:00:00.0000,  2.639326312418685E-04,  1.567682842439400E-04,  2.406473024922730E+01,  8.180911596360197E+01,  5.570848377290184E+01,  2.461515185565953E+06,  2.851377955419473E+02,  8.965703106802832E+01,  8.968727503619324E+01,  1.568096714331255E-04,  1.568510586223110E-04,  1.262547461713259E+00,
2461516.500000000, A.D. 2027-Apr-21 00:00:00.0000,  3.669316633492410E-04,  1.567554242184078E-04,  2.406466013178611E+01,  8.180998071932856E+01,  4.211286026477278E+01,  2.461516400281159E+06,  2.851288155085630E+02,  2.843271508714606E+01,  2.845274298051856E+01,  1.568129638600717E-04,  1.568705035017356E-04,  1.262587225208700E+00,
2461517.500000000, A.D. 2027-Apr-22 00:00:00.0000,  3.336521003119182E-04,  1.567649750329002E-04,  2.406451858241279E+01,  8.181109176226181E+01,  3.811727608424427E+01,  2.461517648801851E+06,  2.851169964312492E+02,  3.175740632001402E+02,  3.175482613946348E+02,  1.568172974535608E-04,  1.568696198742214E-04,  1.262639563779241E+00,
2461518.500000000, A.D. 2027-Apr-23 00:00:00.0000,  2.680886276024190E-04,  1.567671634683271E-04,  2.406442780429924E+01,  8.181203031866266E+01,  2.426433257676722E+01,  2.461518862662169E+06,  2.851390753172756E+02,  2.565908444591749E+02,  2.565609635708250E+02,  1.568092022321490E-04,  1.568512409959709E-04,  1.262541795085175E+00,
2461519.500000000, A.D. 2027-Apr-24 00:00:00.0000,  2.552949730323615E-04,  1.567750167480178E-04,  2.406431404540468E+01,  8.181304209081327E+01,  4.800457011357169E+01,  2.461518945775689E+06,  2.851231235476444E+02,  1.580221668343622E+02,  1.580331120848068E+02,  1.568150508421936E-04,  1.568550849363694E-04,  1.262612430450046E+00,
2461520.500000000, A.D. 2027-Apr-25 00:00:00.0000,  2.792039541804206E-04,  1.567722122041945E-04,  2.406426360295998E+01,  8.181413139488485E+01,  5.101671134141458E+01,  2.461520218877516E+06,  2.851205462283489E+02,  8.015379627386397E+01,  8.018532130260128E+01,  1.568159958503146E-04,  1.568597794964347E-04,  1.262623843711639E+00,
2461521.500000000, A.D. 2027-Apr-26 00:00:00.0000,  3.841059645765757E-04,  1.567475896738267E-04,  2.406415469880993E+01,  8.181495800320441E+01,  4.370062712924641E+01,  2.461521455656147E+06,  2.851428441538530E+02,  1.264433246634296E+01,  1.265397185630759E+01,  1.568078204929703E-04,  1.568680513121139E-04,  1.262525107611526E+00,
2461522.500000000, A.D. 2027-Apr-27 00:00:00.0000,  3.020188262668377E-04,  1.567706875657879E-04,  2.406404931127830E+01,  8.181627627492854E+01,  3.422384802206092E+01,  2.461522684896658E+06,  2.851149452580473E+02,  3.072831994608924E+02,  3.072556566257519E+02,  1.568180495690562E-04,  1.568654115723245E-04,  1.262648647457526E+00,
2461523.500000000, A.D. 2027-Apr-28 00:00:00.0000,  2.715495179577121E-04,  1.567701893881858E-04,  2.406399901296142E+01,  8.181704081784443E+01,  2.642460998280191E+01,  2.461523920052195E+06,  2.851293392792126E+02,  2.402307951727689E+02,  2.402037889144842E+02,  1.568127718207834E-04,  1.568553542533810E-04,  1.262584905888869E+00,
2461524.500000000, A.D. 2027-Apr-29 00:00:00.0000,  2.493640908052387E-04,  1.567707712939603E-04,  2.406384176284057E+01,  8.181820361212149E+01,  5.221389863734776E+01,  2.461524010349422E+06,  2.851372429064883E+02,  1.396176158545628E+02,  1.396361248071825E+02,  1.568098740456309E-04,  1.568489767973016E-04,  1.262549908705062E+00,
2461525.500000000, A.D. 2027-Apr-30 00:00:00.0000,  3.124736870566234E-04,  1.567701721176193E-04,  2.406386050564358E+01,  8.181923174790258E+01,  4.830055063457429E+01,  2.461525259096646E+06,  2.851118787961792E+02,  6.868440788947021E+01,  6.871777000873119E+01,  1.568191739831149E-04,  1.568681758486106E-04,  1.262662227614012E+00,
2461526.500000000, A.D. 2027-May-01 00:00:00.0000,  3.729256058583707E-04,  1.567506006542678E-04,  2.406373745552590E+01,  8.182001602606427E+01,  4.564938475104525E+01,  2.461526512305692E+06,  2.851394120561167E+02,  3.564911621215261E+02,  3.564885454686332E+02,  1.568090787749741E-04,  1.568675568956803E-04,  1.262540304071155E+00,
2461527.500000000, A.D. 2027-May-02 00:00:00.0000,  2.848383171306517E-04,  1.567685504099239E-04,  2.406364011064990E+01,  8.182139970743177E+01,  2.748488857687658E+01,  2.461527711016144E+06,  2.851281255771681E+02,  2.998333624489271E+02,  2.998050429617880E+02,  1.568132168227075E-04,  1.568578832354911E-04,  1.262590280321428E+00,
2461528.500000000, A.D. 2027-May-03 00:00:00.0000,  2.698208378101350E-04,  1.567753831728124E-04,  2.406365852084454E+01,  8.182215193746009E+01,  3.152975760312041E+01,  2.461528987749938E+06,  2.851159099060520E+02,  2.209347326961894E+02,  2.209144796377666E+02,  1.568176958548914E-04,  1.568600085369704E-04,  1.262644375470393E+00,
2461529.500000000, A.D. 2027-May-04 00:00:00.0000,  2.447911205549433E-04,  1.567697511398710E-04,  2.406348501110769E+01,  8.182335615367886E+01,  5.308336299735004E+01,  2.461529063214710E+06,  2.851419825339178E+02,  1.245458236523281E+02,  1.245689244894512E+02,  1.568081363792875E-04,  1.568465216187039E-04,  1.262528922612011E+00,
2461530.500000000, A.D. 2027-May-05 00:00:00.0000,  3.437126865746709E-04,  1.567625594750681E-04,  2.406353346183177E+01,  8.182436734574415E+01,  4.765749772509390E+01,  2.461530306600798E+06,  2.851192823270930E+02,  5.514184163249534E+01,  5.517416898843153E+01,  1.568164592815869E-04,  1.568703590881057E-04,  1.262629440779115E+00,
2461531.500000000, A.D. 2027-May-06 00:00:00.0000,  3.455701781157171E-04,  1.567606135856105E-04,  2.406342361822821E+01,  8.182521288665123E+01,  4.401322288903439E+01,  2.461531556358603E+06,  2.851237964789508E+02,  3.439308211037373E+02,  3.439198555191106E+02,  1.568148041053964E-04,  1.568689946251823E-04,  1.262609450511357E+00,
2461532.500000000, A.D. 2027-May-07 00:00:00.0000,  2.954284070903029E-04,  1.567619425595322E-04,  2.406333947069523E+01,  8.182646702182349E+01,  2.305079426154478E+01,  2.461532745254993E+06,  2.851416230418354E+02,  2.900675933198827E+02,  2.900357909937625E+02,  1.568082681764182E-04,  1.568545937933041E-04,  1.262530514344381E+00,
2461533.500000000, A.D. 2027-May-08 00:00:00.0000,  2.611237103918030E-04,  1.567776066059928E-04,  2.406337849214152E+01,  8.182735999025529E+01,  3.932745785111931E+01,  2.461534064853181E+06,  2.851135650878157E+02,  1.989526958721310E+02,  1.989429803964225E+02,  1.568185556491022E-04,  1.568595046922115E-04,  1.262654759653821E+00,
2461534.500000000, A.D. 2027-May-09 00:00:00.0000,  2.499251036194438E-04,  1.567723580961222E-04,  2.406324973832772E+01,  8.182851585269663E+01,  5.173563412830359E+01,  2.461534108278415E+06,  2.851326738040310E+02,  1.116926230197537E+02,  1.117192310226367E+02,  1.568115492388144E-04,  1.568507403815066E-04,  1.262570140409179E+00,
2461535.500000000, A.D. 2027-May-10 00:00:00.0000,  3.628725162086717E-04,  1.567543690951302E-04,  2.406329245896591E+01,  8.182948287549793E+01,  4.826497328483929E+01,  2.461535358520931E+06,  2.851334310690135E+02,  4.034041237241902E+01,  4.036733893733434E+01,  1.568112715958241E-04,  1.568681740965179E-04,  1.262566787241675E+00,
2461536.500000000, A.D. 2027-May-11 00:00:00.0000,  3.240456206348356E-04,  1.567673657314557E-04,  2.406319407520461E+01,  8.183049712210929E+01,  3.864900229771807E+01,  2.461536587303960E+06,  2.851145841581730E+02,  3.351083678452025E+02,  3.350927327421156E+02,  1.568181819765611E-04,  1.568689982216665E-04,  1.262650246612018E+00,
2461537.500000000, A.D. 2027-May-12 00:00:00.0000,  3.097668125300571E-04,  1.567607782007566E-04,  2.406316860136239E+01,  8.183155667911750E+01,  2.441785806581287E+01,  2.461537799868297E+06,  2.851386653582521E+02,  2.744959540291005E+02,  2.744605655230141E+02,  1.568093525340660E-04,  1.568579268673754E-04,  1.262543610308658E+00,
2461538.500000000, A.D. 2027-May-13 00:00:00.0000,  2.429498086551928E-04,  1.567754636344458E-04,  2.406313931990088E+01,  8.183261047639240E+01,  4.695831458933085E+01,  2.461537878755203E+06,  2.851271856185829E+02,  1.771337805305057E+02,  1.771351722225369E+02,  1.568135614591969E-04,  1.568516592839479E-04,  1.262594442613322E+00,
2461539.500000000, A.D. 2027-May-14 00:00:00.0000,  2.691002092651774E-04,  1.567748491388992E-04,  2.406310470961090E+01,  8.183373251670309E+01,  4.978395527160121E+01,  2.461539151189301E+06,  2.851176750036225E+02,  9.945209543938068E+01,  9.948251170932873E+01,  1.568170486395044E-04,  1.568592481401096E-04,  1.262636558731149E+00,
2461540.500000000, A.D. 2027-May-15 00:00:00.0000,  3.658961191641662E-04,  1.567513988176648E-04,  2.406312805131149E+01,  8.183461203243650E+01,  4.911317834915416E+01,  2.461540411304915E+06,  2.851402418837573E+02,  2.529053793085692E+01,  2.530845760024546E+01,  1.568087745397198E-04,  1.568661502617748E-04,  1.262536629770977E+00,
2461541.500000000, A.D. 2027-May-16 00:00:00.0000,  3.168864994874377E-04,  1.567662830512068E-04,  2.406302628864248E+01,  8.183580217764133E+01,  3.266580077034600E+01,  2.461541616070748E+06,  2.851206005923788E+02,  3.269058385293073E+02,  3.268860047105737E+02,  1.568159759168788E-04,  1.568656687825508E-04,  1.262623602966774E+00,
2461542.500000000, A.D. 2027-May-17 00:00:00.0000,  3.021597908074400E-04,  1.567678188587257E-04,  2.406309277756357E+01,  8.183676453348939E+01,  2.900656826573894E+01,  2.461542865772677E+06,  2.851227109996811E+02,  2.557099026438706E+02,  2.556763521636241E+02,  1.568152021073899E-04,  1.568625853560541E-04,  1.262614257341298E+00,
2461543.500000000, A.D. 2027-May-18 00:00:00.0000,  2.214668176866785E-04,  1.567730707929543E-04,  2.406297017114300E+01,  8.183786703515882E+01,  4.926138339332319E+01,  2.461542936663467E+06,  2.851429040960375E+02,  1.606314150846948E+02,  1.606398294219919E+02,  1.568077985170803E-04,  1.568425262412064E-04,  1.262524842205964E+00,
2461544.500000000, A.D. 2027-May-19 00:00:00.0000,  3.034919311193281E-04,  1.567714833680397E-04,  2.406302854788929E+01,  8.183905144940340E+01,  4.863325423071986E+01,  2.461544196898178E+06,  2.851121441216029E+02,  8.641801035477488E+01,  8.645272084791540E+01,  1.568190766924615E-04,  1.568666700168832E-04,  1.262661052580267E+00,
2461545.500000000, A.D. 2027-May-20 00:00:00.0000,  3.560070510907848E-04,  1.567553978272652E-04,  2.406303898896881E+01,  8.183985241929568E+01,  4.873956740252579E+01,  2.461545459798845E+06,  2.851335616261167E+02,  1.146269868553775E+01,  1.147080949046587E+01,  1.568112237286028E-04,  1.568670496299403E-04,  1.262566209136939E+00,
2461546.500000000, A.D. 2027-May-21 00:00:00.0000,  3.210723175411162E-04,  1.567607559052875E-04,  2.406293848820662E+01,  8.184111868583135E+01,  2.854704951373432E+01,  2.461546651399168E+06,  2.851338892488906E+02,  3.168309665299687E+02,  3.168057876813227E+02,  1.568111036097397E-04,  1.568614513141918E-04,  1.262564758430940E+00,
2461547.500000000, A.D. 2027-May-22 00:00:00.0000,  2.759339143528616E-04,  1.567757587557939E-04,  2.406307432462514E+01,  8.184211348052909E+01,  3.382561941434988E+01,  2.461547932448150E+06,  2.851122702459324E+02,  2.367037262146955E+02,  2.366773021142192E+02,  1.568190304447094E-04,  1.568623021336250E-04,  1.262660494020376E+00,
2461548.500000000, A.D. 2027-May-23 00:00:00.0000,  2.178927182569400E-04,  1.567737783468239E-04,  2.406292675787288E+01,  8.184316874677496E+01,  4.579432409276160E+01,  2.461547974321934E+06,  2.851425027543721E+02,  1.498931594070550E+02,  1.499056810897393E+02,  1.568079456563473E-04,  1.568421129658707E-04,  1.262526619225587E+00,
2461549.500000000, A.D. 2027-May-24 00:00:00.0000,  3.415700461920785E-04,  1.567614514914603E-04,  2.406303073578577E+01,  8.184445296280623E+01,  4.995816961604280E+01,  2.461549251315200E+06,  2.851232218372080E+02,  7.090581135045903E+01,  7.094280410050192E+01,  1.568150148033103E-04,  1.568685781151602E-04,  1.262611995193934E+00,
2461550.500000000, A.D. 2027-May-25 00:00:00.0000,  3.399295065605856E-04,  1.567628850758227E-04,  2.406303117614539E+01,  8.184526879891979E+01,  4.613855474768159E+01,  2.461550500455191E+06,  2.851200125660147E+02,  3.598702159211246E+02,  3.598701276488170E+02,  1.568161915264289E-04,  1.568694979770352E-04,  1.262626206978888E+00,
2461551.500000000, A.D. 2027-May-26 00:00:00.0000,  3.282600440180011E-04,  1.567572063755190E-04,  2.406296272518736E+01,  8.184649261375976E+01,  2.732744532252574E+01,  2.461551696924496E+06,  2.851404986591096E+02,  3.038488509051563E+02,  3.038176034470271E+02,  1.568086803998495E-04,  1.568601544241799E-04,  1.262535492828699E+00,
2461552.500000000, A.D. 2027-May-27 00:00:00.0000,  2.479457094956517E-04,  1.567780950676650E-04,  2.406309675392108E+01,  8.184755196813457E+01,  3.760237272592767E+01,  2.461552995438241E+06,  2.851178699331371E+02,  2.187417041202559E+02,  2.187239275848714E+02,  1.568169771643290E-04,  1.568558592609930E-04,  1.262635695491214E+00,
2461553.500000000, A.D. 2027-May-28 00:00:00.0000,  2.414372961467440E-04,  1.567758300467421E-04,  2.406300807077882E+01,  8.184858649462650E+01,  4.427445142498449E+01,  2.461553018761697E+06,  2.851268330744938E+02,  1.372139532648652E+02,  1.372327420413705E+02,  1.568136907202283E-04,  1.568515513937146E-04,  1.262596003743865E+00,
2461554.500000000, A.D. 2027-May-29 00:00:00.0000,  3.586604471377625E-04,  1.567529378328386E-04,  2.406311716024803E+01,  8.184985787128430E+01,  5.322060031878110E+01,  2.461554312564278E+06,  2.851391384579530E+02,  5.344526047809825E+01,  5.347828400552518E+01,  1.568091790831239E-04,  1.568654203334091E-04,  1.262541515510282E+00,
2461555.500000000, A.D. 2027-May-30 00:00:00.0000,  3.251868874795225E-04,  1.567673330769939E-04,  2.406309416924902E+01,  8.185081125962908E+01,  4.052006421961132E+01,  2.461555530503592E+06,  2.851141849957956E+02,  3.513029930651293E+02,  3.512973561907901E+02,  1.568183283410869E-04,  1.568693236051799E-04,  1.262652014333516E+00,
2461556.500000000, A.D. 2027-May-31 00:00:00.0000,  3.277432977696160E-04,  1.567598645000836E-04,  2.406310233953402E+01,  8.185197197246687E+01,  2.831372034790660E+01,  2.461556750197216E+06,  2.851334672267336E+02,  2.886604003497268E+02,  2.886248133614686E+02,  1.568112583390190E-04,  1.568626521779544E-04,  1.262566627135824E+00,
2461557.500000000, A.D. 2027-Jun-01 00:00:00.0000,  2.278848202218666E-04,  1.567758271074614E-04,  2.406316491071939E+01,  8.185303654480639E+01,  3.946553273966593E+01,  2.461558051723118E+06,  2.851326387743539E+02,  2.026857313816425E+02,  2.026756626020675E+02,  1.568115620820952E-04,  1.568472970567290E-04,  1.262570295520935E+00,
2461558.500000000, A.D. 2027-Jun-02 00:00:00.0000,  2.751352355320145E-04,  1.567752402917733E-04,  2.406316142803846E+01,  8.185416050170106E+01,  4.727159762043121E+01,  2.461558079016514E+06,  2.851140262348997E+02,  1.200282967133272E+02,  1.200555884274157E+02,  1.568183865554940E-04,  1.568615328192147E-04,  1.262652717419813E+00,
2461559.500000000, A.D. 2027-Jun-03 00:00:00.0000,  3.470050418478392E-04,  1.567540848401504E-04,  2.406327282368083E+01,  8.185527872244680E+01,  5.516963853144327E+01,  2.461559369218698E+06,  2.851409956830130E+02,  3.729111056432529E+01,  3.731521040316341E+01,  1.568084981796233E-04,  1.568629115190962E-04,  1.262533292126842E+00,
2461560.500000000, A.D. 2027-Jun-04 00:00:00.0000,  3.273596693981469E-04,  1.567632515572499E-04,  2.406321350150976E+01,  8.185639391775345E+01,  3.340624043983309E+01,  2.461560555310545E+06,  2.851243904297178E+02,  3.442296145440448E+02,  3.442194152307829E+02,  1.568145863283871E-04,  1.568659210995244E-04,  1.262606820333523E+00,
2461561.500000000, A.D. 2027-Jun-05 00:00:00.0000,  3.143783526091382E-04,  1.567673545178805E-04,  2.406332961641284E+01,  8.185759260056068E+01,  3.049669473452837E+01,  2.461561807651049E+06,  2.851187505188316E+02,  2.722829172949329E+02,  2.722469202208175E+02,  1.568166542793145E-04,  1.568659540407485E-04,  1.262631795856662E+00,
2461562.500000000, A.D. 2027-Jun-06 00:00:00.0000,  2.206960238757359E-04,  1.567735418704221E-04,  2.406330881354643E+01,  8.185859343334410E+01,  3.920583741475311E+01,  2.461563100599618E+06,  2.851419486402797E+02,  1.887438544821891E+02,  1.887400110257648E+02,  1.568081488053748E-04,  1.568427557403274E-04,  1.262529072683576E+00,
2461563.500000000, A.D. 2027-Jun-07 00:00:00.0000,  3.039799521510644E-04,  1.567697658870290E-04,  2.406336711694201E+01,  8.185988966216800E+01,  5.136894572410259E+01,  2.461563143144512E+06,  2.851166206480118E+02,  1.017454307112637E+02,  1.017795322534434E+02,  1.568174352434908E-04,  1.568651045999525E-04,  1.262641227936111E+00,
2461564.500000000, A.D. 2027-Jun-08 00:00:00.0000,  3.278474991329554E-04,  1.567621438370882E-04,  2.406349021851855E+01,  8.186085518486277E+01,  5.245777721522216E+01,  2.461564409504007E+06,  2.851272038657301E+02,  2.580286945449653E+01,  2.581922818761041E+01,  1.568135547688493E-04,  1.568649657006104E-04,  1.262594361811679E+00,
2461565.500000000, A.D. 2027-Jun-09 00:00:00.0000,  3.481178179538059E-04,  1.567541457199100E-04,  2.406340722268694E+01,  8.186204292265518E+01,  2.996748097156946E+01,  2.461565593039806E+06,  2.851403534576393E+02,  3.334705969262519E+02,  3.334527722295601E+02,  1.568087336340988E-04,  1.568633215482876E-04,  1.262536135747205E+00,
2461566.500000000, A.D. 2027-Jun-10 00:00:00.0000,  2.862703135764059E-04,  1.567745172671884E-04,  2.406360430272258E+01,  8.186336888754681E+01,  3.355204940414090E+01,  2.461566868132148E+06,  2.851112351221581E+02,  2.550413885678743E+02,  2.550096989848167E+02,  1.568194100088665E-04,  1.568643027505446E-04,  1.262665078230801E+00,
2461567.500000000, A.D. 2027-Jun-11 00:00:00.0000,  2.272986356039338E-04,  1.567742381155666E-04,  2.406355469799336E+01,  8.186429121904470E+01,  3.911144710804265E+01,  2.461566887540324E+06,  2.851372245176918E+02,  1.746350522032365E+02,  1.746374868428005E+02,  1.568098807875188E-04,  1.568455234594711E-04,  1.262549990128220E+00,
2461568.500000000, A.D. 2027-Jun-12 00:00:00.0000,  3.210719478040603E-04,  1.567623192075832E-04,  2.406364638311296E+01,  8.186573172734589E+01,  5.477331905352617E+01,  2.461568204875300E+06,  2.851296241982431E+02,  8.414879487292315E+01,  8.418539681594160E+01,  1.568126673561316E-04,  1.568630155046800E-04,  1.262583644236495E+00,
2461569.500000000, A.D. 2027-Jun-13 00:00:00.0000,  3.245427059223760E-04,  1.567671632366711E-04,  2.406376868402176E+01,  8.186665259316351E+01,  4.609621346832402E+01,  2.461569436955933E+06,  2.851149239197092E+02,  1.797480429679030E+01,  1.798628546923715E+01,  1.568180573933550E-04,  1.568689515500389E-04,  1.262648741955644E+00,
2461570.500000000, A.D. 2027-Jun-14 00:00:00.0000,  3.617390941532808E-04,  1.567511219185543E-04,  2.406371205952248E+01,  8.186785327439429E+01,  3.134794261242486E+01,  2.461570647700086E+06,  2.851427760897220E+02,  3.178843874788823E+02,  3.178565790831566E+02,  1.568078454465223E-04,  1.568645689744902E-04,  1.262525408978707E+00,
2461571.500000000, A.D. 2027-Jun-15 00:00:00.0000,  2.489987742031748E-04,  1.567769177175056E-04,  2.406390269684273E+01,  8.186924381034918E+01,  3.547475056234489E+01,  2.461571924619912E+06,  2.851206311825981E+02,  2.389321027687283E+02,  2.389076664366592E+02,  1.568159647004915E-04,  1.568550116834774E-04,  1.262623467501541E+00,
2461572.500000000, A.D. 2027-Jun-16 00:00:00.0000,  2.443335177057723E-04,  1.567767968603335E-04,  2.406389329681344E+01,  8.187017222736935E+01,  4.115701500186933E+01,  2.461571944473910E+06,  2.851229566191702E+02,  1.583932413333087E+02,  1.584035484340942E+02,  1.568151120482897E-04,  1.568534272362459E-04,  1.262613169660838E+00,
2461573.500000000, A.D. 2027-Jun-17 00:00:00.0000,  3.239293960122275E-04,  1.567584681952465E-04,  2.406400877555982E+01,  8.187163197321145E+01,  5.680967215121473E+01,  2.461573261830734E+06,  2.851389086815618E+02,  6.791132464300154E+01,  6.794572498696097E+01,  1.568092633252046E-04,  1.568600584551627E-04,  1.262542532916971E+00,
2461574.500000000, A.D. 2027-Jun-18 00:00:00.0000,  3.364042758319501E-04,  1.567643397068561E-04,  2.406409735176670E+01,  8.187259369997153E+01,  4.024849497357708E+01,  2.461574466200915E+06,  2.851175522559111E+02,  9.636712340030950E+00,  9.643168153019456E+00,  1.568170936476827E-04,  1.568698475885094E-04,  1.262637102316581E+00,
2461575.500000000, A.D. 2027-Jun-19 00:00:00.0000,  3.483599571197652E-04,  1.567585337799829E-04,  2.406412145035361E+01,  8.187386296825201E+01,  3.371898740855331E+01,  2.461575705831408E+06,  2.851282772659167E+02,  3.013116452976987E+02,  3.012775325593594E+02,  1.568131612060964E-04,  1.568677886322100E-04,  1.262589608621162E+00,
2461576.500000000, A.D. 2027-Jun-20 00:00:00.0000,  2.241956805319911E-04,  1.567743706648114E-04,  2.406424128966270E+01,  8.187514489836036E+01,  3.300108961441617E+01,  2.461576965707570E+06,  2.851381903550630E+02,  2.272089863163143E+02,  2.271901369632091E+02,  1.568095266833601E-04,  1.568446827019088E-04,  1.262545713542324E+00,
2461577.500000000, A.D. 2027-Jun-21 00:00:00.0000,  2.703301137014026E-04,  1.567761837741072E-04,  2.406429050253232E+01,  8.187625320653937E+01,  4.563868040016575E+01,  2.461577009935499E+06,  2.851135080664876E+02,  1.397240090769072E+02,  1.397440299753586E+02,  1.568185765577386E-04,  1.568609693413699E-04,  1.262655012178690E+00,
2461578.500000000, A.D. 2027-Jun-22 00:00:00.0000,  3.183204178226373E-04,  1.567606483508009E-04,  2.406443860140535E+01,  8.187760850970261E+01,  5.648047509028707E+01,  2.461578310486434E+06,  2.851353600670736E+02,  5.403701897177839E+01,  5.406655009539846E+01,  1.568105643551654E-04,  1.568604803595300E-04,  1.262558245723420E+00,
2461579.500000000, A.D. 2027-Jun-23 00:00:00.0000,  3.527065924895621E-04,  1.567568319480503E-04,  2.406447224902927E+01,  8.187862921933754E+01,  3.689566422187296E+01,  2.461579504217382E+06,  2.851310608259353E+02,  3.587974934436488E+02,  3.587966448679082E+02,  1.568121406238307E-04,  1.568674492996111E-04,  1.262577282731642E+00,
2461580.500000000, A.D. 2027-Jun-24 00:00:00.0000,  3.152437851661018E-04,  1.567691149859135E-04,  2.406458770705519E+01,  8.188006305385478E+01,  3.398758512073975E+01,  2.461580756557005E+06,  2.851135776043343E+02,  2.868521145146949E+02,  2.868175376034864E+02,  1.568185510595338E-04,  1.568679871331541E-04,  1.262654704223133E+00,
2461581.500000000, A.D. 2027-Jun-25 00:00:00.0000,  2.295762479449481E-04,  1.567713613020072E-04,  2.406465676775226E+01,  8.188112944300002E+01,  2.954279037838785E+01,  2.461582003389330E+06,  2.851440987211538E+02,  2.164615031881713E+02,  2.164458727077457E+02,  1.568073605474919E-04,  1.568433597929765E-04,  1.262519552796527E+00,
2461582.500000000, A.D. 2027-Jun-26 00:00:00.0000,  2.963711084079863E-04,  1.567697560980822E-04,  2.406472345746347E+01,  8.188254227772494E+01,  5.204580751387088E+01,  2.461582082175745E+06,  2.851199024604052E+02,  1.191300109714327E+02,  1.191596716923380E+02,  1.568162318985463E-04,  1.568627076990104E-04,  1.262626694571044E+00,
2461583.500000000, A.D. 2027-Jun-27 00:00:00.0000,  3.136043023438848E-04,  1.567661780644657E-04,  2.406491353577399E+01,  8.188375768989094E+01,  5.337247743571726E+01,  2.461583349370671E+06,  2.851222911920632E+02,  4.294777936813844E+01,  4.297227100042927E+01,  1.568153560347918E-04,  1.568645340051179E-04,  1.262616116385996E+00,
2461584.500000000, A.D. 2027-Jun-28 00:00:00.0000,  3.646227831362033E-04,  1.567512000753680E-04,  2.406490559270016E+01,  8.188482358526252E+01,  3.606234096404709E+01,  2.461584551099300E+06,  2.851413289905122E+02,  3.454294775425250E+02,  3.454189615708299E+02,  1.568083759818375E-04,  1.568655518883071E-04,  1.262531816325997E+00,
2461585.500000000, A.D. 2027-Jun-29 00:00:00.0000,  2.824112977507589E-04,  1.567741979259464E-04,  2.406507788696803E+01,  8.188641970459058E+01,  3.205477452293555E+01,  2.461585799533102E+06,  2.851137571110831E+02,  2.745989918453014E+02,  2.745667331791387E+02,  1.568184852378737E-04,  1.568627725498011E-04,  1.262653909259596E+00,
2461586.500000000, A.D. 2027-Jun-30 00:00:00.0000,  2.497394857745690E-04,  1.567725447368629E-04,  2.406515725281563E+01,  8.188733910888678E+01,  3.196940657489061E+01,  2.461587061733292E+06,  2.851322440285310E+02,  1.998317257360332E+02,  1.998220196640294E+02,  1.568117068118855E-04,  1.568508688869081E-04,  1.262572043461972E+00,
2461587.500000000, A.D. 2027-Jul-01 00:00:00.0000,  3.039566182210182E-04,  1.567627439068704E-04,  2.406520723852679E+01,  8.188898777639263E+01,  5.816483352787454E+01,  2.461587153447075E+06,  2.851357879795079E+02,  9.881464129989568E+01,  9.884905877828967E+01,  1.568104074680262E-04,  1.568580710291821E-04,  1.262556350961712E+00,
2461588.500000000, A.D. 2027-Jul-02 00:00:00.0000,  3.176235532690737E-04,  1.567688882214328E-04,  2.406542292345795E+01,  8.189012571193818E+01,  4.768916927940889E+01,  2.461588379196574E+06,  2.851131781462192E+02,  3.444264882535992E+01,  3.446324100767553E+01,  1.568186975333624E-04,  1.568685068452920E-04,  1.262656473266821E+00,
2461589.500000000, A.D. 2027-Jul-03 00:00:00.0000,  3.645059877670475E-04,  1.567523320431498E-04,  2.406541311524562E+01,  8.189125573127191E+01,  3.646229083989320E+01,  2.461589602319342E+06,  2.851382902987341E+02,  3.308248378986972E+02,  3.308044680425279E+02,  1.568094900412085E-04,  1.568666480392672E-04,  1.262545271008094E+00,
2461590.500000000, A.D. 2027-Jul-04 00:00:00.0000,  2.615865065377355E-04,  1.567726966527672E-04,  2.406559441625106E+01,  8.189287267218570E+01,  2.922560286832871E+01,  2.461590839368906E+06,  2.851267613855148E+02,  2.632368429383009E+02,  2.632070770672856E+02,  1.568137170051758E-04,  1.568547373575843E-04,  1.262596321196418E+00,
2461591.500000000, A.D. 2027-Jul-05 00:00:00.0000,  2.635185192107075E-04,  1.567757795694503E-04,  2.406570766645655E+01,  8.189382312430030E+01,  3.929194714885904E+01,  2.461590874586158E+06,  2.851175246215905E+02,  1.783164463560428E+02,  1.783173332314812E+02,  1.568171037804254E-04,  1.568584279914005E-04,  1.262637224694602E+00,
2461592.500000000, A.D. 2027-Jul-06 00:00:00.0000,  2.900273432628703E-04,  1.567626377223590E-04,  2.406576856739385E+01,  8.189550805742491E+01,  6.055367323213090E+01,  2.461592211652605E+06,  2.851420371287022E+02,  8.221996363021613E+01,  8.225289400690421E+01,  1.568081163637500E-04,  1.568535950051411E-04,  1.262528680881626E+00,
2461593.500000000, A.D. 2027-Jul-07 00:00:00.0000,  3.388560874463021E-04,  1.567631866379742E-04,  2.406596676553491E+01,  8.189664737401552E+01,  4.177073878286559E+01,  2.461593408199257E+06,  2.851196490818759E+02,  2.617419572013704E+01,  2.619133023351563E+01,  1.568163248042450E-04,  1.568694629705159E-04,  1.262627816635048E+00,
2461594.500000000, A.D. 2027-Jul-08 00:00:00.0000,  3.507688711707302E-04,  1.567596842645677E-04,  2.406599429532681E+01,  8.189794486042213E+01,  3.660489201611117E+01,  2.461594652624107E+06,  2.851241077467780E+02,  3.164831877330424E+02,  3.164555018603763E+02,  1.568146899763537E-04,  1.568696956881396E-04,  1.262608072130190E+00,
2461595.500000000, A.D. 2027-Jul-09 00:00:00.0000,  2.564067923500880E-04,  1.567690390303578E-04,  2.406615735892246E+01,  8.189940845746632E+01,  2.713448205826774E+01,  2.461595881823741E+06,  2.851389559751161E+02,  2.511271771828469E+02,  2.510993776236215E+02,  1.568092459861320E-04,  1.568494529419060E-04,  1.262542323509864E+00,
2461596.500000000, A.D. 2027-Jul-10 00:00:00.0000,  2.692345169379720E-04,  1.567754874986515E-04,  2.406626881209851E+01,  8.190054998235736E+01,  4.737176493771584E+01,  2.461595952679837E+06,  2.851158761332186E+02,  1.560496678345438E+02,  1.560621881865993E+02,  1.568177082385764E-04,  1.568599289785014E-04,  1.262644525034419E+00,
2461597.500000000, A.D. 2027-Jul-11 00:00:00.0000,  2.798976489347655E-04,  1.567683595570397E-04,  2.406639449820187E+01,  8.190213847489304E+01,  5.719274886342032E+01,  2.461597249670262E+06,  2.851307599519316E+02,  7.137670850411592E+01,  7.140710637451733E+01,  1.568122509374012E-04,  1.568561423177627E-04,  1.262578615021017E+00,
2461598.500000000, A.D. 2027-Jul-12 00:00:00.0000,  3.682988821035967E-04,  1.567522560704102E-04,  2.406653618526509E+01,  8.190327577910760E+01,  3.973734346459874E+01,  2.461598450859654E+06,  2.851368747544099E+02,  1.401172478819991E+01,  1.402194779204481E+01,  1.568100090214354E-04,  1.568677619724607E-04,  1.262551538835761E+00,
2461599.500000000, A.D. 2027-Jul-13 00:00:00.0000,  3.236918758425674E-04,  1.567683256809775E-04,  2.406661424208642E+01,  8.190486175620369E+01,  3.555986675748267E+01,  2.461599698734567E+06,  2.851121167059733E+02,  3.033383669234060E+02,  3.033073716114446E+02,  1.568190867453340E-04,  1.568698478096905E-04,  1.262661173994426E+00,
2461600.500000000, A.D. 2027-Jul-14 00:00:00.0000,  2.614815171060349E-04,  1.567682222698980E-04,  2.406677454225359E+01,  8.190609846739923E+01,  2.764507861709506E+01,  2.461600933432492E+06,  2.851390132600981E+02,  2.364114869443149E+02,  2.363865308360876E+02,  1.568092249839431E-04,  1.568502276979881E-04,  1.262542069862658E+00,
2461601.500000000, A.D. 2027-Jul-15 00:00:00.0000,  2.697476329347262E-04,  1.567712942273163E-04,  2.406683701851952E+01,  8.190749817744926E+01,  5.374403599287116E+01,  2.461601024822912E+06,  2.851270959858626E+02,  1.354858632472101E+02,  1.355075291437689E+02,  1.568135943231970E-04,  1.568558944190777E-04,  1.262594839523248E+00,
2461602.500000000, A.D. 2027-Jul-16 00:00:00.0000,  2.949426099297109E-04,  1.567715436788574E-04,  2.406704548204048E+01,  8.190899804504511E+01,  5.147902446661404E+01,  2.461602279399920E+06,  2.851156369840981E+02,  6.289653229136546E+01,  6.292662376566598E+01,  1.568177959288721E-04,  1.568640481788869E-04,  1.262645584114625E+00,
2461603.500000000, A.D. 2027-Jul-17 00:00:00.0000,  3.806927727513519E-04,  1.567471556465605E-04,  2.406712664926041E+01,  8.191010146828292E+01,  4.149562253069953E+01,  2.461603506848390E+06,  2.851454889192843E+02,  3.580472124698667E+02,  3.580457252262016E+02,  1.568068508814089E-04,  1.568665461162574E-04,  1.262513397509524E+00,
2461604.500000000, A.D. 2027-Jul-18 00:00:00.0000,  2.910024326241730E-04,  1.567721874414276E-04,  2.406723432531009E+01,  8.191194330977113E+01,  3.189799321149654E+01,  2.461604735647513E+06,  2.851155664036899E+02,  2.928132260103706E+02,  2.927824838217522E+02,  1.568178218090529E-04,  1.568634561766781E-04,  1.262645896682760E+00,
2461605.500000000, A.D. 2027-Jul-19 00:00:00.0000,  2.672071552899542E-04,  1.567716559309375E-04,  2.406743161822529E+01,  8.191302819065099E+01,  3.112468863106046E+01,  2.461605995458025E+06,  2.851271960470428E+02,  2.187314427184411E+02,  2.187122898653336E+02,  1.568135576355842E-04,  1.568554593402309E-04,  1.262594396434229E+00,
2461606.500000000, A.D. 2027-Jul-20 00:00:00.0000,  2.648331134943355E-04,  1.567679582300132E-04,  2.406744173216974E+01,  8.191463880106795E+01,  5.728172184419075E+01,  2.461606087052135E+06,  2.851382997542071E+02,  1.177472520701850E+02,  1.177741058936890E+02,  1.568094865745682E-04,  1.568510149191231E-04,  1.262545229140823E+00,
2461607.500000000, A.D. 2027-Jul-21 00:00:00.0000,  3.242639990989162E-04,  1.567676772987333E-04,  2.406770396483910E+01,  8.191609772268330E+01,  4.763403998451008E+01,  2.461607315672862E+06,  2.851136407595602E+02,  5.255418130034941E+01,  5.258368930632934E+01,  1.568185279017235E-04,  1.568693785047138E-04,  1.262654424533803E+00,
2461608.500000000, A.D. 2027-Jul-22 00:00:00.0000,  3.663730138954541E-04,  1.567531843629326E-04,  2.406775407013447E+01,  8.191723680074625E+01,  4.283700939409918E+01,  2.461608561375175E+06,  2.851351658874735E+02,  3.424997792688873E+02,  3.424871489900948E+02,  1.568106355480893E-04,  1.568680867332459E-04,  1.262559105536885E+00,
2461609.500000000, A.D. 2027-Jul-23 00:00:00.0000,  2.770898888921109E-04,  1.567683465575932E-04,  2.406786723332901E+01,  8.191912307106149E+01,  2.606048041904430E+01,  2.461609764945047E+06,  2.851319966224224E+02,  2.844556897919419E+02,  2.844249402145734E+02,  1.568117975211453E-04,  1.568552484846974E-04,  1.262573138982783E+00,
2461610.500000000, A.D. 2027-Jul-24 00:00:00.0000,  2.700486461840993E-04,  1.567754445004935E-04,  2.406809960517646E+01,  8.192023556008753E+01,  3.753019632697787E+01,  2.461611067718843E+06,  2.851156451539690E+02,  1.981344759828980E+02,  1.981248474006618E+02,  1.568177929331727E-04,  1.568601413658519E-04,  1.262645547934038E+00,
2461611.500000000, A.D. 2027-Jul-25 00:00:00.0000,  2.601823832493663E-04,  1.567688538231612E-04,  2.406810552851086E+01,  8.192194054030766E+01,  5.749481869513665E+01,  2.461611137619667E+06,  2.851378460037254E+02,  1.033283474795573E+02,  1.033573569472328E+02,  1.568096529323777E-04,  1.568504520415941E-04,  1.262547238276102E+00,
2461612.500000000, A.D. 2027-Jul-26 00:00:00.0000,  3.503685540066858E-04,  1.567590744754327E-04,  2.406837137466308E+01,  8.192335315157194E+01,  4.602918569234686E+01,  2.461612359823835E+06,  2.851259427087701E+02,  3.996786135802193E+01,  3.999366021958486E+01,  1.568140171758786E-04,  1.568689598763245E-04,  1.262599946465436E+00,
2461613.500000000, A.D. 2027-Jul-27 00:00:00.0000,  3.396986371659592E-04,  1.567635987137675E-04,  2.406841381277621E+01,  8.192467911102732E+01,  4.039681084364951E+01,  2.461613602610516E+06,  2.851181644033907E+02,  3.307438780468796E+02,  3.307248470064094E+02,  1.568168691905161E-04,  1.568701396672648E-04,  1.262634391440123E+00,
2461614.500000000, A.D. 2027-Jul-28 00:00:00.0000,  2.898595745031435E-04,  1.567624152699945E-04,  2.406855048298572E+01,  8.192640220593339E+01,  2.352120808279362E+01,  2.461614805849920E+06,  2.851427158493330E+02,  2.727891230904202E+02,  2.727559463940740E+02,  1.568078675317560E-04,  1.568533197935175E-04,  1.262525675704867E+00,
2461615.500000000, A.D. 2027-Jul-29 00:00:00.0000,  2.668865005851686E-04,  1.567751118429614E-04,  2.406874056943288E+01,  8.192770452228068E+01,  4.623907820257986E+01,  2.461614885385113E+06,  2.851179053614740E+02,  1.752377090423326E+02,  1.752402472549234E+02,  1.568169641737621E-04,  1.568588165045629E-04,  1.262635538597936E+00,
2461616.500000000, A.D. 2027-Jul-30 00:00:00.0000,  2.648592306338340E-04,  1.567726699002231E-04,  2.406880875025080E+01,  8.192942091384191E+01,  5.519090778019074E+01,  2.461616179332095E+06,  2.851254342916104E+02,  9.143057576664866E+01,  9.146091668659786E+01,  1.568142035895383E-04,  1.568557372788535E-04,  1.262602197851673E+00,
2461617.500000000, A.D. 2027-Jul-31 00:00:00.0000,  3.649756080118494E-04,  1.567517728576378E-04,  2.406903640901946E+01,  8.193074582894917E+01,  4.607236453087838E+01,  2.461617409784694E+06,  2.851396151398704E+02,  2.572395753857144E+01,  2.574211773603488E+01,  1.568090043193310E-04,  1.568662357810241E-04,  1.262539404857540E+00,
2461618.500000000, A.D. 2027-Aug-01 00:00:00.0000,  3.201088250023844E-04,  1.567686765267583E-04,  2.406906925931878E+01,  8.193235806369117E+01,  3.504266311576284E+01,  2.461618633597783E+06,  2.851126924412139E+02,  3.219095764463523E+02,  3.218869401757557E+02,  1.568188756327753E-04,  1.568690747387923E-04,  1.262658624270916E+00,
2461619.500000000, A.D. 2027-Aug-02 00:00:00.0000,  3.019845148429618E-04,  1.567631849277091E-04,  2.406927360169095E+01,  8.193387696995514E+01,  2.668197335767018E+01,  2.461619866768092E+06,  2.851354284535839E+02,  2.554214228513787E+02,  2.553879353197923E+02,  1.568105392823366E-04,  1.568578936369640E-04,  1.262557942913092E+00,
2461620.500000000, A.D. 2027-Aug-03 00:00:00.0000,  2.519558432720616E-04,  1.567718796607808E-04,  2.406934197496332E+01,  8.193538780584545E+01,  5.375101068461902E+01,  2.461619961547380E+06,  2.851331102879166E+02,  1.535306701439318E+02,  1.535435353126194E+02,  1.568113892065831E-04,  1.568508987523853E-04,  1.262568207657419E+00,
2461621.500000000, A.D. 2027-Aug-04 00:00:00.0000,  2.840112722778336E-04,  1.567742725126909E-04,  2.406951145334564E+01,  8.193712663661508E+01,  5.157192892471722E+01,  2.461621216403490E+06,  2.851128691883673E+02,  8.085701463612219E+01,  8.088914824950433E+01,  1.568188108226697E-04,  1.568633491326485E-04,  1.262657841523655E+00,
2461622.500000000, A.D. 2027-Aug-05 00:00:00.0000,  3.652626452231779E-04,  1.567509477198063E-04,  2.406968469134864E+01,  8.193835487761223E+01,  4.645602398877939E+01,  2.461622460953942E+06,  2.851417437932291E+02,  1.113366125097311E+01,  1.114174720475697E+01,  1.568082239064631E-04,  1.568655000931199E-04,  1.262529979689871E+00,
2461623.500000000, A.D. 2027-Aug-06 00:00:00.0000,  3.136247600570980E-04,  1.567662137852473E-04,  2.406970663683338E+01,  8.194021026830544E+01,  2.981351859245079E+01,  2.461623665025187E+06,  2.851221849878664E+02,  3.129476581635420E+02,  3.129213448182054E+02,  1.568153949758699E-04,  1.568645761664924E-04,  1.262616586693596E+00,
2461624.500000000, A.D. 2027-Aug-07 00:00:00.0000,  2.931928866635895E-04,  1.567701436330815E-04,  2.406998723686678E+01,  8.194163242101358E+01,  3.281410589423264E+01,  2.461624938090297E+06,  2.851202048990461E+02,  2.350916048380195E+02,  2.350640584380836E+02,  1.568161210042741E-04,  1.568620983754667E-04,  1.262625355251365E+00,
2461625.500000000, A.D. 2027-Aug-08 00:00:00.0000,  2.310356782345127E-04,  1.567713314881002E-04,  2.406994721221099E+01,  8.194325359652491E+01,  5.548179096299181E+01,  2.461625017458135E+06,  2.851435556966640E+02,  1.375937031366972E+02,  1.376115534578877E+02,  1.568075596289914E-04,  1.568437877698825E-04,  1.262521957125934E+00,
2461626.500000000, A.D. 2027-Aug-09 00:00:00.0000,  3.185552518794174E-04,  1.567683306731360E-04,  2.407019868370800E+01,  8.194506237503914E+01,  4.875507165789321E+01,  2.461626256287872E+06,  2.851143005718532E+02,  6.948581301117842E+01,  6.952000665496396E+01,  1.568182859617199E-04,  1.568682412503037E-04,  1.262651502495486E+00,
2461627.500000000, A.D. 2027-Aug-10 00:00:00.0000,  3.548573647788989E-04,  1.567567397974314E-04,  2.407031833365107E+01,  8.194627151241171E+01,  4.559188419738864E+01,  2.461627507736157E+06,  2.851303920477495E+02,  3.577941866216082E+02,  3.577926208160316E+02,  1.568123858274308E-04,  1.568680318574301E-04,  1.262580244128140E+00,
2461628.500000000, A.D. 2027-Aug-11 00:00:00.0000,  3.176320120124296E-04,  1.567608324172621E-04,  2.407035040056801E+01,  8.194821461283124E+01,  2.681142134411848E+01,  2.461628704291026E+06,  2.851351523906073E+02,  3.017494472948031E+02,  3.017184895681670E+02,  1.568106404965079E-04,  1.568604485757538E-04,  1.262559165300093E+00,
2461629.500000000, A.D. 2027-Aug-12 00:00:00.0000,  2.709129313767848E-04,  1.567755257236375E-04,  2.407065022469055E+01,  8.194965248962311E+01,  3.917094640065160E+01,  2.461630010161876E+06,  2.851150538512042E+02,  2.145451692239444E+02,  2.145275702640474E+02,  1.568180097503517E-04,  1.568604937770658E-04,  1.262648166546396E+00,
2461630.500000000, A.D. 2027-Aug-13 00:00:00.0000,  2.286715811028214E-04,  1.567745228410670E-04,  2.407059480447186E+01,  8.195131984040923E+01,  5.182603048643224E+01,  2.461630054453942E+06,  2.851358603930819E+02,  1.270411587648562E+02,  1.270620711412877E+02,  1.568103809188050E-04,  1.568462389965431E-04,  1.262556030320816E+00,
2461631.500000000, A.D. 2027-Aug-14 00:00:00.0000,  3.528945818772120E-04,  1.567570024881893E-04,  2.407087036840912E+01,  8.195315480671998E+01,  4.912428415199653E+01,  2.461631307378953E+06,  2.851305150928382E+02,  5.492213834292949E+01,  5.495524065857888E+01,  1.568123407135986E-04,  1.568676789390079E-04,  1.262579699274855E+00,
2461632.500000000, A.D. 2027-Aug-15 00:00:00.0000,  3.383926806562749E-04,  1.567645113972632E-04,  2.407093313865628E+01,  8.195450496926979E+01,  4.249511733054435E+01,  2.461632546660513E+06,  2.851162331816756E+02,  3.466963302571000E+02,  3.466874035396414E+02,  1.568175773176258E-04,  1.568706432379884E-04,  1.262642943836202E+00,
2461633.500000000, A.D. 2027-Aug-16 00:00:00.0000,  3.230905922864930E-04,  1.567586911944150E-04,  2.407101520665718E+01,  8.195639313389245E+01,  2.685013889956233E+01,  2.461633754248483E+06,  2.851386591184673E+02,  2.875039285424789E+02,  2.874686151223383E+02,  1.568093548217404E-04,  1.568600184490658E-04,  1.262543637937323E+00,
2461634.500000000, A.D. 2027-Aug-17 00:00:00.0000,  2.481909312574526E-04,  1.567756238558491E-04,  2.407124097767198E+01,  8.195788002088715E+01,  4.419234692628689E+01,  2.461635077529009E+06,  2.851245064095251E+02,  1.953323262283144E+02,  1.953248082973582E+02,  1.568145438035104E-04,  1.568534637511718E-04,  1.262606306744223E+00,
2461635.500000000, A.D. 2027-Aug-18 00:00:00.0000,  2.542510011791570E-04,  1.567767883403479E-04,  2.407125086962930E+01,  8.195963344833908E+01,  4.964096972322240E+01,  2.461635096564967E+06,  2.851187372818011E+02,  1.150268871223439E+02,  1.150532830857100E+02,  1.568166591329340E-04,  1.568565299255202E-04,  1.262631854476084E+00,
2461636.500000000, A.D. 2027-Aug-19 00:00:00.0000,  3.629258277541529E-04,  1.567503281229069E-04,  2.407150503117926E+01,  8.196134587873264E+01,  5.165462710792637E+01,  2.461636366082360E+06,  2.851444342995407E+02,  3.818586970288721E+01,  3.821158932659066E+01,  1.568072375193815E-04,  1.568641469158560E-04,  1.262518066973120E+00,
2461637.500000000, A.D. 2027-Aug-20 00:00:00.0000,  3.246258764316312E-04,  1.567674745580951E-04,  2.407150399461458E+01,  8.196296446876769E+01,  3.646032268262416E+01,  2.461637575260896E+06,  2.851140390328358E+02,  3.385420619151070E+02,  3.385284485660426E+02,  1.568183818627479E-04,  1.568692891674007E-04,  1.262652660743022E+00,
2461638.500000000, A.D. 2027-Aug-21 00:00:00.0000,  3.203588950673463E-04,  1.567624856677995E-04,  2.407167932654035E+01,  8.196477616950496E+01,  2.917956383704065E+01,  2.461638812244425E+06,  2.851294751118546E+02,  2.709699110082636E+02,  2.709332055965119E+02,  1.568127220181577E-04,  1.568629583685159E-04,  1.262584304406881E+00,
2461639.500000000, A.D. 2027-Aug-22 00:00:00.0000,  2.306063864857545E-04,  1.567735380991597E-04,  2.407176788956877E+01,  8.196629389041809E+01,  4.666350875731572E+01,  2.461638873423450E+06,  2.851377192136222E+02,  1.786606082723753E+02,  1.786612257827302E+02,  1.568096994173082E-04,  1.568458607354567E-04,  1.262547799683744E+00,
2461640.500000000, A.D. 2027-Aug-23 00:00:00.0000,  2.892360759511818E-04,  1.567741183728340E-04,  2.407186231570030E+01,  8.196820971566044E+01,  5.079132890651654E+01,  2.461640150360303E+06,  2.851110545483597E+02,  9.968614261740512E+01,  9.971881214647141E+01,  1.568194762227695E-04,  1.568648340727049E-04,  1.262665877934024E+00,
2461641.500000000, A.D. 2027-Aug-24 00:00:00.0000,  3.473409501542382E-04,  1.567542666727900E-04,  2.407207891972708E+01,  8.196971685799851E+01,  5.243433587664286E+01,  2.461641418648359E+06,  2.851403558226731E+02,  2.319663592472992E+01,  2.321231984572681E+01,  1.568087327670218E-04,  1.568631988612536E-04,  1.262536125275377E+00,
2461642.500000000, A.D. 2027-Aug-25 00:00:00.0000,  3.304794194429476E-04,  1.567617450581742E-04,  2.407202166151279E+01,  8.197157453702208E+01,  2.991838110922308E+01,  2.461642602095436E+06,  2.851271658283400E+02,  3.308898177412225E+02,  3.308713876148801E+02,  1.568135687153240E-04,  1.568653923724738E-04,  1.262594530248082E+00,
2461643.500000000, A.D. 2027-Aug-26 00:00:00.0000,  3.058003233991395E-04,  1.567694033202808E-04,  2.407229824881727E+01,  8.197338960971842E+01,  3.312949511063541E+01,  2.461643875901966E+06,  2.851168309829480E+02,  2.528240226710485E+02,  2.527905471159538E+02,  1.568173581191082E-04,  1.568653129179357E-04,  1.262640296466856E+00,
2461644.500000000, A.D. 2027-Aug-27 00:00:00.0000,  2.235605586985708E-04,  1.567733466185053E-04,  2.407226437452398E+01,  8.197491880585288E+01,  4.657373002573551E+01,  2.461643922943106E+06,  2.851412558611258E+02,  1.645427275222234E+02,  1.645495534258122E+02,  1.568084027926423E-04,  1.568434589667793E-04,  1.262532140124027E+00,
2461645.500000000, A.D. 2027-Aug-28 00:00:00.0000,  3.175004563070116E-04,  1.567665530004845E-04,  2.407242196921188E+01,  8.197700019675409E+01,  5.280738840402906E+01,  2.461645207214422E+06,  2.851196014735025E+02,  8.347890733030349E+01,  8.351505643648994E+01,  1.568163422607087E-04,  1.568661315209328E-04,  1.262628027464665E+00,
2461646.500000000, A.D. 2027-Aug-29 00:00:00.0000,  3.300295356239678E-04,  1.567629260849164E-04,  2.407259010560147E+01,  8.197838814741517E+01,  4.852720104485931E+01,  2.461646454748719E+06,  2.851241361535073E+02,  1.290223248669126E+01,  1.291068032665538E+01,  1.568146795607909E-04,  1.568664330366653E-04,  1.262607946337382E+00,
2461647.500000000, A.D. 2027-Aug-30 00:00:00.0000,  3.516846809053545E-04,  1.567535233464728E-04,  2.407251862379357E+01,  8.198035795041817E+01,  2.795996355803894E+01,  2.461647645041847E+06,  2.851405255153223E+02,  3.186426915050973E+02,  3.186160543167874E+02,  1.568086705537397E-04,  1.568638177610066E-04,  1.262535373915676E+00,
2461648.500000000, A.D. 2027-Aug-31 00:00:00.0000,  2.777931350085838E-04,  1.567743812471052E-04,  2.407282399427946E+01,  8.198222142178470E+01,  3.825278894901466E+01,  2.461648943642294E+06,  2.851152326320035E+02,  2.335108243018207E+02,  2.334852370364171E+02,  1.568179441954488E-04,  1.568615071437925E-04,  1.262647374805996E+00,
2461649.500000000, A.D. 2027-Sep-01 00:00:00.0000,  2.301597456027091E-04,  1.567760887695901E-04,  2.407274538945699E+01,  8.198378571046483E+01,  4.621772699034409E+01,  2.461648971496927E+06,  2.851309517353483E+02,  1.506925842343590E+02,  1.507054911239508E+02,  1.568121806211893E-04,  1.568482724727885E-04,  1.262577765791430E+00,
2461650.500000000, A.D. 2027-Sep-02 00:00:00.0000,  3.319456963102252E-04,  1.567587933185715E-04,  2.407293645583265E+01,  8.198591903781075E+01,  5.456814867749377E+01,  2.461650263205992E+06,  2.851345918675025E+02,  6.751816299610726E+01,  6.755331587536693E+01,  1.568108460040373E-04,  1.568628986895031E-04,  1.262561647263360E+00,
2461651.500000000, A.D. 2027-Sep-03 00:00:00.0000,  3.300175871518968E-04,  1.567664601316096E-04,  2.407302959457197E+01,  8.198734314775271E+01,  4.195104212650147E+01,  2.461651481458984E+06,  2.851144998247204E+02,  5.286312419655462E+00,  5.289798055389479E+00,  1.568182128998523E-04,  1.568699656680950E-04,  1.262650620088831E+00,
2461652.500000000, A.D. 2027-Sep-04 00:00:00.0000,  3.601469000000711E-04,  1.567532815997429E-04,  2.407301531213479E+01,  8.198935465063140E+01,  3.048609022233609E+01,  2.461652703738833E+06,  2.851375644796757E+02,  3.019064054014388E+02,  3.018713626167429E+02,  1.568097561473091E-04,  1.568662306948753E-04,  1.262548484823228E+00,
2461653.500000000, A.D. 2027-Sep-05 00:00:00.0000,  2.424491610060987E-04,  1.567748488748484E-04,  2.407323168810116E+01,  8.199118792134483E+01,  4.167695514594244E+01,  2.461654005411580E+06,  2.851290768953671E+02,  2.158924628537258E+02,  2.158761788479327E+02,  1.568128680231355E-04,  1.568508871714226E-04,  1.262586067755229E+00,
2461654.500000000, A.D. 2027-Sep-06 00:00:00.0000,  2.499563935260919E-04,  1.567785764123612E-04,  2.407318576297363E+01,  8.199289609556652E+01,  4.729077037764852E+01,  2.461654025027809E+06,  2.851156967405370E+02,  1.354220272075502E+02,  1.354421265864589E+02,  1.568177740175954E-04,  1.568569716228297E-04,  1.262645319480989E+00,
2461655.500000000, A.D. 2027-Sep-07 00:00:00.0000,  3.316359406468807E-04,  1.567562558572732E-04,  2.407338711102453E+01,  8.199491698862114E+01,  5.525072862991665E+01,  2.461655315432696E+06,  2.851416477666581E+02,  5.262782527899689E+01,  5.265803396896073E+01,  1.568082591117849E-04,  1.568602623662966E-04,  1.262530404869517E+00,
2461656.500000000, A.D. 2027-Sep-08 00:00:00.0000,  3.432992607424133E-04,  1.567623055256220E-04,  2.407337917904134E+01,  8.199647898690372E+01,  3.655756767034025E+01,  2.461656512317116E+06,  2.851201520270121E+02,  3.564881419604278E+02,  3.564857312008450E+02,  1.568161403906906E-04,  1.568699752557592E-04,  1.262625589389746E+00,
2461657.500000000, A.D. 2027-Sep-09 00:00:00.0000,  3.408234876677420E-04,  1.567619312743242E-04,  2.407347043463742E+01,  8.199856105350763E+01,  3.370262478359798E+01,  2.461657764844388E+06,  2.851222322728335E+02,  2.844869768646304E+02,  2.844491591301195E+02,  1.568153776382508E-04,  1.568688240021774E-04,  1.262616377299950E+00,
2461658.500000000, A.D. 2027-Sep-10 00:00:00.0000,  2.198363699442903E-04,  1.567729451012744E-04,  2.407354083872757E+01,  8.200023813652501E+01,  3.968744477589705E+01,  2.461659048227002E+06,  2.851439445347917E+02,  2.036763901335483E+02,  2.036662765607119E+02,  1.568074170746244E-04,  1.568418890479744E-04,  1.262520235480837E+00,
2461659.500000000, A.D. 2027-Sep-11 00:00:00.0000,  2.814198003842364E-04,  1.567753809603950E-04,  2.407354786850046E+01,  8.200223888296033E+01,  5.026597126208416E+01,  2.461659085227088E+06,  2.851109540437018E+02,  1.182563006323161E+02,  1.182847014811283E+02,  1.568195130764614E-04,  1.568636451925277E-04,  1.262666323037238E+00,
2461660.500000000, A.D. 2027-Sep-12 00:00:00.0000,  3.246320441132678E-04,  1.567599075095737E-04,  2.407374454683183E+01,  8.200404631335606E+01,  5.381214540003548E+01,  2.461660360209826E+06,  2.851346810011849E+02,  3.985902658309519E+01,  3.988287558180880E+01,  1.568108133244422E-04,  1.568617191393108E-04,  1.262561252584016E+00,
2461661.500000000, A.D. 2027-Sep-13 00:00:00.0000,  3.599888221182037E-04,  1.567550075785993E-04,  2.407364351089668E+01,  8.200576508384377E+01,  3.387111816142482E+01,  2.461661552695438E+06,  2.851329227900896E+02,  3.449747956310691E+02,  3.449640967337135E+02,  1.568114579506416E-04,  1.568679083226839E-04,  1.262569037897550E+00,
2461662.500000000, A.D. 2027-Sep-14 00:00:00.0000,  3.054067178766196E-04,  1.567708426146170E-04,  2.407382429802552E+01,  8.200794673957883E+01,  3.532493394992317E+01,  2.461662820323341E+06,  2.851130729412562E+02,  2.686716279941455E+02,  2.686366406793926E+02,  1.568187361101139E-04,  1.568666296056109E-04,  1.262656939179261E+00,
2461663.500000000, A.D. 2027-Sep-15 00:00:00.0000,  2.253487047500496E-04,  1.567728077378523E-04,  2.407378925241293E+01,  8.200945390158320E+01,  3.649147737286687E+01,  2.461664086861886E+06,  2.851419610654627E+02,  1.926610509190527E+02,  1.926553924987119E+02,  1.568081442500533E-04,  1.568434807622543E-04,  1.262529017668330E+00,
2461664.500000000, A.D. 2027-Sep-16 00:00:00.0000,  3.097928632921254E-04,  1.567664274742188E-04,  2.407381892032708E+01,  8.201177095057069E+01,  5.490943272310569E+01,  2.461664151311395E+06,  2.851232413617327E+02,  9.941922529455996E+01,  9.945424408925813E+01,  1.568150076444442E-04,  1.568635878146695E-04,  1.262611908733431E+00,
2461665.500000000, A.D. 2027-Sep-17 00:00:00.0000,  3.200377667025435E-04,  1.567657108698792E-04,  2.407398865832506E+01,  8.201339128856397E+01,  4.979347997541419E+01,  2.461665395909704E+06,  2.851208134218800E+02,  2.967830981757170E+01,  2.969647433599343E+01,  1.568158978796200E-04,  1.568660848893609E-04,  1.262622660476648E+00,
2461666.500000000, A.D. 2027-Sep-18 00:00:00.0000,  3.706166891551785E-04,  1.567511407825355E-04,  2.407384393009678E+01,  8.201524275289614E+01,  3.370450858834604E+01,  2.461666601937880E+06,  2.851389261790497E+02,  3.309335424131131E+02,  3.309129013415915E+02,  1.568092569101604E-04,  1.568673730377853E-04,  1.262542455441324E+00,
2461667.500000000, A.D. 2027-Sep-19 00:00:00.0000,  2.726293866236698E-04,  1.567735144967254E-04,  2.407404615923110E+01,  8.201744206994989E+01,  3.534126229344667E+01,  2.461667870147623E+06,  2.851198061308157E+02,  2.544635814550148E+02,  2.544334847119392E+02,  1.568162672194700E-04,  1.568590199422147E-04,  1.262627121157723E+00,
2461668.500000000, A.D. 2027-Sep-20 00:00:00.0000,  2.452784487014714E-04,  1.567758295958515E-04,  2.407397565337713E+01,  8.201892619115903E+01,  3.918834332725943E+01,  2.461667883571256E+06,  2.851251910858814E+02,  1.757593633688785E+02,  1.757614411083852E+02,  1.568142927623145E-04,  1.568527559287774E-04,  1.262603274824517E+00,
2461669.500000000, A.D. 2027-Sep-21 00:00:00.0000,  3.142236991370237E-04,  1.567596614015857E-04,  2.407401075013668E+01,  8.202137074594818E+01,  5.913551212159902E+01,  2.461669215969609E+06,  2.851398056187411E+02,  8.098837039945204E+01,  8.102393551411204E+01,  1.568089344850373E-04,  1.568582075684889E-04,  1.262538561456950E+00,
2461670.500000000, A.D. 2027-Sep-22 00:00:00.0000,  3.263550637457076E-04,  1.567669119277089E-04,  2.407411164840766E+01,  8.202292880048653E+01,  4.346064684049017E+01,  2.461670423471900E+06,  2.851148341619299E+02,  2.181929651341270E+01,  2.183320171471173E+01,  1.568180903055671E-04,  1.568692686834252E-04,  1.262649139453542E+00,
2461671.500000000, A.D. 2027-Sep-23 00:00:00.0000,  3.675202542826962E-04,  1.567542447007322E-04,  2.407398951011401E+01,  8.202492035616550E+01,  3.470177856145431E+01,  2.461671655268255E+06,  2.851317819162672E+02,  3.157280857851388E+02,  3.156986773277420E+02,  1.568118762413630E-04,  1.568695077819937E-04,  1.262574089708873E+00,
2461672.500000000, A.D. 2027-Sep-24 00:00:00.0000,  2.520138615143769E-04,  1.567712908378295E-04,  2.407413549912129E+01,  8.202697106844566E+01,  3.412208125284781E+01,  2.461672915651947E+06,  2.851346918812642E+02,  2.414832100554363E+02,  2.414578388493380E+02,  1.568108093354173E-04,  1.568503278330051E-04,  1.262561204407604E+00,
2461673.500000000, A.D. 2027-Sep-25 00:00:00.0000,  2.625038856960412E-04,  1.567778384390321E-04,  2.407405635038468E+01,  8.202863431160421E+01,  4.609501099672298E+01,  2.461672957553045E+06,  2.851123422637851E+02,  1.546583217374567E+02,  1.546711929357860E+02,  1.568190040369428E-04,  1.568601696348534E-04,  1.262660175079089E+00,
2461674.500000000, A.D. 2027-Sep-26 00:00:00.0000,  2.980968931275051E-04,  1.567614645462725E-04,  2.407411874815011E+01,  8.203095248440653E+01,  5.947215746795247E+01,  2.461674266992613E+06,  2.851417855813862E+02,  6.644014245049549E+01,  6.647145907669990E+01,  1.568082085860689E-04,  1.568549526258653E-04,  1.262529794663320E+00,
2461675.500000000, A.D. 2027-Sep-27 00:00:00.0000,  3.515493412882275E-04,  1.567593890996559E-04,  2.407410856912717E+01,  8.203255443851666E+01,  3.796210720646869E+01,  2.461675453970493E+06,  2.851245791304093E+02,  1.312414366440512E+01,  1.313329466768498E+01,  1.568145171398609E-04,  1.568696451800659E-04,  1.262605984717103E+00,
2461676.500000000, A.D. 2027-Sep-28 00:00:00.0000,  3.491044863647428E-04,  1.567622223027888E-04,  2.407405727151433E+01,  8.203475472566109E+01,  3.577091818772332E+01,  2.461676708831283E+06,  2.851178954451703E+02,  3.004584641711170E+02,  3.004239728524775E+02,  1.568169678097893E-04,  1.568717133167898E-04,  1.262635582511971E+00,
2461677.500000000, A.D. 2027-Sep-29 00:00:00.0000,  2.464237879768456E-04,  1.567690783490766E-04,  2.407410683754081E+01,  8.203653862426060E+01,  3.284744728917678E+01,  2.461677960997764E+06,  2.851431196223390E+02,  2.285496594607906E+02,  2.285284984907032E+02,  1.568077195013001E-04,  1.568463606535236E-04,  1.262523887922690E+00,
2461678.500000000, A.D. 2027-Sep-30 00:00:00.0000,  2.738878138493004E-04,  1.567749228771982E-04,  2.407400292687658E+01,  8.203851296159203E+01,  5.289042352456284E+01,  2.461678031168215E+06,  2.851154257548642E+02,  1.336711740413028E+02,  1.336938700727597E+02,  1.568178733817112E-04,  1.568608238862243E-04,  1.262646519552119E+00,
2461679.500000000, A.D. 2027-Oct-01 00:00:00.0000,  2.909302197746718E-04,  1.567675405108779E-04,  2.407410820288292E+01,  8.204058864697923E+01,  5.441454593044787E+01,  2.461679299067579E+06,  2.851282745589071E+02,  5.729151457089560E+01,  5.731957182615498E+01,  1.568131621986199E-04,  1.568587838863619E-04,  1.262589620608196E+00,
2461680.500000000, A.D. 2027-Oct-02 00:00:00.0000,  3.816484470746796E-04,  1.567492071047577E-04,  2.407397686302936E+01,  8.204225092469240E+01,  3.703550618600557E+01,  2.461680500538594E+06,  2.851394822602936E+02,  3.598464255125233E+02,  3.598463082337865E+02,  1.568090530363363E-04,  1.568688989679149E-04,  1.262539993221174E+00,
2461681.500000000, A.D. 2027-Oct-03 00:00:00.0000,  3.158823123858881E-04,  1.567696605695802E-04,  2.407399510358239E+01,  8.204467692575381E+01,  3.611175690784566E+01,  2.461681759809465E+06,  2.851118160800634E+02,  2.859252517124468E+02,  2.858904397371940E+02,  1.568191969801488E-04,  1.568687333907174E-04,  1.262662505362131E+00,
2461682.500000000, A.D. 2027-Oct-04 00:00:00.0000,  2.503738229038078E-04,  1.567706372327507E-04,  2.407396688096538E+01,  8.204621506239826E+01,  3.365701235609441E+01,  2.461683013680172E+06,  2.851371766794556E+02,  2.135306861221559E+02,  2.135148419714996E+02,  1.568098983264639E-04,  1.568491594201771E-04,  1.262550201949651E+00,
2461683.500000000, A.D. 2027-Oct-05 00:00:00.0000,  2.780576874934741E-04,  1.567693154462150E-04,  2.407382768468933E+01,  8.204849128776860E+01,  5.760513864598856E+01,  2.461683097523484E+06,  2.851289392685777E+02,  1.147577019194664E+02,  1.147866321377601E+02,  1.568129184836976E-04,  1.568565215211803E-04,  1.262586677183607E+00,
2461684.500000000, A.D. 2027-Oct-06 00:00:00.0000,  3.089540959954845E-04,  1.567690782380010E-04,  2.407394770303758E+01,  8.205035951953936E+01,  4.808779053111911E+01,  2.461684326658532E+06,  2.851163686207551E+02,  4.942248998375342E+01,  4.944938666662853E+01,  1.568175276554940E-04,  1.568659770729871E-04,  1.262642344041814E+00,
2461685.500000000, A.D. 2027-Oct-07 00:00:00.0000,  3.907154379309031E-04,  1.567472792750929E-04,  2.407373457005083E+01,  8.205209820257841E+01,  3.930494851870231E+01,  2.461685558339313E+06,  2.851408630792248E+02,  3.433650778452627E+02,  3.433522546582477E+02,  1.568085467951252E-04,  1.568698143151576E-04,  1.262533879263654E+00,
2461686.500000000, A.D. 2027-Oct-08 00:00:00.0000,  2.795068389045618E-04,  1.567714731775540E-04,  2.407376944494944E+01,  8.205458626287458E+01,  3.386906025305318E+01,  2.461686801713436E+06,  2.851224327591751E+02,  2.739747309646531E+02,  2.739427781071288E+02,  1.568153041275025E-04,  1.568591350774511E-04,  1.262615489480160E+00,
2461687.500000000, A.D. 2027-Oct-09 00:00:00.0000,  2.567267342864723E-04,  1.567752368289174E-04,  2.407370527896133E+01,  8.205604377963049E+01,  3.736050394839242E+01,  2.461688076507501E+06,  2.851219106673588E+02,  1.956250798543693E+02,  1.956171586242380E+02,  1.568154955589778E-04,  1.568557542890382E-04,  1.262617801477904E+00,
2461688.500000000, A.D. 2027-Oct-10 00:00:00.0000,  2.746706701156088E-04,  1.567662392989826E-04,  2.407355460814646E+01,  8.205847095966556E+01,  5.932441197005907E+01,  2.461688153393913E+06,  2.851387807801001E+02,  9.883083705557598E+01,  9.886193724802104E+01,  1.568093102173003E-04,  1.568523811356180E-04,  1.262543099241324E+00,
2461689.500000000, A.D. 2027-Oct-11 00:00:00.0000,  3.385231491089644E-04,  1.567635224077010E-04,  2.407362925914611E+01,  8.206020036921517E+01,  4.419319564011811E+01,  2.461689362777041E+06,  2.851188754800404E+02,  3.912485570052851E+01,  3.914934190512670E+01,  1.568166084598294E-04,  1.568696945119577E-04,  1.262631242473463E+00,
2461690.500000000, A.D. 2027-Oct-12 00:00:00.0000,  3.721143606561314E-04,  1.567555721867641E-04,  2.407339852862165E+01,  8.206210680446294E+01,  4.055062379592425E+01,  2.461690612539690E+06,  2.851261943784054E+02,  3.279119865691072E+02,  3.278893257426529E+02,  1.568139249001703E-04,  1.568722776135765E-04,  1.262598832018309E+00,
2461691.500000000, A.D. 2027-Oct-13 00:00:00.0000,  2.657424331990132E-04,  1.567670765121286E-04,  2.407340008222381E+01,  8.206439069264185E+01,  2.930403771156738E+01,  2.461691835497356E+06,  2.851403163185324E+02,  2.643361778506805E+02,  2.643058756690884E+02,  1.568087472501698E-04,  1.568504179882110E-04,  1.262536300190680E+00,
2461692.500000000, A.D. 2027-Oct-14 00:00:00.0000,  2.636251574727356E-04,  1.567777805320158E-04,  2.407329740182285E+01,  8.206600776858956E+01,  4.414726112479865E+01,  2.461691887451489E+06,  2.851120205676057E+02,  1.746449436523073E+02,  1.746477620738614E+02,  1.568191219977472E-04,  1.568604634634786E-04,  1.262661599757548E+00,
2461693.500000000, A.D. 2027-Oct-15 00:00:00.0000,  2.714700572370495E-04,  1.567678182633429E-04,  2.407318114746525E+01,  8.206838591072953E+01,  5.770051579084744E+01,  2.461693197529902E+06,  2.851358422020597E+02,  8.624506625682517E+01,  8.627610834193142E+01,  1.568103875882369E-04,  1.568529569131308E-04,  1.262556110869037E+00,
2461694.500000000, A.D. 2027-Oct-16 00:00:00.0000,  3.647956043951088E-04,  1.567547402385443E-04,  2.407315348691998E+01,  8.207001706744653E+01,  4.283567906555091E+01,  2.461694407818461E+06,  2.851315956166756E+02,  2.628386939155402E+01,  2.630238789327404E+01,  1.568119445466316E-04,  1.568691488547188E-04,  1.262574914650903E+00,
2461695.500000000, A.D. 2027-Oct-17 00:00:00.0000,  3.421241175821654E-04,  1.567653405625831E-04,  2.407294378585114E+01,  8.207218465045990E+01,  3.849176852607129E+01,  2.461695655116880E+06,  2.851123747579108E+02,  3.157742578959761E+02,  3.157469048553203E+02,  1.568189921218829E-04,  1.568726436811827E-04,  1.262660031174292E+00,
2461696.500000000, A.D. 2027-Oct-18 00:00:00.0000,  2.776892190258330E-04,  1.567632933554917E-04,  2.407291248271904E+01,  8.207410536548646E+01,  2.787384434640997E+01,  2.461696880317243E+06,  2.851455269917329E+02,  2.515542393617877E+02,  2.515240566775462E+02,  1.568068369235749E-04,  1.568503804916581E-04,  1.262513228939542E+00,
2461697.500000000, A.D. 2027-Oct-19 00:00:00.0000,  2.656484225482350E-04,  1.567750561095928E-04,  2.407271702208397E+01,  8.207604200156879E+01,  5.273363922419882E+01,  2.461696967359401E+06,  2.851185870392881E+02,  1.518657349718682E+02,  1.518800849302802E+02,  1.568167142223552E-04,  1.568583723351176E-04,  1.262632519816723E+00,
2461698.500000000, A.D. 2027-Oct-20 00:00:00.0000,  2.779645179655786E-04,  1.567713789120218E-04,  2.407267061185435E+01,  8.207824813099175E+01,  5.369505018851773E+01,  2.461698233282232E+06,  2.851233497331149E+02,  7.604746342138041E+01,  7.607837861812813E+01,  1.568149679089865E-04,  1.568585569059511E-04,  1.262611428832371E+00,
2461699.500000000, A.D. 2027-Oct-21 00:00:00.0000,  3.797098776646988E-04,  1.567490886398975E-04,  2.407251819803970E+01,  8.207981520656084E+01,  4.321611110193965E+01,  2.461699458981457E+06,  2.851406349682600E+02,  1.169605338215700E+01,  1.170487813765241E+01,  1.568086304257733E-04,  1.568681722116491E-04,  1.262534889283924E+00,
2461700.500000000, A.D. 2027-Oct-22 00:00:00.0000,  3.183131256443846E-04,  1.567684718015115E-04,  2.407233165778869E+01,  8.208221801091192E+01,  3.448424288392652E+01,  2.461700690836130E+06,  2.851140191507178E+02,  3.055899438701541E+02,  3.055602746137058E+02,  1.568183891531214E-04,  1.568683065047312E-04,  1.262652748792741E+00,
2461701.500000000, A.D. 2027-Oct-23 00:00:00.0000,  2.865672186557226E-04,  1.567666642887793E-04,  2.407228950341615E+01,  8.208383656426729E+01,  3.181880387486159E+01,  2.461701944002454E+06,  2.851325316635080E+02,  2.334004563036805E+02,  2.333740987096950E+02,  1.568116013532320E-04,  1.568565384176848E-04,  1.262570769809055E+00,
2461702.500000000, A.D. 2027-Oct-24 00:00:00.0000,  2.537511874353854E-04,  1.567709759369826E-04,  2.407197834410095E+01,  8.208604549964943E+01,  5.899220098172865E+01,  2.461702039148299E+06,  2.851348077460426E+02,  1.314048610829994E+02,  1.314266664143315E+02,  1.568107668552748E-04,  1.568505577735670E-04,  1.262560691364755E+00,
2461703.500000000, A.D. 2027-Oct-25 00:00:00.0000,  3.003168039363748E-04,  1.567709977534568E-04,  2.407199145510405E+01,  8.208808001885417E+01,  4.872472897628865E+01,  2.461703265625674E+06,  2.851148271903200E+02,  6.682359532346726E+01,  6.685523648975057E+01,  1.568180928619045E-04,  1.568651879703522E-04,  1.262649170327759E+00,
2461704.500000000, A.D. 2027-Oct-26 00:00:00.0000,  3.801595402428931E-04,  1.567505768416458E-04,  2.407173433793442E+01,  8.208965135567256E+01,  4.378447601934495E+01,  2.461704510810309E+06,  2.851363818620916E+02,  3.569175877220941E+02,  3.569152441235207E+02,  1.568101897312794E-04,  1.568698026209130E-04,  1.262553721307008E+00,
2461705.500000000, A.D. 2027-Oct-27 00:00:00.0000,  3.066997720037469E-04,  1.567650588776508E-04,  2.407156203589322E+01,  8.209210708524162E+01,  3.085349430037095E+01,  2.461705727885807E+06,  2.851282984579342E+02,  2.950233074341660E+02,  2.949914559424412E+02,  1.568131534360568E-04,  1.568612479944628E-04,  1.262589514779824E+00,
2461706.500000000, A.D. 2027-Oct-28 00:00:00.0000,  2.768696794021470E-04,  1.567738865111678E-04,  2.407149668140305E+01,  8.209362100083929E+01,  3.859020360271244E+01,  2.461707017573348E+06,  2.851169773013744E+02,  2.124310514739227E+02,  2.124140417894457E+02,  1.568173044679806E-04,  1.568607224247933E-04,  1.262639648495827E+00,
2461707.500000000, A.D. 2027-Oct-29 00:00:00.0000,  2.358144041953388E-04,  1.567714278204746E-04,  2.407113624061506E+01,  8.209592035774718E+01,  5.875422350485455E+01,  2.461707088164031E+06,  2.851412484732672E+02,  1.174314224456719E+02,  1.174554032142125E+02,  1.568084055011907E-04,  1.568453831819068E-04,  1.262532172835566E+00,
2461708.500000000, A.D. 2027-Oct-30 00:00:00.0000,  3.381228750580856E-04,  1.567625931872132E-04,  2.407114457921987E+01,  8.209782918974489E+01,  4.560627549254380E+01,  2.461708304471729E+06,  2.851215818229134E+02,  5.574932977054241E+01,  5.578136420298808E+01,  1.568156161341945E-04,  1.568686390811757E-04,  1.262619257715794E+00,
2461709.500000000, A.D. 2027-Oct-31 00:00:00.0000,  3.684116353474191E-04,  1.567577763210789E-04,  2.407082129196158E+01,  8.209953240243036E+01,  4.316348491213017E+01,  2.461709558449902E+06,  2.851217649342832E+02,  3.433346607455077E+02,  3.433225484060877E+02,  1.568155489939316E-04,  1.568733216667844E-04,  1.262618446834374E+00,
2461710.500000000, A.D. 2027-Nov-01 00:00:00.0000,  3.063108552578983E-04,  1.567604997039617E-04,  2.407066070502175E+01,  8.210180271154915E+01,  2.920613190107204E+01,  2.461710771921483E+06,  2.851409038177590E+02,  2.824640625728199E+02,  2.824297863707941E+02,  1.568085318594673E-04,  1.568565640149730E-04,  1.262533698883432E+00,
2461711.500000000, A.D. 2027-Nov-02 00:00:00.0000,  2.578936927254962E-04,  1.567776111292081E-04,  2.407051295295641E+01,  8.210338515550131E+01,  4.547150213734037E+01,  2.461712091488942E+06,  2.851149344936724E+02,  1.913576690934884E+02,  1.913518510801608E+02,  1.568180535161154E-04,  1.568584959030227E-04,  1.262648695128209E+00,
2461712.500000000, A.D. 2027-Nov-03 00:00:00.0000,  2.395601033286707E-04,  1.567747753564057E-04,  2.407020403305402E+01,  8.210563462760308E+01,  5.341428680256667E+01,  2.461712119254401E+06,  2.851305133922784E+02,  1.085621881016626E+02,  1.085882091198409E+02,  1.568123413370996E-04,  1.568499073177936E-04,  1.262579706805063E+00,
2461713.500000000, A.D. 2027-Nov-04 00:00:00.0000,  3.716533870545508E-04,  1.567513062748115E-04,  2.407013181831315E+01,  8.210739497291945E+01,  4.642015149834518E+01,  2.461713357143046E+06,  2.851380310523843E+02,  4.073395051280806E+01,  4.076175121445273E+01,  1.568095850882321E-04,  1.568678639016528E-04,  1.262546418909171E+00,
2461714.500000000, A.D. 2027-Nov-05 00:00:00.0000,  3.469408068275025E-04,  1.567652347204574E-04,  2.406977209861864E+01,  8.210936454575980E+01,  4.050549477919262E+01,  2.461714598915325E+06,  2.851106028528897E+02,  3.317981921300550E+02,  3.317793968827506E+02,  1.568196418535284E-04,  1.568740489865995E-04,  1.262667878352288E+00,
2461715.500000000, A.D. 2027-Nov-06 00:00:00.0000,  3.080614045970809E-04,  1.567603682561670E-04,  2.406963284577783E+01,  8.211131601177205E+01,  3.016905846504437E+01,  2.461715825135048E+06,  2.851405135054765E+02,  2.672908253882297E+02,  2.672555642511390E+02,  1.568086749568273E-04,  1.568569816574875E-04,  1.262535427092460E+00,
2461716.500000000, A.D. 2027-Nov-07 00:00:00.0000,  2.392655303368442E-04,  1.567765443364892E-04,  2.406934234141832E+01,  8.211304273303386E+01,  5.060298405041090E+01,  2.461715896653183E+06,  2.851258135383307E+02,  1.720297521511669E+02,  1.720335527478148E+02,  1.568140645368049E-04,  1.568515847371206E-04,  1.262600518460611E+00,
2461717.500000000, A.D. 2027-Nov-08 00:00:00.0000,  2.707298146500951E-04,  1.567749817349399E-04,  2.406913220461963E+01,  8.211520864155639E+01,  4.982354224142164E+01,  2.461717156440943E+06,  2.851166161560905E+02,  9.795439573856288E+01,  9.798511915953721E+01,  1.568174368905632E-04,  1.568598920461864E-04,  1.262641247828621E+00,
2461718.500000000, A.D. 2027-Nov-09 00:00:00.0000,  3.793827136870094E-04,  1.567475783789491E-04,  2.406894282959539E+01,  8.211676686704317E+01,  4.912226795439949E+01,  2.461718416460929E+06,  2.851448959546446E+02,  2.382073971585054E+01,  2.383830548426187E+01,  1.568070682700347E-04,  1.568665581611203E-04,  1.262516022931941E+00,
2461719.500000000, A.D. 2027-Nov-10 00:00:00.0000,  3.273548324793966E-04,  1.567664764526291E-04,  2.406856396167154E+01,  8.211899638986027E+01,  3.520488845203765E+01,  2.461719630097562E+06,  2.851155944611214E+02,  3.229071564569631E+02,  3.228845252093294E+02,  1.568178115210493E-04,  1.568691465894696E-04,  1.262645772429294E+00,
2461720.500000000, A.D. 2027-Nov-11 00:00:00.0000,  3.027961432517169E-04,  1.567657929165357E-04,  2.406845816158438E+01,  8.212067781872317E+01,  3.318460567843944E+01,  2.461720885544943E+06,  2.851279658912541E+02,  2.500703546721286E+02,  2.500377389904643E+02,  1.568132753715289E-04,  1.568607578265220E-04,  1.262590987435100E+00,
2461721.500000000, A.D. 2027-Nov-12 00:00:00.0000,  2.249759703677844E-04,  1.567747955652465E-04,  2.406802498218819E+01,  8.212253444509072E+01,  5.251679844962239E+01,  2.461720953207630E+06,  2.851366973488975E+02,  1.559105706296075E+02,  1.559210904879408E+02,  1.568100740638224E-04,  1.568453525623984E-04,  1.262552324366368E+00,
2461722.500000000, A.D. 2027-Nov-13 00:00:00.0000,  3.080612086938146E-04,  1.567694368733870E-04,  2.406788981652328E+01,  8.212461846751344E+01,  4.940399816280457E+01,  2.461722204744360E+06,  2.851157722287248E+02,  8.418203981912610E+01,  8.421716056484973E+01,  1.568177463378685E-04,  1.568660558023500E-04,  1.262644985178869E+00,
2461723.500000000, A.D. 2027-Nov-14 00:00:00.0000,  3.646044814078261E-04,  1.567542072083269E-04,  2.406759180228764E+01,  8.212603702688534E+01,  4.948840780368117E+01,  2.461723467577499E+06,  2.851331317419450E+02,  9.244729141770891E+00,  9.251444288995778E+00,  1.568113813406995E-04,  1.568685554730720E-04,  1.262568112659079E+00,
2461724.500000000, A.D. 2027-Nov-15 00:00:00.0000,  3.288707497393244E-04,  1.567597836206961E-04,  2.406721189751493E+01,  8.212833236539232E+01,  3.006001392640663E+01,  2.461724661845798E+06,  2.851332055266710E+02,  3.138523889320480E+02,  3.138252049323455E+02,  1.568113542883485E-04,  1.568629249560010E-04,  1.262567785940757E+00,
2461725.500000000, A.D. 2027-Nov-16 00:00:00.0000,  2.870748882871111E-04,  1.567727333064806E-04,  2.406711064050980E+01,  8.212990244097948E+01,  3.809817801274836E+01,  2.461725952583057E+06,  2.851157574822653E+02,  2.309614387373455E+02,  2.309358931782864E+02,  1.568177517450442E-04,  1.568627701836079E-04,  1.262645050484074E+00,
2461726.500000000, A.D. 2027-Nov-17 00:00:00.0000,  2.220438569487147E-04,  1.567753540742911E-04,  2.406660979561614E+01,  8.213181724087782E+01,  5.135882484148387E+01,  2.461725998980346E+06,  2.851364280157563E+02,  1.428589544605319E+02,  1.428743138324956E+02,  1.568101728098706E-04,  1.568449915454501E-04,  1.262553516943499E+00,
2461727.500000000, A.D. 2027-Nov-18 00:00:00.0000,  3.367743241656742E-04,  1.567603829017038E-04,  2.406649077742247E+01,  8.213377339330383E+01,  5.038366954753583E+01,  2.461727257979770E+06,  2.851281890266305E+02,  6.900678981435831E+01,  6.904282514949124E+01,  1.568131935589848E-04,  1.568660042162659E-04,  1.262589999357716E+00,
2461728.500000000, A.D. 2027-Nov-19 00:00:00.0000,  3.495322570940268E-04,  1.567628920076653E-04,  2.406610576396699E+01,  8.213522473348343E+01,  4.557219146688705E+01,  2.461728503641501E+06,  2.851158853636609E+02,  3.589617501898528E+02,  3.589610241087963E+02,  1.568177048539952E-04,  1.568725177003251E-04,  1.262644484157119E+00,
2461729.500000000, A.D. 2027-Nov-20 00:00:00.0000,  3.440987145467995E-04,  1.567533219348834E-04,  2.406576264977484E+01,  8.213736269358184E+01,  2.963981579879800E+01,  2.461729710200051E+06,  2.851443208325754E+02,  3.000626492301489E+02,  3.000285153738193E+02,  1.568072791180595E-04,  1.568612363012356E-04,  1.262518569364657E+00,
2461730.500000000, A.D. 2027-Nov-21 00:00:00.0000,  2.590069691628217E-04,  1.567765461123042E-04,  2.406557118177424E+01,  8.213893839489516E+01,  4.423520140505192E+01,  2.461731023878859E+06,  2.851173635243588E+02,  2.106330409809056E+02,  2.106179221076995E+02,  1.568171628503668E-04,  1.568577795884293E-04,  1.262637938110857E+00,
2461731.500000000, A.D. 2027-Nov-22 00:00:00.0000,  2.346883028766242E-04,  1.567775831467649E-04,  2.406510688770735E+01,  8.214085187635429E+01,  4.944965103457465E+01,  2.461731042083736E+06,  2.851249377519214E+02,  1.305633464192431E+02,  1.305837730238980E+02,  1.568143856487995E-04,  1.568511881508341E-04,  1.262604396649532E+00,
2461732.500000000, A.D. 2027-Nov-23 00:00:00.0000,  3.513328933388301E-04,  1.567534516361210E-04,  2.406494519304938E+01,  8.214258973215796E+01,  5.180038074866161E+01,  2.461732312774814E+06,  2.851408716975430E+02,  5.338555262381029E+01,  5.341787629298795E+01,  1.568085436354567E-04,  1.568636356347924E-04,  1.262533841103853E+00,
2461733.500000000, A.D. 2027-Nov-24 00:00:00.0000,  3.475432414065661E-04,  1.567649517685744E-04,  2.406448681932615E+01,  8.214420984143972E+01,  3.994370915597609E+01,  2.461733533674660E+06,  2.851111170352330E+02,  3.503989799968416E+02,  3.503923347990456E+02,  1.568194533096933E-04,  1.568739548508122E-04,  1.262665601199663E+00,
2461734.500000000, A.D. 2027-Nov-25 00:00:00.0000,  3.446899494689214E-04,  1.567559259277780E-04,  2.406422176274629E+01,  8.214610149235941E+01,  3.315555727793929E+01,  2.461734772371596E+06,  2.851369627739904E+02,  2.823367903868775E+02,  2.822982003563074E+02,  1.568099767507405E-04,  1.568640275737029E-04,  1.262551149095842E+00,
2461735.500000000, A.D. 2027-Nov-26 00:00:00.0000,  2.248709364613694E-04,  1.567765945910636E-04,  2.406385285355587E+01,  8.214767372924724E+01,  4.771970678452174E+01,  2.461736085867983E+06,  2.851318343411737E+02,  1.929503873559475E+02,  1.929446140719080E+02,  1.568118570202000E-04,  1.568471194493364E-04,  1.262573857569488E+00,
2461736.500000000, A.D. 2027-Nov-27 00:00:00.0000,  2.629147570594320E-04,  1.567772614721247E-04,  2.406349049400055E+01,  8.214960223111190E+01,  4.858166665658531E+01,  2.461736088809159E+06,  2.851137403940476E+02,  1.172361588230916E+02,  1.172629422665701E+02,  1.568184913676851E-04,  1.568597212632454E-04,  1.262653983292612E+00,
2461737.500000000, A.D. 2027-Nov-28 00:00:00.0000,  3.525795739722301E-04,  1.567530385287431E-04,  2.406325023710107E+01,  8.215106388162000E+01,  5.243870411542468E+01,  2.461737364846578E+06,  2.851414654810627E+02,  3.853784484068423E+01,  3.856302563676803E+01,  1.568083259414988E-04,  1.568636133542545E-04,  1.262531211981545E+00,
2461738.500000000, A.D. 2027-Nov-29 00:00:00.0000,  3.543744006122690E-04,  1.567599896759976E-04,  2.406273873137229E+01,  8.215285779445678E+01,  3.568053958195286E+01,  2.461738568502370E+06,  2.851217319270701E+02,  3.404684855508217E+02,  3.404549034940945E+02,  1.568155610964679E-04,  1.568711325169381E-04,  1.262618593001822E+00,
2461739.500000000, A.D. 2027-Nov-30 00:00:00.0000,  3.196314788327946E-04,  1.567655408468406E-04,  2.406254772292306E+01,  8.215455495919929E+01,  3.706262472934204E+01,  2.461739835892971E+06,  2.851214510893996E+02,  2.642297086550378E+02,  2.641932686421205E+02,  1.568156640694512E-04,  1.568657872920619E-04,  1.262619836650320E+00,
2461740.500000000, A.D. 2027-Dec-01 00:00:00.0000,  2.051711158752975E-04,  1.567760890262892E-04,  2.406201770034770E+01,  8.215605678867054E+01,  4.472122486583674E+01,  2.461741125161300E+06,  2.851416411099004E+02,  1.817404810401183E+02,  1.817397671400852E+02,  1.568082615522903E-04,  1.568404340782915E-04,  1.262530434343847E+00,
2461741.500000000, A.D. 2027-Dec-02 00:00:00.0000,  3.019250885438789E-04,  1.567701458439498E-04,  2.406174276186658E+01,  8.215803982115081E+01,  4.993839032537372E+01,  2.461741143342399E+06,  2.851164631898134E+02,  1.016889539211235E+02,  1.017228318967857E+02,  1.568174929794028E-04,  1.568648401148558E-04,  1.262641925241383E+00,
2461742.500000000, A.D. 2027-Dec-03 00:00:00.0000,  3.481853683056083E-04,  1.567584168084698E-04,  2.406141580350533E+01,  8.215927020452563E+01,  5.119452487650547E+01,  2.461742410297234E+06,  2.851286711020637E+02,  2.557683051748171E+01,  2.559406256434649E+01,  1.568130168064816E-04,  1.568676168044935E-04,  1.262587864659656E+00,
2461743.500000000, A.D. 2027-Dec-04 00:00:00.0000,  3.629250439522573E-04,  1.567534807247262E-04,  2.406089468303500E+01,  8.216112488003938E+01,  3.401619309853502E+01,  2.461743612471361E+06,  2.851358325068460E+02,  3.279303847608022E+02,  3.279082950737111E+02,  1.568103911428239E-04,  1.568673015609216E-04,  1.262556153798581E+00,
2461744.500000000, A.D. 2027-Dec-05 00:00:00.0000,  2.825927984316475E-04,  1.567734364657709E-04,  2.406071346674907E+01,  8.216269602594915E+01,  3.941146995060306E+01,  2.461744893911931E+06,  2.851157566965110E+02,  2.476895018489325E+02,  2.476595472847769E+02,  1.568177520331616E-04,  1.568620676005525E-04,  1.262645053963815E+00,
2461745.500000000, A.D. 2027-Dec-06 00:00:00.0000,  2.158792228736119E-04,  1.567772499356659E-04,  2.406012982886528E+01,  8.216413143892001E+01,  4.101662040744250E+01,  2.461744899455324E+06,  2.851338931088193E+02,  1.712356415472568E+02,  1.712394098880473E+02,  1.568111021945456E-04,  1.568449544534253E-04,  1.262564741339286E+00,
2461746.500000000, A.D. 2027-Dec-07 00:00:00.0000,  3.316691806019757E-04,  1.567593728477406E-04,  2.405987777013767E+01,  8.216608891816162E+01,  5.348371158831994E+01,  2.461746205586500E+06,  2.851331289879161E+02,  8.394704243830341E+01,  8.398483868476703E+01,  1.568113823504338E-04,  1.568633918531270E-04,  1.262568124853905E+00,
2461747.500000000, A.D. 2027-Dec-08 00:00:00.0000,  3.443281085913541E-04,  1.567644394315651E-04,  2.405946540915046E+01,  8.216723839277360E+01,  4.750490489122980E+01,  2.461747447139973E+06,  2.851138902262053E+02,  1.507112788962942E+01,  1.508139170853660E+01,  1.568184364271723E-04,  1.568724334227794E-04,  1.262653319746650E+00,
2461748.500000000, A.D. 2027-Dec-09 00:00:00.0000,  3.648195395622980E-04,  1.567516337517589E-04,  2.405899104486055E+01,  8.216901473608861E+01,  3.472567738324888E+01,  2.461748664786651E+06,  2.851400614779276E+02,  3.130127241183147E+02,  3.129821465233060E+02,  1.568088406808154E-04,  1.568660476098719E-04,  1.262537428567775E+00,
2461749.500000000, A.D. 2027-Dec-10 00:00:00.0000,  2.496480093549500E-04,  1.567754532281986E-04,  2.405872863833009E+01,  8.217044890294216E+01,  3.987181642158688E+01,  2.461749945291635E+06,  2.851243485569945E+02,  2.330365127630700E+02,  2.330136590762406E+02,  1.568146016813461E-04,  1.568537501344936E-04,  1.262607005757133E+00,
2461750.500000000, A.D. 2027-Dec-11 00:00:00.0000,  2.433270487426002E-04,  1.567788563212112E-04,  2.405819231968939E+01,  8.217190818919906E+01,  4.337607601854963E+01,  2.461749957499625E+06,  2.851177690851137E+02,  1.546764967190765E+02,  1.546884198965953E+02,  1.568170141424552E-04,  1.568551719636990E-04,  1.262636142093734E+00,
2461751.500000000, A.D. 2027-Dec-12 00:00:00.0000,  3.340349168419752E-04,  1.567542604691169E-04,  2.405791854142203E+01,  8.217363116098910E+01,  5.683097303477947E+01,  2.461751267162925E+06,  2.851460658769961E+02,  6.639257602263923E+01,  6.642765604973928E+01,  1.568066393618564E-04,  1.568590182545959E-04,  1.262510842970191E+00,
2461752.500000000, A.D. 2027-Dec-13 00:00:00.0000,  3.492662818364580E-04,  1.567642597596390E-04,  2.405742216507504E+01,  8.217486154422690E+01,  4.167529355524020E+01,  2.461752476460278E+06,  2.851122677507745E+02,  6.711463648316479E+00,  6.716143139360538E+00,  1.568190313596431E-04,  1.568738029596473E-04,  1.262660505070540E+00,
2461753.500000000, A.D. 2027-Dec-14 00:00:00.0000,  3.540567003559611E-04,  1.567566085262798E-04,  2.405703811797955E+01,  8.217651017168320E+01,  3.647254851198783E+01,  2.461753720737844E+06,  2.851310927714531E+02,  2.970607774146843E+02,  2.970246398641581E+02,  1.568121289112179E-04,  1.568676492961560E-04,  1.262577141275007E+00,
2461754.500000000, A.D. 2027-Dec-15 00:00:00.0000,  2.291679485528083E-04,  1.567742392994319E-04,  2.405663362973910E+01,  8.217775618977429E+01,  3.833514570797014E+01,  2.461754989687331E+06,  2.851364215904667E+02,  2.203723067177527E+02,  2.203553000072490E+02,  1.568101751655869E-04,  1.568461110317418E-04,  1.262553545393993E+00,
2461755.500000000, A.D. 2027-Dec-16 00:00:00.0000,  2.702319502714550E-04,  1.567767909076544E-04,  2.405617410739947E+01,  8.217932535192305E+01,  4.880191572531584E+01,  2.461755026290201E+06,  2.851118938656140E+02,  1.350602980693640E+02,  1.350821662650759E+02,  1.568191684573865E-04,  1.568615460071187E-04,  1.262662160876684E+00,
2461756.500000000, A.D. 2027-Dec-17 00:00:00.0000,  3.205590718159755E-04,  1.567585439000812E-04,  2.405587170889232E+01,  8.218067020395183E+01,  5.651999419351653E+01,  2.461756315900649E+06,  2.851401441075986E+02,  5.249411547746345E+01,  5.252326282705980E+01,  1.568088103867914E-04,  1.568590768735016E-04,  1.262537062701886E+00,
2461757.500000000, A.D. 2027-Dec-18 00:00:00.0000,  3.702413932982747E-04,  1.567557431906747E-04,  2.405530644507417E+01,  8.218201745215376E+01,  3.723765276116462E+01,  2.461757510679094E+06,  2.851265291601599E+02,  3.569551071302899E+02,  3.569528524587012E+02,  1.568138021512716E-04,  1.568718611118685E-04,  1.262597349535941E+00,
2461758.500000000, A.D. 2027-Dec-19 00:00:00.0000,  3.288935241475102E-04,  1.567651920673007E-04,  2.405501492555847E+01,  8.218358930463961E+01,  3.838918440489611E+01,  2.461758777258317E+06,  2.851184401377108E+02,  2.809485410118475E+02,  2.809115357019583E+02,  1.568167680868022E-04,  1.568683441063038E-04,  1.262633170362891E+00,
2461759.500000000, A.D. 2027-Dec-20 00:00:00.0000,  2.247065323263977E-04,  1.567740114803793E-04,  2.405448454450443E+01,  8.218464260967198E+01,  3.646157281128221E+01,  2.461760032936546E+06,  2.851389517296528E+02,  2.080390318068670E+02,  2.080269306769106E+02,  1.568092475426313E-04,  1.568444836048833E-04,  1.262542342307987E+00,
2461760.500000000, A.D. 2027-Dec-21 00:00:00.0000,  2.899205474040825E-04,  1.567700111085952E-04,  2.405407861942967E+01,  8.218631700070559E+01,  5.352828866182286E+01,  2.461760092654737E+06,  2.851219663642551E+02,  1.161430823652277E+02,  1.161729012778860E+02,  1.568154751369884E-04,  1.568609391653815E-04,  1.262617554832956E+00,
2461761.500000000, A.D. 2027-Dec-22 00:00:00.0000,  3.201286455477046E-04,  1.567650652767383E-04,  2.405374357420403E+01,  8.218734003516664E+01,  5.183202610723274E+01,  2.461761349251126E+06,  2.851225358295003E+02,  4.298190120946953E+01,  4.300691851171486E+01,  1.568152663355515E-04,  1.568654673943647E-04,  1.262615033051177E+00,
2461762.500000000, A.D. 2027-Dec-23 00:00:00.0000,  3.912954091419608E-04,  1.567472342865894E-04,  2.405315390005624E+01,  8.218871706303776E+01,  3.740493366444179E+01,  2.461762561081585E+06,  2.851407376806942E+02,  3.425831516862021E+02,  3.425697241032354E+02,  1.568085927690539E-04,  1.568699512515185E-04,  1.262534434497867E+00,
2461763.500000000, A.D. 2027-Dec-24 00:00:00.0000,  2.898315277035911E-04,  1.567720077937608E-04,  2.405289424662975E+01,  8.219022097544189E+01,  3.944446459380961E+01,  2.461763830726526E+06,  2.851165573934807E+02,  2.657043915151373E+02,  2.656712734663407E+02,  1.568174584373103E-04,  1.568629090808598E-04,  1.262641508059369E+00,
2461764.500000000, A.D. 2027-Dec-25 00:00:00.0000,  2.320810613595055E-04,  1.567766654098547E-04,  2.405232366161948E+01,  8.219115767544571E+01,  3.702281371069083E+01,  2.461765084741304E+06,  2.851285567024019E+02,  1.932735559553942E+02,  1.932674515599880E+02,  1.568130587509647E-04,  1.568494520920747E-04,  1.262588371236852E+00,
2461765.500000000, A.D. 2027-Dec-26 00:00:00.0000,  2.986717700279808E-04,  1.567630437271602E-04,  2.405194384442296E+01,  8.219281182815062E+01,  5.657932053466686E+01,  2.461765153174120E+06,  2.851372309994701E+02,  9.889297107996217E+01,  9.892678296288626E+01,  1.568098784111032E-04,  1.568567130950461E-04,  1.262549961427762E+00,
2461766.500000000, A.D. 2027-Dec-27 00:00:00.0000,  3.404343465429825E-04,  1.567655640580003E-04,  2.405155642811112E+01,  8.219367720827186E+01,  4.665657792991876E+01,  2.461766380863071E+06,  2.851124879534095E+02,  3.396742629324864E+01,  3.398923021737196E+01,  1.568189506149784E-04,  1.568723371719566E-04,  1.262659529872392E+00,
2461767.500000000, A.D. 2027-Dec-28 00:00:00.0000,  3.885168022492835E-04,  1.567485117000708E-04,  2.405101161934483E+01,  8.219501679794016E+01,  4.019565491237382E+01,  2.461767620698891E+06,  2.851384409719017E+02,  3.255841064616885E+02,  3.255589334358839E+02,  1.568094348002419E-04,  1.568703579004130E-04,  1.262544603852538E+00,
2461768.500000000, A.D. 2027-Dec-29 00:00:00.0000,  2.515140725675284E-04,  1.567733158505586E-04,  2.405069172356654E+01,  8.219633279619502E+01,  3.692340210712943E+01,  2.461768871645540E+06,  2.851293811593124E+02,  2.540329369873084E+02,  2.540052299244501E+02,  1.568127564655678E-04,  1.568521970805770E-04,  1.262584720439086E+00,
2461769.500000000, A.D. 2027-Dec-30 00:00:00.0000,  2.469518692063696E-04,  1.567794865239525E-04,  2.405016545892648E+01,  8.219730149828371E+01,  4.079018180297285E+01,  2.461768885119322E+06,  2.851144993476146E+02,  1.753113966408873E+02,  1.753137090645387E+02,  1.568182130747970E-04,  1.568569396256414E-04,  1.262650622201729E+00,
2461770.500000000, A.D. 2027-Dec-31 00:00:00.0000,  2.984729368118758E-04,  1.567608307246030E-04,  2.404980184008580E+01,  8.219874666330887E+01,  5.738688739963052E+01,  2.461770205833828E+06,  2.851433540405945E+02,  8.387952896453892E+01,  8.391353783744997E+01,  1.568076335595061E-04,  1.568544363944091E-04,  1.262522849993370E+00,
2461771.500000000, A.D. 2028-Jan-01 00:00:00.0000,  3.667035359771686E-04,  1.567593079480744E-04,  2.404934250148170E+01,  8.219957975661642E+01,  4.360289587987144E+01,  2.461771419920361E+06,  2.851183170267130E+02,  2.283217190188685E+01,  2.284848438465248E+01,  1.568168132279858E-04,  1.568743185078971E-04,  1.262633715554204E+00,
2461772.500000000, A.D. 2028-Jan-02 00:00:00.0000,  3.591479149719889E-04,  1.567584299875612E-04,  2.404889173115141E+01,  8.220089460654022E+01,  4.166015186690456E+01,  2.461772675644746E+06,  2.851239449206278E+02,  3.099194772851961E+02,  3.098879042402048E+02,  1.568147496779449E-04,  1.568710693683286E-04,  1.262608793169637E+00,
2461773.500000000, A.D. 2028-Jan-03 00:00:00.0000,  2.400479290461567E-04,  1.567702743178980E-04,  2.404847215515560E+01,  8.220188566894454E+01,  3.125319795528092E+01,  2.461773901552727E+06,  2.851425843732592E+02,  2.455002176582415E+02,  2.454751900008434E+02,  1.568079157333279E-04,  1.568455571487577E-04,  1.262526257841412E+00,
2461774.500000000, A.D. 2028-Jan-04 00:00:00.0000,  2.663113075359320E-04,  1.567774860069608E-04,  2.404800277824214E+01,  8.220303911602933E+01,  4.738738063247546E+01,  2.461773958012950E+06,  2.851116749070728E+02,  1.545268355501474E+02,  1.545399566236048E+02,  1.568192487461412E-04,  1.568610114853215E-04,  1.262663130569226E+00,
2461775.500000000, A.D. 2028-Jan-05 00:00:00.0000,  2.991861069540350E-04,  1.567638092821833E-04,  2.404765981900721E+01,  8.220414745330802E+01,  5.576670516127403E+01,  2.461775249958780E+06,  2.851349222543621E+02,  7.129548387795188E+01,  7.132796125366842E+01,  1.568107248724865E-04,  1.568576404627898E-04,  1.262560184328641E+00,
2461776.500000000, A.D. 2028-Jan-06 00:00:00.0000,  3.869276743075375E-04,  1.567512653804729E-04,  2.404713464031318E+01,  8.220499069998829E+01,  4.278985862521495E+01,  2.461776466861681E+06,  2.851316073087546E+02,  9.448782228892908E+00,  9.456064595989874E+00,  1.568119402598213E-04,  1.568726151391697E-04,  1.262574862877879E+00,
2461777.500000000, A.D. 2028-Jan-07 00:00:00.0000,  3.215939273375892E-04,  1.567674790001931E-04,  2.404676900994621E+01,  8.220629852564041E+01,  4.004242547524800E+01,  2.461777719744183E+06,  2.851153240134053E+02,  2.973475661052133E+02,  2.973148268268644E+02,  1.568179106879681E-04,  1.568683423757431E-04,  1.262646970118919E+00,
2461778.500000000, A.D. 2028-Jan-08 00:00:00.0000,  2.533602326124250E-04,  1.567693964031322E-04,  2.404629309476857E+01,  8.220697221501615E+01,  2.954222160157273E+01,  2.461778945382667E+06,  2.851392843381169E+02,  2.330039050454981E+02,  2.329807215335487E+02,  1.568091255996699E-04,  1.568488547962076E-04,  1.262540869581175E+00,
2461779.500000000, A.D. 2028-Jan-09 00:00:00.0000,  2.781912977708821E-04,  1.567705358296495E-04,  2.404583629348178E+01,  8.220832027703204E+01,  5.474322612412386E+01,  2.461779033606141E+06,  2.851255527275302E+02,  1.329808068869428E+02,  1.330041230074036E+02,  1.568141601643745E-04,  1.568577844990995E-04,  1.262601673389900E+00,
2461780.500000000, A.D. 2028-Jan-10 00:00:00.0000,  3.091357712064085E-04,  1.567678404549913E-04,  2.404551598497570E+01,  8.220911281129460E+01,  5.230212608212773E+01,  2.461780287580332E+06,  2.851196676705101E+02,  6.056502518749512E+01,  6.059588260772257E+01,  1.568163179883903E-04,  1.568647955217894E-04,  1.262627734316887E+00,
2461781.500000000, A.D. 2028-Jan-11 00:00:00.0000,  3.932989169511845E-04,  1.567477283698567E-04,  2.404496610456472E+01,  8.220995644336094E+01,  4.349932680056500E+01,  2.461781519163774E+06,  2.851385322434809E+02,  3.545356696570706E+02,  3.545313758381815E+02,  1.568094013375705E-04,  1.568710743052843E-04,  1.262544199717612E+00,
2461782.500000000, A.D. 2028-Jan-12 00:00:00.0000,  2.927564837893707E-04,  1.567696844539686E-04,  2.404463684387028E+01,  8.221118861982472E+01,  3.638046607314125E+01,  2.461782756656403E+06,  2.851216442740064E+02,  2.868217042556107E+02,  2.867895889304961E+02,  1.568155932356476E-04,  1.568615020173266E-04,  1.262618981160316E+00,
2461783.500000000, A.D. 2028-Jan-13 00:00:00.0000,  2.628839719090357E-04,  1.567740705587308E-04,  2.404417257620927E+01,  8.221171908866522E+01,  3.407918953826314E+01,  2.461784011123161E+06,  2.851224582355680E+02,  2.142673079680497E+02,  2.142503509565344E+02,  1.568152947862803E-04,  1.568565190138299E-04,  1.262615376662361E+00,
2461784.500000000, A.D. 2028-Jan-14 00:00:00.0000,  2.713469764517448E-04,  1.567653729830599E-04,  2.404371192942606E+01,  8.221307215517470E+01,  5.903008103775012E+01,  2.461784098470531E+06,  2.851425663563347E+02,  1.144931431458858E+02,  1.145214351114791E+02,  1.568079223386701E-04,  1.568504716942803E-04,  1.262526337614981E+00,
2461785.500000000, A.D. 2028-Jan-15 00:00:00.0000,  3.340795566785631E-04,  1.567664191459815E-04,  2.404339305676813E+01,  8.221369339363821E+01,  4.802730621703178E+01,  2.461785322340151E+06,  2.851128738748856E+02,  5.065311020710794E+01,  5.068272288289234E+01,  1.568188091042059E-04,  1.568711990624303E-04,  1.262657820768825E+00,
2461786.500000000, A.D. 2028-Jan-16 00:00:00.0000,  3.835556999557609E-04,  1.567514564121007E-04,  2.404287595154176E+01,  8.221453479089273E+01,  4.429102771241629E+01,  2.461786571753043E+06,  2.851325288193391E+02,  3.395408732803557E+02,  3.395255033482857E+02,  1.568116023960189E-04,  1.568717483799371E-04,  1.262570782403074E+00,
2461787.500000000, A.D. 2028-Jan-17 00:00:00.0000,  2.789463975318342E-04,  1.567668839848164E-04,  2.404253540910720E+01,  8.221554413600103E+01,  3.241817396585550E+01,  2.461787792531195E+06,  2.851351926283403E+02,  2.765890614012127E+02,  2.765573063677969E+02,  1.568106257439624E-04,  1.568543675031084E-04,  1.262558987130158E+00,
2461788.500000000, A.D. 2028-Jan-18 00:00:00.0000,  2.595001194430784E-04,  1.567788486857208E-04,  2.404210892970831E+01,  8.221613400470960E+01,  4.150674270759274E+01,  2.461789086960567E+06,  2.851108714132042E+02,  1.926511611632559E+02,  1.926446504917593E+02,  1.568195433759578E-04,  1.568602380661949E-04,  1.262666688981708E+00,
2461789.500000000, A.D. 2028-Jan-19 00:00:00.0000,  2.597065015827741E-04,  1.567667653045658E-04,  2.404168823371484E+01,  8.221726090852198E+01,  5.744911323778332E+01,  2.461789142750242E+06,  2.851437477229040E+02,  1.018675348195101E+02,  1.018966569431362E+02,  1.568074892290154E-04,  1.568482131534650E-04,  1.262521106897422E+00,
2461790.500000000, A.D. 2028-Jan-20 00:00:00.0000,  3.712422660998398E-04,  1.567570398268237E-04,  2.404133292795372E+01,  8.221784040309258E+01,  4.577534223900894E+01,  2.461790364209369E+06,  2.851225632597699E+02,  3.871697281575184E+01,  3.874359087792696E+01,  1.568152562779233E-04,  1.568734727290229E-04,  1.262614911581061E+00,
2461791.500000000, A.D. 2028-Jan-21 00:00:00.0000,  3.604268629497893E-04,  1.567597853025262E-04,  2.404088668198426E+01,  8.221873042077188E+01,  4.398602748625686E+01,  2.461791620471613E+06,  2.851197000611176E+02,  3.256511697530603E+02,  3.256278573295075E+02,  1.568163061117975E-04,  1.568728269210687E-04,  1.262627590877906E+00,
2461792.500000000, A.D. 2028-Jan-22 00:00:00.0000,  2.784397824073725E-04,  1.567645300873153E-04,  2.404051904262107E+01,  8.221940882292161E+01,  3.012188523653374E+01,  2.461792834279709E+06,  2.851418315689261E+02,  2.646828715152268E+02,  2.646511029866356E+02,  1.568081917260992E-04,  1.568518533648831E-04,  1.262529591043111E+00,
2461793.500000000, A.D. 2028-Jan-23 00:00:00.0000,  2.523572318071788E-04,  1.567781233207578E-04,  2.404010496552417E+01,  8.222015590650135E+01,  4.848613437993597E+01,  2.461792898539207E+06,  2.851159056901196E+02,  1.714860387199089E+02,  1.714903187074189E+02,  1.568176974007722E-04,  1.568572714807866E-04,  1.262644394140777E+00,
2461794.500000000, A.D. 2028-Jan-24 00:00:00.0000,  2.715220087463399E-04,  1.567703791828625E-04,  2.403976825080654E+01,  8.222097343574990E+01,  5.268722827703700E+01,  2.461794175833034E+06,  2.851288332586333E+02,  9.242934868757324E+01,  9.246043440527298E+01,  1.568129573520402E-04,  1.568555355212179E-04,  1.262587146609101E+00,
2461795.500000000, A.D. 2028-Jan-25 00:00:00.0000,  3.982253830632171E-04,  1.567472200401406E-04,  2.403936013720558E+01,  8.222151599738851E+01,  4.719951556287757E+01,  2.461795419005068E+06,  2.851378113721794E+02,  2.309471763087690E+01,  2.311262558496610E+01,  1.568096656293038E-04,  1.568721112184671E-04,  1.262547391619366E+00,
2461796.500000000, A.D. 2028-Jan-26 00:00:00.0000,  3.274276106607510E-04,  1.567669058120489E-04,  2.403898305645149E+01,  8.222249385873647E+01,  4.145899163086168E+01,  2.461796661366745E+06,  2.851143919977190E+02,  3.139920185207609E+02,  3.139650172695451E+02,  1.568182524377526E-04,  1.568695990634563E-04,  1.262651097608851E+00,
2461797.500000000, A.D. 2028-Jan-27 00:00:00.0000,  2.805131714095536E-04,  1.567669405474706E-04,  2.403861861866933E+01,  8.222288219137511E+01,  3.059891521072132E+01,  2.461797885771359E+06,  2.851343680101627E+02,  2.500033272155758E+02,  2.499731243055513E+02,  1.568109280782175E-04,  1.568549156089644E-04,  1.262562638493193E+00,
2461798.500000000, A.D. 2028-Jan-28 00:00:00.0000,  2.456693346114638E-04,  1.567736092444598E-04,  2.403818812285394E+01,  8.222375150229924E+01,  5.294587154613414E+01,  2.461797963987502E+06,  2.851310811370997E+02,  1.528338229678676E+02,  1.528466727266510E+02,  1.568121331768764E-04,  1.568506571092930E-04,  1.262577192792606E+00,
2461799.500000000, A.D. 2028-Jan-29 00:00:00.0000,  3.062517521915151E-04,  1.567697533650523E-04,  2.403792820708645E+01,  8.222433875294332E+01,  5.013346260113925E+01,  2.461799216626295E+06,  2.851156829216035E+02,  8.079428745236372E+01,  8.082893143989594E+01,  1.568177790846717E-04,  1.568658048042912E-04,  1.262645380678645E+00,
2461800.500000000, A.D. 2028-Jan-30 00:00:00.0000,  3.961212256880165E-04,  1.567468288540765E-04,  2.403749661955324E+01,  8.222481030575167E+01,  4.986577053763440E+01,  2.461800478173169E+06,  2.851397791060254E+02,  6.223697750315146E+00,  6.228621160685630E+00,  1.568089442052539E-04,  1.568710595564313E-04,  1.262538678849642E+00,
2461801.500000000, A.D. 2028-Jan-31 00:00:00.0000,  3.013519251879157E-04,  1.567671220069280E-04,  2.403715739274767E+01,  8.222577876048942E+01,  3.574530737429609E+01,  2.461801691077809E+06,  2.851249577353847E+02,  3.055189478731808E+02,  3.054908350030233E+02,  1.568143783217324E-04,  1.568616346365368E-04,  1.262604308157774E+00,
2461802.500000000, A.D. 2028-Feb-01 00:00:00.0000,  2.771483437508812E-04,  1.567731767761159E-04,  2.403684448389699E+01,  8.222606011839586E+01,  3.378137320282431E+01,  2.461802946738197E+06,  2.851187942411057E+02,  2.326265438300392E+02,  2.326013105001381E+02,  1.568166382476789E-04,  1.568600997192419E-04,  1.262631602235145E+00,
2461803.500000000, A.D. 2028-Feb-02 00:00:00.0000,  2.412573667800137E-04,  1.567704810598244E-04,  2.403641265644047E+01,  8.222692015263291E+01,  5.391597243189736E+01,  2.461803017211932E+06,  2.851415029071126E+02,  1.376629153530669E+02,  1.376815305768066E+02,  1.568083122203199E-04,  1.568461433808154E-04,  1.262531046268888E+00,
2461804.500000000, A.D. 2028-Feb-03 00:00:00.0000,  3.429362337119476E-04,  1.567634035387623E-04,  2.403618647012609E+01,  8.222739105810217E+01,  5.011384356930653E+01,  2.461804266309958E+06,  2.851173117558261E+02,  6.662907648566559E+01,  6.666515608604409E+01,  1.568171818324812E-04,  1.568709601262002E-04,  1.262638167367063E+00,
2461805.500000000, A.D. 2028-Feb-04 00:00:00.0000,  3.713163636041128E-04,  1.567556369441869E-04,  2.403578304551280E+01,  8.222784183982678E+01,  4.978819311105251E+01,  2.461805527700953E+06,  2.851263591171216E+02,  3.521017280448876E+02,  3.520958783996570E+02,  1.568138644981150E-04,  1.568720920520431E-04,  1.262598102521004E+00,
2461806.500000000, A.D. 2028-Feb-05 00:00:00.0000,  3.028033885229673E-04,  1.567608830450883E-04,  2.403545958695372E+01,  8.222861143222261E+01,  3.023029721843493E+01,  2.461806721513458E+06,  2.851413585371609E+02,  2.968373516242316E+02,  2.968063849612444E+02,  1.568083651494043E-04,  1.568558472537203E-04,  1.262531685501117E+00,
2461807.500000000, A.D. 2028-Feb-06 00:00:00.0000,  2.663656022145161E-04,  1.567780219873114E-04,  2.403519636612975E+01,  8.222898765327811E+01,  3.981878370002683E+01,  2.461808017680753E+06,  2.851101896061867E+02,  2.124039425312679E+02,  2.123875901800619E+02,  1.568197933860158E-04,  1.568615647847202E-04,  1.262669708498515E+00,
2461808.500000000, A.D. 2028-Feb-07 00:00:00.0000,  2.461527313456903E-04,  1.567709749774616E-04,  2.403481795037368E+01,  8.222969536421076E+01,  5.243909855939381E+01,  2.461808061834711E+06,  2.851380610713559E+02,  1.249376009507576E+02,  1.249607203248497E+02,  1.568095740824231E-04,  1.568481731873847E-04,  1.262546285989894E+00,
2461809.500000000, A.D. 2028-Feb-08 00:00:00.0000,  3.690648742998551E-04,  1.567548893843566E-04,  2.403458487469462E+01,  8.223009940280879E+01,  5.134524950457359E+01,  2.461809320407775E+06,  2.851293620629455E+02,  5.120701663002460E+01,  5.123998894553364E+01,  1.568127634671941E-04,  1.568706375500317E-04,  1.262584804999935E+00,
2461810.500000000, A.D. 2028-Feb-09 00:00:00.0000,  3.459593815190061E-04,  1.567640186825698E-04,  2.403423602138619E+01,  8.223061693707633E+01,  4.570267344614901E+01,  2.461810563136882E+06,  2.851143401894529E+02,  3.419987694984724E+02,  3.419865129706251E+02,  1.568182714347662E-04,  1.568725241869626E-04,  1.262651327045798E+00,
2461811.500000000, A.D. 2028-Feb-10 00:00:00.0000,  3.178810289912290E-04,  1.567574741886247E-04,  2.403394861769559E+01,  8.223109209725162E+01,  2.971147986037674E+01,  2.461811769505966E+06,  2.851442086089369E+02,  2.831519344764674E+02,  2.831164602509073E+02,  1.568073202609426E-04,  1.568571663332605E-04,  1.262519066251578E+00,
2461812.500000000, A.D. 2028-Feb-11 00:00:00.0000,  2.467907366535270E-04,  1.567779331910678E-04,  2.403367034132794E+01,  8.223163387248233E+01,  4.697557731526022E+01,  2.461813092516160E+06,  2.851188055972829E+02,  1.910625002874488E+02,  1.910570755466669E+02,  1.568166340837129E-04,  1.568553349763579E-04,  1.262631551944993E+00,
2461813.500000000, A.D. 2028-Feb-12 00:00:00.0000,  2.646029995027129E-04,  1.567730382948149E-04,  2.403339720684873E+01,  8.223214901046839E+01,  5.069525439264928E+01,  2.461813105482759E+06,  2.851245389008662E+02,  1.124865464091370E+02,  1.125145587891723E+02,  1.568145318903188E-04,  1.568560254858226E-04,  1.262606162864035E+00,
2461814.500000000, A.D. 2028-Feb-13 00:00:00.0000,  3.792370121514334E-04,  1.567500686509480E-04,  2.403314370253705E+01,  8.223247874111357E+01,  5.292236119697998E+01,  2.461814375741093E+06,  2.851381632220233E+02,  3.543095646453451E+01,  3.545615936441588E+01,  1.568095366310968E-04,  1.568690046112456E-04,  1.262545833683040E+00,
2461815.500000000, A.D. 2028-Feb-14 00:00:00.0000,  3.331004281169947E-04,  1.567649821075192E-04,  2.403284070790660E+01,  8.223307866860583E+01,  4.013794730032924E+01,  2.461815593366235E+06,  2.851172131462004E+02,  3.333796793644158E+02,  3.333625697051686E+02,  1.568172179899678E-04,  1.568694538724164E-04,  1.262638604058611E+00,
2461816.500000000, A.D. 2028-Feb-15 00:00:00.0000,  3.157225483574853E-04,  1.567631926893848E-04,  2.403262559892670E+01,  8.223335050748285E+01,  3.296936144366490E+01,  2.461816830747509E+06,  2.851295297226853E+02,  2.656941181390686E+02,  2.656580421894959E+02,  1.568127019952736E-04,  1.568622113011623E-04,  1.262584062584234E+00,
2461817.500000000, A.D. 2028-Feb-16 00:00:00.0000,  2.235722668397883E-04,  1.567750456631731E-04,  2.403229256554788E+01,  8.223395261132524E+01,  5.016078318411589E+01,  2.461816890877483E+06,  2.851366155507345E+02,  1.736831328221093E+02,  1.736859508733227E+02,  1.568101040535997E-04,  1.568451624440264E-04,  1.262552686559279E+00,
2461818.500000000, A.D. 2028-Feb-17 00:00:00.0000,  2.976958816143209E-04,  1.567714061103001E-04,  2.403212981448180E+01,  8.223437628256539E+01,  5.001918538447927E+01,  2.461818152852063E+06,  2.851148344227822E+02,  9.897702655226729E+01,  9.901072017312903E+01,  1.568180902099183E-04,  1.568647743095364E-04,  1.262649138298340E+00,
2461819.500000000, A.D. 2028-Feb-18 00:00:00.0000,  3.742309707723212E-04,  1.567521534343577E-04,  2.403187497021020E+01,  8.223462830372820E+01,  5.348418658654670E+01,  2.461819427514775E+06,  2.851346166821987E+02,  2.066804681338981E+01,  2.068318937936058E+01,  1.568108369060807E-04,  1.568695203778037E-04,  1.262561537385142E+00,
2461820.500000000, A.D. 2028-Feb-19 00:00:00.0000,  3.321309219598733E-04,  1.567599994603665E-04,  2.403160538323831E+01,  8.223522656170472E+01,  3.572938829686782E+01,  2.461820627664492E+06,  2.851312218059286E+02,  3.235988674187914E+02,  3.235762740973411E+02,  1.568120816016033E-04,  1.568641637428401E-04,  1.262576569903067E+00,
2461821.500000000, A.D. 2028-Feb-20 00:00:00.0000,  2.905380061636126E-04,  1.567729063103672E-04,  2.403146566125967E+01,  8.223548131967074E+01,  3.674186589282436E+01,  2.461821893762084E+06,  2.851138040251569E+02,  2.477329944871761E+02,  2.477021882630781E+02,  1.568184680353998E-04,  1.568640297604324E-04,  1.262653701496107E+00,
2461822.500000000, A.D. 2028-Feb-21 00:00:00.0000,  2.160443083094833E-04,  1.567736120085887E-04,  2.403112718516606E+01,  8.223599010638628E+01,  4.690421975671168E+01,  2.461821929281886E+06,  2.851437473269779E+02,  1.627367016129555E+02,  1.627440466426418E+02,  1.568074893741683E-04,  1.568413667397479E-04,  1.262521108650450E+00,
2461823.500000000, A.D. 2028-Feb-22 00:00:00.0000,  3.385320508632751E-04,  1.567629819423642E-04,  2.403102414200326E+01,  8.223644814037722E+01,  5.168043859743920E+01,  2.461823208432773E+06,  2.851203461619858E+02,  8.313174869308115E+01,  8.317026516750263E+01,  1.568160692078815E-04,  1.568691564733988E-04,  1.262624729683348E+00,
2461824.500000000, A.D. 2028-Feb-23 00:00:00.0000,  3.603535703209791E-04,  1.567590836463822E-04,  2.403079811960571E+01,  8.223667103291400E+01,  5.200573948249262E+01,  2.461824472110513E+06,  2.851216457209791E+02,  7.951896583392535E+00,  7.957611741127465E+00,  1.568155927050954E-04,  1.568721017638087E-04,  1.262618974752612E+00,
2461825.500000000, A.D. 2028-Feb-24 00:00:00.0000,  3.371857102993472E-04,  1.567551754449180E-04,  2.403056789423113E+01,  8.223714901218386E+01,  3.377067951673681E+01,  2.461825670584033E+06,  2.851422212036179E+02,  3.113592899523820E+02,  3.113302804574977E+02,  1.568080488782597E-04,  1.568609223116014E-04,  1.262527865850237E+00,
2461826.500000000, A.D. 2028-Feb-25 00:00:00.0000,  2.588205796087578E-04,  1.567782546203182E-04,  2.403046314880513E+01,  8.223749790956569E+01,  3.946713781076736E+01,  2.461826953066576E+06,  2.851127826247210E+02,  2.308249277318332E+02,  2.308019404668271E+02,  1.568188425640441E-04,  1.568594305077701E-04,  1.262658224881657E+00,
2461827.500000000, A.D. 2028-Feb-26 00:00:00.0000,  2.372080408470907E-04,  1.567742274356133E-04,  2.403020746797390E+01,  8.223786664909443E+01,  4.425478427475390E+01,  2.461826969771033E+06,  2.851330143903876E+02,  1.511857836059320E+02,  1.511988811601564E+02,  1.568114243663697E-04,  1.568486212971261E-04,  1.262568632291415E+00,
2461828.500000000, A.D. 2028-Feb-27 00:00:00.0000,  3.646579244380247E-04,  1.567532761984592E-04,  2.403010814123308E+01,  8.223835113610617E+01,  5.547437611301508E+01,  2.461828271529541E+06,  2.851356491304318E+02,  6.514507262427141E+01,  6.518299611024729E+01,  1.568104583747403E-04,  1.568676405510214E-04,  1.262556965773587E+00,
2461829.500000000, A.D. 2028-Feb-28 00:00:00.0000,  3.439788545109625E-04,  1.567650160546486E-04,  2.402992206835902E+01,  8.223863744020234E+01,  4.776732645061486E+01,  2.461829506997315E+06,  2.851124665579219E+02,  3.580049783457955E+02,  3.580036055426881E+02,  1.568189584603454E-04,  1.568729008660421E-04,  1.262659624625233E+00,
2461830.500000000, A.D. 2028-Feb-29 00:00:00.0000,  3.378824276425512E-04,  1.567560079000420E-04,  2.402975435776329E+01,  8.223895598667713E+01,  3.401112673435680E+01,  2.461830721234046E+06,  2.851396517352060E+02,  2.969174010319245E+02,  2.968828707139911E+02,  1.568089909025643E-04,  1.568619739050867E-04,  1.262539242820963E+00,
2461831.500000000, A.D. 2028-Mar-01 00:00:00.0000,  2.343089636655577E-04,  1.567775078944871E-04,  2.402963119445080E+01,  8.223937212657769E+01,  4.065024314355702E+01,  2.461832006954809E+06,  2.851253053161955E+02,  2.154543554005736E+02,  2.154387847590837E+02,  1.568142508790985E-04,  1.568509938637100E-04,  1.262602768985274E+00,
2461832.500000000, A.D. 2028-Mar-02 00:00:00.0000,  2.715532527528875E-04,  1.567741468519738E-04,  2.402949656308595E+01,  8.223967815577451E+01,  4.691518064326676E+01,  2.461832028842376E+06,  2.851185414315654E+02,  1.343357745678896E+02,  1.343580264338590E+02,  1.568167309453481E-04,  1.568593150387224E-04,  1.262632721788133E+00,
2461833.500000000, A.D. 2028-Mar-03 00:00:00.0000,  3.614134996739724E-04,  1.567515022945149E-04,  2.402939411603571E+01,  8.224007470688679E+01,  5.871773853263817E+01,  2.461833332715705E+06,  2.851418775028853E+02,  4.769975804879688E+01,  4.773039902053463E+01,  1.568081748857779E-04,  1.568648474770408E-04,  1.262529387660209E+00,
2461834.500000000, A.D. 2028-Mar-04 00:00:00.0000,  3.385345111385898E-04,  1.567634840863617E-04,  2.402923781812424E+01,  8.224046682961530E+01,  4.119290918388597E+01,  2.461834533683086E+06,  2.851189751664486E+02,  3.503963129848322E+02,  3.503898383291160E+02,  1.568165719078710E-04,  1.568696597293803E-04,  1.262630801018546E+00,
2461835.500000000, A.D. 2028-Mar-05 00:00:00.0000,  3.271880620449690E-04,  1.567629706636644E-04,  2.402915949974928E+01,  8.224073591092728E+01,  3.526713127773844E+01,  2.461835775437552E+06,  2.851252301928193E+02,  2.814658046776810E+02,  2.814290569307371E+02,  1.568142784235228E-04,  1.568655861833811E-04,  1.262603101649566E+00,
2461836.500000000, A.D. 2028-Mar-06 00:00:00.0000,  2.238150164510840E-04,  1.567745396488081E-04,  2.402900068248982E+01,  8.224112503857678E+01,  4.001028426246745E+01,  2.461837054476637E+06,  2.851378921875144E+02,  2.018977005250456E+02,  2.018881378285711E+02,  1.568096360000692E-04,  1.568447323513302E-04,  1.262547033781305E+00,
2461837.500000000, A.D. 2028-Mar-07 00:00:00.0000,  3.023644563611984E-04,  1.567700413063243E-04,  2.402895563838305E+01,  8.224148405559821E+01,  5.170599423201315E+01,  2.461837095387410E+06,  2.851165604091035E+02,  1.153617498036333E+02,  1.153930537845631E+02,  1.568174573315583E-04,  1.568648733567923E-04,  1.262641494704653E+00,
2461838.500000000, A.D. 2028-Mar-08 00:00:00.0000,  3.435197956301098E-04,  1.567584499913393E-04,  2.402888096627965E+01,  8.224175419590804E+01,  5.794421819652929E+01,  2.461838379799195E+06,  2.851305766968788E+02,  3.427292496684594E+01,  3.429510036932262E+01,  1.568123181268145E-04,  1.568661862622897E-04,  1.262579426487516E+00,
2461839.500000000, A.D. 2028-Mar-09 00:00:00.0000,  3.531946886487361E-04,  1.567546791207959E-04,  2.402874372417904E+01,  8.224217422738641E+01,  3.660572276958016E+01,  2.461839567364334E+06,  2.851367258828369E+02,  3.407919543416394E+02,  3.407786331583873E+02,  1.568100636023869E-04,  1.568654480839779E-04,  1.262552198021396E+00,
2461840.500000000, A.D. 2028-Mar-10 00:00:00.0000,  3.021536690630291E-04,  1.567716115429779E-04,  2.402875306365852E+01,  8.224256394040204E+01,  3.708241493445198E+01,  2.461840831572632E+06,  2.851123669697052E+02,  2.654645419271762E+02,  2.654300271229303E+02,  1.568189949776892E-04,  1.568663784124005E-04,  1.262660065665450E+00,
2461841.500000000, A.D. 2028-Mar-11 00:00:00.0000,  2.292700798716372E-04,  1.567733639081147E-04,  2.402860323741508E+01,  8.224285365869854E+01,  3.936606251455049E+01,  2.461842102019258E+06,  2.851387661190782E+02,  1.883409716696673E+02,  1.883371615745052E+02,  1.568093155924252E-04,  1.568452672767356E-04,  1.262543164157688E+00,
2461842.500000000, A.D. 2028-Mar-12 00:00:00.0000,  3.228950350330863E-04,  1.567628422426971E-04,  2.402859545960909E+01,  8.224332175365872E+01,  5.603981656044765E+01,  2.461842160359697E+06,  2.851274172377241E+02,  9.684076231797037E+01,  9.687749818512620E+01,  1.568134765356968E-04,  1.568641108286965E-04,  1.262593416962954E+00,
2461843.500000000, A.D. 2028-Mar-13 00:00:00.0000,  3.368545095493435E-04,  1.567651534504576E-04,  2.402857080579646E+01,  8.224355212516586E+01,  5.285271070009703E+01,  2.461843411704052E+06,  2.851151396397128E+02,  2.517451144533761E+01,  2.519093753700691E+01,  1.568179782936242E-04,  1.568708031367908E-04,  1.262647786627240E+00,
2461844.500000000, A.D. 2028-Mar-14 00:00:00.0000,  3.689808188114993E-04,  1.567487290839407E-04,  2.402846666271977E+01,  8.224390436393885E+01,  3.691110758498898E+01,  2.461844618238631E+06,  2.851462067750397E+02,  3.262847027892823E+02,  3.262612244111877E+02,  1.568065877070678E-04,  1.568644463301950E-04,  1.262510219131250E+00,
2461845.500000000, A.D. 2028-Mar-15 00:00:00.0000,  2.647874195673477E-04,  1.567765710312038E-04,  2.402850885445043E+01,  8.224445782271012E+01,  3.824497731176061E+01,  2.461845885390429E+06,  2.851148227507853E+02,  2.501194760841495E+02,  2.500909451860907E+02,  1.568180944897852E-04,  1.568596179483666E-04,  1.262649189988522E+00,
2461846.500000000, A.D. 2028-Mar-16 00:00:00.0000,  2.457213357749757E-04,  1.567748549675534E-04,  2.402844032694868E+01,  8.224466024342919E+01,  4.094191726925813E+01,  2.461845894766687E+06,  2.851276604475918E+02,  1.725687583891919E+02,  1.725723990790936E+02,  1.568133873625636E-04,  1.568519197575737E-04,  1.262592339988600E+00,
2461847.500000000, A.D. 2028-Mar-17 00:00:00.0000,  3.299592590725960E-04,  1.567576995510647E-04,  2.402844238844952E+01,  8.224519268989039E+01,  5.916172999857446E+01,  2.461847221108654E+06,  2.851384260315312E+02,  7.952263950363698E+01,  7.955982241439848E+01,  1.568094402777944E-04,  1.568611810045241E-04,  1.262544670005966E+00,
2461848.500000000, A.D. 2028-Mar-18 00:00:00.0000,  3.462160416198221E-04,  1.567645232820674E-04,  2.402845920648858E+01,  8.224547182132018E+01,  4.717284991193463E+01,  2.461848441526570E+06,  2.851128537818802E+02,  1.667152641394864E+01,  1.668291282768490E+01,  1.568188164719578E-04,  1.568731096618482E-04,  1.262657909753205E+00,
2461849.500000000, A.D. 2028-Mar-19 00:00:00.0000,  3.618390650561621E-04,  1.567534447670478E-04,  2.402842309650123E+01,  8.224578237686364E+01,  3.920419782610699E+01,  2.461849676091980E+06,  2.851363952639929E+02,  3.097897675026234E+02,  3.097578976603199E+02,  1.568101848177135E-04,  1.568669248683793E-04,  1.262553661964811E+00,
2461850.500000000, A.D. 2028-Mar-20 00:00:00.0000,  2.340676114485335E-04,  1.567755193511297E-04,  2.402843893671624E+01,  8.224636950146088E+01,  3.573219185521486E+01,  2.461850926322639E+06,  2.851308333843394E+02,  2.384422705730522E+02,  2.384194185435683E+02,  1.568122240138506E-04,  1.568489286765714E-04,  1.262578289857349E+00,
2461851.500000000, A.D. 2028-Mar-21 00:00:00.0000,  2.699505002740170E-04,  1.567752212007882E-04,  2.402847931063216E+01,  8.224661124890804E+01,  4.515415528439857E+01,  2.461850959275679E+06,  2.851162962883155E+02,  1.541693158247912E+02,  1.541827901053084E+02,  1.568175541779903E-04,  1.568598871551924E-04,  1.262642664367247E+00,
2461852.500000000, A.D. 2028-Mar-22 00:00:00.0000,  3.271293946608496E-04,  1.567583242305456E-04,  2.402850013854694E+01,  8.224711974801156E+01,  6.018229396997744E+01,  2.461852274491556E+06,  2.851379323726936E+02,  6.430101137917201E+01,  6.433479566892426E+01,  1.568096212670277E-04,  1.568609183035099E-04,  1.262546855847495E+00,
2461853.500000000, A.D. 2028-Mar-23 00:00:00.0000,  3.607070272224764E-04,  1.567577096698263E-04,  2.402853484766343E+01,  8.224745555288295E+01,  4.345350979797536E+01,  2.461853478238885E+06,  2.851252431292298E+02,  6.204643222602782E+00,  6.209112599279931E+00,  1.568142736803115E-04,  1.568708376907968E-04,  1.262603044364031E+00,
2461854.500000000, A.D. 2028-Mar-24 00:00:00.0000,  3.314944961695027E-04,  1.567645467744389E-04,  2.402857972010972E+01,  8.224785826663640E+01,  3.964247162813611E+01,  2.461854727414825E+06,  2.851190878473954E+02,  2.951596924161284E+02,  2.951253038036451E+02,  1.568165305912383E-04,  1.568685144080377E-04,  1.262630302018514E+00,
2461855.500000000, A.D. 2028-Mar-25 00:00:00.0000,  2.333803617423137E-04,  1.567715263674994E-04,  2.402858030472954E+01,  8.224832326485050E+01,  3.122397536002556E+01,  2.461855960297889E+06,  2.851420209264816E+02,  2.287497296894390E+02,  2.287296268724611E+02,  1.568081223038068E-04,  1.568447182401141E-04,  1.262528752620502E+00,
2461856.500000000, A.D. 2028-Mar-26 00:00:00.0000,  2.963927709802515E-04,  1.567703820667922E-04,  2.402867811234076E+01,  8.224876351326442E+01,  5.163373907644139E+01,  2.461856031750176E+06,  2.851181855111990E+02,  1.335065400893741E+02,  1.335311678329000E+02,  1.568168614508941E-04,  1.568633408349960E-04,  1.262634297965044E+00,
2461857.500000000, A.D. 2028-Mar-27 00:00:00.0000,  3.235661647543106E-04,  1.567634421588913E-04,  2.402874912942099E+01,  8.224921122599196E+01,  5.853034627881140E+01,  2.461857318480231E+06,  2.851254933858511E+02,  5.175591364612595E+01,  5.178504124927264E+01,  1.568141819223150E-04,  1.568649216857387E-04,  1.262601936168590E+00,
2461858.500000000, A.D. 2028-Mar-28 00:00:00.0000,  3.720286648638237E-04,  1.567507268320008E-04,  2.402879098193079E+01,  8.224955787544933E+01,  4.214280093613954E+01,  2.461858523428350E+06,  2.851394515409435E+02,  3.533196532082129E+02,  3.533146916097346E+02,  1.568090642988305E-04,  1.568674017656601E-04,  1.262540129240261E+00,
2461859.500000000, A.D. 2028-Mar-29 00:00:00.0000,  2.971469631583195E-04,  1.567722588675133E-04,  2.402889142692818E+01,  8.225015570493274E+01,  3.726868026171609E+01,  2.461859768841792E+06,  2.851127429429220E+02,  2.833497792839828E+02,  2.833166460023726E+02,  1.568188571146709E-04,  1.568654553618284E-04,  1.262658400617576E+00,
2461860.500000000, A.D. 2028-Mar-30 00:00:00.0000,  2.537674584090275E-04,  1.567706991370730E-04,  2.402894448324282E+01,  8.225047714404052E+01,  3.193791296437275E+01,  2.461861012620832E+06,  2.851355559516620E+02,  2.138335740665443E+02,  2.138173873158725E+02,  1.568104925372161E-04,  1.568502859373591E-04,  1.262557378361573E+00,
2461861.500000000, A.D. 2028-Mar-31 00:00:00.0000,  3.088822048240287E-04,  1.567629784962879E-04,  2.402902634901259E+01,  8.225114141916822E+01,  5.853987543867390E+01,  2.461861105761594E+06,  2.851330406138561E+02,  1.124103954799053E+02,  1.124431127925766E+02,  1.568114147518180E-04,  1.568598510073481E-04,  1.262568516173940E+00,
2461862.500000000, A.D. 2028-Apr-01 00:00:00.0000,  3.262256058776141E-04,  1.567677390751778E-04,  2.402916873537326E+01,  8.225157907878646E+01,  5.424593481591637E+01,  2.461862353207196E+06,  2.851126330377685E+02,  4.185248284169007E+01,  4.187743271954087E+01,  1.568188974150001E-04,  1.568700557548223E-04,  1.262658887346851E+00,
2461863.500000000, A.D. 2028-Apr-02 00:00:00.0000,  3.729367631128203E-04,  1.567495323627622E-04,  2.402922845430034E+01,  8.225190882843157E+01,  4.236078944137380E+01,  2.461863573998739E+06,  2.851423222433725E+02,  3.388998276861433E+02,  3.388844362631409E+02,  1.568080118351261E-04,  1.568664913074901E-04,  1.262527418475380E+00,
2461864.500000000, A.D. 2028-Apr-03 00:00:00.0000,  2.735194979823065E-04,  1.567727517132877E-04,  2.402934802537785E+01,  8.225266418625428E+01,  3.347220725709399E+01,  2.461864805271982E+06,  2.851215062352129E+02,  2.729603926878818E+02,  2.729290909390839E+02,  1.568156438494692E-04,  1.568585359856506E-04,  1.262619592444968E+00,
2461865.500000000, A.D. 2028-Apr-04 00:00:00.0000,  2.697850901761686E-04,  1.567736496235061E-04,  2.402949731318215E+01,  8.225295695477574E+01,  3.837699216689836E+01,  2.461866085010780E+06,  2.851206542829087E+02,  1.932013438166570E+02,  1.931942859393863E+02,  1.568159562303988E-04,  1.568582628372915E-04,  1.262623365204517E+00,
2461866.500000000, A.D. 2028-Apr-05 00:00:00.0000,  2.989333209053058E-04,  1.567606366245853E-04,  2.402955380556706E+01,  8.225371495322793E+01,  6.260779302140933E+01,  2.461866169845644E+06,  2.851436866624438E+02,  9.414143024778781E+01,  9.417559511259648E+01,  1.568075116147752E-04,  1.568543866049651E-04,  1.262521377252767E+00,
2461867.500000000, A.D. 2028-Apr-06 00:00:00.0000,  3.430199568648192E-04,  1.567647584142072E-04,  2.402975288193526E+01,  8.225422508864632E+01,  4.867373295621577E+01,  2.461867383409095E+06,  2.851135796577950E+02,  3.324165037133523E+01,  3.326320517696463E+01,  1.568185503065690E-04,  1.568723421989308E-04,  1.262654695129172E+00,
2461868.500000000, A.D. 2028-Apr-07 00:00:00.0000,  3.610840277206115E-04,  1.567554117520168E-04,  2.402984715923725E+01,  8.225460235641560E+01,  4.250243311459346E+01,  2.461868624296625E+06,  2.851313514381233E+02,  3.245591353354804E+02,  3.245351334386295E+02,  1.568120340728749E-04,  1.568686563937330E-04,  1.262575995884914E+00,
2461869.500000000, A.D. 2028-Apr-08 00:00:00.0000,  2.656596542853640E-04,  1.567692439438981E-04,  2.402996883130279E+01,  8.225537451234852E+01,  3.012844296895349E+01,  2.461869843314569E+06,  2.851344383911811E+02,  2.621091930511990E+02,  2.620790403166004E+02,  1.568109022739844E-04,  1.568525606040707E-04,  1.262562326849167E+00,
2461870.500000000, A.D. 2028-Apr-09 00:00:00.0000,  2.757344191672074E-04,  1.567747094173638E-04,  2.403018494760106E+01,  8.225577380943177E+01,  4.650264947299689E+01,  2.461869900625422E+06,  2.851152181011313E+02,  1.708908135757850E+02,  1.708958141708137E+02,  1.568179495235907E-04,  1.568611896298176E-04,  1.262647439156709E+00,
2461871.500000000, A.D. 2028-Apr-10 00:00:00.0000,  2.860412640686539E-04,  1.567653617057049E-04,  2.403027107663858E+01,  8.225650701605184E+01,  6.128449437016950E+01,  2.461871215009012E+06,  2.851363104913624E+02,  8.126127871858185E+01,  8.129367788676042E+01,  1.568102158980792E-04,  1.568550700904535E-04,  1.262554037329123E+00,
2461872.500000000, A.D. 2028-Apr-11 00:00:00.0000,  3.713903700449092E-04,  1.567543762859520E-04,  2.403048889317509E+01,  8.225708949841342E+01,  4.566352678161007E+01,  2.461872422622181E+06,  2.851297670472712E+02,  2.206271947874115E+01,  2.207871212702260E+01,  1.568126149810576E-04,  1.568708536761631E-04,  1.262583011686452E+00,
2461873.500000000, A.D. 2028-Apr-12 00:00:00.0000,  3.372906191320761E-04,  1.567644683215324E-04,  2.403061990222283E+01,  8.225766748914261E+01,  4.146751766596262E+01,  2.461873670442474E+06,  2.851168221813314E+02,  3.114039833880382E+02,  3.113749847941635E+02,  1.568173613464316E-04,  1.568702543713308E-04,  1.262640335444829E+00,
2461874.500000000, A.D. 2028-Apr-13 00:00:00.0000,  2.701060740898867E-04,  1.567670705497573E-04,  2.403076456470114E+01,  8.225834413486453E+01,  2.937131431923560E+01,  2.461874890460675E+06,  2.851384657166874E+02,  2.486646421250026E+02,  2.486358150197382E+02,  1.568094257281211E-04,  1.568517809064848E-04,  1.262544494286838E+00,
2461875.500000000, A.D. 2028-Apr-14 00:00:00.0000,  2.761531660475890E-04,  1.567712852501052E-04,  2.403097301474073E+01,  8.225892430161191E+01,  5.341617404453984E+01,  2.461874974647402E+06,  2.851243801551345E+02,  1.497908339715132E+02,  1.498067515745678E+02,  1.568145900956425E-04,  1.568578949411799E-04,  1.262606865832119E+00,
2461876.500000000, A.D. 2028-Apr-15 00:00:00.0000,  2.962409795518932E-04,  1.567701203544564E-04,  2.403113799607521E+01,  8.225964809962697E+01,  5.665332143387842E+01,  2.461876248533841E+06,  2.851189644139122E+02,  7.169777076861315E+01,  7.173000397717271E+01,  1.568165758504964E-04,  1.568630313465363E-04,  1.262630848635454E+00,
2461877.500000000, A.D. 2028-Apr-16 00:00:00.0000,  3.881232405554578E-04,  1.567463921262136E-04,  2.403134810690175E+01,  8.226021141750560E+01,  4.671737086865571E+01,  2.461877476123989E+06,  2.851443929867539E+02,  6.808110730247153E+00,  6.813385615987143E+00,  1.568072526652607E-04,  1.568681132043077E-04,  1.262518249891463E+00,
2461878.500000000, A.D. 2028-Apr-17 00:00:00.0000,  3.055477083104134E-04,  1.567705494259355E-04,  2.403149631165403E+01,  8.226108141470954E+01,  3.796070019799445E+01,  2.461878707893920E+06,  2.851138124436013E+02,  3.007265718373223E+02,  3.006964680880595E+02,  1.568184649485212E-04,  1.568663804711070E-04,  1.262653664214223E+00,
2461879.500000000, A.D. 2028-Apr-18 00:00:00.0000,  2.766371030525309E-04,  1.567692291282856E-04,  2.403171599271989E+01,  8.226166720632608E+01,  3.184708418688350E+01,  2.461879948956903E+06,  2.851297825030689E+02,  2.319890160594670E+02,  2.319640449605987E+02,  1.568126093142484E-04,  1.568559895002112E-04,  1.262582943246643E+00,
2461880.500000000, A.D. 2028-Apr-19 00:00:00.0000,  2.717563012042387E-04,  1.567671099007133E-04,  2.403186628659370E+01,  8.226242145999424E+01,  5.785684430357828E+01,  2.461880040030441E+06,  2.851376523505025E+02,  1.311546401480737E+02,  1.311780820749521E+02,  1.568097239312817E-04,  1.568523379618501E-04,  1.262548095743854E+00,
2461881.500000000, A.D. 2028-Apr-20 00:00:00.0000,  3.252211961270424E-04,  1.567685994742233E-04,  2.403211540638152E+01,  8.226322119810604E+01,  5.317124837117451E+01,  2.461881286068247E+06,  2.851107155408968E+02,  6.099423529754456E+01,  6.102683488467925E+01,  1.568196005322846E-04,  1.568706015903459E-04,  1.262667379291680E+00,
2461882.500000000, A.D. 2028-Apr-21 00:00:00.0000,  3.778584158366624E-04,  1.567492284365595E-04,  2.403232031836513E+01,  8.226373627001171E+01,  4.857866206620410E+01,  2.461882532468534E+06,  2.851410457053188E+02,  3.507418884225947E+02,  3.507349190692660E+02,  1.568084798403418E-04,  1.568677312441240E-04,  1.262533070640573E+00,
2461883.500000000, A.D. 2028-Apr-22 00:00:00.0000,  2.863835698313407E-04,  1.567689191256216E-04,  2.403246183737089E+01,  8.226480611810400E+01,  3.157547558911336E+01,  2.461883735254325E+06,  2.851264585806055E+02,  2.929227675327670E+02,  2.928925377258373E+02,  1.568138280294915E-04,  1.568587369333615E-04,  1.262597662076414E+00,
2461884.500000000, A.D. 2028-Apr-23 00:00:00.0000,  2.797079106182006E-04,  1.567733615106758E-04,  2.403278390219578E+01,  8.226541299622887E+01,  3.720941248169373E+01,  2.461885017558353E+06,  2.851171953130690E+02,  2.124352140430887E+02,  2.124180280762787E+02,  1.568172245288977E-04,  1.568610875471196E-04,  1.262638683032453E+00,
2461885.500000000, A.D. 2028-Apr-24 00:00:00.0000,  2.662300907421523E-04,  1.567665938457138E-04,  2.403288861337841E+01,  8.226627276268481E+01,  5.922402123108949E+01,  2.461885094641104E+06,  2.851414245585650E+02,  1.155846129942092E+02,  1.156121254335755E+02,  1.568083409445526E-04,  1.568500880433914E-04,  1.262531393175599E+00,
2461886.500000000, A.D. 2028-Apr-25 00:00:00.0000,  3.536097848469795E-04,  1.567611087533518E-04,  2.403319539368273E+01,  8.226717461492534E+01,  5.165064141477716E+01,  2.461886330496456E+06,  2.851190059414739E+02,  4.832868211175846E+01,  4.835895879710863E+01,  1.568165606236144E-04,  1.568720124938769E-04,  1.262630664733367E+00,
2461887.500000000, A.D. 2028-Apr-26 00:00:00.0000,  3.507035216630927E-04,  1.567594308672519E-04,  2.403340311397838E+01,  8.226774746146677E+01,  4.715680997246562E+01,  2.461887577276998E+06,  2.851248270489497E+02,  3.379664092516740E+02,  3.379513267167387E+02,  1.568144262387814E-04,  1.568694216103109E-04,  1.262604886870114E+00,
2461888.500000000, A.D. 2028-Apr-27 00:00:00.0000,  2.957879537101154E-04,  1.567624440038016E-04,  2.403355177737279E+01,  8.226883991822795E+01,  2.710719188675173E+01,  2.461888769374155E+06,  2.851401010694304E+02,  2.831906262946648E+02,  2.831576229812923E+02,  1.568088261656168E-04,  1.568552083274320E-04,  1.262537253265340E+00,
2461889.500000000, A.D. 2028-Apr-28 00:00:00.0000,  2.769622422001758E-04,  1.567745057850909E-04,  2.403391662257902E+01,  8.226959442922033E+01,  4.516775345908493E+01,  2.461890095227703E+06,  2.851152483474894E+02,  1.902915055638722E+02,  1.902858373826074E+02,  1.568179384329365E-04,  1.568613710807821E-04,  1.262647305209167E+00,
2461890.500000000, A.D. 2028-Apr-29 00:00:00.0000,  2.685017049414032E-04,  1.567699681764918E-04,  2.403403519066360E+01,  8.227050560060846E+01,  5.819237461340093E+01,  2.461890140815996E+06,  2.851312466701497E+02,  1.024145829249333E+02,  1.024446293539383E+02,  1.568120724853095E-04,  1.568541767941272E-04,  1.262576459802953E+00,
2461891.500000000, A.D. 2028-Apr-30 00:00:00.0000,  3.708389288158371E-04,  1.567528176409325E-04,  2.403436486251933E+01,  8.227144466347485E+01,  5.158371329194193E+01,  2.461891380054314E+06,  2.851342557066011E+02,  3.420062399558171E+01,  3.422451927804286E+01,  1.568109692527968E-04,  1.568691208646612E-04,  1.262563135768698E+00,
2461892.500000000, A.D. 2028-May-01 00:00:00.0000,  3.281331561247801E-04,  1.567667181832759E-04,  2.403455978015069E+01,  8.227221589265545E+01,  4.198457151431352E+01,  2.461892608900549E+06,  2.851146020224358E+02,  3.289508632727174E+02,  3.289314627260942E+02,  1.568181754261162E-04,  1.568696326689565E-04,  1.262650167498862E+00,
2461893.500000000, A.D. 2028-May-02 00:00:00.0000,  3.122075249523581E-04,  1.567607171093903E-04,  2.403477359893063E+01,  8.227324594087865E+01,  2.848705771698437E+01,  2.461893824035506E+06,  2.851377878050874E+02,  2.676052326230212E+02,  2.675694881064558E+02,  1.568096742696826E-04,  1.568586314299750E-04,  1.262547495970918E+00,
2461894.500000000, A.D. 2028-May-03 00:00:00.0000,  2.637685890459453E-04,  1.567716278982885E-04,  2.403507060569086E+01,  8.227417008193807E+01,  5.309486302373281E+01,  2.461893910179022E+06,  2.851287435611529E+02,  1.681749143088000E+02,  1.681811062907812E+02,  1.568129902394679E-04,  1.568543525806475E-04,  1.262587543801206E+00,
2461895.500000000, A.D. 2028-May-04 00:00:00.0000,  2.842189024807534E-04,  1.567731432380475E-04,  2.403526330861751E+01,  8.227517165573536E+01,  5.591857781238370E+01,  2.461895182602276E+06,  2.851158609754876E+02,  9.049512538580424E+01,  9.052769315513629E+01,  1.568177137965523E-04,  1.568622843550571E-04,  1.262644592160906E+00,
2461896.500000000, A.D. 2028-May-05 00:00:00.0000,  3.728732064675442E-04,  1.567497217350733E-04,  2.403559157452792E+01,  8.227606110325601E+01,  5.208687871899062E+01,  2.461896431633001E+06,  2.851418327088862E+02,  1.949429144218708E+01,  1.950855663686414E+01,  1.568081913081667E-04,  1.568666608812601E-04,  1.262529585995682E+00,
2461897.500000000, A.D. 2028-May-06 00:00:00.0000,  3.198264480550929E-04,  1.567661669996284E-04,  2.403575147084164E+01,  8.227708567702427E+01,  3.603312869771805E+01,  2.461897637783492E+06,  2.851196594391294E+02,  3.207152175199429E+02,  3.206920048350540E+02,  1.568163210065730E-04,  1.568664750135176E-04,  1.262627770768844E+00,
2461898.500000000, A.D. 2028-May-07 00:00:00.0000,  3.087971311823933E-04,  1.567667489021888E-04,  2.403607486749106E+01,  8.227811031674297E+01,  3.358548223931903E+01,  2.461898891732841E+06,  2.851227904453855E+02,  2.483080391934294E+02,  2.482751641879745E+02,  1.568151729777302E-04,  1.568635970532715E-04,  1.262613905530491E+00,
2461899.500000000, A.D. 2028-May-08 00:00:00.0000,  2.425601304960913E-04,  1.567694710222581E-04,  2.403625506017208E+01,  8.227910923557872E+01,  5.632090171411181E+01,  2.461898971326673E+06,  2.851437012371707E+02,  1.507478692629234E+02,  1.507614479678222E+02,  1.568075062714421E-04,  1.568455415206260E-04,  1.262521312720728E+00,
2461900.500000000, A.D. 2028-May-09 00:00:00.0000,  3.155752385138888E-04,  1.567701149279511E-04,  2.403653762657981E+01,  8.228030530967372E+01,  5.372109398392374E+01,  2.461900224645901E+06,  2.851107079611765E+02,  7.850640217337201E+01,  7.854184205264434E+01,  1.568196033116698E-04,  1.568690916953885E-04,  1.262667412859924E+00,
2461901.500000000, A.D. 2028-May-10 00:00:00.0000,  3.626226263218515E-04,  1.567537272247460E-04,  2.403685375539448E+01,  8.228112302564443E+01,  5.162495764813119E+01,  2.461901479824139E+06,  2.851352893217316E+02,  5.752849936323789E+00,  5.757017035952415E+00,  1.568105902928331E-04,  1.568674533609201E-04,  1.262558558978629E+00,
2461902.500000000, A.D. 2028-May-11 00:00:00.0000,  3.238454377814453E-04,  1.567609101786270E-04,  2.403698418224033E+01,  8.228234009733541E+01,  3.185248710567078E+01,  2.461902672899956E+06,  2.851322818909584E+02,  3.107006408442731E+02,  3.106724993573987E+02,  1.568116929299732E-04,  1.568624756813193E-04,  1.262571875806306E+00,
2461903.500000000, A.D. 2028-May-12 00:00:00.0000,  2.872007979799986E-04,  1.567735769178643E-04,  2.403739635226113E+01,  8.228344742313227E+01,  3.939506776663598E+01,  2.461903961888472E+06,  2.851134022754160E+02,  2.283094063561039E+02,  2.282848361793873E+02,  1.568186153493308E-04,  1.568636537807972E-04,  1.262655480685698E+00,
2461904.500000000, A.D. 2028-May-13 00:00:00.0000,  2.343053045113016E-04,  1.567713350505621E-04,  2.403751215376164E+01,  8.228444820278601E+01,  5.375488687751988E+01,  2.461904012149818E+06,  2.851421471860145E+02,  1.391066484798013E+02,  1.391242216384532E+02,  1.568080760145625E-04,  1.568448169785630E-04,  1.262528193579013E+00,
2461905.500000000, A.D. 2028-May-14 00:00:00.0000,  3.523070240787684E-04,  1.567599598689913E-04,  2.403785034358481E+01,  8.228586265604638E+01,  5.384259220621006E+01,  2.461905274848599E+06,  2.851226977435830E+02,  6.419577505037779E+01,  6.423212786016296E+01,  1.568152069678884E-04,  1.568704540667855E-04,  1.262614316043529E+00,
2461906.500000000, A.D. 2028-May-15 00:00:00.0000,  3.460903518952796E-04,  1.567614365377087E-04,  2.403813891365128E+01,  8.228669583958907E+01,  4.909595170786450E+01,  2.461906520741602E+06,  2.851213287099737E+02,  3.540861267644174E+02,  3.540820388009514E+02,  1.568157089415989E-04,  1.568699813454892E-04,  1.262620378590453E+00,
2461907.500000000, A.D. 2028-May-16 00:00:00.0000,  3.320503204896768E-04,  1.567572673416810E-04,  2.403827926341207E+01,  8.228800264541773E+01,  3.063448579544221E+01,  2.461907718437383E+06,  2.851387106416864E+02,  2.977150462085546E+02,  2.976813549803323E+02,  1.568093359319330E-04,  1.568614045221850E-04,  1.262543409801647E+00,
2461908.500000000, A.D. 2028-May-17 00:00:00.0000,  2.628698742993881E-04,  1.567750892739657E-04,  2.403869831202188E+01,  8.228919494673188E+01,  4.426814589851983E+01,  2.461909028729900E+06,  2.851196852076840E+02,  2.092486974100801E+02,  2.092339836503723E+02,  1.568163115580730E-04,  1.568575338421804E-04,  1.262627656655037E+00,
2461909.500000000, A.D. 2028-May-18 00:00:00.0000,  2.539847802122819E-04,  1.567743506798540E-04,  2.403883114678634E+01,  8.229025142090596E+01,  5.165001895794909E+01,  2.461909054545877E+06,  2.851255010978603E+02,  1.270103300601582E+02,  1.270335663572033E+02,  1.568141790946656E-04,  1.568540075094772E-04,  1.262601902018022E+00,
2461910.500000000, A.D. 2028-May-19 00:00:00.0000,  3.696424170191582E-04,  1.567510332988544E-04,  2.403918648963097E+01,  8.229173770016217E+01,  5.634708877383651E+01,  2.461910333447017E+06,  2.851396363167628E+02,  4.749085699907327E+01,  4.752209170270884E+01,  1.568089965553514E-04,  1.568669598118485E-04,  1.262539311090635E+00,
2461911.500000000, A.D. 2028-May-20 00:00:00.0000,  3.302424325530184E-04,  1.567663719950923E-04,  2.403941996196777E+01,  8.229272953843576E+01,  4.365341236952992E+01,  2.461911551416179E+06,  2.851146440766843E+02,  3.453404945170365E+02,  3.453309136031356E+02,  1.568181600057211E-04,  1.568699480163499E-04,  1.262649981258678E+00,
2461912.500000000, A.D. 2028-May-21 00:00:00.0000,  3.331823081384736E-04,  1.567594748473443E-04,  2.403962774717179E+01,  8.229409263631914E+01,  3.192711085362540E+01,  2.461912772792670E+06,  2.851322033160797E+02,  2.822180247757585E+02,  2.821807064075651E+02,  1.568117217387364E-04,  1.568639686301285E-04,  1.262572223737655E+00,
2461913.500000000, A.D. 2028-May-22 00:00:00.0000,  2.438062079691831E-04,  1.567726892266313E-04,  2.403996469836861E+01,  8.229529936742854E+01,  4.707541839076097E+01,  2.461914088333466E+06,  2.851343881272142E+02,  1.922458972859990E+02,  1.922399731572498E+02,  1.568109207025760E-04,  1.568491521785206E-04,  1.262562549415766E+00,
2461914.500000000, A.D. 2028-May-23 00:00:00.0000,  2.873613274240939E-04,  1.567739752324267E-04,  2.404015073478205E+01,  8.229654688397883E+01,  5.334433997832433E+01,  2.461914110240573E+06,  2.851122470245085E+02,  1.111251859498260E+02,  1.111558981556969E+02,  1.568190389596275E-04,  1.568641026868283E-04,  1.262660596859784E+00,
2461915.500000000, A.D. 2028-May-24 00:00:00.0000,  3.578769033904666E-04,  1.567518697472084E-04,  2.404051175539572E+01,  8.229791928515945E+01,  5.806309692208828E+01,  2.461915389293897E+06,  2.851423880633030E+02,  3.156700271681028E+01,  3.158847927271067E+01,  1.568079877042749E-04,  1.568641056613414E-04,  1.262527127043904E+00,
2461916.500000000, A.D. 2028-May-25 00:00:00.0000,  3.311973819915933E-04,  1.567628987941718E-04,  2.404066932272193E+01,  8.229913134856724E+01,  3.651440466686866E+01,  2.461916576143529E+06,  2.851237109724466E+02,  3.382896745465015E+02,  3.382756300043375E+02,  1.568148354571325E-04,  1.568667721200933E-04,  1.262609829158646E+00,
2461917.500000000, A.D. 2028-May-26 00:00:00.0000,  3.221136405980456E-04,  1.567662106268382E-04,  2.404098800477739E+01,  8.230061522220392E+01,  3.482216751549506E+01,  2.461917832753289E+06,  2.851185619208710E+02,  2.651258608938790E+02,  2.650890841316203E+02,  1.568167234325298E-04,  1.568672362382212E-04,  1.262632631052309E+00,
2461918.500000000, A.D. 2028-May-27 00:00:00.0000,  2.346922719515021E-04,  1.567709589037709E-04,  2.404120992178566E+01,  8.230177228299073E+01,  4.742833440861578E+01,  2.461917876844424E+06,  2.851430078654971E+02,  1.776884551716535E+02,  1.776895395628915E+02,  1.568077604733361E-04,  1.568445620429012E-04,  1.262524382746966E+00,
2461919.500000000, A.D. 2028-May-28 00:00:00.0000,  3.170289719854062E-04,  1.567683348054555E-04,  2.404144103196326E+01,  8.230330562550476E+01,  5.630745890422630E+01,  2.461919170399677E+06,  2.851149422532519E+02,  9.397397717081292E+01,  9.401021766924745E+01,  1.568180506708485E-04,  1.568677665362414E-04,  1.262648660764443E+00,
2461920.500000000, A.D. 2028-May-29 00:00:00.0000,  3.366692100021513E-04,  1.567600687894784E-04,  2.404180327148692E+01,  8.230452602052030E+01,  5.544222157496261E+01,  2.461920429909974E+06,  2.851290909988323E+02,  1.998470544219499E+01,  1.999789592985854E+01,  1.568128628521330E-04,  1.568656569147877E-04,  1.262586005303381E+00,
2461921.500000000, A.D. 2028-May-30 00:00:00.0000,  3.525160768774053E-04,  1.567540420211054E-04,  2.404189604688166E+01,  8.230590371774618E+01,  3.277499071540723E+01,  2.461921612827376E+06,  2.851387545680344E+02,  3.278285426535190E+02,  3.278070259270493E+02,  1.568093198273488E-04,  1.568645976335921E-04,  1.262543215303634E+00,
2461922.500000000, A.D. 2028-May-31 00:00:00.0000,  2.970619903028714E-04,  1.567724959533823E-04,  2.404230343478148E+01,  8.230755719253412E+01,  3.896620408122768E+01,  2.461922897062515E+06,  2.851121325333603E+02,  2.467926594951092E+02,  2.467613776931821E+02,  1.568190809416843E-04,  1.568656659299863E-04,  1.262661103900506E+00,
2461923.500000000, A.D. 2028-Jun-01 00:00:00.0000,  2.385921500234173E-04,  1.567724435551373E-04,  2.404245011053380E+01,  8.230866442338356E+01,  4.724322704154179E+01,  2.461922926005265E+06,  2.851372889734340E+02,  1.636673026452897E+02,  1.636749890288886E+02,  1.568098571561010E-04,  1.568472707570647E-04,  1.262549704726767E+00,
2461924.500000000, A.D. 2028-Jun-02 00:00:00.0000,  3.347733500855605E-04,  1.567605335217650E-04,  2.404271001877022E+01,  8.231044530628864E+01,  5.885506362640527E+01,  2.461924229135514E+06,  2.851286341762719E+02,  7.723122087767871E+01,  7.726863783596036E+01,  1.568130303452708E-04,  1.568655271687765E-04,  1.262588028172019E+00,
2461925.500000000, A.D. 2028-Jun-03 00:00:00.0000,  3.307672230897376E-04,  1.567655846326064E-04,  2.404304656424661E+01,  8.231160875159635E+01,  4.909384883245211E+01,  2.461925457420416E+06,  2.851165675678415E+02,  1.214014487932008E+01,  1.214811926785311E+01,  1.568174547066317E-04,  1.568693247806570E-04,  1.262641463002112E+00,
2461926.500000000, A.D. 2028-Jun-04 00:00:00.0000,  3.686291205393544E-04,  1.567507259640394E-04,  2.404313158973705E+01,  8.231310471848417E+01,  3.406281240783998E+01,  2.461926667173242E+06,  2.851409084679503E+02,  3.123320698609358E+02,  3.123008327488386E+02,  1.568085301546034E-04,  1.568663343451674E-04,  1.262533678293530E+00,
2461927.500000000, A.D. 2028-Jun-05 00:00:00.0000,  2.618043493934037E-04,  1.567743053848306E-04,  2.404353218702715E+01,  8.231483756342277E+01,  4.244235817988083E+01,  2.461927959008109E+06,  2.851222794825822E+02,  2.291265616272722E+02,  2.291038813474987E+02,  1.568153603282162E-04,  1.568564152716018E-04,  1.262616168239466E+00,
2461928.500000000, A.D. 2028-Jun-06 00:00:00.0000,  2.539941266905809E-04,  1.567756567203646E-04,  2.404367079317365E+01,  8.231600002004787E+01,  4.856720399625536E+01,  2.461927980418926E+06,  2.851219341929340E+02,  1.481439607712143E+02,  1.481593181719487E+02,  1.568154869330197E-04,  1.568553171456748E-04,  1.262617697298581E+00,
2461929.500000000, A.D. 2028-Jun-07 00:00:00.0000,  3.373562070188358E-04,  1.567563048681202E-04,  2.404395357804682E+01,  8.231786870765782E+01,  6.028711806065708E+01,  2.461929283983164E+06,  2.851390666033889E+02,  6.159483891501417E+01,  6.162884968654109E+01,  1.568092054268887E-04,  1.568621059856571E-04,  1.262541833668615E+00,
2461930.500000000, A.D. 2028-Jun-08 00:00:00.0000,  3.416904338695642E-04,  1.567632335213037E-04,  2.404421847647658E+01,  8.231907664312897E+01,  4.304597514313045E+01,  2.461930485975079E+06,  2.851183085740973E+02,  3.998761715794382E+00,  4.001493339021105E+00,  1.568168163273126E-04,  1.568703991333216E-04,  1.262633752986235E+00,
2461931.500000000, A.D. 2028-Jun-09 00:00:00.0000,  3.578449354972432E-04,  1.567575963242246E-04,  2.404436490148180E+01,  8.232073221312412E+01,  3.687020278087532E+01,  2.461931726846794E+06,  2.851267769003092E+02,  2.953199047901297E+02,  2.952828309735575E+02,  1.568137113166358E-04,  1.568698263090470E-04,  1.262596252493918E+00,
2461932.500000000, A.D. 2028-Jun-10 00:00:00.0000,  2.349798641632635E-04,  1.567719817132198E-04,  2.404467503271387E+01,  8.232235485187826E+01,  4.154939472898267E+01,  2.461933005649200E+06,  2.851400943463191E+02,  2.158191393466995E+02,  2.158033848197324E+02,  1.568088286304710E-04,  1.568456755477223E-04,  1.262537283033789E+00,
2461933.500000000, A.D. 2028-Jun-11 00:00:00.0000,  2.804609505565723E-04,  1.567752582304139E-04,  2.404483447304066E+01,  8.232377047400044E+01,  5.192996551112405E+01,  2.461933041967426E+06,  2.851116990221573E+02,  1.305904453576933E+02,  1.306148450874090E+02,  1.568192399035028E-04,  1.568632215765917E-04,  1.262663023771686E+00,
2461934.500000000, A.D. 2028-Jun-12 00:00:00.0000,  3.302943286479586E-04,  1.567583159469990E-04,  2.404514426906320E+01,  8.232555512939520E+01,  5.962894361566607E+01,  2.461934331498257E+06,  2.851366008678160E+02,  4.804601427745355E+01,  4.807416962316423E+01,  1.568101094368206E-04,  1.568619029266422E-04,  1.262552751573585E+00,
2461935.500000000, A.D. 2028-Jun-13 00:00:00.0000,  3.589095655017619E-04,  1.567559817743500E-04,  2.404530708160898E+01,  8.232685690402612E+01,  3.947157213011419E+01,  2.461935523225703E+06,  2.851307265184258E+02,  3.533776384656925E+02,  3.533728932703795E+02,  1.568122631955988E-04,  1.568685446168477E-04,  1.262578763066898E+00,
2461936.500000000, A.D. 2028-Jun-14 00:00:00.0000,  3.256354620530079E-04,  1.567677236049872E-04,  2.404554019366427E+01,  8.232873924544053E+01,  3.817648547466861E+01,  2.461936781224100E+06,  2.851129277097266E+02,  2.798193733914479E+02,  2.797826024211823E+02,  1.568187893639203E-04,  1.568698551228534E-04,  1.262657582354581E+00,
2461937.500000000, A.D. 2028-Jun-15 00:00:00.0000,  2.358650044918921E-04,  1.567698365008244E-04,  2.404575969144632E+01,  8.233013553180183E+01,  3.817999122676579E+01,  2.461938043655443E+06,  2.851455684006895E+02,  2.049790597506336E+02,  2.049676491687131E+02,  1.568068217425390E-04,  1.568438069842537E-04,  1.262513045596852E+00,
2461938.500000000, A.D. 2028-Jun-16 00:00:00.0000,  3.091939039743274E-04,  1.567684338129904E-04,  2.404591384261738E+01,  8.233194684825689E+01,  5.712242435236166E+01,  2.461938109958583E+06,  2.851180240640961E+02,  1.112078382685229E+02,  1.112408650712289E+02,  1.568169206488951E-04,  1.568654074847997E-04,  1.262635012927384E+00,
2461939.500000000, A.D. 2028-Jun-17 00:00:00.0000,  3.236122272598704E-04,  1.567639452115203E-04,  2.404625001533531E+01,  8.233357182545986E+01,  5.637469541326708E+01,  2.461939369883670E+06,  2.851241012365497E+02,  3.709930148420947E+01,  3.712167724255914E+01,  1.568146923633831E-04,  1.568654395152459E-04,  1.262608100959275E+00,
2461940.500000000, A.D. 2028-Jun-18 00:00:00.0000,  3.730561387873335E-04,  1.567503557097585E-04,  2.404632320044406E+01,  8.233498166340230E+01,  3.854320042920610E+01,  2.461940569785926E+06,  2.851400245610370E+02,  3.401012393491565E+02,  3.400866829220524E+02,  1.568088542154398E-04,  1.568673527211210E-04,  1.262537592027662E+00,
2461941.500000000, A.D. 2028-Jun-19 00:00:00.0000,  2.917846325326583E-04,  1.567725413226808E-04,  2.404661362740798E+01,  8.233705457881680E+01,  3.770454960464578E+01,  2.461941829335307E+06,  2.851142663987808E+02,  2.661018055262929E+02,  2.660684476563063E+02,  1.568182984922808E-04,  1.568640556618808E-04,  1.262651653833690E+00,
2461942.500000000, A.D. 2028-Jun-20 00:00:00.0000,  2.547748567085471E-04,  1.567716015621795E-04,  2.404679265487829E+01,  8.233829860959429E+01,  3.959218198299870E+01,  2.461943098458187E+06,  2.851326629913455E+02,  1.893600234619007E+02,  1.893552767418340E+02,  1.568115532031771E-04,  1.568515048441747E-04,  1.262570188287853E+00,
2461943.500000000, A.D. 2028-Jun-21 00:00:00.0000,  3.195330877266859E-04,  1.567607594034655E-04,  2.404691858688000E+01,  8.234042943187825E+01,  6.238192732675122E+01,  2.461943178226983E+06,  2.851345382461242E+02,  9.174860067791839E+01,  9.178519897341479E+01,  1.568108656635601E-04,  1.568609719236546E-04,  1.262561884696174E+00,
2461944.500000000, A.D. 2028-Jun-22 00:00:00.0000,  3.254743853619012E-04,  1.567669990959804E-04,  2.404725240326283E+01,  8.234194106859978E+01,  5.055772269465140E+01,  2.461944399254728E+06,  2.851149731247487E+02,  2.872398560794542E+01,  2.874191641053469E+01,  1.568180393509518E-04,  1.568690796059232E-04,  1.262648524048178E+00,
2461945.500000000, A.D. 2028-Jun-23 00:00:00.0000,  3.754100932843085E-04,  1.567513221970856E-04,  2.404728510941422E+01,  8.234349041920753E+01,  3.906341195636701E+01,  2.461945621440313E+06,  2.851363802419818E+02,  3.253729487289830E+02,  3.253484945990969E+02,  1.568101903252635E-04,  1.568690584534415E-04,  1.262553728480683E+00,
2461946.500000000, A.D. 2028-Jun-24 00:00:00.0000,  2.688201139071450E-04,  1.567709954633144E-04,  2.404757745779447E+01,  8.234557804972697E+01,  3.624250602606171E+01,  2.461946873976320E+06,  2.851283078508311E+02,  2.533687648833020E+02,  2.533392518619973E+02,  1.568131499921574E-04,  1.568553045210004E-04,  1.262589473186714E+00,
2461947.500000000, A.D. 2028-Jun-25 00:00:00.0000,  2.709824892074710E-04,  1.567748827168509E-04,  2.404773996372981E+01,  8.234687204214910E+01,  4.608054791456138E+01,  2.461946908399194E+06,  2.851167781811552E+02,  1.686753159083212E+02,  1.686814115813329E+02,  1.568173774801515E-04,  1.568598722434521E-04,  1.262640530299715E+00,
2461948.500000000, A.D. 2028-Jun-26 00:00:00.0000,  3.059703305969792E-04,  1.567602350079909E-04,  2.404786971674688E+01,  8.234908463182930E+01,  6.448315613487459E+01,  2.461948235436850E+06,  2.851417717171879E+02,  7.543800543027253E+01,  7.547194399528880E+01,  1.568082136689675E-04,  1.568561923299442E-04,  1.262529856050199E+00,
2461949.500000000, A.D. 2028-Jun-27 00:00:00.0000,  3.453789982153241E-04,  1.567617219365680E-04,  2.404814570353565E+01,  8.235057279552225E+01,  4.435713127330742E+01,  2.461949427280435E+06,  2.851208544143815E+02,  2.073386458737486E+01,  2.074788178339482E+01,  1.568158828490906E-04,  1.568700437616132E-04,  1.262622478946393E+00,
2461950.500000000, A.D. 2028-Jun-28 00:00:00.0000,  3.629058877068855E-04,  1.567584440499179E-04,  2.404819349764925E+01,  8.235235763677937E+01,  3.965407767471758E+01,  2.461950673329678E+06,  2.851222987464038E+02,  3.105798437929540E+02,  3.105482499332529E+02,  1.568153532649006E-04,  1.568722624798833E-04,  1.262616082932870E+00,
2461951.500000000, A.D. 2028-Jun-29 00:00:00.0000,  2.611573230456618E-04,  1.567675814757656E-04,  2.404844482510199E+01,  8.235425942481584E+01,  3.476556820670204E+01,  2.461951918596352E+06,  2.851409002362739E+02,  2.406410595526917E+02,  2.406149808916782E+02,  1.568085331725197E-04,  1.568494848692738E-04,  1.262533714741365E+00,
2461952.500000000, A.D. 2028-Jun-30 00:00:00.0000,  2.801756908419806E-04,  1.567743477228786E-04,  2.404856416486470E+01,  8.235579488916946E+01,  5.353234560255575E+01,  2.461951984301264E+06,  2.851143048471816E+02,  1.470330864559553E+02,  1.470505518270543E+02,  1.568182843940453E-04,  1.568622210652121E-04,  1.262651483561852E+00,
2461953.500000000, A.D. 2028-Jul-01 00:00:00.0000,  2.932134260849828E-04,  1.567659676421006E-04,  2.404875043593798E+01,  8.235790491724016E+01,  6.100293586584571E+01,  2.461953273050817E+06,  2.851315888970388E+02,  6.471038113012418E+01,  6.474076546526562E+01,  1.568119470103345E-04,  1.568579263785685E-04,  1.262574944405743E+00,
2461954.500000000, A.D. 2028-Jul-02 00:00:00.0000,  3.765302411411221E-04,  1.567509320663090E-04,  2.404892037714030E+01,  8.235939491511161E+01,  4.200649964926940E+01,  2.461954468839744E+06,  2.851369654645545E+02,  8.884940934034663E+00,  8.891608148262044E+00,  1.568099757642969E-04,  1.568690194622848E-04,  1.262551137182358E+00,
2461955.500000000, A.D. 2028-Jul-03 00:00:00.0000,  3.353856747240945E-04,  1.567668473367074E-04,  2.404901281284986E+01,  8.236151102741159E+01,  3.957365086968218E+01,  2.461955722835890E+06,  2.851111469750337E+02,  2.964670038071179E+02,  2.964325930637017E+02,  1.568194423311836E-04,  1.568720373256597E-04,  1.262665468605912E+00,
2461956.500000000, A.D. 2028-Jul-04 00:00:00.0000,  2.647721130098750E-04,  1.567671053580349E-04,  2.404922209891042E+01,  8.236314141628559E+01,  3.514613268135116E+01,  2.461956969762664E+06,  2.851406527441495E+02,  2.260515674666837E+02,  2.260297282866529E+02,  1.568086239087254E-04,  1.568501424594159E-04,  1.262534810576520E+00,
2461957.500000000, A.D. 2028-Jul-05 00:00:00.0000,  2.832754435974802E-04,  1.567698759286496E-04,  2.404926513578078E+01,  8.236500463053000E+01,  5.938896907276195E+01,  2.461957054646193E+06,  2.851251779781154E+02,  1.269815834982452E+02,  1.270075087400483E+02,  1.568142975683557E-04,  1.568587192080618E-04,  1.262603332868876E+00,
2461958.500000000, A.D. 2028-Jul-06 00:00:00.0000,  3.048953918445865E-04,  1.567693491048792E-04,  2.404951986840129E+01,  8.236697739793030E+01,  5.473699599340693E+01,  2.461958300858548E+06,  2.851173660210031E+02,  5.677868627941216E+01,  5.680792050203677E+01,  1.568171619349153E-04,  1.568649747649514E-04,  1.262637927054505E+00,
2461959.500000000, A.D. 2028-Jul-07 00:00:00.0000,  3.930061158892527E-04,  1.567456258963892E-04,  2.404957826124098E+01,  8.236846638487646E+01,  4.364402923681779E+01,  2.461959524416793E+06,  2.851443945136377E+02,  3.530376882893264E+02,  3.530322266216718E+02,  1.568072521054825E-04,  1.568688783145757E-04,  1.262518243130963E+00,
2461960.500000000, A.D. 2028-Jul-08 00:00:00.0000,  2.999882524834289E-04,  1.567707201986943E-04,  2.404970213344143E+01,  8.237084655216975E+01,  3.738095404730625E+01,  2.461960764912743E+06,  2.851157249180173E+02,  2.844692113134953E+02,  2.844359224151265E+02,  1.568177636855807E-04,  1.568648071724671E-04,  1.262645194695996E+00,
2461961.500000000, A.D. 2028-Jul-09 00:00:00.0000,  2.708632802556631E-04,  1.567707716947780E-04,  2.404989858997705E+01,  8.237228535206869E+01,  3.823340862727812E+01,  2.461962030427707E+06,  2.851280442394868E+02,  2.087601851611002E+02,  2.087452555155380E+02,  1.568132466451518E-04,  1.568557215955257E-04,  1.262590640497033E+00,
2461962.500000000, A.D. 2028-Jul-10 00:00:00.0000,  2.796036088144738E-04,  1.567662393987113E-04,  2.404987538349671E+01,  8.237442173487995E+01,  6.255099047612804E+01,  2.461962115569028E+06,  2.851366700727490E+02,  1.096153672454845E+02,  1.096455445414492E+02,  1.568100840641141E-04,  1.568539287295169E-04,  1.262552445142010E+00,
2461963.500000000, A.D. 2028-Jul-11 00:00:00.0000,  3.329002054155572E-04,  1.567656004854476E-04,  2.405015898687601E+01,  8.237628659363843E+01,  5.023985715359738E+01,  2.461963334857201E+06,  2.851156117953348E+02,  4.708479006436504E+01,  4.711273580643826E+01,  1.568178051649998E-04,  1.568700098445520E-04,  1.262645695664044E+00,
2461964.500000000, A.D. 2028-Jul-12 00:00:00.0000,  3.817612564933261E-04,  1.567514302203340E-04,  2.405014504166189E+01,  8.237785962030129E+01,  4.526298224450264E+01,  2.461964579929499E+06,  2.851333680603232E+02,  3.372094327818717E+02,  3.371924794671850E+02,  1.568112946972299E-04,  1.568711591741259E-04,  1.262567066243324E+00,
2461965.500000000, A.D. 2028-Jul-13 00:00:00.0000,  2.808080288984152E-04,  1.567673319293634E-04,  2.405027057005239E+01,  8.238025684858077E+01,  3.267590870251319E+01,  2.461965798191568E+06,  2.851331740745773E+02,  2.749756916458137E+02,  2.749436337026085E+02,  1.568113658199082E-04,  1.568553997104530E-04,  1.262567925210418E+00,
2461966.500000000, A.D. 2028-Jul-14 00:00:00.0000,  2.758764555804010E-04,  1.567746303835553E-04,  2.405045261264473E+01,  8.238170778706665E+01,  4.415938227886144E+01,  2.461967101022146E+06,  2.851153729392590E+02,  1.886393466643824E+02,  1.886345995407033E+02,  1.568178927479782E-04,  1.568611551124011E-04,  1.262646753448452E+00,
2461967.500000000, A.D. 2028-Jul-15 00:00:00.0000,  2.745857555990151E-04,  1.567668412536545E-04,  2.405041990286593E+01,  8.238396491658726E+01,  6.233898184402337E+01,  2.461967164658417E+06,  2.851371747925467E+02,  9.561835151604991E+01,  9.564966451617899E+01,  1.568098990182619E-04,  1.568529567828692E-04,  1.262550210304637E+00,
2461968.500000000, A.D. 2028-Jul-16 00:00:00.0000,  3.601322839501692E-04,  1.567570166173903E-04,  2.405066943268911E+01,  8.238572557549308E+01,  4.825546198781244E+01,  2.461968377688134E+06,  2.851273799213939E+02,  3.487446204410880E+01,  3.489806705728824E+01,  1.568134902177766E-04,  1.568699638181630E-04,  1.262593582206127E+00,
2461969.500000000, A.D. 2028-Jul-17 00:00:00.0000,  3.549153076162343E-04,  1.567618949187735E-04,  2.405062545417628E+01,  8.238753226716247E+01,  4.360029151486547E+01,  2.461969623903874E+06,  2.851163025869599E+02,  3.246729855965523E+02,  3.246494597926982E+02,  1.568175518684345E-04,  1.568732088180955E-04,  1.262642636473587E+00,
2461970.500000000, A.D. 2028-Jul-18 00:00:00.0000,  2.899256686364959E-04,  1.567617249838448E-04,  2.405075594427517E+01,  8.238970488265670E+01,  3.012954801256160E+01,  2.461970839081512E+06,  2.851445709740683E+02,  2.633127477009114E+02,  2.632797520910132E+02,  1.568071874125023E-04,  1.568526498411599E-04,  1.262517461827247E+00,
2461971.500000000, A.D. 2028-Jul-19 00:00:00.0000,  2.764038662193550E-04,  1.567741241226003E-04,  2.405085592262561E+01,  8.239136952077456E+01,  5.246389418195889E+01,  2.461970917277404E+06,  2.851165283758297E+02,  1.661438435817512E+02,  1.661514263833926E+02,  1.568174690773440E-04,  1.568608140320877E-04,  1.262641636564338E+00,
2461972.500000000, A.D. 2028-Jul-20 00:00:00.0000,  2.776835437385200E-04,  1.567704611262633E-04,  2.405088326024612E+01,  8.239361100073128E+01,  5.940331229336086E+01,  2.461972204168737E+06,  2.851259737482986E+02,  8.434917674779314E+01,  8.438084338683977E+01,  1.568140057951003E-04,  1.568575504639373E-04,  1.262599809015639E+00,
2461973.500000000, A.D. 2028-Jul-21 00:00:00.0000,  3.774775959136825E-04,  1.567496451361020E-04,  2.405104641485725E+01,  8.239525263830932E+01,  4.817207884225135E+01,  2.461973427215259E+06,  2.851400716297968E+02,  2.075384632105412E+01,  2.076918092546808E+01,  1.568088369588953E-04,  1.568680287816885E-04,  1.262537383617534E+00,
2461974.500000000, A.D. 2028-Jul-22 00:00:00.0000,  3.320444322578422E-04,  1.567672999626808E-04,  2.405098947774399E+01,  8.239737570767511E+01,  3.923276688269883E+01,  2.461974658362074E+06,  2.851113416089322E+02,  3.148491764817972E+02,  3.148221928018835E+02,  1.568193709616788E-04,  1.568714419606768E-04,  1.262664606635633E+00,
2461975.500000000, A.D. 2028-Jul-23 00:00:00.0000,  3.029245115099801E-04,  1.567623396478088E-04,  2.405115436640096E+01,  8.239925944737121E+01,  3.297241596028495E+01,  2.461975898896703E+06,  2.851373325152827E+02,  2.462596582941985E+02,  2.462278879488778E+02,  1.568098411923519E-04,  1.568573427368951E-04,  1.262549511929326E+00,
2461976.500000000, A.D. 2028-Jul-24 00:00:00.0000,  2.649807542959358E-04,  1.567705484840490E-04,  2.405110535052886E+01,  8.240118733809177E+01,  5.990437698341184E+01,  2.461975993196615E+06,  2.851311697903222E+02,  1.445054421471044E+02,  1.445230678339168E+02,  1.568121006727680E-04,  1.568536528614870E-04,  1.262576800231045E+00,
2461977.500000000, A.D. 2028-Jul-25 00:00:00.0000,  2.950956629219542E-04,  1.567719967581741E-04,  2.405122972269113E+01,  8.240337746354031E+01,  5.501716941810876E+01,  2.461977238562099E+06,  2.851143355104821E+02,  7.453969339622823E+01,  7.457228847090059E+01,  1.568182731504478E-04,  1.568645495427214E-04,  1.262651347766990E+00,
2461978.500000000, A.D. 2028-Jul-26 00:00:00.0000,  3.808250374777976E-04,  1.567487415389760E-04,  2.405128819983125E+01,  8.240492092187549E+01,  4.867982847456293E+01,  2.461978478829565E+06,  2.851411049336947E+02,  6.036561202984521E+00,  6.041152622443311E+00,  1.568084581259186E-04,  1.568681747128612E-04,  1.262532808392226E+00,
2461979.500000000, A.D. 2028-Jul-27 00:00:00.0000,  3.207689660373414E-04,  1.567652108170631E-04,  2.405122672190484E+01,  8.240728645158262E+01,  3.480805309672667E+01,  2.461979692619212E+06,  2.851218648273306E+02,  3.050800510735438E+02,  3.050499637151157E+02,  1.568155123668237E-04,  1.568658139165842E-04,  1.262618004473334E+00,
2461980.500000000, A.D. 2028-Jul-28 00:00:00.0000,  2.971272748791606E-04,  1.567690927599176E-04,  2.405142622533429E+01,  8.240899348858720E+01,  3.909397197787063E+01,  2.461980970194760E+06,  2.851213886120599E+02,  2.259374171054102E+02,  2.259129569919377E+02,  1.568156869776476E-04,  1.568622811953776E-04,  1.262620113322403E+00,
2461981.500000000, A.D. 2028-Jul-29 00:00:00.0000,  2.445200028070716E-04,  1.567698583440084E-04,  2.405125395224830E+01,  8.241108230737697E+01,  6.191213206830795E+01,  2.461981050087121E+06,  2.851418060393053E+02,  1.282889707521829E+02,  1.283109593073975E+02,  1.568082010857781E-04,  1.568465438275478E-04,  1.262529704081260E+00,
2461982.500000000, A.D. 2028-Jul-30 00:00:00.0000,  3.291257466571066E-04,  1.567659779407899E-04,  2.405144804542609E+01,  8.241324831391148E+01,  5.137780208564691E+01,  2.461982275571988E+06,  2.851161968285938E+02,  6.398806118024970E+01,  6.402196189561747E+01,  1.568175906474007E-04,  1.568692033540115E-04,  1.262643104826573E+00,
2461983.500000000, A.D. 2028-Jul-31 00:00:00.0000,  3.725510161197280E-04,  1.567545506634570E-04,  2.405141323988130E+01,  8.241479427203890E+01,  4.819761454095984E+01,  2.461983526960926E+06,  2.851287946840901E+02,  3.523126637034412E+02,  3.523069503863200E+02,  1.568129714953283E-04,  1.568713923271997E-04,  1.262587317422163E+00,
2461984.500000000, A.D. 2028-Aug-01 00:00:00.0000,  3.206855878161516E-04,  1.567600231035970E-04,  2.405136631797830E+01,  8.241720438710266E+01,  3.226434081410854E+01,  2.461984733499721E+06,  2.851360540712649E+02,  2.934208110603518E+02,  2.933870854720880E+02,  1.568103099100061E-04,  1.568605967164153E-04,  1.262555172731765E+00,
2461985.500000000, A.D. 2028-Aug-02 00:00:00.0000,  2.773846793015004E-04,  1.567744914937851E-04,  2.405154185079060E+01,  8.241888167962951E+01,  4.573264975547967E+01,  2.461986043266489E+06,  2.851151066185031E+02,  2.051065169785880E+02,  2.050930343593960E+02,  1.568179904017614E-04,  1.568614893097377E-04,  1.262647932863467E+00,
2461986.500000000, A.D. 2028-Aug-03 00:00:00.0000,  2.396413503832219E-04,  1.567731763215686E-04,  2.405135233310730E+01,  8.242102824345172E+01,  5.802418844826341E+01,  2.461986086278838E+06,  2.851348410017123E+02,  1.179663178293554E+02,  1.179905685109230E+02,  1.568107546625706E-04,  1.568483330035725E-04,  1.262560544110561E+00,
2461987.500000000, A.D. 2028-Aug-04 00:00:00.0000,  3.652599501029901E-04,  1.567544284441346E-04,  2.405154414834495E+01,  8.242313256305994E+01,  5.114918586670397E+01,  2.461987324574194E+06,  2.851322476616006E+02,  5.001955434496887E+01,  5.005163626688843E+01,  1.568117054798537E-04,  1.568689825155728E-04,  1.262572027374658E+00,
2461988.500000000, A.D. 2028-Aug-05 00:00:00.0000,  3.557322477935431E-04,  1.567625222290073E-04,  2.405143287286830E+01,  8.242485177743062E+01,  4.576470648292863E+01,  2.461988568222429E+06,  2.851142416748168E+02,  3.405488138841288E+02,  3.405352336588803E+02,  1.568183075580502E-04,  1.568740928870929E-04,  1.262651763325780E+00,
2461989.500000000, A.D. 2028-Aug-06 00:00:00.0000,  3.244258348397577E-04,  1.567578500002418E-04,  2.405143073084608E+01,  8.242712140540931E+01,  3.247925736902758E+01,  2.461989784082406E+06,  2.851403830058076E+02,  2.789966338358562E+02,  2.789599124097875E+02,  1.568087228010467E-04,  1.568595956018516E-04,  1.262536004914701E+00,
2461990.500000000, A.D. 2028-Aug-07 00:00:00.0000,  2.561450909001780E-04,  1.567747438739601E-04,  2.405149321519238E+01,  8.242884798402497E+01,  5.111435291200952E+01,  2.461991111906089E+06,  2.851235042778304E+02,  1.855311917030895E+02,  1.855283634284390E+02,  1.568149112436551E-04,  1.568550786133501E-04,  1.262610744462541E+00,
2461991.500000000, A.D. 2028-Aug-08 00:00:00.0000,  2.642693569775889E-04,  1.567752005298337E-04,  2.405137763271089E+01,  8.243104195202766E+01,  5.449741737216198E+01,  2.461991123694924E+06,  2.851187830173933E+02,  1.072916451975979E+02,  1.073205567276588E+02,  1.568166423630744E-04,  1.568580841963151E-04,  1.262631651938689E+00,
2461992.500000000, A.D. 2028-Aug-09 00:00:00.0000,  3.790544341941763E-04,  1.567474746246754E-04,  2.405150747678199E+01,  8.243295799343933E+01,  5.355981491974674E+01,  2.461992382864165E+06,  2.851453195335889E+02,  3.340073512909193E+01,  3.342465597855772E+01,  1.568069129803529E-04,  1.568663513360305E-04,  1.262514147483994E+00,
2461993.500000000, A.D. 2028-Aug-10 00:00:00.0000,  3.378441228537588E-04,  1.567659812447525E-04,  2.405133344759297E+01,  8.243497158343803E+01,  4.063773209492393E+01,  2.461993600013491E+06,  2.851124579702958E+02,  3.314849077601459E+02,  3.314664191739904E+02,  1.568189616092843E-04,  1.568719419738160E-04,  1.262659662656713E+00,
2461994.500000000, A.D. 2028-Aug-11 00:00:00.0000,  3.218833822612399E-04,  1.567615532625950E-04,  2.405140763583220E+01,  8.243705336649255E+01,  3.492856321035681E+01,  2.461994842506935E+06,  2.851313667778052E+02,  2.623405294387870E+02,  2.623039753819803E+02,  1.568120284486913E-04,  1.568625036347876E-04,  1.262575927960033E+00,
2461995.500000000, A.D. 2028-Aug-12 00:00:00.0000,  2.385017771631526E-04,  1.567729410034657E-04,  2.405130469242236E+01,  8.243884384748596E+01,  5.387355891288295E+01,  2.461994908809384E+06,  2.851359705043903E+02,  1.685697099799768E+02,  1.685751245928908E+02,  1.568103405483640E-04,  1.568477400932624E-04,  1.262555542758002E+00,
2461996.500000000, A.D. 2028-Aug-13 00:00:00.0000,  3.008123404969152E-04,  1.567718686072056E-04,  2.405128475695803E+01,  8.244112020455252E+01,  5.418822102647154E+01,  2.461996172379781E+06,  2.851122395233596E+02,  9.340853422713353E+01,  9.344294303189949E+01,  1.568190417101769E-04,  1.568662148131482E-04,  1.262660630079701E+00,
2461997.500000000, A.D. 2028-Aug-14 00:00:00.0000,  3.669699834736805E-04,  1.567513101359671E-04,  2.405133206360507E+01,  8.244279482836683E+01,  5.469963330874157E+01,  2.461997436699199E+06,  2.851400243886794E+02,  1.804959182250430E+01,  1.806262679684182E+01,  1.568088542786302E-04,  1.568663984212934E-04,  1.262537592790824E+00,
2461998.500000000, A.D. 2028-Aug-15 00:00:00.0000,  3.374707956661422E-04,  1.567608821374303E-04,  2.405111568972016E+01,  8.244504716597035E+01,  3.462256631584249E+01,  2.461998628699563E+06,  2.851265289835245E+02,  3.233043402849694E+02,  3.232812238715543E+02,  1.568138022160355E-04,  1.568667222946407E-04,  1.262597350318118E+00,
2461999.500000000, A.D. 2028-Aug-16 00:00:00.0000,  3.087922135755908E-04,  1.567683939821374E-04,  2.405126492623156E+01,  8.244702327811190E+01,  3.910384399853775E+01,  2.461999906962812E+06,  2.851183045729126E+02,  2.439674530506672E+02,  2.439356634438251E+02,  1.568168177944300E-04,  1.568652416067226E-04,  1.262633770705304E+00,
2462000.500000000, A.D. 2028-Aug-17 00:00:00.0000,  2.304219490852789E-04,  1.567729809744499E-04,  2.405102727562826E+01,  8.244886223866837E+01,  5.372696561467137E+01,  2.461999958133889E+06,  2.851393180610987E+02,  1.545073333798587E+02,  1.545186947672149E+02,  1.568091132359561E-04,  1.568452454974622E-04,  1.262540720262438E+00,
2462001.500000000, A.D. 2028-Aug-18 00:00:00.0000,  3.312888468449655E-04,  1.567636990426591E-04,  2.405107422286548E+01,  8.245119949317026E+01,  5.527147551090140E+01,  2.462001225967912E+06,  2.851214885919408E+02,  7.813243687867784E+01,  7.816959151008535E+01,  1.568156503186204E-04,  1.568676015945817E-04,  1.262619670575666E+00,
2462002.500000000, A.D. 2028-Aug-19 00:00:00.0000,  3.500418850440090E-04,  1.567602806064386E-04,  2.405103730458022E+01,  8.245274956201020E+01,  5.151970454155217E+01,  2.462002475355571E+06,  2.851227917891643E+02,  7.026688449996533E+00,  7.031597530404514E+00,  1.568151724850187E-04,  1.568700643635989E-04,  1.262613899579814E+00,
2462003.500000000, A.D. 2028-Aug-20 00:00:00.0000,  3.549116130183622E-04,  1.567528509915798E-04,  2.405082291452544E+01,  8.245507077036085E+01,  3.259688923191784E+01,  2.462003671412895E+06,  2.851409793962182E+02,  3.111231591724301E+02,  3.110925137125180E+02,  1.568085041507230E-04,  1.568641573098661E-04,  1.262533364240716E+00,
2462004.500000000, A.D. 2028-Aug-21 00:00:00.0000,  2.829968627599705E-04,  1.567733675718691E-04,  2.405096981562016E+01,  8.245701990407849E+01,  4.466595773005963E+01,  2.462004976248398E+06,  2.851157717806842E+02,  2.242140702891869E+02,  2.241914619103028E+02,  1.568177465021543E-04,  1.568621254324395E-04,  1.262644987163032E+00,
2462005.500000000, A.D. 2028-Aug-22 00:00:00.0000,  2.370880973390194E-04,  1.567755026694498E-04,  2.405069219304826E+01,  8.245890469842240E+01,  5.263257110192654E+01,  2.462005004104020E+06,  2.851295867411423E+02,  1.413946158962236E+02,  1.414115637108246E+02,  1.568126810896480E-04,  1.568498595098461E-04,  1.262583810100456E+00,
2462006.500000000, A.D. 2028-Aug-23 00:00:00.0000,  3.483066920895584E-04,  1.567555588953473E-04,  2.405076196989305E+01,  8.246118564399261E+01,  5.667358205410854E+01,  2.462006280704915E+06,  2.851364167797219E+02,  6.252901472279230E+01,  6.256443443206553E+01,  1.568101769293595E-04,  1.568647949633718E-04,  1.262553566695456E+00,
2462007.500000000, A.D. 2028-Aug-24 00:00:00.0000,  3.472472735780111E-04,  1.567644349720906E-04,  2.405063309238039E+01,  8.246279025094739E+01,  4.562436221672070E+01,  2.462007504457357E+06,  2.851126535212568E+02,  3.587291512119251E+02,  3.587282683036055E+02,  1.568188899040553E-04,  1.568733448360200E-04,  1.262658796633029E+00,
2462008.500000000, A.D. 2028-Aug-25 00:00:00.0000,  3.630823976579698E-04,  1.567522956609851E-04,  2.405048708134071E+01,  8.246506285194728E+01,  3.516699150303871E+01,  2.462008730267252E+06,  2.851389986720430E+02,  2.943418262560538E+02,  2.943039116681995E+02,  1.568092303323090E-04,  1.568661650036330E-04,  1.262542134455833E+00,
2462009.500000000, A.D. 2028-Aug-26 00:00:00.0000,  2.481540385742056E-04,  1.567742019736209E-04,  2.405051378168865E+01,  8.246695830024611E+01,  4.884772294721778E+01,  2.462010040678293E+06,  2.851284011567816E+02,  2.058372628749014E+02,  2.058248732988323E+02,  1.568131157816035E-04,  1.568520295895861E-04,  1.262589060014576E+00,
2462010.500000000, A.D. 2028-Aug-27 00:00:00.0000,  2.587011474289440E-04,  1.567773014539905E-04,  2.405028843121082E+01,  8.246895389406312E+01,  5.239850393592390E+01,  2.462010053056472E+06,  2.851154338402013E+02,  1.274304977125412E+02,  1.274540338942341E+02,  1.568178704170047E-04,  1.568584393800190E-04,  1.262646483745840E+00,
2462011.500000000, A.D. 2028-Aug-28 00:00:00.0000,  3.506639561871498E-04,  1.567528492360323E-04,  2.405034311136460E+01,  8.247103020180725E+01,  5.743860909035050E+01,  2.462011333222775E+06,  2.851428016048833E+02,  4.755532507062440E+01,  4.758498615393937E+01,  1.568078360921976E-04,  1.568628229483628E-04,  1.262525296005350E+00,
2462012.500000000, A.D. 2028-Aug-29 00:00:00.0000,  3.567527784496047E-04,  1.567608499357640E-04,  2.405011709812762E+01,  8.247279778333822E+01,  4.056265843658642E+01,  2.462012536480193E+06,  2.851183673852051E+02,  3.495988269606462E+02,  3.495914431214808E+02,  1.568167947630033E-04,  1.568727395902425E-04,  1.262633492543913E+00,
2462013.500000000, A.D. 2028-Aug-30 00:00:00.0000,  3.446138147181411E-04,  1.567606175878704E-04,  2.405007962330558E+01,  8.247501891857897E+01,  3.889475499252134E+01,  2.462013793169046E+06,  2.851241947241163E+02,  2.764104117985035E+02,  2.763711669842072E+02,  1.568146580853969E-04,  1.568686985829234E-04,  1.262607686970700E+00,
2462014.500000000, A.D. 2028-Aug-31 00:00:00.0000,  2.223716237518591E-04,  1.567731407662610E-04,  2.404993500400430E+01,  8.247677435504396E+01,  4.749820340826462E+01,  2.462015085739518E+06,  2.851423261083387E+02,  1.929808713424262E+02,  1.929751489992740E+02,  1.568080104181550E-04,  1.568428800700490E-04,  1.262527401362432E+00,
2462015.500000000, A.D. 2028-Sep-01 00:00:00.0000,  2.932393443286555E-04,  1.567732204126970E-04,  2.404979055792230E+01,  8.247898991879592E+01,  5.394101132209519E+01,  2.462015108234192E+06,  2.851117915530343E+02,  1.116970512968073E+02,  1.117282691170998E+02,  1.568192059738349E-04,  1.568651915349728E-04,  1.262662613983945E+00,
2462016.500000000, A.D. 2028-Sep-02 00:00:00.0000,  3.454275546071143E-04,  1.567565935090274E-04,  2.404980790736646E+01,  8.248078873760547E+01,  5.642784876656071E+01,  2.462016379501481E+06,  2.851348257170102E+02,  3.435832417283016E+01,  3.438067151050954E+01,  1.568107602664824E-04,  1.568649270239373E-04,  1.262560611790339E+00,
2462017.500000000, A.D. 2028-Sep-03 00:00:00.0000,  3.698779487947974E-04,  1.567538502437631E-04,  2.404950832513955E+01,  8.248272116541152E+01,  3.795288429671352E+01,  2.462017577126589E+06,  2.851318494252748E+02,  3.380087530163612E+02,  3.379928745536983E+02,  1.568118514897388E-04,  1.568698527357146E-04,  1.262573790776558E+00,
2462018.500000000, A.D. 2028-Sep-04 00:00:00.0000,  3.091122037624179E-04,  1.567696375018476E-04,  2.404955406495922E+01,  8.248492057517598E+01,  4.129038668989668E+01,  2.462018851362436E+06,  2.851147752862337E+02,  2.598213780701479E+02,  2.597865162830209E+02,  1.568181118940050E-04,  1.568665862861624E-04,  1.262649400188353E+00,
2462019.500000000, A.D. 2028-Sep-05 00:00:00.0000,  2.249068014537268E-04,  1.567735717770237E-04,  2.404929265548598E+01,  8.248653049306486E+01,  4.368344568509516E+01,  2.462020122204759E+06,  2.851400656493347E+02,  1.825844943038331E+02,  1.825833324836385E+02,  1.568088391514769E-04,  1.568441065259301E-04,  1.262537410097703E+00,
2462020.500000000, A.D. 2028-Sep-06 00:00:00.0000,  3.256867925481930E-04,  1.567633384961336E-04,  2.404919489647754E+01,  8.248896777687339E+01,  5.750569309605903E+01,  2.462020170535218E+06,  2.851248689413849E+02,  9.393860286495381E+01,  9.397583463490500E+01,  1.568144108786380E-04,  1.568654832611424E-04,  1.262604701359837E+00,
2462021.500000000, A.D. 2028-Sep-07 00:00:00.0000,  3.409738204061769E-04,  1.567627912282785E-04,  2.404915837415130E+01,  8.249055036753828E+01,  5.308465281684327E+01,  2.462021417570394E+06,  2.851198218164618E+02,  2.350231468566658E+01,  2.351790243695403E+01,  1.568162614680531E-04,  1.568697317078276E-04,  1.262627051695271E+00,
2462022.500000000, A.D. 2028-Sep-08 00:00:00.0000,  3.777708953998715E-04,  1.567499785330246E-04,  2.404884198334879E+01,  8.249258537542418E+01,  3.788405482597639E+01,  2.462022626710271E+06,  2.851390364248203E+02,  3.238699554851780E+02,  3.238444214790006E+02,  1.568092164911454E-04,  1.568684544492662E-04,  1.262541967293620E+00,
2462023.500000000, A.D. 2028-Sep-09 00:00:00.0000,  2.747115881908663E-04,  1.567728895352465E-04,  2.404889359782868E+01,  8.249471395386185E+01,  4.198327147406327E+01,  2.462023903559481E+06,  2.851206202773809E+02,  2.449368704525614E+02,  2.449083590438956E+02,  1.568159686990615E-04,  1.568590478628765E-04,  1.262623515794026E+00,
2462024.500000000, A.D. 2028-Sep-10 00:00:00.0000,  2.469763311322205E-04,  1.567761361387442E-04,  2.404860655328878E+01,  8.249630876636796E+01,  4.512709471365205E+01,  2.462023914511486E+06,  2.851236284931197E+02,  1.669366096264400E+02,  1.669430046390516E+02,  1.568148656989415E-04,  1.568535952591389E-04,  1.262610194400943E+00,
2462025.500000000, A.D. 2028-Sep-11 00:00:00.0000,  3.339600887173700E-04,  1.567558609569692E-04,  2.404852257084650E+01,  8.249877014806417E+01,  6.128612152472973E+01,  2.462025233628679E+06,  2.851417308630844E+02,  7.595357956081692E+01,  7.599070806114848E+01,  1.568082286469197E-04,  1.568605963368703E-04,  1.262530036941033E+00,
2462026.500000000, A.D. 2028-Sep-12 00:00:00.0000,  3.448118956990032E-04,  1.567646795353805E-04,  2.404840695937459E+01,  8.250029597062736E+01,  4.737303312229461E+01,  2.462026447309417E+06,  2.851130282251299E+02,  1.502277170062141E+01,  1.503301772973749E+01,  1.568187525067135E-04,  1.568728254780465E-04,  1.262657137209942E+00,
2462027.500000000, A.D. 2028-Sep-13 00:00:00.0000,  3.729737032897766E-04,  1.567529502774648E-04,  2.404814082499566E+01,  8.250239495026037E+01,  3.915868573327390E+01,  2.462027681011532E+06,  2.851329804240205E+02,  3.083876425070784E+02,  3.083541323077706E+02,  1.568114368197736E-04,  1.568699233620825E-04,  1.262568782694464E+00,
2462028.500000000, A.D. 2028-Sep-14 00:00:00.0000,  2.515060690124078E-04,  1.567714688372316E-04,  2.404811490277748E+01,  8.250433266506802E+01,  4.105344713768196E+01,  2.462028950076271E+06,  2.851344235038643E+02,  2.316677618951707E+02,  2.316451587312713E+02,  1.568109077322136E-04,  1.568503466271956E-04,  1.262562392769532E+00,
2462029.500000000, A.D. 2028-Sep-15 00:00:00.0000,  2.699654526942037E-04,  1.567769344285768E-04,  2.404784901448228E+01,  8.250608918960228E+01,  5.091583077779161E+01,  2.462028984572436E+06,  2.851116163617049E+02,  1.469543859564843E+02,  1.469712506591113E+02,  1.568192702138513E-04,  1.568616059991257E-04,  1.262663389846903E+00,
2462030.500000000, A.D. 2028-Sep-16 00:00:00.0000,  3.200220697111294E-04,  1.567574773066048E-04,  2.404778354853695E+01,  8.250832245731509E+01,  6.196421006361177E+01,  2.462030285846213E+06,  2.851432840527385E+02,  6.106451407601318E+01,  6.109661418876593E+01,  1.568076592182544E-04,  1.568578411299039E-04,  1.262523159877111E+00,
2462031.500000000, A.D. 2028-Sep-17 00:00:00.0000,  3.658634547737059E-04,  1.567578344671719E-04,  2.404756539244648E+01,  8.250991849757995E+01,  4.196965247094848E+01,  2.462031478137174E+06,  2.851226965085700E+02,  6.233587795804327E+00,  6.238142157117061E+00,  1.568152074207199E-04,  1.568725803742679E-04,  1.262614321512561E+00,
2462032.500000000, A.D. 2028-Sep-18 00:00:00.0000,  3.533928654866552E-04,  1.567608938331170E-04,  2.404739377743225E+01,  8.251211795833839E+01,  4.068421883823203E+01,  2.462032736173073E+06,  2.851196850965345E+02,  2.926624078562253E+02,  2.926250322978423E+02,  1.568163115988280E-04,  1.568717293645389E-04,  1.262627657147253E+00,
2462033.500000000, A.D. 2028-Sep-19 00:00:00.0000,  2.436135955971643E-04,  1.567699841138325E-04,  2.404725312988110E+01,  8.251378484156849E+01,  3.945118734230537E+01,  2.462033994269773E+06,  2.851418506801642E+02,  2.190630022309787E+02,  2.190454143979838E+02,  1.568081847195311E-04,  1.568463853252297E-04,  1.262529506423812E+00,
2462034.500000000, A.D. 2028-Sep-20 00:00:00.0000,  2.874333249772781E-04,  1.567726332800829E-04,  2.404700191704444E+01,  8.251580923686019E+01,  5.671160390292432E+01,  2.462034054679286E+06,  2.851158770149019E+02,  1.269680060207588E+02,  1.269943164030910E+02,  1.568177079152844E-04,  1.568627825504858E-04,  1.262644521129857E+00,
2462035.500000000, A.D. 2028-Sep-21 00:00:00.0000,  3.126325401851785E-04,  1.567639692920175E-04,  2.404696263207457E+01,  8.251771921402269E+01,  5.774347187570470E+01,  2.462035320852498E+06,  2.851287329317852E+02,  5.108010035428857E+01,  5.110797998248983E+01,  1.568129941367085E-04,  1.568620189813996E-04,  1.262587590869444E+00,
2462036.500000000, A.D. 2028-Sep-22 00:00:00.0000,  3.934736344701533E-04,  1.567478226767008E-04,  2.404664655639669E+01,  8.251939622720437E+01,  4.079158291038134E+01,  2.462036523817127E+06,  2.851382001570652E+02,  3.532088271958087E+02,  3.532034928005519E+02,  1.568095230896704E-04,  1.568712235026400E-04,  1.262545670140647E+00,
2462037.500000000, A.D. 2028-Sep-23 00:00:00.0000,  3.188181337137240E-04,  1.567685370140284E-04,  2.404655947501520E+01,  8.252171120457440E+01,  4.174463760899049E+01,  2.462037789671443E+06,  2.851136252023745E+02,  2.774107246456566E+02,  2.773744940848048E+02,  1.568185336062444E-04,  1.568685301984605E-04,  1.262654493430368E+00,
2462038.500000000, A.D. 2028-Sep-24 00:00:00.0000,  2.473463128921936E-04,  1.567718073515833E-04,  2.404633650235101E+01,  8.252314713200641E+01,  3.962646435412416E+01,  2.462039044724023E+06,  2.851352795545968E+02,  2.046799632952079E+02,  2.046681316845675E+02,  1.568105938738004E-04,  1.568493803960175E-04,  1.262558602226802E+00,
2462039.500000000, A.D. 2028-Sep-25 00:00:00.0000,  2.961563972755124E-04,  1.567659333833292E-04,  2.404608651816947E+01,  8.252540528470642E+01,  6.070820098620203E+01,  2.462039118511359E+06,  2.851304232939555E+02,  1.087740178099321E+02,  1.088061453946827E+02,  1.568123743711712E-04,  1.568588153590132E-04,  1.262580105767449E+00,
2462040.500000000, A.D. 2028-Sep-26 00:00:00.0000,  3.289141531083300E-04,  1.567661977945222E-04,  2.404604864355132E+01,  8.252706670007670E+01,  5.191420708967416E+01,  2.462040350183021E+06,  2.851156875679621E+02,  4.271517097811316E+01,  4.274074640721032E+01,  1.568177773809618E-04,  1.568693569674014E-04,  1.262645360102074E+00,
2462041.500000000, A.D. 2028-Sep-27 00:00:00.0000,  4.018918004234654E-04,  1.567456442443407E-04,  2.404568435120490E+01,  8.252880969054435E+01,  4.303790954109654E+01,  2.462041581530526E+06,  2.851405424072114E+02,  3.367523415765572E+02,  3.367341556122346E+02,  1.568086643607827E-04,  1.568716844772246E-04,  1.262535299122358E+00,
2462042.500000000, A.D. 2028-Sep-28 00:00:00.0000,  2.794659354629935E-04,  1.567710301232632E-04,  2.404561647457298E+01,  8.253110307667559E+01,  4.031289047273533E+01,  2.462042834413610E+06,  2.851236589455347E+02,  2.646507679652432E+02,  2.646188840357121E+02,  1.568148545332799E-04,  1.568586789432965E-04,  1.262610059548823E+00,
2462043.500000000, A.D. 2028-Sep-29 00:00:00.0000,  2.566242195767950E-04,  1.567759119158645E-04,  2.404537355355239E+01,  8.253247199629384E+01,  4.277645618866014E+01,  2.462044105604852E+06,  2.851201128947556E+02,  1.873298762601742E+02,  1.873261256592763E+02,  1.568161547391915E-04,  1.568563975625184E-04,  1.262625762682987E+00,
2462044.500000000, A.D. 2028-Sep-30 00:00:00.0000,  2.954540943689970E-04,  1.567622897022075E-04,  2.404513659205837E+01,  8.253479495638643E+01,  6.226176678286503E+01,  2.462044173794385E+06,  2.851406649034266E+02,  9.301448591528630E+01,  9.304829495369761E+01,  1.568086194508566E-04,  1.568549491995057E-04,  1.262534756738143E+00,
2462045.500000000, A.D. 2028-Oct-01 00:00:00.0000,  3.568384508075226E-04,  1.567612049933800E-04,  2.404505087985405E+01,  8.253631852780035E+01,  4.806483759282911E+01,  2.462045386452446E+06,  2.851173620607750E+02,  3.237437919651610E+01,  3.239628232545601E+01,  1.568171633870231E-04,  1.568731217806662E-04,  1.262637944592315E+00,
2462046.500000000, A.D. 2028-Oct-02 00:00:00.0000,  3.816054876343030E-04,  1.567537971237948E-04,  2.404470799343219E+01,  8.253817971057505E+01,  4.473847411666020E+01,  2.462046637320234E+06,  2.851269766754117E+02,  3.208462970217847E+02,  3.208186763348073E+02,  1.568136380686177E-04,  1.568734790134406E-04,  1.262595367851929E+00,
2462047.500000000, A.D. 2028-Oct-03 00:00:00.0000,  2.610833957409601E-04,  1.567677654834181E-04,  2.404459905041961E+01,  8.254022436909652E+01,  3.565353309169921E+01,  2.462047867859040E+06,  2.851404298339170E+02,  2.551085150900483E+02,  2.550796043785775E+02,  1.568087056327664E-04,  1.568496457821148E-04,  1.262535797570642E+00,
2462048.500000000, A.D. 2028-Oct-04 00:00:00.0000,  2.696439936706325E-04,  1.567771967289625E-04,  2.404435350108873E+01,  8.254175470302530E+01,  4.894047055835612E+01,  2.462047914351758E+06,  2.851110383556415E+02,  1.669747783075237E+02,  1.669817400197348E+02,  1.568194821604176E-04,  1.568617675918727E-04,  1.262665949646409E+00,
2462049.500000000, A.D. 2028-Oct-05 00:00:00.0000,  2.933826009270382E-04,  1.567637889032987E-04,  2.404416085030021E+01,  8.254394019290844E+01,  6.096999075146492E+01,  2.462049219088026E+06,  2.851374607748619E+02,  8.009852701701232E+01,  8.013164751269215E+01,  1.568097941685627E-04,  1.568557994338268E-04,  1.262548944013525E+00,
2462050.500000000, A.D. 2028-Oct-06 00:00:00.0000,  3.820740550411237E-04,  1.567527236621057E-04,  2.404398498035552E+01,  8.254539392321443E+01,  4.661791618332304E+01,  2.462050431170738E+06,  2.851297050763216E+02,  1.962526702618598E+01,  1.963997872701120E+01,  1.568126377024744E-04,  1.568725517428431E-04,  1.262583286100049E+00,
2462051.500000000, A.D. 2028-Oct-07 00:00:00.0000,  3.475182974280944E-04,  1.567638767109818E-04,  2.404370060805276E+01,  8.254744014527454E+01,  4.346708308686141E+01,  2.462051682652402E+06,  2.851140605705328E+02,  3.079232319917995E+02,  3.078918100958674E+02,  1.568183739653078E-04,  1.568728712196336E-04,  1.262652565361439E+00,
2462052.500000000, A.D. 2028-Oct-08 00:00:00.0000,  2.709108232036111E-04,  1.567647380901320E-04,  2.404355051369155E+01,  8.254911070819468E+01,  3.319276061761702E+01,  2.462052909057289E+06,  2.851444851881242E+02,  2.433595698226519E+02,  2.433318256441819E+02,  1.568072188628784E-04,  1.568496996356248E-04,  1.262517841656625E+00,
2462053.500000000, A.D. 2028-Oct-09 00:00:00.0000,  2.790296930037304E-04,  1.567729208058837E-04,  2.404325939578622E+01,  8.255094863846121E+01,  5.680963795958823E+01,  2.462052991737105E+06,  2.851186876942032E+02,  1.449152496747555E+02,  1.449336229423787E+02,  1.568166773152129E-04,  1.568604338245420E-04,  1.262632074071935E+00,
2462054.500000000, A.D. 2028-Oct-10 00:00:00.0000,  2.995021926590935E-04,  1.567676853741690E-04,  2.404313699066482E+01,  8.255289036165082E+01,  5.747902365473340E+01,  2.462054256636827E+06,  2.851242121223425E+02,  6.938873298345381E+01,  6.942086080009051E+01,  1.568146517061961E-04,  1.568616180382232E-04,  1.262607609926615E+00,
2462055.500000000, A.D. 2028-Oct-11 00:00:00.0000,  3.960212075933935E-04,  1.567471204833674E-04,  2.404286299387872E+01,  8.255431186418693E+01,  4.693172485736508E+01,  2.462055482090085E+06,  2.851390261446228E+02,  5.106815693449660E+00,  5.110857147324658E+00,  1.568092202601366E-04,  1.568713200369058E-04,  1.262542012812401E+00,
2462056.500000000, A.D. 2028-Oct-12 00:00:00.0000,  3.187519837156911E-04,  1.567677023346322E-04,  2.404263044880168E+01,  8.255651358173097E+01,  4.003110127639872E+01,  2.462056720367500E+06,  2.851159305538166E+02,  2.971697152158806E+02,  2.971372134063308E+02,  1.568176882838543E-04,  1.568676742330766E-04,  1.262644284031154E+00,
2462057.500000000, A.D. 2028-Oct-13 00:00:00.0000,  2.821200948918625E-04,  1.567679933149951E-04,  2.404247277595852E+01,  8.255789230050557E+01,  3.648332862023278E+01,  2.462057970440228E+06,  2.851308083375473E+02,  2.258629974155938E+02,  2.258398016424363E+02,  1.568122331971049E-04,  1.568564730792147E-04,  1.262578400766220E+00,
2462058.500000000, A.D. 2028-Oct-14 00:00:00.0000,  2.728973815172123E-04,  1.567675699963345E-04,  2.404211065920930E+01,  8.255997268317650E+01,  6.269969912968456E+01,  2.462058062224740E+06,  2.851359089020068E+02,  1.248254467554613E+02,  1.248511125872852E+02,  1.568103631338284E-04,  1.568531562713224E-04,  1.262555815527682E+00,
2462059.500000000, A.D. 2028-Oct-15 00:00:00.0000,  3.202224274316995E-04,  1.567679668964722E-04,  2.404204860587990E+01,  8.256170573841622E+01,  5.287209072521004E+01,  2.462059290245104E+06,  2.851145797419703E+02,  5.980417900470051E+01,  5.983590111555122E+01,  1.568181835958887E-04,  1.568684002953052E-04,  1.262650266169486E+00,
2462060.500000000, A.D. 2028-Oct-16 00:00:00.0000,  3.943720172153921E-04,  1.567485907069782E-04,  2.404170741266783E+01,  8.256314373575371E+01,  4.761996614615951E+01,  2.462060534329674E+06,  2.851357201038526E+02,  3.502113838180926E+02,  3.502036968746568E+02,  1.568104323535058E-04,  1.568722740000336E-04,  1.262556651509254E+00,
2462061.500000000, A.D. 2028-Oct-17 00:00:00.0000,  3.030939647858366E-04,  1.567651112360263E-04,  2.404150459106379E+01,  8.256533742010974E+01,  3.638115614219966E+01,  2.462061757339522E+06,  2.851296982621283E+02,  2.866248597577301E+02,  2.865915759909744E+02,  1.568126402008733E-04,  1.568601691657203E-04,  1.262583316273990E+00,
2462062.500000000, A.D. 2028-Oct-18 00:00:00.0000,  2.774591460924680E-04,  1.567744598526176E-04,  2.404134586157389E+01,  8.256663349366806E+01,  4.320002363737738E+01,  2.462063043810388E+06,  2.851151610777285E+02,  2.049514137113176E+02,  2.049380054417132E+02,  1.568179704327858E-04,  1.568614810129540E-04,  1.262647691687838E+00,
2462063.500000000, A.D. 2028-Oct-19 00:00:00.0000,  2.571697441948149E-04,  1.567674247414505E-04,  2.404096655101138E+01,  8.256875281343834E+01,  6.278829480899226E+01,  2.462063112376562E+06,  2.851430338399209E+02,  1.105281231524631E+02,  1.105557182158214E+02,  1.568077509506503E-04,  1.568480771598500E-04,  1.262524267740322E+00,
2462064.500000000, A.D. 2028-Oct-20 00:00:00.0000,  3.567151826828352E-04,  1.567601620258946E-04,  2.404090871303307E+01,  8.257036768590974E+01,  4.964551626930373E+01,  2.462064328700055E+06,  2.851202602473261E+02,  4.884108481265546E+01,  4.887186926909381E+01,  1.568161007099069E-04,  1.568720393939193E-04,  1.262625110147275E+00,
2462065.500000000, A.D. 2028-Oct-21 00:00:00.0000,  3.792009470327938E-04,  1.567559022065594E-04,  2.404054528012422E+01,  8.257191964352283E+01,  4.736363632082864E+01,  2.462065583238696E+06,  2.851222619898598E+02,  3.362667947594920E+02,  3.362492981834894E+02,  1.568153667421373E-04,  1.568748312777152E-04,  1.262616245703056E+00,
2462066.500000000, A.D. 2028-Oct-22 00:00:00.0000,  3.006804115565081E-04,  1.567612109510813E-04,  2.404035867804959E+01,  8.257389807440939E+01,  3.423187781124422E+01,  2.462066799604322E+06,  2.851413721644547E+02,  2.745704125302579E+02,  2.745360656292915E+02,  1.568083601533477E-04,  1.568555093556140E-04,  1.262531625163011E+00,
2462067.500000000, A.D. 2028-Oct-23 00:00:00.0000,  2.643401874063384E-04,  1.567770868867921E-04,  2.404015673291770E+01,  8.257528868559342E+01,  5.025783268600479E+01,  2.462068118333223E+06,  2.851136068679351E+02,  1.837047845759402E+02,  1.837028279387887E+02,  1.568185403291315E-04,  1.568599937714709E-04,  1.262654574626290E+00,
2462068.500000000, A.D. 2028-Oct-24 00:00:00.0000,  2.598767656538417E-04,  1.567709219688443E-04,  2.403984834219656E+01,  8.257729498426968E+01,  5.794038259741162E+01,  2.462068145183276E+06,  2.851323343961874E+02,  1.011697206965351E+02,  1.011989344439245E+02,  1.568116736794169E-04,  1.568524253899894E-04,  1.262571643312067E+00,
2462069.500000000, A.D. 2028-Oct-25 00:00:00.0000,  3.906767108508001E-04,  1.567489992245292E-04,  2.403972859073314E+01,  8.257880264787829E+01,  5.011728610775963E+01,  2.462069380158558E+06,  2.851361865427128E+02,  3.417113176144055E+01,  3.419628675609086E+01,  1.568102613416579E-04,  1.568715234587865E-04,  1.262554586161138E+00,
2462070.500000000, A.D. 2028-Oct-26 00:00:00.0000,  3.530904425729702E-04,  1.567637625154265E-04,  2.403937301767533E+01,  8.258058160385735E+01,  4.525392281777924E+01,  2.462070625617052E+06,  2.851119882371884E+02,  3.241850724105255E+02,  3.241613873048922E+02,  1.568191338528025E-04,  1.568745051901785E-04,  1.262661742937695E+00,
2462071.500000000, A.D. 2028-Oct-27 00:00:00.0000,  3.028073028883416E-04,  1.567614141163960E-04,  2.403921036130334E+01,  8.258224126241113E+01,  3.461777668576082E+01,  2.462071850784279E+06,  2.851399078744990E+02,  2.599774029502839E+02,  2.599432355794225E+02,  1.568088969955641E-04,  1.568563798747323E-04,  1.262538108690313E+00,
2462072.500000000, A.D. 2028-Oct-28 00:00:00.0000,  2.513478609068498E-04,  1.567747625949527E-04,  2.403891236826405E+01,  8.258379532915700E+01,  5.555565159806005E+01,  2.462071924064788E+06,  2.851255054388244E+02,  1.642138184539193E+02,  1.642216517104780E+02,  1.568141775030280E-04,  1.568535924111032E-04,  1.262601882795225E+00,
2462073.500000000, A.D. 2028-Oct-29 00:00:00.0000,  2.900226501736771E-04,  1.567715478055402E-04,  2.403871522446449E+01,  8.258566979946562E+01,  5.424873916081164E+01,  2.462073182005494E+06,  2.851177304859685E+02,  9.066587177374325E+01,  9.069910353518384E+01,  1.568170282956789E-04,  1.568625087858175E-04,  1.262636313029002E+00,
2462074.500000000, A.D. 2028-Oct-30 00:00:00.0000,  3.991353651997202E-04,  1.567450925853547E-04,  2.403850605397609E+01,  8.258702281840263E+01,  5.273094118676529E+01,  2.462074439153844E+06,  2.851432271602940E+02,  1.734986924480180E+01,  1.736351494227565E+01,  1.568076800760080E-04,  1.568702675666612E-04,  1.262523411778688E+00,
2462075.500000000, A.D. 2028-Oct-31 00:00:00.0000,  3.272923659361779E-04,  1.567658201395610E-04,  2.403816689505658E+01,  8.258902158334867E+01,  4.037807299900602E+01,  2.462075658277559E+06,  2.851174116772063E+02,  3.148723120620268E+02,  3.148457253539563E+02,  1.568171451940309E-04,  1.568684702485008E-04,  1.262637724866734E+00,
2462076.500000000, A.D. 2028-Nov-01 00:00:00.0000,  2.995773186336740E-04,  1.567668623279023E-04,  2.403804996715845E+01,  8.259043433202528E+01,  3.728000365655771E+01,  2.462076909945495E+06,  2.851264253934469E+02,  2.431137063589694E+02,  2.430830932840597E+02,  1.568138401976733E-04,  1.568608180674444E-04,  1.262597809035885E+00,
2462077.500000000, A.D. 2028-Nov-02 00:00:00.0000,  2.411032381702299E-04,  1.567719522188615E-04,  2.403765282654780E+01,  8.259211893358818E+01,  5.762704694686761E+01,  2.462076981161613E+06,  2.851375551722989E+02,  1.479403093179135E+02,  1.479549707937886E+02,  1.568097595596680E-04,  1.568475669004745E-04,  1.262548526034967E+00,
2462078.500000000, A.D. 2028-Nov-03 00:00:00.0000,  3.278161354525745E-04,  1.567663191742418E-04,  2.403754188462367E+01,  8.259390244361067E+01,  5.352228502317223E+01,  2.462078229220018E+06,  2.851158261797058E+02,  7.720365822048383E+01,  7.724029352271006E+01,  1.568177265553316E-04,  1.568691339364214E-04,  1.262644746255143E+00,
2462079.500000000, A.D. 2028-Nov-04 00:00:00.0000,  3.825924798990800E-04,  1.567517493680684E-04,  2.403726157756175E+01,  8.259514659307121E+01,  5.345477457564903E+01,  2.462079491513810E+06,  2.851321416113532E+02,  2.419685474776260E+00,  2.421537316217207E+00,  1.568117443622212E-04,  1.568717393563741E-04,  1.262572496967721E+00,
2462080.500000000, A.D. 2028-Nov-05 00:00:00.0000,  3.235512680382795E-04,  1.567600101944609E-04,  2.403694184756729E+01,  8.259718708148090E+01,  3.492038593862043E+01,  2.462080688916039E+06,  2.851348632369807E+02,  3.061334510690053E+02,  3.061034994561725E+02,  1.568107465103364E-04,  1.568614828262118E-04,  1.262560445654089E+00,
2462081.500000000, A.D. 2028-Nov-06 00:00:00.0000,  2.874994844047580E-04,  1.567733585495587E-04,  2.403685787707049E+01,  8.259852851710876E+01,  4.224911724371058E+01,  2.462081977167830E+06,  2.851138701975402E+02,  2.239528332194352E+02,  2.239299731214390E+02,  1.568184437712881E-04,  1.568635289930174E-04,  1.262653408445458E+00,
2462082.500000000, A.D. 2028-Nov-07 00:00:00.0000,  2.398546329187405E-04,  1.567719728847698E-04,  2.403642676470709E+01,  8.260025077917966E+01,  5.663156817819510E+01,  2.462082027494139E+06,  2.851380329566560E+02,  1.347293918766340E+02,  1.347489143852350E+02,  1.568095843900719E-04,  1.568471958953739E-04,  1.262546410477356E+00,
2462083.500000000, A.D. 2028-Nov-08 00:00:00.0000,  3.575267272179030E-04,  1.567574708171097E-04,  2.403634623643858E+01,  8.260193985703995E+01,  5.430864425953072E+01,  2.462083281763627E+06,  2.851272554718952E+02,  6.222513810012504E+01,  6.226139490841594E+01,  1.568135358473647E-04,  1.568696008776197E-04,  1.262594133290372E+00,
2462084.500000000, A.D. 2028-Nov-09 00:00:00.0000,  3.617872867496793E-04,  1.567609543301428E-04,  2.403602298143048E+01,  8.260322538932553E+01,  5.005657016643023E+01,  2.462084529384123E+06,  2.851159286652343E+02,  3.516221183726909E+02,  3.516160752255657E+02,  1.568176889763519E-04,  1.568744236225610E-04,  1.262644292394796E+00,
2462085.500000000, A.D. 2028-Nov-10 00:00:00.0000,  3.382094174205306E-04,  1.567539486167206E-04,  2.403574868491615E+01,  8.260510719217302E+01,  3.371551840788529E+01,  2.462085734506597E+06,  2.851451306847001E+02,  2.931315858468522E+02,  2.930959397660836E+02,  1.568069822148230E-04,  1.568600158129253E-04,  1.262514983635021E+00,
2462086.500000000, A.D. 2028-Nov-11 00:00:00.0000,  2.648867569959642E-04,  1.567761579503745E-04,  2.403561559240260E+01,  8.260650439449435E+01,  4.888535492002928E+01,  2.462087050201472E+06,  2.851159071061690E+02,  2.031288080961498E+02,  2.031168887720098E+02,  1.568176968815410E-04,  1.568592358127075E-04,  1.262644387869760E+00,
2462087.500000000, A.D. 2028-Nov-12 00:00:00.0000,  2.529463619894791E-04,  1.567740808073615E-04,  2.403524337831076E+01,  8.260819659645813E+01,  5.469273832285419E+01,  2.462087070483656E+06,  2.851266815584354E+02,  1.224665698701550E+02,  1.224910209399101E+02,  1.568137462739915E-04,  1.568534117406215E-04,  1.262596674686229E+00,
2462088.500000000, A.D. 2028-Nov-13 00:00:00.0000,  3.729576159815696E-04,  1.567506640384472E-04,  2.403514102432082E+01,  8.260972833558581E+01,  5.572011691775421E+01,  2.462088336526606E+06,  2.851392254102421E+02,  4.661267699115106E+01,  4.664374563443300E+01,  1.568091472041526E-04,  1.568676303698579E-04,  1.262541130502310E+00,
2462089.500000000, A.D. 2028-Nov-14 00:00:00.0000,  3.523322679340127E-04,  1.567637831519164E-04,  2.403478600246445E+01,  8.261117711369322E+01,  4.461172146701583E+01,  2.462089560050118E+06,  2.851122563002338E+02,  3.428789752304631E+02,  3.428670843926902E+02,  1.568190355583699E-04,  1.568742879648234E-04,  1.262660555780901E+00,
2462090.500000000, A.D. 2028-Nov-15 00:00:00.0000,  3.414397610887666E-04,  1.567565642564053E-04,  2.403459724607198E+01,  8.261283697724753E+01,  3.673133155612653E+01,  2.462090794914893E+06,  2.851366117110464E+02,  2.759089667614825E+02,  2.758700468279494E+02,  1.568101054613504E-04,  1.568636466662954E-04,  1.262552703560983E+00,
2462091.500000000, A.D. 2028-Nov-16 00:00:00.0000,  2.354381400918853E-04,  1.567751465795612E-04,  2.403433072513059E+01,  8.261427695943831E+01,  5.324092487070820E+01,  2.462092115230503E+06,  2.851312640291522E+02,  1.845785490479031E+02,  1.845763960431673E+02,  1.568120661207527E-04,  1.568489856619441E-04,  1.262576382936362E+00,
2462092.500000000, A.D. 2028-Nov-17 00:00:00.0000,  2.813941994740822E-04,  1.567738680033721E-04,  2.403407500015589E+01,  8.261597138285062E+01,  5.345211550970757E+01,  2.462092115891523E+06,  2.851150922299309E+02,  1.095151238314642E+02,  1.095455132689059E+02,  1.568179956777290E-04,  1.568621233520859E-04,  1.262647996584054E+00,
2462093.500000000, A.D. 2028-Nov-18 00:00:00.0000,  3.738624882260636E-04,  1.567503627263865E-04,  2.403392351341000E+01,  8.261729360249740E+01,  5.650669307553571E+01,  2.462093389106113E+06,  2.851396604030568E+02,  3.162024521267061E+01,  3.164271538038960E+01,  1.568089877247135E-04,  1.568676127230405E-04,  1.262539204441518E+00,
2462094.500000000, A.D. 2028-Nov-19 00:00:00.0000,  3.535747364796524E-04,  1.567594704971046E-04,  2.403354578053818E+01,  8.261890935564338E+01,  4.012134913133915E+01,  2.462094594068835E+06,  2.851234905153312E+02,  3.331787654157835E+02,  3.331604767397723E+02,  1.568149162898079E-04,  1.568703620825111E-04,  1.262610805406938E+00,
2462095.500000000, A.D. 2028-Nov-20 00:00:00.0000,  3.193665391410107E-04,  1.567660443972170E-04,  2.403344740406401E+01,  8.262042556521388E+01,  4.069299360569068E+01,  2.462095858618349E+06,  2.851201906723505E+02,  2.577506680049610E+02,  2.577149075025899E+02,  1.568161262207296E-04,  1.568662080442422E-04,  1.262625418252818E+00,
2462096.500000000, A.D. 2028-Nov-21 00:00:00.0000,  2.168468816308360E-04,  1.567741005567469E-04,  2.403305748294554E+01,  8.262181986845501E+01,  5.122868896746910E+01,  2.462095895439505E+06,  2.851420711111953E+02,  1.723856316779771E+02,  1.723889233857269E+02,  1.568081039050932E-04,  1.568421072534394E-04,  1.262528530416729E+00,
2462097.500000000, A.D. 2028-Nov-22 00:00:00.0000,  3.212775179596029E-04,  1.567669398629280E-04,  2.403290185574020E+01,  8.262359399693682E+01,  5.425079362129878E+01,  2.462097168455092E+06,  2.851169301890448E+02,  9.452906632003739E+01,  9.456576588480043E+01,  1.568173217428306E-04,  1.568677036227332E-04,  1.262639857132666E+00,
2462098.500000000, A.D. 2028-Nov-23 00:00:00.0000,  3.665347472574065E-04,  1.567559888774942E-04,  2.403270052237537E+01,  8.262473731688625E+01,  5.548420510386214E+01,  2.462098435323879E+06,  2.851274447131737E+02,  1.844093719616866E+01,  1.845422926941087E+01,  1.568134664617903E-04,  1.568709440460865E-04,  1.262593295296933E+00,
2462099.500000000, A.D. 2028-Nov-24 00:00:00.0000,  3.598760510739437E-04,  1.567533547206588E-04,  2.403232893485315E+01,  8.262641968006184E+01,  3.801069668558114E+01,  2.462099636460867E+06,  2.851374808524996E+02,  3.210898921320555E+02,  3.210639809853042E+02,  1.568097868075048E-04,  1.568662188943508E-04,  1.262548855112550E+00,
2462100.500000000, A.D. 2028-Nov-25 00:00:00.0000,  2.847458934865240E-04,  1.567737170396837E-04,  2.403226896776595E+01,  8.262788051238721E+01,  4.353712852815594E+01,  2.462100918364047E+06,  2.851140702209726E+02,  2.407185238273449E+02,  2.406900684578864E+02,  1.568183704266860E-04,  1.568630238136882E-04,  1.262652522623623E+00,
2462101.500000000, A.D. 2028-Nov-26 00:00:00.0000,  2.276935163734803E-04,  1.567749134949246E-04,  2.403185207480882E+01,  8.262920797624615E+01,  4.750021136151282E+01,  2.462100932172385E+06,  2.851352130518454E+02,  1.619076479993797E+02,  1.619157485905221E+02,  1.568106182560000E-04,  1.568463230170754E-04,  1.262558896696292E+00,
2462102.500000000, A.D. 2028-Nov-27 00:00:00.0000,  3.532617147451147E-04,  1.567562267746046E-04,  2.403173360758490E+01,  8.263102513864371E+01,  5.744902188153505E+01,  2.462102229468462E+06,  2.851324744849528E+02,  7.713732692060570E+01,  7.717679579990050E+01,  1.568116223171963E-04,  1.568670178597880E-04,  1.262571022996534E+00,
2462103.500000000, A.D. 2028-Nov-28 00:00:00.0000,  3.570287191863699E-04,  1.567625188393946E-04,  2.403148689632132E+01,  8.263211694875642E+01,  5.203065146487498E+01,  2.462103472985087E+06,  2.851136962613461E+02,  7.702321539301439E+00,  7.707807314949399E+00,  1.568185075502900E-04,  1.568744962611855E-04,  1.262654178738612E+00,
2462104.500000000, A.D. 2028-Nov-29 00:00:00.0000,  3.622031544625003E-04,  1.567516785019239E-04,  2.403116650857450E+01,  8.263375092276308E+01,  3.831253442179666E+01,  2.462104687336450E+06,  2.851410588363278E+02,  3.065826861279040E+02,  3.065493483779233E+02,  1.568084750262249E-04,  1.568652715505258E-04,  1.262533012499759E+00,
2462105.500000000, A.D. 2028-Nov-30 00:00:00.0000,  2.535857063282977E-04,  1.567754153053967E-04,  2.403106261818511E+01,  8.263515143424762E+01,  4.474323246973130E+01,  2.462105972347533E+06,  2.851227674917598E+02,  2.253229640611110E+02,  2.253023055087041E+02,  1.568151813939334E-04,  1.568549474824702E-04,  1.262614007176415E+00,
2462106.500000000, A.D. 2028-Dec-01 00:00:00.0000,  2.578948192553435E-04,  1.567759307646161E-04,  2.403070864427673E+01,  8.263649564739693E+01,  4.897214937622626E+01,  2.462105987096646E+06,  2.851195179264092E+02,  1.462387569532017E+02,  1.462551759018629E+02,  1.568163728947601E-04,  1.568568150249040E-04,  1.262628397446007E+00,
2462107.500000000, A.D. 2028-Dec-02 00:00:00.0000,  3.577848558453748E-04,  1.567510766288740E-04,  2.403058602075838E+01,  8.263817255385332E+01,  6.088120080331256E+01,  2.462107291330602E+06,  2.851445915662343E+02,  5.950095018981347E+01,  5.953628459396658E+01,  1.568071798631169E-04,  1.568632830973597E-04,  1.262517370652559E+00,
2462108.500000000, A.D. 2028-Dec-03 00:00:00.0000,  3.547477692091665E-04,  1.567631090025863E-04,  2.403029105642129E+01,  8.263935872109774E+01,  4.617703852289783E+01,  2.462108502211520E+06,  2.851130620580020E+02,  3.593694667528153E+02,  3.593690192028757E+02,  1.568187401008072E-04,  1.568743711990281E-04,  1.262656987377041E+00,
2462109.500000000, A.D. 2028-Dec-04 00:00:00.0000,  3.532213483308061E-04,  1.567567187268230E-04,  2.403006371374462E+01,  8.264092242081517E+01,  3.984035275316828E+01,  2.462109742511114E+06,  2.851311495027064E+02,  2.908525272773692E+02,  2.908146963503884E+02,  1.568121081110846E-04,  1.568674974953462E-04,  1.262576890065752E+00,
2462110.500000000, A.D. 2028-Dec-05 00:00:00.0000,  2.343398009267328E-04,  1.567737515708047E-04,  2.402985580655552E+01,  8.264219900107318E+01,  4.403958673816981E+01,  2.462111019652412E+06,  2.851355396558566E+02,  2.118286291655820E+02,  2.118144707521277E+02,  1.568104985118092E-04,  1.568472454528137E-04,  1.262557450518097E+00,
2462111.500000000, A.D. 2028-Dec-06 00:00:00.0000,  2.883740573787246E-04,  1.567734148105025E-04,  2.402958572805755E+01,  8.264366853165915E+01,  5.362182788571790E+01,  2.462111053155891E+06,  2.851133425836276E+02,  1.274012174579047E+02,  1.274274629002225E+02,  1.568186372371952E-04,  1.568638596638879E-04,  1.262655745037282E+00,
2462112.500000000, A.D. 2028-Dec-07 00:00:00.0000,  3.432474828419792E-04,  1.567555992235641E-04,  2.402945829554365E+01,  8.264505856201068E+01,  6.106138034031240E+01,  2.462112341781419E+06,  2.851384713480117E+02,  4.511420443322262E+01,  4.514208107292488E+01,  1.568094236635225E-04,  1.568632481034809E-04,  1.262544469352295E+00,
2462113.500000000, A.D. 2028-Dec-08 00:00:00.0000,  3.701505049705793E-04,  1.567552157518545E-04,  2.402911610752206E+01,  8.264637374282449E+01,  4.118499260553178E+01,  2.462113534475947E+06,  2.851280071082263E+02,  3.501699420420491E+02,  3.501626971858670E+02,  1.568132602593257E-04,  1.568713047667968E-04,  1.262590804919961E+00,
2462114.500000000, A.D. 2028-Dec-09 00:00:00.0000,  3.302897691199010E-04,  1.567653225188591E-04,  2.402899277441092E+01,  8.264794357242666E+01,  4.177448476360176E+01,  2.462114799085728E+06,  2.851174869094530E+02,  2.747254287811115E+02,  2.746877077309893E+02,  1.568171176084280E-04,  1.568689126979970E-04,  1.262637391702067E+00,
2462115.500000000, A.D. 2028-Dec-10 00:00:00.0000,  2.312979164301071E-04,  1.567729108486529E-04,  2.402868957912901E+01,  8.264906358179736E+01,  4.268761242294973E+01,  2.462116064719746E+06,  2.851391346332053E+02,  1.989763002188678E+02,  1.989676838263969E+02,  1.568091804853763E-04,  1.568454501220996E-04,  1.262541532445532E+00,
2462116.500000000, A.D. 2028-Dec-11 00:00:00.0000,  3.108490558626126E-04,  1.567664967891574E-04,  2.402847489754591E+01,  8.265069646848498E+01,  5.799708381142015E+01,  2.462116118278597E+06,  2.851226004020307E+02,  1.088373989849839E+02,  1.088711075422072E+02,  1.568152426592829E-04,  1.568639885294084E-04,  1.262614747103141E+00,
2462117.500000000, A.D. 2028-Dec-12 00:00:00.0000,  3.376622647011513E-04,  1.567628019411630E-04,  2.402834664479299E+01,  8.265183425727886E+01,  5.675768854689460E+01,  2.462117376472421E+06,  2.851212093589759E+02,  3.522033290142979E+01,  3.524265585408171E+01,  1.568157527033616E-04,  1.568687034655602E-04,  1.262620907120065E+00,
2462118.500000000, A.D. 2028-Dec-13 00:00:00.0000,  3.901083974374328E-04,  1.567468099506200E-04,  2.402798277476934E+01,  8.265320291730647E+01,  4.074963936245432E+01,  2.462118582756116E+06,  2.851424034554827E+02,  3.364027221955796E+02,  3.363848192875729E+02,  1.568079820612074E-04,  1.568691541717947E-04,  1.262527058891836E+00,
2462119.500000000, A.D. 2028-Dec-14 00:00:00.0000,  2.929620737860385E-04,  1.567720971612356E-04,  2.402791479151756E+01,  8.265480745325000E+01,  4.329663821978083E+01,  2.462119854183985E+06,  2.851149743569837E+02,  2.590168421063599E+02,  2.589838883385209E+02,  1.568180388991185E-04,  1.568639806370014E-04,  1.262648518591153E+00,
2462120.500000000, A.D. 2028-Dec-15 00:00:00.0000,  2.410144607621226E-04,  1.567748728267197E-04,  2.402758981710258E+01,  8.265581821410483E+01,  4.325778444023496E+01,  2.462121116547497E+06,  2.851296253138872E+02,  1.842040433857819E+02,  1.842020193412930E+02,  1.568126669470846E-04,  1.568504610674495E-04,  1.262583639296306E+00,
2462121.500000000, A.D. 2028-Dec-16 00:00:00.0000,  3.212376507837632E-04,  1.567596164242520E-04,  2.402740208072279E+01,  8.265752978503606E+01,  6.106799066788795E+01,  2.462121178857743E+06,  2.851369274626610E+02,  9.156951649856657E+01,  9.160631340408601E+01,  1.568099896969617E-04,  1.568603629696714E-04,  1.262551305450054E+00,
2462122.500000000, A.D. 2028-Dec-17 00:00:00.0000,  3.516177056910554E-04,  1.567640035038467E-04,  2.402725626041358E+01,  8.265855402252798E+01,  5.128828459882302E+01,  2.462122407046929E+06,  2.851119608604312E+02,  2.650203246873155E+01,  2.652001921245879E+01,  1.568191438914303E-04,  1.568742842790139E-04,  1.262661864179834E+00,
2462123.500000000, A.D. 2028-Dec-18 00:00:00.0000,  3.894921859316892E-04,  1.567479314086136E-04,  2.402692719343766E+01,  8.265992975045276E+01,  4.327473193107339E+01,  2.462123641435463E+06,  2.851396070326611E+02,  3.196711476376435E+02,  3.196422519207181E+02,  1.568090072916374E-04,  1.568700831746611E-04,  1.262539440754592E+00,
2462124.500000000, A.D. 2028-Dec-19 00:00:00.0000,  2.547074881192825E-04,  1.567733713060558E-04,  2.402682899001102E+01,  8.266145186535553E+01,  4.175740382327453E+01,  2.462124898538017E+06,  2.851278637242685E+02,  2.463657066018768E+02,  2.463389708344193E+02,  1.568133128310706E-04,  1.568532543560855E-04,  1.262591439846567E+00,
2462125.500000000, A.D. 2028-Dec-20 00:00:00.0000,  2.593006905856752E-04,  1.567770035356988E-04,  2.402655379120246E+01,  8.266249343929746E+01,  4.664384840516269E+01,  2.462124915588999E+06,  2.851159900585513E+02,  1.666249210900190E+02,  1.666317924311076E+02,  1.568176664649091E-04,  1.568583293941195E-04,  1.262644020512741E+00,
2462126.500000000, A.D. 2028-Dec-21 00:00:00.0000,  3.209816761915106E-04,  1.567577205912071E-04,  2.402638768719859E+01,  8.266411516388584E+01,  6.220877981194227E+01,  2.462126232678030E+06,  2.851422096803015E+02,  7.622477720440975E+01,  7.626050446398318E+01,  1.568080531029324E-04,  1.568583856146577E-04,  1.262527916872175E+00,
2462127.500000000, A.D. 2028-Dec-22 00:00:00.0000,  3.728474950162023E-04,  1.567581545486735E-04,  2.402619658780134E+01,  8.266512994688962E+01,  4.759738840400225E+01,  2.462127443862901E+06,  2.851188351876502E+02,  1.600574431273375E+01,  1.601753036459067E+01,  1.568166232338231E-04,  1.568750919189727E-04,  1.262631420905837E+00,
2462128.500000000, A.D. 2028-Dec-23 00:00:00.0000,  3.621665056477502E-04,  1.567578778109997E-04,  2.402595029096030E+01,  8.266655559113232E+01,  4.480658393175192E+01,  2.462128696613395E+06,  2.851241599588406E+02,  3.039407710244597E+02,  3.039063322755242E+02,  1.568146708323694E-04,  1.568714638537390E-04,  1.262607840920840E+00,
2462129.500000000, A.D. 2028-Dec-24 00:00:00.0000,  2.416541400010897E-04,  1.567703672679293E-04,  2.402578115726961E+01,  8.266783320420156E+01,  3.675936367000233E+01,  2.462129930794281E+06,  2.851416436165581E+02,  2.371626107239359E+02,  2.371393477581320E+02,  1.568082606332977E-04,  1.568461539986660E-04,  1.262530423245042E+00,
2462130.500000000, A.D. 2028-Dec-25 00:00:00.0000,  2.831415099755094E-04,  1.567743172937197E-04,  2.402555666914157E+01,  8.266908263700483E+01,  5.258842094590614E+01,  2.462129986188710E+06,  2.851131191051148E+02,  1.464943394190264E+02,  1.465122447490437E+02,  1.568187191826615E-04,  1.568631210716033E-04,  1.262656734737190E+00,
2462131.500000000, A.D. 2028-Dec-26 00:00:00.0000,  3.196488976543253E-04,  1.567611873802003E-04,  2.402542564799662E+01,  8.267048137600081E+01,  6.094324173877776E+01,  2.462131278041494E+06,  2.851333210222418E+02,  6.328776591551577E+01,  6.332049163559977E+01,  1.568113119432027E-04,  1.568614365062050E-04,  1.262567274527407E+00,
2462132.500000000, A.D. 2028-Dec-27 00:00:00.0000,  3.903754093079295E-04,  1.567502451692949E-04,  2.402517763331779E+01,  8.267151766024763E+01,  4.622685475671364E+01,  2.462132488843296E+06,  2.851329158166635E+02,  3.181143680542034E+00,  3.183627295262821E+00,  1.568114605073746E-04,  1.568726758454544E-04,  1.262569068775893E+00,
2462133.500000000, A.D. 2028-Dec-28 00:00:00.0000,  3.248934630142332E-04,  1.567672110333221E-04,  2.402501273862234E+01,  8.267304435638883E+01,  4.351304064058543E+01,  2.462133741846407E+06,  2.851146434692281E+02,  2.910460477782485E+02,  2.910112962016362E+02,  1.568181602284623E-04,  1.568691094236024E-04,  1.262649983948839E+00,
2462134.500000000, A.D. 2028-Dec-29 00:00:00.0000,  2.553579283983666E-04,  1.567691333215065E-04,  2.402480920188965E+01,  8.267404123518112E+01,  3.500416375677844E+01,  2.462134974463500E+06,  2.851391474462229E+02,  2.247118821524770E+02,  2.246912998693303E+02,  1.568091757877896E-04,  1.568492182540726E-04,  1.262541475711944E+00,
2462135.500000000, A.D. 2028-Dec-30 00:00:00.0000,  2.992335593541700E-04,  1.567669139822156E-04,  2.402458226275616E+01,  8.267555453464891E+01,  5.947466778076085E+01,  2.462135060128666E+06,  2.851264315370522E+02,  1.254189438424318E+02,  1.254468816547591E+02,  1.568138379450999E-04,  1.568607619079842E-04,  1.262597781830752E+00,
2462136.500000000, A.D. 2028-Dec-31 00:00:00.0000,  3.254990999028315E-04,  1.567657776997765E-04,  2.402449767412066E+01,  8.267672550230444E+01,  5.746485860028826E+01,  2.462136315611808E+06,  2.851182946469159E+02,  5.257244690190550E+01,  5.260207455680280E+01,  1.568168214340029E-04,  1.568678651682292E-04,  1.262633814662142E+00,
2462137.500000000, A.D. 2029-Jan-01 00:00:00.0000,  3.964932116165870E-04,  1.567466864857008E-04,  2.402421380568001E+01,  8.267777782755738E+01,  4.659048201701017E+01,  2.462137539928659E+06,  2.851400084169168E+02,  3.486147417694131E+02,  3.486057683525270E+02,  1.568088601342653E-04,  1.568710337828299E-04,  1.262537663510295E+00,
2462138.500000000, A.D. 2029-Jan-02 00:00:00.0000,  2.953029487712364E-04,  1.567697422525321E-04,  2.402409205350926E+01,  8.267935648014394E+01,  4.027037616532701E+01,  2.462138780225484E+06,  2.851203971980973E+02,  2.801019986523611E+02,  2.800686818792561E+02,  1.568160504946579E-04,  1.568623587367836E-04,  1.262624503675468E+00,
2462139.500000000, A.D. 2029-Jan-03 00:00:00.0000,  2.691447462308674E-04,  1.567728187994795E-04,  2.402391094057269E+01,  8.268020912776808E+01,  3.955426748761405E+01,  2.462140040247042E+06,  2.851231947379848E+02,  2.059630375574936E+02,  2.059495394077688E+02,  1.568150247395182E-04,  1.568572306795569E-04,  1.262612115197515E+00,
2462140.500000000, A.D. 2029-Jan-04 00:00:00.0000,  2.943148033726592E-04,  1.567618067184358E-04,  2.402366111608545E+01,  8.268183803572276E+01,  6.404598914520712E+01,  2.462140125984935E+06,  2.851424701174782E+02,  1.066475794154371E+02,  1.066798883758051E+02,  1.568079576216505E-04,  1.568541085248652E-04,  1.262526763732111E+00,
2462141.500000000, A.D. 2029-Jan-05 00:00:00.0000,  3.450021528012845E-04,  1.567649197411095E-04,  2.402360550996278E+01,  8.268289005346764E+01,  5.264261532781703E+01,  2.462141348449653E+06,  2.851122915263686E+02,  4.320886675391487E+01,  4.323594283734641E+01,  1.568190226415210E-04,  1.568731255419325E-04,  1.262660399776926E+00,
2462142.500000000, A.D. 2029-Jan-06 00:00:00.0000,  3.875996018949288E-04,  1.567504129935402E-04,  2.402332827724322E+01,  8.268397719467059E+01,  4.724015047718660E+01,  2.462142592018283E+06,  2.851336455756943E+02,  3.337624916012148E+02,  3.337428472135668E+02,  1.568111929495001E-04,  1.568719729054600E-04,  1.262565837409851E+00,
2462143.500000000, A.D. 2029-Jan-07 00:00:00.0000,  2.805464882875266E-04,  1.567671547152587E-04,  2.402321063145102E+01,  8.268545400057407E+01,  3.662892512090082E+01,  2.462143817221969E+06,  2.851337694513108E+02,  2.695493041808506E+02,  2.695171570063395E+02,  1.568111475320231E-04,  1.568551403487876E-04,  1.262565288891442E+00,
2462144.500000000, A.D. 2029-Jan-08 00:00:00.0000,  2.718182128328759E-04,  1.567764146368817E-04,  2.402306273528299E+01,  8.268635441319518E+01,  4.711628090459882E+01,  2.462145116554166E+06,  2.851122417101413E+02,  1.842128597297779E+02,  1.842105723040140E+02,  1.568190409083196E-04,  1.568616671797574E-04,  1.262660620395224E+00,
2462145.500000000, A.D. 2029-Jan-09 00:00:00.0000,  2.808889804335688E-04,  1.567638021183994E-04,  2.402283769380783E+01,  8.268788568760571E+01,  6.334265326449878E+01,  2.462145173339540E+06,  2.851427699025087E+02,  9.314486833643568E+01,  9.317700674797305E+01,  1.568078477148680E-04,  1.568518933113366E-04,  1.262525436373804E+00,
2462146.500000000, A.D. 2029-Jan-10 00:00:00.0000,  3.783444668669025E-04,  1.567558181400267E-04,  2.402276585218960E+01,  8.268891587422679E+01,  4.950665028693833E+01,  2.462146387216475E+06,  2.851228577937660E+02,  3.215716106388496E+01,  3.218024576410873E+01,  1.568151482837008E-04,  1.568744784273749E-04,  1.262613607290629E+00,
2462147.500000000, A.D. 2029-Jan-11 00:00:00.0000,  3.653382198946626E-04,  1.567588522764746E-04,  2.402252917050525E+01,  8.269012201908515E+01,  4.701437747285843E+01,  2.462147641014933E+06,  2.851201443459404E+02,  3.197938018804015E+02,  3.197667671165141E+02,  1.568161432070846E-04,  1.568734341376947E-04,  1.262625623404591E+00,
2462148.500000000, A.D. 2029-Jan-12 00:00:00.0000,  2.797334679673237E-04,  1.567647185016849E-04,  2.402240324175411E+01,  8.269135519624646E+01,  3.456694224231887E+01,  2.462148859789942E+06,  2.851407640255161E+02,  2.574092210397419E+02,  2.573779391969766E+02,  1.568085831104454E-04,  1.568524477192059E-04,  1.262534317849359E+00,
2462149.500000000, A.D. 2029-Jan-13 00:00:00.0000,  2.693830159028942E-04,  1.567749477286877E-04,  2.402224654035291E+01,  8.269242239873056E+01,  5.418111753286109E+01,  2.462148928437641E+06,  2.851172850720183E+02,  1.629623080854105E+02,  1.629713498201212E+02,  1.568171916167108E-04,  1.568594355047340E-04,  1.262638285535957E+00,
2462150.500000000, A.D. 2029-Jan-14 00:00:00.0000,  2.881089060548530E-04,  1.567682736195457E-04,  2.402210248383879E+01,  8.269376509180876E+01,  5.877099771077154E+01,  2.462150207089819E+06,  2.851274815052441E+02,  8.351674222285713E+01,  8.354954727023907E+01,  1.568134529719361E-04,  1.568586323243266E-04,  1.262593132375347E+00,
2462151.500000000, A.D. 2029-Jan-15 00:00:00.0000,  4.048164543064364E-04,  1.567458282899802E-04,  2.402197865546102E+01,  8.269475655535147E+01,  5.021730695174001E+01,  2.462151439508855E+06,  2.851387887979131E+02,  1.724837191638522E+01,  1.726213344097674E+01,  1.568093072777546E-04,  1.568727862655291E-04,  1.262543063739895E+00,
2462152.500000000, A.D. 2029-Jan-16 00:00:00.0000,  3.325094327759052E-04,  1.567662605745856E-04,  2.402178770081773E+01,  8.269615623209584E+01,  4.481608677259388E+01,  2.462152683063986E+06,  2.851139781883388E+02,  3.078058987466402E+02,  3.077757863824252E+02,  1.568184041732060E-04,  1.568705477718264E-04,  1.262652930198299E+00,
2462153.500000000, A.D. 2029-Jan-17 00:00:00.0000,  2.831595997585934E-04,  1.567666154493452E-04,  2.402168042700157E+01,  8.269713438964111E+01,  3.538847983285439E+01,  2.462153912489454E+06,  2.851341227639920E+02,  2.423851812782710E+02,  2.423564346169476E+02,  1.568110179944383E-04,  1.568554205395314E-04,  1.262563724433554E+00,
2462154.500000000, A.D. 2029-Jan-18 00:00:00.0000,  2.648575753704698E-04,  1.567702973944411E-04,  2.402147268893804E+01,  8.269837399789267E+01,  5.888685828502391E+01,  2.462153994746965E+06,  2.851319075042240E+02,  1.440637615605823E+02,  1.440815689933228E+02,  1.568118301955761E-04,  1.568533629967111E-04,  1.262573533600994E+00,
2462155.500000000, A.D. 2029-Jan-19 00:00:00.0000,  3.192214537702477E-04,  1.567681715888088E-04,  2.402141701396897E+01,  8.269958054883703E+01,  5.538226689584801E+01,  2.462155244956374E+06,  2.851144495552976E+02,  7.271662315996797E+01,  7.275155568389189E+01,  1.568182313325924E-04,  1.568682910763761E-04,  1.262650842710721E+00,
2462156.500000000, A.D. 2029-Jan-20 00:00:00.0000,  4.037252299236382E-04,  1.567451532868180E-04,  2.402124668568883E+01,  8.270049175576425E+01,  5.261203415902604E+01,  2.462156497725909E+06,  2.851410975888053E+02,  6.484368230287093E-01,  6.489606567966226E-01,  1.568084608187160E-04,  1.568717683506140E-04,  1.262532840913543E+00,
2462157.500000000, A.D. 2029-Jan-21 00:00:00.0000,  3.047219717679944E-04,  1.567669970067724E-04,  2.402108140243787E+01,  8.270201145782190E+01,  3.951524692564942E+01,  2.462157714223717E+06,  2.851238569958909E+02,  2.989197074661192E+02,  2.988891376773261E+02,  1.568147819163203E-04,  1.568625668258682E-04,  1.262609182525151E+00,
2462158.500000000, A.D. 2029-Jan-22 00:00:00.0000,  2.828829018383370E-04,  1.567720627376884E-04,  2.402103164224959E+01,  8.270286744510487E+01,  3.900143174484893E+01,  2.462158974967699E+06,  2.851193801238198E+02,  2.245775039823036E+02,  2.245547577878777E+02,  1.568164234226021E-04,  1.568607841075158E-04,  1.262629007693765E+00,
2462159.500000000, A.D. 2029-Jan-23 00:00:00.0000,  2.600121968414751E-04,  1.567675165931393E-04,  2.402078207517683E+01,  8.270418744827477E+01,  6.030699702651896E+01,  2.462159049549176E+06,  2.851415671684742E+02,  1.284422539314646E+02,  1.284655858668677E+02,  1.568082886607570E-04,  1.568490607283746E-04,  1.262530761736664E+00,
2462160.500000000, A.D. 2029-Jan-24 00:00:00.0000,  3.542326287645179E-04,  1.567618902422012E-04,  2.402077927254082E+01,  8.270533407536699E+01,  5.436237298158031E+01,  2.462160291133628E+06,  2.851166074135125E+02,  5.955127140811816E+01,  5.958627299225843E+01,  1.568174400962426E-04,  1.568729899502840E-04,  1.262641286545199E+00,
2462161.500000000, A.D. 2029-Jan-25 00:00:00.0000,  3.792842954592371E-04,  1.567539779053076E-04,  2.402059689363051E+01,  8.270622734251138E+01,  5.266575364757442E+01,  2.462161547717476E+06,  2.851274765575197E+02,  3.463944365322066E+02,  3.463842077874073E+02,  1.568134547860247E-04,  1.568729316667417E-04,  1.262593154284715E+00,
2462162.500000000, A.D. 2029-Jan-26 00:00:00.0000,  3.039948692340382E-04,  1.567611588096702E-04,  2.402044519676404E+01,  8.270767301325834E+01,  3.406369494792401E+01,  2.462162744882733E+06,  2.851400963692963E+02,  2.901741139867033E+02,  2.901414116364258E+02,  1.568088278887990E-04,  1.568564969679278E-04,  1.262537274076494E+00,
2462163.500000000, A.D. 2029-Jan-27 00:00:00.0000,  2.766917098620611E-04,  1.567760024341888E-04,  2.402043644082575E+01,  8.270858674938228E+01,  4.547147423120644E+01,  2.462164047430242E+06,  2.851112813433903E+02,  2.039214620737433E+02,  2.039086096441414E+02,  1.568193930601941E-04,  1.568627836861995E-04,  1.262664873532006E+00,
2462164.500000000, A.D. 2029-Jan-28 00:00:00.0000,  2.624341082293954E-04,  1.567686753526581E-04,  2.402020484666865E+01,  8.270986497842325E+01,  5.908316249114606E+01,  2.462164095061231E+06,  2.851373695892490E+02,  1.154631752630639E+02,  1.154903229554138E+02,  1.568098275999259E-04,  1.568509798471937E-04,  1.262549347770842E+00,
2462165.500000000, A.D. 2029-Jan-29 00:00:00.0000,  3.796708321674640E-04,  1.567531812984072E-04,  2.402020877199462E+01,  8.271095865475499E+01,  5.478909679299587E+01,  2.462165342411666E+06,  2.851294846698756E+02,  4.493308056718218E+01,  4.496381908663293E+01,  1.568127185137398E-04,  1.568722557290725E-04,  1.262584262082927E+00,
2462166.500000000, A.D. 2029-Jan-30 00:00:00.0000,  3.528902407722935E-04,  1.567627685346107E-04,  2.402003499702048E+01,  8.271195478009020E+01,  4.884451617037717E+01,  2.462166584084636E+06,  2.851147855935361E+02,  3.360262270827029E+02,  3.360097896545997E+02,  1.568181081145408E-04,  1.568734476944707E-04,  1.262649354541793E+00,
2462167.500000000, A.D. 2029-Jan-31 00:00:00.0000,  3.194278725146130E-04,  1.567575766234101E-04,  2.401992482696698E+01,  8.271318967263186E+01,  3.345972043384139E+01,  2.462167792579012E+06,  2.851432672938529E+02,  2.765730647121576E+02,  2.765366999223558E+02,  1.568076653623508E-04,  1.568577541012915E-04,  1.262523234080094E+00,
2462168.500000000, A.D. 2029-Feb-01 00:00:00.0000,  2.620120434263348E-04,  1.567751003644578E-04,  2.401987313320775E+01,  8.271424692512548E+01,  5.315604419385060E+01,  2.462169124119319E+06,  2.851200219262390E+02,  1.820510859833197E+02,  1.820500117460190E+02,  1.568161880943428E-04,  1.568572758242277E-04,  1.262626165528048E+00,
2462169.500000000, A.D. 2029-Feb-02 00:00:00.0000,  2.780180448962349E-04,  1.567713788419464E-04,  2.401972666012294E+01,  8.271544030558913E+01,  5.700653177258939E+01,  2.462169137546277E+06,  2.851233270252549E+02,  1.033440115027824E+02,  1.033750074159977E+02,  1.568149762350497E-04,  1.568585736281531E-04,  1.262611529389571E+00,
2462170.500000000, A.D. 2029-Feb-03 00:00:00.0000,  3.896346345666575E-04,  1.567481218186118E-04,  2.401970642663819E+01,  8.271643507650478E+01,  5.587568815530135E+01,  2.462170396028306E+06,  2.851390265219715E+02,  2.964638749972557E+01,  2.966848220647682E+01,  1.568092201217906E-04,  1.568703184249695E-04,  1.262542011141572E+00,
2462171.500000000, A.D. 2029-Feb-04 00:00:00.0000,  3.383841007051756E-04,  1.567642638161586E-04,  2.401953609211463E+01,  8.271759146739420E+01,  4.343095282803896E+01,  2.462171614848276E+06,  2.851169122877293E+02,  3.272548142370985E+02,  3.272338327081697E+02,  1.568173283067727E-04,  1.568703927973867E-04,  1.262639936408618E+00,
2462172.500000000, A.D. 2029-Feb-05 00:00:00.0000,  3.198624726633511E-04,  1.567626745119690E-04,  2.401950769920765E+01,  8.271864583448998E+01,  3.701663432288907E+01,  2.462172854873720E+06,  2.851291722748103E+02,  2.588151499172341E+02,  2.587791953484461E+02,  1.568128330524945E-04,  1.568629915930201E-04,  1.262585645403650E+00,
2462173.500000000, A.D. 2029-Feb-06 00:00:00.0000,  2.403994814142786E-04,  1.567720823370070E-04,  2.401935437223551E+01,  8.271977551148049E+01,  5.724051343451551E+01,  2.462172925641760E+06,  2.851375012569249E+02,  1.637710733032798E+02,  1.637787700148706E+02,  1.568097793266378E-04,  1.568474763162685E-04,  1.262548764764617E+00,
2462174.500000000, A.D. 2029-Feb-07 00:00:00.0000,  3.092104048149094E-04,  1.567700297440375E-04,  2.401931727013519E+01,  8.272096376614725E+01,  5.534392974301279E+01,  2.462174181460677E+06,  2.851136632307134E+02,  9.081991328330604E+01,  9.085534235951056E+01,  1.568185196619846E-04,  1.568670095799318E-04,  1.262654325018050E+00,
2462175.500000000, A.D. 2029-Feb-08 00:00:00.0000,  3.847081644170466E-04,  1.567500997455783E-04,  2.401927020128061E+01,  8.272183451786886E+01,  5.626779060120980E+01,  2.462175447211870E+06,  2.851357374421000E+02,  1.505178248039261E+01,  1.506323613775842E+01,  1.568104259967250E-04,  1.568707522478717E-04,  1.262556574736978E+00,
2462176.500000000, A.D. 2029-Feb-09 00:00:00.0000,  3.362518604384605E-04,  1.567596593128763E-04,  2.401910081340078E+01,  8.272309461850212E+01,  3.905548510682718E+01,  2.462176649266375E+06,  2.851303867495081E+02,  3.174396208948809E+02,  3.174135513137313E+02,  1.568123877700037E-04,  1.568651162271312E-04,  1.262580267589179E+00,
2462177.500000000, A.D. 2029-Feb-10 00:00:00.0000,  2.976516066106269E-04,  1.567716526987834E-04,  2.401915367114014E+01,  8.272410160215883E+01,  4.164789550218544E+01,  2.462177920905400E+06,  2.851141806717339E+02,  2.399939017610541E+02,  2.399643703648569E+02,  1.568183299266321E-04,  1.568650071544807E-04,  1.262652033482985E+00,
2462178.500000000, A.D. 2029-Feb-11 00:00:00.0000,  2.291149101427234E-04,  1.567715199307447E-04,  2.401893846118086E+01,  8.272518115945029E+01,  5.484724105833789E+01,  2.462177967076481E+06,  2.851438633047729E+02,  1.519598710400259E+02,  1.519722099581869E+02,  1.568074468548406E-04,  1.568433737789364E-04,  1.262520595139787E+00,
2462179.500000000, A.D. 2029-Feb-12 00:00:00.0000,  3.499300072134955E-04,  1.567614120658475E-04,  2.401897307090542E+01,  8.272645492341796E+01,  5.576159523280197E+01,  2.462179232684671E+06,  2.851197527561919E+02,  7.621688054148055E+01,  7.625582895156093E+01,  1.568162867902152E-04,  1.568711615145829E-04,  1.262627357522433E+00,
2462180.500000000, A.D. 2029-Feb-13 00:00:00.0000,  3.706184554631982E-04,  1.567571316939138E-04,  2.401891143808046E+01,  8.272725398737624E+01,  5.483394647116920E+01,  2.462180491970365E+06,  2.851225795094746E+02,  2.289430143854550E+00,  2.291127488121318E+00,  1.568152503197804E-04,  1.568733689456470E-04,  1.262614839622119E+00,
2462181.500000000, A.D. 2029-Feb-14 00:00:00.0000,  3.412809144032075E-04,  1.567549391360382E-04,  2.401876294218992E+01,  8.272849645284118E+01,  3.708570203318568E+01,  2.462181692151429E+06,  2.851411138175523E+02,  3.052097274558415E+02,  3.051777665932157E+02,  1.568084548689020E-04,  1.568619706017658E-04,  1.262532769056749E+00,
2462182.500000000, A.D. 2029-Feb-15 00:00:00.0000,  2.683127742179516E-04,  1.567763957104165E-04,  2.401884256057087E+01,  8.272953844943861E+01,  4.556527807801573E+01,  2.462182984395708E+06,  2.851137929137997E+02,  2.218921022356631E+02,  2.218715770823558E+02,  1.568184721097168E-04,  1.568605485090172E-04,  1.262653750703815E+00,
2462183.500000000, A.D. 2029-Feb-16 00:00:00.0000,  2.462793257534188E-04,  1.567730472414748E-04,  2.401865921261647E+01,  8.273054148431717E+01,  5.166584361708067E+01,  2.462183005705336E+06,  2.851323533967902E+02,  1.409394009758831E+02,  1.409571802978592E+02,  1.568116667130231E-04,  1.568502861845715E-04,  1.262571559177025E+00,
2462184.500000000, A.D. 2029-Feb-17 00:00:00.0000,  3.775545102424219E-04,  1.567512203817880E-04,  2.401870857841932E+01,  8.273184676008566E+01,  5.867355461595008E+01,  2.462184292693058E+06,  2.851357405290425E+02,  5.911061858253797E+01,  5.914775549523382E+01,  1.568104248649488E-04,  1.568696293481096E-04,  1.262556561068261E+00,
2462185.500000000, A.D. 2029-Feb-18 00:00:00.0000,  3.529703209184794E-04,  1.567634257974110E-04,  2.401863476490551E+01,  8.273269516287847E+01,  5.082279953257402E+01,  2.462185527660745E+06,  2.851129582322075E+02,  3.521135630944593E+02,  3.521080108748019E+02,  1.568187781718683E-04,  1.568741305463257E-04,  1.262657447182044E+00,
2462186.500000000, A.D. 2029-Feb-19 00:00:00.0000,  3.426331579656880E-04,  1.567556133336817E-04,  2.401854460435549E+01,  8.273384637713383E+01,  3.746864932092517E+01,  2.462186743306720E+06,  2.851386956902640E+02,  2.906238392057491E+02,  2.905870870331441E+02,  1.568093414135287E-04,  1.568630694933758E-04,  1.262543476003885E+00,
2462187.500000000, A.D. 2029-Feb-20 00:00:00.0000,  2.444822068361480E-04,  1.567754976277880E-04,  2.401857691326816E+01,  8.273489516558304E+01,  4.784391046850341E+01,  2.462188042130657E+06,  2.851264373318121E+02,  2.054242170530662E+02,  2.054121928024529E+02,  1.568138358204319E-04,  1.568521740130757E-04,  1.262597756170378E+00,
2462188.500000000, A.D. 2029-Feb-21 00:00:00.0000,  2.808126550812867E-04,  1.567730680880096E-04,  2.401848145254709E+01,  8.273590823003404E+01,  5.300246466669563E+01,  2.462188060140560E+06,  2.851175231624974E+02,  1.254116340756229E+02,  1.254378547576101E+02,  1.568171043154346E-04,  1.568611405428596E-04,  1.262637231156166E+00,
2462189.500000000, A.D. 2029-Feb-22 00:00:00.0000,  3.758356423776148E-04,  1.567490084158376E-04,  2.401852477978909E+01,  8.273708160483088E+01,  6.156660586882013E+01,  2.462189352656562E+06,  2.851425115557101E+02,  4.201387800288967E+01,  4.204271366209434E+01,  1.568079424296105E-04,  1.568668764433835E-04,  1.262526580255868E+00,
2462190.500000000, A.D. 2029-Feb-23 00:00:00.0000,  3.453260757530209E-04,  1.567624771851487E-04,  2.401842977557122E+01,  8.273806294572465E+01,  4.443805847834299E+01,  2.462190555017339E+06,  2.851188165801760E+02,  3.443135214419541E+02,  3.443028179314850E+02,  1.568166300566190E-04,  1.568707829280893E-04,  1.262631503307911E+00,
2462191.500000000, A.D. 2029-Feb-24 00:00:00.0000,  3.328081080499997E-04,  1.567622113316592E-04,  2.401843535353514E+01,  8.273917716397996E+01,  3.920759863998290E+01,  2.462191799210292E+06,  2.851248974232206E+02,  2.746876960843727E+02,  2.746496853647125E+02,  1.568144004355832E-04,  1.568665895395072E-04,  1.262604575235111E+00,
2462192.500000000, A.D. 2029-Feb-25 00:00:00.0000,  2.323225552031328E-04,  1.567729421311555E-04,  2.401838404215532E+01,  8.274015761206287E+01,  4.786584121328136E+01,  2.462193091979335E+06,  2.851386109400688E+02,  1.912038348647757E+02,  1.911986636435315E+02,  1.568093724852511E-04,  1.568458028393467E-04,  1.262543851262802E+00,
2462193.500000000, A.D. 2029-Feb-26 00:00:00.0000,  3.137821145899049E-04,  1.567686036930125E-04,  2.401836672827035E+01,  8.274128976743285E+01,  5.661118061047910E+01,  2.462193122545605E+06,  2.851155977444241E+02,  1.076181354859457E+02,  1.076524016416587E+02,  1.568178103171392E-04,  1.568670169412659E-04,  1.262645757889058E+00,
2462194.500000000, A.D. 2029-Feb-27 00:00:00.0000,  3.574426262158220E-04,  1.567559097620920E-04,  2.401841637101494E+01,  8.274225640286654E+01,  6.084781173403290E+01,  2.462194399939128E+06,  2.851315506283146E+02,  2.853051166354464E+01,  2.855008289073701E+01,  1.568119610412686E-04,  1.568680123204453E-04,  1.262575113861323E+00,
2462195.500000000, A.D. 2029-Feb-28 00:00:00.0000,  3.588052685145551E-04,  1.567540889524902E-04,  2.401829766249483E+01,  8.274332655712668E+01,  3.969937592030248E+01,  2.462195588172034E+06,  2.851359356328373E+02,  3.348589846105086E+02,  3.348415094596363E+02,  1.568103533334239E-04,  1.568666177143575E-04,  1.262555697166012E+00,
2462196.500000000, A.D. 2029-Mar-01 00:00:00.0000,  3.090634528980034E-04,  1.567703820335215E-04,  2.401839987902562E+01,  8.274451757007009E+01,  4.187931523244355E+01,  2.462196858355376E+06,  2.851127650497634E+02,  2.578283079579107E+02,  2.577936908634263E+02,  1.568188490084756E-04,  1.568673159834296E-04,  1.262658302714597E+00,
2462197.500000000, A.D. 2029-Mar-02 00:00:00.0000,  2.355372089640887E-04,  1.567723443987645E-04,  2.401829949745701E+01,  8.274538374799752E+01,  4.712363982176445E+01,  2.462196876642954E+06,  2.851388664221332E+02,  1.777433215869467E+02,  1.777443840630070E+02,  1.568092788186372E-04,  1.568462132385098E-04,  1.262542720033960E+00,
2462198.500000000, A.D. 2029-Mar-03 00:00:00.0000,  3.364971311539739E-04,  1.567609312579096E-04,  2.401832417965665E+01,  8.274666418893230E+01,  6.008744881733892E+01,  2.462198184515551E+06,  2.851268115353208E+02,  8.995307498247440E+01,  8.999163471078171E+01,  1.568136986176200E-04,  1.568664659773305E-04,  1.262596099123439E+00,
2462199.500000000, A.D. 2029-Mar-04 00:00:00.0000,  3.484494828608740E-04,  1.567629936354578E-04,  2.401838685650242E+01,  8.274750261252787E+01,  5.590338290572124E+01,  2.462199432367075E+06,  2.851160713430738E+02,  1.928323382357401E+01,  1.929642544984458E+01,  1.568176366598554E-04,  1.568722796842530E-04,  1.262643660542095E+00,
2462200.500000000, A.D. 2029-Mar-05 00:00:00.0000,  3.755888338285329E-04,  1.567480721323845E-04,  2.401827198246516E+01,  8.274857250342961E+01,  3.982960519099741E+01,  2.462200638437235E+06,  2.851451719721834E+02,  3.205252907140959E+02,  3.204979190899691E+02,  1.568069670782856E-04,  1.568658620241867E-04,  1.262514800829659E+00,
2462201.500000000, A.D. 2029-Mar-06 00:00:00.0000,  2.724474675419830E-04,  1.567750536045170E-04,  2.401840706104491E+01,  8.274984920066487E+01,  4.433524934205905E+01,  2.462201916714696E+06,  2.851156853041282E+02,  2.411881037592852E+02,  2.411607529204596E+02,  1.568177782110562E-04,  1.568605028175954E-04,  1.262645370127546E+00,
2462202.500000000, A.D. 2029-Mar-07 00:00:00.0000,  2.512361169116580E-04,  1.567741741445643E-04,  2.401833379844119E+01,  8.275063617402409E+01,  4.797297388792067E+01,  2.462201929391368E+06,  2.851271585680666E+02,  1.626960177892643E+02,  1.627045784181965E+02,  1.568135713773162E-04,  1.568529686100680E-04,  1.262594562397883E+00,
2462203.500000000, A.D. 2029-Mar-08 00:00:00.0000,  3.451845628876816E-04,  1.567553059593006E-04,  2.401837767194181E+01,  8.275197539919648E+01,  6.262673549546763E+01,  2.462203243226760E+06,  2.851384427310594E+02,  7.321592189550385E+01,  7.325379678719911E+01,  1.568094341552861E-04,  1.568635623512717E-04,  1.262544596063287E+00,
2462204.500000000, A.D. 2029-Mar-09 00:00:00.0000,  3.559281584557644E-04,  1.567628410867991E-04,  2.401843554390731E+01,  8.275279753399307E+01,  5.020211325823817E+01,  2.462204462120503E+06,  2.851132879708438E+02,  1.079994806155110E+01,  1.080759396887783E+01,  1.568186572626901E-04,  1.568744734385811E-04,  1.262655986896038E+00,
2462205.500000000, A.D. 2029-Mar-10 00:00:00.0000,  3.700829591922521E-04,  1.567524469143922E-04,  2.401837734059145E+01,  8.275386683464147E+01,  4.235884535417115E+01,  2.462205697124766E+06,  2.851355906904903E+02,  3.037927133271950E+02,  3.037574605512622E+02,  1.568104798007892E-04,  1.568685126871862E-04,  1.262557224540845E+00,
2462206.500000000, A.D. 2029-Mar-11 00:00:00.0000,  2.394521780193215E-04,  1.567743154877887E-04,  2.401846694391809E+01,  8.275509026927230E+01,  4.327755122626306E+01,  2.462206962754226E+06,  2.851318141305317E+02,  2.280540481471925E+02,  2.280336436210819E+02,  1.568118644302658E-04,  1.568494133727429E-04,  1.262573947062933E+00,
2462207.500000000, A.D. 2029-Mar-12 00:00:00.0000,  2.767605468983798E-04,  1.567744991685497E-04,  2.401846595094246E+01,  8.275594165130227E+01,  5.114750714341543E+01,  2.462206990266590E+06,  2.851153526805941E+02,  1.453328210130889E+02,  1.453508553137594E+02,  1.568179001763660E-04,  1.568613011841823E-04,  1.262646843164903E+00,
2462208.500000000, A.D. 2029-Mar-13 00:00:00.0000,  3.427474399233780E-04,  1.567556365226962E-04,  2.401853133608009E+01,  8.275719845255588E+01,  6.333183317344653E+01,  2.462208295509443E+06,  2.851385835229440E+02,  5.830814790714840E+01,  5.834157478952634E+01,  1.568093825371167E-04,  1.568631285515373E-04,  1.262543972661042E+00,
2462209.500000000, A.D. 2029-Mar-14 00:00:00.0000,  3.698467275727286E-04,  1.567563523812205E-04,  2.401855839156214E+01,  8.275805224338158E+01,  4.635940789400454E+01,  2.462209498404695E+06,  2.851250359188128E+02,  4.548612771785541E-01,  4.551978871639617E-01,  1.568143496552769E-04,  1.568723469293334E-04,  1.262603961942182E+00,
2462210.500000000, A.D. 2029-Mar-15 00:00:00.0000,  3.399973856811906E-04,  1.567633276213439E-04,  2.401858692932951E+01,  8.275921004809301E+01,  4.355804636117472E+01,  2.462210751122368E+06,  2.851187761786594E+02,  2.884002977192075E+02,  2.883633238281392E+02,  1.568166448706312E-04,  1.568699621199185E-04,  1.262631682223618E+00,
2462211.500000000, A.D. 2029-Mar-16 00:00:00.0000,  2.342449328201116E-04,  1.567711239936993E-04,  2.401862188464392E+01,  8.276022839982241E+01,  3.901468185045395E+01,  2.462211997594430E+06,  2.851427488332022E+02,  2.181145565339312E+02,  2.180979922035712E+02,  1.568078554392624E-04,  1.568445868848254E-04,  1.262525529662290E+00,
2462212.500000000, A.D. 2029-Mar-17 00:00:00.0000,  3.067864610047941E-04,  1.567691014686847E-04,  2.401866447811007E+01,  8.276131274240234E+01,  5.652194229780095E+01,  2.462212058869700E+06,  2.851172325753251E+02,  1.257738503745955E+02,  1.258023664243283E+02,  1.568172108658309E-04,  1.568653202629770E-04,  1.262638518016941E+00,
2462213.500000000, A.D. 2029-Mar-18 00:00:00.0000,  3.385477125631776E-04,  1.567607590944127E-04,  2.401877055369965E+01,  8.276240730935375E+01,  6.161414575947099E+01,  2.462213339273771E+06,  2.851264039391249E+02,  4.582729161020529E+01,  4.585512503570357E+01,  1.568138480639729E-04,  1.568669370335332E-04,  1.262597904039995E+00,
2462214.500000000, A.D. 2029-Mar-19 00:00:00.0000,  3.815835391518080E-04,  1.567494783327444E-04,  2.401876122937871E+01,  8.276328173918718E+01,  4.497383601588466E+01,  2.462214543335425E+06,  2.851387699556809E+02,  3.476433901428962E+02,  3.476340285541509E+02,  1.568093141858234E-04,  1.568691500389024E-04,  1.262543147169902E+00,
2462215.500000000, A.D. 2029-Mar-20 00:00:00.0000,  3.036433710104098E-04,  1.567711274321465E-04,  2.401885896386954E+01,  8.276458706054001E+01,  4.230532473279096E+01,  2.462215796486084E+06,  2.851130503215989E+02,  2.754679482251364E+02,  2.754333103361624E+02,  1.568187444043351E-04,  1.568663613765236E-04,  1.262657039353095E+00,
2462216.500000000, A.D. 2029-Mar-21 00:00:00.0000,  2.531928889592123E-04,  1.567707533665851E-04,  2.401889714705100E+01,  8.276539144605636E+01,  3.879262930825540E+01,  2.462217046641368E+06,  2.851356538098028E+02,  2.041330561274079E+02,  2.041211970694814E+02,  1.568104566591257E-04,  1.568501599516663E-04,  1.262556945053721E+00,
2462217.500000000, A.D. 2029-Mar-22 00:00:00.0000,  3.235929267948273E-04,  1.567608536767551E-04,  2.401892681636129E+01,  8.276672485004846E+01,  6.256590568048107E+01,  2.462217129861080E+06,  2.851325440814378E+02,  1.055386518850184E+02,  1.055743737169911E+02,  1.568115968003191E-04,  1.568623399238831E-04,  1.262570714822293E+00,
2462218.500000000, A.D. 2029-Mar-23 00:00:00.0000,  3.397702850412226E-04,  1.567653278836633E-04,  2.401908304550197E+01,  8.276769259840852E+01,  5.736984709970660E+01,  2.462218374146893E+06,  2.851134163524493E+02,  3.588240938702958E+01,  3.590523785226716E+01,  1.568186101875465E-04,  1.568718924914297E-04,  1.262655418344039E+00,
2462219.500000000, A.D. 2029-Mar-24 00:00:00.0000,  3.834377850720312E-04,  1.567482299874353E-04,  2.401906158545307E+01,  8.276857358349790E+01,  4.528093295529437E+01,  2.462219594222148E+06,  2.851413828488210E+02,  3.331333662933629E+02,  3.331135012146943E+02,  1.568083562362313E-04,  1.568684824850273E-04,  1.262531577855426E+00,
2462220.500000000, A.D. 2029-Mar-25 00:00:00.0000,  2.766422955759488E-04,  1.567719452188711E-04,  2.401918657582908E+01,  8.276995495011340E+01,  3.957308764507840E+01,  2.462220836651755E+06,  2.851223704581876E+02,  2.640130534317452E+02,  2.639815266050809E+02,  1.568153269709058E-04,  1.568587087229406E-04,  1.262615765369392E+00,
2462221.500000000, A.D. 2029-Mar-26 00:00:00.0000,  2.719560402079145E-04,  1.567735174992930E-04,  2.401927644970863E+01,  8.277068466629166E+01,  4.446434273040325E+01,  2.462222116346837E+06,  2.851200859949533E+02,  1.842671369108279E+02,  1.842648188943098E+02,  1.568161646024589E-04,  1.568588117056248E-04,  1.262625881806069E+00,
2462222.500000000, A.D. 2029-Mar-27 00:00:00.0000,  3.161366896102454E-04,  1.567579128117464E-04,  2.401929014818296E+01,  8.277209915560570E+01,  6.630930614931869E+01,  2.462222192810647E+06,  2.851437581368596E+02,  8.759312669533713E+01,  8.762932193060784E+01,  1.568074854110904E-04,  1.568570580104344E-04,  1.262521060787913E+00,
2462223.500000000, A.D. 2029-Mar-28 00:00:00.0000,  3.545459667923272E-04,  1.567627896684811E-04,  2.401947344657868E+01,  8.277303915067060E+01,  5.171920263441852E+01,  2.462223404077292E+06,  2.851140195797103E+02,  2.734890870360397E+01,  2.736758086718401E+01,  1.568183889958184E-04,  1.568739883231558E-04,  1.262652746892909E+00,
2462224.500000000, A.D. 2029-Mar-29 00:00:00.0000,  3.718230814524059E-04,  1.567540373501339E-04,  2.401947591867594E+01,  8.277398003722051E+01,  4.574453822220975E+01,  2.462224645653128E+06,  2.851305066775595E+02,  3.184698497767299E+02,  3.184415903834315E+02,  1.568123437990150E-04,  1.568706502478962E-04,  1.262579736538352E+00,
2462225.500000000, A.D. 2029-Mar-30 00:00:00.0000,  2.653682680697163E-04,  1.567689260876382E-04,  2.401959651001295E+01,  8.277527600561167E+01,  3.667766126060080E+01,  2.462225876268790E+06,  2.851354302364172E+02,  2.527124367521214E+02,  2.526834043666660E+02,  1.568105386286892E-04,  1.568521511697401E-04,  1.262557935018842E+00,
2462226.500000000, A.D. 2029-Mar-31 00:00:00.0000,  2.825482628299907E-04,  1.567739619839380E-04,  2.401972318305260E+01,  8.277609740509337E+01,  5.208109917492060E+01,  2.462225930176960E+06,  2.851143421553617E+02,  1.624647213018752E+02,  1.624744731748507E+02,  1.568182707139082E-04,  1.568625794438784E-04,  1.262651318339617E+00,
2462227.500000000, A.D. 2029-Apr-01 00:00:00.0000,  3.028769943092618E-04,  1.567625285079384E-04,  2.401977483062669E+01,  8.277742157820745E+01,  6.506218344031910E+01,  2.462227238245289E+06,  2.851368375648578E+02,  7.463591061875630E+01,  7.466938074517839E+01,  1.568100226562782E-04,  1.568575168046178E-04,  1.262551703506614E+00,
2462228.500000000, A.D. 2029-Apr-02 00:00:00.0000,  3.824200746839129E-04,  1.567526866467222E-04,  2.401994254427546E+01,  8.277836947053406E+01,  4.845726522454238E+01,  2.462228442409027E+06,  2.851296580242629E+02,  1.642089431515569E+01,  1.643328812674558E+01,  1.568126549539411E-04,  1.568726232611600E-04,  1.262583494451377E+00,
2462229.500000000, A.D. 2029-Apr-03 00:00:00.0000,  3.467263348741419E-04,  1.567630991462472E-04,  2.401999030647737E+01,  8.277949568715050E+01,  4.538380918354498E+01,  2.462229694166768E+06,  2.851165206955125E+02,  3.046398465753046E+02,  3.046071494392691E+02,  1.568174718935210E-04,  1.568718446407949E-04,  1.262641670576707E+00,
2462230.500000000, A.D. 2029-Apr-04 00:00:00.0000,  2.678375894712617E-04,  1.567672005394872E-04,  2.402011226531157E+01,  8.278058855763324E+01,  3.569580655498167E+01,  2.462230922629485E+06,  2.851390815758117E+02,  2.394918167241692E+02,  2.394653783845502E+02,  1.568091999376055E-04,  1.568511993357237E-04,  1.262541767373563E+00,
2462231.500000000, A.D. 2029-Apr-05 00:00:00.0000,  2.872293300180356E-04,  1.567698488203947E-04,  2.402021896881223E+01,  8.278159776912784E+01,  5.852772008387912E+01,  2.462231002562639E+06,  2.851235604260474E+02,  1.418311114077138E+02,  1.418514459483500E+02,  1.568148906563748E-04,  1.568599324923550E-04,  1.262610495821769E+00,
2462232.500000000, A.D. 2029-Apr-06 00:00:00.0000,  3.110944963899438E-04,  1.567674795019383E-04,  2.402035321399770E+01,  8.278280546286460E+01,  6.026736729273595E+01,  2.462232271200118E+06,  2.851198144238907E+02,  6.523537994950924E+01,  6.526775562958980E+01,  1.568162641786687E-04,  1.568650488553991E-04,  1.262627084432596E+00,
2462233.500000000, A.D. 2029-Apr-07 00:00:00.0000,  4.011142838028146E-04,  1.567446200605238E-04,  2.402047998621670E+01,  8.278370413986663E+01,  4.935115112965181E+01,  2.462233495350547E+06,  2.851436698030112E+02,  1.325762152100287E+00,  1.326826154797838E+00,  1.568075177957193E-04,  1.568704155309148E-04,  1.262521451900730E+00,
2462234.500000000, A.D. 2029-Apr-08 00:00:00.0000,  3.117049336495488E-04,  1.567694379005929E-04,  2.402056463892457E+01,  8.278507475069880E+01,  4.294202089839623E+01,  2.462234735355104E+06,  2.851142106225100E+02,  2.928969152432886E+02,  2.928640059127889E+02,  1.568183189442945E-04,  1.568671999879960E-04,  1.262651900843478E+00,
2462235.500000000, A.D. 2029-Apr-09 00:00:00.0000,  2.746412102960454E-04,  1.567695235941940E-04,  2.402073206532187E+01,  8.278597784595721E+01,  3.779673111820932E+01,  2.462235979814439E+06,  2.851298330158901E+02,  2.231905891846558E+02,  2.231690545753152E+02,  1.568125907939193E-04,  1.568556579936446E-04,  1.262582719570903E+00,
2462236.500000000, A.D. 2029-Apr-10 00:00:00.0000,  2.857077166443493E-04,  1.567651191490239E-04,  2.402078376451437E+01,  8.278716668676988E+01,  6.263572756110995E+01,  2.462236066779389E+06,  2.851371149632855E+02,  1.235272752472743E+02,  1.235545624238340E+02,  1.568099209534867E-04,  1.568547227579495E-04,  1.262550475220856E+00,
2462237.500000000, A.D. 2029-Apr-11 00:00:00.0000,  3.388513890105465E-04,  1.567661400480069E-04,  2.402099912976536E+01,  8.278832904439842E+01,  5.633249387969889E+01,  2.462237307148365E+06,  2.851115938233164E+02,  5.498423696106133E+01,  5.501604583334954E+01,  1.568192784783429E-04,  1.568724169086790E-04,  1.262663489661848E+00,
2462238.500000000, A.D. 2029-Apr-12 00:00:00.0000,  3.926630448420013E-04,  1.567472734282417E-04,  2.402109756941595E+01,  8.278916685381211E+01,  5.138352618064438E+01,  2.462238552295998E+06,  2.851400456946291E+02,  3.450883166284050E+02,  3.450767323538080E+02,  1.568088464673537E-04,  1.568704195064658E-04,  1.262537498452750E+00,
2462239.500000000, A.D. 2029-Apr-13 00:00:00.0000,  2.869582855921266E-04,  1.567685248635428E-04,  2.402119336541723E+01,  8.279066286659224E+01,  3.737776657337202E+01,  2.462239765594264E+06,  2.851272883201784E+02,  2.842718277741898E+02,  2.842399568261341E+02,  1.568135238034911E-04,  1.568585227434394E-04,  1.262593987832356E+00,
2462240.500000000, A.D. 2029-Apr-14 00:00:00.0000,  2.803359965543448E-04,  1.567734306921955E-04,  2.402143651439554E+01,  8.279150984842144E+01,  4.284773541826500E+01,  2.462241047326543E+06,  2.851167378947561E+02,  2.039480413674606E+02,  2.039350060963511E+02,  1.568173922521295E-04,  1.568613538120636E-04,  1.262640708708183E+00,
2462241.500000000, A.D. 2029-Apr-15 00:00:00.0000,  2.816075310936520E-04,  1.567641900610792E-04,  2.402145509757684E+01,  8.279278335184817E+01,  6.378713447933182E+01,  2.462241120634059E+06,  2.851414040240343E+02,  1.081729369577389E+02,  1.082035937996566E+02,  1.568083484729476E-04,  1.568525068848159E-04,  1.262531484097118E+00,
2462242.500000000, A.D. 2029-Apr-16 00:00:00.0000,  3.675359046698643E-04,  1.567587614727784E-04,  2.402171743638956E+01,  8.279393975773850E+01,  5.449425457867441E+01,  2.462242350461953E+06,  2.851194518328611E+02,  4.263620609625296E+01,  4.266474297983574E+01,  1.568163971291643E-04,  1.568740327855502E-04,  1.262628690135930E+00,
2462243.500000000, A.D. 2029-Apr-17 00:00:00.0000,  3.643601729395421E-04,  1.567575699265522E-04,  2.402181343451049E+01,  8.279482220175788E+01,  5.059805194495040E+01,  2.462243599336982E+06,  2.851240614258772E+02,  3.316766361550041E+02,  3.316568188056579E+02,  1.568147069602996E-04,  1.568718439940471E-04,  1.262608277251929E+00,
2462244.500000000, A.D. 2029-Apr-18 00:00:00.0000,  2.916842571979532E-04,  1.567627587558508E-04,  2.402192280955926E+01,  8.279624602211092E+01,  3.268354973488473E+01,  2.462244798920354E+06,  2.851409980115897E+02,  2.747655518182023E+02,  2.747322418063588E+02,  1.568084973259156E-04,  1.568542358959804E-04,  1.262533281816484E+00,
2462245.500000000, A.D. 2029-Apr-19 00:00:00.0000,  2.821658163907308E-04,  1.567739974730568E-04,  2.402219372729508E+01,  8.279719751536314E+01,  5.054448319980753E+01,  2.462246124078628E+06,  2.851144089504858E+02,  1.820661908870837E+02,  1.820650255336831E+02,  1.568182462215269E-04,  1.568624949699969E-04,  1.262651022532219E+00,
2462246.500000000, A.D. 2029-Apr-20 00:00:00.0000,  2.840587442828665E-04,  1.567673165543208E-04,  2.402224180090546E+01,  8.279846070827006E+01,  6.245801249606083E+01,  2.462246165766701E+06,  2.851318253016797E+02,  9.530055056098701E+01,  9.533296103739234E+01,  1.568118603344561E-04,  1.568564041145913E-04,  1.262573897596689E+00,
2462247.500000000, A.D. 2029-Apr-21 00:00:00.0000,  3.861214858677048E-04,  1.567504911540461E-04,  2.402251056146090E+01,  8.279957517506436E+01,  5.429850498869687E+01,  2.462247399565849E+06,  2.851340647472228E+02,  2.863719768941218E+01,  2.865841221749313E+01,  1.568110392655278E-04,  1.568715873770095E-04,  1.262563981329791E+00,
2462248.500000000, A.D. 2029-Apr-22 00:00:00.0000,  3.375737006261259E-04,  1.567653370392846E-04,  2.402260688152640E+01,  8.280063167103253E+01,  4.624335920150686E+01,  2.462248633827177E+06,  2.851143311083381E+02,  3.218439539854417E+02,  3.218200474298534E+02,  1.568182747646227E-04,  1.568712124899608E-04,  1.262651367262232E+00,
2462249.500000000, A.D. 2029-Apr-23 00:00:00.0000,  3.077956570006997E-04,  1.567611659486739E-04,  2.402277636447370E+01,  8.280188505025829E+01,  3.355051018290213E+01,  2.462249851782283E+06,  2.851384507629394E+02,  2.596933447479760E+02,  2.596586454746267E+02,  1.568094312105773E-04,  1.568576964724807E-04,  1.262544560499487E+00,
2462250.500000000, A.D. 2029-Apr-24 00:00:00.0000,  2.739650123537870E-04,  1.567703583421282E-04,  2.402297757076029E+01,  8.280299542387655E+01,  5.840396988212329E+01,  2.462249938785967E+06,  2.851278449758099E+02,  1.600177478068508E+02,  1.600284726234788E+02,  1.568133197051985E-04,  1.568562810682687E-04,  1.262591522867723E+00,
2462251.500000000, A.D. 2029-Apr-25 00:00:00.0000,  2.992332750026911E-04,  1.567704633316607E-04,  2.402311527667758E+01,  8.280425208349473E+01,  5.979440734725517E+01,  2.462251206185898E+06,  2.851167486394111E+02,  8.377132151052334E+01,  8.380541008037486E+01,  1.568173883123428E-04,  1.568643132930248E-04,  1.262640661125433E+00,
2462252.500000000, A.D. 2029-Apr-26 00:00:00.0000,  3.894068477140635E-04,  1.567473770558172E-04,  2.402336562606331E+01,  8.280526671124122E+01,  5.487182536677225E+01,  2.462252451387878E+06,  2.851411561855369E+02,  1.386131659710132E+01,  1.387201203700107E+01,  1.568084393358739E-04,  1.568695016159307E-04,  1.262532581462052E+00,
2462253.500000000, A.D. 2029-Apr-27 00:00:00.0000,  3.237708496727373E-04,  1.567654392135946E-04,  2.402345034811873E+01,  8.280653550888329E+01,  4.080118580790234E+01,  2.462253664493531E+06,  2.851199574607782E+02,  3.130996116101038E+02,  3.130725138986889E+02,  1.568162117317094E-04,  1.568669842498242E-04,  1.262626451007108E+00,
2462254.500000000, A.D. 2029-Apr-28 00:00:00.0000,  3.070391618428385E-04,  1.567669781172972E-04,  2.402372012351315E+01,  8.280767879947913E+01,  3.853381391516730E+01,  2.462254919075633E+06,  2.851229171985071E+02,  2.405119329330416E+02,  2.404813124331692E+02,  1.568151265023028E-04,  1.568632748873083E-04,  1.262613344227824E+00,
2462255.500000000, A.D. 2029-Apr-29 00:00:00.0000,  2.555139176714640E-04,  1.567676360040968E-04,  2.402381195786224E+01,  8.280886070201306E+01,  6.187984278964375E+01,  2.462255000806409E+06,  2.851431658470863E+02,  1.423416409880449E+02,  1.423595249755909E+02,  1.568077025544975E-04,  1.568477691048983E-04,  1.262523683254107E+00,
2462256.500000000, A.D. 2029-Apr-30 00:00:00.0000,  3.302552318574437E-04,  1.567675147318234E-04,  2.402405284913154E+01,  8.281020471118332E+01,  5.709544180981019E+01,  2.462256246468543E+06,  2.851115211466619E+02,  7.228473932450729E+01,  7.232079374633933E+01,  1.568193051277981E-04,  1.568710955237728E-04,  1.262663811522423E+00,
2462257.500000000, A.D. 2029-May-01 00:00:00.0000,  3.792920213666619E-04,  1.567514532083148E-04,  2.402428166650549E+01,  8.281111569801234E+01,  5.472503831110538E+01,  2.462257500681400E+06,  2.851343618328167E+02,  3.598057093229840E+02,  3.598055618675501E+02,  1.568109303430570E-04,  1.568704074777992E-04,  1.262562665846214E+00,
2462258.500000000, A.D. 2029-May-02 00:00:00.0000,  3.231132794994745E-04,  1.567607278865182E-04,  2.402435979918364E+01,  8.281251652198765E+01,  3.669852011497881E+01,  2.462258699879225E+06,  2.851330924931053E+02,  3.030078183194443E+02,  3.029767615777992E+02,  1.568113957308557E-04,  1.568620635751932E-04,  1.262568286452773E+00,
2462259.500000000, A.D. 2029-May-03 00:00:00.0000,  2.885798175070835E-04,  1.567735394299226E-04,  2.402471215129529E+01,  8.281366342713923E+01,  4.460766335050000E+01,  2.462259990156582E+06,  2.851129146057256E+02,  2.202500282578592E+02,  2.202286675750355E+02,  1.568187941689256E-04,  1.568640489079285E-04,  1.262657640387261E+00,
2462260.500000000, A.D. 2029-May-04 00:00:00.0000,  2.467503657219318E-04,  1.567693830101573E-04,  2.402475394648975E+01,  8.281482089201967E+01,  5.946120999516049E+01,  2.462260042143933E+06,  2.851421486983101E+02,  1.305540626389420E+02,  1.305755418600420E+02,  1.568080754601252E-04,  1.568467679100932E-04,  1.262528186882999E+00,
2462261.500000000, A.D. 2029-May-05 00:00:00.0000,  3.680243418554275E-04,  1.567573161957685E-04,  2.402505831845949E+01,  8.281629203713844E+01,  5.669556548683015E+01,  2.462261294838101E+06,  2.851231860004634E+02,  5.849641423617262E+01,  5.853237945321519E+01,  1.568150279432203E-04,  1.568727396906722E-04,  1.262612153889915E+00,
2462262.500000000, A.D. 2029-May-06 00:00:00.0000,  3.609108432574358E-04,  1.567594254220635E-04,  2.402526494164728E+01,  8.281719332731994E+01,  5.272708683572916E+01,  2.462262543458214E+06,  2.851204748432411E+02,  3.476091735048832E+02,  3.476002951790924E+02,  1.568160220248087E-04,  1.568726186275540E-04,  1.262624159832532E+00,
2462263.500000000, A.D. 2029-May-07 00:00:00.0000,  3.290830732158591E-04,  1.567573777105252E-04,  2.402536880151229E+01,  8.281860503137929E+01,  3.530293747046602E+01,  2.462263744789458E+06,  2.851396790402178E+02,  2.902008125864699E+02,  2.901654170401184E+02,  1.568089808918649E-04,  1.568605840732047E-04,  1.262539121920045E+00,
2462264.500000000, A.D. 2029-May-08 00:00:00.0000,  2.671146077480815E-04,  1.567747266395474E-04,  2.402572819603657E+01,  8.281979436418793E+01,  4.989987144435105E+01,  2.462265058463718E+06,  2.851188586031876E+02,  2.007714621050055E+02,  2.007606102492695E+02,  1.568166146480575E-04,  1.568585026565675E-04,  1.262631317211562E+00,
2462265.500000000, A.D. 2029-May-09 00:00:00.0000,  2.660734434743762E-04,  1.567722814422996E-04,  2.402580756414303E+01,  8.282094854801818E+01,  5.667449566889272E+01,  2.462265082146728E+06,  2.851259745948080E+02,  1.191408213797661E+02,  1.191674476097615E+02,  1.568140054847239E-04,  1.568557295271483E-04,  1.262599805267111E+00,
2462266.500000000, A.D. 2029-May-10 00:00:00.0000,  3.877689146766150E-04,  1.567482104817472E-04,  2.402612935474523E+01,  8.282242543352454E+01,  5.897932535971117E+01,  2.462266352656452E+06,  2.851395828878040E+02,  4.201347798891732E+01,  4.204322931719219E+01,  1.568090161437488E-04,  1.568698218057503E-04,  1.262539547663054E+00,
2462267.500000000, A.D. 2029-May-11 00:00:00.0000,  3.402166316392209E-04,  1.567649359321695E-04,  2.402630133401398E+01,  8.282345925951761E+01,  4.794460688536066E+01,  2.462267576443400E+06,  2.851142946805646E+02,  3.382048939434741E+02,  3.381904131881571E+02,  1.568182881219338E-04,  1.568716403116981E-04,  1.262651528585530E+00,
2462268.500000000, A.D. 2029-May-12 00:00:00.0000,  3.302206194308412E-04,  1.567597026276313E-04,  2.402648161488290E+01,  8.282483864809879E+01,  3.641797083759431E+01,  2.462268798518151E+06,  2.851328489772458E+02,  2.748826693133914E+02,  2.748449648156699E+02,  1.568114850133464E-04,  1.568632673990613E-04,  1.262569364741026E+00,
2462269.500000000, A.D. 2029-May-13 00:00:00.0000,  2.501923165654653E-04,  1.567719893406761E-04,  2.402676615034994E+01,  8.282602738765507E+01,  5.306331646148118E+01,  2.462270119309726E+06,  2.851335655126612E+02,  1.834140097276023E+02,  1.834123029531396E+02,  1.568112223036477E-04,  1.568504552666193E-04,  1.262566191927391E+00,
2462270.500000000, A.D. 2029-May-14 00:00:00.0000,  3.013738506513254E-04,  1.567714713476842E-04,  2.402692235065910E+01,  8.282729497693646E+01,  5.734594040620044E+01,  2.462270134250615E+06,  2.851130830240760E+02,  1.042799346335109E+02,  1.043133993680597E+02,  1.568187324129258E-04,  1.568659934781673E-04,  1.262656894526303E+00,
2462271.500000000, A.D. 2029-May-15 00:00:00.0000,  3.780244231864992E-04,  1.567489638130386E-04,  2.402724715512170E+01,  8.282861268417068E+01,  6.094629012240838E+01,  2.462271409377542E+06,  2.851416967377957E+02,  2.584024137538915E+01,  2.585913031345022E+01,  1.568082411579532E-04,  1.568675185028679E-04,  1.262530188038549E+00,
2462272.500000000, A.D. 2029-May-16 00:00:00.0000,  3.343059673249205E-04,  1.567622837358551E-04,  2.402737106579563E+01,  8.282983419055682E+01,  4.110073925773382E+01,  2.462272602199515E+06,  2.851240590581509E+02,  3.308604595153770E+02,  3.308417987610857E+02,  1.568147078284465E-04,  1.568671319210378E-04,  1.262608287736877E+00,
2462273.500000000, A.D. 2029-May-17 00:00:00.0000,  3.204156335044017E-04,  1.567664328391393E-04,  2.402766935801819E+01,  8.283125176740054E+01,  3.932784484868683E+01,  2.462273858527014E+06,  2.851186821317458E+02,  2.577772501052362E+02,  2.577413685258567E+02,  1.568166793547988E-04,  1.568669258704583E-04,  1.262632098704965E+00,
2462274.500000000, A.D. 2029-May-18 00:00:00.0000,  2.420028816648306E-04,  1.567700347639592E-04,  2.402785325609747E+01,  8.283238154725970E+01,  5.354558653326260E+01,  2.462273908264315E+06,  2.851424015831178E+02,  1.687289342182189E+02,  1.687343527551853E+02,  1.568079827476521E-04,  1.568459307313451E-04,  1.262527067182120E+00,
2462275.500000000, A.D. 2029-May-19 00:00:00.0000,  3.335707378379056E-04,  1.567653981135751E-04,  2.402807601182552E+01,  8.283385859358422E+01,  5.956302713490256E+01,  2.462275191787440E+06,  2.851158770235607E+02,  8.787629436752330E+01,  8.791449309128569E+01,  1.568177079121094E-04,  1.568700177106437E-04,  1.262644521091511E+00,
2462276.500000000, A.D. 2029-May-20 00:00:00.0000,  3.556663995737172E-04,  1.567574598886902E-04,  2.402840584515374E+01,  8.283499323123590E+01,  5.896036934950327E+01,  2.462276452215031E+06,  2.851280812187584E+02,  1.362483649165748E+01,  1.363444135058663E+01,  1.568132330867076E-04,  1.568690062847251E-04,  1.262590476747177E+00,
2462277.500000000, A.D. 2029-May-21 00:00:00.0000,  3.512251872300182E-04,  1.567539588593358E-04,  2.402849059853173E+01,  8.283633628381671E+01,  3.699997360516967E+01,  2.462277637608725E+06,  2.851395337969003E+02,  3.207623124206489E+02,  3.207368456891691E+02,  1.568090341417116E-04,  1.568641094240874E-04,  1.262539765027537E+00,
2462278.500000000, A.D. 2029-May-22 00:00:00.0000,  2.977924825735881E-04,  1.567725078781348E-04,  2.402888738257461E+01,  8.283786516828053E+01,  4.381378649939855E+01,  2.462278924030317E+06,  2.851117875021311E+02,  2.391039583322272E+02,  2.390746816788020E+02,  1.568192074592392E-04,  1.568659070403437E-04,  1.262662631924010E+00,
2462279.500000000, A.D. 2029-May-23 00:00:00.0000,  2.469204503977296E-04,  1.567711935683597E-04,  2.402901655166805E+01,  8.283892021421707E+01,  5.309917098063455E+01,  2.462278956503811E+06,  2.851371362674286E+02,  1.549709469976670E+02,  1.549829146358148E+02,  1.568099131427397E-04,  1.568486327171198E-04,  1.262550380888857E+00,
2462280.500000000, A.D. 2029-May-24 00:00:00.0000,  3.535473778909615E-04,  1.567573859886824E-04,  2.402928364698586E+01,  8.284058374023135E+01,  6.181688771309193E+01,  2.462280249485476E+06,  2.851291894577859E+02,  7.142900310940247E+01,  7.146741250712253E+01,  1.568128267524004E-04,  1.568682675161184E-04,  1.262585569315410E+00,
2462281.500000000, A.D. 2029-May-25 00:00:00.0000,  3.449027984925132E-04,  1.567636617475303E-04,  2.402960366410157E+01,  8.284164004222001E+01,  5.318367441416551E+01,  2.462281481724550E+06,  2.851157659833865E+02,  5.210618948442661E+00,  5.214209851839114E+00,  1.568177486278854E-04,  1.568718355082404E-04,  1.262645012836564E+00,
2462282.500000000, A.D. 2029-May-26 00:00:00.0000,  3.669608490399322E-04,  1.567506759784702E-04,  2.402969975723092E+01,  8.284304360843673E+01,  3.791858327626699E+01,  2.462282690653180E+06,  2.851417586614974E+02,  3.056368169879635E+02,  3.056026322026365E+02,  1.568082184554510E-04,  1.568657609324318E-04,  1.262529913857232E+00,
2462283.500000000, A.D. 2029-May-27 00:00:00.0000,  2.648037750530704E-04,  1.567741043241108E-04,  2.403010326175762E+01,  8.284462867225749E+01,  4.796747514402588E+01,  2.462283988344984E+06,  2.851215448390392E+02,  2.207623238118281E+02,  2.207425163112113E+02,  1.568156296948414E-04,  1.568571550655719E-04,  1.262619421493497E+00,
2462284.500000000, A.D. 2029-May-28 00:00:00.0000,  2.645273028012294E-04,  1.567738347488706E-04,  2.403024926669736E+01,  8.284569088139506E+01,  5.374753823452907E+01,  2.462284008543834E+06,  2.851223985202044E+02,  1.401251609451531E+02,  1.401445898039530E+02,  1.568153166816303E-04,  1.568567986143899E-04,  1.262615641101552E+00,
2462285.500000000, A.D. 2029-May-29 00:00:00.0000,  3.578976858988424E-04,  1.567531186335295E-04,  2.403054877387386E+01,  8.284740222733208E+01,  6.333255430223070E+01,  2.462285304618330E+06,  2.851389714905590E+02,  5.571092832151352E+01,  5.574482125689936E+01,  1.568092402977597E-04,  1.568653619619899E-04,  1.262542254810369E+00,
2462286.500000000, A.D. 2029-May-30 00:00:00.0000,  3.501806967289063E-04,  1.567620231602862E-04,  2.403082339652009E+01,  8.284848566861760E+01,  4.726059074369050E+01,  2.462286510709510E+06,  2.851179783125130E+02,  3.569465261245288E+02,  3.569443876667520E+02,  1.568169374246925E-04,  1.568718516890988E-04,  1.262635215536672E+00,
2462287.500000000, A.D. 2029-May-31 00:00:00.0000,  3.573273712547708E-04,  1.567574236002316E-04,  2.403099543192465E+01,  8.284998553838295E+01,  4.078941397902649E+01,  2.462287750543591E+06,  2.851274695898719E+02,  2.885631399857817E+02,  2.885243180852184E+02,  1.568134573407205E-04,  1.568694910812094E-04,  1.262593185138650E+00,
2462288.500000000, A.D. 2029-Jun-01 00:00:00.0000,  2.377506501871840E-04,  1.567718798189085E-04,  2.403132469538153E+01,  8.285146200930747E+01,  4.780707871781467E+01,  2.462289037546434E+06,  2.851391869655833E+02,  2.067244469520975E+02,  2.067121984749606E+02,  1.568091612989627E-04,  1.568464427790168E-04,  1.262541300727818E+00,
2462289.500000000, A.D. 2029-Jun-02 00:00:00.0000,  2.940090385732547E-04,  1.567728109102373E-04,  2.403151885026061E+01,  8.285271815992134E+01,  5.619478364696916E+01,  2.462289066875841E+06,  2.851125793830254E+02,  1.234891460845805E+02,  1.235172383178010E+02,  1.568189170892808E-04,  1.568650232683243E-04,  1.262659124964001E+00,
2462290.500000000, A.D. 2029-Jun-03 00:00:00.0000,  3.510584611655524E-04,  1.567552877004298E-04,  2.403185313659924E+01,  8.285432383413256E+01,  6.301897589088382E+01,  2.462290353334429E+06,  2.851359793749207E+02,  4.181963126292626E+01,  4.184646380299436E+01,  1.568103372961358E-04,  1.568653868918419E-04,  1.262555503480119E+00,
2462291.500000000, A.D. 2029-Jun-04 00:00:00.0000,  3.631184761585692E-04,  1.567552528296165E-04,  2.403205549689696E+01,  8.285548018209037E+01,  4.348052562340222E+01,  2.462291547230482E+06,  2.851309146054563E+02,  3.465331295173009E+02,  3.465234349002760E+02,  1.568121942346300E-04,  1.568691356396436E-04,  1.262577930204945E+00,
2462292.500000000, A.D. 2029-Jun-05 00:00:00.0000,  3.257596306528927E-04,  1.567676020992240E-04,  2.403232810969187E+01,  8.285715596773368E+01,  4.251737921762548E+01,  2.462292806394098E+06,  2.851132060627601E+02,  2.726429964573036E+02,  2.726057061649585E+02,  1.568186872968773E-04,  1.568697724945306E-04,  1.262656349635224E+00,
2462293.500000000, A.D. 2029-Jun-06 00:00:00.0000,  2.374117385541456E-04,  1.567698395793469E-04,  2.403258596141408E+01,  8.285840604736988E+01,  4.439812257910579E+01,  2.462294075405265E+06,  2.851448982791468E+02,  1.959261241472971E+02,  1.959186611830758E+02,  1.568070674178402E-04,  1.568442952563334E-04,  1.262516012639906E+00,
2462294.500000000, A.D. 2029-Jun-07 00:00:00.0000,  3.264322644281572E-04,  1.567654065070371E-04,  2.403279994441705E+01,  8.286000947808596E+01,  6.058757066551691E+01,  2.462294132054591E+06,  2.851189080873220E+02,  1.049081932874556E+02,  1.049443367478849E+02,  1.568165965037337E-04,  1.568677865004303E-04,  1.262631098074157E+00,
2462295.500000000, A.D. 2029-Jun-08 00:00:00.0000,  3.423300763306025E-04,  1.567613351227345E-04,  2.403317366170425E+01,  8.286144539978741E+01,  6.025896871671923E+01,  2.462295393446234E+06,  2.851232141560482E+02,  3.038095228274138E+01,  3.040079912132444E+01,  1.568150176196861E-04,  1.568687001166376E-04,  1.262612029208438E+00,
2462296.500000000, A.D. 2029-Jun-09 00:00:00.0000,  3.747925492829333E-04,  1.567498362989742E-04,  2.403331248119216E+01,  8.286267958925022E+01,  4.229786306719814E+01,  2.462296592890757E+06,  2.851406988738087E+02,  3.335130647687368E+02,  3.334939021671921E+02,  1.568086069965400E-04,  1.568673776941057E-04,  1.262534606325423E+00,
2462297.500000000, A.D. 2029-Jun-10 00:00:00.0000,  2.915724550618297E-04,  1.567726868170251E-04,  2.403365741708932E+01,  8.286452403376308E+01,  4.254570815639165E+01,  2.462297856252944E+06,  2.851139602630680E+02,  2.584273124276479E+02,  2.583945823079535E+02,  1.568184107460453E-04,  1.568641346750654E-04,  1.262653009581980E+00,
2462298.500000000, A.D. 2029-Jun-11 00:00:00.0000,  2.584786469678060E-04,  1.567710752016066E-04,  2.403389898730550E+01,  8.286560188065214E+01,  4.511370227676438E+01,  2.462299127757451E+06,  2.851325144789539E+02,  1.810059394027736E+02,  1.810054195697113E+02,  1.568116076537818E-04,  1.568521401059571E-04,  1.262570845902501E+00,
2462299.500000000, A.D. 2029-Jun-12 00:00:00.0000,  3.404219918802828E-04,  1.567572747564253E-04,  2.403410161905053E+01,  8.286749886756033E+01,  6.549415176366109E+01,  2.462299199076422E+06,  2.851351085977824E+02,  8.580387705250672E+01,  8.584278318004895E+01,  1.568106565524770E-04,  1.568640383485287E-04,  1.262559359211789E+00,
2462300.500000000, A.D. 2029-Jun-13 00:00:00.0000,  3.397043064091030E-04,  1.567650810624073E-04,  2.403449653010919E+01,  8.286881879655112E+01,  5.484825821023225E+01,  2.462300424234999E+06,  2.851141179314392E+02,  2.160167143341398E+01,  2.161600822432281E+01,  1.568183529322224E-04,  1.568716248020374E-04,  1.262652311333697E+00,
2462301.500000000, A.D. 2029-Jun-14 00:00:00.0000,  3.762035464625544E-04,  1.567508647813828E-04,  2.403461415017545E+01,  8.287015304851990E+01,  4.271960735700218E+01,  2.462301644192694E+06,  2.851372888379216E+02,  3.188852861270624E+02,  3.188569284568787E+02,  1.568098572057839E-04,  1.568688496301850E-04,  1.262549705326798E+00,
2462302.500000000, A.D. 2029-Jun-15 00:00:00.0000,  2.678020805698563E-04,  1.567714227187881E-04,  2.403497732917119E+01,  8.287202103918159E+01,  4.147543052745117E+01,  2.462302902259630E+06,  2.851275777647218E+02,  2.453046860323161E+02,  2.452768087137144E+02,  1.568134176783036E-04,  1.568554126378191E-04,  1.262592706122101E+00,
2462303.500000000, A.D. 2029-Jun-16 00:00:00.0000,  2.799396962450175E-04,  1.567733420115598E-04,  2.403523102345070E+01,  8.287311246799217E+01,  5.092394463995528E+01,  2.462302935314502E+06,  2.851171493495754E+02,  1.610015195965928E+02,  1.610119591496774E+02,  1.568172413824783E-04,  1.568611407533969E-04,  1.262638886581363E+00,
2462304.500000000, A.D. 2029-Jun-17 00:00:00.0000,  3.286064354650613E-04,  1.567566681515410E-04,  2.403544557165442E+01,  8.287508313027885E+01,  6.788549645642595E+01,  2.462304257295354E+06,  2.851418190003637E+02,  6.920524415406098E+01,  6.924045186027490E+01,  1.568081963339900E-04,  1.568597245164390E-04,  1.262529646693251E+00,
2462305.500000000, A.D. 2029-Jun-18 00:00:00.0000,  3.538048318979634E-04,  1.567605601124316E-04,  2.403581451527666E+01,  8.287638054236373E+01,  4.852633393117996E+01,  2.462305451827093E+06,  2.851204193127887E+02,  1.373507951675965E+01,  1.374470990868079E+01,  1.568160423859469E-04,  1.568715246594622E-04,  1.262624405742983E+00,
2462306.500000000, A.D. 2029-Jun-19 00:00:00.0000,  3.636253918147081E-04,  1.567580729862191E-04,  2.403596177305194E+01,  8.287791120557209E+01,  4.337316075867906E+01,  2.462306696296563E+06,  2.851230032882843E+02,  3.040313344920971E+02,  3.039967937863466E+02,  1.568150949365579E-04,  1.568721168868967E-04,  1.262612962995513E+00,
2462307.500000000, A.D. 2029-Jun-20 00:00:00.0000,  2.597863260475298E-04,  1.567680990375876E-04,  2.403630234312037E+01,  8.287961789660696E+01,  4.011159497129844E+01,  2.462307947267631E+06,  2.851400747118524E+02,  2.324660742412003E+02,  2.324424720564617E+02,  1.568088358289394E-04,  1.568495726202912E-04,  1.262537369970872E+00,
2462308.500000000, A.D. 2029-Jun-21 00:00:00.0000,  2.947836568695013E-04,  1.567717714509558E-04,  2.403654053225197E+01,  8.288091380200997E+01,  5.782482273627790E+01,  2.462308009278094E+06,  2.851150836218631E+02,  1.399122172668803E+02,  1.399339639406648E+02,  1.568179988341151E-04,  1.568642262172743E-04,  1.262648034705361E+00,
2462309.500000000, A.D. 2029-Jun-22 00:00:00.0000,  3.142112270587352E-04,  1.567628836371812E-04,  2.403681852040247E+01,  8.288278619209717E+01,  6.517387153017420E+01,  2.462309297597689E+06,  2.851310194963154E+02,  5.771117743168165E+01,  5.774162202955593E+01,  1.568121557770657E-04,  1.568614279169501E-04,  1.262577465741682E+00,
2462310.500000000, A.D. 2029-Jun-23 00:00:00.0000,  3.812140189080634E-04,  1.567501250801745E-04,  2.403711289196417E+01,  8.288408237068812E+01,  4.565472075135484E+01,  2.462310491550766E+06,  2.851371633496275E+02,  2.409190677959612E+00,  2.411027845908330E+00,  1.568099032135832E-04,  1.568696813469918E-04,  1.262550260972393E+00,
2462311.500000000, A.D. 2029-Jun-24 00:00:00.0000,  3.359718063431579E-04,  1.567666597053460E-04,  2.403731786273346E+01,  8.288592282408659E+01,  4.357515695011370E+01,  2.462311746787494E+06,  2.851114080887460E+02,  2.896380700631856E+02,  2.896018047642326E+02,  1.568193465844875E-04,  1.568720334636291E-04,  1.262664312218414E+00,
2462312.500000000, A.D. 2029-Jun-25 00:00:00.0000,  2.645025526878045E-04,  1.567673999679968E-04,  2.403763884318071E+01,  8.288737705917605E+01,  4.033946916053888E+01,  2.462312997890828E+06,  2.851399642796310E+02,  2.180314271057710E+02,  2.180127583185728E+02,  1.568088763160665E-04,  1.568503526641361E-04,  1.262537858940584E+00,
2462313.500000000, A.D. 2029-Jun-26 00:00:00.0000,  3.021676727686905E-04,  1.567665692695642E-04,  2.403782090112440E+01,  8.288897635480797E+01,  6.331151141594142E+01,  2.462313078318128E+06,  2.851261167118621E+02,  1.202325146597770E+02,  1.202624253432669E+02,  1.568139533769138E-04,  1.568613374842634E-04,  1.262599175942212E+00,
2462314.500000000, A.D. 2029-Jun-27 00:00:00.0000,  3.217389539195398E-04,  1.567670452754762E-04,  2.403818161425681E+01,  8.289072859750625E+01,  5.926847683660814E+01,  2.462314326663597E+06,  2.851164452056379E+02,  4.942105905317472E+01,  4.944906844242377E+01,  1.568174995737454E-04,  1.568679538720145E-04,  1.262642004884541E+00,
2462315.500000000, A.D. 2029-Jun-28 00:00:00.0000,  3.971960078947521E-04,  1.567447399718387E-04,  2.403838876496741E+01,  8.289200834346586E+01,  4.696305734914258E+01,  2.462315545965950E+06,  2.851450191759539E+02,  3.468930383220805E+02,  3.468827118379776E+02,  1.568070230954221E-04,  1.568693062190055E-04,  1.262515477353843E+00,
2462316.500000000, A.D. 2029-Jun-29 00:00:00.0000,  2.994122752233986E-04,  1.567708727137329E-04,  2.403863741808176E+01,  8.289412312605359E+01,  4.193323356045098E+01,  2.462316790789366E+06,  2.851155552583737E+02,  2.770914285106095E+02,  2.770573792780738E+02,  1.568178258957800E-04,  1.568647790778270E-04,  1.262645946040249E+00,
2462317.500000000, A.D. 2029-Jun-30 00:00:00.0000,  2.736341122245147E-04,  1.567704454061729E-04,  2.403897299510028E+01,  8.289538465736639E+01,  4.327090747929649E+01,  2.462318058002884E+06,  2.851277490148532E+02,  2.008978936340213E+02,  2.008867123503252E+02,  1.568133548893230E-04,  1.568562643724730E-04,  1.262591947798271E+00,
2462318.500000000, A.D. 2029-Jul-01 00:00:00.0000,  3.006647803073111E-04,  1.567627041034582E-04,  2.403909875019975E+01,  8.289725061585796E+01,  6.650477844749336E+01,  2.462318139342810E+06,  2.851373049381668E+02,  1.028368191451940E+02,  1.028704088769622E+02,  1.568098513029502E-04,  1.568569985024421E-04,  1.262549634037074E+00,
2462319.500000000, A.D. 2029-Jul-02 00:00:00.0000,  3.455715037909581E-04,  1.567639031740384E-04,  2.403951216347658E+01,  8.289892239644217E+01,  5.448128200811671E+01,  2.462319359638298E+06,  2.851148212530757E+02,  4.001920162307786E+01,  4.004467433125845E+01,  1.568180950389627E-04,  1.568722869038869E-04,  1.262649196621224E+00,
2462320.500000000, A.D. 2029-Jul-03 00:00:00.0000,  3.860985268842235E-04,  1.567504721425175E-04,  2.403966332057250E+01,  8.290025916111279E+01,  4.862836953145683E+01,  2.462320601635757E+06,  2.851341264444595E+02,  3.310201770725090E+02,  3.309987319091442E+02,  1.568110166450433E-04,  1.568715611475692E-04,  1.262563708136576E+00,
2462321.500000000, A.D. 2029-Jul-04 00:00:00.0000,  2.778359220879754E-04,  1.567680161691435E-04,  2.403992476282848E+01,  8.290243119936072E+01,  3.749573449631344E+01,  2.462321824999024E+06,  2.851325788297389E+02,  2.673321900734206E+02,  2.673003874438702E+02,  1.568115840601949E-04,  1.568551519512464E-04,  1.262570560956371E+00,
2462322.500000000, A.D. 2029-Jul-05 00:00:00.0000,  2.838583901163585E-04,  1.567732573665596E-04,  2.404027600677552E+01,  8.290368610174988E+01,  4.900241702545118E+01,  2.462323127908909E+06,  2.851157038609929E+02,  1.809733094477275E+02,  1.809727571061552E+02,  1.568177714066927E-04,  1.568622854468259E-04,  1.262645287947789E+00,
2462323.500000000, A.D. 2029-Jul-06 00:00:00.0000,  2.957300487432452E-04,  1.567635206335356E-04,  2.404039416853697E+01,  8.290568423265958E+01,  6.671131055288772E+01,  2.462323189893309E+06,  2.851371883951350E+02,  8.842294977464529E+01,  8.845682544844522E+01,  1.568098940311408E-04,  1.568562674287461E-04,  1.262550150074154E+00,
2462324.500000000, A.D. 2029-Jul-07 00:00:00.0000,  3.697993045888750E-04,  1.567556449040066E-04,  2.404080303333972E+01,  8.290727977122343E+01,  5.206071345777448E+01,  2.462324400932497E+06,  2.851269864711579E+02,  2.824681867711390E+01,  2.826688211065227E+01,  1.568136344769862E-04,  1.568716240499658E-04,  1.262595324474542E+00,
2462325.500000000, A.D. 2029-Jul-08 00:00:00.0000,  3.576238593773013E-04,  1.567612072712217E-04,  2.404093423323945E+01,  8.290882628475990E+01,  4.729355827307838E+01,  2.462325646755745E+06,  2.851170198261046E+02,  3.181574394866254E+02,  3.181300927438757E+02,  1.568172888752864E-04,  1.568733704793511E-04,  1.262639460175219E+00,
2462326.500000000, A.D. 2029-Jul-09 00:00:00.0000,  2.859315373530281E-04,  1.567626773534715E-04,  2.404121298506131E+01,  8.291082467201242E+01,  3.456574860964736E+01,  2.462326864536988E+06,  2.851436813377524E+02,  2.560545813966050E+02,  2.560227845304055E+02,  1.568075135668942E-04,  1.568523497803170E-04,  1.262521400828730E+00,
2462327.500000000, A.D. 2029-Jul-10 00:00:00.0000,  2.907479352178737E-04,  1.567715708094159E-04,  2.404150901259397E+01,  8.291227345408906E+01,  5.698361250634568E+01,  2.462326943027108E+06,  2.851173574535460E+02,  1.588026390424167E+02,  1.588146818703973E+02,  1.568171650763686E-04,  1.568627593433213E-04,  1.262637964995360E+00,
2462328.500000000, A.D. 2029-Jul-11 00:00:00.0000,  2.969658950862452E-04,  1.567676278485960E-04,  2.404168768330879E+01,  8.291428304402720E+01,  6.417769914054016E+01,  2.462328230808612E+06,  2.851254541270464E+02,  7.675331659411916E+01,  7.678644374827603E+01,  1.568141963167675E-04,  1.568607647849389E-04,  1.262602110015723E+00,
2462329.500000000, A.D. 2029-Jul-12 00:00:00.0000,  3.854874563401348E-04,  1.567483710319945E-04,  2.404203890468454E+01,  8.291577678827102E+01,  5.163975312327335E+01,  2.462329449269538E+06,  2.851401209833094E+02,  1.446529017876724E+01,  1.447632960767803E+01,  1.568088188647103E-04,  1.568692666974262E-04,  1.262537165091097E+00,
2462330.500000000, A.D. 2029-Jul-13 00:00:00.0000,  3.319923911105656E-04,  1.567671527547337E-04,  2.404216221844175E+01,  8.291763714864136E+01,  4.321600926405514E+01,  2.462330682226578E+06,  2.851117654618527E+02,  3.080450587494253E+02,  3.080150908080315E+02,  1.568192155410732E-04,  1.568712783274128E-04,  1.262662729532876E+00,
2462331.500000000, A.D. 2029-Jul-14 00:00:00.0000,  3.014211045970784E-04,  1.567628543929212E-04,  2.404249318083277E+01,  8.291938649310424E+01,  3.715179826766673E+01,  2.462331923446706E+06,  2.851365713129009E+02,  2.392598581487588E+02,  2.392301766607200E+02,  1.568101202725858E-04,  1.568573861522504E-04,  1.262552882439433E+00,
2462332.500000000, A.D. 2029-Jul-15 00:00:00.0000,  2.843062924388039E-04,  1.567671947217874E-04,  2.404265602485289E+01,  8.292109126427901E+01,  6.434145901666705E+01,  2.462332018650739E+06,  2.851320517835319E+02,  1.372481022563860E+02,  1.372702119966979E+02,  1.568117772968014E-04,  1.568563598718154E-04,  1.262572894727762E+00,
2462333.500000000, A.D. 2029-Jul-16 00:00:00.0000,  3.108404462332126E-04,  1.567698130032849E-04,  2.404293875583290E+01,  8.292308960629013E+01,  5.981878633820006E+01,  2.462333265293320E+06,  2.851135571656656E+02,  6.691805650045998E+01,  6.695082965131338E+01,  1.568185585540035E-04,  1.568673041047221E-04,  1.262654794737879E+00,
2462334.500000000, A.D. 2029-Jul-17 00:00:00.0000,  3.876575336740919E-04,  1.567474854255258E-04,  2.404320731085107E+01,  8.292448486508353E+01,  5.198484349021086E+01,  2.462334500308979E+06,  2.851416089738721E+02,  3.599118971051111E+02,  3.599118287645209E+02,  1.568082733340261E-04,  1.568690612425264E-04,  1.262530576633547E+00,
2462335.500000000, A.D. 2029-Jul-18 00:00:00.0000,  3.185446495889262E-04,  1.567656108894728E-04,  2.404332702165672E+01,  8.292661622898967E+01,  3.879809396846441E+01,  2.462335716502842E+06,  2.851217249676156E+02,  2.982703362242406E+02,  2.982381815573841E+02,  1.568155636482452E-04,  1.568655164070177E-04,  1.262618623820717E+00,
2462336.500000000, A.D. 2029-Jul-19 00:00:00.0000,  3.007539176489118E-04,  1.567686132630270E-04,  2.404371726469464E+01,  8.292820867911716E+01,  4.347962554192656E+01,  2.462336995464320E+06,  2.851211452166690E+02,  2.187326457533345E+02,  2.187110884787398E+02,  1.568157762220750E-04,  1.568629391811229E-04,  1.262621191165703E+00,
2462337.500000000, A.D. 2029-Jul-20 00:00:00.0000,  2.653575055819096E-04,  1.567663789591459E-04,  2.404375744588054E+01,  8.293007974112975E+01,  6.694429198736331E+01,  2.462337077623110E+06,  2.851423841580965E+02,  1.204375534041099E+02,  1.204637659905115E+02,  1.568079891359983E-04,  1.568495993128508E-04,  1.262527144335017E+00,
2462338.500000000, A.D. 2029-Jul-21 00:00:00.0000,  3.412317725986174E-04,  1.567643692547287E-04,  2.404412724685073E+01,  8.293210514939877E+01,  5.569396771023565E+01,  2.462338300596255E+06,  2.851154063471677E+02,  5.685307975818893E+01,  5.688582660836735E+01,  1.568178804980662E-04,  1.568713917414037E-04,  1.262646605499985E+00,
2462339.500000000, A.D. 2029-Jul-22 00:00:00.0000,  3.778949023512368E-04,  1.567534115833895E-04,  2.404431539209861E+01,  8.293348764271482E+01,  5.153576250510058E+01,  2.462339548553918E+06,  2.851296161905699E+02,  3.461558399833807E+02,  3.461454734704295E+02,  1.568126702921170E-04,  1.568719290008444E-04,  1.262583679695306E+00,
2462340.500000000, A.D. 2029-Jul-23 00:00:00.0000,  3.175946426255013E-04,  1.567607450761211E-04,  2.404444856328205E+01,  8.293571892610649E+01,  3.606296611360432E+01,  2.462340756707814E+06,  2.851354066784579E+02,  2.868035132124819E+02,  2.867686694954772E+02,  1.568105472658399E-04,  1.568603494555587E-04,  1.262558039331698E+00,
2462341.500000000, A.D. 2029-Jul-24 00:00:00.0000,  2.865913407146965E-04,  1.567729345248199E-04,  2.404484191551274E+01,  8.293728695860854E+01,  5.053323629289995E+01,  2.462342069987542E+06,  2.851154154221312E+02,  1.974877653081713E+02,  1.974778999037778E+02,  1.568178771704862E-04,  1.568628198161525E-04,  1.262646565311095E+00,
2462342.500000000, A.D. 2029-Jul-25 00:00:00.0000,  2.580787723869824E-04,  1.567702450120245E-04,  2.404485483180800E+01,  8.293923052348592E+01,  6.378215130075996E+01,  2.462342116357279E+06,  2.851349504670425E+02,  1.093899481879657E+02,  1.094178414580756E+02,  1.568107145287272E-04,  1.568511840454299E-04,  1.262560059404611E+00,
2462343.500000000, A.D. 2029-Jul-26 00:00:00.0000,  3.757857527982857E-04,  1.567529584556663E-04,  2.404524553844271E+01,  8.294124832493461E+01,  5.477035155768998E+01,  2.462343347156809E+06,  2.851317549499557E+02,  4.358044728529656E+01,  4.361014305578129E+01,  1.568118861283427E-04,  1.568708138010192E-04,  1.262574209116710E+00,
2462344.500000000, A.D. 2029-Jul-27 00:00:00.0000,  3.592565441248942E-04,  1.567616947421880E-04,  2.404536217643675E+01,  8.294278793964369E+01,  4.928338165690418E+01,  2.462344590447128E+06,  2.851149914086406E+02,  3.342121678340797E+02,  3.341942509688000E+02,  1.568180326466531E-04,  1.568743705511182E-04,  1.262648443076887E+00,
2462345.500000000, A.D. 2029-Jul-28 00:00:00.0000,  3.222350833770843E-04,  1.567584961962082E-04,  2.404554119526645E+01,  8.294494416680344E+01,  3.616423416966676E+01,  2.462345806889039E+06,  2.851395571888414E+02,  2.724937952231725E+02,  2.724569041291998E+02,  1.568090255656357E-04,  1.568595549350631E-04,  1.262539661452796E+00,
2462346.500000000, A.D. 2029-Jul-29 00:00:00.0000,  2.698588345500024E-04,  1.567723301805871E-04,  2.404584248233258E+01,  8.294656172573498E+01,  5.638048628648472E+01,  2.462345877648619E+06,  2.851242222338328E+02,  1.774474534511329E+02,  1.774488301859884E+02,  1.568146479987364E-04,  1.568569658168857E-04,  1.262607565150185E+00,
2462347.500000000, A.D. 2029-Jul-30 00:00:00.0000,  2.795739768120589E-04,  1.567729621140969E-04,  2.404591865527820E+01,  8.294858158925706E+01,  6.003203256655719E+01,  2.462347152988651E+06,  2.851183421619646E+02,  9.893930060475101E+01,  9.897094656776079E+01,  1.568168040116253E-04,  1.568606459091538E-04,  1.262633604243876E+00,
2462348.500000000, A.D. 2029-Jul-31 00:00:00.0000,  3.895196367162884E-04,  1.567458164135900E-04,  2.404626802405636E+01,  8.295045132514414E+01,  5.676927265519776E+01,  2.462348404000260E+06,  2.851453664541656E+02,  2.737388110276950E+01,  2.739441323500182E+01,  1.568068957786683E-04,  1.568679751437467E-04,  1.262513939737704E+00,
2462349.500000000, A.D. 2029-Aug-01 00:00:00.0000,  3.385421766163958E-04,  1.567657335925792E-04,  2.404631969196419E+01,  8.295228720264906E+01,  4.434121872143039E+01,  2.462349622885179E+06,  2.851128349469942E+02,  3.249638581611665E+02,  3.249415790333981E+02,  1.568188233783802E-04,  1.568719131641811E-04,  1.262657993165858E+00,
2462350.500000000, A.D. 2029-Aug-02 00:00:00.0000,  3.221572222828862E-04,  1.567617758169380E-04,  2.404658312484465E+01,  8.295431191823418E+01,  3.871118435210389E+01,  2.462350865654781E+06,  2.851306424194506E+02,  2.557406173775203E+02,  2.557048418056851E+02,  1.568122940300025E-04,  1.568628122430671E-04,  1.262579135463141E+00,
2462351.500000000, A.D. 2029-Aug-03 00:00:00.0000,  2.547434215873913E-04,  1.567700652527862E-04,  2.404672661243767E+01,  8.295599405435225E+01,  5.966123362462905E+01,  2.462350938989926E+06,  2.851368677985390E+02,  1.599646553855300E+02,  1.599746533766707E+02,  1.568100115716732E-04,  1.568499578905601E-04,  1.262551569635516E+00,
2462352.500000000, A.D. 2029-Aug-04 00:00:00.0000,  3.147803744397104E-04,  1.567699780114765E-04,  2.404689423572234E+01,  8.295814593071167E+01,  5.897298365413926E+01,  2.462352199042382E+06,  2.851114215114823E+02,  8.580645439240206E+01,  8.584243002644125E+01,  1.568193416625644E-04,  1.568687053136523E-04,  1.262664252773549E+00,
2462353.500000000, A.D. 2029-Aug-05 00:00:00.0000,  3.767883358306961E-04,  1.567495851482231E-04,  2.404717505636050E+01,  8.295978818900132E+01,  5.794185754177025E+01,  2.462353457949840E+06,  2.851405302290076E+02,  1.199020503625251E+01,  1.199917890416419E+01,  1.568086688255937E-04,  1.568677525029643E-04,  1.262535353044584E+00,
2462354.500000000, A.D. 2029-Aug-06 00:00:00.0000,  3.351094692154643E-04,  1.567612776816273E-04,  2.404717434358802E+01,  8.296189369451319E+01,  3.818874837247318E+01,  2.462354651088282E+06,  2.851264600789465E+02,  3.169207329713317E+02,  3.168944968904763E+02,  1.568138274801199E-04,  1.568663772786124E-04,  1.262597655441457E+00,
2462355.500000000, A.D. 2029-Aug-07 00:00:00.0000,  3.126884541429917E-04,  1.567679117582280E-04,  2.404752937049675E+01,  8.296385071646435E+01,  4.324134905618165E+01,  2.462355931355180E+06,  2.851179532706057E+02,  2.370128939128497E+02,  2.369828451290519E+02,  1.568169466068459E-04,  1.568659814554638E-04,  1.262635326433912E+00,
2462356.500000000, A.D. 2029-Aug-08 00:00:00.0000,  2.465326049850354E-04,  1.567702123377687E-04,  2.404753094766415E+01,  8.296558413269848E+01,  5.999532578803026E+01,  2.462355989999387E+06,  2.851399792237720E+02,  1.454215642064951E+02,  1.454375932872975E+02,  1.568088708371809E-04,  1.568475293365931E-04,  1.262537792771176E+00,
2462357.500000000, A.D. 2029-Aug-09 00:00:00.0000,  3.447778280046990E-04,  1.567618717564121E-04,  2.404776891157796E+01,  8.296786283282917E+01,  5.936515946836693E+01,  2.462357250205664E+06,  2.851207028703409E+02,  7.122153666927574E+01,  7.125894745423317E+01,  1.568159384150554E-04,  1.568700050736987E-04,  1.262623150040811E+00,
2462358.500000000, A.D. 2029-Aug-10 00:00:00.0000,  3.570964770096739E-04,  1.567589046964689E-04,  2.404797262597896E+01,  8.296937283592092E+01,  5.499030690730575E+01,  2.462358497408747E+06,  2.851235274542951E+02,  7.388270745856080E-01,  7.393549606622626E-01,  1.568149027457820E-04,  1.568709007950952E-04,  1.262610641830347E+00,
2462359.500000000, A.D. 2029-Aug-11 00:00:00.0000,  3.522726537538047E-04,  1.567534663947916E-04,  2.404795866057266E+01,  8.297160087884875E+01,  3.576161279724506E+01,  2.462359692393155E+06,  2.851404293403480E+02,  3.051409331038083E+02,  3.051079146918549E+02,  1.568087058137203E-04,  1.568639452326490E-04,  1.262535799756051E+00,
2462360.500000000, A.D. 2029-Aug-12 00:00:00.0000,  2.917035486764529E-04,  1.567719011500742E-04,  2.404833109277203E+01,  8.297355459454225E+01,  4.947361231050044E+01,  2.462361002990986E+06,  2.851160474694324E+02,  2.165891982348297E+02,  2.165692792581512E+02,  1.568176454137365E-04,  1.568633896773988E-04,  1.262643766267123E+00,
2462361.500000000, A.D. 2029-Aug-13 00:00:00.0000,  2.515964453265869E-04,  1.567731978693622E-04,  2.404827512057135E+01,  8.297534161890425E+01,  5.901001314329159E+01,  2.462361036352993E+06,  2.851296677854676E+02,  1.321995168871435E+02,  1.322208705494938E+02,  1.568126513750304E-04,  1.568521048806986E-04,  1.262583451227759E+00,
2462362.500000000, A.D. 2029-Aug-14 00:00:00.0000,  3.613139835520602E-04,  1.567536865198861E-04,  2.404854396276767E+01,  8.297762998958972E+01,  6.030578445614351E+01,  2.462362303324085E+06,  2.851359602988697E+02,  5.607937591772078E+01,  5.611374170316205E+01,  1.568103442900437E-04,  1.568670020602013E-04,  1.262555587947098E+00,
2462363.500000000, A.D. 2029-Aug-15 00:00:00.0000,  3.503129704921879E-04,  1.567636719641442E-04,  2.404865476045498E+01,  8.297918254919404E+01,  4.910245353352163E+01,  2.462363526539042E+06,  2.851134235280573E+02,  3.524333629306574E+02,  3.524280746493779E+02,  1.568186075563858E-04,  1.568735431486273E-04,  1.262655386566088E+00,
2462364.500000000, A.D. 2029-Aug-16 00:00:00.0000,  3.630455928244813E-04,  1.567526360551941E-04,  2.404869581050179E+01,  8.298142218315941E+01,  3.815762074294312E+01,  2.462364750638532E+06,  2.851380856349616E+02,  2.885334086340271E+02,  2.884939585272238E+02,  1.568095650767079E-04,  1.568664940982216E-04,  1.262546177226138E+00,
2462365.500000000, A.D. 2029-Aug-17 00:00:00.0000,  2.608789088936399E-04,  1.567719086149670E-04,  2.404896113378157E+01,  8.298333847477421E+01,  5.465820822995069E+01,  2.462366070937661E+06,  2.851292139517068E+02,  1.972089936726361E+02,  1.972001518938866E+02,  1.568128177717679E-04,  1.568537269285687E-04,  1.262585460853458E+00,
2462366.500000000, A.D. 2029-Aug-18 00:00:00.0000,  2.718531839159345E-04,  1.567754050138238E-04,  2.404893747314796E+01,  8.298525592486713E+01,  5.829556524535144E+01,  2.462366083623043E+06,  2.851149809098134E+02,  1.187153081187012E+02,  1.187426245874255E+02,  1.568180364963408E-04,  1.568606679788577E-04,  1.262648489571560E+00,
2462367.500000000, A.D. 2029-Aug-19 00:00:00.0000,  3.628459886059039E-04,  1.567509562144611E-04,  2.404919933485303E+01,  8.298738867306727E+01,  6.087548567797236E+01,  2.462367355158670E+06,  2.851427546273583E+02,  4.130045591454638E+01,  4.132790778296699E+01,  1.568078533150184E-04,  1.568647504155756E-04,  1.262525504007527E+00,
2462368.500000000, A.D. 2029-Aug-20 00:00:00.0000,  3.570307642745356E-04,  1.567606140560077E-04,  2.404920229135973E+01,  8.298910418046287E+01,  4.380141900791740E+01,  2.462368557724577E+06,  2.851188919864936E+02,  3.435416324905682E+02,  3.435300361965321E+02,  1.568166024074162E-04,  1.568725907588246E-04,  1.262631169375664E+00,
2462369.500000000, A.D. 2029-Aug-21 00:00:00.0000,  3.477416796672506E-04,  1.567604295639604E-04,  2.404934678701904E+01,  8.299134665322671E+01,  4.222354327608627E+01,  2.462369814729439E+06,  2.851233694985926E+02,  2.702632820214043E+02,  2.702234341045163E+02,  1.568149606617779E-04,  1.568694917595954E-04,  1.262611341304933E+00,
2462370.500000000, A.D. 2029-Aug-22 00:00:00.0000,  2.347810909433228E-04,  1.567708687217147E-04,  2.404943972177371E+01,  8.299313075339508E+01,  5.450318410548523E+01,  2.462371120189389E+06,  2.851432159091308E+02,  1.831572031152225E+02,  1.831557217962495E+02,  1.568076842008797E-04,  1.568444996800447E-04,  1.262523461595258E+00,
2462371.500000000, A.D. 2029-Aug-23 00:00:00.0000,  3.060685624341404E-04,  1.567714729822392E-04,  2.404948201440677E+01,  8.299530730749507E+01,  5.888569281963065E+01,  2.462371135463026E+06,  2.851110701765281E+02,  1.039335267632894E+02,  1.039675645061158E+02,  1.568194704921344E-04,  1.568674680020297E-04,  1.262665808721857E+00,
2462372.500000000, A.D. 2029-Aug-24 00:00:00.0000,  3.558332109650100E-04,  1.567548077731788E-04,  2.404971097302472E+01,  8.299718465082678E+01,  5.981485541716204E+01,  2.462372401266400E+06,  2.851352459492026E+02,  2.815242920017387E+01,  2.817167539011820E+01,  1.568106061946944E-04,  1.568664046162099E-04,  1.262558751029098E+00,
2462373.500000000, A.D. 2029-Aug-25 00:00:00.0000,  3.697294628870831E-04,  1.567538956556031E-04,  2.404962069171568E+01,  8.299908417962709E+01,  4.089297755203052E+01,  2.462373597326036E+06,  2.851317890511590E+02,  3.322492531890930E+02,  3.322295175308572E+02,  1.568118736254129E-04,  1.568698515952228E-04,  1.262574058115308E+00,
2462374.500000000, A.D. 2029-Aug-26 00:00:00.0000,  3.148303347340623E-04,  1.567688463955659E-04,  2.404985174221656E+01,  8.300134828881514E+01,  4.546823057286435E+01,  2.462374875904054E+06,  2.851144872043329E+02,  2.528243084360848E+02,  2.527898444394369E+02,  1.568182175274825E-04,  1.568675886593990E-04,  1.262650675979151E+00,
2462375.500000000, A.D. 2029-Aug-27 00:00:00.0000,  2.342327405034092E-04,  1.567718899593364E-04,  2.404981242916634E+01,  8.300298287044106E+01,  5.101916897371523E+01,  2.462374895284644E+06,  2.851406643000815E+02,  1.724289384011557E+02,  1.724324738433371E+02,  1.568086196720567E-04,  1.568453493847770E-04,  1.262534759409611E+00,
2462376.500000000, A.D. 2029-Aug-28 00:00:00.0000,  3.394997827547602E-04,  1.567614637928445E-04,  2.404989298285563E+01,  8.300543940224081E+01,  6.157232464668150E+01,  2.462376194686840E+06,  2.851240739990908E+02,  8.705213194715425E+01,  8.709098512168499E+01,  1.568147023502252E-04,  1.568679409076059E-04,  1.262608221574261E+00,
2462377.500000000, A.D. 2029-Aug-29 00:00:00.0000,  3.484047615898893E-04,  1.567613208731052E-04,  2.405006700498129E+01,  8.300709780666551E+01,  5.646779154689571E+01,  2.462377439327163E+06,  2.851206540958877E+02,  1.729907900944313E+01,  1.731095580226553E+01,  1.568159562989730E-04,  1.568705917248408E-04,  1.262623366032718E+00,
2462378.500000000, A.D. 2029-Aug-30 00:00:00.0000,  3.788949936551359E-04,  1.567500432841871E-04,  2.404993516656814E+01,  8.300913528563424E+01,  4.063146216752493E+01,  2.462378646237846E+06,  2.851383787769544E+02,  3.183019776282992E+02,  3.182730854480799E+02,  1.568094576026305E-04,  1.568688719210740E-04,  1.262544879241265E+00,
2462379.500000000, A.D. 2029-Aug-31 00:00:00.0000,  2.820258743220326E-04,  1.567716330605326E-04,  2.405017776528348E+01,  8.301136007544348E+01,  4.723387733768234E+01,  2.462379931866658E+06,  2.851209189385322E+02,  2.368657815991093E+02,  2.368387241460438E+02,  1.568158591903284E-04,  1.568600853201241E-04,  1.262622193209228E+00,
2462380.500000000, A.D. 2029-Sep-01 00:00:00.0000,  2.560417451147194E-04,  1.567746506774873E-04,  2.405008912322189E+01,  8.301297090383750E+01,  5.169147343879323E+01,  2.462379947429228E+06,  2.851238027310631E+02,  1.575510797371621E+02,  1.575622802706368E+02,  1.568148018130033E-04,  1.568549529485194E-04,  1.262609422825222E+00,
2462381.500000000, A.D. 2029-Sep-02 00:00:00.0000,  3.490820528962964E-04,  1.567537114150680E-04,  2.405017706029588E+01,  8.301551286187991E+01,  6.492392603753049E+01,  2.462381256279844E+06,  2.851411259227937E+02,  6.949463968847768E+01,  6.953211272949402E+01,  1.568084504308559E-04,  1.568631894466438E-04,  1.262532715457803E+00,
2462382.500000000, A.D. 2029-Sep-03 00:00:00.0000,  3.486933653271047E-04,  1.567637509123866E-04,  2.405026498094064E+01,  8.301710138715283E+01,  5.067509106119656E+01,  2.462382468787510E+06,  2.851139010471496E+02,  8.899114687703873E+00,  8.905298552417554E+00,  1.568184324593462E-04,  1.568731140063058E-04,  1.262653271825095E+00,
2462383.500000000, A.D. 2029-Sep-04 00:00:00.0000,  3.758887569784259E-04,  1.567528239136023E-04,  2.405016006956751E+01,  8.301924367308710E+01,  4.198417799588972E+01,  2.462383700818330E+06,  2.851320779746943E+02,  3.027402522906476E+02,  3.027040124760575E+02,  1.568117676940404E-04,  1.568707114744785E-04,  1.262572778752555E+00,
2462384.500000000, A.D. 2029-Sep-05 00:00:00.0000,  2.589070974231097E-04,  1.567700464030903E-04,  2.405032509408010E+01,  8.302129637037429E+01,  4.731052415814660E+01,  2.462384981916791E+06,  2.851351379464481E+02,  2.225885894123508E+02,  2.225685166045303E+02,  1.568106457922374E-04,  1.568512451813845E-04,  1.262559229257856E+00,
2462385.500000000, A.D. 2029-Sep-06 00:00:00.0000,  2.813379107029484E-04,  1.567752778965699E-04,  2.405023305104422E+01,  8.302307096524412E+01,  5.656316907689912E+01,  2.462385014279446E+06,  2.851112702223597E+02,  1.384844041317277E+02,  1.385057672518389E+02,  1.568193971381184E-04,  1.568635163796669E-04,  1.262664922783425E+00,
2462386.500000000, A.D. 2029-Sep-07 00:00:00.0000,  3.344200077017267E-04,  1.567552536028416E-04,  2.405033149501161E+01,  8.302542620447892E+01,  6.561328043367811E+01,  2.462386308542676E+06,  2.851431912732554E+02,  5.459275221517369E+01,  5.462399406290305E+01,  1.568076932328202E-04,  1.568601328627988E-04,  1.262523570675088E+00,
2462387.500000000, A.D. 2029-Sep-08 00:00:00.0000,  3.672822820681180E-04,  1.567574259368562E-04,  2.405030192019712E+01,  8.302707825841743E+01,  4.489927858680233E+01,  2.462387498314395E+06,  2.851232040757040E+02,  4.806051489869479E-01,  4.809583425022215E-01,  1.568150213157476E-04,  1.568726166946390E-04,  1.262612073847259E+00,
2462388.500000000, A.D. 2029-Sep-09 00:00:00.0000,  3.581852229447893E-04,  1.567604339600159E-04,  2.405027596049927E+01,  8.302935610360183E+01,  4.390643287871332E+01,  2.462388757377618E+06,  2.851188894156984E+02,  2.866167794317986E+02,  2.865774434811308E+02,  1.568166033500483E-04,  1.568727727400807E-04,  1.262631180760269E+00,
2462389.500000000, A.D. 2029-Sep-10 00:00:00.0000,  2.500851341032997E-04,  1.567686335068962E-04,  2.405031537687809E+01,  8.303114129149141E+01,  4.629213155549266E+01,  2.462390028163156E+06,  2.851427668913977E+02,  2.093980965116007E+02,  2.093840330257671E+02,  1.568078488187965E-04,  1.568470641306968E-04,  1.262525449706087E+00,
2462390.500000000, A.D. 2029-Sep-11 00:00:00.0000,  3.011432653125726E-04,  1.567707757656358E-04,  2.405021643025432E+01,  8.303320603912680E+01,  6.166930006941683E+01,  2.462390081972371E+06,  2.851150792140787E+02,  1.191859806544956E+02,  1.192161024529879E+02,  1.568180004503512E-04,  1.568652251350666E-04,  1.262648054225480E+00,
2462391.500000000, A.D. 2029-Sep-12 00:00:00.0000,  3.234045510816263E-04,  1.567621042391074E-04,  2.405033177283697E+01,  8.303524900455659E+01,  6.148539051417801E+01,  2.462391343882376E+06,  2.851292127341359E+02,  4.451369514811788E+01,  4.453968425530994E+01,  1.568128182181871E-04,  1.568635321972668E-04,  1.262585466245004E+00,
2462392.500000000, A.D. 2029-Sep-13 00:00:00.0000,  3.953474689484762E-04,  1.567475406479226E-04,  2.405017967354746E+01,  8.303698841009151E+01,  4.329126315020099E+01,  2.462392542492104E+06,  2.851381679419117E+02,  3.478838794188729E+02,  3.478743659084409E+02,  1.568095349006526E-04,  1.568715291533826E-04,  1.262545812784135E+00,
2462393.500000000, A.D. 2029-Sep-14 00:00:00.0000,  3.251046083503409E-04,  1.567677000933221E-04,  2.405023095140130E+01,  8.303940792647991E+01,  4.576962013622809E+01,  2.462393813698006E+06,  2.851132189545316E+02,  2.705605516991167E+02,  2.705232990926226E+02,  1.568186825697009E-04,  1.568696650460797E-04,  1.262656292542546E+00,
2462394.500000000, A.D. 2029-Sep-15 00:00:00.0000,  2.533231899125672E-04,  1.567705950163152E-04,  2.405016701309642E+01,  8.304094926687046E+01,  4.644986023627040E+01,  2.462395078563878E+06,  2.851360300787134E+02,  1.950305925949407E+02,  1.950230667459048E+02,  1.568103187064611E-04,  1.568500423966070E-04,  1.262555278968498E+00,
2462395.500000000, A.D. 2029-Sep-16 00:00:00.0000,  3.113374826975230E-04,  1.567638791191176E-04,  2.405005071932938E+01,  8.304328430254787E+01,  6.519988818919222E+01,  2.462395144175272E+06,  2.851295330082373E+02,  1.014561386267384E+02,  1.014911017850901E+02,  1.568127007906368E-04,  1.568615224621560E-04,  1.262584048035458E+00,
2462396.500000000, A.D. 2029-Sep-17 00:00:00.0000,  3.356428735558478E-04,  1.567648392539911E-04,  2.405015697134593E+01,  8.304506801410731E+01,  5.534449943827007E+01,  2.462396372128274E+06,  2.851165151646114E+02,  3.645834092453353E+01,  3.648120413176600E+01,  1.568174739215619E-04,  1.568701085891328E-04,  1.262641695070364E+00,
2462397.500000000, A.D. 2029-Sep-18 00:00:00.0000,  4.064603989127153E-04,  1.567451417693903E-04,  2.404992673228489E+01,  8.304688617391351E+01,  4.540516618050612E+01,  2.462397599748018E+06,  2.851399586810433E+02,  3.315578542313350E+02,  3.315356610696072E+02,  1.568088783686450E-04,  1.568726149678998E-04,  1.262537883729916E+00,
2462398.500000000, A.D. 2029-Sep-19 00:00:00.0000,  2.855084111737747E-04,  1.567699995386355E-04,  2.404999125436619E+01,  8.304930271136878E+01,  4.561988689150748E+01,  2.462398862942185E+06,  2.851238854731337E+02,  2.565165140277030E+02,  2.564847015918712E+02,  1.568147714748878E-04,  1.568595434111402E-04,  1.262609056419868E+00,
2462399.500000000, A.D. 2029-Sep-20 00:00:00.0000,  2.633141968491807E-04,  1.567747873187264E-04,  2.404988177760269E+01,  8.305075545137775E+01,  4.920286053546477E+01,  2.462398875437739E+06,  2.851203188597923E+02,  1.780753910089428E+02,  1.780764040388419E+02,  1.568160792186788E-04,  1.568573711186313E-04,  1.262624850588182E+00,
2462400.500000000, A.D. 2029-Sep-21 00:00:00.0000,  3.105840181794143E-04,  1.567601392690596E-04,  2.404976133566390E+01,  8.305318764994952E+01,  6.650070322639013E+01,  2.462400198578475E+06,  2.851400590003192E+02,  8.594735148829268E+01,  8.598285377448950E+01,  1.568088415891664E-04,  1.568575439092733E-04,  1.262537439538080E+00,
2462401.500000000, A.D. 2029-Sep-22 00:00:00.0000,  3.613833548707127E-04,  1.567601627621012E-04,  2.404980517825593E+01,  8.305481615775967E+01,  5.096596669393817E+01,  2.462401406549512E+06,  2.851182610429842E+02,  2.664444049250601E+01,  2.666301907549667E+01,  1.568168337555840E-04,  1.568735047490668E-04,  1.262633963475692E+00,
2462402.500000000, A.D. 2029-Sep-23 00:00:00.0000,  3.885938929103257E-04,  1.567530602363650E-04,  2.404956961195871E+01,  8.305676300590817E+01,  4.737120949282714E+01,  2.462402656477029E+06,  2.851259971957296E+02,  3.153843308844332E+02,  3.153530448180878E+02,  1.568139971979990E-04,  1.568749341596330E-04,  1.262599705185325E+00,
2462403.500000000, A.D. 2029-Sep-24 00:00:00.0000,  2.643425548084044E-04,  1.567669590112725E-04,  2.404958020289053E+01,  8.305893711939588E+01,  4.199146465702745E+01,  2.462403900008644E+06,  2.851412358012493E+02,  2.459410408941417E+02,  2.459133847195487E+02,  1.568084101470262E-04,  1.568498612827799E-04,  1.262532228944007E+00,
2462404.500000000, A.D. 2029-Sep-25 00:00:00.0000,  2.789208072140575E-04,  1.567758784025214E-04,  2.404944398963482E+01,  8.306053628762341E+01,  5.474527551348853E+01,  2.462403944637689E+06,  2.851106661122133E+02,  1.583397184112636E+02,  1.583515118352567E+02,  1.568196186571442E-04,  1.568633589117671E-04,  1.262667598196105E+00,
2462405.500000000, A.D. 2029-Sep-26 00:00:00.0000,  3.067923196349518E-04,  1.567617460792823E-04,  2.404935069000980E+01,  8.306284212962521E+01,  6.508687146416258E+01,  2.462405243452338E+06,  2.851372972049629E+02,  7.315130705704249E+01,  7.318495749036846E+01,  1.568098541381751E-04,  1.568579621970678E-04,  1.262549668278661E+00,
2462406.500000000, A.D. 2029-Sep-27 00:00:00.0000,  3.864625346479553E-04,  1.567517966361064E-04,  2.404928303342703E+01,  8.306438682330757E+01,  4.911637848230210E+01,  2.462406449862846E+06,  2.851303567935776E+02,  1.429562465292343E+01,  1.430656493338759E+01,  1.568123987531928E-04,  1.568730008702792E-04,  1.262580400236461E+00,
2462407.500000000, A.D. 2029-Sep-28 00:00:00.0000,  3.546295101445914E-04,  1.567631016778840E-04,  2.404908714519988E+01,  8.306652383384188E+01,  4.676160710281361E+01,  2.462407704138663E+06,  2.851131326344766E+02,  3.017973863332408E+02,  3.017628397338722E+02,  1.568187142216899E-04,  1.568743267654959E-04,  1.262656674820835E+00,
2462408.500000000, A.D. 2029-Sep-29 00:00:00.0000,  2.719985713713779E-04,  1.567642173625661E-04,  2.404903468428891E+01,  8.306831032780835E+01,  3.944800708164651E+01,  2.462408940924495E+06,  2.851454405701502E+02,  2.342723908031968E+02,  2.342470929733324E+02,  1.568068686068084E-04,  1.568495198510506E-04,  1.262513611580734E+00,
2462409.500000000, A.D. 2029-Sep-30 00:00:00.0000,  2.922178129087266E-04,  1.567711202337907E-04,  2.404883258775672E+01,  8.307021978934439E+01,  6.194682872936429E+01,  2.462409019687936E+06,  2.851179578206682E+02,  1.369455947564401E+02,  1.369684490887955E+02,  1.568169449384676E-04,  1.568627696431446E-04,  1.262635306284112E+00,
2462410.500000000, A.D. 2029-Oct-01 00:00:00.0000,  3.102020683605597E-04,  1.567658689117190E-04,  2.404879187316580E+01,  8.307226619195193E+01,  6.134282509224662E+01,  2.462410280123117E+06,  2.851245901538633E+02,  6.269230605301509E+01,  6.272389674820839E+01,  1.568145130980310E-04,  1.568631572843430E-04,  1.262605935902376E+00,
2462411.500000000, A.D. 2029-Oct-02 00:00:00.0000,  4.020601325072124E-04,  1.567461637965204E-04,  2.404859923151009E+01,  8.307377073878456E+01,  4.925429210967825E+01,  2.462411500172851E+06,  2.851390526884146E+02,  3.599507134547233E+02,  3.599506738024904E+02,  1.568092105284839E-04,  1.568722572604473E-04,  1.262541895281491E+00,
2462412.500000000, A.D. 2029-Oct-03 00:00:00.0000,  3.240513837290043E-04,  1.567670181476052E-04,  2.404844193825870E+01,  8.307606071877052E+01,  4.422028840016628E+01,  2.462412744998946E+06,  2.851155299273108E+02,  2.901469957533632E+02,  2.901121294636403E+02,  1.568178351840900E-04,  1.568686522205748E-04,  1.262646058219911E+00,
2462413.500000000, A.D. 2029-Oct-04 00:00:00.0000,  2.845360908134417E-04,  1.567673493344946E-04,  2.404835508823233E+01,  8.307752465105766E+01,  4.239436333085506E+01,  2.462414001110436E+06,  2.851315316518043E+02,  2.171176139336114E+02,  2.170979436606497E+02,  1.568119679988618E-04,  1.568565866632289E-04,  1.262575197890156E+00,
2462414.500000000, A.D. 2029-Oct-05 00:00:00.0000,  2.886801669851229E-04,  1.567654266375100E-04,  2.404806353910849E+01,  8.307968852978577E+01,  6.757008584038977E+01,  2.462414089245878E+06,  2.851350043453224E+02,  1.171203783829494E+02,  1.171498166933276E+02,  1.568106947750627E-04,  1.568559629126155E-04,  1.262559820834940E+00,
2462415.500000000, A.D. 2029-Oct-06 00:00:00.0000,  3.278391318714701E-04,  1.567664413742691E-04,  2.404806504095805E+01,  8.308149211786696E+01,  5.621927284981582E+01,  2.462415311928943E+06,  2.851154829683135E+02,  5.362197034070552E+01,  5.365222416484974E+01,  1.568178524028628E-04,  1.568692634314565E-04,  1.262646266179830E+00,
2462416.500000000, A.D. 2029-Oct-07 00:00:00.0000,  4.025248020863994E-04,  1.567475547363274E-04,  2.404777765880415E+01,  8.308300712579940E+01,  4.997623384793365E+01,  2.462416552538943E+06,  2.851350584941409E+02,  3.450193053604650E+02,  3.450073763024196E+02,  1.568106749222155E-04,  1.568737951081036E-04,  1.262559581067431E+00,
2462417.500000000, A.D. 2029-Oct-08 00:00:00.0000,  3.060255370719110E-04,  1.567645689224847E-04,  2.404763628237415E+01,  8.308527473203392E+01,  4.132891429921091E+01,  2.462417784637778E+06,  2.851299236326947E+02,  2.788412521954800E+02,  2.788065988948823E+02,  1.568125575696345E-04,  1.568605462167845E-04,  1.262582318310979E+00,
2462418.500000000, A.D. 2029-Oct-09 00:00:00.0000,  2.835697123732057E-04,  1.567733824425567E-04,  2.404752207921428E+01,  8.308662282617675E+01,  4.907316753931417E+01,  2.462419074358326E+06,  2.851154861518697E+02,  1.962415465617191E+02,  1.962324612979201E+02,  1.568178512355266E-04,  1.568623200284965E-04,  1.262646252081314E+00,
2462419.500000000, A.D. 2029-Oct-10 00:00:00.0000,  2.722675205891015E-04,  1.567653473397037E-04,  2.404719433924903E+01,  8.308882373261088E+01,  6.790062396769754E+01,  2.462419140253542E+06,  2.851422424845486E+02,  1.025789116081194E+02,  1.026093600260517E+02,  1.568080410762560E-04,  1.568507348128082E-04,  1.262527771624395E+00,
2462420.500000000, A.D. 2029-Oct-11 00:00:00.0000,  3.626380388609523E-04,  1.567588510052498E-04,  2.404718024473099E+01,  8.309047330012051E+01,  5.234392919963833E+01,  2.462420348116590E+06,  2.851213030510378E+02,  4.330519579255927E+01,  4.333370729750067E+01,  1.568157183498148E-04,  1.568725856943798E-04,  1.262620492217513E+00,
2462421.500000000, A.D. 2029-Oct-12 00:00:00.0000,  3.883744674887935E-04,  1.567548257855152E-04,  2.404684865182361E+01,  8.309209061609707E+01,  5.000866695318992E+01,  2.462421602469402E+06,  2.851212739755404E+02,  3.307837934908296E+02,  3.307620613767666E+02,  1.568157290107636E-04,  1.568766322360120E-04,  1.262620620974369E+00,
2462422.500000000, A.D. 2029-Oct-13 00:00:00.0000,  3.017537390400340E-04,  1.567607890205575E-04,  2.404670372880107E+01,  8.309411405823406E+01,  3.954486766829364E+01,  2.462422828190087E+06,  2.851420641614943E+02,  2.664192010736504E+02,  2.663846909642837E+02,  1.568081064529914E-04,  1.568554238854253E-04,  1.262528561188043E+00,
2462423.500000000, A.D. 2029-Oct-14 00:00:00.0000,  2.740378103730541E-04,  1.567756473358689E-04,  2.404652417280860E+01,  8.309553560654095E+01,  5.618985653625585E+01,  2.462422886441433E+06,  2.851133853173150E+02,  1.749337601552342E+02,  1.749365322750379E+02,  1.568186215675490E-04,  1.568615957992291E-04,  1.262655555786483E+00,
2462424.500000000, A.D. 2029-Oct-15 00:00:00.0000,  2.715726413811067E-04,  1.567691823063030E-04,  2.404624837460386E+01,  8.309759166582654E+01,  6.291315823961513E+01,  2.462424172580163E+06,  2.851320768882833E+02,  9.335789798029387E+01,  9.338896386480451E+01,  1.568117680923635E-04,  1.568543538784240E-04,  1.262572783563213E+00,
2462425.500000000, A.D. 2029-Oct-16 00:00:00.0000,  3.978950286864205E-04,  1.567476244710278E-04,  2.404614804358502E+01,  8.309910884609346E+01,  5.234579725437166E+01,  2.462425397934127E+06,  2.851368491800276E+02,  2.910274149590913E+01,  2.912492770489151E+01,  1.568100183977965E-04,  1.568724123245652E-04,  1.262551652076038E+00,
2462426.500000000, A.D. 2029-Oct-17 00:00:00.0000,  3.616318081209511E-04,  1.567627521741664E-04,  2.404581188412457E+01,  8.310092990501145E+01,  4.852632041606736E+01,  2.462426647056213E+06,  2.851110903899555E+02,  3.180726429028276E+02,  3.180449439148812E+02,  1.568194630801487E-04,  1.568761739861309E-04,  1.262665719203053E+00,
2462427.500000000, A.D. 2029-Oct-18 00:00:00.0000,  3.035041500178657E-04,  1.567609527034197E-04,  2.404566421471628E+01,  8.310259091017573E+01,  4.006505870606178E+01,  2.462427879848873E+06,  2.851408686643076E+02,  2.516895623883465E+02,  2.516565482332885E+02,  1.568085447475088E-04,  1.568561367915979E-04,  1.262533854534276E+00,
2462428.500000000, A.D. 2029-Oct-19 00:00:00.0000,  2.631109604167025E-04,  1.567732084781659E-04,  2.404537184126567E+01,  8.310416862661293E+01,  6.155826045946817E+01,  2.462427955080321E+06,  2.851247129240310E+02,  1.553700671644296E+02,  1.553826287175104E+02,  1.568144680834706E-04,  1.568557276887752E-04,  1.262605392244337E+00,
2462429.500000000, A.D. 2029-Oct-20 00:00:00.0000,  2.990997630504338E-04,  1.567699607926607E-04,  2.404518946118650E+01,  8.310603424730657E+01,  5.825655266661026E+01,  2.462429206027612E+06,  2.851181767053912E+02,  8.381687135811534E+01,  8.385094765330378E+01,  1.568168646797287E-04,  1.568637685667967E-04,  1.262634336961207E+00,
2462430.500000000, A.D. 2029-Oct-21 00:00:00.0000,  4.093513453944144E-04,  1.567434778509916E-04,  2.404497151753744E+01,  8.310738057055536E+01,  5.483098549100736E+01,  2.462430456486029E+06,  2.851432620616656E+02,  1.240771562404512E+01,  1.241779968220793E+01,  1.568076672805610E-04,  1.568718567101305E-04,  1.262523257246548E+00,
2462431.500000000, A.D. 2029-Oct-22 00:00:00.0000,  3.328704766911672E-04,  1.567651350275846E-04,  2.404464549667059E+01,  8.310938521638710E+01,  4.449222292476534E+01,  2.462431682675545E+06,  2.851168943376319E+02,  3.079161159026194E+02,  3.078860158604652E+02,  1.568173348886024E-04,  1.568695347496202E-04,  1.262640015900610E+00,
2462432.500000000, A.D. 2029-Oct-23 00:00:00.0000,  3.014859730614880E-04,  1.567662339666905E-04,  2.404451422166445E+01,  8.311074634614344E+01,  4.283476065728271E+01,  2.462432939396023E+06,  2.851273231293541E+02,  2.347161880537450E+02,  2.346879928377156E+02,  1.568135110406558E-04,  1.568607881146210E-04,  1.262593833691197E+00,
2462433.500000000, A.D. 2029-Oct-24 00:00:00.0000,  2.532591937526138E-04,  1.567704223558732E-04,  2.404411046238595E+01,  8.311244636134036E+01,  6.371765801928744E+01,  2.462433012491121E+06,  2.851365285127397E+02,  1.390065894046669E+02,  1.390256220665216E+02,  1.568101359644797E-04,  1.568498495730863E-04,  1.262553071953793E+00,
2462434.500000000, A.D. 2029-Oct-25 00:00:00.0000,  3.364320359709281E-04,  1.567646360904065E-04,  2.404399584480098E+01,  8.311415293911136E+01,  5.658578211787967E+01,  2.462434249938007E+06,  2.851167318032997E+02,  7.129685816744738E+01,  7.133337951990558E+01,  1.568173944857090E-04,  1.568701528810115E-04,  1.262640735684224E+00,
2462435.500000000, A.D. 2029-Oct-26 00:00:00.0000,  3.947413484906327E-04,  1.567500488726417E-04,  2.404368228022090E+01,  8.311537392446553E+01,  5.581617679712329E+01,  2.462435509770155E+06,  2.851315833806871E+02,  3.572142200590031E+02,  3.572120205163670E+02,  1.568119490328624E-04,  1.568738491930830E-04,  1.262574968832386E+00,
2462436.500000000, A.D. 2029-Oct-27 00:00:00.0000,  3.247734379466347E-04,  1.567597828552677E-04,  2.404336663633942E+01,  8.311736972028363E+01,  3.950266763590011E+01,  2.462436714960820E+06,  2.851349606128347E+02,  2.987071552135363E+02,  2.986745069511067E+02,  1.568107108089240E-04,  1.568616387625803E-04,  1.262560014479668E+00,
2462437.500000000, A.D. 2029-Oct-28 00:00:00.0000,  2.919011208361399E-04,  1.567725207317312E-04,  2.404324303154081E+01,  8.311861301709658E+01,  4.793250739099248E+01,  2.462438007078519E+06,  2.851142727370982E+02,  2.154246769571584E+02,  2.154052943690442E+02,  1.568182961681504E-04,  1.568640716045695E-04,  1.262651625763938E+00,
2462438.500000000, A.D. 2029-Oct-29 00:00:00.0000,  2.509751652122347E-04,  1.567705180409274E-04,  2.404279635898280E+01,  8.312031951913590E+01,  6.252149567060319E+01,  2.462438058126476E+06,  2.851372445997853E+02,  1.259945991991748E+02,  1.260178635363127E+02,  1.568098734248171E-04,  1.568492288087068E-04,  1.262549901207368E+00,
2462439.500000000, A.D. 2029-Oct-30 00:00:00.0000,  3.671419705523923E-04,  1.567555924570654E-04,  2.404268972114491E+01,  8.312187120963200E+01,  5.678093234458508E+01,  2.462439300414310E+06,  2.851282665051428E+02,  5.690752165898148E+01,  5.694277748132508E+01,  1.568131651515277E-04,  1.568707378459900E-04,  1.262589656271441E+00,
2462440.500000000, A.D. 2029-Oct-31 00:00:00.0000,  3.732772062059195E-04,  1.567595146413470E-04,  2.404232080491298E+01,  8.312311074484307E+01,  5.296217943128594E+01,  2.462440549556258E+06,  2.851149406863456E+02,  3.458707705021848E+02,  3.458603241228196E+02,  1.568180512453985E-04,  1.568765878494500E-04,  1.262648667703582E+00,
2462441.500000000, A.D. 2029-Nov-01 00:00:00.0000,  3.375254801729033E-04,  1.567537878381222E-04,  2.404203300563984E+01,  8.312487807338452E+01,  3.827596818944856E+01,  2.462441760479731E+06,  2.851458620161237E+02,  2.857252826821550E+02,  2.856880484707911E+02,  1.568067140995930E-04,  1.568596403610639E-04,  1.262511745583892E+00,
2462442.500000000, A.D. 2029-Nov-02 00:00:00.0000,  2.726223709308214E-04,  1.567750353972947E-04,  2.404184280763208E+01,  8.312615372616436E+01,  5.489135130228468E+01,  2.462443081250872E+06,  2.851156601504696E+02,  1.942762739129576E+02,  1.942685726886142E+02,  1.568177874343092E-04,  1.568605394713237E-04,  1.262645481521465E+00,
2462443.500000000, A.D. 2029-Nov-03 00:00:00.0000,  2.626742466541999E-04,  1.567726640081016E-04,  2.404144858557811E+01,  8.312776288253831E+01,  5.989833017390917E+01,  2.462443098723400E+06,  2.851263851056781E+02,  1.144145463944188E+02,  1.144419513234479E+02,  1.568138549693206E-04,  1.568550459305396E-04,  1.262597987438346E+00,
2462444.500000000, A.D. 2029-Nov-04 00:00:00.0000,  3.842895021694479E-04,  1.567486039357934E-04,  2.404129289780699E+01,  8.312911282558085E+01,  5.793492251756105E+01,  2.462444354279507E+06,  2.851399980472106E+02,  4.155074112900581E+01,  4.157996018544360E+01,  1.568088639360512E-04,  1.568691239363089E-04,  1.262537709425090E+00,
2462445.500000000, A.D. 2029-Nov-05 00:00:00.0000,  3.609243822895110E-04,  1.567628098543920E-04,  2.404089280033613E+01,  8.313048189481367E+01,  4.802730071155659E+01,  2.462445582016400E+06,  2.851112356835660E+02,  3.366162029342687E+02,  3.365997812741708E+02,  1.568194098030061E-04,  1.568760097516203E-04,  1.262665075744507E+00,
2462446.500000000, A.D. 2029-Nov-06 00:00:00.0000,  3.421530947249007E-04,  1.567560815734198E-04,  2.404066608777466E+01,  8.313194154707845E+01,  4.134601738540738E+01,  2.462446821084290E+06,  2.851376234982455E+02,  2.684467884956758E+02,  2.684075955021718E+02,  1.568097345093652E-04,  1.568633874453105E-04,  1.262548223497469E+00,
2462447.500000000, A.D. 2029-Nov-07 00:00:00.0000,  2.451852414517066E-04,  1.567738876165863E-04,  2.404033252227925E+01,  8.313325704712608E+01,  5.989542118238970E+01,  2.462446885979330E+06,  2.851305288026396E+02,  1.750760382379304E+02,  1.750784490962109E+02,  1.568123356869743E-04,  1.568507837573623E-04,  1.262579638566810E+00,
2462448.500000000, A.D. 2029-Nov-08 00:00:00.0000,  2.905603624314243E-04,  1.567723119644423E-04,  2.404004934035234E+01,  8.313477159278624E+01,  5.761972023666009E+01,  2.462448140497640E+06,  2.851154158226477E+02,  1.024996649539257E+02,  1.025321689615583E+02,  1.568178770236260E-04,  1.568634420828098E-04,  1.262646563537390E+00,
2462449.500000000, A.D. 2029-Nov-09 00:00:00.0000,  3.870724141474882E-04,  1.567482381503087E-04,  2.403981736003521E+01,  8.313588407488572E+01,  5.878916249529158E+01,  2.462449407101093E+06,  2.851398054056276E+02,  2.648917629965184E+01,  2.650896857822201E+01,  1.568089345631700E-04,  1.568696309760313E-04,  1.262538562400573E+00,
2462450.500000000, A.D. 2029-Nov-10 00:00:00.0000,  3.585599307451763E-04,  1.567588923890988E-04,  2.403940175634669E+01,  8.313736777448861E+01,  4.387542777018111E+01,  2.462450617225763E+06,  2.851229349114267E+02,  3.265762463365005E+02,  3.265536055283545E+02,  1.568151200076685E-04,  1.568713476262383E-04,  1.262613265789488E+00,
2462451.500000000, A.D. 2029-Nov-11 00:00:00.0000,  3.222258227641889E-04,  1.567652752684188E-04,  2.403923939936428E+01,  8.313860150229721E+01,  4.573812362464064E+01,  2.462451886303829E+06,  2.851210657210229E+02,  2.498566407055723E+02,  2.498219796745504E+02,  1.568158053703267E-04,  1.568663354722345E-04,  1.262621543201731E+00,
2462452.500000000, A.D. 2029-Nov-12 00:00:00.0000,  2.246300671146557E-04,  1.567732480576354E-04,  2.403877992825509E+01,  8.313986260314699E+01,  5.848206759513179E+01,  2.462451930867281E+06,  2.851410672128305E+02,  1.622831108180083E+02,  1.622909419781956E+02,  1.568084719552149E-04,  1.568436958527943E-04,  1.262532975410710E+00,
2462453.500000000, A.D. 2029-Nov-13 00:00:00.0000,  3.313512846788112E-04,  1.567650195768183E-04,  2.403858901023486E+01,  8.314135281967286E+01,  5.731549442386697E+01,  2.462453189197842E+06,  2.851178592406532E+02,  8.861524584158758E+01,  8.865320519011077E+01,  1.568169810849602E-04,  1.568689425931022E-04,  1.262635742842551E+00,
2462454.500000000, A.D. 2029-Nov-14 00:00:00.0000,  3.808425076238617E-04,  1.567539652920996E-04,  2.403828883479336E+01,  8.314226960908864E+01,  5.806119039896056E+01,  2.462454454356243E+06,  2.851268442853565E+02,  1.301426042735918E+01,  1.302409273565955E+01,  1.568136866097378E-04,  1.568734079273760E-04,  1.262595954100029E+00,
2462455.500000000, A.D. 2029-Nov-15 00:00:00.0000,  3.622622085747815E-04,  1.567529439373178E-04,  2.403788503330453E+01,  8.314374122751256E+01,  4.195260047614800E+01,  2.462455660278695E+06,  2.851375807455906E+02,  3.142985207986399E+02,  3.142688006788639E+02,  1.568097501837455E-04,  1.568665564301731E-04,  1.262548412800079E+00,
2462456.500000000, A.D. 2029-Nov-16 00:00:00.0000,  2.888735449968441E-04,  1.567728919812447E-04,  2.403773798781334E+01,  8.314486346538335E+01,  4.932441692399455E+01,  2.462456948657474E+06,  2.851145551630321E+02,  2.320812237517058E+02,  2.320551155792095E+02,  1.568181926084635E-04,  1.568634932356824E-04,  1.262650375019078E+00,
2462457.500000000, A.D. 2029-Nov-17 00:00:00.0000,  2.326893716509651E-04,  1.567744729765943E-04,  2.403725776303468E+01,  8.314601590344753E+01,  5.414438621602173E+01,  2.462456965467493E+06,  2.851342776143138E+02,  1.524135403237225E+02,  1.524258849922397E+02,  1.568109612206287E-04,  1.568474494646631E-04,  1.262563038762225E+00,
2462458.500000000, A.D. 2029-Nov-18 00:00:00.0000,  3.656846085507966E-04,  1.567538599210043E-04,  2.403708873883705E+01,  8.314745971199658E+01,  5.979738395587791E+01,  2.462458247701432E+06,  2.851336171688586E+02,  7.193880346640979E+01,  7.197864868003907E+01,  1.568112033645230E-04,  1.568685468080417E-04,  1.262565963194739E+00,
2462459.500000000, A.D. 2029-Nov-19 00:00:00.0000,  3.702878625893723E-04,  1.567608111517375E-04,  2.403674136083259E+01,  8.314831010943591E+01,  5.506466806429516E+01,  2.462459493623930E+06,  2.851126824964217E+02,  1.817898296492908E+00,  1.819244984974073E+00,  1.568188792793595E-04,  1.568769474069816E-04,  1.262658668312723E+00,
2462460.500000000, A.D. 2029-Nov-20 00:00:00.0000,  3.636476184846888E-04,  1.567512178828559E-04,  2.403638688562901E+01,  8.314962932083104E+01,  4.240606850408918E+01,  2.462460711688134E+06,  2.851416976427151E+02,  2.996388861149049E+02,  2.996026592740691E+02,  1.568082408261911E-04,  1.568652637695263E-04,  1.262530184031811E+00,
2462461.500000000, A.D. 2029-Nov-21 00:00:00.0000,  2.577255054887365E-04,  1.567748052964476E-04,  2.403617944281236E+01,  8.315067082578754E+01,  5.127010573781373E+01,  2.462462005237556E+06,  2.851226606233631E+02,  2.159453237163281E+02,  2.159279918850589E+02,  1.568152205784396E-04,  1.568556358604315E-04,  1.262614480423733E+00,
2462462.500000000, A.D. 2029-Nov-22 00:00:00.0000,  2.641949165997847E-04,  1.567750848847729E-04,  2.403577609829557E+01,  8.315175746864685E+01,  5.418626920757029E+01,  2.462462015380856E+06,  2.851191303390136E+02,  1.381741890385258E+02,  1.381943731780835E+02,  1.568165150108777E-04,  1.568579451369824E-04,  1.262630113847328E+00,
2462463.500000000, A.D. 2029-Nov-23 00:00:00.0000,  3.731404747864291E-04,  1.567483851120347E-04,  2.403557856628024E+01,  8.315299682080241E+01,  6.309605282983592E+01,  2.462463309096649E+06,  2.851453655457649E+02,  5.443520566209390E+01,  5.446999755721622E+01,  1.568068961116996E-04,  1.568654071113645E-04,  1.262513943759752E+00,
2462464.500000000, A.D. 2029-Nov-24 00:00:00.0000,  3.642635710471267E-04,  1.567619724673901E-04,  2.403519922132265E+01,  8.315391762423633E+01,  4.967968001547688E+01,  2.462464524495469E+06,  2.851120916000116E+02,  3.530160454763561E+02,  3.530109677712472E+02,  1.568190959512897E-04,  1.568762194351892E-04,  1.262661285179900E+00,
2462465.500000000, A.D. 2029-Nov-25 00:00:00.0000,  3.546627732760866E-04,  1.567561297230217E-04,  2.403492720130943E+01,  8.315504975598910E+01,  4.420565667035121E+01,  2.462465767818238E+06,  2.851321398407707E+02,  2.836364127307609E+02,  2.835969128697149E+02,  1.568117450113896E-04,  1.568673602997576E-04,  1.262572504807906E+00,
2462466.500000000, A.D. 2029-Nov-26 00:00:00.0000,  2.370112564220841E-04,  1.567736184600950E-04,  2.403461007010852E+01,  8.315597311268620E+01,  5.098298234669787E+01,  2.462467054004322E+06,  2.851347599442072E+02,  2.020341106000718E+02,  2.020239242837690E+02,  1.568107843811218E-04,  1.568479503021485E-04,  1.262560903028595E+00,
2462467.500000000, A.D. 2029-Nov-27 00:00:00.0000,  2.982996903234536E-04,  1.567717108296116E-04,  2.403430679953660E+01,  8.315707317226732E+01,  5.753963189418305E+01,  2.462467076896311E+06,  2.851137448424651E+02,  1.206326772100176E+02,  1.206620841162505E+02,  1.568184897365370E-04,  1.568652686434624E-04,  1.262653963592363E+00,
2462468.500000000, A.D. 2029-Nov-28 00:00:00.0000,  3.602182032374602E-04,  1.567528963105653E-04,  2.403407838889995E+01,  8.315798770174636E+01,  6.361933050883077E+01,  2.462468360751834E+06,  2.851385852488141E+02,  3.970502504117157E+01,  3.973140399939430E+01,  1.568093819043656E-04,  1.568658674981659E-04,  1.262543965019190E+00,
2462469.500000000, A.D. 2029-Nov-29 00:00:00.0000,  3.754347462858268E-04,  1.567546169975078E-04,  2.403367905371733E+01,  8.315899294688597E+01,  4.478190251351052E+01,  2.462469557089685E+06,  2.851273798868924E+02,  3.437221678277706E+02,  3.437101036245337E+02,  1.568134902304267E-04,  1.568723634633455E-04,  1.262593582358905E+00,
2462470.500000000, A.D. 2029-Nov-30 00:00:00.0000,  3.323361302849146E-04,  1.567646256801036E-04,  2.403349528970242E+01,  8.316002412323360E+01,  4.660921396749383E+01,  2.462470826041086E+06,  2.851185125123803E+02,  2.670396504442267E+02,  2.670016191687931E+02,  1.568167415491539E-04,  1.568688574182042E-04,  1.262632849855262E+00,
2462471.500000000, A.D. 2029-Dec-01 00:00:00.0000,  2.325107686777254E-04,  1.567731348299144E-04,  2.403309129563361E+01,  8.316079677943966E+01,  4.947169162851532E+01,  2.462472098513188E+06,  2.851380047012052E+02,  1.893411436787848E+02,  1.893368203033018E+02,  1.568095947493257E-04,  1.568460546687369E-04,  1.262546535588065E+00,
2462472.500000000, A.D. 2029-Dec-02 00:00:00.0000,  3.240272049900592E-04,  1.567640833086390E-04,  2.403285351224671E+01,  8.316193939352587E+01,  6.107067416177780E+01,  2.462472139058225E+06,  2.851235469405482E+02,  1.029129990693991E+02,  1.029491875557975E+02,  1.568148956009614E-04,  1.568657078932837E-04,  1.262610555539506E+00,
2462473.500000000, A.D. 2029-Dec-03 00:00:00.0000,  3.534099884655569E-04,  1.567605170011775E-04,  2.403260939248327E+01,  8.316258796166355E+01,  5.982760196131407E+01,  2.462473397238989E+06,  2.851207058574727E+02,  2.929929189797591E+01,  2.931911801241844E+01,  1.568159373197769E-04,  1.568713576383762E-04,  1.262623136812653E+00,
2462474.500000000, A.D. 2029-Dec-04 00:00:00.0000,  3.935386507678585E-04,  1.567462856862515E-04,  2.403221523912546E+01,  8.316356998163701E+01,  4.421751798595411E+01,  2.462474604915488E+06,  2.851423662722127E+02,  3.300841495989530E+02,  3.300616492853720E+02,  1.568079956933062E-04,  1.568697057003610E-04,  1.262527223528488E+00,
2462475.500000000, A.D. 2029-Dec-05 00:00:00.0000,  2.955153694964260E-04,  1.567714876427907E-04,  2.403207062185704E+01,  8.316456681816713E+01,  4.885130015015025E+01,  2.462475883664712E+06,  2.851155448243731E+02,  2.506112265013344E+02,  2.505792873327820E+02,  1.568178297216845E-04,  1.568641718005783E-04,  1.262645992247650E+00,
2462476.500000000, A.D. 2029-Dec-06 00:00:00.0000,  2.430131895880116E-04,  1.567748998444976E-04,  2.403166836496786E+01,  8.316520724297625E+01,  4.936331161118417E+01,  2.462475885372781E+06,  2.851286965566030E+02,  1.752478579190640E+02,  1.752501642401168E+02,  1.568130074736126E-04,  1.568511151027277E-04,  1.262587751943564E+00,
2462477.500000000, A.D. 2029-Dec-07 00:00:00.0000,  3.370216294773708E-04,  1.567567434124398E-04,  2.403145474331781E+01,  8.316631933932008E+01,  6.376540458710704E+01,  2.462477198316396E+06,  2.851380131915288E+02,  8.602146338528618E+01,  8.605999127298129E+01,  1.568095916365308E-04,  1.568624398606218E-04,  1.262546497994240E+00,
2462478.500000000, A.D. 2029-Dec-08 00:00:00.0000,  3.646511116676666E-04,  1.567623200204000E-04,  2.403119893663271E+01,  8.316685955063438E+01,  5.463552594461574E+01,  2.462478428785055E+06,  2.851109776318106E+02,  2.030416255878049E+01,  2.031866863902110E+01,  1.568195044270205E-04,  1.568766888336411E-04,  1.262666218572966E+00,
2462479.500000000, A.D. 2029-Dec-09 00:00:00.0000,  3.930229590200532E-04,  1.567471324810735E-04,  2.403085882637756E+01,  8.316773632278328E+01,  4.688762885614973E+01,  2.462479664101723E+06,  2.851402762924278E+02,  3.132079894925264E+02,  3.131751521059671E+02,  1.568087619246854E-04,  1.568703913682974E-04,  1.262536477417168E+00,
2462480.500000000, A.D. 2029-Dec-10 00:00:00.0000,  2.554977959147091E-04,  1.567733073444618E-04,  2.403067104591806E+01,  8.316863553735378E+01,  4.819569881487897E+01,  2.462480931115951E+06,  2.851277001228983E+02,  2.370769004662294E+02,  2.370523288470495E+02,  1.568133728155861E-04,  1.568534382867104E-04,  1.262592164299819E+00,
2462481.500000000, A.D. 2029-Dec-11 00:00:00.0000,  2.643881683601474E-04,  1.567763447621164E-04,  2.403035504144595E+01,  8.316924130320882E+01,  5.178164946546209E+01,  2.462480943604046E+06,  2.851156107876669E+02,  1.586371721963080E+02,  1.586482050426795E+02,  1.568178055344879E-04,  1.568592663068595E-04,  1.262645700126541E+00,
2462482.500000000, A.D. 2029-Dec-12 00:00:00.0000,  3.384205929155382E-04,  1.567546704201302E-04,  2.403014723980585E+01,  8.317018106513071E+01,  6.492074869286795E+01,  2.462482252185239E+06,  2.851430708350219E+02,  7.066266205242880E+01,  7.069925955206244E+01,  1.568077373875906E-04,  1.568608043550511E-04,  1.262524103937594E+00,
2462483.500000000, A.D. 2029-Dec-13 00:00:00.0000,  3.832533697772618E-04,  1.567569310449208E-04,  2.402987344260008E+01,  8.317072110214144E+01,  5.095986663599205E+01,  2.462483465651180E+06,  2.851177211995227E+02,  9.793457222179461E+00,  9.800931001297863E+00,  1.568170317007585E-04,  1.568771323565963E-04,  1.262636354153782E+00,
2462484.500000000, A.D. 2029-Dec-14 00:00:00.0000,  3.656424617888108E-04,  1.567569302918518E-04,  2.402962585145765E+01,  8.317151649025547E+01,  4.896518153336435E+01,  2.462484721191904E+06,  2.851252579479596E+02,  2.969326014764569E+02,  2.968952386308615E+02,  1.568142682469372E-04,  1.568716062020226E-04,  1.262602978743140E+00,
2462485.500000000, A.D. 2029-Dec-15 00:00:00.0000,  2.385230765818923E-04,  1.567711454331769E-04,  2.402936274608025E+01,  8.317219560133493E+01,  4.334213819144941E+01,  2.462485963875428E+06,  2.851408600916039E+02,  2.277301615280506E+02,  2.277099397651673E+02,  1.568085478904540E-04,  1.568459503477312E-04,  1.262533892492107E+00,
2462486.500000000, A.D. 2029-Dec-16 00:00:00.0000,  2.930177269488484E-04,  1.567726555223319E-04,  2.402913901721370E+01,  8.317291115112357E+01,  5.667150982700777E+01,  2.462486010502860E+06,  2.851134273530021E+02,  1.395622071018813E+02,  1.395839800474091E+02,  1.568186061538504E-04,  1.568645567853689E-04,  1.262655369626910E+00,
2462487.500000000, A.D. 2029-Dec-17 00:00:00.0000,  3.374715252483934E-04,  1.567583029453379E-04,  2.402894597276712E+01,  8.317358156654481E+01,  6.397772933901734E+01,  2.462487298676793E+06,  2.851335656107281E+02,  5.740400402634614E+01,  5.743659168969781E+01,  1.568112222676926E-04,  1.568641415900474E-04,  1.262566191493153E+00,
2462488.500000000, A.D. 2029-Dec-18 00:00:00.0000,  3.985013206544168E-04,  1.567492323205780E-04,  2.402865691254003E+01,  8.317413362242196E+01,  4.953304680855225E+01,  2.462488510429426E+06,  2.851322026065237E+02,  3.570262349075211E+02,  3.570238646937938E+02,  1.568117219988887E-04,  1.568742116771994E-04,  1.262572226879586E+00,
2462489.500000000, A.D. 2029-Dec-19 00:00:00.0000,  3.266512322786723E-04,  1.567665544145834E-04,  2.402849061048438E+01,  8.317491396305870E+01,  4.839658444581222E+01,  2.462489768965012E+06,  2.851156827833086E+02,  2.833138569787251E+02,  2.832774281198562E+02,  1.568177791353812E-04,  1.568690038561790E-04,  1.262645381291089E+00,
2462490.500000000, A.D. 2029-Dec-20 00:00:00.0000,  2.510116270698760E-04,  1.567702238050752E-04,  2.402820549266512E+01,  8.317534361895203E+01,  4.074327969210381E+01,  2.462491004582556E+06,  2.851380317455317E+02,  2.161243232019125E+02,  2.161073700998692E+02,  1.568095848341046E-04,  1.568489458631340E-04,  1.262546415840024E+00,
2462491.500000000, A.D. 2029-Dec-21 00:00:00.0000,  3.143760647075513E-04,  1.567641862918318E-04,  2.402801279738388E+01,  8.317621338334399E+01,  6.272330903026459E+01,  2.462491081512256E+06,  2.851273949758406E+02,  1.193223204446814E+02,  1.193537236881905E+02,  1.568134846980443E-04,  1.568627831042568E-04,  1.262593515542425E+00,
2462492.500000000, A.D. 2029-Dec-22 00:00:00.0000,  3.423130608025281E-04,  1.567633441896373E-04,  2.402785487181163E+01,  8.317665082063205E+01,  6.091644913605175E+01,  2.462492337706293E+06,  2.851177402776324E+02,  4.627281509051363E+01,  4.630116985886542E+01,  1.568170247053501E-04,  1.568707052210630E-04,  1.262636269666880E+00,
2462493.500000000, A.D. 2029-Dec-23 00:00:00.0000,  4.029452457005979E-04,  1.567456762688812E-04,  2.402757636960986E+01,  8.317717120391590E+01,  4.995656263745513E+01,  2.462493561719640E+06,  2.851400042712469E+02,  3.424012615047026E+02,  3.423872941033586E+02,  1.568088616541685E-04,  1.568720470394557E-04,  1.262537681866416E+00,
2462494.500000000, A.D. 2029-Dec-24 00:00:00.0000,  2.940966297440788E-04,  1.567697058408623E-04,  2.402744432091407E+01,  8.317793361491223E+01,  4.570739754848501E+01,  2.462494809280941E+06,  2.851210126040934E+02,  2.718175049823711E+02,  2.717838205546531E+02,  1.568158248464402E-04,  1.568619438520180E-04,  1.262621778423185E+00,
2462495.500000000, A.D. 2029-Dec-25 00:00:00.0000,  2.683061576474297E-04,  1.567733397734212E-04,  2.402721637416751E+01,  8.317823125974225E+01,  4.461664415374126E+01,  2.462496067989078E+06,  2.851221322450141E+02,  1.980537430006354E+02,  1.980442176952126E+02,  1.568154143146959E-04,  1.568574888559706E-04,  1.262616820256665E+00,
2462496.500000000, A.D. 2029-Dec-26 00:00:00.0000,  3.130328574670071E-04,  1.567584143663975E-04,  2.402701516782221E+01,  8.317911085003676E+01,  6.705290112267100E+01,  2.462496146515323E+06,  2.851437176171401E+02,  1.007939349895747E+02,  1.008291686672270E+02,  1.568075002662781E-04,  1.568565861661587E-04,  1.262521240195685E+00,
2462497.500000000, A.D. 2029-Dec-27 00:00:00.0000,  3.590735573274285E-04,  1.567631081966050E-04,  2.402689516802456E+01,  8.317946118343045E+01,  5.627237346713552E+01,  2.462497371163951E+06,  2.851112135942453E+02,  3.673260218057791E+01,  3.675722016498678E+01,  1.568194179028494E-04,  1.568757276090938E-04,  1.262665173570944E+00,
2462498.500000000, A.D. 2029-Dec-28 00:00:00.0000,  3.927427794201212E-04,  1.567493694742610E-04,  2.402666558033381E+01,  8.317992711583280E+01,  5.084653965206932E+01,  2.462498614647093E+06,  2.851342922765895E+02,  3.273101823059220E+02,  3.272858654710793E+02,  1.568109558449030E-04,  1.568725422155451E-04,  1.262562973838265E+00,
2462499.500000000, A.D. 2029-Dec-29 00:00:00.0000,  2.764760014312116E-04,  1.567678114609088E-04,  2.402652546690076E+01,  8.318057579883411E+01,  4.213593626033794E+01,  2.462499846517099E+06,  2.851337191208658E+02,  2.611962908797084E+02,  2.611649839812438E+02,  1.568111659850601E-04,  1.568545205092114E-04,  1.262565511753448E+00,
2462500.500000000, A.D. 2029-Dec-30 00:00:00.0000,  2.771834264471740E-04,  1.567757561883650E-04,  2.402638372396145E+01,  8.318090309155876E+01,  5.182247266282575E+01,  2.462499880378250E+06,  2.851117427254341E+02,  1.766614368241696E+02,  1.766632859261907E+02,  1.568192238781724E-04,  1.568626915679797E-04,  1.262662830224724E+00,
2462501.500000000, A.D. 2029-Dec-31 00:00:00.0000,  3.002217046549830E-04,  1.567604329849335E-04,  2.402620207448890E+01,  8.318159729070942E+01,  6.682282321084875E+01,  2.462501195523869E+06,  2.851436910590997E+02,  8.681944770804085E+01,  8.685379830206892E+01,  1.568075100028892E-04,  1.568545870208450E-04,  1.262521357785838E+00,
2462502.500000000, A.D. 2030-Jan-01 00:00:00.0000,  3.894377314574002E-04,  1.567544874145234E-04,  2.402609753224061E+01,  8.318197717007932E+01,  5.291674750337557E+01,  2.462502409153425E+06,  2.851217422554766E+02,  2.590233374658850E+01,  2.592183675892375E+01,  1.568155573094192E-04,  1.568766272043150E-04,  1.262618547264033E+00,
2462503.500000000, A.D. 2030-Jan-02 00:00:00.0000,  3.687828329869904E-04,  1.567579089275756E-04,  2.402593991074582E+01,  8.318244865086751E+01,  5.103734639466533E+01,  2.462503665099910E+06,  2.851212443309354E+02,  3.129265080516618E+02,  3.128955548245692E+02,  1.568157398803856E-04,  1.568735708331957E-04,  1.262620752251467E+00,
2462504.500000000, A.D. 2030-Jan-03 00:00:00.0000,  2.742685192253599E-04,  1.567658782059419E-04,  2.402578634282340E+01,  8.318289169561086E+01,  3.964443336868794E+01,  2.462504887572871E+06,  2.851399380107130E+02,  2.494874955525950E+02,  2.494580629560906E+02,  1.568088859468919E-04,  1.568518936878420E-04,  1.262537975253661E+00,
2462505.500000000, A.D. 2030-Jan-04 00:00:00.0000,  2.810312017440826E-04,  1.567729849187263E-04,  2.402569440538405E+01,  8.318333669977635E+01,  5.851573507579495E+01,  2.462504953614241E+06,  2.851176565545624E+02,  1.557842273572911E+02,  1.557974322930328E+02,  1.568170554042605E-04,  1.568611258897947E-04,  1.262636640432359E+00,
2462506.500000000, A.D. 2030-Jan-05 00:00:00.0000,  3.057207856484103E-04,  1.567654280373681E-04,  2.402557916527783E+01,  8.318379260927004E+01,  6.273944631331240E+01,  2.462506230981037E+06,  2.851277101373455E+02,  7.670476072425144E+01,  7.673885778463861E+01,  1.568133691437829E-04,  1.568613102501977E-04,  1.262592119954208E+00,
2462507.500000000, A.D. 2030-Jan-06 00:00:00.0000,  4.148863714818770E-04,  1.567445433891958E-04,  2.402547113688403E+01,  8.318417647666762E+01,  5.336755562409616E+01,  2.462507460526745E+06,  2.851379861361672E+02,  1.125532441439131E+01,  1.126460854657589E+01,  1.568096015557988E-04,  1.568746597224018E-04,  1.262546617791158E+00,
2462508.500000000, A.D. 2030-Jan-07 00:00:00.0000,  3.333336040363621E-04,  1.567656845711018E-04,  2.402537590542974E+01,  8.318473603663655E+01,  4.945780722000445E+01,  2.462508709313435E+06,  2.851151969861561E+02,  3.003215587829296E+02,  3.002885797936598E+02,  1.568179572659748E-04,  1.568702299608479E-04,  1.262647532665472E+00,
2462509.500000000, A.D. 2030-Jan-08 00:00:00.0000,  2.785667586929085E-04,  1.567678101732345E-04,  2.402525358512804E+01,  8.318498782342438E+01,  4.004791371364609E+01,  2.462509938800724E+06,  2.851328281690210E+02,  2.348835086341854E+02,  2.348574026647087E+02,  1.568114926424657E-04,  1.568551751116969E-04,  1.262569456879932E+00,
2462510.500000000, A.D. 2030-Jan-09 00:00:00.0000,  2.808651892153021E-04,  1.567674082526340E-04,  2.402516034837936E+01,  8.318553171441513E+01,  6.294746528252640E+01,  2.462510018955989E+06,  2.851329413917853E+02,  1.371614937876635E+02,  1.371833716894131E+02,  1.568114511305269E-04,  1.568554940084198E-04,  1.262568955529218E+00,
2462511.500000000, A.D. 2030-Jan-10 00:00:00.0000,  3.349723183772528E-04,  1.567658759216804E-04,  2.402512345210517E+01,  8.318585627207828E+01,  5.926236641866754E+01,  2.462511268531437E+06,  2.851139738973728E+02,  6.599492166205400E+01,  6.602999269247996E+01,  1.568184057466176E-04,  1.568709355715548E-04,  1.262652949201229E+00,
2462512.500000000, A.D. 2030-Jan-11 00:00:00.0000,  4.135632650025199E-04,  1.567436760952528E-04,  2.402502520641834E+01,  8.318616589393901E+01,  5.580301054107466E+01,  2.462512518879612E+06,  2.851409188688904E+02,  3.546166501954892E+02,  3.546122017430903E+02,  1.568085263413868E-04,  1.568733765875207E-04,  1.262533632240732E+00,
2462513.500000000, A.D. 2030-Jan-12 00:00:00.0000,  3.014897703716621E-04,  1.567672187243750E-04,  2.402495651599796E+01,  8.318678190604851E+01,  4.458197913859772E+01,  2.462513741956741E+06,  2.851246349015349E+02,  2.910121726949825E+02,  2.909799174619158E+02,  1.568144966909733E-04,  1.568617746575716E-04,  1.262605737748064E+00,
2462514.500000000, A.D. 2030-Jan-13 00:00:00.0000,  2.817378126226589E-04,  1.567726610680890E-04,  2.402492805738112E+01,  8.318697198123284E+01,  4.353029580804797E+01,  2.462515000814926E+06,  2.851182377342402E+02,  2.172085309519939E+02,  2.171890132516461E+02,  1.568168423022216E-04,  1.568610235363542E-04,  1.262634066697471E+00,
2462515.500000000, A.D. 2030-Jan-14 00:00:00.0000,  2.780617709170948E-04,  1.567642262054675E-04,  2.402482270153903E+01,  8.318751184582267E+01,  6.443214066755911E+01,  2.462515073977455E+06,  2.851428224010461E+02,  1.214772710726664E+02,  1.215044408698506E+02,  1.568078284679450E-04,  1.568514307304225E-04,  1.262525203926295E+00,
2462516.500000000, A.D. 2030-Jan-15 00:00:00.0000,  3.689630754120474E-04,  1.567599720681645E-04,  2.402484403788548E+01,  8.318783571194608E+01,  5.797887484704394E+01,  2.462516313776358E+06,  2.851155384534320E+02,  5.309525386747200E+01,  5.312907183878603E+01,  1.568178320577600E-04,  1.568756920473555E-04,  1.262646020461627E+00,
2462517.500000000, A.D. 2030-Jan-16 00:00:00.0000,  3.869030635663635E-04,  1.567525406889595E-04,  2.402478910656129E+01,  8.318808603819754E+01,  5.629423245833274E+01,  2.462517570399469E+06,  2.851281381819505E+02,  3.399271305149970E+02,  3.399119068806023E+02,  1.568132122011679E-04,  1.568738837133762E-04,  1.262590224505556E+00,
2462518.500000000, A.D. 2030-Jan-17 00:00:00.0000,  2.971530397453938E-04,  1.567622588510360E-04,  2.402472329939084E+01,  8.318862488263484E+01,  3.867948647916608E+01,  2.462518771026650E+06,  2.851400222056498E+02,  2.827194549770650E+02,  2.826862366548437E+02,  1.568088550789817E-04,  1.568554513069274E-04,  1.262537602456801E+00,
2462519.500000000, A.D. 2030-Jan-18 00:00:00.0000,  2.814457023633346E-04,  1.567754516259302E-04,  2.402479354459423E+01,  8.318891199091298E+01,  4.999845542379835E+01,  2.462520073263153E+06,  2.851107501952889E+02,  1.965565121990868E+02,  1.965473249368857E+02,  1.568195878249700E-04,  1.568637240240097E-04,  1.262667225818090E+00,
2462520.500000000, A.D. 2030-Jan-19 00:00:00.0000,  2.806398316146673E-04,  1.567654309721084E-04,  2.402471298054731E+01,  8.318933475631930E+01,  6.343856200814908E+01,  2.462520120290378E+06,  2.851384323906403E+02,  1.082698063098125E+02,  1.083003407994062E+02,  1.568094379463692E-04,  1.568534449206301E-04,  1.262544641848907E+00,
2462521.500000000, A.D. 2030-Jan-20 00:00:00.0000,  3.938890165543065E-04,  1.567514398291737E-04,  2.402476626620644E+01,  8.318969962692030E+01,  5.820495364559454E+01,  2.462521364342201E+06,  2.851281528340120E+02,  3.867985763113411E+01,  3.870807726641735E+01,  1.568132068289943E-04,  1.568749738288149E-04,  1.262590159624030E+00,
2462522.500000000, A.D. 2030-Jan-21 00:00:00.0000,  3.559109114053952E-04,  1.567618256546335E-04,  2.402476580313453E+01,  8.318997889891132E+01,  5.303008263050431E+01,  2.462522608714476E+06,  2.851160656063543E+02,  3.290037563574598E+02,  3.289827451254570E+02,  1.568176387633702E-04,  1.568734518721069E-04,  1.262643685947302E+00,
2462523.500000000, A.D. 2030-Jan-22 00:00:00.0000,  3.126466400490475E-04,  1.567589585672764E-04,  2.402473104734646E+01,  8.319035831176593E+01,  3.733482242193337E+01,  2.462523816118705E+06,  2.851423980127299E+02,  2.698611545701064E+02,  2.698253280456578E+02,  1.568079840566246E-04,  1.568570095459728E-04,  1.262527082990752E+00,
2462524.500000000, A.D. 2030-Jan-23 00:00:00.0000,  2.735191159584250E-04,  1.567732035470061E-04,  2.402482483844369E+01,  8.319080246743223E+01,  5.774216461205266E+01,  2.462523887525081E+06,  2.851202737828506E+02,  1.746290166680754E+02,  1.746319495017350E+02,  1.568160957468829E-04,  1.568589879467596E-04,  1.262625050206631E+00,
2462525.500000000, A.D. 2030-Jan-24 00:00:00.0000,  2.951509901645558E-04,  1.567685290195315E-04,  2.402482087716524E+01,  8.319109764891165E+01,  6.147993648679922E+01,  2.462525163182876E+06,  2.851237720380293E+02,  9.603456892845529E+01,  9.606820201557423E+01,  1.568148130668806E-04,  1.568610971142297E-04,  1.262609558742734E+00,
2462526.500000000, A.D. 2030-Jan-25 00:00:00.0000,  4.029741307638555E-04,  1.567463980901550E-04,  2.402489302086757E+01,  8.319145860654059E+01,  5.920365616654518E+01,  2.462526417642795E+06,  2.851380222983931E+02,  2.348317066981375E+01,  2.350157994376128E+01,  1.568095882976947E-04,  1.568727785052344E-04,  1.262546457670471E+00,
2462527.500000000, A.D. 2030-Jan-26 00:00:00.0000,  3.365541504476326E-04,  1.567640644980392E-04,  2.402492397430508E+01,  8.319182317326697E+01,  4.781458131607937E+01,  2.462527640166045E+06,  2.851182389483952E+02,  3.200361040775553E+02,  3.200113247927416E+02,  1.568168418570263E-04,  1.568696192160134E-04,  1.262634061320637E+00,
2462528.500000000, A.D. 2030-Jan-27 00:00:00.0000,  3.162794434523155E-04,  1.567637179133746E-04,  2.402497556014400E+01,  8.319210842678211E+01,  4.066480897749432E+01,  2.462528877612015E+06,  2.851278585143550E+02,  2.523322947593278E+02,  2.522977654323703E+02,  1.568133147412869E-04,  1.568629115691992E-04,  1.262591462916892E+00,
2462529.500000000, A.D. 2030-Jan-28 00:00:00.0000,  2.564953528974873E-04,  1.567691856989420E-04,  2.402502499412027E+01,  8.319260925986475E+01,  6.218870081833376E+01,  2.462528952936842E+06,  2.851385179361750E+02,  1.559887780922875E+02,  1.560007347348964E+02,  1.568094065830212E-04,  1.568496274671004E-04,  1.262544263067896E+00,
2462530.500000000, A.D. 2030-Jan-29 00:00:00.0000,  3.248868766225202E-04,  1.567677391310339E-04,  2.402511996928731E+01,  8.319291250799691E+01,  5.965805838898002E+01,  2.462530206531657E+06,  2.851132056053523E+02,  8.367170005618635E+01,  8.370870415200726E+01,  1.568186874646003E-04,  1.568696357981667E-04,  1.262656351660906E+00,
2462531.500000000, A.D. 2030-Jan-30 00:00:00.0000,  3.959100395990026E-04,  1.567484210680626E-04,  2.402521981089459E+01,  8.319321275321892E+01,  5.970344197284381E+01,  2.462531469197520E+06,  2.851355249025258E+02,  8.782881439676196E+00,  8.789812087266260E+00,  1.568105039208795E-04,  1.568725867736963E-04,  1.262557515844673E+00,
2462532.500000000, A.D. 2030-Jan-31 00:00:00.0000,  3.311714272736994E-04,  1.567601344927904E-04,  2.402525758097158E+01,  8.319363620092392E+01,  4.318560636794817E+01,  2.462532673687892E+06,  2.851312638987680E+02,  3.104761518139130E+02,  3.104472768117464E+02,  1.568120661685572E-04,  1.568639978443240E-04,  1.262576383513711E+00,
2462533.500000000, A.D. 2030-Feb-01 00:00:00.0000,  2.983487814136243E-04,  1.567720285881192E-04,  2.402541873533330E+01,  8.319397640502837E+01,  4.561269913393277E+01,  2.462533944748519E+06,  2.851128570037249E+02,  2.331964792560963E+02,  2.331691110242884E+02,  1.568188152905639E-04,  1.568656019930086E-04,  1.262657895484863E+00,
2462534.500000000, A.D. 2030-Feb-02 00:00:00.0000,  2.455186350548705E-04,  1.567684131249995E-04,  2.402544195245980E+01,  8.319438204622190E+01,  6.040801993418827E+01,  2.462533996514017E+06,  2.851453218147872E+02,  1.435666727105857E+02,  1.435833772173992E+02,  1.568069121440363E-04,  1.568454111630731E-04,  1.262514137383722E+00,
2462535.500000000, A.D. 2030-Feb-03 00:00:00.0000,  3.651594856771850E-04,  1.567594591010763E-04,  2.402560749561025E+01,  8.319484928722622E+01,  5.961325770042213E+01,  2.462535256125870E+06,  2.851185652421768E+02,  6.953304203943416E+01,  6.957225103222585E+01,  1.568167222147058E-04,  1.568739853283354E-04,  1.262632616344080E+00,
2462536.500000000, A.D. 2030-Feb-04 00:00:00.0000,  3.784255220372548E-04,  1.567556794413683E-04,  2.402575043995665E+01,  8.319509437765058E+01,  5.854770461682000E+01,  2.462536514926144E+06,  2.851232015330827E+02,  3.557442099189083E+02,  3.557409903619932E+02,  1.568150222480257E-04,  1.568743650546832E-04,  1.262612085106758E+00,
2462537.500000000, A.D. 2030-Feb-05 00:00:00.0000,  3.354524118507854E-04,  1.567558112299617E-04,  2.402579750883495E+01,  8.319550428614156E+01,  4.076167684732051E+01,  2.462537714973833E+06,  2.851412280459195E+02,  2.987020970820553E+02,  2.986683734569479E+02,  1.568084129902978E-04,  1.568610147506338E-04,  1.262532263282618E+00,
2462538.500000000, A.D. 2030-Feb-06 00:00:00.0000,  2.733775492915134E-04,  1.567758876917258E-04,  2.402603430464319E+01,  8.319597812643097E+01,  5.019697503817800E+01,  2.462539010570752E+06,  2.851130120997935E+02,  2.144296349327987E+02,  2.144119279715395E+02,  1.568187584195855E-04,  1.568616291474452E-04,  1.262657208622927E+00,
2462539.500000000, A.D. 2030-Feb-07 00:00:00.0000,  2.610365666078749E-04,  1.567702718338772E-04,  2.402610198945910E+01,  8.319625152771067E+01,  5.717469644866053E+01,  2.462539034955982E+06,  2.851336119102936E+02,  1.325996805710906E+02,  1.326216943896595E+02,  1.568112052925125E-04,  1.568521387511476E-04,  1.262565986479560E+00,
2462540.500000000, A.D. 2030-Feb-08 00:00:00.0000,  3.935636054291390E-04,  1.567492278865718E-04,  2.402629491819141E+01,  8.319687576487428E+01,  6.212228370853109E+01,  2.462540314713583E+06,  2.851343274019742E+02,  5.283151793003937E+01,  5.286746636220683E+01,  1.568109429666565E-04,  1.568726580467412E-04,  1.262562818304519E+00,
2462541.500000000, A.D. 2030-Feb-09 00:00:00.0000,  3.559671970081878E-04,  1.567624927224493E-04,  2.402647602272101E+01,  8.319714790188642E+01,  5.485196966733835E+01,  2.462541551718110E+06,  2.851142216562628E+02,  3.452544314053201E+02,  3.452440445605508E+02,  1.568183148984433E-04,  1.568741370744372E-04,  1.262651851979592E+00,
2462542.500000000, A.D. 2030-Feb-10 00:00:00.0000,  3.382712258684583E-04,  1.567565952745539E-04,  2.402656513055407E+01,  8.319752386260643E+01,  4.076670151870329E+01,  2.462542764798999E+06,  2.851378827407549E+02,  2.844957739491388E+02,  2.844582409303105E+02,  1.568096394635232E-04,  1.568626836524925E-04,  1.262547075610115E+00,
2462543.500000000, A.D. 2030-Feb-11 00:00:00.0000,  2.535645403201984E-04,  1.567740076776166E-04,  2.402681186934057E+01,  8.319807855122959E+01,  5.322173919905300E+01,  2.462544070914181E+06,  2.851266166055732E+02,  1.972171712026220E+02,  1.972085732891637E+02,  1.568137700891452E-04,  1.568535325006737E-04,  1.262596962310264E+00,
2462544.500000000, A.D. 2030-Feb-12 00:00:00.0000,  2.957348063353057E-04,  1.567705254421308E-04,  2.402696249005054E+01,  8.319833131177553E+01,  5.787597173082812E+01,  2.462544087158216E+06,  2.851180758563199E+02,  1.177086551341701E+02,  1.177386524466813E+02,  1.568169016581728E-04,  1.568632778742148E-04,  1.262634783567407E+00,
2462545.500000000, A.D. 2030-Feb-13 00:00:00.0000,  3.921425564319240E-04,  1.567468824700346E-04,  2.402717641236021E+01,  8.319895839221130E+01,  6.500980834963745E+01,  2.462545374651927E+06,  2.851413351965538E+02,  3.574191682761067E+01,  3.576817610424161E+01,  1.568083737065698E-04,  1.568698649431051E-04,  1.262531788847256E+00,
2462546.500000000, A.D. 2030-Feb-14 00:00:00.0000,  3.425525909030665E-04,  1.567623478398741E-04,  2.402736834068340E+01,  8.319932687552848E+01,  4.848713127919320E+01,  2.462546579139556E+06,  2.851203560304788E+02,  3.374357016583783E+02,  3.374206332960169E+02,  1.568160655894370E-04,  1.568697833389999E-04,  1.262624685981792E+00,
2462547.500000000, A.D. 2030-Feb-15 00:00:00.0000,  3.308605284464048E-04,  1.567630617959098E-04,  2.402754696029161E+01,  8.319976772713073E+01,  4.240669932223366E+01,  2.462547820352174E+06,  2.851234103813739E+02,  2.686600956506281E+02,  2.686221925631038E+02,  1.568149456717030E-04,  1.568668295474963E-04,  1.262611160263807E+00,
2462548.500000000, A.D. 2030-Feb-16 00:00:00.0000,  2.437647203286481E-04,  1.567707632650567E-04,  2.402776188330553E+01,  8.320028891788638E+01,  5.380708715172339E+01,  2.462549122731363E+06,  2.851396602956159E+02,  1.824345907733167E+02,  1.824334045569079E+02,  1.568089877641040E-04,  1.568472122631514E-04,  1.262539204917244E+00,
2462549.500000000, A.D. 2030-Feb-17 00:00:00.0000,  3.301158970640740E-04,  1.567661525048253E-04,  2.402797672143225E+01,  8.320068569667590E+01,  6.092009851089126E+01,  2.462549147577714E+06,  2.851152969994807E+02,  1.004809848227570E+02,  1.005181793676356E+02,  1.568179205933577E-04,  1.568696886818901E-04,  1.262647089751399E+00,
2462550.500000000, A.D. 2030-Feb-18 00:00:00.0000,  3.710814999725254E-04,  1.567539567350303E-04,  2.402823714323106E+01,  8.320121496039691E+01,  6.463350011252234E+01,  2.462550423132283E+06,  2.851310439216206E+02,  2.191737247266839E+01,  2.193325175539101E+01,  1.568121468216867E-04,  1.568703369083432E-04,  1.262577357584957E+00,
2462551.500000000, A.D. 2030-Feb-19 00:00:00.0000,  3.528184098544956E-04,  1.567545971485986E-04,  2.402841257646763E+01,  8.320164972046783E+01,  4.321484623930063E+01,  2.462551610417968E+06,  2.851371105374540E+02,  3.285157397289225E+02,  3.284946166328025E+02,  1.568099225761313E-04,  1.568652480036641E-04,  1.262550494817869E+00,
2462552.500000000, A.D. 2030-Feb-20 00:00:00.0000,  3.103094651050246E-04,  1.567707380595170E-04,  2.402870105152639E+01,  8.320229583251331E+01,  4.544415214768475E+01,  2.462552880776757E+06,  2.851112607708956E+02,  2.514362586199209E+02,  2.514025540628968E+02,  1.568194006038365E-04,  1.568680631481560E-04,  1.262664964640881E+00,
2462553.500000000, A.D. 2030-Feb-21 00:00:00.0000,  2.477802268420011E-04,  1.567698800165795E-04,  2.402890207480534E+01,  8.320269807936452E+01,  5.322777235321568E+01,  2.462552907968530E+06,  2.851403521315054E+02,  1.688120619037932E+02,  1.688175693641153E+02,  1.568087341202906E-04,  1.568475882240018E-04,  1.262536141619022E+00,
2462554.500000000, A.D. 2030-Feb-22 00:00:00.0000,  3.540084177494989E-04,  1.567585904106030E-04,  2.402914557441806E+01,  8.320333101201592E+01,  6.410278798070895E+01,  2.462554208512520E+06,  2.851257061168244E+02,  8.311057339483841E+01,  8.315084899615584E+01,  1.568141039234137E-04,  1.568696174362245E-04,  1.262600994147113E+00,
2462555.500000000, A.D. 2030-Feb-23 00:00:00.0000,  3.559138431459473E-04,  1.567616408117775E-04,  2.402946620600911E+01,  8.320379728903652E+01,  5.992717525575632E+01,  2.462555456393600E+06,  2.851165686369551E+02,  1.243290720397290E+01,  1.244169181746299E+01,  1.568174543146150E-04,  1.568732678174525E-04,  1.262641458267533E+00,
2462556.500000000, A.D. 2030-Feb-24 00:00:00.0000,  3.709292137903825E-04,  1.567487138926484E-04,  2.402963072447259E+01,  8.320424435579039E+01,  4.275130446358751E+01,  2.462556658597725E+06,  2.851454145539514E+02,  3.147765860139821E+02,  3.147464033642577E+02,  1.568068781446755E-04,  1.568650423967026E-04,  1.262513726770401E+00,
2462557.500000000, A.D. 2030-Feb-25 00:00:00.0000,  2.773494359319409E-04,  1.567746256115731E-04,  2.402998377098643E+01,  8.320511033791250E+01,  4.880643343559726E+01,  2.462557942310824E+06,  2.851147558293317E+02,  2.338906574325554E+02,  2.338649862749985E+02,  1.568181190284296E-04,  1.568616124452861E-04,  1.262649486354519E+00,
2462558.500000000, A.D. 2030-Feb-26 00:00:00.0000,  2.642070876090253E-04,  1.567716094083154E-04,  2.403022501432809E+01,  8.320540635054142E+01,  5.380378996918308E+01,  2.462557959757381E+06,  2.851286064118687E+02,  1.540386249928064E+02,  1.540518747928662E+02,  1.568130405250517E-04,  1.568544716417880E-04,  1.262588151116551E+00,
2462559.500000000, A.D. 2030-Feb-27 00:00:00.0000,  3.631675783945807E-04,  1.567530772081739E-04,  2.403048270441421E+01,  8.320623347564528E+01,  6.660055510475419E+01,  2.462559267074011E+06,  2.851368297391872E+02,  6.641577813636599E+01,  6.645392494410545E+01,  1.568100255254119E-04,  1.568669738426500E-04,  1.262551738157746E+00,
2462560.500000000, A.D. 2030-Feb-28 00:00:00.0000,  3.569574024652349E-04,  1.567621741979898E-04,  2.403084136769300E+01,  8.320670704523293E+01,  5.402673051794957E+01,  2.462560485446966E+06,  2.851146670059687E+02,  4.149283405909601E+00,  4.152244369905292E+00,  1.568181515980436E-04,  1.568741289980975E-04,  1.262649879714759E+00,
2462561.500000000, A.D. 2030-Mar-01 00:00:00.0000,  3.686388255558553E-04,  1.567529499349814E-04,  2.403103792049935E+01,  8.320721071588281E+01,  4.505985617382597E+01,  2.462561716510633E+06,  2.851348360771739E+02,  2.982652762763699E+02,  2.982280621133164E+02,  1.568107564680803E-04,  1.568685630011792E-04,  1.262560565916131E+00,
2462562.500000000, A.D. 2030-Mar-02 00:00:00.0000,  2.461376671477036E-04,  1.567732940412379E-04,  2.403138588793439E+01,  8.320814032969959E+01,  4.900130812802222E+01,  2.462562992738748E+06,  2.851317406962290E+02,  2.195045432170238E+02,  2.194866049736582E+02,  1.568118913543569E-04,  1.568504886674758E-04,  1.262574272232755E+00,
2462563.500000000, A.D. 2030-Mar-03 00:00:00.0000,  2.909213755122744E-04,  1.567719460589815E-04,  2.403169328171132E+01,  8.320848324264443E+01,  5.638249546151122E+01,  2.462563018541900E+06,  2.851162595705951E+02,  1.372715326617946E+02,  1.372941466899962E+02,  1.568175676414642E-04,  1.568631892239470E-04,  1.262642826972355E+00,
2462564.500000000, A.D. 2030-Mar-04 00:00:00.0000,  3.595359874677436E-04,  1.567535448168125E-04,  2.403198008679349E+01,  8.320937937654008E+01,  6.738985915394693E+01,  2.462564319650559E+06,  2.851371076696688E+02,  5.142431811010188E+01,  5.145653652239837E+01,  1.568099236275487E-04,  1.568663024382849E-04,  1.262550507516053E+00,
2462565.500000000, A.D. 2030-Mar-05 00:00:00.0000,  3.671505859257797E-04,  1.567561645718278E-04,  2.403233440828778E+01,  8.320988360866819E+01,  4.974615133935228E+01,  2.462565520194050E+06,  2.851267018666729E+02,  3.542421371422259E+02,  3.542379143214138E+02,  1.568137388279197E-04,  1.568713130840116E-04,  1.262596584757391E+00,
2462566.500000000, A.D. 2030-Mar-06 00:00:00.0000,  3.410839033466881E-04,  1.567636799251046E-04,  2.403259809701289E+01,  8.321057686539540E+01,  4.650675728642139E+01,  2.462566771377651E+06,  2.851173501979781E+02,  2.826255230645954E+02,  2.825873792798324E+02,  1.568171677367880E-04,  1.568706555484714E-04,  1.262637997126535E+00,
2462567.500000000, A.D. 2030-Mar-07 00:00:00.0000,  2.402392658041786E-04,  1.567698659435960E-04,  2.403292801712089E+01,  8.321137617812769E+01,  4.546510412185341E+01,  2.462568030124326E+06,  2.851436166807277E+02,  2.088384323169577E+02,  2.088251572446587E+02,  1.568075372712226E-04,  1.568452085988492E-04,  1.262521687108599E+00,
2462568.500000000, A.D. 2030-Mar-08 00:00:00.0000,  3.228567066064791E-04,  1.567666142636328E-04,  2.403326116239807E+01,  8.321197930408631E+01,  6.111540218298018E+01,  2.462568084893032E+06,  2.851171428587426E+02,  1.183541125421979E+02,  1.183866644370803E+02,  1.568172437624930E-04,  1.568678732613533E-04,  1.262638915325961E+00,
2462569.500000000, A.D. 2030-Mar-09 00:00:00.0000,  3.516635428803789E-04,  1.567589561999522E-04,  2.403360925010155E+01,  8.321284538418443E+01,  6.574575846641413E+01,  2.462569363674151E+06,  2.851257113554771E+02,  3.887000474917659E+01,  3.889530243491868E+01,  1.568141020026361E-04,  1.568692478053199E-04,  1.262600970949176E+00,
2462570.500000000, A.D. 2030-Mar-10 00:00:00.0000,  3.782594385609244E-04,  1.567495095768225E-04,  2.403392967525583E+01,  8.321336756929216E+01,  4.791635678567686E+01,  2.462570563566675E+06,  2.851401069912152E+02,  3.418745914575910E+02,  3.418611007509950E+02,  1.568088239945481E-04,  1.568681384122737E-04,  1.262537227044988E+00,
2462571.500000000, A.D. 2030-Mar-11 00:00:00.0000,  3.059665901963616E-04,  1.567713719528094E-04,  2.403425745128655E+01,  8.321434339233699E+01,  4.584606348190197E+01,  2.462571818818538E+06,  2.851113894047015E+02,  2.691012036603239E+02,  2.690661469980985E+02,  1.568193534356569E-04,  1.568673349185044E-04,  1.262664394963885E+00,
2462572.500000000, A.D. 2030-Mar-12 00:00:00.0000,  2.602158168023470E-04,  1.567690658468683E-04,  2.403461447114626E+01,  8.321495185897774E+01,  4.495225805713664E+01,  2.462573078151959E+06,  2.851372532446759E+02,  1.951473386341322E+02,  1.951395494334165E+02,  1.568098702553395E-04,  1.568506746638107E-04,  1.262549862928940E+00,
2462573.500000000, A.D. 2030-Mar-13 00:00:00.0000,  3.422061946309026E-04,  1.567583376109932E-04,  2.403491143365422E+01,  8.321589191196401E+01,  6.683320940428479E+01,  2.462573154738783E+06,  2.851314453284690E+02,  9.844482970706440E+01,  9.848361604081902E+01,  1.568119996486655E-04,  1.568656616863377E-04,  1.262575580133868E+00,
2462574.500000000, A.D. 2030-Mar-14 00:00:00.0000,  3.472738061508991E-04,  1.567640372295074E-04,  2.403533957569385E+01,  8.321672295267011E+01,  6.145151749208541E+01,  2.462574398374854E+06,  2.851137272549063E+02,  2.897472417347303E+01,  2.899400896813392E+01,  1.568184961855527E-04,  1.568729551415979E-04,  1.262654041480582E+00,
2462575.500000000, A.D. 2030-Mar-15 00:00:00.0000,  3.816210447423897E-04,  1.567483036677584E-04,  2.403562772121744E+01,  8.321726818380523E+01,  4.793789662904845E+01,  2.462575613453825E+06,  2.851419591402889E+02,  3.276495540859829E+02,  3.276261445950810E+02,  1.568081449558606E-04,  1.568679862439628E-04,  1.262529026192463E+00,
2462576.500000000, A.D. 2030-Mar-16 00:00:00.0000,  2.792193343083557E-04,  1.567720167812536E-04,  2.403599238961386E+01,  8.321846775518574E+01,  4.390801440728941E+01,  2.462576861769936E+06,  2.851210727710860E+02,  2.568517679269378E+02,  2.568206130085530E+02,  1.568158027853164E-04,  1.568595887893792E-04,  1.262621511981444E+00,
2462577.500000000, A.D. 2030-Mar-17 00:00:00.0000,  2.827995056860421E-04,  1.567711951879769E-04,  2.403640855209432E+01,  8.321899189488254E+01,  5.007258233949513E+01,  2.462576883309044E+06,  2.851217825200041E+02,  1.758320244960644E+02,  1.758343789901571E+02,  1.568155425458928E-04,  1.568598899038086E-04,  1.262618368958683E+00,
2462578.500000000, A.D. 2030-Mar-18 00:00:00.0000,  3.358801828008628E-04,  1.567554207151040E-04,  2.403666689730108E+01,  8.322014502616092E+01,  7.073495763871681E+01,  2.462578218244168E+06,  2.851421105532617E+02,  8.034045273491367E+01,  8.037839874865435E+01,  1.568080894448514E-04,  1.568607581745988E-04,  1.262528355778427E+00,
2462579.500000000, A.D. 2030-Mar-19 00:00:00.0000,  3.559867485680140E-04,  1.567621213789076E-04,  2.403715205086031E+01,  8.322099867856359E+01,  5.537312301201511E+01,  2.462579426808133E+06,  2.851152263748766E+02,  2.086811576176811E+01,  2.088265303714293E+01,  1.568179464897955E-04,  1.568737716006835E-04,  1.262647402516002E+00,
2462580.500000000, A.D. 2030-Mar-20 00:00:00.0000,  3.724605985024135E-04,  1.567541120482789E-04,  2.403743205980512E+01,  8.322165375089958E+01,  4.830154366287813E+01,  2.462580664538260E+06,  2.851300301029079E+02,  3.130852011382692E+02,  3.130540197522401E+02,  1.568125185327842E-04,  1.568709250172896E-04,  1.262581846850963E+00,
2462581.500000000, A.D. 2030-Mar-21 00:00:00.0000,  2.680052255604187E-04,  1.567686410656641E-04,  2.403781047535373E+01,  8.322289812186676E+01,  4.178443910298655E+01,  2.462581904094473E+06,  2.851350797096193E+02,  2.447784901830707E+02,  2.447507107935080E+02,  1.568106671438822E-04,  1.568526932221004E-04,  1.262559487126673E+00,
2462582.500000000, A.D. 2030-Mar-22 00:00:00.0000,  2.974117336564159E-04,  1.567712178992084E-04,  2.403825336907206E+01,  8.322350830581583E+01,  5.729829959299256E+01,  2.462581958396600E+06,  2.851154694218496E+02,  1.544195076026923E+02,  1.544342180644150E+02,  1.568178573700371E-04,  1.568644968408658E-04,  1.262646326170935E+00,
2462583.500000000, A.D. 2030-Mar-23 00:00:00.0000,  3.199844941778406E-04,  1.567604462415265E-04,  2.403853579613196E+01,  8.322471410856564E+01,  6.994429513718828E+01,  2.462583265283385E+06,  2.851351995411816E+02,  6.692596886969199E+01,  6.695970824863966E+01,  1.568106232094760E-04,  1.568608001774254E-04,  1.262558956520574E+00,
2462584.500000000, A.D. 2030-Mar-24 00:00:00.0000,  3.803638122461684E-04,  1.567523613531019E-04,  2.403902181525620E+01,  8.322559650816460E+01,  5.139618989910965E+01,  2.462584462635570E+06,  2.851314253711273E+02,  1.065377309635104E+01,  1.066183486054754E+01,  1.568120069658774E-04,  1.568716525786529E-04,  1.262575668505931E+00,
2462585.500000000, A.D. 2030-Mar-25 00:00:00.0000,  3.495126314119999E-04,  1.567631881049175E-04,  2.403931664367850E+01,  8.322652637856305E+01,  4.808211750883197E+01,  2.462585713552860E+06,  2.851150859619899E+02,  2.991128580155337E+02,  2.990778593267855E+02,  1.568179979760429E-04,  1.568728078471683E-04,  1.262648024341979E+00,
2462586.500000000, A.D. 2030-Mar-26 00:00:00.0000,  2.714398324642821E-04,  1.567663673615350E-04,  2.403971503675752E+01,  8.322765422941556E+01,  4.124523014706360E+01,  2.462586952010023E+06,  2.851398136198202E+02,  2.311139461200612E+02,  2.310897394930550E+02,  1.568089315516443E-04,  1.568514957417536E-04,  1.262538526029871E+00,
2462587.500000000, A.D. 2030-Mar-27 00:00:00.0000,  3.048025549477643E-04,  1.567670183111273E-04,  2.404011209579123E+01,  8.322848187474411E+01,  6.358035594280795E+01,  2.462587030207368E+06,  2.851237643993883E+02,  1.339490437895252E+02,  1.339741836660849E+02,  1.568148158676574E-04,  1.568626134241875E-04,  1.262609592568820E+00,
2462588.500000000, A.D. 2030-Mar-28 00:00:00.0000,  3.225944981034482E-04,  1.567660712589324E-04,  2.404047770954630E+01,  8.322969868270536E+01,  6.509156015198789E+01,  2.462588298041508E+06,  2.851187364157685E+02,  5.758215012139036E+01,  5.761336263290477E+01,  1.568166594504821E-04,  1.568672476420317E-04,  1.262631858311260E+00,
2462589.500000000, A.D. 2030-Mar-29 00:00:00.0000,  3.997857258058793E-04,  1.567442168143433E-04,  2.404091644643980E+01,  8.323053974998196E+01,  5.180543504179977E+01,  2.462589513882068E+06,  2.851453386362810E+02,  3.560415930455128E+02,  3.560384289561302E+02,  1.568069059770607E-04,  1.568695951397781E-04,  1.262514062904603E+00,
2462590.500000000, A.D. 2030-Mar-30 00:00:00.0000,  3.151491950127984E-04,  1.567695585033126E-04,  2.404122789837610E+01,  8.323183750323336E+01,  4.621780439715916E+01,  2.462590756771976E+06,  2.851124081471989E+02,  2.867911235345894E+02,  2.867565458871223E+02,  1.568189798785841E-04,  1.568684012538556E-04,  1.262659883305177E+00,
2462591.500000000, A.D. 2030-Mar-31 00:00:00.0000,  2.805664744310513E-04,  1.567680466680165E-04,  2.404168344586594E+01,  8.323281031705388E+01,  4.349909094850567E+01,  2.462592009736907E+06,  2.851313274443140E+02,  2.146580390253170E+02,  2.146397610117370E+02,  1.568120428700329E-04,  1.568560390720492E-04,  1.262576102130720E+00,
2462592.500000000, A.D. 2030-Apr-01 00:00:00.0000,  3.041600069467235E-04,  1.567625230259070E-04,  2.404199022739397E+01,  8.323389226244450E+01,  6.780597875080859E+01,  2.462592094839512E+06,  2.851363036044800E+02,  1.155259639045837E+02,  1.155574108083527E+02,  1.568102184230319E-04,  1.568579138201568E-04,  1.262554067823525E+00,
2462593.500000000, A.D. 2030-Apr-02 00:00:00.0000,  3.450938496649584E-04,  1.567651728334798E-04,  2.404244931713113E+01,  8.323515974142448E+01,  6.038034542508710E+01,  2.462593331274226E+06,  2.851115618403063E+02,  4.810566880637990E+01,  4.813511358198883E+01,  1.568192902060387E-04,  1.568734075785976E-04,  1.262663631303873E+00,
2462594.500000000, A.D. 2030-Apr-03 00:00:00.0000,  3.943469262212167E-04,  1.567466948240839E-04,  2.404283211410874E+01,  8.323595289284289E+01,  5.371442811760577E+01,  2.462594570401791E+06,  2.851409040165144E+02,  3.399255697304255E+02,  3.399100519069721E+02,  1.568085317865992E-04,  1.568703687491145E-04,  1.262533698003392E+00,
2462595.500000000, A.D. 2030-Apr-04 00:00:00.0000,  2.889325583532585E-04,  1.567687579828665E-04,  2.404314578276185E+01,  8.323751330092499E+01,  4.147470765443526E+01,  2.462595789895848E+06,  2.851258077139648E+02,  2.773432121099708E+02,  2.773103729145727E+02,  1.568140666723359E-04,  1.568593753618054E-04,  1.262600544252200E+00,
2462596.500000000, A.D. 2030-Apr-05 00:00:00.0000,  2.898743086292697E-04,  1.567712797410745E-04,  2.404367606778077E+01,  8.323842723866342E+01,  4.853019784716579E+01,  2.462597077187206E+06,  2.851185252346913E+02,  1.954332350282404E+02,  1.954243985229320E+02,  1.568167368842603E-04,  1.568621940274461E-04,  1.262632793515157E+00,
2462597.500000000, A.D. 2030-Apr-06 00:00:00.0000,  2.988782540234877E-04,  1.567620870347384E-04,  2.404391402459660E+01,  8.323970333783173E+01,  6.929139695400210E+01,  2.462597149870693E+06,  2.851397528780706E+02,  9.983578415458200E+01,  9.986952751302778E+01,  1.568089538210717E-04,  1.568558206074049E-04,  1.262538794981493E+00,
2462598.500000000, A.D. 2030-Apr-07 00:00:00.0000,  3.702948108885464E-04,  1.567579256774477E-04,  2.404443386052519E+01,  8.324102202476959E+01,  5.770308185460810E+01,  2.462598371652470E+06,  2.851205517486015E+02,  3.659451875506039E+01,  3.661982430645823E+01,  1.568159938262259E-04,  1.568740619750041E-04,  1.262623819265830E+00,
2462599.500000000, A.D. 2030-Apr-08 00:00:00.0000,  3.680666433621988E-04,  1.567570744078963E-04,  2.404477469358009E+01,  8.324189586450981E+01,  5.307641828443033E+01,  2.462599617968868E+06,  2.851238275790249E+02,  3.263642647143292E+02,  3.263408932780942E+02,  1.568147927022757E-04,  1.568725109966552E-04,  1.262609312791378E+00,
2462600.500000000, A.D. 2030-Apr-09 00:00:00.0000,  2.920078408624453E-04,  1.567629699014506E-04,  2.404510100449346E+01,  8.324350488434267E+01,  3.712783787327331E+01,  2.462600824445422E+06,  2.851402834823801E+02,  2.674875403228867E+02,  2.674541113921953E+02,  1.568087592886788E-04,  1.568545486759070E-04,  1.262536445581691E+00,
2462601.500000000, A.D. 2030-Apr-10 00:00:00.0000,  2.963088277457011E-04,  1.567712261001406E-04,  2.404564258919343E+01,  8.324451623824605E+01,  5.604921641296598E+01,  2.462600890680608E+06,  2.851159188733625E+02,  1.737266583336867E+02,  1.737303672375940E+02,  1.568176925667949E-04,  1.568641590334492E-04,  1.262644335758390E+00,
2462602.500000000, A.D. 2030-Apr-11 00:00:00.0000,  2.984999031443734E-04,  1.567657420266299E-04,  2.404588221574365E+01,  8.324590362723946E+01,  6.806160242231363E+01,  2.462602195359965E+06,  2.851299427570122E+02,  8.686199578231363E+01,  8.689615075867982E+01,  1.568125505577832E-04,  1.568593590889365E-04,  1.262582233626694E+00,
2462603.500000000, A.D. 2030-Apr-12 00:00:00.0000,  3.876371821585187E-04,  1.567496102347006E-04,  2.404641188273119E+01,  8.324720319464588E+01,  5.694110795846033E+01,  2.462603418778423E+06,  2.851358198734351E+02,  2.315918105265714E+01,  2.317665862676143E+01,  1.568103957746519E-04,  1.568711813146031E-04,  1.262556209738206E+00,
2462604.500000000, A.D. 2030-Apr-13 00:00:00.0000,  3.413522194429474E-04,  1.567651743928505E-04,  2.404671277249952E+01,  8.324832162418386E+01,  4.902874128135681E+01,  2.462604653545166E+06,  2.851131583131535E+02,  3.162222526931146E+02,  3.161951813912162E+02,  1.568187048057861E-04,  1.568722352187217E-04,  1.262656561099838E+00,
2462605.500000000, A.D. 2030-Apr-14 00:00:00.0000,  3.093876988946678E-04,  1.567607954062554E-04,  2.404710141982451E+01,  8.324983704575170E+01,  3.810552143335492E+01,  2.462605877703273E+06,  2.851387806147351E+02,  2.523021493282937E+02,  2.522683779804157E+02,  1.568093102779276E-04,  1.568578251495997E-04,  1.262543099973530E+00,
2462606.500000000, A.D. 2030-Apr-15 00:00:00.0000,  2.916233926457856E-04,  1.567673734143310E-04,  2.404754160577963E+01,  8.325102831968903E+01,  6.391580285038609E+01,  2.462605968069698E+06,  2.851284338799940E+02,  1.516684540805140E+02,  1.516843080710923E+02,  1.568131037836676E-04,  1.568588341530043E-04,  1.262588915111561E+00,
2462607.500000000, A.D. 2030-Apr-16 00:00:00.0000,  3.096622650762189E-04,  1.567693172600096E-04,  2.404785668209459E+01,  8.325251672165616E+01,  6.490745050983034E+01,  2.462607234069278E+06,  2.851154135982379E+02,  7.582094775477037E+01,  7.585535465488807E+01,  1.568178778392658E-04,  1.568664384185220E-04,  1.262646573388290E+00,
2462608.500000000, A.D. 2030-Apr-17 00:00:00.0000,  3.915901788557102E-04,  1.567463878443864E-04,  2.404835289897709E+01,  8.325371874273500E+01,  5.722211818258998E+01,  2.462608469584616E+06,  2.851429212290913E+02,  8.672731347269046E+00,  8.679501027724266E+00,  1.568077922357940E-04,  1.568691966272017E-04,  1.262524766346090E+00,
2462609.500000000, A.D. 2030-Apr-18 00:00:00.0000,  3.268277100942485E-04,  1.567656112288974E-04,  2.404860949954556E+01,  8.325515088065001E+01,  4.388015809151076E+01,  2.462609685250055E+06,  2.851181803994014E+02,  3.071818413361375E+02,  3.071519953968964E+02,  1.568168633252422E-04,  1.568681154215869E-04,  1.262634320602432E+00,
2462610.500000000, A.D. 2030-Apr-19 00:00:00.0000,  3.128407817552138E-04,  1.567655642048040E-04,  2.404909828558745E+01,  8.325658047226375E+01,  4.350462527551019E+01,  2.462610946464607E+06,  2.851242925580268E+02,  2.327020949512884E+02,  2.326735840546695E+02,  1.568146222138081E-04,  1.568636802228121E-04,  1.262607253735614E+00,
2462611.500000000, A.D. 2030-Apr-20 00:00:00.0000,  2.732842703509187E-04,  1.567650689356753E-04,  2.404938536874349E+01,  8.325790182242510E+01,  6.805682229285682E+01,  2.462611032428955E+06,  2.851425670775894E+02,  1.333244081499201E+02,  1.333471846424738E+02,  1.568079220742446E-04,  1.568507752128139E-04,  1.262526334421480E+00,
2462612.500000000, A.D. 2030-Apr-21 00:00:00.0000,  3.366067994166326E-04,  1.567666466724083E-04,  2.404980324843561E+01,  8.325955472374802E+01,  6.121783719584994E+01,  2.462612270888289E+06,  2.851111719863271E+02,  6.532230825622622E+01,  6.535736393336047E+01,  1.568194331598906E-04,  1.568722196473728E-04,  1.262665357838957E+00,
2462613.500000000, A.D. 2030-Apr-22 00:00:00.0000,  3.828520638388081E-04,  1.567504429310817E-04,  2.405024371870784E+01,  8.326065255382102E+01,  5.700387567918180E+01,  2.462613518638458E+06,  2.851355952032170E+02,  3.546855122138779E+02,  3.546814467840705E+02,  1.568104781462715E-04,  1.568705133614614E-04,  1.262557204558859E+00,
2462614.500000000, A.D. 2030-Apr-23 00:00:00.0000,  3.253905723572646E-04,  1.567610302807544E-04,  2.405047153053337E+01,  8.326233010489970E+01,  4.000720721091555E+01,  2.462614721450105E+06,  2.851312931461021E+02,  2.968576450399374E+02,  2.968243740003573E+02,  1.568120554452282E-04,  1.568630806097021E-04,  1.262576254004975E+00,
2462615.500000000, A.D. 2030-Apr-24 00:00:00.0000,  2.991510256187691E-04,  1.567711827887165E-04,  2.405103421877727E+01,  8.326375173065703E+01,  5.019528116236393E+01,  2.462616019719632E+06,  2.851148211338065E+02,  2.118202299255338E+02,  2.118021612405869E+02,  1.568180950826961E-04,  1.568650073766757E-04,  1.262649197149415E+00,
2462616.500000000, A.D. 2030-Apr-25 00:00:00.0000,  2.606171772685579E-04,  1.567677571874626E-04,  2.405122421592291E+01,  8.326513140203583E+01,  6.637529756287073E+01,  2.462616076360423E+06,  2.851406519265526E+02,  1.207968651886648E+02,  1.208225141787688E+02,  1.568086242084752E-04,  1.568494912294878E-04,  1.262534814196644E+00,
2462617.500000000, A.D. 2030-Apr-26 00:00:00.0000,  3.724087431680866E-04,  1.567563667434085E-04,  2.405171012982496E+01,  8.326695528964112E+01,  5.974870402805410E+01,  2.462617315518184E+06,  2.851239005868803E+02,  5.260017503751558E+01,  5.263408626591534E+01,  1.568147659332999E-04,  1.568731651231913E-04,  1.262608989491935E+00,
2462618.500000000, A.D. 2030-Apr-27 00:00:00.0000,  3.658941515245963E-04,  1.567585595246414E-04,  2.405208308466749E+01,  8.326805838190907E+01,  5.512346034416818E+01,  2.462618561839426E+06,  2.851207052048803E+02,  3.423682992265033E+02,  3.423555936981122E+02,  1.568159375590601E-04,  1.568733155934788E-04,  1.262623139702581E+00,
2462619.500000000, A.D. 2030-Apr-28 00:00:00.0000,  3.312620711782504E-04,  1.567574352538677E-04,  2.405232380736739E+01,  8.326984358729651E+01,  3.890610755170251E+01,  2.462619767402486E+06,  2.851385897504289E+02,  2.837532321675889E+02,  2.837163570622672E+02,  1.568093802539508E-04,  1.568613252540339E-04,  1.262543945086824E+00,
2462620.500000000, A.D. 2030-Apr-29 00:00:00.0000,  2.807326448885870E-04,  1.567719721711224E-04,  2.405287068047443E+01,  8.327129095242985E+01,  5.609320633036108E+01,  2.462621090162402E+06,  2.851205470738141E+02,  1.917325731775687E+02,  1.917260339322877E+02,  1.568159955403113E-04,  1.568600189095002E-04,  1.262623839967593E+00,
2462621.500000000, A.D. 2030-Apr-30 00:00:00.0000,  2.755320786875298E-04,  1.567714825718434E-04,  2.405306047203200E+01,  8.327275510551920E+01,  6.308606886198191E+01,  2.462621114612675E+06,  2.851241075476614E+02,  1.098832171406049E+02,  1.099129051370535E+02,  1.568146900493614E-04,  1.568578975268795E-04,  1.262608073011934E+00,
2462622.500000000, A.D. 2030-May-01 00:00:00.0000,  3.925624871184436E-04,  1.567468710762620E-04,  2.405355899524146E+01,  8.327459610205405E+01,  6.134593667300420E+01,  2.462622370939736E+06,  2.851411866066542E+02,  3.680039678325102E+01,  3.682735430933512E+01,  1.568084281828306E-04,  1.568699852893992E-04,  1.262532446765089E+00,
2462623.500000000, A.D. 2030-May-02 00:00:00.0000,  3.456291008138981E-04,  1.567644331937774E-04,  2.405385189620805E+01,  8.327587637172353E+01,  5.061875151688545E+01,  2.462623595810728E+06,  2.851133506556534E+02,  3.326830823581128E+02,  3.326648996321945E+02,  1.568186342773335E-04,  1.568728353608897E-04,  1.262655709289430E+00,
2462624.500000000, A.D. 2030-May-03 00:00:00.0000,  3.336115312724018E-04,  1.567591565323842E-04,  2.405416261022092E+01,  8.327768270235353E+01,  4.049716666564740E+01,  2.462624822811266E+06,  2.851328881604672E+02,  2.679558914183724E+02,  2.679176872505276E+02,  1.568114706472279E-04,  1.568637847620715E-04,  1.262569191237592E+00,
2462625.500000000, A.D. 2030-May-04 00:00:00.0000,  2.642779590803823E-04,  1.567694423147002E-04,  2.405459548631369E+01,  8.327913196048871E+01,  5.986009930203483E+01,  2.462624890574569E+06,  2.851344883014443E+02,  1.737682082943670E+02,  1.737714945750655E+02,  1.568108839750788E-04,  1.568523256354573E-04,  1.262562105848830E+00,
2462626.500000000, A.D. 2030-May-05 00:00:00.0000,  3.092106379653498E-04,  1.567708485727116E-04,  2.405484135901209E+01,  8.328078866560155E+01,  6.249874215265720E+01,  2.462626162314311E+06,  2.851114293712507E+02,  9.627804961894526E+01,  9.631326856318810E+01,  1.568193387805012E-04,  1.568678289882908E-04,  1.262664217965233E+00,
2462627.500000000, A.D. 2030-May-06 00:00:00.0000,  3.839584620329022E-04,  1.567473168973227E-04,  2.405531998345968E+01,  8.328245372186548E+01,  6.313579215847038E+01,  2.462627427051798E+06,  2.851436515890551E+02,  2.080071673982171E+01,  2.081634840515345E+01,  1.568075244732547E-04,  1.568677320491866E-04,  1.262521532546082E+00,
2462628.500000000, A.D. 2030-May-07 00:00:00.0000,  3.383575410844065E-04,  1.567622846156773E-04,  2.405552597461509E+01,  8.328399717567783E+01,  4.400331579195924E+01,  2.462628622378908E+06,  2.851223232783367E+02,  3.251070415027476E+02,  3.250848539494647E+02,  1.568153442699688E-04,  1.568684039242603E-04,  1.262615974297346E+00,
2462629.500000000, A.D. 2030-May-08 00:00:00.0000,  3.262047252596227E-04,  1.567651309828138E-04,  2.405595002168555E+01,  8.328584385643643E+01,  4.403391659682242E+01,  2.462629885030556E+06,  2.851197571039241E+02,  2.502201814016535E+02,  2.501850113861170E+02,  1.568162851960424E-04,  1.568674394092710E-04,  1.262627338268889E+00,
2462630.500000000, A.D. 2030-May-09 00:00:00.0000,  2.539039635145076E-04,  1.567682167729420E-04,  2.405623165687188E+01,  8.328726352679951E+01,  6.081112197148565E+01,  2.462629943747996E+06,  2.851422700955894E+02,  1.586109590934421E+02,  1.586215669585079E+02,  1.568080309535121E-04,  1.568478451340820E-04,  1.262527649370666E+00,
2462631.500000000, A.D. 2030-May-10 00:00:00.0000,  3.414147879211337E-04,  1.567644647543766E-04,  2.405653806505923E+01,  8.328918830726545E+01,  6.352808609765151E+01,  2.462631215697535E+06,  2.851150675148231E+02,  8.105891649396389E+01,  8.109756690819913E+01,  1.568180047402071E-04,  1.568715447260377E-04,  1.262648106036289E+00,
2462632.500000000, A.D. 2030-May-11 00:00:00.0000,  3.620378785723477E-04,  1.567559031807904E-04,  2.405698279017068E+01,  8.329064234854926E+01,  6.131330034368776E+01,  2.462632470475632E+06,  2.851296025071579E+02,  8.418271393950569E+00,  8.424347673069844E+00,  1.568126753090926E-04,  1.568694474373947E-04,  1.262583740286884E+00,
2462633.500000000, A.D. 2030-May-12 00:00:00.0000,  3.542877098014654E-04,  1.567541578813049E-04,  2.405712019273619E+01,  8.329239520359334E+01,  3.988769811884503E+01,  2.462633657746343E+06,  2.851376804324350E+02,  3.150205736412624E+02,  3.149918675695885E+02,  1.568097136356235E-04,  1.568652693899421E-04,  1.262547971401149E+00,
2462634.500000000, A.D. 2030-May-13 00:00:00.0000,  3.069194325195270E-04,  1.567704304535108E-04,  2.405763248725833E+01,  8.329432025775581E+01,  4.933681438770316E+01,  2.462634953411190E+06,  2.851135501751361E+02,  2.307263258088174E+02,  2.306991059367302E+02,  1.568185611172974E-04,  1.568666917810841E-04,  1.262654825696160E+00,
2462635.500000000, A.D. 2030-May-14 00:00:00.0000,  2.554551293676986E-04,  1.567703091174627E-04,  2.405780803604778E+01,  8.329571547043709E+01,  6.032745017989220E+01,  2.462634991867158E+06,  2.851358980021280E+02,  1.448869142649667E+02,  1.449037474667376E+02,  1.568103671300841E-04,  1.568504251427055E-04,  1.262555863791353E+00,
2462636.500000000, A.D. 2030-May-15 00:00:00.0000,  3.615377856899742E-04,  1.567559848520306E-04,  2.405815769888892E+01,  8.329785154960992E+01,  6.487851571057283E+01,  2.462636270239038E+06,  2.851295936389088E+02,  6.551164964016141E+01,  6.554935914168274E+01,  1.568126785606055E-04,  1.568693722691804E-04,  1.262583779556421E+00,
2462637.500000000, A.D. 2030-May-16 00:00:00.0000,  3.507389676596516E-04,  1.567625436341076E-04,  2.405854478430521E+01,  8.329921307563623E+01,  5.568965439140402E+01,  2.462637500535086E+06,  2.851163195236240E+02,  3.598474383256580E+02,  3.598473312601971E+02,  1.568175456581827E-04,  1.568725476822577E-04,  1.262642561469272E+00,
2462638.500000000, A.D. 2030-May-17 00:00:00.0000,  3.712675704621967E-04,  1.567505131502612E-04,  2.405867539605006E+01,  8.330109584421105E+01,  4.086937304088343E+01,  2.462638711023057E+06,  2.851403602417037E+02,  2.998288094854242E+02,  2.997918932762562E+02,  1.568087311469014E-04,  1.568669491435415E-04,  1.262536105708923E+00,
2462639.500000000, A.D. 2030-May-18 00:00:00.0000,  2.766754885143771E-04,  1.567715408883052E-04,  2.405917019945865E+01,  8.330303753148583E+01,  5.458232510015889E+01,  2.462640021566376E+06,  2.851234593004596E+02,  2.112891907250606E+02,  2.112727295165414E+02,  1.568149277350427E-04,  1.568583145817801E-04,  1.262610943635600E+00,
2462640.500000000, A.D. 2030-May-19 00:00:00.0000,  2.709309141414219E-04,  1.567735330591304E-04,  2.405932192457907E+01,  8.330449845954608E+01,  6.030441170652076E+01,  2.462640041564616E+06,  2.851204820928868E+02,  1.307093177579146E+02,  1.307328466060527E+02,  1.568160193666094E-04,  1.568585056740884E-04,  1.262624127728287E+00,
2462641.500000000, A.D. 2030-May-20 00:00:00.0000,  3.659647740048847E-04,  1.567513396210327E-04,  2.405969662873006E+01,  8.330666783483068E+01,  6.587867548843488E+01,  2.462641323576208E+06,  2.851403740320446E+02,  5.030554599625913E+01,  5.033782392243800E+01,  1.568087260910386E-04,  1.568661125610446E-04,  1.262536044648460E+00,
2462642.500000000, A.D. 2030-May-21 00:00:00.0000,  3.555887289170034E-04,  1.567613673616319E-04,  2.405998896729552E+01,  8.330807362753647E+01,  4.978253917860085E+01,  2.462642529587952E+06,  2.851174537543949E+02,  3.515639583450197E+02,  3.515579778463704E+02,  1.568171297654776E-04,  1.568728921693234E-04,  1.262637538528631E+00,
2462643.500000000, A.D. 2030-May-22 00:00:00.0000,  3.636643115467200E-04,  1.567565999001945E-04,  2.406018807632784E+01,  8.331008026741408E+01,  4.425722715742594E+01,  2.462643772738726E+06,  2.851270057181069E+02,  2.822348237574986E+02,  2.821940934811148E+02,  1.568136274200514E-04,  1.568706549399082E-04,  1.262595239245478E+00,
2462644.500000000, A.D. 2030-May-23 00:00:00.0000,  2.479503475355509E-04,  1.567697965135421E-04,  2.406056697021229E+01,  8.331188831804887E+01,  5.558775843662563E+01,  2.462645074867901E+06,  2.851405071699715E+02,  1.960818751927269E+02,  1.960740068261014E+02,  1.568086772795701E-04,  1.568475580455982E-04,  1.262535455144593E+00,
2462645.500000000, A.D. 2030-May-24 00:00:00.0000,  3.004371758308958E-04,  1.567724685320549E-04,  2.406074466974796E+01,  8.331359736894871E+01,  6.152590740927069E+01,  2.462645095610100E+06,  2.851107634499038E+02,  1.152959130097818E+02,  1.153270344237968E+02,  1.568195829646758E-04,  1.568666973972967E-04,  1.262667167117508E+00,
2462646.500000000, A.D. 2030-May-25 00:00:00.0000,  3.591491872339124E-04,  1.567533366481943E-04,  2.406113277600538E+01,  8.331561483208635E+01,  6.536591208441980E+01,  2.462646371606510E+06,  2.851378411599838E+02,  3.660984246056757E+01,  3.663439489516348E+01,  1.568096547082333E-04,  1.568659727682722E-04,  1.262547259723457E+00,
2462647.500000000, A.D. 2030-May-26 00:00:00.0000,  3.690501738267095E-04,  1.567548610921422E-04,  2.406130946874213E+01,  8.331714157183013E+01,  4.597563387478896E+01,  2.462647566025503E+06,  2.851294455457909E+02,  3.411741850462461E+02,  3.411605324217201E+02,  1.568127328584618E-04,  1.568706046247815E-04,  1.262584435328638E+00,
2462648.500000000, A.D. 2030-May-27 00:00:00.0000,  3.333150682306358E-04,  1.567661468176425E-04,  2.406160687765348E+01,  8.331930490703245E+01,  4.706848587218035E+01,  2.462648832400342E+06,  2.851139438649071E+02,  2.652280277026104E+02,  2.651899663280082E+02,  1.568184167589243E-04,  1.568706867002061E-04,  1.262653082202726E+00,
2462649.500000000, A.D. 2030-May-28 00:00:00.0000,  2.419982422187405E-04,  1.567690481937726E-04,  2.406186052630450E+01,  8.332088173059365E+01,  5.237481961886473E+01,  2.462650113427655E+06,  2.851450952354730E+02,  1.850841128609339E+02,  1.850816561363237E+02,  1.568069952109813E-04,  1.568449422281900E-04,  1.262515140590834E+00,
2462650.500000000, A.D. 2030-May-29 00:00:00.0000,  3.346908044631164E-04,  1.567645150200645E-04,  2.406205382503667E+01,  8.332297650039753E+01,  6.461356618196673E+01,  2.462650156222841E+06,  2.851178070330233E+02,  9.801698956237152E+01,  9.805496525420756E+01,  1.568170002280242E-04,  1.568694854359840E-04,  1.262635974042490E+00,
2462651.500000000, A.D. 2030-May-30 00:00:00.0000,  3.501597101194240E-04,  1.567594658125013E-04,  2.406244477277091E+01,  8.332476368680710E+01,  6.259746176423168E+01,  2.462651411701561E+06,  2.851249643705522E+02,  2.517608919279830E+01,  2.519316534550608E+01,  1.568143758889051E-04,  1.568692859653090E-04,  1.262604278775601E+00,
2462652.500000000, A.D. 2030-May-31 00:00:00.0000,  3.819385763026349E-04,  1.567494362276376E-04,  2.406252628489968E+01,  8.332643024299810E+01,  4.481682863383200E+01,  2.462652611779850E+06,  2.851387329338257E+02,  3.281272351606348E+02,  3.281041153253701E+02,  1.568093277590328E-04,  1.568692192904281E-04,  1.262543311096034E+00,
2462653.500000000, A.D. 2030-Jun-01 00:00:00.0000,  2.990916251326989E-04,  1.567708938834898E-04,  2.406288921515195E+01,  8.332870785333706E+01,  4.843215568192655E+01,  2.462653886953081E+06,  2.851156346815116E+02,  2.496736269149800E+02,  2.496414919468996E+02,  1.568177967731764E-04,  1.568646996628631E-04,  1.262645594311719E+00,
2462654.500000000, A.D. 2030-Jun-02 00:00:00.0000,  2.603059846921389E-04,  1.567711257262345E-04,  2.406307278360632E+01,  8.333012585069501E+01,  5.214701631541865E+01,  2.462653899911606E+06,  2.851315948876018E+02,  1.711041609855740E+02,  1.711087721987866E+02,  1.568119448139408E-04,  1.568527639016471E-04,  1.262574917879273E+00,
2462655.500000000, A.D. 2030-Jun-03 00:00:00.0000,  3.510723936868384E-04,  1.567556326400850E-04,  2.406325766567394E+01,  8.333252397715259E+01,  6.864299079504579E+01,  2.462655220179128E+06,  2.851350322548275E+02,  7.978673350558388E+01,  7.982632905611678E+01,  1.568106845424630E-04,  1.568657364448410E-04,  1.262559697253423E+00,
2462656.500000000, A.D. 2030-Jun-04 00:00:00.0000,  3.469043873761917E-04,  1.567635751734790E-04,  2.406362386561796E+01,  8.333414436293373E+01,  5.730049171840071E+01,  2.462656442901105E+06,  2.851151458474706E+02,  1.627975966746723E+01,  1.629090797987628E+01,  1.568179760173789E-04,  1.568723768612788E-04,  1.262647759135851E+00,
2462657.500000000, A.D. 2030-Jun-05 00:00:00.0000,  3.842498689639015E-04,  1.567502235625247E-04,  2.406366692007412E+01,  8.333596056192933E+01,  4.548473227755998E+01,  2.462657663955597E+06,  2.851355956890846E+02,  3.132504233009472E+02,  3.132183414886815E+02,  1.568104779681361E-04,  1.568707323737475E-04,  1.262557202407476E+00,
2462658.500000000, A.D. 2030-Jun-06 00:00:00.0000,  2.737046314373255E-04,  1.567697905963544E-04,  2.406402757968493E+01,  8.333819410367035E+01,  4.843614528861841E+01,  2.462658936736894E+06,  2.851295052677030E+02,  2.354734255721488E+02,  2.354475907332632E+02,  1.568127109616128E-04,  1.568556313268713E-04,  1.262584170873521E+00,
2462659.500000000, A.D. 2030-Jun-07 00:00:00.0000,  2.835401923742358E-04,  1.567733925344415E-04,  2.406418278010484E+01,  8.333965474864623E+01,  5.694548937238488E+01,  2.462658966501552E+06,  2.851154712499970E+02,  1.521086615174117E+02,  1.521238560703002E+02,  1.568178566996979E-04,  1.568623208649542E-04,  1.262646318074905E+00,
2462660.500000000, A.D. 2030-Jun-08 00:00:00.0000,  3.403097767861244E-04,  1.567544547875736E-04,  2.406437658838733E+01,  8.334209417062698E+01,  7.066660700631481E+01,  2.462660277119601E+06,  2.851428508961476E+02,  6.355275229665325E+01,  6.358767433851277E+01,  1.568078180211227E-04,  1.568611812546718E-04,  1.262525077758713E+00,
2462661.500000000, A.D. 2030-Jun-09 00:00:00.0000,  3.605593638009632E-04,  1.567595570918535E-04,  2.406466981893568E+01,  8.334367383070261E+01,  5.098952648807204E+01,  2.462661470541548E+06,  2.851202659890735E+02,  8.399201809205941E+00,  8.405239652995320E+00,  1.568160986046001E-04,  1.568726401173468E-04,  1.262625084720551E+00,
2462662.500000000, A.D. 2030-Jun-10 00:00:00.0000,  3.719013713789955E-04,  1.567570560238192E-04,  2.406473974927414E+01,  8.334569837595218E+01,  4.673177208676631E+01,  2.462662718151212E+06,  2.851222370758619E+02,  2.978002383481587E+02,  2.977625322851235E+02,  1.568153758771612E-04,  1.568736957305032E-04,  1.262616356030538E+00,
2462663.500000000, A.D. 2030-Jun-11 00:00:00.0000,  2.627727491962613E-04,  1.567670678282097E-04,  2.406504011815785E+01,  8.334770922873093E+01,  4.748445895531871E+01,  2.462663983200085E+06,  2.851416105146579E+02,  2.222195494137748E+02,  2.221993201844293E+02,  1.568082727691419E-04,  1.568494777100742E-04,  1.262530569811360E+00,
2462664.500000000, A.D. 2030-Jun-12 00:00:00.0000,  3.016152447716565E-04,  1.567714091978549E-04,  2.406515986566586E+01,  8.334941302973031E+01,  6.301433159283178E+01,  2.462664037556187E+06,  2.851131492996149E+02,  1.318488117843524E+02,  1.318745512336261E+02,  1.568187081108866E-04,  1.568660070239183E-04,  1.262656601017336E+00,
2462665.500000000, A.D. 2030-Jun-13 00:00:00.0000,  3.245511110613883E-04,  1.567605884294351E-04,  2.406540191174835E+01,  8.335167841696399E+01,  6.788634699681549E+01,  2.462665317192754E+06,  2.851328578231963E+02,  5.212435250496982E+01,  5.215371620725146E+01,  1.568114817700708E-04,  1.568623751107065E-04,  1.262569325571123E+00,
2462666.500000000, A.D. 2030-Jun-14 00:00:00.0000,  3.891104902169843E-04,  1.567493476774976E-04,  2.406557801917137E+01,  8.335327739994234E+01,  4.793679490526041E+01,  2.462666509638295E+06,  2.851359058980008E+02,  3.572517760620530E+02,  3.572496371173835E+02,  1.568103642351963E-04,  1.568713807928950E-04,  1.262555828829147E+00,
2462667.500000000, A.D. 2030-Jun-15 00:00:00.0000,  3.439596123776448E-04,  1.567652818507228E-04,  2.406571276061213E+01,  8.335557726920341E+01,  4.790688848783885E+01,  2.462667772064526E+06,  2.851117496765477E+02,  2.824312069084733E+02,  2.823927125550367E+02,  1.568192213293045E-04,  1.568731608078863E-04,  1.262662799440610E+00,
2462668.500000000, A.D. 2030-Jun-16 00:00:00.0000,  2.651254488892116E-04,  1.567670548569577E-04,  2.406594360335360E+01,  8.335729070598795E+01,  4.741840305183004E+01,  2.462669032803554E+06,  2.851406393616332E+02,  2.080760539348909E+02,  2.080617594396901E+02,  1.568086288150621E-04,  1.568502027731664E-04,  1.262534869831113E+00,
2462669.500000000, A.D. 2030-Jun-17 00:00:00.0000,  3.119979662517693E-04,  1.567655762686173E-04,  2.406600547246444E+01,  8.335933031780831E+01,  6.778077384832214E+01,  2.462669104078461E+06,  2.851246202192380E+02,  1.128869784703626E+02,  1.129199111620711E+02,  1.568145020743433E-04,  1.568634278800693E-04,  1.262605802765081E+00,
2462670.500000000, A.D. 2030-Jun-18 00:00:00.0000,  3.300826767065557E-04,  1.567650384742443E-04,  2.406630342124490E+01,  8.336137864939737E+01,  6.184485408057063E+01,  2.462670345791860E+06,  2.851183504199468E+02,  4.396757047938233E+01,  4.399383811097100E+01,  1.568168009836655E-04,  1.568685634930867E-04,  1.262633567673779E+00,
2462671.500000000, A.D. 2030-Jun-19 00:00:00.0000,  4.076891164641592E-04,  1.567437660213243E-04,  2.406635963154924E+01,  8.336300300948834E+01,  4.919219330198285E+01,  2.462671563875692E+06,  2.851431869661587E+02,  3.417862816790566E+02,  3.417716724028610E+02,  1.568076948118769E-04,  1.568716236024295E-04,  1.262523589745546E+00,
2462672.500000000, A.D. 2030-Jun-20 00:00:00.0000,  3.054680053454999E-04,  1.567694384017807E-04,  2.406654353778785E+01,  8.336550791561274E+01,  4.764441735347503E+01,  2.462672820912017E+06,  2.851168774464271E+02,  2.685025679672779E+02,  2.684675762176242E+02,  1.568173410821646E-04,  1.568652437625486E-04,  1.262640090703306E+00,
2462673.500000000, A.D. 2030-Jun-21 00:00:00.0000,  2.735145723306105E-04,  1.567706483107733E-04,  2.406673920416355E+01,  8.336700500325711E+01,  4.974638575519867E+01,  2.462674090811244E+06,  2.851272466038281E+02,  1.915436167816249E+02,  1.915373468213527E+02,  1.568135390988556E-04,  1.568564298869379E-04,  1.262594172559750E+00,
2462674.500000000, A.D. 2030-Jun-22 00:00:00.0000,  3.123481710582501E-04,  1.567610312089386E-04,  2.406675258741937E+01,  8.336931396518919E+01,  7.035378144302909E+01,  2.462674162936094E+06,  2.851368706426582E+02,  9.610934744443713E+01,  9.614493514735329E+01,  1.568100105289310E-04,  1.568589898489233E-04,  1.262551557042100E+00,
2462675.500000000, A.D. 2030-Jun-23 00:00:00.0000,  3.535625405953699E-04,  1.567621854849466E-04,  2.406706739087756E+01,  8.337119703810180E+01,  5.681266736190802E+01,  2.462675377915538E+06,  2.851160886202590E+02,  3.480824427352282E+01,  3.483138007653456E+01,  1.568176303247344E-04,  1.568730751645221E-04,  1.262643584029653E+00,
2462676.500000000, A.D. 2030-Jun-24 00:00:00.0000,  3.985589464442763E-04,  1.567491833961042E-04,  2.406705217351017E+01,  8.337291261516476E+01,  5.120292019577698E+01,  2.462676620764760E+06,  2.851323114432176E+02,  3.255660647997000E+02,  3.255402289841988E+02,  1.568116820949101E-04,  1.568741807937160E-04,  1.262571744948281E+00,
2462677.500000000, A.D. 2030-Jun-25 00:00:00.0000,  2.792534636845042E-04,  1.567670876175773E-04,  2.406724017097159E+01,  8.337538744264639E+01,  4.433161196798203E+01,  2.462677859071651E+06,  2.851345056941384E+02,  2.576162821741678E+02,  2.575850289632852E+02,  1.568108775982900E-04,  1.568546675790027E-04,  1.262562028834803E+00,
2462678.500000000, A.D. 2030-Jun-26 00:00:00.0000,  2.852861255051837E-04,  1.567735969984107E-04,  2.406741524147879E+01,  8.337687958715982E+01,  5.484952874268012E+01,  2.462677895871934E+06,  2.851141665803979E+02,  1.722454700819767E+02,  1.722498795481638E+02,  1.568183350936377E-04,  1.568630731888648E-04,  1.262652095887650E+00,
2462679.500000000, A.D. 2030-Jun-27 00:00:00.0000,  3.075743791772148E-04,  1.567613953574047E-04,  2.406742886997566E+01,  8.337927562154951E+01,  7.010697361344198E+01,  2.462679211905017E+06,  2.851379195157162E+02,  8.214680416975166E+01,  8.218172087701807E+01,  1.568096259807647E-04,  1.568578566041248E-04,  1.262546912776214E+00,
2462680.500000000, A.D. 2030-Jun-28 00:00:00.0000,  3.791041155980657E-04,  1.567540862806233E-04,  2.406769777717941E+01,  8.338103271273270E+01,  5.423172913220341E+01,  2.462680418653201E+06,  2.851272579545391E+02,  2.319418978840697E+01,  2.321130687095643E+01,  1.568135349370994E-04,  1.568729835935756E-04,  1.262594122296784E+00,
2462681.500000000, A.D. 2030-Jun-29 00:00:00.0000,  3.691489310707452E-04,  1.567598404313582E-04,  2.406766693789193E+01,  8.338296396279432E+01,  5.068389339055830E+01,  2.462681668752936E+06,  2.851158180710365E+02,  3.118858684976198E+02,  3.118543664431837E+02,  1.568177295285866E-04,  1.568756186258151E-04,  1.262644782164650E+00,
2462682.500000000, A.D. 2030-Jun-30 00:00:00.0000,  2.831001266774290E-04,  1.567624568263127E-04,  2.406784502692962E+01,  8.338517182224817E+01,  4.120583079999859E+01,  2.462682897928671E+06,  2.851454944191477E+02,  2.465324323147163E+02,  2.465026789511963E+02,  1.568068488650903E-04,  1.568512409038679E-04,  1.262513373158267E+00,
2462683.500000000, A.D. 2030-Jul-01 00:00:00.0000,  2.963858898521759E-04,  1.567713965088659E-04,  2.406794892154248E+01,  8.338688402087890E+01,  6.222143570467864E+01,  2.462682971503248E+06,  2.851154210296824E+02,  1.506825738805354E+02,  1.506991985707899E+02,  1.568178751143264E-04,  1.568643537197869E-04,  1.262646540477800E+00,
2462684.500000000, A.D. 2030-Jul-02 00:00:00.0000,  3.080046296627363E-04,  1.567653226022554E-04,  2.406802368009408E+01,  8.338919963659470E+01,  6.722669045501402E+01,  2.462684251612353E+06,  2.851270207084733E+02,  7.082202979726763E+01,  7.085536998219773E+01,  1.568136219238021E-04,  1.568619212453488E-04,  1.262595172865360E+00,
2462685.500000000, A.D. 2030-Jul-03 00:00:00.0000,  3.972610051798077E-04,  1.567468306389618E-04,  2.406819497759377E+01,  8.339084487272534E+01,  5.380948751114796E+01,  2.462685466990185E+06,  2.851392865479256E+02,  9.412394955380792E+00,  9.419843368091181E+00,  1.568091247894970E-04,  1.568714189400323E-04,  1.262540859796575E+00,
2462686.500000000, A.D. 2030-Jul-04 00:00:00.0000,  3.395566385024055E-04,  1.567659957465369E-04,  2.406817351946277E+01,  8.339305941584479E+01,  4.767653838882887E+01,  2.462686707982207E+06,  2.851116857719864E+02,  3.007018423164424E+02,  3.006683785742925E+02,  1.568192447621408E-04,  1.568724937777447E-04,  1.262663082452202E+00,
2462687.500000000, A.D. 2030-Jul-05 00:00:00.0000,  2.982021582047348E-04,  1.567630022968843E-04,  2.406836461665606E+01,  8.339493335986185E+01,  4.307193503396626E+01,  2.462687954320977E+06,  2.851375449520034E+02,  2.304560318449066E+02,  2.304296872544840E+02,  1.568097633067299E-04,  1.568565243165755E-04,  1.262548571288983E+00,
2462688.500000000, A.D. 2030-Jul-06 00:00:00.0000,  2.944734230537223E-04,  1.567662017463658E-04,  2.406833782941922E+01,  8.339693466661339E+01,  6.913777169983682E+01,  2.462688045581970E+06,  2.851304111482378E+02,  1.295683997478396E+02,  1.295944058369981E+02,  1.568123788243354E-04,  1.568585559023051E-04,  1.262580159549652E+00,
2462689.500000000, A.D. 2030-Jul-07 00:00:00.0000,  3.207995050734356E-04,  1.567675500063754E-04,  2.406850710874988E+01,  8.339912111917660E+01,  6.252352938249034E+01,  2.462689284896001E+06,  2.851154701656061E+02,  6.132947781872947E+01,  6.136173779752716E+01,  1.568178570973189E-04,  1.568681641882624E-04,  1.262646322877177E+00,
2462690.500000000, A.D. 2030-Jul-08 00:00:00.0000,  4.019674652987575E-04,  1.567458750924526E-04,  2.406856638156170E+01,  8.340068639270136E+01,  5.432568547125085E+01,  2.462690518633544E+06,  2.851398801190142E+02,  3.546868335735849E+02,  3.546825661177850E+02,  1.568089071714045E-04,  1.568719392503565E-04,  1.262538231585634E+00,
2462691.500000000, A.D. 2030-Jul-09 00:00:00.0000,  3.211515599139694E-04,  1.567648001618889E-04,  2.406855923139313E+01,  8.340310385915004E+01,  4.413443868354782E+01,  2.462691745332592E+06,  2.851228214878833E+02,  2.900500792064752E+02,  2.900155035940787E+02,  1.568151615956535E-04,  1.568655230294181E-04,  1.262613768064507E+00,
2462692.500000000, A.D. 2030-Jul-10 00:00:00.0000,  2.999106622992774E-04,  1.567688020512148E-04,  2.406877005771211E+01,  8.340476249352538E+01,  4.909654363583665E+01,  2.462693025282606E+06,  2.851209909356861E+02,  2.102309028850623E+02,  2.102136050679976E+02,  1.568158327914863E-04,  1.568628635317577E-04,  1.262621874378951E+00,
2462693.500000000, A.D. 2030-Jul-11 00:00:00.0000,  2.773510454333541E-04,  1.567648097663031E-04,  2.406863443788858E+01,  8.340693815248231E+01,  7.165198568769820E+01,  2.462693104246989E+06,  2.851415342961528E+02,  1.128456206829227E+02,  1.128749056605517E+02,  1.568083007124383E-04,  1.568517916585736E-04,  1.262530907286547E+00,
2462694.500000000, A.D. 2030-Jul-12 00:00:00.0000,  3.507533334028812E-04,  1.567622825459401E-04,  2.406887168858868E+01,  8.340903926551090E+01,  5.802779099140425E+01,  2.462694318901485E+06,  2.851170256713315E+02,  5.163426986775486E+01,  5.166579265362989E+01,  1.568172867319966E-04,  1.568722909180530E-04,  1.262639434289658E+00,
2462695.500000000, A.D. 2030-Jul-13 00:00:00.0000,  3.929701490464177E-04,  1.567517649886569E-04,  2.406883928861130E+01,  8.341061729035940E+01,  5.426072945321022E+01,  2.462695568228982E+06,  2.851276587933308E+02,  3.405460300294723E+02,  3.405310255094109E+02,  1.568133879690995E-04,  1.568750109495422E-04,  1.262592347313941E+00,
2462696.500000000, A.D. 2030-Jul-14 00:00:00.0000,  3.162438215151218E-04,  1.567603032247066E-04,  2.406885297806402E+01,  8.341303727413511E+01,  4.172216794829766E+01,  2.462696786670988E+06,  2.851371901584888E+02,  2.782594399348022E+02,  2.782235749072178E+02,  1.568098933846419E-04,  1.568594835445773E-04,  1.262550142266254E+00,
2462697.500000000, A.D. 2030-Jul-15 00:00:00.0000,  2.888783733119619E-04,  1.567730015906597E-04,  2.406903725773762E+01,  8.341465222921843E+01,  5.617629870102529E+01,  2.462698099902387E+06,  2.851142540865082E+02,  1.889592782809202E+02,  1.889541249042973E+02,  1.568183030069379E-04,  1.568636044232161E-04,  1.262651708359591E+00,
2462698.500000000, A.D. 2030-Jul-16 00:00:00.0000,  2.689762397446244E-04,  1.567684368803763E-04,  2.406889232009486E+01,  8.341685854436412E+01,  6.827286089319827E+01,  2.462698142224465E+06,  2.851352213598265E+02,  1.020144064355491E+02,  1.020445515752427E+02,  1.568106152100074E-04,  1.568527935396386E-04,  1.262558859909130E+00,
2462699.500000000, A.D. 2030-Jul-17 00:00:00.0000,  3.872249674595417E-04,  1.567509253308261E-04,  2.406912361160584E+01,  8.341887425159277E+01,  5.684379109872127E+01,  2.462699364549419E+06,  2.851324079390335E+02,  3.862135024803343E+01,  3.864905687494451E+01,  1.568116467156228E-04,  1.568723681004195E-04,  1.262571317662966E+00,
2462700.500000000, A.D. 2030-Jul-18 00:00:00.0000,  3.724202780204058E-04,  1.567601480681539E-04,  2.406902985670776E+01,  8.342061937579508E+01,  5.271409098943046E+01,  2.462700612599414E+06,  2.851135791948528E+02,  3.278963780601649E+02,  3.278736887454457E+02,  1.568185504763210E-04,  1.568769528844882E-04,  1.262654697179358E+00,
2462701.500000000, A.D. 2030-Jul-19 00:00:00.0000,  3.190039231187690E-04,  1.567583270136260E-04,  2.406908108683729E+01,  8.342285342685631E+01,  4.172703263471225E+01,  2.462701836515488E+06,  2.851414012436603E+02,  2.640455023486244E+02,  2.640091459279994E+02,  1.568083494922918E-04,  1.568583719709576E-04,  1.262531496407887E+00,
2462702.500000000, A.D. 2030-Jul-20 00:00:00.0000,  2.746870298942903E-04,  1.567722475243888E-04,  2.406916008808182E+01,  8.342453546831366E+01,  6.210239312974685E+01,  2.462701907833130E+06,  2.851223822164101E+02,  1.688400285934807E+02,  1.688461188472293E+02,  1.568153226596121E-04,  1.568583977948354E-04,  1.262615713300113E+00,
2462703.500000000, A.D. 2030-Jul-21 00:00:00.0000,  2.894057203868529E-04,  1.567709165314601E-04,  2.406909535786462E+01,  8.342672584548944E+01,  6.362520283771150E+01,  2.462703175711751E+06,  2.851197165502919E+02,  9.246097363851692E+01,  9.249410598807037E+01,  1.568163000657490E-04,  1.568616836000380E-04,  1.262627517857048E+00,
2462704.500000000, A.D. 2030-Jul-22 00:00:00.0000,  4.048947321550644E-04,  1.567436083722780E-04,  2.406925461701732E+01,  8.342856002372233E+01,  5.882805754315262E+01,  2.462704421340710E+06,  2.851448128413442E+02,  2.242928833692264E+01,  2.244699926758922E+01,  1.568070987405226E-04,  1.568705891087671E-04,  1.262516390926969E+00,
2462705.500000000, A.D. 2030-Jul-23 00:00:00.0000,  3.468660327390421E-04,  1.567645898990273E-04,  2.406912331280284E+01,  8.343058194796357E+01,  4.872132796152847E+01,  2.462705648366976E+06,  2.851123939669681E+02,  3.176987363925784E+02,  3.176719763165708E+02,  1.568189850782395E-04,  1.568733802574517E-04,  1.262659946104300E+00,
2462706.500000000, A.D. 2030-Jul-24 00:00:00.0000,  3.190486808109806E-04,  1.567617738106117E-04,  2.406923810980434E+01,  8.343257738579068E+01,  4.410988670733445E+01,  2.462706894707599E+06,  2.851319778334958E+02,  2.474562416827199E+02,  2.474224802422829E+02,  1.568118044099443E-04,  1.568618350092769E-04,  1.262573222180726E+00,
2462707.500000000, A.D. 2030-Jul-25 00:00:00.0000,  2.612690717668541E-04,  1.567697314340218E-04,  2.406916370197873E+01,  8.343435698851711E+01,  6.544567023402250E+01,  2.462706969391556E+06,  2.851349867656852E+02,  1.512950317778497E+02,  1.513094074586910E+02,  1.568107012203727E-04,  1.568516710067237E-04,  1.262559898676470E+00,
2462708.500000000, A.D. 2030-Jul-26 00:00:00.0000,  3.253137017313545E-04,  1.567676243000375E-04,  2.406920179605502E+01,  8.343655955633443E+01,  6.166479023682445E+01,  2.462708218604978E+06,  2.851133362703117E+02,  8.022947357902545E+01,  8.026621360790884E+01,  1.568186395521707E-04,  1.568696548043039E-04,  1.262655772996495E+00,
2462709.500000000, A.D. 2030-Jul-27 00:00:00.0000,  3.950772054979138E-04,  1.567472542319267E-04,  2.406926737921546E+01,  8.343816583444050E+01,  6.033885646588718E+01,  2.462709476475366E+06,  2.851390651088673E+02,  6.707792130094877E+00,  6.713082817279568E+00,  1.568092059748195E-04,  1.568711577177124E-04,  1.262541840286074E+00,
2462710.500000000, A.D. 2030-Jul-28 00:00:00.0000,  3.365773513019843E-04,  1.567608088148444E-04,  2.406911563073585E+01,  8.344040537535501E+01,  4.312263360083410E+01,  2.462710678509329E+06,  2.851271112756073E+02,  3.091021505336318E+02,  3.090722122294822E+02,  1.568135887171830E-04,  1.568663686195216E-04,  1.262594771817471E+00,
2462711.500000000, A.D. 2030-Jul-29 00:00:00.0000,  3.111044550729973E-04,  1.567680508511264E-04,  2.406929828325571E+01,  8.344225011477101E+01,  4.852761018698304E+01,  2.462711960015084E+06,  2.851182514642385E+02,  2.288413036507381E+02,  2.288144700488145E+02,  1.568168372678309E-04,  1.568656236845354E-04,  1.262634005894756E+00,
2462712.500000000, A.D. 2030-Jul-30 00:00:00.0000,  2.540311277695041E-04,  1.567694599202255E-04,  2.406910052196046E+01,  8.344409713694560E+01,  6.557540010310150E+01,  2.462712019683108E+06,  2.851388240262075E+02,  1.369569938542818E+02,  1.369768580698062E+02,  1.568092943621171E-04,  1.568491288040086E-04,  1.262542907755388E+00,
2462713.500000000, A.D. 2030-Jul-31 00:00:00.0000,  3.573227050419907E-04,  1.567592756743880E-04,  2.406921011414584E+01,  8.344631101122278E+01,  6.158977518630170E+01,  2.462713268127334E+06,  2.851224185296841E+02,  6.611209529306193E+01,  6.614954075839458E+01,  1.568153093449151E-04,  1.568713430154422E-04,  1.262615552493009E+00,
2462714.500000000, A.D. 2030-Aug-01 00:00:00.0000,  3.747519933437619E-04,  1.567568253612917E-04,  2.406919107499053E+01,  8.344780019467858E+01,  5.809161766237673E+01,  2.462714518402663E+06,  2.851216467791573E+02,  3.547530025908231E+02,  3.547490736070993E+02,  1.568155923170999E-04,  1.568743592729082E-04,  1.262618970066626E+00,
2462715.500000000, A.D. 2030-Aug-02 00:00:00.0000,  3.492146095790985E-04,  1.567533616666437E-04,  2.406904944182595E+01,  8.345007878352051E+01,  4.056164223494582E+01,  2.462715719340551E+06,  2.851420235185004E+02,  2.974567914217191E+02,  2.974212747972173E+02,  1.568081213535210E-04,  1.568628810403983E-04,  1.262528741143771E+00,
2462716.500000000, A.D. 2030-Aug-03 00:00:00.0000,  2.926303381579871E-04,  1.567720877246471E-04,  2.406923240510636E+01,  8.345188310906566E+01,  5.487559312736275E+01,  2.462717032056050E+06,  2.851151420156825E+02,  2.083027636420133E+02,  2.082868697528409E+02,  1.568179774224095E-04,  1.568638671201719E-04,  1.262647776105130E+00,
2462717.500000000, A.D. 2030-Aug-04 00:00:00.0000,  2.598468793166623E-04,  1.567719178621020E-04,  2.406900519233613E+01,  8.345375647761014E+01,  6.392286579515378E+01,  2.462717063696142E+06,  2.851296302322697E+02,  1.244031576295391E+02,  1.244277209869519E+02,  1.568126651437769E-04,  1.568534124254519E-04,  1.262583617517198E+00,
2462718.500000000, A.D. 2030-Aug-05 00:00:00.0000,  3.765853487967404E-04,  1.567509310289259E-04,  2.406913501696563E+01,  8.345589258959389E+01,  6.242797031250272E+01,  2.462718320881980E+06,  2.851369447164016E+02,  5.107316501546254E+01,  5.110674616763674E+01,  1.568099833712085E-04,  1.568690357134912E-04,  1.262551229052614E+00,
2462719.500000000, A.D. 2030-Aug-06 00:00:00.0000,  3.638050844597910E-04,  1.567621783005568E-04,  2.406903844862681E+01,  8.345744031737721E+01,  5.288820236606355E+01,  2.462719549929904E+06,  2.851117262110471E+02,  3.457643988650847E+02,  3.457541426164537E+02,  1.568192299337477E-04,  1.568762815669387E-04,  1.262662903361325E+00,
2462720.500000000, A.D. 2030-Aug-07 00:00:00.0000,  3.598424261768241E-04,  1.567524187421226E-04,  2.406896200066664E+01,  8.345962167211873E+01,  4.278482821292137E+01,  2.462720776976157E+06,  2.851400491039028E+02,  2.810230051272989E+02,  2.809825275085503E+02,  1.568088452174316E-04,  1.568652716927407E-04,  1.262537483357236E+00,
2462721.500000000, A.D. 2030-Aug-08 00:00:00.0000,  2.640755022392324E-04,  1.567720339071040E-04,  2.406903166339366E+01,  8.346140109805829E+01,  6.056496586830528E+01,  2.462722101768821E+06,  2.851275046218249E+02,  1.884191575810370E+02,  1.884147284252951E+02,  1.568134444962172E-04,  1.568548550853304E-04,  1.262593030011192E+00,
2462722.500000000, A.D. 2030-Aug-09 00:00:00.0000,  2.812521086586340E-04,  1.567735626022843E-04,  2.406886936009483E+01,  8.346333055238422E+01,  6.225883312393978E+01,  2.462722107634185E+06,  2.851159861391548E+02,  1.118697661227333E+02,  1.118996718878468E+02,  1.568176679020567E-04,  1.568617732018291E-04,  1.262644037869897E+00,
2462723.500000000, A.D. 2030-Aug-10 00:00:00.0000,  3.808167929394573E-04,  1.567481670383499E-04,  2.406897446432410E+01,  8.346526069966389E+01,  6.321528929877614E+01,  2.462723373474052E+06,  2.851426760767395E+02,  3.607794733035505E+01,  3.610365522737671E+01,  1.568078821131239E-04,  1.568675971878979E-04,  1.262525851805902E+00,
2462724.500000000, A.D. 2030-Aug-11 00:00:00.0000,  3.647953252516991E-04,  1.567597062707219E-04,  2.406880273589210E+01,  8.346697337645864E+01,  4.793580996526627E+01,  2.462724582332148E+06,  2.851180467046128E+02,  3.365256188113623E+02,  3.365089602928446E+02,  1.568169123472666E-04,  1.568741184238112E-04,  1.262634912664670E+00,
2462725.500000000, A.D. 2030-Aug-12 00:00:00.0000,  3.461952687540897E-04,  1.567601093085150E-04,  2.406882984762139E+01,  8.346904591991103E+01,  4.698769556112508E+01,  2.462725841544216E+06,  2.851249048539009E+02,  2.626172379762140E+02,  2.625778979896239E+02,  1.568143977110751E-04,  1.568686861136352E-04,  1.262604542330195E+00,
2462726.500000000, A.D. 2030-Aug-13 00:00:00.0000,  2.377021352980577E-04,  1.567710912373036E-04,  2.406873318602258E+01,  8.347072947023889E+01,  6.098594186099766E+01,  2.462725890501644E+06,  2.851413591615830E+02,  1.737931897059505E+02,  1.737961338125195E+02,  1.568083649204778E-04,  1.568456386036521E-04,  1.262531682736338E+00,
2462727.500000000, A.D. 2030-Aug-14 00:00:00.0000,  3.175218148670776E-04,  1.567690424154822E-04,  2.406866753111521E+01,  8.347281788247540E+01,  6.185662233895580E+01,  2.462727155989501E+06,  2.851128010253989E+02,  9.808179687044549E+01,  9.811781881242869E+01,  1.568188358168362E-04,  1.568686292181901E-04,  1.262658143391919E+00,
2462728.500000000, A.D. 2030-Aug-15 00:00:00.0000,  3.754800328393465E-04,  1.567521685356168E-04,  2.406872538315580E+01,  8.347447796821932E+01,  6.263042840638471E+01,  2.462728421244097E+06,  2.851340410520589E+02,  2.245598884121253E+01,  2.247243109293066E+01,  1.568110479530518E-04,  1.568699273704868E-04,  1.262564086251183E+00,
2462729.500000000, A.D. 2030-Aug-16 00:00:00.0000,  3.724255981191489E-04,  1.567533398935610E-04,  2.406849962426700E+01,  8.347634831276451E+01,  4.511602176059827E+01,  2.462729622236590E+06,  2.851321518730924E+02,  3.251464181311031E+02,  3.251220198035790E+02,  1.568117405998460E-04,  1.568701413061310E-04,  1.262572451528476E+00,
2462730.500000000, A.D. 2030-Aug-17 00:00:00.0000,  3.141645779308436E-04,  1.567687330070347E-04,  2.406860853188312E+01,  8.347835915540884E+01,  5.064484767852482E+01,  2.462730904161225E+06,  2.851150813484845E+02,  2.447675396052149E+02,  2.447349794224309E+02,  1.568179996677123E-04,  1.568672663283898E-04,  1.262648044773145E+00,
2462731.500000000, A.D. 2030-Aug-18 00:00:00.0000,  2.355759400184202E-04,  1.567722046548551E-04,  2.406840003440626E+01,  8.347991665218899E+01,  5.719548273275715E+01,  2.462730927039413E+06,  2.851392311041473E+02,  1.633735411289282E+02,  1.633812630573863E+02,  1.568091451166194E-04,  1.568460855783838E-04,  1.262541105290804E+00,
2462732.500000000, A.D. 2030-Aug-19 00:00:00.0000,  3.540889745021709E-04,  1.567584788522847E-04,  2.406839387146229E+01,  8.348218747553162E+01,  6.384004129176244E+01,  2.462732212739636E+06,  2.851259760191321E+02,  8.190539171328770E+01,  8.194556556305038E+01,  1.568140049624894E-04,  1.568695310726941E-04,  1.262599798959895E+00,
2462733.500000000, A.D. 2030-Aug-20 00:00:00.0000,  3.672450669580051E-04,  1.567590543749062E-04,  2.406839678733409E+01,  8.348364031385495E+01,  5.988342936229759E+01,  2.462733461402542E+06,  2.851187771512247E+02,  1.100485992380628E+01,  1.101289689945626E+01,  1.568166445140209E-04,  1.568742346531356E-04,  1.262631677916670E+00,
2462734.500000000, A.D. 2030-Aug-21 00:00:00.0000,  3.787328788610286E-04,  1.567495766442217E-04,  2.406816557072820E+01,  8.348558858185747E+01,  4.485733014331401E+01,  2.462734671149922E+06,  2.851397214180346E+02,  3.111983588995489E+02,  3.111656933974284E+02,  1.568089653551019E-04,  1.568683540659820E-04,  1.262538934279925E+00,
2462735.500000000, A.D. 2030-Aug-22 00:00:00.0000,  2.811863825710066E-04,  1.567719371419711E-04,  2.406828100831956E+01,  8.348752411634017E+01,  5.287330104397974E+01,  2.462735961740228E+06,  2.851204485254629E+02,  2.283484190076276E+02,  2.283243486594218E+02,  1.568160316746468E-04,  1.568601262073225E-04,  1.262624276377883E+00,
2462736.500000000, A.D. 2030-Aug-23 00:00:00.0000,  2.594423924666393E-04,  1.567743014745738E-04,  2.406805757945295E+01,  8.348904708160418E+01,  5.675209051118854E+01,  2.462735975266382E+06,  2.851233005848260E+02,  1.496137811174721E+02,  1.496288150806831E+02,  1.568149859296980E-04,  1.568556703848222E-04,  1.262611646475724E+00,
2462737.500000000, A.D. 2030-Aug-24 00:00:00.0000,  3.673649715105223E-04,  1.567503663706453E-04,  2.406806564135223E+01,  8.349132750801400E+01,  6.708145239788604E+01,  2.462737273936736E+06,  2.851424305526785E+02,  6.446022845782690E+01,  6.449821945207087E+01,  1.568079721268583E-04,  1.568655778830713E-04,  1.262526938913400E+00,
2462738.500000000, A.D. 2030-Aug-25 00:00:00.0000,  3.630794998157971E-04,  1.567621472765164E-04,  2.406800225785016E+01,  8.349273403706590E+01,  5.465231791219703E+01,  2.462738492824044E+06,  2.851121212707983E+02,  2.045951973520736E+00,  2.047438018243226E+00,  1.568190850714856E-04,  1.568760228664549E-04,  1.262661153778424E+00,
2462739.500000000, A.D. 2030-Aug-26 00:00:00.0000,  3.746064467723945E-04,  1.567523593770154E-04,  2.406782513361360E+01,  8.349470274890278E+01,  4.628020936653723E+01,  2.462739725968515E+06,  2.851338941121551E+02,  2.955687175541990E+02,  2.955299868812826E+02,  1.568111018266852E-04,  1.568698442763550E-04,  1.262564736896543E+00,
2462740.500000000, A.D. 2030-Aug-27 00:00:00.0000,  2.569404805141554E-04,  1.567708799583517E-04,  2.406786321001901E+01,  8.349647622317781E+01,  5.319656234830852E+01,  2.462741012646260E+06,  2.851337051808306E+02,  2.138272723959398E+02,  2.138108859952557E+02,  1.568111710960031E-04,  1.568514622336545E-04,  1.262565573479605E+00,
2462741.500000000, A.D. 2030-Aug-28 00:00:00.0000,  2.899473180383339E-04,  1.567736715279370E-04,  2.406767894318183E+01,  8.349811915525787E+01,  6.046459025156905E+01,  2.462741038045122E+06,  2.851119692441983E+02,  1.317088650572773E+02,  1.317336630947146E+02,  1.568191408172341E-04,  1.568646101065311E-04,  1.262661827051042E+00,
2462742.500000000, A.D. 2030-Aug-29 00:00:00.0000,  3.554496835211438E-04,  1.567518814980027E-04,  2.406769338260692E+01,  8.350016701979398E+01,  6.826705701537848E+01,  2.462742327929995E+06,  2.851433945271396E+02,  4.906462546575920E+01,  4.909540502431676E+01,  1.568076187164491E-04,  1.568633559348956E-04,  1.262522670732026E+00,
2462743.500000000, A.D. 2030-Aug-30 00:00:00.0000,  3.754271927805192E-04,  1.567565507852657E-04,  2.406754916198582E+01,  8.350165701390128E+01,  4.898053718952073E+01,  2.462743522705013E+06,  2.851221070315841E+02,  3.535262987493673E+02,  3.535214460153522E+02,  1.568154235595173E-04,  1.568742963337689E-04,  1.262616931910234E+00,
2462744.500000000, A.D. 2030-Aug-31 00:00:00.0000,  3.567284005008003E-04,  1.567600290649792E-04,  2.406746885882492E+01,  8.350367307748768E+01,  4.841952937126456E+01,  2.462744783281189E+06,  2.851206173428597E+02,  2.792306925365897E+02,  2.791903409414923E+02,  1.568159697750500E-04,  1.568719104851209E-04,  1.262623528789211E+00,
2462745.500000000, A.D. 2030-Sep-01 00:00:00.0000,  2.469612945805391E-04,  1.567698291755909E-04,  2.406739223670577E+01,  8.350521579831654E+01,  5.206547861871032E+01,  2.462746058487207E+06,  2.851408411924979E+02,  2.007524879961156E+02,  2.007424634179491E+02,  1.568085548192904E-04,  1.568472804629899E-04,  1.262533976172725E+00,
2462746.500000000, A.D. 2030-Sep-02 00:00:00.0000,  3.146818550839570E-04,  1.567680652790557E-04,  2.406724283448840E+01,  8.350708629313881E+01,  6.471227601278541E+01,  2.462746102718486E+06,  2.851166816559482E+02,  1.132715870876571E+02,  1.133047080778683E+02,  1.568174128734482E-04,  1.568667604678407E-04,  1.262640957762036E+00,
2462747.500000000, A.D. 2030-Sep-03 00:00:00.0000,  3.440005368788490E-04,  1.567591933532808E-04,  2.406727034877272E+01,  8.350880780697253E+01,  6.494927060424034E+01,  2.462747366100958E+06,  2.851283428584138E+02,  3.817841194817019E+01,  3.820278589793681E+01,  1.568131371566523E-04,  1.568670809600239E-04,  1.262589318168083E+00,
2462748.500000000, A.D. 2030-Sep-04 00:00:00.0000,  3.994346550900223E-04,  1.567469343050341E-04,  2.406704728547829E+01,  8.351038699308656E+01,  4.707330129424184E+01,  2.462748565821421E+06,  2.851380736210883E+02,  3.412318068273383E+02,  3.412170732247582E+02,  1.568095694813348E-04,  1.568722046576354E-04,  1.262546230421664E+00,
2462749.500000000, A.D. 2030-Sep-05 00:00:00.0000,  3.239072286331724E-04,  1.567675194648732E-04,  2.406705586523794E+01,  8.351247896102583E+01,  5.068072645805333E+01,  2.462749840988656E+06,  2.851142239690921E+02,  2.627792839735375E+02,  2.627424631789000E+02,  1.568183140503762E-04,  1.568691086358791E-04,  1.262651841737036E+00,
2462750.500000000, A.D. 2030-Sep-06 00:00:00.0000,  2.512093175314612E-04,  1.567715288354935E-04,  2.406690023959644E+01,  8.351381207477996E+01,  5.183343017828906E+01,  2.462751107509925E+06,  2.851343867705191E+02,  1.867780302223381E+02,  1.867746338100751E+02,  1.568109211999896E-04,  1.568503135644857E-04,  1.262562555423152E+00,
2462751.500000000, A.D. 2030-Sep-07 00:00:00.0000,  3.285781962597361E-04,  1.567604985803296E-04,  2.406676562442034E+01,  8.351588987621111E+01,  6.786987489617589E+01,  2.462751163602178E+06,  2.851313800236635E+02,  9.591757504746181E+01,  9.595502510673364E+01,  1.568120235921934E-04,  1.568635486040572E-04,  1.262575869306714E+00,
2462752.500000000, A.D. 2030-Sep-08 00:00:00.0000,  3.530951233868270E-04,  1.567626954390836E-04,  2.406679199696086E+01,  8.351736733617018E+01,  5.930963974901105E+01,  2.462752396094155E+06,  2.851148973555530E+02,  2.962510427998124E+01,  2.964511310696045E+01,  1.568180671338476E-04,  1.568734388286115E-04,  1.262648859596633E+00,
2462753.500000000, A.D. 2030-Sep-09 00:00:00.0000,  4.091645079812420E-04,  1.567443515899807E-04,  2.406653181266440E+01,  8.351899897048663E+01,  4.907725022783735E+01,  2.462753622680317E+06,  2.851409578019300E+02,  3.250188168065289E+02,  3.249919249905457E+02,  1.568085120676681E-04,  1.568726725453556E-04,  1.262533459854863E+00,
2462754.500000000, A.D. 2030-Sep-10 00:00:00.0000,  2.831853787634168E-04,  1.567704193749115E-04,  2.406656187647093E+01,  8.352106783073963E+01,  5.104711892398209E+01,  2.462754892032382E+06,  2.851237339257256E+02,  2.482222634595066E+02,  2.481921327651763E+02,  1.568148270411029E-04,  1.568592347072942E-04,  1.262609727514931E+00,
2462755.500000000, A.D. 2030-Sep-11 00:00:00.0000,  2.649858215160598E-04,  1.567748018897241E-04,  2.406639841249057E+01,  8.352232177865555E+01,  5.402940576227811E+01,  2.462754902414703E+06,  2.851195640010843E+02,  1.703832592590373E+02,  1.703883303066517E+02,  1.568163560006461E-04,  1.568579101115681E-04,  1.262628193408120E+00,
2462756.500000000, A.D. 2030-Sep-12 00:00:00.0000,  3.303618529638418E-04,  1.567564942071004E-04,  2.406627752724596E+01,  8.352444914668213E+01,  6.928498627768100E+01,  2.462756218394180E+06,  2.851415425486925E+02,  8.029751785088058E+01,  8.033483562961369E+01,  1.568082976868843E-04,  1.568601011666682E-04,  1.262530870746497E+00,
2462757.500000000, A.D. 2030-Sep-13 00:00:00.0000,  3.753312675440345E-04,  1.567586600572495E-04,  2.406626600669642E+01,  8.352580775936512E+01,  5.495241961832291E+01,  2.462757430577714E+06,  2.851163933844492E+02,  1.979343192479792E+01,  1.980800276628257E+01,  1.568175185752694E-04,  1.568763770932894E-04,  1.262642234375412E+00,
2462758.500000000, A.D. 2030-Sep-14 00:00:00.0000,  3.904026663095193E-04,  1.567521311293065E-04,  2.406603484158395E+01,  8.352751705915493E+01,  5.135859034672244E+01,  2.462758680504536E+06,  2.851277583138608E+02,  3.085331463184814E+02,  3.084981403718119E+02,  1.568133514798371E-04,  1.568745718303678E-04,  1.262591906620757E+00,
2462759.500000000, A.D. 2030-Sep-15 00:00:00.0000,  2.587177032179293E-04,  1.567682797439518E-04,  2.406601905992894E+01,  8.352936936277372E+01,  4.749312457792775E+01,  2.462759929347653E+06,  2.851400388706173E+02,  2.375757933815539E+02,  2.375507727586294E+02,  1.568088489692014E-04,  1.568494181944510E-04,  1.262537528667977E+00,
2462760.500000000, A.D. 2030-Sep-16 00:00:00.0000,  2.863078273637084E-04,  1.567746078302360E-04,  2.406587609132373E+01,  8.353075439727864E+01,  5.883805822439857E+01,  2.462759969032100E+06,  2.851109720264643E+02,  1.513847739226908E+02,  1.514004817845975E+02,  1.568195064824252E-04,  1.568644051346144E-04,  1.262666243397271E+00,
2462761.500000000, A.D. 2030-Sep-17 00:00:00.0000,  3.274992568475024E-04,  1.567582644003586E-04,  2.406578914326941E+01,  8.353273126539273E+01,  6.837260512414679E+01,  2.462761265014446E+06,  2.851379373718601E+02,  6.700329628119580E+01,  6.703784795344843E+01,  1.568096194341899E-04,  1.568609744680212E-04,  1.262546833711956E+00,
2462762.500000000, A.D. 2030-Sep-18 00:00:00.0000,  3.972404347699785E-04,  1.567506242148088E-04,  2.406570366980189E+01,  8.353404691529283E+01,  5.289737617843218E+01,  2.462762473157030E+06,  2.851289442807502E+02,  7.653707749573341E+00,  7.659773390748877E+00,  1.568129166459948E-04,  1.568752090771808E-04,  1.262586654989079E+00,
2462763.500000000, A.D. 2030-Sep-19 00:00:00.0000,  3.544557477668857E-04,  1.567624713099026E-04,  2.406553917821646E+01,  8.353589290716415E+01,  5.126359899687332E+01,  2.462763729960531E+06,  2.851149267069447E+02,  2.944348202006248E+02,  2.943978338103656E+02,  1.568180563713370E-04,  1.568736414327715E-04,  1.262648729612203E+00,
2462764.500000000, A.D. 2030-Sep-20 00:00:00.0000,  2.646485889218684E-04,  1.567660068218261E-04,  2.406547423262305E+01,  8.353740486717425E+01,  4.426179951132928E+01,  2.462764967838894E+06,  2.851437027769229E+02,  2.265986855454418E+02,  2.265766565685970E+02,  1.568075057069438E-04,  1.568490045920615E-04,  1.262521305903219E+00,
2462765.500000000, A.D. 2030-Sep-21 00:00:00.0000,  3.061364424689829E-04,  1.567684753964694E-04,  2.406531211246214E+01,  8.353907635217068E+01,  6.531744669703045E+01,  2.462765041538511E+06,  2.851192186320045E+02,  1.307161815260062E+02,  1.307427642746299E+02,  1.568164826365843E-04,  1.568644898766992E-04,  1.262629722848118E+00,
2462766.500000000, A.D. 2030-Sep-22 00:00:00.0000,  3.301012123801115E-04,  1.567629352009941E-04,  2.406528346755936E+01,  8.354079749407278E+01,  6.528344770748201E+01,  2.462766303969819E+06,  2.851240806174235E+02,  5.589292510169992E+01,  5.592425261268928E+01,  1.568146999235580E-04,  1.568664646461218E-04,  1.262608192266454E+00,
2462767.500000000, A.D. 2030-Sep-23 00:00:00.0000,  4.100230377891004E-04,  1.567450557491865E-04,  2.406511569326719E+01,  8.354209905752148E+01,  5.287578607873691E+01,  2.462767522894364E+06,  2.851386690086872E+02,  3.534719315625449E+02,  3.534665870990855E+02,  1.568093511957175E-04,  1.568736466422485E-04,  1.262543594145177E+00,
2462768.500000000, A.D. 2030-Sep-24 00:00:00.0000,  3.209334974166912E-04,  1.567670713765923E-04,  2.406500871504695E+01,  8.354407033621187E+01,  4.905749685054784E+01,  2.462768771984988E+06,  2.851167185836409E+02,  2.824525327806931E+02,  2.824166185688788E+02,  1.568173993330161E-04,  1.568677272894398E-04,  1.262640794227545E+00,
2462769.500000000, A.D. 2030-Sep-25 00:00:00.0000,  2.798176069354802E-04,  1.567687237149454E-04,  2.406493601490077E+01,  8.354530322813184E+01,  4.666084187536286E+01,  2.462770026093658E+06,  2.851298007007089E+02,  2.099950202062678E+02,  2.099789951066134E+02,  1.568126026421540E-04,  1.568564815693626E-04,  1.262582862665695E+00,
2462770.500000000, A.D. 2030-Sep-26 00:00:00.0000,  3.077632800409341E-04,  1.567617634353580E-04,  2.406471884385506E+01,  8.354720927901748E+01,  7.063212872734275E+01,  2.462770110001782E+06,  2.851368344381485E+02,  1.112028571960356E+02,  1.112357323166148E+02,  1.568100238026268E-04,  1.568582841698956E-04,  1.262551717351308E+00,
2462771.500000000, A.D. 2030-Sep-27 00:00:00.0000,  3.450574000170666E-04,  1.567642789319418E-04,  2.406474767175037E+01,  8.354872121237712E+01,  6.053934089004336E+01,  2.462771337093835E+06,  2.851140160830709E+02,  4.644683082183019E+01,  4.647549585484794E+01,  1.568183902779660E-04,  1.568725016239901E-04,  1.262652762378088E+00,
2462772.500000000, A.D. 2030-Sep-28 00:00:00.0000,  4.080728380728495E-04,  1.567464314754653E-04,  2.406452612974487E+01,  8.355003420421529E+01,  5.363473067835495E+01,  2.462772575377915E+06,  2.851357495727432E+02,  3.385070617364164E+02,  3.384899207424525E+02,  1.568104215492263E-04,  1.568744116229872E-04,  1.262556521023533E+00,
2462773.500000000, A.D. 2030-Sep-29 00:00:00.0000,  3.002393953129066E-04,  1.567653830049939E-04,  2.406444713187443E+01,  8.355199567672361E+01,  4.611020459574487E+01,  2.462773811415114E+06,  2.851301780614688E+02,  2.712061529802587E+02,  2.711717554333337E+02,  1.568124642844482E-04,  1.568595455639025E-04,  1.262581191677265E+00,
2462774.500000000, A.D. 2030-Sep-30 00:00:00.0000,  2.847063676642276E-04,  1.567736168511967E-04,  2.406438733015282E+01,  8.355314218491405E+01,  5.326122209692553E+01,  2.462775099053897E+06,  2.851143604394132E+02,  1.892011311365097E+02,  1.891959162175661E+02,  1.568182640095263E-04,  1.568629111678558E-04,  1.262651237367260E+00,
2462775.500000000, A.D. 2030-Oct-01 00:00:00.0000,  2.931836276458024E-04,  1.567614577957986E-04,  2.406415193643624E+01,  8.355507341971158E+01,  7.145238167102784E+01,  2.462775162714199E+06,  2.851439060948671E+02,  9.617499072011265E+01,  9.620839084475692E+01,  1.568074311673100E-04,  1.568534045388215E-04,  1.262520405679749E+00,
2462776.500000000, A.D. 2030-Oct-02 00:00:00.0000,  3.763844800150532E-04,  1.567573484270959E-04,  2.406419383933915E+01,  8.355648807993650E+01,  5.644603804635626E+01,  2.462776372503369E+06,  2.851195212513589E+02,  3.635177838551476E+01,  3.637735329292173E+01,  1.568163716756069E-04,  1.568753949241179E-04,  1.262628382721740E+00,
2462777.500000000, A.D. 2030-Oct-03 00:00:00.0000,  3.914628031905008E-04,  1.567538092923373E-04,  2.406396286939770E+01,  8.355788552959415E+01,  5.387300119712803E+01,  2.462777626019037E+06,  2.851227259960967E+02,  3.240691086040933E+02,  3.240427748972352E+02,  1.568151966087847E-04,  1.568765839252320E-04,  1.262614190932393E+00,
2462778.500000000, A.D. 2030-Oct-04 00:00:00.0000,  2.946498159782750E-04,  1.567621972658282E-04,  2.406389101631069E+01,  8.355965115212746E+01,  4.386830899560675E+01,  2.462778853349333E+06,  2.851412612082336E+02,  2.592455254300891E+02,  2.592123563732005E+02,  1.568084008322773E-04,  1.568546043987264E-04,  1.262532116448410E+00,
2462779.500000000, A.D. 2030-Oct-05 00:00:00.0000,  2.821950325043328E-04,  1.567743795973729E-04,  2.406381169592861E+01,  8.356088741678003E+01,  6.038971902984930E+01,  2.462778911163568E+06,  2.851133540392820E+02,  1.678851301782975E+02,  1.678919145149508E+02,  1.568186330366200E-04,  1.568628864758670E-04,  1.262655694304660E+00,
2462780.500000000, A.D. 2030-Oct-06 00:00:00.0000,  2.909902112924892E-04,  1.567658295170934E-04,  2.406363573224473E+01,  8.356267840416268E+01,  6.729737659107917E+01,  2.462780197948374E+06,  2.851329168813845E+02,  8.612486102255414E+01,  8.615813062368237E+01,  1.568114601170059E-04,  1.568570907169184E-04,  1.262569064061307E+00,
2462781.500000000, A.D. 2030-Oct-07 00:00:00.0000,  4.098484923021300E-04,  1.567462925834822E-04,  2.406362912372290E+01,  8.356402314726908E+01,  5.598652045465698E+01,  2.462781420688795E+06,  2.851353687940734E+02,  2.261442958085106E+01,  2.263249754227251E+01,  1.568105611555489E-04,  1.568748297276155E-04,  1.262558207080912E+00,
2462782.500000000, A.D. 2030-Oct-08 00:00:00.0000,  3.617623261678019E-04,  1.567620851944825E-04,  2.406341950994748E+01,  8.356560801544175E+01,  5.275939975399272E+01,  2.462782671888184E+06,  2.851128541573858E+02,  3.109924692787570E+02,  3.109611700049080E+02,  1.568188163342665E-04,  1.568755474740504E-04,  1.262657908090231E+00,
2462783.500000000, A.D. 2030-Oct-09 00:00:00.0000,  2.969391109680215E-04,  1.567625774930768E-04,  2.406336182898066E+01,  8.356707912234477E+01,  4.390831279271394E+01,  2.462783903312761E+06,  2.851392443515536E+02,  2.449997040015356E+02,  2.449688702367621E+02,  1.568091402597772E-04,  1.568557030264776E-04,  1.262541046633865E+00,
2462784.500000000, A.D. 2030-Oct-10 00:00:00.0000,  2.771440049436305E-04,  1.567706264614400E-04,  2.406321020760995E+01,  8.356847944836355E+01,  6.570814385488970E+01,  2.462783979616341E+06,  2.851257535128897E+02,  1.483747829449834E+02,  1.483914308721560E+02,  1.568140865454168E-04,  1.568575466293935E-04,  1.262600784266671E+00,
2462785.500000000, A.D. 2030-Oct-11 00:00:00.0000,  3.162293349293572E-04,  1.567673415533837E-04,  2.406313500307202E+01,  8.357011372482164E+01,  6.280413689044886E+01,  2.462785231957139E+06,  2.851179940140412E+02,  7.642384275391349E+01,  7.645907072054572E+01,  1.568169316673906E-04,  1.568665217813974E-04,  1.262635146002995E+00,
2462786.500000000, A.D. 2030-Oct-12 00:00:00.0000,  4.208318401366676E-04,  1.567419525296370E-04,  2.406305030337030E+01,  8.357133550042261E+01,  5.826248597466000E+01,  2.462786478494379E+06,  2.851425118968421E+02,  6.132166734260249E+00,  6.137320804242195E+00,  1.568079423045451E-04,  1.568739320794531E-04,  1.262526578745437E+00,
2462787.500000000, A.D. 2030-Oct-13 00:00:00.0000,  3.291670190988214E-04,  1.567651819274916E-04,  2.406286689695041E+01,  8.357311202370911E+01,  4.904235859783668E+01,  2.462787708607997E+06,  2.851183507943826E+02,  3.005220319075393E+02,  3.004895320350664E+02,  1.568168008463709E-04,  1.568684197652501E-04,  1.262633566015607E+00,
2462788.500000000, A.D. 2030-Oct-14 00:00:00.0000,  2.974410025627967E-04,  1.567675190288177E-04,  2.406285398976357E+01,  8.357434951191691E+01,  4.654958823199087E+01,  2.462788962398664E+06,  2.851255477473705E+02,  2.281583276914879E+02,  2.281329415446690E+02,  1.568141619903762E-04,  1.568608049519346E-04,  1.262601695443196E+00,
2462789.500000000, A.D. 2030-Oct-15 00:00:00.0000,  2.706038217960869E-04,  1.567671110725295E-04,  2.406261811102134E+01,  8.357587884504471E+01,  6.802785956865416E+01,  2.462789037578164E+06,  2.851381422104828E+02,  1.318541031301540E+02,  1.318771947917594E+02,  1.568095443345205E-04,  1.568519775965115E-04,  1.262545926718761E+00,
2462790.500000000, A.D. 2030-Oct-16 00:00:00.0000,  3.523024031443905E-04,  1.567625410321248E-04,  2.406262600683871E+01,  8.357741947231784E+01,  6.085121902745837E+01,  2.462790274865589E+06,  2.851156577464562E+02,  6.418934567135516E+01,  6.422569603327634E+01,  1.568177883158042E-04,  1.568730355994837E-04,  1.262645492167729E+00,
2462791.500000000, A.D. 2030-Oct-17 00:00:00.0000,  4.041304291869966E-04,  1.567484731729528E-04,  2.406248114742760E+01,  8.357853776239685E+01,  5.942766547799850E+01,  2.462791532399222E+06,  2.851318654581410E+02,  3.507619493782963E+02,  3.507545112245162E+02,  1.568118456114213E-04,  1.568752180498899E-04,  1.262573719782471E+00,
2462792.500000000, A.D. 2030-Oct-18 00:00:00.0000,  3.175678141280998E-04,  1.567607176870252E-04,  2.406231574443301E+01,  8.358035174866198E+01,  4.371051368936449E+01,  2.462792739681066E+06,  2.851354928846557E+02,  2.916584209632698E+02,  2.916245945706556E+02,  1.568105156597156E-04,  1.568603136324060E-04,  1.262557657617282E+00,
2462793.500000000, A.D. 2030-Oct-19 00:00:00.0000,  2.927589216790607E-04,  1.567728335373089E-04,  2.406234967930769E+01,  8.358152180261364E+01,  5.184067065544183E+01,  2.462794030747807E+06,  2.851130524508113E+02,  2.086768727097982E+02,  2.086607793617364E+02,  1.568187436235912E-04,  1.568646537098735E-04,  1.262657029923625E+00,
2462794.500000000, A.D. 2030-Oct-20 00:00:00.0000,  2.691431275156713E-04,  1.567670772280331E-04,  2.406208169948125E+01,  8.358307251044114E+01,  6.722097756014261E+01,  2.462794084568281E+06,  2.851388594673564E+02,  1.184557266521868E+02,  1.184828377334856E+02,  1.568092813684440E-04,  1.568514855088550E-04,  1.262542750828439E+00,
2462795.500000000, A.D. 2030-Oct-21 00:00:00.0000,  3.825357485942757E-04,  1.567537829930786E-04,  2.406212359865662E+01,  8.358454452287724E+01,  6.076461674889820E+01,  2.462795324341062E+06,  2.851266172143804E+02,  5.008503896909151E+01,  5.011867090916316E+01,  1.568137698659242E-04,  1.568737567387697E-04,  1.262596959614345E+00,
2462796.500000000, A.D. 2030-Oct-22 00:00:00.0000,  3.777469367215907E-04,  1.567583518953975E-04,  2.406195060335709E+01,  8.358568407550095E+01,  5.694757893991837E+01,  2.462796573487424E+06,  2.851162006140587E+02,  3.390475449080734E+02,  3.390320590853574E+02,  1.568175892593644E-04,  1.568768266233311E-04,  1.262643088062562E+00,
2462797.500000000, A.D. 2030-Oct-23 00:00:00.0000,  3.298773956308150E-04,  1.567551902937984E-04,  2.406181788720886E+01,  8.358734966348095E+01,  4.171116967618959E+01,  2.462797782479914E+06,  2.851453076110449E+02,  2.794521780117997E+02,  2.794148875500193E+02,  1.568069173513111E-04,  1.568586444088238E-04,  1.262514200272450E+00,
2462798.500000000, A.D. 2030-Oct-24 00:00:00.0000,  2.800435579675026E-04,  1.567739902274911E-04,  2.406182775101147E+01,  8.358858850647459E+01,  5.915264653214911E+01,  2.462799106146235E+06,  2.851153366024304E+02,  1.871784122868136E+02,  1.871744036528594E+02,  1.568179060718605E-04,  1.568618219162298E-04,  1.262646914367816E+00,
2462799.500000000, A.D. 2030-Oct-25 00:00:00.0000,  2.799657398607705E-04,  1.567695463403301E-04,  2.406161150737002E+01,  8.359007437794487E+01,  6.485915470456995E+01,  2.462799126072317E+06,  2.851274930650388E+02,  1.066170629272539E+02,  1.066478017461199E+02,  1.568134487335250E-04,  1.568573511267197E-04,  1.262593081186606E+00,
2462800.500000000, A.D. 2030-Oct-26 00:00:00.0000,  3.992666301559187E-04,  1.567468477138342E-04,  2.406163793841021E+01,  8.359143178864420E+01,  6.170210159127323E+01,  2.462800377435546E+06,  2.851383817923403E+02,  3.494782993845472E+01,  3.497404913190760E+01,  1.568094564971064E-04,  1.568720652803786E-04,  1.262544865889642E+00,
2462801.500000000, A.D. 2030-Oct-27 00:00:00.0000,  3.599408533182609E-04,  1.567623503907466E-04,  2.406144969523412E+01,  8.359270626472468E+01,  5.213582795339222E+01,  2.462801606370228E+06,  2.851129099340329E+02,  3.296724746392651E+02,  3.296516396037020E+02,  1.568187958819527E-04,  1.568752413731588E-04,  1.262657661076427E+00,
2462802.500000000, A.D. 2030-Oct-28 00:00:00.0000,  3.370781951841704E-04,  1.567573622348403E-04,  2.406138911611163E+01,  8.359415832016691E+01,  4.439654251895591E+01,  2.462802841726909E+06,  2.851363005561998E+02,  2.625612533046320E+02,  2.625229541662021E+02,  1.568102195406295E-04,  1.568630768464187E-04,  1.262554081320995E+00,
2462803.500000000, A.D. 2030-Oct-29 00:00:00.0000,  2.581995900263137E-04,  1.567716121430557E-04,  2.406128895826139E+01,  8.359546549084685E+01,  6.475986919050045E+01,  2.462802912980055E+06,  2.851311689980873E+02,  1.673776832805404E+02,  1.673841468028726E+02,  1.568121009632356E-04,  1.568525897834154E-04,  1.262576803739106E+00,
2462804.500000000, A.D. 2030-Oct-30 00:00:00.0000,  3.062040266826020E-04,  1.567698019119897E-04,  2.406118260385591E+01,  8.359691646029731E+01,  6.251147624802832E+01,  2.462804167595024E+06,  2.851155709010439E+02,  9.477383451058996E+01,  9.480880006868308E+01,  1.568178201599783E-04,  1.568658384079669E-04,  1.262645876766045E+00,
2462805.500000000, A.D. 2030-Oct-31 00:00:00.0000,  4.003916891721259E-04,  1.567464849849922E-04,  2.406116706083711E+01,  8.359810202704324E+01,  6.246808479509300E+01,  2.462805429938406E+06,  2.851388901659226E+02,  1.997728518978315E+01,  1.999296787217474E+01,  1.568092701135308E-04,  1.568720552420694E-04,  1.262542614900814E+00,
2462806.500000000, A.D. 2030-Nov-01 00:00:00.0000,  3.539145206382385E-04,  1.567590957991760E-04,  2.406096629484037E+01,  8.359952209249816E+01,  4.772035292370138E+01,  2.462806640645897E+06,  2.851243674302774E+02,  3.198984275249440E+02,  3.198722950006272E+02,  1.568145947613100E-04,  1.568700937234440E-04,  1.262606922181186E+00,
2462807.500000000, A.D. 2030-Nov-02 00:00:00.0000,  3.208672570826864E-04,  1.567660849871664E-04,  2.406099385897691E+01,  8.360083783529441E+01,  4.896506422118584E+01,  2.462807907557625E+06,  2.851194379051425E+02,  2.437973989267708E+02,  2.437644145019013E+02,  1.568164022360174E-04,  1.568667194848684E-04,  1.262628751813721E+00,
2462808.500000000, A.D. 2030-Nov-03 00:00:00.0000,  2.393193890982501E-04,  1.567704272224628E-04,  2.406078184172457E+01,  8.360211177319451E+01,  6.424172157010273E+01,  2.462807960999951E+06,  2.851424788877105E+02,  1.536918100244810E+02,  1.537039610563392E+02,  1.568079544063171E-04,  1.568454815901713E-04,  1.262526724900110E+00,
2462809.500000000, A.D. 2030-Nov-04 00:00:00.0000,  3.462078545926936E-04,  1.567630027153320E-04,  2.406077549541208E+01,  8.360363197947824E+01,  6.176522934743964E+01,  2.462809214735231E+06,  2.851170055927428E+02,  8.133383680574318E+01,  8.137305891885421E+01,  1.568172940942834E-04,  1.568715854732348E-04,  1.262639523207602E+00,
2462810.500000000, A.D. 2030-Nov-05 00:00:00.0000,  3.909123043935178E-04,  1.567523675588448E-04,  2.406072048716366E+01,  8.360465437349158E+01,  6.180399447924771E+01,  2.462810477410522E+06,  2.851268951744103E+02,  6.440867658944519E+00,  6.445895129685598E+00,  1.568136679511441E-04,  1.568749683434433E-04,  1.262595728753649E+00,
2462811.500000000, A.D. 2030-Nov-06 00:00:00.0000,  3.564892470685708E-04,  1.567535733755470E-04,  2.406052399492690E+01,  8.360613006379016E+01,  4.535199937181181E+01,  2.462811682128125E+06,  2.851383333239588E+02,  3.080682900379253E+02,  3.080361204413936E+02,  1.568094742669616E-04,  1.568653751583762E-04,  1.262545080499532E+00,
2462812.500000000, A.D. 2030-Nov-07 00:00:00.0000,  2.911562409233411E-04,  1.567730359769976E-04,  2.406060123061386E+01,  8.360740997526936E+01,  5.318247214422997E+01,  2.462812972116890E+06,  2.851131858223691E+02,  2.253932492594124E+02,  2.253695020188644E+02,  1.568186947186584E-04,  1.568643534603192E-04,  1.262656439272110E+00,
2462813.500000000, A.D. 2030-Nov-08 00:00:00.0000,  2.459139107161000E-04,  1.567718120615710E-04,  2.406036352902575E+01,  8.360859423392229E+01,  6.018869782748737E+01,  2.462812996592642E+06,  2.851358794992233E+02,  1.435394997845078E+02,  1.435562419275086E+02,  1.568103739138609E-04,  1.568489357661509E-04,  1.262555945720540E+00,
2462814.500000000, A.D. 2030-Nov-09 00:00:00.0000,  3.814924014694192E-04,  1.567519062304884E-04,  2.406039691380062E+01,  8.361018581635429E+01,  6.374190803116839E+01,  2.462814271457660E+06,  2.851321842927910E+02,  6.516477669958887E+01,  6.520445759066860E+01,  1.568117287134538E-04,  1.568715511964193E-04,  1.262572307973239E+00,
2462815.500000000, A.D. 2030-Nov-10 00:00:00.0000,  3.757738250007419E-04,  1.567596217682006E-04,  2.406031336736001E+01,  8.361114980050559E+01,  5.893364718973123E+01,  2.462815517115087E+06,  2.851135802904317E+02,  3.551202563178692E+02,  3.551165916748363E+02,  1.568185500745932E-04,  1.568774783809858E-04,  1.262654692327475E+00,
2462816.500000000, A.D. 2030-Nov-11 00:00:00.0000,  3.590788357467871E-04,  1.567520043525338E-04,  2.406015645941708E+01,  8.361257204119933E+01,  4.541633058788770E+01,  2.462816732166618E+06,  2.851415065132157E+02,  2.937996608459974E+02,  2.937620057153263E+02,  1.568083108982466E-04,  1.568646174439595E-04,  1.262531030302019E+00,
2462817.500000000, A.D. 2030-Nov-12 00:00:00.0000,  2.633995641557772E-04,  1.567741167151150E-04,  2.406020763865435E+01,  8.361382687928197E+01,  5.604475584991861E+01,  2.462818031902958E+06,  2.851221117515625E+02,  2.083427054833632E+02,  2.083283802521579E+02,  1.568154218288777E-04,  1.568567269426403E-04,  1.262616911008576E+00,
2462818.500000000, A.D. 2030-Nov-13 00:00:00.0000,  2.771629986995143E-04,  1.567726374264814E-04,  2.406003131088894E+01,  8.361498089380275E+01,  5.963814135568786E+01,  2.462818044423145E+06,  2.851202593271847E+02,  1.298941910079932E+02,  1.299185532387627E+02,  1.568161010472921E-04,  1.568595646681027E-04,  1.262625114222025E+00,
2462819.500000000, A.D. 2030-Nov-14 00:00:00.0000,  3.900621096739851E-04,  1.567462704713918E-04,  2.406005952121018E+01,  8.361648032985937E+01,  6.685890936341656E+01,  2.462819332208457E+06,  2.851438953396503E+02,  4.784473419959290E+01,  4.787788083046795E+01,  1.568074351103436E-04,  1.568685997492953E-04,  1.262520453300200E+00,
2462820.500000000, A.D. 2030-Nov-15 00:00:00.0000,  3.640687905246378E-04,  1.567614704314337E-04,  2.405994818118773E+01,  8.361752121196201E+01,  5.351439420071150E+01,  2.462820547861177E+06,  2.851135445605451E+02,  3.463541302753601E+02,  3.463442835177532E+02,  1.568185631760610E-04,  1.568756559206883E-04,  1.262654850560957E+00,
2462821.500000000, A.D. 2030-Nov-16 00:00:00.0000,  3.523707024766641E-04,  1.567568949332566E-04,  2.405987231659256E+01,  8.361887083522247E+01,  4.702772547971896E+01,  2.462821787632534E+06,  2.851310326863085E+02,  2.779870384991694E+02,  2.779470490393934E+02,  1.568121509410405E-04,  1.568674069488245E-04,  1.262577407335594E+00,
2462822.500000000, A.D. 2030-Nov-17 00:00:00.0000,  2.450543411576503E-04,  1.567721910793168E-04,  2.405983599502735E+01,  8.362003901734353E+01,  5.667046898693233E+01,  2.462823083862847E+06,  2.851352131990034E+02,  1.935201426986261E+02,  1.935135796380156E+02,  1.568106182020468E-04,  1.568490453247768E-04,  1.262558896044686E+00,
2462823.500000000, A.D. 2030-Nov-18 00:00:00.0000,  3.127568256407974E-04,  1.567693236294511E-04,  2.405974294227356E+01,  8.362127916901396E+01,  6.234936120203157E+01,  2.462823103680971E+06,  2.851140723529213E+02,  1.129961323304334E+02,  1.130291184782595E+02,  1.568183696449434E-04,  1.568674156604357E-04,  1.262652513182103E+00,
2462824.500000000, A.D. 2030-Nov-19 00:00:00.0000,  3.758154176754545E-04,  1.567508397321979E-04,  2.405976467354826E+01,  8.362253207491170E+01,  6.757158628566918E+01,  2.462824384523509E+06,  2.851375232539422E+02,  3.292668073019647E+01,  3.295009875543341E+01,  1.568097712618802E-04,  1.568687027915626E-04,  1.262548667364925E+00,
2462825.500000000, A.D. 2030-Nov-20 00:00:00.0000,  3.710711930815341E-04,  1.567547556072392E-04,  2.405962029404811E+01,  8.362368623677699E+01,  4.816865286047580E+01,  2.462825578879146E+06,  2.851288686561701E+02,  3.375092782520881E+02,  3.374930053183566E+02,  1.568129443735986E-04,  1.568711331399580E-04,  1.262586989864275E+00,
2462826.500000000, A.D. 2030-Nov-21 00:00:00.0000,  3.325773996371330E-04,  1.567651452246701E-04,  2.405964586050105E+01,  8.362504667290271E+01,  4.961463964139431E+01,  2.462826846495308E+06,  2.851169919022431E+02,  2.612083001536184E+02,  2.611706397653420E+02,  1.568172991142276E-04,  1.568694530037852E-04,  1.262639583835928E+00,
2462827.500000000, A.D. 2030-Nov-22 00:00:00.0000,  2.413509946660399E-04,  1.567713323123958E-04,  2.405952558755706E+01,  8.362607515991478E+01,  5.568004941782768E+01,  2.462828130192922E+06,  2.851391404205991E+02,  1.803073317412444E+02,  1.803071834370545E+02,  1.568091783635666E-04,  1.568470244147374E-04,  1.262541506820060E+00,
2462828.500000000, A.D. 2030-Nov-23 00:00:00.0000,  3.400074413703931E-04,  1.567617592223350E-04,  2.405948721966783E+01,  8.362746989604518E+01,  6.548179812332144E+01,  2.462828164439221E+06,  2.851230508007432E+02,  9.567611303578397E+01,  9.571488235105427E+01,  1.568150775156094E-04,  1.568683958088838E-04,  1.262612752595665E+00,
2462829.500000000, A.D. 2030-Nov-24 00:00:00.0000,  3.640517094056218E-04,  1.567589370991314E-04,  2.405951427189500E+01,  8.362849161369091E+01,  6.392365585255443E+01,  2.462829421513067E+06,  2.851204633430292E+02,  2.237823081417015E+01,  2.239412005382856E+01,  1.568160262415468E-04,  1.568731153839623E-04,  1.262624210759938E+00,
2462830.500000000, A.D. 2030-Nov-25 00:00:00.0000,  3.894546320229767E-04,  1.567466130025571E-04,  2.405934841845477E+01,  8.362968613628574E+01,  4.703586061950018E+01,  2.462830624707817E+06,  2.851432206007897E+02,  3.244404115605241E+02,  3.244144477712957E+02,  1.568076824808361E-04,  1.568687519591150E-04,  1.262523440822086E+00,
2462831.500000000, A.D. 2030-Nov-26 00:00:00.0000,  2.985604618898719E-04,  1.567714711314483E-04,  2.405943792125656E+01,  8.363110575764202E+01,  5.258958147155228E+01,  2.462831906685869E+06,  2.851142871784506E+02,  2.440480483518627E+02,  2.440172908111028E+02,  1.568182908728041E-04,  1.568651106141599E-04,  1.262651561809244E+00,
2462832.500000000, A.D. 2030-Nov-27 00:00:00.0000,  2.524231488696154E-04,  1.567729252077813E-04,  2.405930230682478E+01,  8.363200567049063E+01,  5.554965111702850E+01,  2.462831916979512E+06,  2.851300579714327E+02,  1.662366656796908E+02,  1.662435453079861E+02,  1.568125083149123E-04,  1.568520914220433E-04,  1.262581723446598E+00,
2462833.500000000, A.D. 2030-Nov-28 00:00:00.0000,  3.538871088745222E-04,  1.567545341770196E-04,  2.405928735659263E+01,  8.363350221587939E+01,  6.805341909677242E+01,  2.462833223260995E+06,  2.851368251056883E+02,  7.890848127870468E+01,  7.894827966429789E+01,  1.568100272241965E-04,  1.568655202713735E-04,  1.262551758674324E+00,
2462834.500000000, A.D. 2030-Nov-29 00:00:00.0000,  3.691299650542901E-04,  1.567613533003572E-04,  2.405931321923806E+01,  8.363441679687210E+01,  5.844655711206519E+01,  2.462834452058343E+06,  2.851116988109994E+02,  1.366872719440440E+01,  1.367872730461515E+01,  1.568192399809312E-04,  1.568771266615052E-04,  1.262663024706833E+00,
2462835.500000000, A.D. 2030-Nov-30 00:00:00.0000,  3.919340021533660E-04,  1.567473360696635E-04,  2.405917155326148E+01,  8.363560172952752E+01,  4.941121351715493E+01,  2.462835682859188E+06,  2.851401867088073E+02,  3.078594969052905E+02,  3.078240271451475E+02,  1.568087947681698E-04,  1.568702534666761E-04,  1.262536874073248E+00,
2462836.500000000, A.D. 2030-Dec-01 00:00:00.0000,  2.600377617595137E-04,  1.567728204098392E-04,  2.405924339639652E+01,  8.363698859665126E+01,  5.315863230296439E+01,  2.462836958428324E+06,  2.851270863209879E+02,  2.292896676871251E+02,  2.292670849924942E+02,  1.568135978668419E-04,  1.568543753238447E-04,  1.262594882321080E+00,
2462837.500000000, A.D. 2030-Dec-02 00:00:00.0000,  2.751271892960614E-04,  1.567742334577431E-04,  2.405916295541331E+01,  8.363787144104673E+01,  5.749411321922881E+01,  2.462836973548661E+06,  2.851167762664201E+02,  1.501001087189055E+02,  1.501158199321108E+02,  1.568173781822351E-04,  1.568605229067271E-04,  1.262640538779125E+00,
2462838.500000000, A.D. 2030-Dec-03 00:00:00.0000,  3.550518416460904E-04,  1.567525890322558E-04,  2.405916255096455E+01,  8.363931897579064E+01,  6.924482866307085E+01,  2.462838277254175E+06,  2.851416341738015E+02,  6.351410844216878E+01,  6.355053136739041E+01,  1.568082640952081E-04,  1.568639391581605E-04,  1.262530465055027E+00,
2462839.500000000, A.D. 2030-Dec-04 00:00:00.0000,  3.836189653594217E-04,  1.567563978560419E-04,  2.405916356162432E+01,  8.364022327167771E+01,  5.427531724504148E+01,  2.462839487185199E+06,  2.851190194761204E+02,  3.653743563481767E+00,  3.656546295762739E+00,  1.568165556608758E-04,  1.568767134657097E-04,  1.262630604796082E+00,
2462840.500000000, A.D. 2030-Dec-05 00:00:00.0000,  3.671615444333853E-04,  1.567570004415755E-04,  2.405909373466691E+01,  8.364144209016433E+01,  5.162127287605488E+01,  2.462840740414801E+06,  2.851244166248105E+02,  2.914518702251161E+02,  2.914127046855767E+02,  1.568145767237550E-04,  1.568721530059346E-04,  1.262606704334679E+00,
2462841.500000000, A.D. 2030-Dec-06 00:00:00.0000,  2.417212674054100E-04,  1.567705843072896E-04,  2.405910391922459E+01,  8.364263699060560E+01,  4.933623785561724E+01,  2.462841994801125E+06,  2.851410227567029E+02,  2.189119010641976E+02,  2.188945065919234E+02,  1.568084882538103E-04,  1.568463922003310E-04,  1.262533172251299E+00,
2462842.500000000, A.D. 2030-Dec-07 00:00:00.0000,  3.058785981525336E-04,  1.567704514541565E-04,  2.405908154670953E+01,  8.364368418092543E+01,  6.169495651071221E+01,  2.462842038029856E+06,  2.851139381559660E+02,  1.317141271078575E+02,  1.317402851954326E+02,  1.568184188522795E-04,  1.568663862504025E-04,  1.262653107485293E+00,
2462843.500000000, A.D. 2030-Dec-08 00:00:00.0000,  3.518547955629188E-04,  1.567564292776405E-04,  2.405910984788526E+01,  8.364494730023375E+01,  6.828774811947177E+01,  2.462843323697160E+06,  2.851325239192864E+02,  5.026967376985925E+01,  5.030069072584289E+01,  1.568116041925756E-04,  1.568667791075106E-04,  1.262570804100575E+00,
2462844.500000000, A.D. 2030-Dec-09 00:00:00.0000,  3.976887857372193E-04,  1.567488908716473E-04,  2.405906895769790E+01,  8.364586670006794E+01,  5.238947774671633E+01,  2.462844530353209E+06,  2.851334819295005E+02,  3.513452837220755E+02,  3.513384227311890E+02,  1.568112529484223E-04,  1.568736150251973E-04,  1.262566562032200E+00,
2462845.500000000, A.D. 2030-Dec-10 00:00:00.0000,  3.292775873648469E-04,  1.567665958072358E-04,  2.405907625861069E+01,  8.364718785400295E+01,  5.155592622907366E+01,  2.462845789954102E+06,  2.851144462720230E+02,  2.773298968904143E+02,  2.772924708448917E+02,  1.568182325365003E-04,  1.568698692657648E-04,  1.262650857250951E+00,
2462846.500000000, A.D. 2030-Dec-11 00:00:00.0000,  2.535414496860250E-04,  1.567694975783377E-04,  2.405905851015092E+01,  8.364812298578163E+01,  4.679354956620524E+01,  2.462847035705091E+06,  2.851389307775410E+02,  2.072496232696360E+02,  2.072363242507409E+02,  1.568092552242314E-04,  1.568490128701251E-04,  1.262542435080055E+00,
2462847.500000000, A.D. 2030-Dec-12 00:00:00.0000,  3.299969218277421E-04,  1.567618720860615E-04,  2.405903819911364E+01,  8.364942548262533E+01,  6.728100644586719E+01,  2.462847107404110E+06,  2.851270256881468E+02,  1.119396985530945E+02,  1.119747693643810E+02,  1.568136200979945E-04,  1.568653681099275E-04,  1.262595150814446E+00,
2462848.500000000, A.D. 2030-Dec-13 00:00:00.0000,  3.525575257466921E-04,  1.567618370383514E-04,  2.405911520010229E+01,  8.365048586841817E+01,  6.505787984522479E+01,  2.462848362137999E+06,  2.851174692174017E+02,  3.930686478136251E+01,  3.933246591688099E+01,  1.568171240956173E-04,  1.568724111528831E-04,  1.262637470050986E+00,
2462849.500000000, A.D. 2030-Dec-14 00:00:00.0000,  4.030994119813801E-04,  1.567453477779042E-04,  2.405904218938769E+01,  8.365140633272770E+01,  5.251733198776815E+01,  2.462849580607784E+06,  2.851408346576532E+02,  3.370154293203621E+02,  3.369973838306720E+02,  1.568085572151113E-04,  1.568717666523184E-04,  1.262534005107422E+00,
2462850.500000000, A.D. 2030-Dec-15 00:00:00.0000,  2.964643199037839E-04,  1.567697776666675E-04,  2.405909381118220E+01,  8.365281032629940E+01,  4.957279447549536E+01,  2.462850832747148E+06,  2.851198037431814E+02,  2.651271984235464E+02,  2.650933499674482E+02,  1.568162680949381E-04,  1.568627585232086E-04,  1.262627131731145E+00,
2462851.500000000, A.D. 2030-Dec-16 00:00:00.0000,  2.737211201596644E-04,  1.567720269027386E-04,  2.405910780524266E+01,  8.365358107818264E+01,  5.034439900317398E+01,  2.462852097983376E+06,  2.851233973040344E+02,  1.895009482054445E+02,  1.894957725354339E+02,  1.568149504666381E-04,  1.568578740305376E-04,  1.262611218174153E+00,
2462852.500000000, A.D. 2030-Dec-17 00:00:00.0000,  3.306000103022856E-04,  1.567560312485259E-04,  2.405905807976482E+01,  8.365502250002112E+01,  7.163189173746392E+01,  2.462852172481500E+06,  2.851427038454465E+02,  9.338951076151226E+01,  9.342732753376661E+01,  1.568078719326023E-04,  1.568597126166787E-04,  1.262525728854447E+00,
2462853.500000000, A.D. 2030-Dec-18 00:00:00.0000,  3.643986914580908E-04,  1.567620939707990E-04,  2.405917966682595E+01,  8.365597979129998E+01,  5.998251937336348E+01,  2.462853394085995E+06,  2.851117023147048E+02,  3.019732225007439E+01,  3.021833344564416E+01,  1.568192386961753E-04,  1.568763834215516E-04,  1.262663009190110E+00,
2462854.500000000, A.D. 2030-Dec-19 00:00:00.0000,  3.948146470745608E-04,  1.567490030164836E-04,  2.405910789336720E+01,  8.365691092275299E+01,  5.332687379015876E+01,  2.462854633256230E+06,  2.851344056931809E+02,  3.220040641388666E+02,  3.219762018141645E+02,  1.568109142622555E-04,  1.568728255080273E-04,  1.262562471634441E+00,
2462855.500000000, A.D. 2030-Dec-20 00:00:00.0000,  2.777584283320252E-04,  1.567678598151195E-04,  2.405916589446866E+01,  8.365826659090814E+01,  4.673482852451301E+01,  2.462855872556415E+06,  2.851330385529268E+02,  2.537718573038851E+02,  2.537412996675456E+02,  1.568114155074354E-04,  1.568549711997513E-04,  1.262568525299730E+00,
2462856.500000000, A.D. 2030-Dec-21 00:00:00.0000,  2.868411131187458E-04,  1.567738554446203E-04,  2.405922670343022E+01,  8.365904595138011E+01,  5.729179167608845E+01,  2.462855909475199E+06,  2.851127963409643E+02,  1.683661771933438E+02,  1.683728032172849E+02,  1.568188375345367E-04,  1.568638196244531E-04,  1.262658164137532E+00,
2462857.500000000, A.D. 2030-Dec-22 00:00:00.0000,  3.165666866113361E-04,  1.567583099456251E-04,  2.405918562236358E+01,  8.366041935818772E+01,  7.177529548669798E+01,  2.462857222802249E+06,  2.851424905823835E+02,  7.904085710792205E+01,  7.907647409204380E+01,  1.568079501188285E-04,  1.568575902920320E-04,  1.262526673119553E+00,
2462858.500000000, A.D. 2030-Dec-23 00:00:00.0000,  3.914112014656025E-04,  1.567537920918580E-04,  2.405931361603483E+01,  8.366136903166775E+01,  5.592343674361219E+01,  2.462858429610969E+06,  2.851227950034444E+02,  2.006951739174024E+01,  2.008491602553580E+01,  1.568151713064671E-04,  1.568765505210763E-04,  1.262613885345965E+00,
2462859.500000000, A.D. 2030-Dec-24 00:00:00.0000,  3.727144413250686E-04,  1.567575427842496E-04,  2.405927562995296E+01,  8.366239512223051E+01,  5.365235031641154E+01,  2.462859684185730E+06,  2.851205611788077E+02,  3.074848612392856E+02,  3.074509606965194E+02,  1.568159903684906E-04,  1.568744379527316E-04,  1.262623777505240E+00,
2462860.500000000, A.D. 2030-Dec-25 00:00:00.0000,  2.748667202141795E-04,  1.567657388235341E-04,  2.405932763708456E+01,  8.366355988378449E+01,  4.475248869836471E+01,  2.462860915399497E+06,  2.851400623661186E+02,  2.415529616079520E+02,  2.415252718009720E+02,  1.568088403551831E-04,  1.568519418868321E-04,  1.262537424635061E+00,
2462861.500000000, A.D. 2030-Dec-26 00:00:00.0000,  2.940664606369585E-04,  1.567707679294041E-04,  2.405939159821968E+01,  8.366447655048742E+01,  6.384153401183142E+01,  2.462860982209830E+06,  2.851181280642917E+02,  1.476313639400398E+02,  1.476493988048383E+02,  1.568168825150135E-04,  1.568629971006228E-04,  1.262634552366390E+00,
2462862.500000000, A.D. 2030-Dec-27 00:00:00.0000,  3.178739026860295E-04,  1.567638824833866E-04,  2.405941771854692E+01,  8.366568502254701E+01,  6.769182867931717E+01,  2.462862258264058E+06,  2.851267273740510E+02,  6.892537814553815E+01,  6.895937225934054E+01,  1.568137294755698E-04,  1.568635764677530E-04,  1.262596471805761E+00,
2462863.500000000, A.D. 2030-Dec-28 00:00:00.0000,  4.169026810869144E-04,  1.567437822374912E-04,  2.405951041790703E+01,  8.366660474543079E+01,  5.581497373035052E+01,  2.462863479025949E+06,  2.851392003409343E+02,  5.980524031632189E+00,  5.985504155722214E+00,  1.568091563952114E-04,  1.568745305529315E-04,  1.262541241504347E+00,
2462864.500000000, A.D. 2030-Dec-29 00:00:00.0000,  3.377839006514598E-04,  1.567654029618608E-04,  2.405951485080537E+01,  8.366781875358153E+01,  5.254961491574520E+01,  2.462864730076016E+06,  2.851140613382057E+02,  2.944020926596336E+02,  2.943668370961631E+02,  1.568183736838175E-04,  1.568713444057743E-04,  1.262652561961732E+00,
2462865.500000000, A.D. 2030-Dec-30 00:00:00.0000,  2.798620188666113E-04,  1.567673348126834E-04,  2.405959124067670E+01,  8.366875526589831E+01,  4.540107097151342E+01,  2.462865967490827E+06,  2.851335709301713E+02,  2.267026712294117E+02,  2.266793362579224E+02,  1.568112203173823E-04,  1.568551058220813E-04,  1.262566167938756E+00,
2462866.500000000, A.D. 2030-Dec-31 00:00:00.0000,  2.956327234369807E-04,  1.567651641596606E-04,  2.405960728818241E+01,  8.366983697600951E+01,  6.827637131759418E+01,  2.462866047564138E+06,  2.851327459773267E+02,  1.290042795904320E+02,  1.290305992606457E+02,  1.568115227772055E-04,  1.568578813947504E-04,  1.262569820825233E+00,
2462867.500000000, A.D. 2031-Jan-01 00:00:00.0000,  3.432976876869379E-04,  1.567647086848499E-04,  2.405972055066083E+01,  8.367093370784298E+01,  6.346548612412631E+01,  2.462867293192388E+06,  2.851135965065970E+02,  5.896366204373285E+01,  5.899737676353037E+01,  1.568185441284356E-04,  1.568723795720214E-04,  1.262654620512530E+00,
2462868.500000000, A.D. 2031-Jan-02 00:00:00.0000,  4.180836228679417E-04,  1.567426786752915E-04,  2.405977197571576E+01,  8.367176423266011E+01,  5.807331924640594E+01,  2.462868536762175E+06,  2.851417063569418E+02,  3.495175708215470E+02,  3.495088500915641E+02,  1.568082376313760E-04,  1.568737965874604E-04,  1.262530145447577E+00,
$$EOE
**************************************************************************************************************************************************************************************************************************************************************************************************************************************************
 
TIME

  Barycentric Dynamical Time ("TDB" or T_eph) output was requested. This
continuous coordinate time is equivalent to the relativistic proper time
of a clock at rest in a reference frame co-moving with the solar system
barycenter but outside the system's gravity well. It is the independent
variable in the solar system relativistic equations of motion.

  TDB runs at a uniform rate of one SI second per second and is independent
of irregularities in Earth's rotation.
 
CALENDAR SYSTEM

  Mixed calendar mode was active such that calendar dates after AD 1582-Oct-15
(if any) are in the modern Gregorian system. Dates prior to 1582-Oct-5 (if any)
are in the Julian calendar system, which is automatically extended for dates
prior to its adoption on 45-Jan-1 BC.  The Julian calendar is useful for
matching historical dates. The Gregorian calendar more accurately corresponds
to the Earth's orbital motion and seasons. A "Gregorian-only" calendar mode is
available if such physical events are the primary interest.

REFERENCE FRAME AND COORDINATES

  Ecliptic at the standard reference epoch

    Reference epoch: J2000.0
    X-Y plane: adopted Earth orbital plane at the reference epoch
               Note: IAU76 obliquity of 84381.448 arcseconds wrt ICRF X-Y plane
    X-axis   : ICRF
    Z-axis   : perpendicular to the X-Y plane in the directional (+ or -) sense
               of Earth's north pole at the reference epoch.

  Symbol meaning [1 au= 149597870.700 km, 1 day= 86400.0 s]:

    JDTDB    Julian Day Number, Barycentric Dynamical Time
      EC     Eccentricity, e
      QR     Periapsis distance, q (au)
      IN     Inclination w.r.t X-Y plane, i (degrees)
      OM     Longitude of Ascending Node, OMEGA, (degrees)
      W      Argument of Perifocus, w (degrees)
      Tp     Time of periapsis (Julian Day Number)
      N      Mean motion, n (degrees/day)
      MA     Mean anomaly, M (degrees)
      TA     True anomaly, nu (degrees)
      A      Semi-major axis, a (au)
      AD     Apoapsis distance (au)
      PR     Sidereal orbit period (day)

ABERRATIONS AND CORRECTIONS

 Geometric osculating elements have NO corrections or aberrations applied.

Computations by ...

    Solar System Dynamics Group, Horizons On-Line Ephemeris System
    4800 Oak Grove Drive, Jet Propulsion Laboratory
    Pasadena, CA  91109   USA

    General site: https://ssd.jpl.nasa.gov/
    Mailing list: https://ssd.jpl.nasa.gov/email_list.html
    System news : https://ssd.jpl.nasa.gov/horizons/news.html
    User Guide  : https://ssd.jpl.nasa.gov/horizons/manual.html
    Connect     : browser        https://ssd.jpl.nasa.gov/horizons/app.html#/x
                  API            https://ssd-api.jpl.nasa.gov/doc/horizons.html
                  command-line   telnet ssd.jpl.nasa.gov 6775
                  e-mail/batch   https://ssd.jpl.nasa.gov/ftp/ssd/horizons_batch.txt
                  scripts        https://ssd.jpl.nasa.gov/ftp/ssd/SCRIPTS
    Inquiries   : Jon.D.Giorgini@jpl.nasa.gov
*******************************************************************************
