*******************************************************************************
 Revised: Mar 12, 2021           Ganymede / (Jupiter)                       503

 SATELLITE PHYSICAL PROPERTIES:
  Mean radius (km)       = 2631.2   +- 1.7    Density (g cm^-3)= 1.942 +- 0.005
  GM (km^3/s^2)          = 9887.8328+- 0.0074 Geometric Albedo = 0.43  +- 0.02
                                              V(1,0)           = -2.09

 SATELLITE ORBIT (at J2000.0 epoch, 2000-Jan-1.5):
  Semi-major axis, a (km) ~ 1,070,000         Orbital period   ~ 7.155 d
  Eccentricity, e         ~ 0.00146           Rotational period= Synchronous
  Inclination, i  (deg)   ~ 0.207 
*******************************************************************************


*******************************************************************************
Ephemeris / API_USER Mon Sep 28 12:59:40 2026 Pasadena, USA      / Horizons
*******************************************************************************
Target body name: Ganymede (503)                  {source: jup365_merged}
Center body name: Jupiter (599)                   {source: jup365_merged}
Center-site name: BODY CENTER
*******************************************************************************
Start time      : A.D. 2025-Jan-01 00:00:00.0000 TDB
Stop  time      : A.D. 2031-Jan-02 00:00:00.0000 TDB
Step-size       : 1440 minutes
*******************************************************************************
Center geodetic : 0.0, 0.0, 0.0                   {W-lon(deg),Lat(deg),Alt(km)}
Center cylindric: 0.0, 0.0, 0.0                   {W-lon(deg),Dxy(km),Dz(km)}
Center radii    : 71492.0, 71492.0, 66854.0 km    {Equator_a, b, pole_c}
Keplerian GM    : 2.8249813908371218E-07 au^3/d^2
Output units    : AU-D, deg, Julian Day Number (Tp)
Calendar mode   : Mixed Julian/Gregorian
Output type     : GEOMETRIC osculating elements
Output format   : 10
Reference frame : Ecliptic of J2000.0
*******************************************************************************
            JDTDB,            Calendar Date (TDB),                     EC,                     QR,                     IN,                     OM,                      W,                     Tp,                      N,                     MA,                     TA,                      A,                     AD,                     PR,
**************************************************************************************************************************************************************************************************************************************************************************************************************************************************
$$SOE
2460676.500000000, A.D. 2025-Jan-01 00:00:00.0000,  1.723569500229484E-03,  7.144239398373694E-03,  2.332721144446764E+00,  3.394869144536639E+02,  2.754303249978196E-02,  2.460676584990449E+06,  5.030054095891996E+01,  3.557249344187845E+02,  3.557101796462751E+02,  7.156574251479675E-03,  7.168909104585655E-03,  7.156980683249691E+00,
2460677.500000000, A.D. 2025-Jan-02 00:00:00.0000,  1.807750512718192E-03,  7.145079794327594E-03,  2.332713148219674E+00,  3.394868967597598E+02,  1.069181000409842E+01,  2.460676796210746E+06,  5.028530554811624E+01,  3.539025768380487E+01,  3.551045008294513E+01,  7.158019708125005E-03,  7.170959621922415E-03,  7.159149100834808E+00,
2460678.500000000, A.D. 2025-Jan-03 00:00:00.0000,  1.582534679884106E-03,  7.143536150437626E-03,  2.332719763200058E+00,  3.394867113010642E+02,  3.598397798457489E+02,  2.460676581176478E+06,  5.031863043825984E+01,  9.655257167331061E+01,  9.673269120786203E+01,  7.154858962876057E-03,  7.166181775314487E-03,  7.154407758408971E+00,
2460679.500000000, A.D. 2025-Jan-04 00:00:00.0000,  1.395502064713476E-03,  7.146951171838279E-03,  2.332740401177961E+00,  3.394856911232421E+02,  6.425010684003439E+00,  2.460676710839925E+06,  5.029669892847667E+01,  1.402855445558127E+02,  1.403875857325707E+02,  7.156938694563571E-03,  7.166926217288863E-03,  7.157527385881331E+00,
2460680.500000000, A.D. 2025-Jan-05 00:00:00.0000,  1.569666063558901E-03,  7.143867069250499E-03,  2.332790792844345E+00,  3.394855451577696E+02,  3.582730759195854E+02,  2.460683704425375E+06,  5.031610695479515E+01,  1.987657901127136E+02,  1.987080330216304E+02,  7.155098184051436E-03,  7.166329298852372E-03,  7.154766570542313E+00,
2460681.500000000, A.D. 2025-Jan-06 00:00:00.0000,  1.358927172727882E-03,  7.147893097033666E-03,  2.332746011356171E+00,  3.394841553648254E+02,  3.487958482450086E+02,  2.460683517409828E+06,  5.028952009224177E+01,  2.585454279412971E+02,  2.583928595956397E+02,  7.157619781046185E-03,  7.167346465058703E-03,  7.158549123946357E+00,
2460682.500000000, A.D. 2025-Jan-07 00:00:00.0000,  1.600361871035599E-03,  7.146387169710585E-03,  2.332747823499985E+00,  3.394818140355969E+02,  3.497855076317998E+02,  2.460683536494758E+06,  5.028717497193672E+01,  3.078776067357026E+02,  3.077326763511898E+02,  7.157842307618583E-03,  7.169297445526580E-03,  7.158882959738774E+00,
2460683.500000000, A.D. 2025-Jan-08 00:00:00.0000,  1.509000017833067E-03,  7.145468969538489E-03,  2.332861908221199E+00,  3.394796960090709E+02,  3.590103984259688E+02,  2.460683719322293E+06,  5.030377224377783E+01,  3.489672613315468E+02,  3.489341085379994E+02,  7.156267777742724E-03,  7.167066585946958E-03,  7.156520951458647E+00,
2460684.500000000, A.D. 2025-Jan-09 00:00:00.0000,  1.658519781256536E-03,  7.146056085317271E-03,  2.332860099633879E+00,  3.394796639361285E+02,  1.084988835086238E+01,  2.460683953922091E+06,  5.028627563126143E+01,  2.746022427596578E+01,  2.754802511138951E+01,  7.157927649917463E-03,  7.169799214517656E-03,  7.159010992180123E+00,
2460685.500000000, A.D. 2025-Jan-10 00:00:00.0000,  1.372360635816596E-03,  7.145031905099021E-03,  2.332868074568148E+00,  3.394796431075472E+02,  1.159090017674308E+00,  2.460683761773905E+06,  5.031871506385826E+01,  8.746530358979282E+01,  8.762242239708992E+01,  7.154850940885427E-03,  7.164669976671832E-03,  7.154395726185232E+00,
2460686.500000000, A.D. 2025-Jan-11 00:00:00.0000,  1.237247220469559E-03,  7.148205230019465E-03,  2.332884174252646E+00,  3.394785129165181E+02,  1.126249531750370E+01,  2.460683961468487E+06,  5.029541722855698E+01,  1.276765016109700E+02,  1.277886092728103E+02,  7.157060282961292E-03,  7.165915335903121E-03,  7.157709784254408E+00,
2460687.500000000, A.D. 2025-Jan-12 00:00:00.0000,  1.352258984957044E-03,  7.145679458211618E-03,  2.332937371319595E+00,  3.394782191881868E+02,  9.246760920386924E-01,  2.460690911798685E+06,  5.031339439297317E+01,  1.883408271592506E+02,  1.883183863667479E+02,  7.155355351776617E-03,  7.165031245341616E-03,  7.155152307717843E+00,
2460688.500000000, A.D. 2025-Jan-13 00:00:00.0000,  1.169141219428315E-03,  7.148771925700040E-03,  2.332912459352079E+00,  3.394774675924486E+02,  3.551726980449632E+02,  2.460690798565008E+06,  5.029458080886242E+01,  2.443946364428464E+02,  2.442738963574211E+02,  7.157139632657784E-03,  7.165507339615527E-03,  7.157828819930521E+00,
2460689.500000000, A.D. 2025-Jan-14 00:00:00.0000,  1.468362909080310E-03,  7.147152674107661E-03,  2.332904754477496E+00,  3.394765254683073E+02,  3.526114909756499E+02,  2.460690747065902E+06,  5.028906755532408E+01,  2.972862186074861E+02,  2.971365537816381E+02,  7.157662720562241E-03,  7.168172767016823E-03,  7.158613541679934E+00,
2460690.500000000, A.D. 2025-Jan-15 00:00:00.0000,  1.440628902386260E-03,  7.145785288970907E-03,  2.332991678915496E+00,  3.394746496745501E+02,  3.108876282793335E+00,  2.460690955086093E+06,  5.030559864684492E+01,  3.371066216421411E+02,  3.370422944193093E+02,  7.156094565630364E-03,  7.166403842289821E-03,  7.156261125670524E+00,
2460691.500000000, A.D. 2025-Jan-16 00:00:00.0000,  1.683883743217224E-03,  7.145985252319326E-03,  2.332993542354880E+00,  3.394745814543443E+02,  1.307240804595150E+01,  2.460691152511341E+06,  5.028510692706069E+01,  1.747350440335071E+01,  1.753155968521530E+01,  7.158038557078913E-03,  7.170091861838501E-03,  7.159177378745269E+00,
2460692.500000000, A.D. 2025-Jan-17 00:00:00.0000,  1.328238304486658E-03,  7.145355272540315E-03,  2.333005177129232E+00,  3.394747342178940E+02,  5.886040105340867E+00,  2.460691009967877E+06,  5.031863395156561E+01,  7.497638100202694E+01,  7.512344652351986E+01,  7.154858629835649E-03,  7.164361987130983E-03,  7.154407258879870E+00,
2460693.500000000, A.D. 2025-Jan-18 00:00:00.0000,  1.257176467467549E-03,  7.148105811158947E-03,  2.333018228158607E+00,  3.394734169382560E+02,  1.756443550594438E+01,  2.460691241103254E+06,  5.029496111579218E+01,  1.136111239867246E+02,  1.137430425109483E+02,  7.157103553321411E-03,  7.166101295483875E-03,  7.157774695782855E+00,
2460694.500000000, A.D. 2025-Jan-19 00:00:00.0000,  1.262116484752133E-03,  7.146895332159909E-03,  2.333083090832429E+00,  3.394728342976446E+02,  8.629875408838220E+00,  2.460691063779377E+06,  5.030736619129366E+01,  1.728672092048023E+02,  1.728851394894955E+02,  7.155926945521533E-03,  7.164958558883158E-03,  7.156009691127551E+00,
2460695.500000000, A.D. 2025-Jan-20 00:00:00.0000,  1.124706872379806E-03,  7.148943981448649E-03,  2.333070149854606E+00,  3.394722963231194E+02,  9.432255331774314E+00,  2.460698236628324E+06,  5.029612118821307E+01,  2.223582101487869E+02,  2.222714643611731E+02,  7.156993501225055E-03,  7.165043021001460E-03,  7.157609602793112E+00,
2460696.500000000, A.D. 2025-Jan-21 00:00:00.0000,  1.392174306005502E-03,  7.147672151169994E-03,  2.333055273730169E+00,  3.394713079833673E+02,  1.886744345238740E+00,  2.460698086105867E+06,  5.028934042140139E+01,  2.802357820983229E+02,  2.800787412794352E+02,  7.157636829255402E-03,  7.167601507340808E-03,  7.158574699595712E+00,
2460697.500000000, A.D. 2025-Jan-22 00:00:00.0000,  1.447955537724522E-03,  7.145474969530181E-03,  2.333128268206603E+00,  3.394693638305014E+02,  1.377440776530974E+01,  2.460698321541719E+06,  5.030832206166655E+01,  3.186696146107406E+02,  3.185598896912737E+02,  7.155836302331190E-03,  7.166197635132200E-03,  7.155873725200412E+00,
2460698.500000000, A.D. 2025-Jan-23 00:00:00.0000,  1.805309999406688E-03,  7.145267658631355E-03,  2.333131318684121E+00,  3.394692148471820E+02,  1.954643509849226E+01,  2.460698435821299E+06,  5.028350680864600E+01,  3.227130165794278E+00,  3.238802242138984E+00,  7.158190411358636E-03,  7.171113164085917E-03,  7.159405197612425E+00,
2460699.500000000, A.D. 2025-Jan-24 00:00:00.0000,  1.422514710359586E-03,  7.144952024773161E-03,  2.333143894291529E+00,  3.394694122634081E+02,  1.735442014647761E+01,  2.460698392299607E+06,  5.031576815744766E+01,  5.573479615610292E+01,  5.586964757135432E+01,  7.155130302883552E-03,  7.165308580993944E-03,  7.154814746611661E+00,
2460700.500000000, A.D. 2025-Jan-25 00:00:00.0000,  1.455134246873682E-03,  7.146623672563157E-03,  2.333149730946072E+00,  3.394681250148098E+02,  2.622870603059054E+01,  2.460698568047833E+06,  5.029565081043670E+01,  9.716879157872441E+01,  9.733419642165494E+01,  7.157038123843340E-03,  7.167452575123524E-03,  7.157676542586809E+00,
2460701.500000000, A.D. 2025-Jan-26 00:00:00.0000,  1.397508884763345E-03,  7.145645911943288E-03,  2.333201149925082E+00,  3.394674925125231E+02,  1.636715968802941E+01,  2.460698372241294E+06,  5.031032907498758E+01,  1.573585697576935E+02,  1.574201194944537E+02,  7.155645990791639E-03,  7.165646069639990E-03,  7.155588258296218E+00,
2460702.500000000, A.D. 2025-Jan-27 00:00:00.0000,  1.280189649298959E-03,  7.147413677525460E-03,  2.333202112479771E+00,  3.394671557060475E+02,  1.683520218769717E+01,  2.460705537898961E+06,  5.030052830892621E+01,  2.071920773153358E+02,  2.071251348871299E+02,  7.156575451342695E-03,  7.165737225159930E-03,  7.156982483146509E+00,
2460703.500000000, A.D. 2025-Jan-28 00:00:00.0000,  1.454460305631459E-03,  7.147392695316003E-03,  2.333183074253038E+00,  3.394663022085981E+02,  5.151735513530658E+00,  2.460705305466436E+06,  5.028758460849490E+01,  2.692074538543780E+02,  2.690408053511205E+02,  7.157803436289598E-03,  7.168214177263194E-03,  7.158824644347433E+00,
2460704.500000000, A.D. 2025-Jan-29 00:00:00.0000,  1.551976138513689E-03,  7.144587302451599E-03,  2.333242811902607E+00,  3.394643375622454E+02,  1.717390889867702E+01,  2.460705543398006E+06,  5.030983576497992E+01,  3.075068176924870E+02,  3.073655712639513E+02,  7.155692766880333E-03,  7.166798231309065E-03,  7.155658421977829E+00,
2460705.500000000, A.D. 2025-Jan-30 00:00:00.0000,  1.947776889974709E-03,  7.144274986819217E-03,  2.333253501916788E+00,  3.394640592559962E+02,  1.997872871899408E+01,  2.460705598814670E+06,  5.028322035052100E+01,  3.550312801428783E+02,  3.550119014798051E+02,  7.158217597629290E-03,  7.172160208439364E-03,  7.159445983977633E+00,
2460706.500000000, A.D. 2025-Jan-31 00:00:00.0000,  1.601952862415091E-03,  7.144053124797325E-03,  2.333258394051788E+00,  3.394640156302007E+02,  2.132822713649179E+01,  2.460705625490135E+06,  5.031170082767414E+01,  4.399807872415953E+01,  4.412577675544905E+01,  7.155515924013856E-03,  7.166978723230387E-03,  7.155393160590201E+00,
2460707.500000000, A.D. 2025-Feb-01 00:00:00.0000,  1.736562498047944E-03,  7.144875873067378E-03,  2.333260856657597E+00,  3.394613152477874E+02,  2.729360024755628E+01,  2.460705743679691E+06,  5.029283796328460E+01,  8.833033271476671E+01,  8.852925581222651E+01,  7.157304980483578E-03,  7.169734087899778E-03,  7.158076866984750E+00,
2460708.500000000, A.D. 2025-Feb-02 00:00:00.0000,  1.659513415459863E-03,  7.143841808482154E-03,  2.333328397233495E+00,  3.394600140908689E+02,  1.839117570149463E+01,  2.460705566967910E+06,  5.030958213562396E+01,  1.475596188441263E+02,  1.476614498022088E+02,  7.155716816536427E-03,  7.167591824590700E-03,  7.155694496319138E+00,
2460709.500000000, A.D. 2025-Feb-03 00:00:00.0000,  1.602848292775334E-03,  7.144698048002943E-03,  2.333346491967377E+00,  3.394597484199816E+02,  1.869111087604611E+01,  2.460712729024641E+06,  5.030482115338295E+01,  1.975644929258912E+02,  1.975091699750949E+02,  7.156168300145644E-03,  7.167638552288345E-03,  7.156371730302640E+00,
2460710.500000000, A.D. 2025-Feb-04 00:00:00.0000,  1.686435426773803E-03,  7.145842180402788E-03,  2.333321536806264E+00,  3.394589038129598E+02,  6.425615603206680E+00,  2.460712485360800E+06,  5.028642432686674E+01,  2.601633043440542E+02,  2.599729630278457E+02,  7.157913539377378E-03,  7.169984898351969E-03,  7.158989823177013E+00,
2460711.500000000, A.D. 2025-Feb-05 00:00:00.0000,  1.823690798714930E-03,  7.142717589220885E-03,  2.333367055023640E+00,  3.394570021236917E+02,  1.618777374148515E+01,  2.460712678282840E+06,  5.030904766750406E+01,  3.007217124358094E+02,  3.005418521634890E+02,  7.155767496562110E-03,  7.168817403903334E-03,  7.155770516255139E+00,
2460712.500000000, A.D. 2025-Feb-06 00:00:00.0000,  2.222168385601080E-03,  7.142503723697556E-03,  2.333386946550370E+00,  3.394565424411658E+02,  1.653762850631190E+01,  2.460712685037011E+06,  5.028118343649113E+01,  3.506961200916000E+02,  3.506548388537440E+02,  7.158410918130968E-03,  7.174318112564380E-03,  7.159736016450503E+00,
2460713.500000000, A.D. 2025-Feb-07 00:00:00.0000,  1.831750464028253E-03,  7.142286759159255E-03,  2.333408064685589E+00,  3.394568752890144E+02,  1.870954366242129E+01,  2.460712727984538E+06,  5.031299039992078E+01,  3.884240653384905E+01,  3.897428874416667E+01,  7.155393654806751E-03,  7.168500550454248E-03,  7.155209760709569E+00,
2460714.500000000, A.D. 2025-Feb-08 00:00:00.0000,  1.908170898737649E-03,  7.143103841643132E-03,  2.333403710273482E+00,  3.394557346464074E+02,  2.294653631316196E+01,  2.460712811872525E+06,  5.029858098088906E+01,  8.491041650267138E+01,  8.512826021989173E+01,  7.156760163115632E-03,  7.170416484588132E-03,  7.157259568352077E+00,
2460715.500000000, A.D. 2025-Feb-09 00:00:00.0000,  1.753103932710276E-03,  7.143284286268847E-03,  2.333442891950640E+00,  3.394548842125329E+02,  1.714970080656142E+01,  2.460712696514674E+06,  5.030839697498855E+01,  1.410388527020764E+02,  1.411649565614920E+02,  7.155829198578679E-03,  7.168374110888510E-03,  7.155863069518563E+00,
2460716.500000000, A.D. 2025-Feb-10 00:00:00.0000,  1.736360707239359E-03,  7.143538198819376E-03,  2.333472075855372E+00,  3.394546153843908E+02,  1.762804236856130E+01,  2.460719862061167E+06,  5.030698037255000E+01,  1.908648548689449E+02,  1.908274297545649E+02,  7.155963532720028E-03,  7.168388866620681E-03,  7.156064572630042E+00,
2460717.500000000, A.D. 2025-Feb-11 00:00:00.0000,  1.747368801996100E-03,  7.145482790519934E-03,  2.333442858120520E+00,  3.394538398427119E+02,  5.361905985804176E+00,  2.460719618627199E+06,  5.028561396706054E+01,  2.534635305418828E+02,  2.532716983613686E+02,  7.157990439699250E-03,  7.170498088878565E-03,  7.159105191314101E+00,
2460718.500000000, A.D. 2025-Feb-12 00:00:00.0000,  1.927977254306496E-03,  7.142016764994953E-03,  2.333476748111802E+00,  3.394519625739487E+02,  1.420966057270739E+01,  2.460719793272159E+06,  5.030856769695323E+01,  2.949373300321087E+02,  2.947367941700406E+02,  7.155813009713752E-03,  7.169609254432551E-03,  7.155838786119968E+00,
2460719.500000000, A.D. 2025-Feb-13 00:00:00.0000,  2.348892317879911E-03,  7.142081238485878E-03,  2.333517737339355E+00,  3.394511034028089E+02,  1.168170997728885E+01,  2.460719743028073E+06,  5.027606545302325E+01,  3.477815047093854E+02,  3.477243750110037E+02,  7.158896715986553E-03,  7.175712193487228E-03,  7.160464860488643E+00,
2460720.500000000, A.D. 2025-Feb-14 00:00:00.0000,  1.930917418614223E-03,  7.141823282142599E-03,  2.333544777935796E+00,  3.394514243247938E+02,  1.328344984872336E+01,  2.460719774675672E+06,  5.031038980354905E+01,  3.649134966462696E+01,  3.662319306472810E+01,  7.155640232508887E-03,  7.169457182875175E-03,  7.155579620943515E+00,
2460721.500000000, A.D. 2025-Feb-15 00:00:00.0000,  1.970299354981896E-03,  7.142327991833032E-03,  2.333536333814536E+00,  3.394503707327074E+02,  1.540811496032623E+01,  2.460719816727632E+06,  5.030207976742700E+01,  8.467210094943728E+01,  8.489695601108511E+01,  7.156428297892342E-03,  7.170528603951652E-03,  7.156761741551633E+00,
2460722.500000000, A.D. 2025-Feb-16 00:00:00.0000,  1.777334469396774E-03,  7.143153086843770E-03,  2.333566024685889E+00,  3.394495169025379E+02,  1.085509941936603E+01,  2.460719725874544E+06,  5.030795126509010E+01,  1.395605682715885E+02,  1.396924528261203E+02,  7.155871463855051E-03,  7.168589840866332E-03,  7.155926467826820E+00,
2460723.500000000, A.D. 2025-Feb-17 00:00:00.0000,  1.777573123991814E-03,  7.143105825042605E-03,  2.333602509002011E+00,  3.394491673047842E+02,  1.109870618471909E+01,  2.460726886663522E+06,  5.030843251227564E+01,  1.896222667811409E+02,  1.895882932260756E+02,  7.155825828715697E-03,  7.168545832388789E-03,  7.155858014700762E+00,
2460724.500000000, A.D. 2025-Feb-18 00:00:00.0000,  1.724730874335287E-03,  7.145920080463854E-03,  2.333566815408624E+00,  3.394484110320453E+02,  3.584416989137988E+02,  2.460726635768239E+06,  5.028270862913929E+01,  2.526077879146043E+02,  2.524193060122441E+02,  7.158266163122101E-03,  7.170612245780347E-03,  7.159518844841558E+00,
2460725.500000000, A.D. 2025-Feb-19 00:00:00.0000,  1.900390154747267E-03,  7.142179162646716E-03,  2.333586772134034E+00,  3.394468200681189E+02,  8.512252265113597E+00,  2.460726834623303E+06,  5.030893761114773E+01,  2.928565195113427E+02,  2.926556650312569E+02,  7.155777932579348E-03,  7.169376702511982E-03,  7.155786170293311E+00,
2460726.500000000, A.D. 2025-Feb-20 00:00:00.0000,  2.281304124694265E-03,  7.142092718261715E-03,  2.333621384343856E+00,  3.394458012181820E+02,  6.917084622991818E+00,  2.460726802848226E+06,  5.028105341451062E+01,  3.447724721445664E+02,  3.447036205168674E+02,  7.158423258768252E-03,  7.174753799274789E-03,  7.159754530840984E+00,
2460727.500000000, A.D. 2025-Feb-21 00:00:00.0000,  1.917525425491705E-03,  7.141866260969874E-03,  2.333650794882640E+00,  3.394461155716689E+02,  1.163253885468054E+01,  2.460726896155424E+06,  5.031094824618082E+01,  3.037999320833681E+01,  3.049134912121425E+01,  7.155587281516505E-03,  7.169308302063136E-03,  7.155500195274656E+00,
2460728.500000000, A.D. 2025-Feb-22 00:00:00.0000,  1.970928000845248E-03,  7.142204402625489E-03,  2.333643539927499E+00,  3.394453686362498E+02,  1.339467297281439E+01,  2.460726931066131E+06,  5.030333789100691E+01,  7.892261055468076E+01,  7.914435873508266E+01,  7.156308972361819E-03,  7.170413542098148E-03,  7.156582745662287E+00,
2460729.500000000, A.D. 2025-Feb-23 00:00:00.0000,  1.756236787526362E-03,  7.143484288032327E-03,  2.333665920138530E+00,  3.394445096435213E+02,  1.053834975959898E+01,  2.460726873799422E+06,  5.030604738556764E+01,  1.321137707233201E+02,  1.322628412239186E+02,  7.156052009825432E-03,  7.168619731618538E-03,  7.156197290572282E+00,
2460730.500000000, A.D. 2025-Feb-24 00:00:00.0000,  1.795717787144280E-03,  7.142789991248927E-03,  2.333713257173702E+00,  3.394440126527923E+02,  9.975570847313172E+00,  2.460734018495659E+06,  5.031039752482619E+01,  1.829830846774284E+02,  1.829723999138254E+02,  7.155639500378149E-03,  7.168489009507370E-03,  7.155578522756737E+00,
2460731.500000000, A.D. 2025-Feb-25 00:00:00.0000,  1.630751844385435E-03,  7.146949563688357E-03,  2.333664639229115E+00,  3.394430898160790E+02,  3.564492006430926E+02,  2.460733750749931E+06,  5.027894371171903E+01,  2.468346709179712E+02,  2.466630051367050E+02,  7.158623502167778E-03,  7.170297440647199E-03,  7.160054953900933E+00,
2460732.500000000, A.D. 2025-Feb-26 00:00:00.0000,  1.785203163779750E-03,  7.143353043371274E-03,  2.333674353214738E+00,  3.394403913440991E+02,  6.470057377558151E+00,  2.460733948655508E+06,  5.030524413391340E+01,  2.871250309756927E+02,  2.869294032869051E+02,  7.156128186049423E-03,  7.168903328727571E-03,  7.156311557532132E+00,
2460733.500000000, A.D. 2025-Feb-27 00:00:00.0000,  2.096667627725069E-03,  7.143276634805480E-03,  2.333731686689834E+00,  3.394385167390599E+02,  4.692890020734935E+00,  2.460733913269245E+06,  5.028250825992907E+01,  3.392197858024358E+02,  3.391343358939120E+02,  7.158285179611594E-03,  7.173293724417709E-03,  7.159547374586515E+00,
2460734.500000000, A.D. 2025-Feb-28 00:00:00.0000,  1.766826368625777E-03,  7.142916959997942E-03,  2.333765141551916E+00,  3.394387527452920E+02,  1.219564946691601E+01,  2.460734061818908E+06,  5.031124028184487E+01,  2.204543418428043E+01,  2.212158298456721E+01,  7.155559591366240E-03,  7.168202222734539E-03,  7.155458660594943E+00,
2460735.500000000, A.D. 2025-Mar-01 00:00:00.0000,  1.811667091474124E-03,  7.143142251304520E-03,  2.333758849635742E+00,  3.394381692366342E+02,  1.357132291127452E+01,  2.460734089098107E+06,  5.030547033212491E+01,  7.097608333426659E+01,  7.117249101468785E+01,  7.156106734378270E-03,  7.169071217452019E-03,  7.156279379224989E+00,
2460736.500000000, A.D. 2025-Mar-02 00:00:00.0000,  1.583338655111081E-03,  7.145043863012419E-03,  2.333774218504447E+00,  3.394373106501061E+02,  1.388902610181906E+01,  2.460734094720358E+06,  5.030264352837668E+01,  1.209919244189450E+02,  1.211473011187681E+02,  7.156374827907907E-03,  7.167705792803397E-03,  7.156681532987768E+00,
2460737.500000000, A.D. 2025-Mar-03 00:00:00.0000,  1.659555355617467E-03,  7.143750941456009E-03,  2.333830644322746E+00,  3.394366208540533E+02,  1.262227464375224E+01,  2.460734070052433E+06,  5.031053885949841E+01,  1.725625103374584E+02,  1.725870763830979E+02,  7.155626099071520E-03,  7.167501256687031E-03,  7.155558420977508E+00,
2460738.500000000, A.D. 2025-Mar-04 00:00:00.0000,  1.436976924047834E-03,  7.148159056858778E-03,  2.333794513200416E+00,  3.394361333129440E+02,  3.057224881325221E-01,  2.460740982019736E+06,  5.028081825900675E+01,  2.352020167577908E+02,  2.350669371633858E+02,  7.158445577966367E-03,  7.168732099073956E-03,  7.159788015890403E+00,
2460739.500000000, A.D. 2025-Mar-05 00:00:00.0000,  1.719978186841165E-03,  7.143446127805714E-03,  2.333797075673757E+00,  3.394351356920267E+02,  1.012938182054867E+01,  2.460741175662082E+06,  5.030919138856822E+01,  2.756987955986203E+02,  2.755026332324491E+02,  7.155753868369715E-03,  7.168061608933715E-03,  7.155750073967655E+00,
2460740.500000000, A.D. 2025-Mar-06 00:00:00.0000,  2.047558356078975E-03,  7.143540609283549E-03,  2.333833156652028E+00,  3.394335388071771E+02,  5.638926267561130E+00,  2.460741086483588E+06,  5.028343278794674E+01,  3.305095919546879E+02,  3.303938295754955E+02,  7.158197436258625E-03,  7.172854263233701E-03,  7.159415736753245E+00,
2460741.500000000, A.D. 2025-Mar-07 00:00:00.0000,  1.802810282892149E-03,  7.142884283404721E-03,  2.333863043312160E+00,  3.394337004662553E+02,  1.477118904573099E+01,  2.460741267309903E+06,  5.030886512725359E+01,  1.170637470709328E+01,  1.174838308620135E+01,  7.155784805834844E-03,  7.168685328264967E-03,  7.155796480190900E+00,
2460742.500000000, A.D. 2025-Mar-08 00:00:00.0000,  1.812935514328775E-03,  7.142937545755347E-03,  2.333861176828084E+00,  3.394333231158795E+02,  1.485023703539754E+01,  2.460741268911043E+06,  5.030753697243316E+01,  6.193305321341191E+01,  6.211656428144556E+01,  7.155910750492281E-03,  7.168883955229215E-03,  7.155985398316517E+00,
2460743.500000000, A.D. 2025-Mar-09 00:00:00.0000,  1.588867921760393E-03,  7.145244912202105E-03,  2.333871615182560E+00,  3.394323902711055E+02,  1.836804581061707E+01,  2.460741337993736E+06,  5.030010261032766E+01,  1.087491368941286E+02,  1.089214358969311E+02,  7.156615829521994E-03,  7.167986746841884E-03,  7.157043053945670E+00,
2460744.500000000, A.D. 2025-Mar-10 00:00:00.0000,  1.660238285998319E-03,  7.144020336171333E-03,  2.333944561050162E+00,  3.394313331515096E+02,  1.739576172392599E+01,  2.460741319156129E+06,  5.030764151651993E+01,  1.600207531871994E+02,  1.600856309576426E+02,  7.155900836711247E-03,  7.167781337251160E-03,  7.155970527494990E+00,
2460745.500000000, A.D. 2025-Mar-11 00:00:00.0000,  1.373034102961004E-03,  7.148755021387891E-03,  2.333914245339394E+00,  3.394309659352933E+02,  1.021925651416591E+01,  2.460748333974604E+06,  5.027935986848273E+01,  2.175095710147833E+02,  2.174138990911737E+02,  7.158584001350656E-03,  7.168412981313420E-03,  7.159995690909015E+00,
2460746.500000000, A.D. 2025-Mar-12 00:00:00.0000,  1.758069124934743E-03,  7.143037615133799E-03,  2.333911363011385E+00,  3.394302107319822E+02,  1.757013101716295E+01,  2.460748478079490E+06,  5.031062759052873E+01,  2.604815794310263E+02,  2.602829657262989E+02,  7.155617685656789E-03,  7.168197756179779E-03,  7.155545800978483E+00,
2460747.500000000, A.D. 2025-Mar-13 00:00:00.0000,  2.045898140708365E-03,  7.143341110619756E-03,  2.333941846501762E+00,  3.394284394722079E+02,  1.111116274763369E+01,  2.460748349874132E+06,  5.028566475446240E+01,  3.172635143309606E+02,  3.171041159136366E+02,  7.157985620091117E-03,  7.172630129562479E-03,  7.159097960777244E+00,
2460748.500000000, A.D. 2025-Mar-14 00:00:00.0000,  1.944712501279280E-03,  7.142143764334717E-03,  2.333964080468163E+00,  3.394285314833315E+02,  2.112362442292023E+01,  2.460748548064770E+06,  5.030596055644790E+01,  3.575820555637072E+02,  3.575726310540693E+02,  7.156060244151426E-03,  7.169976723968135E-03,  7.156209642315584E+00,
2460749.500000000, A.D. 2025-Mar-15 00:00:00.0000,  1.936029241554602E-03,  7.142095014091612E-03,  2.333964757188257E+00,  3.394282513378165E+02,  2.050393858721731E+01,  2.460748535836309E+06,  5.030713213657015E+01,  4.850431022326362E+01,  4.867074567875301E+01,  7.155949140879432E-03,  7.169803267667253E-03,  7.156042984575191E+00,
2460750.500000000, A.D. 2025-Mar-16 00:00:00.0000,  1.769791768598628E-03,  7.144151784927699E-03,  2.333968028194304E+00,  3.394273965871301E+02,  2.555542328523393E+01,  2.460748635454665E+06,  5.029797271200896E+01,  9.378285037538492E+01,  9.398518176633267E+01,  7.156817862269703E-03,  7.169483939611707E-03,  7.157346123297087E+00,
2460751.500000000, A.D. 2025-Mar-17 00:00:00.0000,  1.859888542345845E-03,  7.142052793836272E-03,  2.334032428414891E+00,  3.394262174048121E+02,  2.097965748167161E+01,  2.460748545243837E+06,  5.031333515970537E+01,  1.486636371131935E+02,  1.487742567434057E+02,  7.155360967716478E-03,  7.168669141596683E-03,  7.155160731390245E+00,
2460752.500000000, A.D. 2025-Mar-18 00:00:00.0000,  1.493713137845937E-03,  7.147656614698304E-03,  2.334008359704968E+00,  3.394259872484017E+02,  1.577260724671381E+01,  2.460755598731976E+06,  5.028183439874099E+01,  2.041900719054702E+02,  2.041200529785962E+02,  7.158349134846313E-03,  7.169041654994322E-03,  7.159643324568406E+00,
2460753.500000000, A.D. 2025-Mar-19 00:00:00.0000,  1.885288567136558E-03,  7.142216411336150E-03,  2.334006196124927E+00,  3.394256277894279E+02,  1.856591520334927E+01,  2.460755652237401E+06,  5.030968583100992E+01,  2.517216125364933E+02,  2.515166267836138E+02,  7.155706983902681E-03,  7.169197556469211E-03,  7.155679747419589E+00,
2460754.500000000, A.D. 2025-Mar-20 00:00:00.0000,  2.122740168612685E-03,  7.142674353029428E-03,  2.334031157675166E+00,  3.394237139213016E+02,  1.192677661631828E+01,  2.460755520495452E+06,  5.028689738956090E+01,  3.086824499511822E+02,  3.084922500986530E+02,  7.157868648330892E-03,  7.173062943632355E-03,  7.158922476587961E+00,
2460755.500000000, A.D. 2025-Mar-21 00:00:00.0000,  2.113587823883907E-03,  7.141124759821064E-03,  2.334050832603894E+00,  3.394237397022689E+02,  2.159974486355694E+01,  2.460755711863243E+06,  5.030395839646113E+01,  3.493424402380398E+02,  3.492975316202091E+02,  7.156250122945588E-03,  7.171375486070111E-03,  7.156494468342393E+00,
2460756.500000000, A.D. 2025-Mar-22 00:00:00.0000,  2.095636361074028E-03,  7.141043485974707E-03,  2.334048586176246E+00,  3.394233542653351E+02,  2.110646886859952E+01,  2.460755702143284E+06,  5.030617462290709E+01,  4.013711925718599E+01,  4.029222993744577E+01,  7.156039943481563E-03,  7.171036400988419E-03,  7.156179190696657E+00,
2460757.500000000, A.D. 2025-Mar-23 00:00:00.0000,  2.040141405607150E-03,  7.142755354919786E-03,  2.334045490431994E+00,  3.394211662097970E+02,  2.685802519510465E+01,  2.460755815723571E+06,  5.029228570974807E+01,  8.470611135303871E+01,  8.493895129031274E+01,  7.157357376057410E-03,  7.171959397195032E-03,  7.158155468965327E+00,
2460758.500000000, A.D. 2025-Mar-24 00:00:00.0000,  2.154713406085942E-03,  7.139774724132951E-03,  2.334129755449722E+00,  3.394191306808158E+02,  2.025055076485569E+01,  2.460755685402445E+06,  5.031511618508760E+01,  1.416168030260195E+02,  1.417697918799531E+02,  7.155192112500877E-03,  7.170609500868803E-03,  7.154907457148967E+00,
2460759.500000000, A.D. 2025-Mar-25 00:00:00.0000,  1.778707194199725E-03,  7.145400534603381E-03,  2.334117715123439E+00,  3.394189468018253E+02,  1.747525661427664E+01,  2.460762787072057E+06,  5.028411431570849E+01,  1.947124929176904E+02,  1.946608388589040E+02,  7.158132756835001E-03,  7.170864979066620E-03,  7.159318701324682E+00,
2460760.500000000, A.D. 2025-Mar-26 00:00:00.0000,  2.163351069846281E-03,  7.140289741788933E-03,  2.334115484358125E+00,  3.394187766099216E+02,  1.703156335713399E+01,  2.460762776237416E+06,  5.030901931701364E+01,  2.454847278887400E+02,  2.452594276813925E+02,  7.155770184873955E-03,  7.171250627958977E-03,  7.155774548724988E+00,
2460761.500000000, A.D. 2025-Mar-27 00:00:00.0000,  2.365098580432360E-03,  7.140975563870852E-03,  2.334133466575223E+00,  3.394167825883612E+02,  1.050301419301797E+01,  2.460762646765203E+06,  5.028651732670237E+01,  3.023331717501013E+02,  3.021038104597416E+02,  7.157904714149157E-03,  7.174833864427461E-03,  7.158976583348284E+00,
2460762.500000000, A.D. 2025-Mar-28 00:00:00.0000,  2.420923001288734E-03,  7.139330781100294E-03,  2.334150890044396E+00,  3.394167559827541E+02,  1.827645789878676E+01,  2.460762800404880E+06,  5.029967388441535E+01,  3.448897324908900E+02,  3.448172041774652E+02,  7.156656495422386E-03,  7.173982209744478E-03,  7.157104056524330E+00,
2460763.500000000, A.D. 2025-Mar-29 00:00:00.0000,  2.305909230540238E-03,  7.139197547903546E-03,  2.334168444586287E+00,  3.394167391403384E+02,  1.735368904688150E+01,  2.460762782188102E+06,  5.030978123160997E+01,  3.611295957261304E+01,  3.626905902957433E+01,  7.155697937829344E-03,  7.172198327755143E-03,  7.155666178365522E+00,
2460764.500000000, A.D. 2025-Mar-30 00:00:00.0000,  2.220199331212581E-03,  7.141132948900365E-03,  2.334162166009430E+00,  3.394160575600942E+02,  2.316615301162020E+01,  2.460762896916694E+06,  5.029581058678163E+01,  8.062837432767576E+01,  8.087950740405132E+01,  7.157022966504071E-03,  7.172912984107776E-03,  7.157653804561856E+00,
2460765.500000000, A.D. 2025-Mar-31 00:00:00.0000,  2.272858983173294E-03,  7.138768313997696E-03,  2.334217180739955E+00,  3.394145285013951E+02,  1.726536071781089E+01,  2.460762780454405E+06,  5.031681891341827E+01,  1.368388832275995E+02,  1.370166761748992E+02,  7.155030689775833E-03,  7.171293065553971E-03,  7.154665334059835E+00,
2460766.500000000, A.D. 2025-Apr-01 00:00:00.0000,  1.880403093788698E-03,  7.144644072762134E-03,  2.334210303179531E+00,  3.394143583008115E+02,  1.663861471812632E+01,  2.460769924852715E+06,  5.028441528713852E+01,  1.877832837676020E+02,  1.877541700987787E+02,  7.158104194034260E-03,  7.171564315306385E-03,  7.159275850067980E+00,
2460767.500000000, A.D. 2025-Apr-02 00:00:00.0000,  2.256237193356034E-03,  7.139721187557799E-03,  2.334210153819473E+00,  3.394143583949632E+02,  1.452878893940027E+01,  2.460769880873281E+06,  5.030800340297316E+01,  2.402230188684548E+02,  2.399989246685002E+02,  7.155866519750352E-03,  7.172011851942905E-03,  7.155919051614047E+00,
2460768.500000000, A.D. 2025-Apr-03 00:00:00.0000,  2.437992391851313E-03,  7.140397926416621E-03,  2.334222202699456E+00,  3.394122654514433E+02,  8.210901099843150E+00,  2.460769755573958E+06,  5.028710753293792E+01,  2.968608173571744E+02,  2.966112436748024E+02,  7.157848707106570E-03,  7.175299487796519E-03,  7.158892560368499E+00,
2460769.500000000, A.D. 2025-Apr-04 00:00:00.0000,  2.580378570444178E-03,  7.138878892175684E-03,  2.334249481134057E+00,  3.394120189148106E+02,  1.369509521289306E+01,  2.460769863846359E+06,  5.029238918748574E+01,  3.417012973270841E+02,  3.416081742777558E+02,  7.157347558436694E-03,  7.175816224697704E-03,  7.158140740897210E+00,
2460770.500000000, A.D. 2025-Apr-05 00:00:00.0000,  2.381644203675604E-03,  7.138669166278689E-03,  2.334279825503541E+00,  3.394120411387343E+02,  1.151379851637940E+01,  2.460769820730933E+06,  5.030963793871194E+01,  3.417378084520696E+01,  3.432745755295887E+01,  7.155711525155753E-03,  7.172753884032817E-03,  7.155686559274351E+00,
2460771.500000000, A.D. 2025-Apr-06 00:00:00.0000,  2.292835063496806E-03,  7.140522692641022E-03,  2.334269182413571E+00,  3.394113939621226E+02,  1.673771841038797E+01,  2.460769923803996E+06,  5.029676572455317E+01,  7.927756112980587E+01,  7.953585009448406E+01,  7.156932358098745E-03,  7.173342023556468E-03,  7.157517880404390E+00,
2460772.500000000, A.D. 2025-Apr-07 00:00:00.0000,  2.315798080803950E-03,  7.138260042044418E-03,  2.334314041628497E+00,  3.394098311238362E+02,  1.046251976683300E+01,  2.460769799867780E+06,  5.031894460675473E+01,  1.358678035959341E+02,  1.360522021994941E+02,  7.154829181731954E-03,  7.171398321419490E-03,  7.154363089556417E+00,
2460773.500000000, A.D. 2025-Apr-08 00:00:00.0000,  1.902549008793962E-03,  7.144472298817360E-03,  2.334311630033697E+00,  3.394096201065153E+02,  1.082132548882480E+01,  2.460776963779973E+06,  5.028455518439128E+01,  1.858253648076109E+02,  1.858032891272705E+02,  7.158090917597491E-03,  7.171709536377623E-03,  7.159255932162384E+00,
2460774.500000000, A.D. 2025-Apr-09 00:00:00.0000,  2.238169507166529E-03,  7.140185113158181E-03,  2.334310152210653E+00,  3.394096578850379E+02,  7.720171707716149E+00,  2.460776900280773E+06,  5.030446680261468E+01,  2.392551555335670E+02,  2.390350425623653E+02,  7.156201906051430E-03,  7.172218698944680E-03,  7.156422140653486E+00,
2460775.500000000, A.D. 2025-Apr-10 00:00:00.0000,  2.396613089997218E-03,  7.140578518084039E-03,  2.334313831374812E+00,  3.394077061720674E+02,  2.665184655312621E+00,  2.460776799976888E+06,  5.028832864565632E+01,  2.946263350252565E+02,  2.943763713737179E+02,  7.157732834289401E-03,  7.174887150494762E-03,  7.158718726499079E+00,
2460776.500000000, A.D. 2025-Apr-11 00:00:00.0000,  2.550225440943608E-03,  7.138888419203106E-03,  2.334327741595797E+00,  3.394075347627625E+02,  8.897816186908408E+00,  2.460776923044760E+06,  5.029456911967173E+01,  3.387231460620582E+02,  3.386167857452099E+02,  7.157140741606763E-03,  7.175393064010421E-03,  7.157830483514234E+00,
2460777.500000000, A.D. 2025-Apr-12 00:00:00.0000,  2.326088062846204E-03,  7.138686702086512E-03,  2.334366083190029E+00,  3.394075709587067E+02,  8.484518584993769E+00,  2.460776914906743E+06,  5.031365513029541E+01,  2.943818036078419E+01,  2.956951792622927E+01,  7.155330631253591E-03,  7.171974560420668E-03,  7.155115228017550E+00,
2460778.500000000, A.D. 2025-Apr-13 00:00:00.0000,  2.308191722805123E-03,  7.140509391147913E-03,  2.334356553881143E+00,  3.394071724903298E+02,  1.491685905046245E+01,  2.460777041964834E+06,  5.029574501867994E+01,  7.333296495470627E+01,  7.358656103083644E+01,  7.157029186676474E-03,  7.173548982205034E-03,  7.157663135644880E+00,
2460779.500000000, A.D. 2025-Apr-14 00:00:00.0000,  2.299455026032941E-03,  7.138359720523197E-03,  2.334391904220682E+00,  3.394056290570983E+02,  8.241145413951573E+00,  2.460776910035659E+06,  5.031912703683433E+01,  1.303247446997997E+02,  1.305252593605395E+02,  7.154811888680944E-03,  7.171264056838692E-03,  7.154337151685375E+00,
2460780.500000000, A.D. 2025-Apr-15 00:00:00.0000,  1.903977866291194E-03,  7.144376062559262E-03,  2.334399949793368E+00,  3.394053045902210E+02,  1.012075836101764E+01,  2.460776945097110E+06,  5.028546322144367E+01,  1.787599385208898E+02,  1.787646490421043E+02,  7.158004745160857E-03,  7.171633427762450E-03,  7.159126652859033E+00,
2460781.500000000, A.D. 2025-Apr-16 00:00:00.0000,  2.170951687286214E-03,  7.141087184718927E-03,  2.334390685513087E+00,  3.394051927036431E+02,  4.836237971652107E+00,  2.460783997553453E+06,  5.030001784848686E+01,  2.343730167338695E+02,  2.341711272274678E+02,  7.156623869383438E-03,  7.172160554047949E-03,  7.157055114461151E+00,
2460782.500000000, A.D. 2025-Apr-17 00:00:00.0000,  2.257187546302084E-03,  7.141800747980840E-03,  2.334385233891929E+00,  3.394020985680160E+02,  3.599465520206745E+02,  2.460783900591853E+06,  5.028596001467081E+01,  2.895698940776543E+02,  2.893259511898955E+02,  7.157957600734176E-03,  7.174114453487513E-03,  7.159055925251718E+00,
2460783.500000000, A.D. 2025-Apr-18 00:00:00.0000,  2.407799749263131E-03,  7.140055761113524E-03,  2.334417901686554E+00,  3.394011961288395E+02,  6.334393724630061E+00,  2.460784026745932E+06,  5.029300555801341E+01,  3.335083639215908E+02,  3.333849556593415E+02,  7.157289079965668E-03,  7.174522398817813E-03,  7.158053013648925E+00,
2460784.500000000, A.D. 2025-Apr-19 00:00:00.0000,  2.125008282338943E-03,  7.139805404910331E-03,  2.334467939104164E+00,  3.394011462157265E+02,  7.192590257075042E+00,  2.460784043770933E+06,  5.031703863693452E+01,  2.295609561423819E+01,  2.305130278580916E+01,  7.155009860123311E-03,  7.170214315336292E-03,  7.154634091199219E+00,
2460785.500000000, A.D. 2025-Apr-20 00:00:00.0000,  2.170450091204865E-03,  7.141485586058967E-03,  2.334457915728933E+00,  3.394008291887749E+02,  1.481758930971277E+01,  2.460784194540144E+06,  5.029584670872372E+01,  6.565920881400501E+01,  6.588606886909363E+01,  7.157019539771820E-03,  7.172553493484671E-03,  7.157648664011033E+00,
2460786.500000000, A.D. 2025-Apr-21 00:00:00.0000,  2.111077435139560E-03,  7.139843466177843E-03,  2.334483672028277E+00,  3.393993465756250E+02,  8.316315176645981E+00,  2.460784065912581E+06,  5.031768996314893E+01,  1.224776561106721E+02,  1.226814437934335E+02,  7.154948115694480E-03,  7.170052765211118E-03,  7.154541479619842E+00,
2460787.500000000, A.D. 2025-Apr-22 00:00:00.0000,  1.756898779016229E-03,  7.145501037542903E-03,  2.334501861918585E+00,  3.393988509582541E+02,  1.299347710214405E+01,  2.460784156838870E+06,  5.028470126539840E+01,  1.681098587145133E+02,  1.681512500718433E+02,  7.158077054379848E-03,  7.170653071216793E-03,  7.159235133961528E+00,
2460788.500000000, A.D. 2025-Apr-23 00:00:00.0000,  2.002450378260221E-03,  7.142305352325896E-03,  2.334505142780054E+00,  3.393990123315850E+02,  6.025563171688145E+00,  2.460791175828012E+06,  5.029988826093133E+01,  2.254061499919740E+02,  2.252430353068242E+02,  7.156636161113789E-03,  7.170966969901682E-03,  7.157073553175610E+00,
2460789.500000000, A.D. 2025-Apr-24 00:00:00.0000,  2.132912212514092E-03,  7.142084814744795E-03,  2.334499243633203E+00,  3.393975320895953E+02,  2.230548330182559E+00,  2.460791100326917E+06,  5.029235485579262E+01,  2.795157907953202E+02,  2.792746345943474E+02,  7.157350815708867E-03,  7.172616816672939E-03,  7.158145627347485E+00,
2460790.500000000, A.D. 2025-Apr-25 00:00:00.0000,  2.394112630654950E-03,  7.140308835226698E-03,  2.334507444819542E+00,  3.393972344111140E+02,  6.288240272181796E+00,  2.460791180260901E+06,  5.029136676785149E+01,  3.257887495173733E+02,  3.256341176844370E+02,  7.157444563659768E-03,  7.174580292092838E-03,  7.158286265350185E+00,
2460791.500000000, A.D. 2025-Apr-26 00:00:00.0000,  2.096121659954712E-03,  7.139955448695651E-03,  2.334558714798465E+00,  3.393970882743000E+02,  8.354143424117614E+00,  2.460791221192974E+06,  5.031763737532243E+01,  1.402891085924675E+01,  1.408728593628789E+01,  7.154953100866338E-03,  7.169950753037025E-03,  7.154548956953946E+00,
2460792.500000000, A.D. 2025-Apr-27 00:00:00.0000,  2.198117448818674E-03,  7.141290881578551E-03,  2.334550906685569E+00,  3.393968898525508E+02,  1.543559643762781E+01,  2.460791361266060E+06,  5.029581172627501E+01,  5.727354786380990E+01,  5.748576428867231E+01,  7.157022858405205E-03,  7.172754835231858E-03,  7.157653642399264E+00,
2460793.500000000, A.D. 2025-Apr-28 00:00:00.0000,  2.077286574983313E-03,  7.140159932211935E-03,  2.334568854788287E+00,  3.393954544445826E+02,  9.599422438264591E+00,  2.460791245692727E+06,  5.031690039492995E+01,  1.134297545211832E+02,  1.136479414465377E+02,  7.155022965361579E-03,  7.169885998511222E-03,  7.154653748033224E+00,
2460794.500000000, A.D. 2025-Apr-29 00:00:00.0000,  1.760578453544656E-03,  7.145760127780679E-03,  2.334605871715580E+00,  3.393945792043569E+02,  1.777522170995938E+01,  2.460791406290842E+06,  5.028168844377285E+01,  1.555569200289984E+02,  1.556402339448151E+02,  7.158362987418980E-03,  7.170965847057280E-03,  7.159664107194161E+00,
2460795.500000000, A.D. 2025-Apr-30 00:00:00.0000,  1.945068894321811E-03,  7.143074616097118E-03,  2.334614397962271E+00,  3.393947413454919E+02,  1.067267358679018E+01,  2.460798423103214E+06,  5.029610048370655E+01,  2.129793070429405E+02,  2.128582278571240E+02,  7.156995465353580E-03,  7.170916314610041E-03,  7.157612549239719E+00,
2460796.500000000, A.D. 2025-May-01 00:00:00.0000,  2.097302061103378E-03,  7.141970829359554E-03,  2.334606294216885E+00,  3.393935138880236E+02,  8.333247214802645E+00,  2.460798376207824E+06,  5.029625106269507E+01,  2.656337802328239E+02,  2.653941931294332E+02,  7.156981180741201E-03,  7.171991532122848E-03,  7.157591120484392E+00,
2460797.500000000, A.D. 2025-May-02 00:00:00.0000,  2.417293642447356E-03,  7.140189698879246E-03,  2.334610121006149E+00,  3.393931933256579E+02,  9.778416551241071E+00,  2.460798404288934E+06,  5.029087252690984E+01,  3.145225205105419E+02,  3.143246065353363E+02,  7.157491457475272E-03,  7.174793216071298E-03,  7.158356614460601E+00,
2460798.500000000, A.D. 2025-May-03 00:00:00.0000,  2.145852604025924E-03,  7.139578826630921E-03,  2.334658541090812E+00,  3.393929366657703E+02,  1.377595162938523E+01,  2.460798483441210E+06,  5.031785725847572E+01,  8.332028107802198E-01,  8.367881605761505E-01,  7.154932256645472E-03,  7.170285686660022E-03,  7.154517692411480E+00,
2460799.500000000, A.D. 2025-May-04 00:00:00.0000,  2.342594778817581E-03,  7.140468182807779E-03,  2.334649944244827E+00,  3.393927526538493E+02,  1.948220209233518E+01,  2.460798596335742E+06,  5.029357891595843E+01,  4.544850965455230E+01,  4.564019997335864E+01,  7.157234683407904E-03,  7.174001184008029E-03,  7.157971410258298E+00,
2460800.500000000, A.D. 2025-May-05 00:00:00.0000,  2.173976690346558E-03,  7.139594066291067E-03,  2.334659287380111E+00,  3.393915175404255E+02,  1.446906485922450E+01,  2.460798497036453E+06,  5.031556889261211E+01,  1.007802503446736E+02,  1.010248481390849E+02,  7.155149193854458E-03,  7.170704321417848E-03,  7.154843081837025E+00,
2460801.500000000, A.D. 2025-May-06 00:00:00.0000,  1.971183377630528E-03,  7.143729812143972E-03,  2.334693295096988E+00,  3.393904827486340E+02,  2.164832924914166E+01,  2.460798638322228E+06,  5.028720744828818E+01,  1.439057837877166E+02,  1.440385890542314E+02,  7.157839225845711E-03,  7.171948639547451E-03,  7.158878336407895E+00,
2460802.500000000, A.D. 2025-May-07 00:00:00.0000,  2.045372409470755E-03,  7.142282415155247E-03,  2.334703003380492E+00,  3.393906560312208E+02,  1.265632818868383E+01,  2.460805616934102E+06,  5.029688562674826E+01,  2.032279219365534E+02,  2.031357006390269E+02,  7.156920983872420E-03,  7.171559552589593E-03,  7.157500817675862E+00,
2460803.500000000, A.D. 2025-May-08 00:00:00.0000,  2.189527546843645E-03,  7.141117023723782E-03,  2.334700525720944E+00,  3.393899111242823E+02,  9.979050691571956E+00,  2.460805563263205E+06,  5.029829799941641E+01,  2.562213724533868E+02,  2.559778506975857E+02,  7.156787006020355E-03,  7.172456988316927E-03,  7.157299835556602E+00,
2460804.500000000, A.D. 2025-May-09 00:00:00.0000,  2.512614506849225E-03,  7.139674092771438E-03,  2.334701699209622E+00,  3.393895365931692E+02,  9.158764136691193E+00,  2.460805546458925E+06,  5.028911172513583E+01,  3.073745102101660E+02,  3.071452646526685E+02,  7.157658529427550E-03,  7.175642966083664E-03,  7.158607254143694E+00,
2460805.500000000, A.D. 2025-May-10 00:00:00.0000,  2.248857420561394E-03,  7.138760135815332E-03,  2.334750813939225E+00,  3.393891535753267E+02,  1.461928071201544E+01,  2.460805654527283E+06,  5.031872104223842E+01,  3.522243847321077E+02,  3.521894221168170E+02,  7.154850374172298E-03,  7.170940612529263E-03,  7.154394876169640E+00,
2460806.500000000, A.D. 2025-May-11 00:00:00.0000,  2.517784289295191E-03,  7.139421242445858E-03,  2.334737389605151E+00,  3.393888537681085E+02,  1.919972077462980E+01,  2.460805745141950E+06,  5.029139233547932E+01,  3.796286236463176E+01,  3.814078480836827E+01,  7.157442137811979E-03,  7.175463033178100E-03,  7.158282626150898E+00,
2460807.500000000, A.D. 2025-May-12 00:00:00.0000,  2.371633367405257E-03,  7.138676746330621E-03,  2.334736829576328E+00,  3.393865175468124E+02,  1.575658205834059E+01,  2.460805676945379E+06,  5.031031507495995E+01,  9.171845236702927E+01,  9.199007413991434E+01,  7.155647318276031E-03,  7.172617890221440E-03,  7.155590249506831E+00,
2460808.500000000, A.D. 2025-May-13 00:00:00.0000,  2.283111198867065E-03,  7.141303697819807E-03,  2.334797037119813E+00,  3.393844244114180E+02,  2.106758234739592E+01,  2.460805781591154E+06,  5.028925011396552E+01,  1.367067423708486E+02,  1.368857751645515E+02,  7.157645398185926E-03,  7.173987098552045E-03,  7.158587554679536E+00,
2460809.500000000, A.D. 2025-May-14 00:00:00.0000,  2.292044615555357E-03,  7.140516081588257E-03,  2.334813479251265E+00,  3.393845370630010E+02,  1.263813750030766E+01,  2.460812771182355E+06,  5.029689534812876E+01,  1.954696834469312E+02,  1.953998204414897E+02,  7.156920061679591E-03,  7.173324041770924E-03,  7.157499434274592E+00,
2460810.500000000, A.D. 2025-May-15 00:00:00.0000,  2.453215832587471E-03,  7.138973474893094E-03,  2.334816595016924E+00,  3.393841023574913E+02,  1.005675234382240E+01,  2.460812719242929E+06,  5.030100763109927E+01,  2.483698444905492E+02,  2.481088182190088E+02,  7.156529987564977E-03,  7.174086500236859E-03,  7.156914283709601E+00,
2460811.500000000, A.D. 2025-May-16 00:00:00.0000,  2.766725504206145E-03,  7.138151321155442E-03,  2.334814943126712E+00,  3.393836361428367E+02,  6.925020351098873E+00,  2.460812656722096E+06,  5.028598300560617E+01,  3.018330923591600E+02,  3.015632448344130E+02,  7.157955418971080E-03,  7.177759516786716E-03,  7.159052652105164E+00,
2460812.500000000, A.D. 2025-May-17 00:00:00.0000,  2.515290941493083E-03,  7.137024965772976E-03,  2.334862393267380E+00,  3.393831465428669E+02,  1.253060813321648E+01,  2.460812767588278E+06,  5.031691134170126E+01,  3.465357843330951E+02,  3.464684673776441E+02,  7.155021927613687E-03,  7.173018889454398E-03,  7.154652191491768E+00,
2460813.500000000, A.D. 2025-May-18 00:00:00.0000,  2.758551651152937E-03,  7.137537471710197E-03,  2.334864360517465E+00,  3.393831043662337E+02,  1.538171866680886E+01,  2.460812823966736E+06,  5.029308859809387E+01,  3.399980086850103E+01,  3.417707101959146E+01,  7.157281201586601E-03,  7.177024931463005E-03,  7.158041194822228E+00,
2460814.500000000, A.D. 2025-May-19 00:00:00.0000,  2.522663406304596E-03,  7.137212150127436E-03,  2.334864488011239E+00,  3.393823699077289E+02,  1.252003765489458E+01,  2.460812767222659E+06,  5.031437407756946E+01,  8.718360734178394E+01,  8.747237762501229E+01,  7.155262468920288E-03,  7.173312787713139E-03,  7.155012987839012E+00,
2460815.500000000, A.D. 2025-May-20 00:00:00.0000,  2.428919854975974E-03,  7.139973290596254E-03,  2.334899602878905E+00,  3.393807882362231E+02,  1.802522904074812E+01,  2.460812875692570E+06,  5.029227977208021E+01,  1.319824034927591E+02,  1.321888831208548E+02,  7.157357939404444E-03,  7.174742588212635E-03,  7.158156314080123E+00,
2460816.500000000, A.D. 2025-May-21 00:00:00.0000,  2.351295286378135E-03,  7.140301869724280E-03,  2.334911639922424E+00,  3.393808663935774E+02,  1.061306335654720E+01,  2.460819885490953E+06,  5.029467816337149E+01,  1.897278220950079E+02,  1.896824271164395E+02,  7.157130396690009E-03,  7.173958923655740E-03,  7.157814964649282E+00,
2460817.500000000, A.D. 2025-May-22 00:00:00.0000,  2.546563853243054E-03,  7.138085354411186E-03,  2.334924236089498E+00,  3.393807412699008E+02,  8.482192928463325E+00,  2.460819842241236E+06,  5.030333387622044E+01,  2.421774571120680E+02,  2.419197606835320E+02,  7.156309353132499E-03,  7.174533351853814E-03,  7.156583316840166E+00,
2460818.500000000, A.D. 2025-May-23 00:00:00.0000,  2.844508690503481E-03,  7.137785023742973E-03,  2.334920360634338E+00,  3.393800969598229E+02,  3.740217177358778E+00,  2.460819747892415E+06,  5.028397020346434E+01,  2.972510149881081E+02,  2.969607652694015E+02,  7.158146433480906E-03,  7.178507843218840E-03,  7.159339219702219E+00,
2460819.500000000, A.D. 2025-May-24 00:00:00.0000,  2.642986125084505E-03,  7.136555004277802E-03,  2.334975407990175E+00,  3.393793489886589E+02,  8.906630157362999E+00,  2.460819850020837E+06,  5.031221889195160E+01,  3.423896750218469E+02,  3.422977567097154E+02,  7.155466803758638E-03,  7.174378603239474E-03,  7.155319481597916E+00,
2460820.500000000, A.D. 2025-May-25 00:00:00.0000,  2.863900770167261E-03,  7.136950020165026E-03,  2.334988639296079E+00,  3.393793125051841E+02,  9.664569229586586E+00,  2.460819865009304E+06,  5.029132800260678E+01,  3.193452539544239E+01,  3.210864419293684E+01,  7.157448241696855E-03,  7.177946463228683E-03,  7.158291783055319E+00,
2460821.500000000, A.D. 2025-May-26 00:00:00.0000,  2.584018323274232E-03,  7.136702543876714E-03,  2.334986109217134E+00,  3.393787546385977E+02,  6.657163379259550E+00,  2.460819805355352E+06,  5.031512063832934E+01,  8.526624989374980E+01,  8.556142392186069E+01,  7.155191690311018E-03,  7.173680836745321E-03,  7.154906823889381E+00,
2460822.500000000, A.D. 2025-May-27 00:00:00.0000,  2.501112191671490E-03,  7.139102698997395E-03,  2.335015895233902E+00,  3.393769874908805E+02,  1.131947953891796E+01,  2.460819897193835E+06,  5.029601929965652E+01,  1.309107891176403E+02,  1.311269430703498E+02,  7.157003166873895E-03,  7.174903634750395E-03,  7.157624102519351E+00,
2460823.500000000, A.D. 2025-May-28 00:00:00.0000,  2.347536299917059E-03,  7.140546185292550E-03,  2.335023446681884E+00,  3.393770227462613E+02,  4.596773137860676E+00,  2.460826920641008E+06,  5.029238115758468E+01,  1.879678186407618E+02,  1.879306376805501E+02,  7.157348320285571E-03,  7.174150455278592E-03,  7.158141883797200E+00,
2460824.500000000, A.D. 2025-May-29 00:00:00.0000,  2.556180658537348E-03,  7.138019082894493E-03,  2.335043371557567E+00,  3.393770682482790E+02,  2.798214648869771E+00,  2.460826883877129E+06,  5.030330692774982E+01,  2.400830971064670E+02,  2.398296164355073E+02,  7.156311908982695E-03,  7.174604735070897E-03,  7.156587150762568E+00,
2460825.500000000, A.D. 2025-May-30 00:00:00.0000,  2.818955325014021E-03,  7.138149132604146E-03,  2.335034778135103E+00,  3.393763724998706E+02,  3.574276060281720E+02,  2.460826777173331E+06,  5.028205561001689E+01,  2.957810995200248E+02,  2.954897793598071E+02,  7.158328139832123E-03,  7.178507147060100E-03,  7.159611826376544E+00,
2460826.500000000, A.D. 2025-May-31 00:00:00.0000,  2.593867810418994E-03,  7.136543150667122E-03,  2.335074828121538E+00,  3.393757074043360E+02,  4.441138348421527E+00,  2.460826915816251E+06,  5.031606099822037E+01,  3.390777641488327E+02,  3.389712989110801E+02,  7.155102540828022E-03,  7.173661930988923E-03,  7.154773105405306E+00,
2460827.500000000, A.D. 2025-Jun-01 00:00:00.0000,  2.820002765225749E-03,  7.136914577890782E-03,  2.335093514635441E+00,  3.393756627363340E+02,  5.858986760923143E+00,  2.460826943859451E+06,  5.029502373282200E+01,  2.797110213425017E+01,  2.812314033847430E+01,  7.157097612950292E-03,  7.177280648009802E-03,  7.157765784392458E+00,
2460828.500000000, A.D. 2025-Jun-02 00:00:00.0000,  2.552731114597368E-03,  7.137058794049349E-03,  2.335095678363158E+00,  3.393754858959383E+02,  4.659795944635300E+00,  2.460826919958528E+06,  5.031372071376274E+01,  7.949776534219474E+01,  7.978555257203237E+01,  7.155324413314255E-03,  7.173590032579161E-03,  7.155105901391349E+00,
2460829.500000000, A.D. 2025-Jun-03 00:00:00.0000,  2.513405503514777E-03,  7.138829779450144E-03,  2.335119159137810E+00,  3.393735908565682E+02,  8.728865097273390E+00,  2.460827000216420E+06,  5.029797374156246E+01,  1.257340488571294E+02,  1.259674123532762E+02,  7.156817764607361E-03,  7.174805749764578E-03,  7.157345976792762E+00,
2460830.500000000, A.D. 2025-Jun-04 00:00:00.0000,  2.296550931928225E-03,  7.141081962070717E-03,  2.335128400849047E+00,  3.393735486456967E+02,  2.781624676257166E+00,  2.460834039119829E+06,  5.029057623342522E+01,  1.820156244095534E+02,  1.820063948327000E+02,  7.157519570310206E-03,  7.173957178549697E-03,  7.158398788851597E+00,
2460831.500000000, A.D. 2025-Jun-05 00:00:00.0000,  2.509247360128920E-03,  7.138407333156753E-03,  2.335152211900547E+00,  3.393736009460198E+02,  4.776254355265233E-01,  2.460833992191167E+06,  5.030275324759221E+01,  2.346359227091322E+02,  2.344018632271496E+02,  7.156364421689999E-03,  7.174321510223245E-03,  7.156665922997599E+00,
2460832.500000000, A.D. 2025-Jun-06 00:00:00.0000,  2.682172593925254E-03,  7.139635860073042E-03,  2.335133657117900E+00,  3.393716121659573E+02,  3.532477584970752E+02,  2.460833848851819E+06,  5.027669350771178E+01,  2.921841905026787E+02,  2.918992285762318E+02,  7.158837096738289E-03,  7.178038333403535E-03,  7.160375412213232E+00,
2460833.500000000, A.D. 2025-Jun-07 00:00:00.0000,  2.432580194551613E-03,  7.137721207691659E-03,  2.335189272696484E+00,  3.393701504889692E+02,  2.092057103518242E+00,  2.460834023736741E+06,  5.031580693123145E+01,  3.336477632311958E+02,  3.335236900226229E+02,  7.155126627014041E-03,  7.172532046336423E-03,  7.154809233051274E+00,
2460834.500000000, A.D. 2025-Jun-08 00:00:00.0000,  2.623697465849437E-03,  7.138032426074395E-03,  2.335220650001360E+00,  3.393699992595563E+02,  3.191838135125749E+00,  2.460834045501275E+06,  5.029805844622098E+01,  2.286040340390617E+01,  2.297755740031299E+01,  7.156809729625578E-03,  7.175587033176761E-03,  7.157333923433931E+00,
2460835.500000000, A.D. 2025-Jun-09 00:00:00.0000,  2.360475854843162E-03,  7.138487134053842E-03,  2.335225708747846E+00,  3.393699912053818E+02,  3.687928241546352E+00,  2.460834055126783E+06,  5.031316364447043E+01,  7.269614259422453E+01,  7.295461696653950E+01,  7.155377229235749E-03,  7.172267324417655E-03,  7.155185123000411E+00,
2460836.500000000, A.D. 2025-Jun-10 00:00:00.0000,  2.352931542425040E-03,  7.139894938343501E-03,  2.335241470695763E+00,  3.393680033346930E+02,  7.877049230886835E+00,  2.460834137888632E+06,  5.029885422525333E+01,  1.188114953578199E+02,  1.190474093605286E+02,  7.156734244087169E-03,  7.173573549830835E-03,  7.157220687131603E+00,
2460837.500000000, A.D. 2025-Jun-11 00:00:00.0000,  2.073297981634864E-03,  7.143035364511744E-03,  2.335252445532644E+00,  3.393678675514706E+02,  3.494797319720997E+00,  2.460834049314638E+06,  5.028682229961475E+01,  1.735240016283574E+02,  1.735507290040383E+02,  7.157875773906579E-03,  7.172716183301414E-03,  7.158933166527764E+00,
2460838.500000000, A.D. 2025-Jun-12 00:00:00.0000,  2.344738377845324E-03,  7.139321356593419E-03,  2.335298160963093E+00,  3.393681886075112E+02,  1.132878318710595E+00,  2.460841159728511E+06,  5.030553564762266E+01,  2.262009325710940E+02,  2.260073947985766E+02,  7.156100540165665E-03,  7.172879723737912E-03,  7.156270087683935E+00,
2460839.500000000, A.D. 2025-Jun-13 00:00:00.0000,  2.511825425399301E-03,  7.140474153964735E-03,  2.335282335855351E+00,  3.393674787232814E+02,  3.531673848876075E+02,  2.460841001749869E+06,  5.028071958835083E+01,  2.844909359537419E+02,  2.842120407479180E+02,  7.158454943097381E-03,  7.176435732230028E-03,  7.159802066225913E+00,
2460840.500000000, A.D. 2025-Jun-14 00:00:00.0000,  2.393094280094976E-03,  7.138009585779336E-03,  2.335308347340439E+00,  3.393668489098855E+02,  2.653173995377421E+00,  2.460841189242483E+06,  5.031574506181383E+01,  3.253202509661052E+02,  3.251638335014802E+02,  7.155132492420268E-03,  7.172255399061201E-03,  7.154818030772143E+00,
2460841.500000000, A.D. 2025-Jun-15 00:00:00.0000,  2.580414932968195E-03,  7.138285910690486E-03,  2.335340777682061E+00,  3.393666018425081E+02,  2.668144396868041E+00,  2.460841189549966E+06,  5.029865329326814E+01,  1.561521863725804E+01,  1.569506016607956E+01,  7.156753303787147E-03,  7.175220696883809E-03,  7.157249278643840E+00,
2460842.500000000, A.D. 2025-Jun-16 00:00:00.0000,  2.329440084135696E-03,  7.138829833722409E-03,  2.335351171173507E+00,  3.393667537206261E+02,  4.477457479826434E+00,  2.460841225179033E+06,  5.031188841416406E+01,  6.413865022597601E+01,  6.437915628336899E+01,  7.155498137906807E-03,  7.172166442091205E-03,  7.155366481903927E+00,
2460843.500000000, A.D. 2025-Jun-17 00:00:00.0000,  2.340749124363854E-03,  7.139802433999367E-03,  2.335359322758448E+00,  3.393646979857679E+02,  7.830418281225380E+00,  2.460841291466460E+06,  5.030075307859693E+01,  1.110909002845220E+02,  1.113408978033096E+02,  7.156554131816880E-03,  7.173305829634393E-03,  7.156950502062776E+00,
2460844.500000000, A.D. 2025-Jun-18 00:00:00.0000,  1.985085324400220E-03,  7.144204505469456E-03,  2.335381463077344E+00,  3.393642828547697E+02,  6.802861450822443E+00,  2.460841269284783E+06,  5.028114496871134E+01,  1.624440601660037E+02,  1.625125127272617E+02,  7.158414569176701E-03,  7.172624632883946E-03,  7.159741494033573E+00,
2460845.500000000, A.D. 2025-Jun-19 00:00:00.0000,  2.283151592067911E-03,  7.139860314688919E-03,  2.335443284149072E+00,  3.393645917397743E+02,  4.688330345002033E+00,  2.460848385141936E+06,  5.030449742540108E+01,  2.148643849215687E+02,  2.147151774607545E+02,  7.156199001833109E-03,  7.172537688977298E-03,  7.156417784192378E+00,
2460846.500000000, A.D. 2025-Jun-20 00:00:00.0000,  2.388590494850229E-03,  7.141227766693961E-03,  2.335423721113236E+00,  3.393638598512784E+02,  3.566003225724380E+02,  2.460848224755059E+06,  5.028207735204708E+01,  2.732757327216692E+02,  2.730024220368750E+02,  7.158326076318893E-03,  7.175424385943827E-03,  7.159608730551855E+00,
2460847.500000000, A.D. 2025-Jun-21 00:00:00.0000,  2.393836593513893E-03,  7.137954174192435E-03,  2.335441599519112E+00,  3.393633575977420E+02,  6.825590779820149E+00,  2.460848426714968E+06,  5.031627480081169E+01,  3.133711550191977E+02,  3.131713407852133E+02,  7.155082271964666E-03,  7.172210369736897E-03,  7.154742703531633E+00,
2460848.500000000, A.D. 2025-Jun-22 00:00:00.0000,  2.575356920645810E-03,  7.138241260705229E-03,  2.335473745683808E+00,  3.393629873736164E+02,  5.823829508085161E+00,  2.460848406906781E+06,  5.029950783230976E+01,  4.682543108320093E+00,  4.706712243403360E+00,  7.156672246103023E-03,  7.175103231500816E-03,  7.157127684035804E+00,
2460849.500000000, A.D. 2025-Jun-23 00:00:00.0000,  2.391856402471047E-03,  7.138728943369876E-03,  2.335485182376627E+00,  3.393631569372175E+02,  9.337372884433986E+00,  2.460848476301130E+06,  5.030823354225058E+01,  5.150048179958483E+01,  5.171538504957481E+01,  7.155844696321862E-03,  7.172960449273848E-03,  7.155886316255959E+00,
2460850.500000000, A.D. 2025-Jun-24 00:00:00.0000,  2.436378272641949E-03,  7.139016718182302E-03,  2.335484362392149E+00,  3.393611885821201E+02,  1.107262063040844E+01,  2.460848510671226E+06,  5.030182413547551E+01,  1.000668661136231E+02,  1.003416089204466E+02,  7.156452543668890E-03,  7.173888369155478E-03,  7.156798111941808E+00,
2460851.500000000, A.D. 2025-Jun-25 00:00:00.0000,  2.096850541525653E-03,  7.143200690107378E-03,  2.335499866220704E+00,  3.393607291507669E+02,  1.149150951439060E+01,  2.460848517403115E+06,  5.028329632312003E+01,  1.499748030131726E+02,  1.500947628585566E+02,  7.158210387434626E-03,  7.173220084761873E-03,  7.159435166832401E+00,
2460852.500000000, A.D. 2025-Jun-26 00:00:00.0000,  2.394646857049814E-03,  7.138661441756260E-03,  2.335569982528473E+00,  3.393609719948400E+02,  6.445981476590337E+00,  2.460855574279552E+06,  5.030873601735818E+01,  2.053368815629963E+02,  2.052197691448045E+02,  7.155797048668541E-03,  7.172932655580820E-03,  7.155814844479259E+00,
2460853.500000000, A.D. 2025-Jun-27 00:00:00.0000,  2.407720471761892E-03,  7.141093118998042E-03,  2.335554447868419E+00,  3.393604799834862E+02,  3.572472116412919E+02,  2.460855392131010E+06,  5.028205315574331E+01,  2.648597679717388E+02,  2.645850482371604E+02,  7.158328372764742E-03,  7.175563626531443E-03,  7.159612175838133E+00,
2460854.500000000, A.D. 2025-Jun-28 00:00:00.0000,  2.492038691353427E-03,  7.137379990636983E-03,  2.335566546544321E+00,  3.393601341407171E+02,  6.839839367795597E+00,  2.460855581406446E+06,  5.031491639763406E+01,  3.055891250611123E+02,  3.053564780068214E+02,  7.155211053426924E-03,  7.173042116216864E-03,  7.154935867426547E+00,
2460855.500000000, A.D. 2025-Jun-29 00:00:00.0000,  2.630770002825959E-03,  7.137677762134847E-03,  2.335602990885691E+00,  3.393595956930541E+02,  5.593148563261118E+00,  2.460855556763146E+06,  5.030127233680801E+01,  3.571447415320903E+02,  3.571296752158857E+02,  7.156504880499542E-03,  7.175331998864238E-03,  7.156876621122159E+00,
2460856.500000000, A.D. 2025-Jun-30 00:00:00.0000,  2.525106157149634E-03,  7.138108677192966E-03,  2.335611810117901E+00,  3.393596679523790E+02,  1.025549097348414E+01,  2.460855648896701E+06,  5.030471056254839E+01,  4.281450511144980E+01,  4.301161512667876E+01,  7.156178788312998E-03,  7.174248899433032E-03,  7.156387463006660E+00,
2460857.500000000, A.D. 2025-Jul-01 00:00:00.0000,  2.622208388084694E-03,  7.137929533128294E-03,  2.335597352116494E+00,  3.393566367364488E+02,  1.127406062650955E+01,  2.460855669152984E+06,  5.029925866124936E+01,  9.209024759627529E+01,  9.239049333777994E+01,  7.156695881098684E-03,  7.175462229069073E-03,  7.157163138814701E+00,
2460858.500000000, A.D. 2025-Jul-02 00:00:00.0000,  2.342855351057113E-03,  7.141560320690646E-03,  2.335637149623198E+00,  3.393550971914971E+02,  1.273214534012442E+01,  2.460855696760779E+06,  5.028202278337572E+01,  1.409525383677089E+02,  1.411212816279238E+02,  7.158331255376947E-03,  7.175102190063247E-03,  7.159616500532342E+00,
2460859.500000000, A.D. 2025-Jul-03 00:00:00.0000,  2.653912849204971E-03,  7.136545275959676E-03,  2.335720448727702E+00,  3.393551428956021E+02,  6.577463886317362E+00,  2.460862731322376E+06,  5.031149496181256E+01,  1.974273405917235E+02,  1.973365464788471E+02,  7.155535443415898E-03,  7.174525610872119E-03,  7.155422439210906E+00,
2460860.500000000, A.D. 2025-Jul-04 00:00:00.0000,  2.597524701172654E-03,  7.139641241707874E-03,  2.335707855529556E+00,  3.393547418398084E+02,  3.577663643353432E+02,  2.460862557069497E+06,  5.028303768337920E+01,  2.565642969453720E+02,  2.562750084455730E+02,  7.158234933765126E-03,  7.176828625822379E-03,  7.159471992659587E+00,
2460861.500000000, A.D. 2025-Jul-05 00:00:00.0000,  2.759469248058700E-03,  7.135741883284872E-03,  2.335715677244925E+00,  3.393545251595763E+02,  5.250759934708682E+00,  2.460862704415858E+06,  5.031200345558366E+01,  2.994034251686305E+02,  2.991274800805885E+02,  7.155487230251628E-03,  7.175232577218384E-03,  7.155350120728434E+00,
2460862.500000000, A.D. 2025-Jul-06 00:00:00.0000,  2.857694421128572E-03,  7.136114623822946E-03,  2.335754084925952E+00,  3.393538181005372E+02,  3.682744358393194E+00,  2.460862673443277E+06,  5.030062898358995E+01,  3.512756940785006E+02,  3.512258477714173E+02,  7.156565902276319E-03,  7.177017180729692E-03,  7.156968158737065E+00,
2460863.500000000, A.D. 2025-Jul-07 00:00:00.0000,  2.768618731964496E-03,  7.136437555409988E-03,  2.335776338602797E+00,  3.393540497209469E+02,  7.938873151708660E+00,  2.460862757514263E+06,  5.030395458365977E+01,  3.734996878232454E+01,  3.754297545432284E+01,  7.156250484552148E-03,  7.176063413694308E-03,  7.156495010770759E+00,
2460864.500000000, A.D. 2025-Jul-08 00:00:00.0000,  2.779616488462608E-03,  7.136121900721605E-03,  2.335764207346992E+00,  3.393525250483218E+02,  7.313714116846008E+00,  2.460862745218947E+06,  5.030646008759320E+01,  8.827682300080718E+01,  8.859523117431081E+01,  7.156012872092525E-03,  7.175903843463445E-03,  7.156138582861344E+00,
2460865.500000000, A.D. 2025-Jul-09 00:00:00.0000,  2.456241166498370E-03,  7.140700363061979E-03,  2.335777797695470E+00,  3.393517057109647E+02,  1.079490223545102E+01,  2.460862812760516E+06,  5.028253299533602E+01,  1.351212080394257E+02,  1.353193804391178E+02,  7.158282832035463E-03,  7.175865301008948E-03,  7.159543852601697E+00,
2460866.500000000, A.D. 2025-Jul-10 00:00:00.0000,  2.732271384797273E-03,  7.135968448728137E-03,  2.335856531893757E+00,  3.393515866287394E+02,  4.296933437087890E+00,  2.460869840375090E+06,  5.031166554605155E+01,  1.919401656847291E+02,  1.918756051499895E+02,  7.155519269270933E-03,  7.175070089813729E-03,  7.155398178390314E+00,
2460867.500000000, A.D. 2025-Jul-11 00:00:00.0000,  2.632007330876368E-03,  7.139333570465074E-03,  2.335850798560240E+00,  3.393513080542955E+02,  3.560779528598603E+02,  2.460869677969935E+06,  5.028368040081526E+01,  2.504836558784363E+02,  2.501996917320023E+02,  7.158173936742266E-03,  7.177014303019458E-03,  7.159380481508335E+00,
2460868.500000000, A.D. 2025-Jul-12 00:00:00.0000,  2.856512715773145E-03,  7.135253482133894E-03,  2.335856434200531E+00,  3.393511528897917E+02,  2.352805128678316E+00,  2.460869801236303E+06,  5.030982473776293E+01,  2.945350296448011E+02,  2.942368122269772E+02,  7.155693812499479E-03,  7.176134142865062E-03,  7.155659990399078E+00,
2460869.500000000, A.D. 2025-Jul-13 00:00:00.0000,  2.946894229086486E-03,  7.135734989433309E-03,  2.335905054156252E+00,  3.393501004915071E+02,  1.558231530733487E-01,  2.460869757836598E+06,  5.029789328233038E+01,  3.470313623278712E+02,  3.469553059472988E+02,  7.156825396893995E-03,  7.177915804354682E-03,  7.157357426070721E+00,
2460870.500000000, A.D. 2025-Jul-14 00:00:00.0000,  2.895676514708578E-03,  7.135947602214490E-03,  2.335937383153460E+00,  3.393502809415464E+02,  3.218173194448189E+00,  2.460869818304252E+06,  5.029952090219375E+01,  3.428896953584237E+01,  3.447646633681297E+01,  7.156671006371135E-03,  7.177394410527780E-03,  7.157125824319713E+00,
2460871.500000000, A.D. 2025-Jul-15 00:00:00.0000,  2.849773033970121E-03,  7.135271850146942E-03,  2.335921613799977E+00,  3.393489622510095E+02,  8.966699487710764E-01,  2.460869772468131E+06,  5.031014053658667E+01,  8.691237112091896E+01,  8.723851781341422E+01,  7.155663868078347E-03,  7.176055886009751E-03,  7.155615074026674E+00,
2460872.500000000, A.D. 2025-Jul-16 00:00:00.0000,  2.521920208539345E-03,  7.140120030163113E-03,  2.335931182565174E+00,  3.393479874973860E+02,  5.075773937641649E+00,  2.460869853793588E+06,  5.028369691251441E+01,  1.330610411757386E+02,  1.332717315472507E+02,  7.158172369718515E-03,  7.176224709273918E-03,  7.159378130576644E+00,
2460873.500000000, A.D. 2025-Jul-17 00:00:00.0000,  2.764763070756050E-03,  7.135746603950864E-03,  2.336003199909149E+00,  3.393476905320800E+02,  3.583636033780946E+02,  2.460876877020874E+06,  5.031155291079005E+01,  1.900968356268036E+02,  1.900414817999688E+02,  7.155529948905288E-03,  7.175313293859712E-03,  7.155414197576731E+00,
2460874.500000000, A.D. 2025-Jul-18 00:00:00.0000,  2.627181681093395E-03,  7.139487515450038E-03,  2.336002424982720E+00,  3.393474354614834E+02,  3.502938114316788E+02,  2.460876717711210E+06,  5.028241897536519E+01,  2.484881157627627E+02,  2.482083717998385E+02,  7.158293653404148E-03,  7.177099791358259E-03,  7.159560087520340E+00,
2460875.500000000, A.D. 2025-Jul-19 00:00:00.0000,  2.862596051884124E-03,  7.135495521600434E-03,  2.336005541985434E+00,  3.393474054706572E+02,  3.560288961644911E+02,  2.460876830286909E+06,  5.030680459066114E+01,  2.930775164178019E+02,  2.927753150551998E+02,  7.155980202274826E-03,  7.176464882949219E-03,  7.156089577329856E+00,
2460876.500000000, A.D. 2025-Jul-20 00:00:00.0000,  2.870964241596381E-03,  7.135769609266637E-03,  2.336043715225950E+00,  3.393463364635680E+02,  3.551949040321028E+02,  2.460876813848834E+06,  5.030327292247668E+01,  3.442123764738923E+02,  3.441225577551072E+02,  7.156315134118285E-03,  7.176860658969932E-03,  7.156591988652563E+00,
2460877.500000000, A.D. 2025-Jul-21 00:00:00.0000,  2.860956203592473E-03,  7.136023097074494E-03,  2.336076899073221E+00,  3.393464582132922E+02,  3.596957117099846E+02,  2.460876902757126E+06,  5.030134990730464E+01,  3.004212277751520E+01,  3.020676157388483E+01,  7.156497523059083E-03,  7.176971949043672E-03,  7.156865584391039E+00,
2460878.500000000, A.D. 2025-Jul-22 00:00:00.0000,  2.800598137279728E-03,  7.135449337647490E-03,  2.336066916006793E+00,  3.393456033813765E+02,  3.576789383296380E+02,  2.460876862938144E+06,  5.031198492976097E+01,  8.236383144473277E+01,  8.268205673869817E+01,  7.155488986775178E-03,  7.175528635902866E-03,  7.155352755463434E+00,
2460879.500000000, A.D. 2025-Jul-23 00:00:00.0000,  2.510407006576129E-03,  7.140266405268152E-03,  2.336072088351242E+00,  3.393445007479955E+02,  3.293447219517574E+00,  2.460876972815583E+06,  5.028302126134707E+01,  1.270744677722524E+02,  1.273035531857836E+02,  7.158236492313184E-03,  7.176206579358217E-03,  7.159474330885815E+00,
2460880.500000000, A.D. 2025-Jul-24 00:00:00.0000,  2.721381054371521E-03,  7.136078492383618E-03,  2.336140032948306E+00,  3.393440142485409E+02,  3.557592185494721E+02,  2.460883979658451E+06,  5.031132588629167E+01,  1.849337696971888E+02,  1.849070401394054E+02,  7.155551474600174E-03,  7.175024456816730E-03,  7.155446485621028E+00,
2460881.500000000, A.D. 2025-Jul-25 00:00:00.0000,  2.536806497088268E-03,  7.140238449275331E-03,  2.336143738405863E+00,  3.393436970101104E+02,  3.476347926536365E+02,  2.460883819383266E+06,  5.028132039042008E+01,  2.433783469043904E+02,  2.431188381569911E+02,  7.158397919626582E-03,  7.176557389977833E-03,  7.159716515093534E+00,
2460882.500000000, A.D. 2025-Jul-26 00:00:00.0000,  2.759404060626455E-03,  7.136875509863896E-03,  2.336137719594032E+00,  3.393426142284058E+02,  3.516530505438540E+02,  2.460883898036365E+06,  5.030002146991868E+01,  2.896787408129165E+02,  2.893806592733029E+02,  7.156623525881587E-03,  7.176371541899279E-03,  7.157054599177332E+00,
2460883.500000000, A.D. 2025-Jul-27 00:00:00.0000,  2.664660256155681E-03,  7.137092473886233E-03,  2.336194184361954E+00,  3.393405260596158E+02,  3.518542869957021E+02,  2.460883902095018E+06,  5.030489589076103E+01,  3.397726519781771E+02,  3.396667483509636E+02,  7.156161212255174E-03,  7.175229950624114E-03,  7.156361098167334E+00,
2460884.500000000, A.D. 2025-Jul-28 00:00:00.0000,  2.677732992683889E-03,  7.137275654604779E-03,  2.336236937731350E+00,  3.393404922174623E+02,  3.569357992747011E+02,  2.460884002521249E+06,  5.030197023542465E+01,  2.502416135710226E+01,  2.515435187450719E+01,  7.156438686585971E-03,  7.175601718567163E-03,  7.156777325323803E+00,
2460885.500000000, A.D. 2025-Jul-29 00:00:00.0000,  2.578151105597021E-03,  7.136786796493370E-03,  2.336231716411817E+00,  3.393399100546562E+02,  3.548302646885018E+02,  2.460883960910338E+06,  5.031467361048126E+01,  7.743879400978265E+01,  7.772735794168938E+01,  7.155234071124646E-03,  7.173681345755922E-03,  7.154970392673022E+00,
2460886.500000000, A.D. 2025-Jul-30 00:00:00.0000,  2.330419691297544E-03,  7.141681216528393E-03,  2.336231397359325E+00,  3.393386497982664E+02,  2.843389404531126E+00,  2.460884118439574E+06,  5.028168612911288E+01,  1.197488738381966E+02,  1.199803905389570E+02,  7.158363207103686E-03,  7.175045197678980E-03,  7.159664436781120E+00,
2460887.500000000, A.D. 2025-Jul-31 00:00:00.0000,  2.483484899406815E-03,  7.138041885891172E-03,  2.336292289947805E+00,  3.393380132471026E+02,  3.544701530431092E+02,  2.460883952987919E+06,  5.030856526826441E+01,  1.784450887960091E+02,  1.784527871524110E+02,  7.155813240015727E-03,  7.173584594140282E-03,  7.155839131574178E+00,
2460888.500000000, A.D. 2025-Aug-01 00:00:00.0000,  2.297806753271237E-03,  7.141780604864575E-03,  2.336317399746717E+00,  3.393378372273310E+02,  3.471595137110395E+02,  2.460890964590391E+06,  5.028310198240783E+01,  2.360727500247663E+02,  2.358546202156956E+02,  7.158228831414861E-03,  7.174677057965147E-03,  7.159462837554263E+00,
2460889.500000000, A.D. 2025-Aug-02 00:00:00.0000,  2.602874332687667E-03,  7.137756806359096E-03,  2.336319861503091E+00,  3.393380119072053E+02,  3.510104121474878E+02,  2.460891039717858E+06,  5.030254709028358E+01,  2.825482699552884E+02,  2.822569224593416E+02,  7.156383974521234E-03,  7.175011142683373E-03,  7.156695253500144E+00,
2460890.500000000, A.D. 2025-Aug-03 00:00:00.0000,  2.541813839643109E-03,  7.137707491555146E-03,  2.336347998761485E+00,  3.393367855785120E+02,  3.518381655641828E+02,  2.460891056149206E+06,  5.030768779512013E+01,  3.320214193616332E+02,  3.318843880136814E+02,  7.155896448182188E-03,  7.174085404809230E-03,  7.155963944638302E+00,
2460891.500000000, A.D. 2025-Aug-04 00:00:00.0000,  2.639047114041440E-03,  7.137734541543563E-03,  2.336385237999555E+00,  3.393366608251530E+02,  3.565623499025132E+02,  2.460891149521083E+06,  5.030004596911016E+01,  1.762910562479755E+01,  1.772098125668547E+01,  7.156621202073182E-03,  7.175507862602801E-03,  7.157051113255049E+00,
2460892.500000000, A.D. 2025-Aug-05 00:00:00.0000,  2.492377321716078E-03,  7.137247904679732E-03,  2.336388609854669E+00,  3.393363476890381E+02,  3.541797423011884E+02,  2.460891102409408E+06,  5.031628751686546E+01,  7.032157003886674E+01,  7.059077676411616E+01,  7.155081066464828E-03,  7.172914228249925E-03,  7.154740895367766E+00,
2460893.500000000, A.D. 2025-Aug-06 00:00:00.0000,  2.306069509361513E-03,  7.141864989294330E-03,  2.336382252521684E+00,  3.393349231846065E+02,  3.609381759980108E+00,  2.460891288172984E+06,  5.028158616949457E+01,  1.112141707143747E+02,  1.114602618634431E+02,  7.158372694301304E-03,  7.174880399308276E-03,  7.159678670169102E+00,
2460894.500000000, A.D. 2025-Aug-07 00:00:00.0000,  2.353738890768680E-03,  7.139420232320190E-03,  2.336443053270443E+00,  3.393340179266424E+02,  3.554677010074500E+02,  2.460891126953412E+06,  5.030380986519567E+01,  1.696770942440016E+02,  1.697252870971775E+02,  7.156264209703185E-03,  7.173108187086180E-03,  7.156515599210662E+00,
2460895.500000000, A.D. 2025-Aug-08 00:00:00.0000,  2.135520208480378E-03,  7.143094165487885E-03,  2.336487748745414E+00,  3.393337671276713E+02,  3.504836490175682E+02,  2.460898185533757E+06,  5.028149831268620E+01,  2.249673389417456E+02,  2.247947259646535E+02,  7.158381032843523E-03,  7.173667900199162E-03,  7.159691180268004E+00,
2460896.500000000, A.D. 2025-Aug-09 00:00:00.0000,  2.484604983702138E-03,  7.138672201202442E-03,  2.336488376635118E+00,  3.393339110369617E+02,  3.534674770897403E+02,  2.460898243272308E+06,  5.030181763318707E+01,  2.723102342588162E+02,  2.720257164627444E+02,  7.156453160390377E-03,  7.174234119578312E-03,  7.156799037068728E+00,
2460897.500000000, A.D. 2025-Aug-10 00:00:00.0000,  2.428480019907703E-03,  7.138197034444641E-03,  2.336509169571824E+00,  3.393327318640288E+02,  3.557788277798925E+02,  2.460898289025369E+06,  5.031108617458823E+01,  3.203032766681883E+02,  3.201251146821776E+02,  7.155574203428635E-03,  7.172951372412628E-03,  7.155480578390562E+00,
2460898.500000000, A.D. 2025-Aug-11 00:00:00.0000,  2.620120662194634E-03,  7.138010024064368E-03,  2.336541277782240E+00,  3.393325019681468E+02,  3.596770030480766E+02,  2.460898366047002E+06,  5.029856580121285E+01,  6.737643683672958E+00,  6.772984174864686E+00,  7.156761603014826E-03,  7.175513181965285E-03,  7.157261728351693E+00,
2460899.500000000, A.D. 2025-Aug-12 00:00:00.0000,  2.449978829076449E-03,  7.137626710661147E-03,  2.336549888134416E+00,  3.393323144626809E+02,  3.579782901051030E+02,  2.460898332453491E+06,  5.031548979002672E+01,  5.874567445453022E+01,  5.898605853464736E+01,  7.155156693077912E-03,  7.172686675494677E-03,  7.154854330193905E+00,
2460900.500000000, A.D. 2025-Aug-13 00:00:00.0000,  2.387489892537338E-03,  7.141390859973255E-03,  2.336535504344569E+00,  3.393308119219612E+02,  7.964736642735504E+00,  2.460898529535384E+06,  5.028043807460494E+01,  9.907582410830814E+01,  9.934585699974124E+01,  7.158481662588598E-03,  7.175572465203941E-03,  7.159842153042509E+00,
2460901.500000000, A.D. 2025-Aug-14 00:00:00.0000,  2.380868212445853E-03,  7.139058153995280E-03,  2.336580270732848E+00,  3.393299431048630E+02,  3.589411306855815E+02,  2.460898350784145E+06,  5.030558483802382E+01,  1.584231453436359E+02,  1.585232003402285E+02,  7.156095875189734E-03,  7.173133596384188E-03,  7.156263090055391E+00,
2460902.500000000, A.D. 2025-Aug-15 00:00:00.0000,  2.173774198610450E-03,  7.142340727863980E-03,  2.336636789665659E+00,  3.393295771116117E+02,  3.538990333452608E+02,  2.460905407717182E+06,  5.028656292566139E+01,  2.137808969704958E+02,  2.136427071427959E+02,  7.157900387041554E-03,  7.173460046219129E-03,  7.158970091715909E+00,
2460903.500000000, A.D. 2025-Aug-16 00:00:00.0000,  2.508178104197576E-03,  7.138695521656868E-03,  2.336642304767240E+00,  3.393298995621222E+02,  3.533404561777082E+02,  2.460905395239405E+06,  5.029978807971103E+01,  2.646698595820660E+02,  2.643837708505326E+02,  7.156645663609834E-03,  7.174595805562799E-03,  7.157087807795556E+00,
2460904.500000000, A.D. 2025-Aug-17 00:00:00.0000,  2.451654056622360E-03,  7.137888245095795E-03,  2.336657025180978E+00,  3.393288499440970E+02,  3.566509116117779E+02,  2.460905460729674E+06,  5.031259771433210E+01,  3.116631943906630E+02,  3.114528867735577E+02,  7.155430886254964E-03,  7.172973527414134E-03,  7.155265606519260E+00,
2460905.500000000, A.D. 2025-Aug-18 00:00:00.0000,  2.682510638348747E-03,  7.137631168212661E-03,  2.336689040367883E+00,  3.393284778536624E+02,  3.594627962401476E+02,  2.460905516237987E+06,  5.029785066733390E+01,  3.591832641402842E+02,  3.591788677451804E+02,  7.156829439320485E-03,  7.176027710428310E-03,  7.157363490162076E+00,
2460906.500000000, A.D. 2025-Aug-19 00:00:00.0000,  2.497152869241226E-03,  7.137342316418219E-03,  2.336701817536790E+00,  3.393283169694663E+02,  3.587662136499554E+02,  2.460905502462645E+06,  5.031492783052816E+01,  5.019102004386666E+01,  5.041127728615049E+01,  7.155209969523639E-03,  7.173077622629058E-03,  7.154934241634210E+00,
2460907.500000000, A.D. 2025-Aug-20 00:00:00.0000,  2.575461054409805E-03,  7.140455382854766E-03,  2.336671197287132E+00,  3.393256847791326E+02,  9.069919865603309E+00,  2.460905706004140E+06,  5.027610636253853E+01,  9.019512663865451E+01,  9.049024648404095E+01,  7.158892832537660E-03,  7.177330282220554E-03,  7.160459034040100E+00,
2460908.500000000, A.D. 2025-Aug-21 00:00:00.0000,  2.550783948033012E-03,  7.138039711628194E-03,  2.336730638963507E+00,  3.393237559720723E+02,  4.365362921727338E-01,  2.460905535052964E+06,  5.030349711612330E+01,  1.491472047086482E+02,  1.492966958476031E+02,  7.156293871162161E-03,  7.174548030696129E-03,  7.156560093008178E+00,
2460909.500000000, A.D. 2025-Aug-22 00:00:00.0000,  2.384292378249976E-03,  7.140486976535812E-03,  2.336808042303739E+00,  3.393231253997402E+02,  3.563181363303658E+02,  2.460912610284454E+06,  5.029022733416630E+01,  2.035830877571639E+02,  2.034740762469367E+02,  7.157552674825321E-03,  7.174618373114829E-03,  7.158448451781452E+00,
2460910.500000000, A.D. 2025-Aug-23 00:00:00.0000,  2.692109525077120E-03,  7.137490877212343E-03,  2.336813869026999E+00,  3.393234263882520E+02,  3.533405414990576E+02,  2.460912549859137E+06,  5.029860744660591E+01,  2.568949399307765E+02,  2.565947117685934E+02,  7.156757652657732E-03,  7.176024428103122E-03,  7.157255802402783E+00,
2460911.500000000, A.D. 2025-Aug-24 00:00:00.0000,  2.660201845646175E-03,  7.136366112225764E-03,  2.336823623847255E+00,  3.393225052016240E+02,  3.568378873994112E+02,  2.460912618963092E+06,  5.031291374115484E+01,  3.037017064572174E+02,  3.034476334458988E+02,  7.155400922967378E-03,  7.174435733708993E-03,  7.155220662673091E+00,
2460912.500000000, A.D. 2025-Aug-25 00:00:00.0000,  2.924127622541729E-03,  7.136197434202489E-03,  2.336853825901757E+00,  3.393220019431513E+02,  3.578885927873500E+02,  2.460912639611753E+06,  5.029472679122693E+01,  3.529782650183656E+02,  3.529371537196097E+02,  7.157125783403747E-03,  7.178054132605004E-03,  7.157808044059124E+00,
2460913.500000000, A.D. 2025-Aug-26 00:00:00.0000,  2.686707376259152E-03,  7.135882263109895E-03,  2.336884665418330E+00,  3.393220166774570E+02,  3.573122030724527E+02,  2.460912628209722E+06,  5.031602515319122E+01,  4.386502153580433E+01,  4.407888373162711E+01,  7.155105939014159E-03,  7.174329614918424E-03,  7.154778202450427E+00,
2460914.500000000, A.D. 2025-Aug-27 00:00:00.0000,  2.761663162338663E-03,  7.138566422811491E-03,  2.336856919230805E+00,  3.393206055530785E+02,  5.640257598594454E+00,  2.460912792650824E+06,  5.028197981144496E+01,  8.584889679791218E+01,  8.616460717403915E+01,  7.158335333806533E-03,  7.178104244801574E-03,  7.159622619275989E+00,
2460915.500000000, A.D. 2025-Aug-28 00:00:00.0000,  2.620387745132321E-03,  7.137534691622497E-03,  2.336882307512200E+00,  3.393197262431013E+02,  3.585076831739045E+02,  2.460912651123575E+06,  5.030357021650110E+01,  1.433086552858790E+02,  1.434876000586347E+02,  7.156286938216049E-03,  7.175039184809601E-03,  7.156549693204659E+00,
2460916.500000000, A.D. 2025-Aug-29 00:00:00.0000,  2.452567535728606E-03,  7.139847224315703E-03,  2.336960665757530E+00,  3.393188951029484E+02,  3.550704809111041E+02,  2.460919739827381E+06,  5.029182344894829E+01,  1.970631733205451E+02,  1.969809488954027E+02,  7.157401234222940E-03,  7.174955244130178E-03,  7.158221263650133E+00,
2460917.500000000, A.D. 2025-Aug-30 00:00:00.0000,  2.719600748439269E-03,  7.137478648339750E-03,  2.336967119831627E+00,  3.393191796451222E+02,  3.508426364627146E+02,  2.460919654707238E+06,  5.029665696868614E+01,  2.516254291739101E+02,  2.513299926213675E+02,  7.156942674995205E-03,  7.176406701650660E-03,  7.157533357020727E+00,
2460918.500000000, A.D. 2025-Aug-31 00:00:00.0000,  2.717632127961698E-03,  7.135847628847577E-03,  2.336973851793739E+00,  3.393183784650260E+02,  3.550893872489661E+02,  2.460919738535448E+06,  5.031405116889829E+01,  2.976842640666858E+02,  2.974080622482797E+02,  7.155293083215507E-03,  7.174738537583438E-03,  7.155058907729826E+00,
2460919.500000000, A.D. 2025-Sep-01 00:00:00.0000,  3.029517120299394E-03,  7.135884662333450E-03,  2.337010513083034E+00,  3.393175658175052E+02,  3.543509004216077E+02,  2.460919723794503E+06,  5.029005908328816E+01,  3.487453612427139E+02,  3.486773541585425E+02,  7.157568639065215E-03,  7.179252615796981E-03,  7.158472401151565E+00,
2460920.500000000, A.D. 2025-Sep-02 00:00:00.0000,  2.783233142339067E-03,  7.135468035175598E-03,  2.337058049029951E+00,  3.393175484820974E+02,  3.530818024827674E+02,  2.460919698698485E+06,  5.031310135836707E+01,  4.031596433573361E+01,  4.052286435897842E+01,  7.155383134662124E-03,  7.175298234148650E-03,  7.155193980903982E+00,
2460921.500000000, A.D. 2025-Sep-03 00:00:00.0000,  2.861862334718379E-03,  7.137609431194572E-03,  2.337023189919693E+00,  3.393161663775056E+02,  3.595468260247641E+02,  2.460919826330423E+06,  5.028451307935259E+01,  8.415965975095141E+01,  8.448601979058945E+01,  7.158094913415614E-03,  7.178580395636657E-03,  7.159261926865914E+00,
2460922.500000000, A.D. 2025-Sep-04 00:00:00.0000,  2.671228050059799E-03,  7.137162090467625E-03,  2.337039318191768E+00,  3.393153471173515E+02,  3.530279156580219E+02,  2.460919696814577E+06,  5.030366296990130E+01,  1.410104947677731E+02,  1.412025873303423E+02,  7.156278141372889E-03,  7.175394192278153E-03,  7.156536497459488E+00,
2460923.500000000, A.D. 2025-Sep-05 00:00:00.0000,  2.515921135437363E-03,  7.139207554167239E-03,  2.337118929580848E+00,  3.393142671721537E+02,  3.496173312199502E+02,  2.460926785891722E+06,  5.029379122114798E+01,  1.947400477625483E+02,  1.946669160729807E+02,  7.157214541503064E-03,  7.175221528838889E-03,  7.157941194312350E+00,
2460924.500000000, A.D. 2025-Sep-06 00:00:00.0000,  2.722462239769474E-03,  7.137822863394884E-03,  2.337120580987944E+00,  3.393144499543635E+02,  3.443292556934568E+02,  2.460926680011633E+06,  5.029280228824648E+01,  2.503611059480018E+02,  2.500676192427640E+02,  7.157308365157411E-03,  7.176793866919938E-03,  7.158081944543636E+00,
2460925.500000000, A.D. 2025-Sep-07 00:00:00.0000,  2.717956764445239E-03,  7.135858490574929E-03,  2.337124776400199E+00,  3.393138398127230E+02,  3.494629748665022E+02,  2.460926781349530E+06,  5.031391172453590E+01,  2.955302928779976E+02,  2.952488382292458E+02,  7.155306303744870E-03,  7.174754116914810E-03,  7.155078737884013E+00,
2460926.500000000, A.D. 2025-Sep-08 00:00:00.0000,  2.985839947017218E-03,  7.135938030751747E-03,  2.337150817409283E+00,  3.393130290044435E+02,  3.488013714314396E+02,  2.460926768149121E+06,  5.029279972117544E+01,  3.465140299561488E+02,  3.464339470314526E+02,  7.157308608708761E-03,  7.178679186665774E-03,  7.158082309910149E+00,
2460927.500000000, A.D. 2025-Sep-09 00:00:00.0000,  2.706567590585044E-03,  7.135642076020491E-03,  2.337203103735771E+00,  3.393129469093892E+02,  3.492978166065898E+02,  2.460926777940402E+06,  5.031706260823986E+01,  3.633191797698457E+01,  3.651617177613358E+01,  7.155007587667663E-03,  7.174373099314835E-03,  7.154630682695036E+00,
2460928.500000000, A.D. 2025-Sep-10 00:00:00.0000,  2.835399341507990E-03,  7.137657985283172E-03,  2.337170766977256E+00,  3.393118915577226E+02,  3.563175653190548E+02,  2.460926916614925E+06,  5.028600172749836E+01,  7.962210464531486E+01,  7.994190475560316E+01,  7.157953642327171E-03,  7.178249299371169E-03,  7.159049986730956E+00,
2460929.500000000, A.D. 2025-Sep-11 00:00:00.0000,  2.602298214746233E-03,  7.137869804399842E-03,  2.337179584033335E+00,  3.393111861054135E+02,  3.509422275952043E+02,  2.460926809631385E+06,  5.030139618495185E+01,  1.353292975857908E+02,  1.355384581027401E+02,  7.156493133705527E-03,  7.175116463011213E-03,  7.156859000023095E+00,
2460930.500000000, A.D. 2025-Sep-12 00:00:00.0000,  2.483597738043143E-03,  7.139240515412998E-03,  2.337262732391775E+00,  3.393098134741111E+02,  3.474518720505653E+02,  2.460933897122570E+06,  5.029588757125254E+01,  1.891387051352941E+02,  1.890936417731524E+02,  7.157015663325573E-03,  7.174790811238148E-03,  7.157642848831322E+00,
2460931.500000000, A.D. 2025-Sep-13 00:00:00.0000,  2.619238767710048E-03,  7.138899727202817E-03,  2.337258220816981E+00,  3.393098738787648E+02,  3.406345083289624E+02,  2.460933761141291E+06,  5.028922991772035E+01,  2.462889457202976E+02,  2.460145019958141E+02,  7.157647314534640E-03,  7.176394901866464E-03,  7.158590429581171E+00,
2460932.500000000, A.D. 2025-Sep-14 00:00:00.0000,  2.605464380368823E-03,  7.137023257447370E-03,  2.337252400730661E+00,  3.393084347180265E+02,  3.457198697989119E+02,  2.460933861538410E+06,  5.031010652400958E+01,  2.915008575497334E+02,  2.912227389099979E+02,  7.155667093176420E-03,  7.174310928905470E-03,  7.155619911641343E+00,
2460933.500000000, A.D. 2025-Sep-15 00:00:00.0000,  2.798911450428771E-03,  7.137349848741540E-03,  2.337296008958595E+00,  3.393064892076205E+02,  3.444138542758972E+02,  2.460933835619940E+06,  5.029201848904308E+01,  3.431209957746711E+02,  3.430275581101333E+02,  7.157382729217449E-03,  7.177415609693358E-03,  7.158193502979637E+00,
2460934.500000000, A.D. 2025-Sep-16 00:00:00.0000,  2.482832060643001E-03,  7.137059355059133E-03,  2.337362937861540E+00,  3.393061993382835E+02,  3.459317395564772E+02,  2.460933865605810E+06,  5.031900369657922E+01,  3.192208358648036E+01,  3.207292062446414E+01,  7.154823580432877E-03,  7.172587805806622E-03,  7.154354688156781E+00,
2460935.500000000, A.D. 2025-Sep-17 00:00:00.0000,  2.634852123398833E-03,  7.138829490805788E-03,  2.337331244734114E+00,  3.393053172335935E+02,  3.531374211297647E+02,  2.460934008057198E+06,  5.028879120500609E+01,  7.502800007697878E+01,  7.531992909373872E+01,  7.157688942715129E-03,  7.176548394624471E-03,  7.158652880170305E+00,
2460936.500000000, A.D. 2025-Sep-18 00:00:00.0000,  2.355522124260073E-03,  7.139917826430108E-03,  2.337334070763134E+00,  3.393046579623019E+02,  3.493449874712287E+02,  2.460933932259915E+06,  5.029841644971408E+01,  1.291532601175048E+02,  1.293621856179844E+02,  7.156775770094935E-03,  7.173633713759761E-03,  7.157282980467398E+00,
2460937.500000000, A.D. 2025-Sep-19 00:00:00.0000,  2.257028174291045E-03,  7.140873475887442E-03,  2.337416271392424E+00,  3.393030152087676E+02,  3.458470655753037E+02,  2.460941019835516E+06,  5.029576714473399E+01,  1.829671724920703E+02,  1.829538221133728E+02,  7.157027087668475E-03,  7.173180699449508E-03,  7.157659986854227E+00,
2460938.500000000, A.D. 2025-Sep-20 00:00:00.0000,  2.341973152773122E-03,  7.141034789698177E-03,  2.337418601637626E+00,  3.393031384914274E+02,  3.382196765026367E+02,  2.460940867889565E+06,  5.028764020320627E+01,  2.409244215196302E+02,  2.406902052255234E+02,  7.157798160823794E-03,  7.174561531949413E-03,  7.158816730021206E+00,
2460939.500000000, A.D. 2025-Sep-21 00:00:00.0000,  2.417436985807216E-03,  7.137854424871411E-03,  2.337425467907557E+00,  3.393029820386044E+02,  3.458143349535667E+02,  2.460941017746247E+06,  5.031554400940334E+01,  2.836337719296840E+02,  2.833643689085497E+02,  7.155151552874385E-03,  7.172448680877361E-03,  7.154846620215824E+00,
2460940.500000000, A.D. 2025-Sep-22 00:00:00.0000,  2.655617865519522E-03,  7.138246268858161E-03,  2.337441414147668E+00,  3.393019950243494E+02,  3.432484320477862E+02,  2.460940966888424E+06,  5.029338376136189E+01,  3.365186013151643E+02,  3.363969778773171E+02,  7.157253198319663E-03,  7.176260127781166E-03,  7.157999185502637E+00,
2460941.500000000, A.D. 2025-Sep-23 00:00:00.0000,  2.381634023037410E-03,  7.137874247885116E-03,  2.337502923731064E+00,  3.393015966865585E+02,  3.459770718910070E+02,  2.460941020829779E+06,  5.031804313762341E+01,  2.411090784162863E+01,  2.422269850540439E+01,  7.154914636014175E-03,  7.171955024143235E-03,  7.154491263012247E+00,
2460942.500000000, A.D. 2025-Sep-24 00:00:00.0000,  2.563186042578753E-03,  7.139164199288850E-03,  2.337475832188507E+00,  3.393009217145733E+02,  3.520696895666713E+02,  2.460941141344202E+06,  5.029067467884501E+01,  6.832771673982938E+01,  6.860099588344278E+01,  7.157510229608998E-03,  7.175856259929146E-03,  7.158384776083259E+00,
2460943.500000000, A.D. 2025-Sep-25 00:00:00.0000,  2.247446203376081E-03,  7.140885324994218E-03,  2.337473857271523E+00,  3.393002740763514E+02,  3.500831906176129E+02,  2.460941101247373E+06,  5.029636649274261E+01,  1.206485412645188E+02,  1.208697867972423E+02,  7.156970230566579E-03,  7.173055136138941E-03,  7.157574693828932E+00,
2460944.500000000, A.D. 2025-Sep-26 00:00:00.0000,  2.134092395484748E-03,  7.141882043468175E-03,  2.337559115798548E+00,  3.392982398375710E+02,  3.469087266682379E+02,  2.460941037647744E+06,  5.029440748548951E+01,  1.741369552101955E+02,  1.741618699951526E+02,  7.157156075822886E-03,  7.172430108177597E-03,  7.157853487067402E+00,
2460945.500000000, A.D. 2025-Sep-27 00:00:00.0000,  2.105278874698525E-03,  7.143206940593088E-03,  2.337568503021194E+00,  3.392983001730115E+02,  3.395648663091970E+02,  2.460948049589914E+06,  5.028259328424831E+01,  2.318000072880658E+02,  2.316107298983420E+02,  7.158277110172371E-03,  7.173347279751654E-03,  7.159535268296809E+00,
2460946.500000000, A.D. 2025-Sep-28 00:00:00.0000,  2.272855824894349E-03,  7.138719941613650E-03,  2.337576756728925E+00,  3.392982447692777E+02,  3.494575336798472E+02,  2.460948244707680E+06,  5.031733057776578E+01,  2.722109669188142E+02,  2.719506830850441E+02,  7.154982184548817E-03,  7.171244427483984E-03,  7.154592580057830E+00,
2460947.500000000, A.D. 2025-Sep-29 00:00:00.0000,  2.484360186316601E-03,  7.139285281655686E-03,  2.337586223101987E+00,  3.392972422103933E+02,  3.457294057004220E+02,  2.460948170847222E+06,  5.029535684358984E+01,  3.262594995866702E+02,  3.261009662266773E+02,  7.157066011505512E-03,  7.174846741355337E-03,  7.157718377852251E+00,
2460948.500000000, A.D. 2025-Sep-30 00:00:00.0000,  2.277643635648421E-03,  7.138686384070989E-03,  2.337642740197915E+00,  3.392967076968104E+02,  3.502891096132415E+02,  2.460948261021501E+06,  5.031732318569933E+01,  1.202475835602432E+01,  1.207928516541994E+01,  7.154982885302873E-03,  7.171279386534756E-03,  7.154593631131702E+00,
2460949.500000000, A.D. 2025-Oct-01 00:00:00.0000,  2.515227098936749E-03,  7.139501445659400E-03,  2.337617627458712E+00,  3.392961462736619E+02,  3.551180341668592E+02,  2.460948356604411E+06,  5.029073828895030E+01,  5.750220831276258E+01,  5.774571032455994E+01,  7.157504194169329E-03,  7.175506942679258E-03,  7.158375721819497E+00,
2460950.500000000, A.D. 2025-Oct-02 00:00:00.0000,  2.208058974862255E-03,  7.141516603450560E-03,  2.337610121456954E+00,  3.392955100339927E+02,  3.557188723708705E+02,  2.460948367833005E+06,  5.029267555554222E+01,  1.072323828973810E+02,  1.074738516394693E+02,  7.157320388971393E-03,  7.173124174492227E-03,  7.158099982221530E+00,
2460951.500000000, A.D. 2025-Oct-03 00:00:00.0000,  2.145458780275085E-03,  7.141373047547030E-03,  2.337682152040285E+00,  3.392933960364091E+02,  3.513067866519469E+02,  2.460948280070437E+06,  5.029892520293819E+01,  1.619589962531239E+02,  1.620349421454155E+02,  7.156727511424455E-03,  7.172081975301879E-03,  7.157210587453481E+00,
2460952.500000000, A.D. 2025-Oct-04 00:00:00.0000,  2.052820272644805E-03,  7.143349196589146E-03,  2.337690657430842E+00,  3.392934123528328E+02,  3.427253189842269E+02,  2.460955266850131E+06,  5.028505617799577E+01,  2.208687857460821E+02,  2.207151624129492E+02,  7.158043373137996E-03,  7.172737549686847E-03,  7.159184603984440E+00,
2460953.500000000, A.D. 2025-Oct-05 00:00:00.0000,  2.295275859342428E-03,  7.138497152484838E-03,  2.337709340977970E+00,  3.392936671037519E+02,  3.507123247158209E+02,  2.460955423953223E+06,  5.031799006724482E+01,  2.631905408249482E+02,  2.629294666553180E+02,  7.154919666871744E-03,  7.171342181258649E-03,  7.154498808853393E+00,
2460954.500000000, A.D. 2025-Oct-06 00:00:00.0000,  2.460941744218463E-03,  7.139433396017042E-03,  2.337713353175377E+00,  3.392927296130192E+02,  3.459059816454421E+02,  2.460955328810581E+06,  5.029556282774778E+01,  3.183145053680315E+02,  3.181265301622313E+02,  7.157046470441461E-03,  7.174659544865881E-03,  7.157689063604433E+00,
2460955.500000000, A.D. 2025-Oct-07 00:00:00.0000,  2.297594306839412E-03,  7.138595652954802E-03,  2.337767995377458E+00,  3.392920304836168E+02,  3.515285298789388E+02,  2.460955439992569E+06,  5.031677322863834E+01,  3.019380309276737E+00,  3.033288394072851E+00,  7.155035020683561E-03,  7.171474388412321E-03,  7.154671830090687E+00,
2460956.500000000, A.D. 2025-Oct-08 00:00:00.0000,  2.551201724426290E-03,  7.139152073917777E-03,  2.337746893058307E+00,  3.392915430690373E+02,  3.551840468301386E+02,  2.460955512371125E+06,  5.029170917930824E+01,  4.966954414977669E+01,  4.989286709858627E+01,  7.157412075948364E-03,  7.175672077978951E-03,  7.158237528107646E+00,
2460957.500000000, A.D. 2025-Oct-09 00:00:00.0000,  2.312215693018519E-03,  7.141417796181484E-03,  2.337724281891998E+00,  3.392899360697427E+02,  3.589314665541171E+02,  2.460955585995377E+06,  5.028584449254373E+01,  9.624733885952666E+01,  9.651064202255638E+01,  7.157968563423966E-03,  7.174519330666448E-03,  7.159072371815888E+00,
2460958.500000000, A.D. 2025-Oct-10 00:00:00.0000,  2.313730313641424E-03,  7.140087715028169E-03,  2.337809470962687E+00,  3.392865698686273E+02,  3.537098421613204E+02,  2.460955482557087E+06,  5.029978174545827E+01,  1.517767199480871E+02,  1.519017852976290E+02,  7.156646264434199E-03,  7.173204813840228E-03,  7.157088709087799E+00,
2460959.500000000, A.D. 2025-Oct-11 00:00:00.0000,  2.168086793199533E-03,  7.142456314179238E-03,  2.337831289784061E+00,  3.392864028271383E+02,  3.462072761104654E+02,  2.460962490736263E+06,  5.028577217487424E+01,  2.096085176566659E+02,  2.094860570961546E+02,  7.157975426166757E-03,  7.173494538154275E-03,  7.159082667519968E+00,
2460960.500000000, A.D. 2025-Oct-12 00:00:00.0000,  2.488728215286092E-03,  7.136997259471930E-03,  2.337856153870717E+00,  3.392867424158922E+02,  3.520493600644609E+02,  2.460962604955052E+06,  5.031921425445626E+01,  2.540803157717020E+02,  2.538063011414267E+02,  7.154803621118639E-03,  7.172609982765347E-03,  7.154324751168355E+00,
2460961.500000000, A.D. 2025-Oct-13 00:00:00.0000,  2.612868302840491E-03,  7.138386473413307E-03,  2.337855401462463E+00,  3.392858348792526E+02,  3.464582288377506E+02,  2.460962494382655E+06,  5.029513561220583E+01,  3.099873895226729E+02,  3.097575019276829E+02,  7.157086999174122E-03,  7.175787524934937E-03,  7.157749862247786E+00,
2460962.500000000, A.D. 2025-Oct-14 00:00:00.0000,  2.517710071272107E-03,  7.137341558698028E-03,  2.337904889283043E+00,  3.392850118601234E+02,  3.518126145383927E+02,  2.460962600188331E+06,  5.031338046541544E+01,  3.549591863975106E+02,  3.549337568051751E+02,  7.155356672255309E-03,  7.173371785812590E-03,  7.155154288379766E+00,
2460963.500000000, A.D. 2025-Oct-15 00:00:00.0000,  2.733000613493566E-03,  7.137641176135623E-03,  2.337901172998864E+00,  3.392847058175410E+02,  3.534409078359258E+02,  2.460962632447428E+06,  5.029392538549101E+01,  4.363262431733521E+01,  4.384926273614076E+01,  7.157201813081670E-03,  7.176762450027718E-03,  7.157922099750325E+00,
2460964.500000000, A.D. 2025-Oct-16 00:00:00.0000,  2.475369331667635E-03,  7.139957818154885E-03,  2.337885521749283E+00,  3.392841816529975E+02,  3.572644497109618E+02,  2.460962707570805E+06,  5.028893067135364E+01,  9.013934752079015E+01,  9.042299981949098E+01,  7.157675709091192E-03,  7.175393600027499E-03,  7.158633027070285E+00,
2460965.500000000, A.D. 2025-Oct-17 00:00:00.0000,  2.411438602610871E-03,  7.139012421988715E-03,  2.337934339542251E+00,  3.392819798425192E+02,  3.516946436880954E+02,  2.460962597127621E+06,  5.030375591799023E+01,  1.460253836214985E+02,  1.461794189051275E+02,  7.156269326092334E-03,  7.173526230195955E-03,  7.156523274065355E+00,
2460966.500000000, A.D. 2025-Oct-18 00:00:00.0000,  2.171693644828735E-03,  7.142540489489387E-03,  2.337948779367722E+00,  3.392817718308850E+02,  3.453641057547876E+02,  2.460969628498974E+06,  5.028461059974311E+01,  2.026846473289786E+02,  2.025889129827805E+02,  7.158085658623361E-03,  7.173630827757333E-03,  7.159248042418749E+00,
2460967.500000000, A.D. 2025-Oct-19 00:00:00.0000,  2.536628226250175E-03,  7.136662851830054E-03,  2.337979985638476E+00,  3.392821601769693E+02,  3.501868432865630E+02,  2.460969722269490E+06,  5.031912639232726E+01,  2.481773406674269E+02,  2.479078133631674E+02,  7.154811949775367E-03,  7.172961047720680E-03,  7.154337243320929E+00,
2460968.500000000, A.D. 2025-Oct-20 00:00:00.0000,  2.625704422734373E-03,  7.138225278042120E-03,  2.337975691916996E+00,  3.392812796072292E+02,  3.445769138851211E+02,  2.460969611379876E+06,  5.029586831035476E+01,  3.041021840901717E+02,  3.038525822828643E+02,  7.157017490520569E-03,  7.175809702999016E-03,  7.157645589864173E+00,
2460969.500000000, A.D. 2025-Oct-21 00:00:00.0000,  2.619109944853183E-03,  7.137077438165522E-03,  2.338026401305644E+00,  3.392801912948914E+02,  3.493150128774673E+02,  2.460969704942441E+06,  5.030850119618081E+01,  3.496896529609161E+02,  3.496357625514133E+02,  7.155819315698841E-03,  7.174561193232160E-03,  7.155848245133757E+00,
2460970.500000000, A.D. 2025-Oct-22 00:00:00.0000,  2.822267357321567E-03,  7.137142783489002E-03,  2.338042655014619E+00,  3.392798894378127E+02,  3.488721894185648E+02,  2.460969696246997E+06,  5.029244020363682E+01,  4.042269983858208E+01,  4.063296875183966E+01,  7.157342718207762E-03,  7.177542652926522E-03,  7.158133479750443E+00,
2460971.500000000, A.D. 2025-Oct-23 00:00:00.0000,  2.575359956733629E-03,  7.139289895123722E-03,  2.338020481017799E+00,  3.392793165391222E+02,  3.522674720118417E+02,  2.460969762918906E+06,  5.028842585808100E+01,  8.735507379382268E+01,  8.764991641748756E+01,  7.157723609889999E-03,  7.176157324656277E-03,  7.158704887998607E+00,
2460972.500000000, A.D. 2025-Oct-24 00:00:00.0000,  2.505313180580803E-03,  7.137991744867180E-03,  2.338055768907195E+00,  3.392772279818444E+02,  3.457372706191456E+02,  2.460969633513761E+06,  5.030744402642578E+01,  1.442055960404745E+02,  1.443730817572013E+02,  7.155919564471225E-03,  7.173847384075270E-03,  7.155998619426920E+00,
2460973.500000000, A.D. 2025-Oct-25 00:00:00.0000,  2.204643498448394E-03,  7.142349629818119E-03,  2.338068701975149E+00,  3.392769026331155E+02,  3.400644863763385E+02,  2.460976677778744E+06,  5.028413539612920E+01,  2.002081433840559E+02,  2.001211009451977E+02,  7.158130756250929E-03,  7.173911882683739E-03,  7.159315699951605E+00,
2460974.500000000, A.D. 2025-Oct-26 00:00:00.0000,  2.568149982407714E-03,  7.136643814088787E-03,  2.338100084872227E+00,  3.392772228065305E+02,  3.438723726883506E+02,  2.460976751399286E+06,  5.031694247763905E+01,  2.467164716527998E+02,  2.464464937657321E+02,  7.155018975945990E-03,  7.173394137803192E-03,  7.154647764219471E+00,
2460975.500000000, A.D. 2025-Oct-27 00:00:00.0000,  2.618001999255924E-03,  7.138329511351124E-03,  2.338092194576684E+00,  3.392764135297437E+02,  3.385849222339689E+02,  2.460976646953471E+06,  5.029534930837994E+01,  3.023135745476712E+02,  3.020595897578725E+02,  7.157066726349516E-03,  7.175803941347908E-03,  7.157719450216020E+00,
2460976.500000000, A.D. 2025-Oct-28 00:00:00.0000,  2.600653122851857E-03,  7.137090103128729E-03,  2.338129271606144E+00,  3.392753922713076E+02,  3.439283897943798E+02,  2.460976752485222E+06,  5.030976374830948E+01,  3.472975281273514E+02,  3.472317901501968E+02,  7.155699595628291E-03,  7.174309088127853E-03,  7.155668665053048E+00,
2460977.500000000, A.D. 2025-Oct-29 00:00:00.0000,  2.727449522765127E-03,  7.137195223005524E-03,  2.338153604076626E+00,  3.392750631420482E+02,  3.441394436131706E+02,  2.460976756709396E+06,  5.029905919642334E+01,  3.738681809529660E+01,  3.757710691291915E+01,  7.156714801375101E-03,  7.176234379744678E-03,  7.157191521101033E+00,
2460978.500000000, A.D. 2025-Oct-30 00:00:00.0000,  2.535212392435372E-03,  7.139688429955253E-03,  2.338133924855360E+00,  3.392747119758399E+02,  3.499154843062917E+02,  2.460976870525212E+06,  5.028725132666446E+01,  8.194180822579172E+01,  8.222958031715946E+01,  7.157835062107716E-03,  7.175981694260179E-03,  7.158872089895129E+00,
2460979.500000000, A.D. 2025-Oct-31 00:00:00.0000,  2.452592397961990E-03,  7.138263972966872E-03,  2.338157180164947E+00,  3.392728970496267E+02,  3.429077892150078E+02,  2.460976731695510E+06,  5.030855442069821E+01,  1.392693970926427E+02,  1.394523553772707E+02,  7.155814268643375E-03,  7.173364564319878E-03,  7.155840674521288E+00,
2460980.500000000, A.D. 2025-Nov-01 00:00:00.0000,  2.116523975277021E-03,  7.143019676535727E-03,  2.338173790272677E+00,  3.392723755162878E+02,  3.381951698904694E+02,  2.460983795089522E+06,  5.028372066830990E+01,  1.943106388827467E+02,  1.942508424637815E+02,  7.158170115203667E-03,  7.173320553871607E-03,  7.159374748234994E+00,
2460981.500000000, A.D. 2025-Nov-02 00:00:00.0000,  2.491802841894008E-03,  7.137388469345710E-03,  2.338204121012499E+00,  3.392725927798318E+02,  3.404293683474290E+02,  2.460983837381521E+06,  5.031484458641697E+01,  2.423950120218993E+02,  2.421423428651132E+02,  7.155217861547486E-03,  7.173047253749262E-03,  7.154946079217063E+00,
2460982.500000000, A.D. 2025-Nov-03 00:00:00.0000,  2.480909958284548E-03,  7.139647177391393E-03,  2.338183457995250E+00,  3.392709794133443E+02,  3.342234951587894E+02,  2.460983714850372E+06,  5.029179374608472E+01,  2.989029956485671E+02,  2.986537430600243E+02,  7.157404052380413E-03,  7.175160927369431E-03,  7.158225491371073E+00,
2460983.500000000, A.D. 2025-Nov-04 00:00:00.0000,  2.438319520997655E-03,  7.138490910878810E-03,  2.338233415500203E+00,  3.392688129457157E+02,  3.396022072997819E+02,  2.460983821107418E+06,  5.030723509266762E+01,  3.438459736409470E+02,  3.437680076235068E+02,  7.155939377554175E-03,  7.173387844229539E-03,  7.156028339400243E+00,
2460984.500000000, A.D. 2025-Nov-05 00:00:00.0000,  2.480195292591481E-03,  7.138545963215300E-03,  2.338279608411201E+00,  3.392682611873657E+02,  3.395204896849564E+02,  2.460983819531898E+06,  5.030348550564828E+01,  3.422991727880738E+01,  3.439019999437767E+01,  7.156294972318037E-03,  7.174043981420776E-03,  7.156561744803503E+00,
2460985.500000000, A.D. 2025-Nov-06 00:00:00.0000,  2.330780154859656E-03,  7.141146560883321E-03,  2.338258143940352E+00,  3.392679605701513E+02,  3.472181096203186E+02,  2.460983971462169E+06,  5.028730584482867E+01,  7.686604938737220E+01,  7.712632191060041E+01,  7.157829888739854E-03,  7.174513216596389E-03,  7.158864328720464E+00,
2460986.500000000, A.D. 2025-Nov-07 00:00:00.0000,  2.216439812007704E-03,  7.139909999937234E-03,  2.338271343356254E+00,  3.392664079780797E+02,  3.396591801514879E+02,  2.460983821633033E+06,  5.030901774233615E+01,  1.347460112647964E+02,  1.349260488893205E+02,  7.155770334191521E-03,  7.171630668445808E-03,  7.155774772701476E+00,
2460987.500000000, A.D. 2025-Nov-08 00:00:00.0000,  1.836593002975645E-03,  7.145255571713157E-03,  2.338289702709250E+00,  3.392656730179707E+02,  3.362525734092371E+02,  2.460990911266150E+06,  5.028127061456424E+01,  1.884772035551986E+02,  1.884462489873769E+02,  7.158402643921465E-03,  7.171549716129773E-03,  7.159723602842369E+00,
2460988.500000000, A.D. 2025-Nov-09 00:00:00.0000,  2.234706189836237E-03,  7.139349313584834E-03,  2.338327596256251E+00,  3.392658915818202E+02,  3.378877898740872E+02,  2.460990941494884E+06,  5.031356269716123E+01,  2.371596940548091E+02,  2.369448666418273E+02,  7.155339394820819E-03,  7.171329476056803E-03,  7.155128372976691E+00,
2460989.500000000, A.D. 2025-Nov-10 00:00:00.0000,  2.222387669749437E-03,  7.140935971201759E-03,  2.338319458277624E+00,  3.392653773960499E+02,  3.333907232422590E+02,  2.460990852707227E+06,  5.029772619248851E+01,  2.919619022623261E+02,  2.917254709150304E+02,  7.156841246943321E-03,  7.172746522684884E-03,  7.157381202925284E+00,
2460990.500000000, A.D. 2025-Nov-11 00:00:00.0000,  2.298868362445644E-03,  7.139471295956487E-03,  2.338339850217728E+00,  3.392643973109939E+02,  3.390221292581264E+02,  2.460990963935435E+06,  5.030742025993611E+01,  3.366606050812608E+02,  3.365559638348673E+02,  7.155921818228546E-03,  7.172372340500604E-03,  7.156002000100515E+00,
2460991.500000000, A.D. 2025-Nov-12 00:00:00.0000,  2.326266215511887E-03,  7.139474994459173E-03,  2.338384953509515E+00,  3.392637574115793E+02,  3.386015788583126E+02,  2.460990955650407E+06,  5.030530894745873E+01,  2.738367444796265E+01,  2.750659994946491E+01,  7.156122039393495E-03,  7.172769084327816E-03,  7.156302337313964E+00,
2460992.500000000, A.D. 2025-Nov-13 00:00:00.0000,  2.253341762199300E-03,  7.141807969796367E-03,  2.338363366279717E+00,  3.392635341143687E+02,  3.473973109917838E+02,  2.460991129447316E+06,  5.028617448025359E+01,  6.891985139345567E+01,  6.916102881051638E+01,  7.157937248730132E-03,  7.174066527663898E-03,  7.159025392583106E+00,
2460993.500000000, A.D. 2025-Nov-14 00:00:00.0000,  2.091273017783259E-03,  7.140704051912940E-03,  2.338369390636420E+00,  3.392622785222674E+02,  3.392385921068502E+02,  2.460990967683781E+06,  5.031009159888863E+01,  1.274010609464381E+02,  1.275911313895496E+02,  7.155668508388733E-03,  7.170632964864528E-03,  7.155622034445919E+00,
2460994.500000000, A.D. 2025-Nov-15 00:00:00.0000,  1.653250411922870E-03,  7.146858656199045E-03,  2.338394591863631E+00,  3.392611580336695E+02,  3.384843644048341E+02,  2.460990950205599E+06,  5.027820343042365E+01,  1.784772850047530E+02,  1.784823088910967E+02,  7.158693769622504E-03,  7.170528883045963E-03,  7.160160376417939E+00,
2460995.500000000, A.D. 2025-Nov-16 00:00:00.0000,  2.014748168107753E-03,  7.141415649255037E-03,  2.338439595380259E+00,  3.392612643767478E+02,  3.389510444323491E+02,  2.460998117447487E+06,  5.030835846451755E+01,  2.283205135511462E+02,  2.281483684421399E+02,  7.155832850381627E-03,  7.170250051508217E-03,  7.155868547249614E+00,
2460996.500000000, A.D. 2025-Nov-17 00:00:00.0000,  1.978398389140439E-03,  7.142442173067745E-03,  2.338431148500813E+00,  3.392608068811270E+02,  3.369851689208572E+02,  2.460998078772519E+06,  5.030026126803021E+01,  2.805873297978092E+02,  2.803643807761185E+02,  7.156600780523654E-03,  7.170759387979563E-03,  7.157020479112472E+00,
2460997.500000000, A.D. 2025-Nov-18 00:00:00.0000,  2.129327781714158E-03,  7.140659457371105E-03,  2.338443410200766E+00,  3.392599172101575E+02,  3.424859301730308E+02,  2.460998187354613E+06,  5.030768506544988E+01,  3.254207806179043E+02,  3.252819939178962E+02,  7.155896707032467E-03,  7.171133956693830E-03,  7.155964332917387E+00,
2460998.500000000, A.D. 2025-Nov-19 00:00:00.0000,  2.133701288523903E-03,  7.140625660574606E-03,  2.338490057620086E+00,  3.392591081664169E+02,  3.422309333166896E+02,  2.460998182336884E+06,  5.030771148982200E+01,  1.598090441388638E+01,  1.604839356997265E+01,  7.155894201252359E-03,  7.171162741930112E-03,  7.155960574212033E+00,
2460999.500000000, A.D. 2025-Nov-20 00:00:00.0000,  2.197387420059464E-03,  7.142465651099125E-03,  2.338464000932010E+00,  3.392588950640672E+02,  3.522486680066673E+02,  2.460998380499210E+06,  5.028345868303217E+01,  5.629237171972868E+01,  5.650216016649978E+01,  7.158194978695643E-03,  7.173924306292163E-03,  7.159412049781684E+00,
2461000.500000000, A.D. 2025-Nov-21 00:00:00.0000,  1.979534086831410E-03,  7.141616882467512E-03,  2.338464453611007E+00,  3.392579370085668E+02,  3.444939941112852E+02,  2.460998226713415E+06,  5.030889475020967E+01,  1.143665355323312E+02,  1.145729566091317E+02,  7.155781996848205E-03,  7.169947111228900E-03,  7.155792266704481E+00,
2461001.500000000, A.D. 2025-Nov-22 00:00:00.0000,  1.592486905749588E-03,  7.147091285327605E-03,  2.338483676146433E+00,  3.392566732478396E+02,  3.466908144520337E+02,  2.460998268314650E+06,  5.028033876322871E+01,  1.624902341925054E+02,  1.625450342740022E+02,  7.158491088651206E-03,  7.169890891974806E-03,  7.159856294828250E+00,
2461002.500000000, A.D. 2025-Nov-23 00:00:00.0000,  1.970965095234579E-03,  7.141485143527064E-03,  2.338523798075942E+00,  3.392567062790395E+02,  3.420902238393846E+02,  2.461005334131546E+06,  5.031093477517948E+01,  2.174121926363112E+02,  2.172752431486986E+02,  7.155588558812345E-03,  7.169691974097625E-03,  7.155502111195185E+00,
2461003.500000000, A.D. 2025-Nov-24 00:00:00.0000,  1.925777863078832E-03,  7.142606127171699E-03,  2.338525894259665E+00,  3.392565495705228E+02,  3.398432741768496E+02,  2.461005289906326E+06,  5.030250738597133E+01,  2.699632238183108E+02,  2.697425468626741E+02,  7.156387740261504E-03,  7.170169353351309E-03,  7.156700902356985E+00,
2461004.500000000, A.D. 2025-Nov-25 00:00:00.0000,  2.122136063098825E-03,  7.140884794540120E-03,  2.338532015590816E+00,  3.392558471819110E+02,  3.434011971027723E+02,  2.461005359955308E+06,  5.030584765788009E+01,  3.167392193055152E+02,  3.165722416447100E+02,  7.156070950774853E-03,  7.171257107009586E-03,  7.156225702592018E+00,
2461005.500000000, A.D. 2025-Nov-26 00:00:00.0000,  2.077998476251027E-03,  7.140790648205892E-03,  2.338582504564688E+00,  3.392548087702251E+02,  3.436381689091250E+02,  2.461005364672180E+06,  5.031018028627001E+01,  6.808367042160532E+00,  6.836669039324547E+00,  7.155660098988158E-03,  7.170529549770425E-03,  7.155609420430689E+00,
2461006.500000000, A.D. 2025-Nov-27 00:00:00.0000,  2.247778396936152E-03,  7.142252186981568E-03,  2.338554428294193E+00,  3.392546136768838E+02,  3.536246420139281E+02,  2.461005562283345E+06,  5.028190372907677E+01,  4.715017855276011E+01,  4.733937898266066E+01,  7.158342554733968E-03,  7.174432922486368E-03,  7.159633452617686E+00,
2461007.500000000, A.D. 2025-Nov-28 00:00:00.0000,  2.013360278708258E-03,  7.141793755565217E-03,  2.338541318769415E+00,  3.392531015764317E+02,  3.482096243340445E+02,  2.461005454847185E+06,  5.030446825877615E+01,  1.028803248541210E+02,  1.031051069881419E+02,  7.156201767951232E-03,  7.170609780337247E-03,  7.156421933496815E+00,
2461008.500000000, A.D. 2025-Nov-29 00:00:00.0000,  1.725743286872933E-03,  7.146249902843900E-03,  2.338579260454373E+00,  3.392503745717103E+02,  3.528879466733855E+02,  2.461005546215239E+06,  5.027915111972867E+01,  1.485137903843823E+02,  1.486168870991911E+02,  7.158603815321573E-03,  7.170957727799246E-03,  7.160025417747004E+00,
2461009.500000000, A.D. 2025-Nov-30 00:00:00.0000,  2.083831882375067E-03,  7.140678110137815E-03,  2.338628940374447E+00,  3.392501877699424E+02,  3.453457346028762E+02,  2.461012553403409E+06,  5.031092848795118E+01,  2.063804394262287E+02,  2.062745853184950E+02,  7.155589154956089E-03,  7.170500199774364E-03,  7.155503005400017E+00,
2461010.500000000, A.D. 2025-Dec-01 00:00:00.0000,  2.053646712830387E-03,  7.141396823762592E-03,  2.338638075163471E+00,  3.392501337052296E+02,  3.441057347590586E+02,  2.461012529059094E+06,  5.030561610017552E+01,  2.579269321635717E+02,  2.576969308202976E+02,  7.156092910444837E-03,  7.170788997127081E-03,  7.156258642834590E+00,
2461011.500000000, A.D. 2025-Dec-02 00:00:00.0000,  2.288325750563097E-03,  7.139923795587132E-03,  2.338639479960243E+00,  3.392495452362698E+02,  3.447682652855383E+02,  2.461012541696385E+06,  5.030343522982064E+01,  3.075990933500419E+02,  3.073909716601360E+02,  7.156299740562208E-03,  7.172675685537282E-03,  7.156568897437574E+00,
2461012.500000000, A.D. 2025-Dec-03 00:00:00.0000,  2.224051917540366E-03,  7.139775705918954E-03,  2.338689395884123E+00,  3.392483031695843E+02,  3.452303052987804E+02,  2.461012550859722E+06,  5.030986143587351E+01,  3.574412544448006E+02,  3.574298449778851E+02,  7.155690332724774E-03,  7.171604959530594E-03,  7.155654770762327E+00,
2461013.500000000, A.D. 2025-Dec-04 00:00:00.0000,  2.460900711147648E-03,  7.140814108166992E-03,  2.338670158983408E+00,  3.392482217198558E+02,  3.529328177922702E+02,  2.461012703239744E+06,  5.028097928708586E+01,  4.006188591595746E+01,  4.024381221457523E+01,  7.158430294369105E-03,  7.176046480571218E-03,  7.159765086207504E+00,
2461014.500000000, A.D. 2025-Dec-05 00:00:00.0000,  2.145426015269081E-03,  7.140406637822866E-03,  2.338670144904899E+00,  3.392479226998528E+02,  3.472509909030812E+02,  2.461012590530315E+06,  5.030913949737736E+01,  9.606377673463551E+01,  9.630817893151428E+01,  7.155758788887534E-03,  7.171110939952202E-03,  7.155757454741737E+00,
2461015.500000000, A.D. 2025-Dec-06 00:00:00.0000,  1.824592717726902E-03,  7.145237495559243E-03,  2.338680250058198E+00,  3.392463280827104E+02,  3.526165734717939E+02,  2.461012695480951E+06,  5.028236817429831E+01,  1.410178593994861E+02,  1.411491559829444E+02,  7.158298474827729E-03,  7.171359454096215E-03,  7.159567320936427E+00,
2461016.500000000, A.D. 2025-Dec-07 00:00:00.0000,  2.081714965110710E-03,  7.140894452556935E-03,  2.338712813599131E+00,  3.392461937519094E+02,  3.439354575127768E+02,  2.461019679840914E+06,  5.030880223807699E+01,  2.000260122899279E+02,  1.999445219381776E+02,  7.155790769288563E-03,  7.170687086020192E-03,  7.155805425387936E+00,
2461017.500000000, A.D. 2025-Dec-08 00:00:00.0000,  2.073452647642107E-03,  7.141074356204336E-03,  2.338729992809328E+00,  3.392462143763750E+02,  3.439060030496825E+02,  2.461019679382521E+06,  5.030752590005842E+01,  2.503606573795567E+02,  2.501370744878142E+02,  7.155911800473320E-03,  7.170749244742306E-03,  7.155986973304564E+00,
2461018.500000000, A.D. 2025-Dec-09 00:00:00.0000,  2.318441814384804E-03,  7.139845888330877E-03,  2.338728321032939E+00,  3.392457204901450E+02,  3.429234594205704E+02,  2.461019659425871E+06,  5.030198092547995E+01,  3.016785819555263E+02,  3.014521475058604E+02,  7.156437672673245E-03,  7.173029457015612E-03,  7.156775804382799E+00,
2461019.500000000, A.D. 2025-Dec-10 00:00:00.0000,  2.264438577941025E-03,  7.139616085020399E-03,  2.338781607642710E+00,  3.392441336253859E+02,  3.435682361527462E+02,  2.461019672185466E+06,  5.030849398099588E+01,  3.513376085422781E+02,  3.512984172667320E+02,  7.155819999884941E-03,  7.172023914749483E-03,  7.155849271417082E+00,
2461020.500000000, A.D. 2025-Dec-11 00:00:00.0000,  2.585603790814015E-03,  7.140347944759740E-03,  2.338776036781939E+00,  3.392440414760011E+02,  3.488383366587635E+02,  2.461019776439193E+06,  5.027647419856009E+01,  3.637808623780691E+01,  3.655427627683866E+01,  7.158857914922464E-03,  7.177367885085187E-03,  7.160406646222425E+00,
2461021.500000000, A.D. 2025-Dec-12 00:00:00.0000,  2.233399333648464E-03,  7.139726095856444E-03,  2.338775502436535E+00,  3.392438816808303E+02,  3.423369705296811E+02,  2.461019647531385E+06,  5.030967882159371E+01,  9.319710105171812E+01,  9.345259080612777E+01,  7.155707648550500E-03,  7.171689201244555E-03,  7.155680744387545E+00,
2461022.500000000, A.D. 2025-Dec-13 00:00:00.0000,  1.922795301184943E-03,  7.144248723148565E-03,  2.338779014135244E+00,  3.392422197884077E+02,  3.469640524718468E+02,  2.461019737915563E+06,  5.028538555891474E+01,  1.388924808717537E+02,  1.390370841195010E+02,  7.158012115209515E-03,  7.171775507270464E-03,  7.159137709667577E+00,
2461023.500000000, A.D. 2025-Dec-14 00:00:00.0000,  2.109450188120848E-03,  7.140852702349473E-03,  2.338801842001264E+00,  3.392420887327250E+02,  3.379130499650055E+02,  2.461026714764822E+06,  5.030714608846009E+01,  1.982743564354988E+02,  1.981987486242632E+02,  7.155947817819957E-03,  7.171042933290441E-03,  7.156040999960044E+00,
2461024.500000000, A.D. 2025-Dec-15 00:00:00.0000,  2.110081707352209E-03,  7.140785398989508E-03,  2.338822213766140E+00,  3.392420813956335E+02,  3.383710734979894E+02,  2.461026723908954E+06,  5.030780956651579E+01,  2.481200118364150E+02,  2.478958527303587E+02,  7.155884900818644E-03,  7.170984402647779E-03,  7.155946623436598E+00,
2461025.500000000, A.D. 2025-Dec-16 00:00:00.0000,  2.336601371118022E-03,  7.140009581087767E-03,  2.338817405124637E+00,  3.392416666400051E+02,  3.362255507359894E+02,  2.461026680998761E+06,  5.029887776796090E+01,  3.005970876775315E+02,  3.003662704439444E+02,  7.156732010917204E-03,  7.173454440746639E-03,  7.157217337149236E+00,
2461026.500000000, A.D. 2025-Dec-17 00:00:00.0000,  2.214742208675674E-03,  7.139614920754214E-03,  2.338859949025923E+00,  3.392400589637974E+02,  3.382289872948148E+02,  2.461026720652240E+06,  5.031226507019364E+01,  3.488984860027554E+02,  3.488494860313035E+02,  7.155462425410362E-03,  7.171309930066511E-03,  7.155312914211724E+00,
2461027.500000000, A.D. 2025-Dec-18 00:00:00.0000,  2.524501777040917E-03,  7.140351423016246E-03,  2.338855839868513E+00,  3.392399687865475E+02,  3.440626024411635E+02,  2.461026836062845E+06,  5.028105746546878E+01,  3.338346221997323E+01,  3.354305948630015E+01,  7.158422874283186E-03,  7.176494325550127E-03,  7.159753954006137E+00,
2461028.500000000, A.D. 2025-Dec-19 00:00:00.0000,  2.158166758785811E-03,  7.140270239137386E-03,  2.338865370377830E+00,  3.392401469857246E+02,  3.397764186170692E+02,  2.461026750964385E+06,  5.030961751196943E+01,  8.799331281524516E+01,  8.824049142915132E+01,  7.155713462066615E-03,  7.171156684995844E-03,  7.155689464630704E+00,
2461029.500000000, A.D. 2025-Dec-20 00:00:00.0000,  1.879635846489544E-03,  7.144484547599447E-03,  2.338863146089932E+00,  3.392385982451885E+02,  3.453017863478051E+02,  2.461026859334798E+06,  5.028615743687912E+01,  1.327889060712001E+02,  1.329467206799881E+02,  7.157938866079111E-03,  7.171393184558776E-03,  7.159027818975513E+00,
2461030.500000000, A.D. 2025-Dec-21 00:00:00.0000,  2.000300451586088E-03,  7.141836566822019E-03,  2.338881248036222E+00,  3.392384485584515E+02,  3.352958896888970E+02,  2.461033817230436E+06,  5.030500337326104E+01,  1.931267117385823E+02,  1.930747816766988E+02,  7.156151018936817E-03,  7.170465471051614E-03,  7.156345807768163E+00,
2461031.500000000, A.D. 2025-Dec-22 00:00:00.0000,  2.031927103469050E-03,  7.141271379291205E-03,  2.338906100908654E+00,  3.392383853205257E+02,  3.361629894267164E+02,  2.461033834325571E+06,  5.030858397057700E+01,  2.425633859816624E+02,  2.423569760810931E+02,  7.155811466557418E-03,  7.170351553823631E-03,  7.155836471377254E+00,
2461032.500000000, A.D. 2025-Dec-23 00:00:00.0000,  2.219817622446305E-03,  7.141406611697506E-03,  2.338887989736532E+00,  3.392372716508094E+02,  3.312113541850203E+02,  2.461033735942427E+06,  5.029294842796702E+01,  2.978408112575333E+02,  2.976155916060237E+02,  7.157294500157995E-03,  7.173182388618483E-03,  7.158061144806741E+00,
2461033.500000000, A.D. 2025-Dec-24 00:00:00.0000,  2.018896203626616E-03,  7.141026139240252E-03,  2.338942332038113E+00,  3.392343650711602E+02,  3.339238114736311E+02,  2.461033789649098E+06,  5.031216097520617E+01,  3.454271279353579E+02,  3.453687755855281E+02,  7.155472295091969E-03,  7.169918450943688E-03,  7.155327718429903E+00,
2461034.500000000, A.D. 2025-Dec-25 00:00:00.0000,  2.311822717687475E-03,  7.141665303276635E-03,  2.338957753578656E+00,  3.392340585132469E+02,  3.393758871783928E+02,  2.461033897553376E+06,  5.028326010611505E+01,  3.029298028034765E+01,  3.042694348800348E+01,  7.158213824614443E-03,  7.174762345952252E-03,  7.159440323484906E+00,
2461035.500000000, A.D. 2025-Dec-26 00:00:00.0000,  1.922884756022465E-03,  7.141896373181475E-03,  2.338972174901321E+00,  3.392343301450156E+02,  3.361794665463759E+02,  2.461033833977817E+06,  5.031022483576761E+01,  8.381795061562264E+01,  8.403707179125153E+01,  7.155655874782437E-03,  7.169415376383399E-03,  7.155603084167917E+00,
2461036.500000000, A.D. 2025-Dec-27 00:00:00.0000,  1.661141804390106E-03,  7.145969410536576E-03,  2.338965250553911E+00,  3.392328712265182E+02,  3.431750695357569E+02,  2.461033971640105E+06,  5.028699242159616E+01,  1.271436148631441E+02,  1.272951595812683E+02,  7.157859630398588E-03,  7.169749850260600E-03,  7.158908947702250E+00,
2461037.500000000, A.D. 2025-Dec-28 00:00:00.0000,  1.693419088074107E-03,  7.144449803851558E-03,  2.338978025357322E+00,  3.392327337943752E+02,  3.320960786636032E+02,  2.461040908452371E+06,  5.030059765104247E+01,  1.885528086803281E+02,  1.885240094495315E+02,  7.156568874188226E-03,  7.168687944524893E-03,  7.156972616855956E+00,
2461038.500000000, A.D. 2025-Dec-29 00:00:00.0000,  1.775552645498814E-03,  7.142998356628253E-03,  2.339014666291641E+00,  3.392326618007416E+02,  3.345998387307693E+02,  2.461040957784635E+06,  5.030972061896261E+01,  2.363495416637998E+02,  2.361803802443390E+02,  7.155703685236980E-03,  7.168409013845707E-03,  7.155674799440442E+00,
2461039.500000000, A.D. 2025-Dec-30 00:00:00.0000,  1.959562525170194E-03,  7.142967383768883E-03,  2.339009564174255E+00,  3.392324899277825E+02,  3.294690602266231E+02,  2.461040855794992E+06,  5.029613746638483E+01,  2.918087486859847E+02,  2.916000811374270E+02,  7.156991957000767E-03,  7.171016530232650E-03,  7.157607286257403E+00,
2461040.500000000, A.D. 2025-Dec-31 00:00:00.0000,  1.823118103552376E-03,  7.142111293787201E-03,  2.339035324602480E+00,  3.392308469240246E+02,  3.345282317858528E+02,  2.461040955960555E+06,  5.031549722511108E+01,  3.370581179644686E+02,  3.369765126724583E+02,  7.155155988203036E-03,  7.168200682618871E-03,  7.154853272926297E+00,
2461041.500000000, A.D. 2026-Jan-01 00:00:00.0000,  2.185745104694443E-03,  7.142568147071194E-03,  2.339045364934317E+00,  3.392305455094994E+02,  3.385250164531321E+02,  2.461041035079372E+06,  5.028325637548560E+01,  2.337772315372354E+01,  2.347735638050619E+01,  7.158214178670576E-03,  7.173860210269958E-03,  7.159440854660109E+00,
2461042.500000000, A.D. 2026-Jan-02 00:00:00.0000,  1.789710605758065E-03,  7.142973259962220E-03,  2.339064199068338E+00,  3.392308618045836E+02,  3.371451839104915E+02,  2.461041007491649E+06,  5.030891543539737E+01,  7.508647643486836E+01,  7.528476769298683E+01,  7.155780035384018E-03,  7.168586810805816E-03,  7.155789324504178E+00,
2461043.500000000, A.D. 2026-Jan-03 00:00:00.0000,  1.565865530534155E-03,  7.146480525631558E-03,  2.339054704839253E+00,  3.392295566784254E+02,  3.446312891358327E+02,  2.461041155108045E+06,  5.028879583550592E+01,  1.179217927788501E+02,  1.180801939028970E+02,  7.157688503337235E-03,  7.168896481042911E-03,  7.158652221014715E+00,
2461044.500000000, A.D. 2026-Jan-04 00:00:00.0000,  1.469990124349383E-03,  7.146511464104293E-03,  2.339068451568519E+00,  3.392292912222205E+02,  3.336147675726132E+02,  2.461040935713906E+06,  5.029571292997301E+01,  1.792683102006513E+02,  1.792704573504114E+02,  7.157032230803222E-03,  7.167552997502151E-03,  7.157667702239947E+00,
2461045.500000000, A.D. 2026-Jan-05 00:00:00.0000,  1.564353218271541E-03,  7.144757668100982E-03,  2.339118384126994E+00,  3.392290892070784E+02,  3.379345442175644E+02,  2.461048178751134E+06,  5.030710088147835E+01,  2.252397964487692E+02,  2.251126850408969E+02,  7.155952104805932E-03,  7.167146541510884E-03,  7.156047430523706E+00,
2461046.500000000, A.D. 2026-Jan-06 00:00:00.0000,  1.696278190918438E-03,  7.144875799611868E-03,  2.339111330347548E+00,  3.392289128084829E+02,  3.325868140837280E+02,  2.461048072477868E+06,  5.029588307444698E+01,  2.809108369911116E+02,  2.807198953561762E+02,  7.157016089917245E-03,  7.169156380222622E-03,  7.157643488774917E+00,
2461047.500000000, A.D. 2026-Jan-07 00:00:00.0000,  1.606623152936361E-03,  7.143390458966527E-03,  2.339127864686225E+00,  3.392273621881148E+02,  3.409562303857646E+02,  2.461048238198247E+06,  5.031834876515221E+01,  3.228550831269350E+02,  3.227437360020803E+02,  7.154885663930813E-03,  7.166380868895098E-03,  7.154447807502711E+00,
2461048.500000000, A.D. 2026-Jan-08 00:00:00.0000,  2.013295403344786E-03,  7.143703483280963E-03,  2.339139517882375E+00,  3.392269411640918E+02,  3.422172070416734E+02,  2.461048263127937E+06,  5.028430265445434E+01,  1.191094649108441E+01,  1.195867982180532E+01,  7.158114883071665E-03,  7.172526282862368E-03,  7.159291886254488E+00,
2461049.500000000, A.D. 2026-Jan-09 00:00:00.0000,  1.655301324384971E-03,  7.144230980326625E-03,  2.339156087357794E+00,  3.392271959959690E+02,  3.448125443210885E+02,  2.461048314357030E+06,  5.030578974247390E+01,  5.964470597585790E+01,  5.980855658467809E+01,  7.156076443140356E-03,  7.167921905954087E-03,  7.156233941320014E+00,
2461050.500000000, A.D. 2026-Jan-10 00:00:00.0000,  1.512614743356559E-03,  7.146883209278958E-03,  2.339144872354136E+00,  3.392260567283008E+02,  3.533486887440332E+02,  2.461048483123899E+06,  5.028856858141709E+01,  1.014258120982351E+02,  1.015956460113216E+02,  7.157710067055056E-03,  7.168536924831155E-03,  7.158684570970850E+00,
2461051.500000000, A.D. 2026-Jan-11 00:00:00.0000,  1.338133744249274E-03,  7.147532833306030E-03,  2.339151328074666E+00,  3.392258791091525E+02,  3.432720063366767E+02,  2.461048282341451E+06,  5.029489312281677E+01,  1.618317928065239E+02,  1.618795291647342E+02,  7.157110003713304E-03,  7.166687174120579E-03,  7.157784372280184E+00,
2461052.500000000, A.D. 2026-Jan-12 00:00:00.0000,  1.549545651708993E-03,  7.144311890762144E-03,  2.339201219102679E+00,  3.392255749660442E+02,  3.446655246493123E+02,  2.461055466654574E+06,  5.031292865498899E+01,  2.107389200892423E+02,  2.106483128109161E+02,  7.155399508957490E-03,  7.166487127152835E-03,  7.155218541711796E+00,
2461053.500000000, A.D. 2026-Jan-13 00:00:00.0000,  1.616447311873243E-03,  7.145441180286625E-03,  2.339203069962406E+00,  3.392256295924794E+02,  3.357360905522962E+02,  2.461055289500932E+06,  5.029594610983380E+01,  2.699953575488415E+02,  2.698101266848833E+02,  7.157010110040048E-03,  7.168579039793472E-03,  7.157634518174681E+00,
2461054.500000000, A.D. 2026-Jan-14 00:00:00.0000,  1.583405616833980E-03,  7.143521059057218E-03,  2.339212350117961E+00,  3.392243382724304E+02,  3.449844665605947E+02,  2.461055472560973E+06,  5.031872405189638E+01,  3.110619727570627E+02,  3.109249854136822E+02,  7.154850088875548E-03,  7.166179118693878E-03,  7.154394448251764E+00,
2461055.500000000, A.D. 2026-Jan-15 00:00:00.0000,  1.973693395498320E-03,  7.143871347664788E-03,  2.339229399241509E+00,  3.392237089348491E+02,  3.434033066344156E+02,  2.461055441171090E+06,  5.028552330753118E+01,  2.958242540284375E+00,  2.969943506579332E+00,  7.157999043101141E-03,  7.172126738537493E-03,  7.159118098430596E+00,
2461056.500000000, A.D. 2026-Jan-16 00:00:00.0000,  1.666717437586028E-03,  7.144364721091409E-03,  2.339244636172968E+00,  3.392238937555326E+02,  3.491632438477113E+02,  2.461055555148934E+06,  5.030351433441110E+01,  4.752932914451389E+01,  4.767040737112141E+01,  7.156292238153200E-03,  7.168219755214991E-03,  7.156557643403750E+00,
2461057.500000000, A.D. 2026-Jan-17 00:00:00.0000,  1.603177895220241E-03,  7.146482664878245E-03,  2.339223194202573E+00,  3.392222481622960E+02,  3.584103923872495E+02,  2.461055738183431E+06,  5.028595427772495E+01,  8.859462743965706E+01,  8.877829154528514E+01,  7.157958145151465E-03,  7.169433625424684E-03,  7.159056742002971E+00,
2461058.500000000, A.D. 2026-Jan-18 00:00:00.0000,  1.412976350195827E-03,  7.147406823720436E-03,  2.339246673682715E+00,  3.392207215133065E+02,  3.522245894533827E+02,  2.461055614735282E+06,  5.029056927509105E+01,  1.451016051415701E+02,  1.451941064683887E+02,  7.157520230532227E-03,  7.167633637344018E-03,  7.158399779306301E+00,
2461059.500000000, A.D. 2026-Jan-19 00:00:00.0000,  1.713373934591093E-03,  7.142863537167897E-03,  2.339312945051931E+00,  3.392200989142452E+02,  3.504130198422898E+02,  2.461062735259473E+06,  5.031584584045494E+01,  1.972151831095335E+02,  1.971571932796325E+02,  7.155122938309190E-03,  7.167382339450483E-03,  7.154803700240150E+00,
2461060.500000000, A.D. 2026-Jan-20 00:00:00.0000,  1.706309958370496E-03,  7.144707968703604E-03,  2.339319231809780E+00,  3.392201942939937E+02,  3.412855355339356E+02,  2.461062554373598E+06,  5.029689713273992E+01,  2.566713824783331E+02,  2.564812144092985E+02,  7.156919892387245E-03,  7.169131816070888E-03,  7.157499180315520E+00,
2461061.500000000, A.D. 2026-Jan-21 00:00:00.0000,  1.755077949308038E-03,  7.142319676183524E-03,  2.339322886085636E+00,  3.392191068623685E+02,  3.493439216350808E+02,  2.461062713651353E+06,  5.031843970707214E+01,  2.989309575688773E+02,  2.987547524895016E+02,  7.154877043111899E-03,  7.167434410040275E-03,  7.154434877069586E+00,
2461062.500000000, A.D. 2026-Jan-22 00:00:00.0000,  2.124788193757144E-03,  7.142895764253340E-03,  2.339342422184286E+00,  3.392182605971857E+02,  3.448154413296687E+02,  2.461062623890501E+06,  5.028440445819460E+01,  3.537702399544221E+02,  3.537437483079067E+02,  7.158105221718118E-03,  7.173314679182895E-03,  7.159277391846143E+00,
2461063.500000000, A.D. 2026-Jan-23 00:00:00.0000,  1.870412057005102E-03,  7.143161701766648E-03,  2.339362317775445E+00,  3.392184322313038E+02,  3.513504832863741E+02,  2.461062753220748E+06,  5.030082411193058E+01,  3.756361181772454E+01,  3.769452093237238E+01,  7.156547394299472E-03,  7.169933086832297E-03,  7.156940395229300E+00,
2461064.500000000, A.D. 2026-Jan-24 00:00:00.0000,  1.772054563874484E-03,  7.144673346142247E-03,  2.339358941006528E+00,  3.392178464314952E+02,  3.568911585279063E+02,  2.461062862812330E+06,  5.029229417900067E+01,  8.233792391994274E+01,  8.253923244445211E+01,  7.157356572521862E-03,  7.170039798901475E-03,  7.158154263527640E+00,
2461065.500000000, A.D. 2026-Jan-25 00:00:00.0000,  1.482150999426602E-03,  7.146828527344713E-03,  2.339359129125928E+00,  3.392176735168086E+02,  3.535940265293291E+02,  2.461062796450132E+06,  5.029144722791575E+01,  1.359654355428297E+02,  1.360833342619381E+02,  7.157436929643318E-03,  7.168045331941921E-03,  7.158274812981944E+00,
2461066.500000000, A.D. 2026-Jan-26 00:00:00.0000,  1.763950844486912E-03,  7.142406606557987E-03,  2.339409618642849E+00,  3.392170933720699E+02,  3.500383286354388E+02,  2.461069882055030E+06,  5.031685020068018E+01,  1.898256436795105E+02,  1.897912242168095E+02,  7.155027723753631E-03,  7.167648840949275E-03,  7.154660885254172E+00,
2461067.500000000, A.D. 2026-Jan-27 00:00:00.0000,  1.695035535474416E-03,  7.144816901502611E-03,  2.339420131958862E+00,  3.392172048997944E+02,  3.414294412035867E+02,  2.461069711667105E+06,  5.029659890606978E+01,  2.487606666929154E+02,  2.485797625574046E+02,  7.156948182998343E-03,  7.169079464494074E-03,  7.157541619708907E+00,
2461068.500000000, A.D. 2026-Jan-28 00:00:00.0000,  1.800200368532911E-03,  7.141974228226862E-03,  2.339420610716720E+00,  3.392163397967687E+02,  3.493195636947342E+02,  2.461069867458304E+06,  5.031867857552535E+01,  2.911913051424660E+02,  2.909988106157883E+02,  7.154854399754099E-03,  7.167734571281338E-03,  7.154400914158773E+00,
2461069.500000000, A.D. 2026-Jan-29 00:00:00.0000,  2.158461662243118E-03,  7.142781652323373E-03,  2.339446409579930E+00,  3.392151006885186E+02,  3.428274878386187E+02,  2.461069738813747E+06,  5.028306414316164E+01,  3.479917130564442E+02,  3.479401167346759E+02,  7.158232422576931E-03,  7.173683192830490E-03,  7.159468225226664E+00,
2461070.500000000, A.D. 2026-Jan-30 00:00:00.0000,  2.001506301670066E-03,  7.142850708873373E-03,  2.339474916680303E+00,  3.392151639615877E+02,  3.487270441379368E+02,  2.461069855566919E+06,  5.029419914247011E+01,  3.241124570749661E+01,  3.253443874331034E+01,  7.157175841422141E-03,  7.171500973970908E-03,  7.157883138375772E+00,
2461071.500000000, A.D. 2026-Jan-31 00:00:00.0000,  1.866716116107160E-03,  7.143747946319353E-03,  2.339475921435833E+00,  3.392147326312173E+02,  3.507453424922942E+02,  2.461069895405374E+06,  5.029491176023899E+01,  8.070294512824844E+01,  8.091412425077567E+01,  7.157108235607485E-03,  7.170468524895618E-03,  7.157781719871722E+00,
2461072.500000000, A.D. 2026-Feb-01 00:00:00.0000,  1.550365114131591E-03,  7.146321085831924E-03,  2.339473111358398E+00,  3.392145204121689E+02,  3.485876431932228E+02,  2.461069851562583E+06,  5.029164993959841E+01,  1.331942874355932E+02,  1.333236355226122E+02,  7.157417696535900E-03,  7.168514307239876E-03,  7.158245959962923E+00,
2461073.500000000, A.D. 2026-Feb-02 00:00:00.0000,  1.830947164367257E-03,  7.141785072652305E-03,  2.339516267183846E+00,  3.392138889559995E+02,  3.439201954577983E+02,  2.461076914854316E+06,  5.031835271416340E+01,  1.881701560738754E+02,  1.881404065175709E+02,  7.154885289584643E-03,  7.167985506516981E-03,  7.154447246017828E+00,
2461074.500000000, A.D. 2026-Feb-03 00:00:00.0000,  1.710072343092468E-03,  7.144855263022531E-03,  2.339526134497182E+00,  3.392139403100210E+02,  3.353753417866205E+02,  2.461076745978951E+06,  5.029505747140104E+01,  2.470383595734780E+02,  2.468580769947990E+02,  7.157094412233792E-03,  7.169333561445054E-03,  7.157760982870026E+00,
2461075.500000000, A.D. 2026-Feb-04 00:00:00.0000,  1.824097732419295E-03,  7.141993923069544E-03,  2.339524207746510E+00,  3.392132734388688E+02,  3.428504937246212E+02,  2.461076893520502E+06,  5.031666347634637E+01,  2.898826978338382E+02,  2.896859793443265E+02,  7.155045425205018E-03,  7.168096927340492E-03,  7.154687436086343E+00,
2461076.500000000, A.D. 2026-Feb-05 00:00:00.0000,  2.109894723767431E-03,  7.142817595394479E-03,  2.339544428621591E+00,  3.392119014813324E+02,  3.368011733934613E+02,  2.461076773672325E+06,  5.028635568524778E+01,  3.462380161448777E+02,  3.461803525624610E+02,  7.157920053147766E-03,  7.173022510901053E-03,  7.158999595303962E+00,
2461077.500000000, A.D. 2026-Feb-06 00:00:00.0000,  1.952545926697480E-03,  7.142934673219956E-03,  2.339566331644413E+00,  3.392119230082283E+02,  3.447333422533217E+02,  2.461076930681642E+06,  5.029701336365773E+01,  2.863501308639638E+01,  2.874246826092760E+01,  7.156908866474937E-03,  7.170883059729917E-03,  7.157482640114756E+00,
2461078.500000000, A.D. 2026-Feb-07 00:00:00.0000,  1.805392720089947E-03,  7.143902355797564E-03,  2.339584590719288E+00,  3.392118741155148E+02,  3.477288174211333E+02,  2.461076989894811E+06,  5.029791610072886E+01,  7.595514409173467E+01,  7.615595187436953E+01,  7.156823232360236E-03,  7.169744108922908E-03,  7.157354179028966E+00,
2461079.500000000, A.D. 2026-Feb-08 00:00:00.0000,  1.483263722690424E-03,  7.147006627698085E-03,  2.339579831582865E+00,  3.392117446505154E+02,  3.488798072005329E+02,  2.461077011669000E+06,  5.028948331541492E+01,  1.251368802897239E+02,  1.252757295462034E+02,  7.157623270636106E-03,  7.168239913574126E-03,  7.158554359011508E+00,
2461080.500000000, A.D. 2026-Feb-09 00:00:00.0000,  1.769422878709418E-03,  7.142161176146456E-03,  2.339618614116897E+00,  3.392110538242023E+02,  3.419448961338842E+02,  2.461084029850414E+06,  5.031903007171940E+01,  1.823813508978368E+02,  1.823729446686826E+02,  7.154821080258940E-03,  7.167480984371422E-03,  7.154350938141975E+00,
2461081.500000000, A.D. 2026-Feb-10 00:00:00.0000,  1.600942000162185E-03,  7.145705332050265E-03,  2.339630614285238E+00,  3.392110406159712E+02,  3.334490598518864E+02,  2.461083862118879E+06,  5.029432885248411E+01,  2.411988162968714E+02,  2.410382108297250E+02,  7.157163535756687E-03,  7.168621739463108E-03,  7.157864678061393E+00,
2461082.500000000, A.D. 2026-Feb-11 00:00:00.0000,  1.726372559513989E-03,  7.143157385370726E-03,  2.339617074622916E+00,  3.392099171499158E+02,  3.390585964300762E+02,  2.461083972687190E+06,  5.031175843133500E+01,  2.859065178356645E+02,  2.857161526736813E+02,  7.155510462282125E-03,  7.167863539193525E-03,  7.155384968134725E+00,
2461083.500000000, A.D. 2026-Feb-12 00:00:00.0000,  1.907294489143943E-03,  7.144278686082950E-03,  2.339650787743111E+00,  3.392070292562615E+02,  3.317830166047284E+02,  2.461083828542992E+06,  5.028624066178538E+01,  3.434788080309980E+02,  3.434165138147999E+02,  7.157930968372600E-03,  7.171583250662248E-03,  7.159015970616771E+00,
2461084.500000000, A.D. 2026-Feb-13 00:00:00.0000,  1.758818820220758E-03,  7.144337569077889E-03,  2.339685871520877E+00,  3.392067821448445E+02,  3.411568896878621E+02,  2.461084014177060E+06,  5.029684008579449E+01,  2.443535871848575E+01,  2.451889860196315E+01,  7.156925303997474E-03,  7.169513038917059E-03,  7.157507298389428E+00,
2461085.500000000, A.D. 2026-Feb-14 00:00:00.0000,  1.574627994882957E-03,  7.145191821130917E-03,  2.339717566811403E+00,  3.392068893626597E+02,  3.440502133725980E+02,  2.461084071396270E+06,  5.030173936056625E+01,  7.186125246439596E+01,  7.203282957326395E+01,  7.156460584311252E-03,  7.167729347491586E-03,  7.156810173491134E+00,
2461086.500000000, A.D. 2026-Feb-15 00:00:00.0000,  1.252601637423284E-03,  7.148836009978651E-03,  2.339710661117379E+00,  3.392067161481297E+02,  3.495982696751008E+02,  2.461084180406354E+06,  5.028760096348128E+01,  1.166467996553421E+02,  1.167750017104271E+02,  7.157801884339325E-03,  7.166767758700000E-03,  7.158822316090025E+00,
2461087.500000000, A.D. 2026-Feb-16 00:00:00.0000,  1.507867947874741E-03,  7.144191628701563E-03,  2.339743080452026E+00,  3.392060249653862E+02,  3.398726610897234E+02,  2.461083988662590E+06,  5.031734946256697E+01,  1.766811915483755E+02,  1.766911758136555E+02,  7.154980394305809E-03,  7.165769159910055E-03,  7.154589894839711E+00,
2461088.500000000, A.D. 2026-Feb-17 00:00:00.0000,  1.309639172986677E-03,  7.147854101087556E-03,  2.339763369915086E+00,  3.392059777879102E+02,  3.320570151435342E+02,  2.461090989125133E+06,  5.029365477381567E+01,  2.348127998776288E+02,  2.346902643743610E+02,  7.157227486573953E-03,  7.166600872060349E-03,  7.157960613898880E+00,
2461089.500000000, A.D. 2026-Feb-18 00:00:00.0000,  1.501605971963723E-03,  7.144454673868658E-03,  2.339766141549595E+00,  3.392057945109684E+02,  3.398838398300316E+02,  2.461091143487941E+06,  5.031504392256400E+01,  2.773078320277020E+02,  2.771371178769521E+02,  7.155198963362632E-03,  7.165943252856606E-03,  7.154917733035236E+00,
2461090.500000000, A.D. 2026-Feb-19 00:00:00.0000,  1.676953360836696E-03,  7.145481897499300E-03,  2.339776266729060E+00,  3.392040960819400E+02,  3.319978501381059E+02,  2.461090987202954E+06,  5.029094411132686E+01,  3.354981034482581E+02,  3.354182559920475E+02,  7.157484665464187E-03,  7.169487433429073E-03,  7.158346425214921E+00,
2461091.500000000, A.D. 2026-Feb-20 00:00:00.0000,  1.661894443950455E-03,  7.145255291318312E-03,  2.339795332348245E+00,  3.392039535523229E+02,  3.427242859992870E+02,  2.461091199700436E+06,  5.029447449455875E+01,  1.510340878903976E+01,  1.515312967201625E+01,  7.157149718670292E-03,  7.169044146022272E-03,  7.157843950411444E+00,
2461092.500000000, A.D. 2026-Feb-21 00:00:00.0000,  1.457147884242070E-03,  7.145853689982326E-03,  2.339840593441640E+00,  3.392041508871665E+02,  3.454817859083242E+02,  2.461091254280639E+06,  5.030362808013535E+01,  6.266420342579859E+01,  6.281265805308279E+01,  7.156281450356754E-03,  7.166709210731182E-03,  7.156541461115052E+00,
2461093.500000000, A.D. 2026-Feb-22 00:00:00.0000,  1.174172464356064E-03,  7.149496991506201E-03,  2.339831901792757E+00,  3.392039423653768E+02,  3.555013780427728E+02,  2.461091452171497E+06,  5.028655011749370E+01,  1.029782306563984E+02,  1.031093005675623E+02,  7.157901602470390E-03,  7.166306213434580E-03,  7.158971915131698E+00,
2461094.500000000, A.D. 2026-Feb-23 00:00:00.0000,  1.347372155759595E-03,  7.145534725722571E-03,  2.339862306709943E+00,  3.392031589006540E+02,  3.425424860609786E+02,  2.461091195891048E+06,  5.031529236459339E+01,  1.662472079007855E+02,  1.662838533551515E+02,  7.155175409839365E-03,  7.164816093956159E-03,  7.154882404168044E+00,
2461095.500000000, A.D. 2026-Feb-24 00:00:00.0000,  1.067132523214426E-03,  7.149976497384977E-03,  2.339894795954684E+00,  3.392029704674098E+02,  3.384219431037288E+02,  2.461098270501602E+06,  5.028957447689646E+01,  2.206726533380701E+02,  2.205930367241923E+02,  7.157614620735398E-03,  7.165252744085819E-03,  7.158541382476554E+00,
2461096.500000000, A.D. 2026-Feb-25 00:00:00.0000,  1.319608548071739E-03,  7.145814442748620E-03,  2.339898720008946E+00,  3.392028694985228E+02,  3.473702689995380E+02,  2.461098446895071E+06,  5.031443618696668E+01,  2.620430721976933E+02,  2.618933464012097E+02,  7.155256580495891E-03,  7.164698718243162E-03,  7.155004155512199E+00,
2461097.500000000, A.D. 2026-Feb-26 00:00:00.0000,  1.417023902064656E-03,  7.146939080787806E-03,  2.339901289440216E+00,  3.392010823702878E+02,  3.389916160246042E+02,  2.461098280823284E+06,  5.029520058448298E+01,  3.207283363282725E+02,  3.206254096720655E+02,  7.157080835400577E-03,  7.167222590013346E-03,  7.157740615733160E+00,
2461098.500000000, A.D. 2026-Feb-27 00:00:00.0000,  1.550091071567545E-03,  7.146181865786074E-03,  2.339914581043864E+00,  3.392009151219268E+02,  3.503392866576996E+02,  2.461098505663408E+06,  5.029314030569601E+01,  3.597151693986360E+02,  3.597142846614042E+02,  7.157276295869043E-03,  7.168370725952011E-03,  7.158033835465783E+00,
2461099.500000000, A.D. 2026-Feb-28 00:00:00.0000,  1.358302476865658E-03,  7.146520010351128E-03,  2.339967602236705E+00,  3.392010773382879E+02,  3.551029710252943E+02,  2.461098600086411E+06,  5.030406145010193E+01,  4.526930848684012E+01,  4.538001797559517E+01,  7.156240349342687E-03,  7.165960688334246E-03,  7.156479807442477E+00,
2461100.500000000, A.D. 2026-Mar-01 00:00:00.0000,  1.212325343649424E-03,  7.149525563710618E-03,  2.339955510727884E+00,  3.392007862441114E+02,  1.027236011578739E+01,  2.461098900480565E+06,  5.028336746841365E+01,  8.042922354122099E+01,  8.056624652266120E+01,  7.158203635392807E-03,  7.166881707074997E-03,  7.159425037039137E+00,
2461101.500000000, A.D. 2026-Mar-02 00:00:00.0000,  1.289174540040894E-03,  7.145873610435447E-03,  2.339976784928016E+00,  3.392001501702375E+02,  3.529889687241626E+02,  2.461098558143842E+06,  5.031611121342155E+01,  1.480227616223108E+02,  1.481008892093055E+02,  7.155097780325344E-03,  7.164321950215242E-03,  7.154765964981251E+00,
2461102.500000000, A.D. 2026-Mar-03 00:00:00.0000,  1.050117814765322E-03,  7.149613208584514E-03,  2.340008458843772E+00,  3.391998610331224E+02,  3.518572081002828E+02,  2.461105691877847E+06,  5.029469249257359E+01,  1.994654852197065E+02,  1.994254346040097E+02,  7.157129037289144E-03,  7.164644865993774E-03,  7.157812925353045E+00,
2461103.500000000, A.D. 2026-Mar-04 00:00:00.0000,  1.328032453471358E-03,  7.145763069687949E-03,  2.340025088928888E+00,  3.392000395851827E+02,  3.529754721721973E+02,  2.461105712615580E+06,  5.031434216491350E+01,  2.486737026284361E+02,  2.485320277034325E+02,  7.155265494477820E-03,  7.164767919267690E-03,  7.155017526017550E+00,
2461104.500000000, A.D. 2026-Mar-05 00:00:00.0000,  1.357777053877596E-03,  7.147165819495317E-03,  2.340021037595052E+00,  3.391983733046071E+02,  3.445581412908031E+02,  2.461105545849982E+06,  5.029728317902519E+01,  3.073965873069127E+02,  3.072728514328705E+02,  7.156883271378474E-03,  7.166600723261631E-03,  7.157444244426427E+00,
2461105.500000000, A.D. 2026-Mar-06 00:00:00.0000,  1.580758153208741E-03,  7.146108959242677E-03,  2.340033266452917E+00,  3.391981211360866E+02,  3.536978384830313E+02,  2.461105726852614E+06,  5.029159283890878E+01,  3.485912207187158E+02,  3.485553200271448E+02,  7.157423114186393E-03,  7.168737269130109E-03,  7.158254087380605E+00,
2461106.500000000, A.D. 2026-Mar-07 00:00:00.0000,  1.381505834662320E-03,  7.146218875346765E-03,  2.340095920393396E+00,  3.391982002115373E+02,  3.599109168850163E+02,  2.461105850026115E+06,  5.030548781627346E+01,  3.269725334785717E+01,  3.278289623649846E+01,  7.156105076263078E-03,  7.165991277179391E-03,  7.156276891992341E+00,
2461107.500000000, A.D. 2026-Mar-08 00:00:00.0000,  1.394671860449832E-03,  7.148700901158143E-03,  2.340069997418487E+00,  3.391972689707280E+02,  1.694319253824655E+01,  2.461106187509187E+06,  5.027829668751220E+01,  6.598980249013610E+01,  6.613589505344109E+01,  7.158684917570504E-03,  7.168668933982866E-03,  7.160147095623756E+00,
2461108.500000000, A.D. 2026-Mar-09 00:00:00.0000,  1.415761333099222E-03,  7.145256864735887E-03,  2.340103159211426E+00,  3.391953381097159E+02,  5.130621425505519E-01,  2.461105862052056E+06,  5.031305863595985E+01,  1.327232295918390E+02,  1.328422703088102E+02,  7.155387185236099E-03,  7.165517505736310E-03,  7.155200056605188E+00,
2461109.500000000, A.D. 2026-Mar-10 00:00:00.0000,  1.248734704549722E-03,  7.147975811500864E-03,  2.340154343743662E+00,  3.391946591405002E+02,  1.866225813910969E+00,  2.461113045362310E+06,  5.029697087522912E+01,  1.816790151198068E+02,  1.816748289628968E+02,  7.156912897012804E-03,  7.165849982524744E-03,  7.157488686407103E+00,
2461110.500000000, A.D. 2026-Mar-11 00:00:00.0000,  1.518546196920121E-03,  7.144373893785006E-03,  2.340178631790391E+00,  3.391949018629465E+02,  3.581922704693844E+02,  2.461112970765514E+06,  5.031461681774301E+01,  2.356843799063613E+02,  2.355408089454581E+02,  7.155239455448129E-03,  7.166105017111251E-03,  7.154978468862137E+00,
2461111.500000000, A.D. 2026-Mar-12 00:00:00.0000,  1.501482902169085E-03,  7.145949556177443E-03,  2.340168205240521E+00,  3.391933089945445E+02,  3.512445382029362E+02,  2.461112833250124E+06,  5.029926571860786E+01,  2.929384977327614E+02,  2.927799303263881E+02,  7.156695211673806E-03,  7.167440867170170E-03,  7.157162134611849E+00,
2461112.500000000, A.D. 2026-Mar-13 00:00:00.0000,  1.807071290079083E-03,  7.144857699075378E-03,  2.340178386561932E+00,  3.391929755963986E+02,  3.555131499127148E+02,  2.461112917566753E+06,  5.028770154401396E+01,  3.390015277700684E+02,  3.389271670601059E+02,  7.157792340113544E-03,  7.170726981151710E-03,  7.158807997715157E+00,
2461113.500000000, A.D. 2026-Mar-14 00:00:00.0000,  1.584988219427569E-03,  7.144724253359327E-03,  2.340253553153632E+00,  3.391929519964472E+02,  1.371771135117991E+00,  2.461113033676365E+06,  5.030589422615476E+01,  2.345882744502401E+01,  2.353126266241699E+01,  7.156066534513973E-03,  7.167408815668619E-03,  7.156219078058467E+00,
2461114.500000000, A.D. 2026-Mar-15 00:00:00.0000,  1.620954000255812E-03,  7.146773015424022E-03,  2.340240719434744E+00,  3.391927190618676E+02,  1.485391850615694E+01,  2.461113300707095E+06,  5.028154697461110E+01,  6.030230253961134E+01,  6.046381440617863E+01,  7.158376414308132E-03,  7.169979813192243E-03,  7.159684251198088E+00,
2461115.500000000, A.D. 2026-Mar-16 00:00:00.0000,  1.510039827147687E-03,  7.144326767239357E-03,  2.340251460451043E+00,  3.391923632498658E+02,  3.405344551392415E-01,  2.461113013098650E+06,  5.031575763470487E+01,  1.251303255827179E+02,  1.252716900467188E+02,  7.155131300471540E-03,  7.165935833703723E-03,  7.154816242927702E+00,
2461116.500000000, A.D. 2026-Mar-17 00:00:00.0000,  1.331667901464051E-03,  7.147283915988660E-03,  2.340286597292724E+00,  3.391917589540689E+02,  3.518939757767120E+00,  2.461113075187704E+06,  5.029800904225789E+01,  1.722612398396802E+02,  1.722817543064213E+02,  7.156814416023212E-03,  7.166344916057763E-03,  7.157340953546409E+00,
2461117.500000000, A.D. 2026-Mar-18 00:00:00.0000,  1.561590070990452E-03,  7.144209136074644E-03,  2.340316326405681E+00,  3.391920074857867E+02,  3.579188290768946E+02,  2.461120119729063E+06,  5.031310371757250E+01,  2.281932999519156E+02,  2.280600881359522E+02,  7.155382910982571E-03,  7.166556685890497E-03,  7.155193645393523E+00,
2461118.500000000, A.D. 2026-Mar-19 00:00:00.0000,  1.529618377922955E-03,  7.145495476687578E-03,  2.340301320198740E+00,  3.391905532171920E+02,  3.530552421203557E+02,  2.461120023528057E+06,  5.030193422498468E+01,  2.833635918964832E+02,  2.831929815012090E+02,  7.156442102047411E-03,  7.167388727407243E-03,  7.156782448758999E+00,
2461119.500000000, A.D. 2026-Mar-20 00:00:00.0000,  1.893999543389249E-03,  7.144598928567984E-03,  2.340314199621508E+00,  3.391899665634130E+02,  3.536206569606725E+02,  2.461120034389790E+06,  5.028386440948197E+01,  3.331288162764353E+02,  3.330305113098271E+02,  7.158156473660606E-03,  7.171714018753228E-03,  7.159354282486595E+00,
2461120.500000000, A.D. 2026-Mar-21 00:00:00.0000,  1.689524438418201E-03,  7.144316694934442E-03,  2.340404703759002E+00,  3.391897057360447E+02,  3.582029965185799E+02,  2.461120125193854E+06,  5.030229777832376E+01,  1.885361034622584E+01,  1.891629940092820E+01,  7.156407620500562E-03,  7.168498546066682E-03,  7.156730724041218E+00,
2461121.500000000, A.D. 2026-Mar-22 00:00:00.0000,  1.734469249363990E-03,  7.145987830538771E-03,  2.340389963396724E+00,  3.391894149334771E+02,  8.610741549829545E+00,  2.461120331286432E+06,  5.028125778165494E+01,  5.876438817094347E+01,  5.893452354635283E+01,  7.158403861911786E-03,  7.170819893284800E-03,  7.159725430165065E+00,
2461122.500000000, A.D. 2026-Mar-23 00:00:00.0000,  1.573477417083039E-03,  7.143759926837918E-03,  2.340397060376208E+00,  3.391891846942365E+02,  3.542884567664323E+02,  2.461120047418475E+06,  5.031695080652776E+01,  1.234064239624169E+02,  1.235567789404761E+02,  7.155018186372994E-03,  7.166276445908070E-03,  7.154646579921455E+00,
2461123.500000000, A.D. 2026-Mar-24 00:00:00.0000,  1.402528202606010E-03,  7.146586114043241E-03,  2.340427948007154E+00,  3.391884807300142E+02,  3.573867235762703E+02,  2.461120107976121E+06,  5.030002195036762E+01,  1.706188755503409E+02,  1.706450274781028E+02,  7.156623480309808E-03,  7.166660846576374E-03,  7.157054530815546E+00,
2461124.500000000, A.D. 2026-Mar-25 00:00:00.0000,  1.577157533760667E-03,  7.144367780315753E-03,  2.340457134689587E+00,  3.391886518579404E+02,  3.507946977815948E+02,  2.461127132794314E+06,  5.031025122081576E+01,  2.275434566548414E+02,  2.274102940744818E+02,  7.155653372941867E-03,  7.166938965567982E-03,  7.155599331435075E+00,
2461125.500000000, A.D. 2026-Mar-26 00:00:00.0000,  1.534737813664463E-03,  7.145413717959109E-03,  2.340437802635076E+00,  3.391873370606993E+02,  3.474715205163150E+02,  2.461127067122761E+06,  5.030241069492038E+01,  2.811699472923247E+02,  2.809973468959942E+02,  7.156396910907871E-03,  7.167380103856633E-03,  7.156714658932904E+00,
2461126.500000000, A.D. 2026-Mar-27 00:00:00.0000,  1.881966689237986E-03,  7.144702053839097E-03,  2.340445196450928E+00,  3.391867080172748E+02,  3.472049451438478E+02,  2.461127061518389E+06,  5.028368502469756E+01,  3.317647861990230E+02,  3.316625484724419E+02,  7.158173497917966E-03,  7.171644941996834E-03,  7.159379823160947E+00,
2461127.500000000, A.D. 2026-Mar-28 00:00:00.0000,  1.608637457828519E-03,  7.144320302359758E-03,  2.340531726247792E+00,  3.391862698583845E+02,  3.542089863215242E+02,  2.461127200302550E+06,  5.030837332879697E+01,  1.507729122633670E+01,  1.512533438190681E+01,  7.155831440857430E-03,  7.167342579355101E-03,  7.155866432952875E+00,
2461128.500000000, A.D. 2026-Mar-29 00:00:00.0000,  1.726125013249299E-03,  7.145952250670738E-03,  2.340528552864841E+00,  3.391861783653353E+02,  6.695134584160822E+00,  2.461127447637190E+06,  5.028226374702960E+01,  5.291518436372300E+01,  5.307318292099792E+01,  7.158308385828068E-03,  7.170664520985397E-03,  7.159582190077247E+00,
2461129.500000000, A.D. 2026-Mar-30 00:00:00.0000,  1.506132338966533E-03,  7.144394020022958E-03,  2.340534918244993E+00,  3.391862408831677E+02,  3.540542360814343E+02,  2.461127196975934E+06,  5.031534253000579E+01,  1.158774447080119E+02,  1.160326014141046E+02,  7.155170653935674E-03,  7.165947287848390E-03,  7.154875270605826E+00,
2461130.500000000, A.D. 2026-Mar-31 00:00:00.0000,  1.382579392314814E-03,  7.146597791840659E-03,  2.340564276274655E+00,  3.391854065322785E+02,  3.576097185262050E+02,  2.461127266870745E+06,  5.030140591854523E+01,  1.626309470429071E+02,  1.626781650947217E+02,  7.156492210492147E-03,  7.166386629143634E-03,  7.156857615132273E+00,
2461131.500000000, A.D. 2026-Apr-01 00:00:00.0000,  1.498491687079749E-03,  7.145142092327621E-03,  2.340595247800625E+00,  3.391854916179161E+02,  3.491264364005440E+02,  2.461134254072390E+06,  5.030801840983489E+01,  2.214480754941114E+02,  2.213345700669792E+02,  7.155865096688872E-03,  7.166588101050124E-03,  7.155916917006264E+00,
2461132.500000000, A.D. 2026-Apr-02 00:00:00.0000,  1.431026548532888E-03,  7.146329037407316E-03,  2.340563082531693E+00,  3.391838219408172E+02,  3.458677411910289E+02,  2.461134189710901E+06,  5.030058283528039E+01,  2.750065568638499E+02,  2.748431736606029E+02,  7.156570279473686E-03,  7.166811521540055E-03,  7.156974724903170E+00,
2461133.500000000, A.D. 2026-Apr-03 00:00:00.0000,  1.723213346388423E-03,  7.146177662478931E-03,  2.340582080160216E+00,  3.391816802033786E+02,  3.426967193918393E+02,  2.461134126563509E+06,  5.028010466368093E+01,  3.284963211913927E+02,  3.283929450510453E+02,  7.158513308151838E-03,  7.170848953824745E-03,  7.159889630461339E+00,
2461134.500000000, A.D. 2026-Apr-04 00:00:00.0000,  1.391708191431205E-03,  7.145636980683501E-03,  2.340683217076576E+00,  3.391807684701871E+02,  3.521111287833274E+02,  2.461134313172370E+06,  5.031086176484121E+01,  9.399459085432090E+00,  9.425549273764394E+00,  7.155595481529714E-03,  7.165553982375927E-03,  7.155512495148297E+00,
2461135.500000000, A.D. 2026-Apr-05 00:00:00.0000,  1.554610858848370E-03,  7.147001225743034E-03,  2.340688620127219E+00,  3.391806991062719E+02,  6.021886067996407E+00,  2.461134588874115E+06,  5.028415041071379E+01,  4.581519104032495E+01,  4.594311134741764E+01,  7.158129331330561E-03,  7.169257436918089E-03,  7.159313562217343E+00,
2461136.500000000, A.D. 2026-Apr-06 00:00:00.0000,  1.270103374212025E-03,  7.146229437441204E-03,  2.340695180803631E+00,  3.391808960836468E+02,  3.549155801466326E+02,  2.461134368447024E+06,  5.031379436749367E+01,  1.072465180906232E+02,  1.073854517667586E+02,  7.155317430252926E-03,  7.164405423064648E-03,  7.155095427121790E+00,
2461137.500000000, A.D. 2026-Apr-07 00:00:00.0000,  1.182140909069764E-03,  7.148075212201161E-03,  2.340720945354293E+00,  3.391799698197883E+02,  2.166225465430799E-01,  2.461134473192773E+06,  5.030095219888310E+01,  1.522512856592721E+02,  1.523142742913340E+02,  7.156535245281807E-03,  7.164995278362454E-03,  7.156922170709795E+00,
2461138.500000000, A.D. 2026-Apr-08 00:00:00.0000,  1.236194223210659E-03,  7.147292052765479E-03,  2.340756902897206E+00,  3.391799822557502E+02,  3.499512864965214E+02,  2.461141425200437E+06,  5.030513611927216E+01,  2.128473938323320E+02,  2.127706580206808E+02,  7.156138429752838E-03,  7.164984806740196E-03,  7.156326923486488E+00,
2461139.500000000, A.D. 2026-Apr-09 00:00:00.0000,  1.222635818883242E-03,  7.147266930960452E-03,  2.340740560489861E+00,  3.391791763164772E+02,  3.508181165193512E+02,  2.461141442449582E+06,  5.030642570572424E+01,  2.622823044088075E+02,  2.621434983802850E+02,  7.156016132604680E-03,  7.164765334248908E-03,  7.156143473716051E+00,
2461140.500000000, A.D. 2026-Apr-10 00:00:00.0000,  1.550674459570248E-03,  7.147199178998670E-03,  2.340740180031315E+00,  3.391783053683974E+02,  3.440123377613770E+02,  2.461141307152700E+06,  5.028235873168670E+01,  3.194144583947355E+02,  3.192986833005223E+02,  7.158299371007249E-03,  7.169399563015828E-03,  7.159568665444026E+00,
2461141.500000000, A.D. 2026-Apr-11 00:00:00.0000,  1.303541585449709E-03,  7.146244750469980E-03,  2.340818753830912E+00,  3.391774480425989E+02,  3.564100183837664E+02,  2.461141552930416E+06,  5.031110586342609E+01,  3.573370122469813E+02,  3.573300608018445E+02,  7.155572336578402E-03,  7.164899922686825E-03,  7.155477778152036E+00,
2461142.500000000, A.D. 2026-Apr-12 00:00:00.0000,  1.542023667623084E-03,  7.147089773077609E-03,  2.340833187072933E+00,  3.391773632941911E+02,  8.612213221613686E+00,  2.461141794826885E+06,  5.028416680447999E+01,  3.545904255002213E+01,  3.556171271348180E+01,  7.158127775523336E-03,  7.169165777969064E-03,  7.159311228120545E+00,
2461143.500000000, A.D. 2026-Apr-13 00:00:00.0000,  1.190558987194824E-03,  7.146925789206693E-03,  2.340841473628706E+00,  3.391776789477754E+02,  8.758337418475195E-01,  2.461141641158958E+06,  5.031245129983798E+01,  9.352284938954358E+01,  9.365900702284884E+01,  7.155444768282949E-03,  7.163963747359205E-03,  7.155286429090354E+00,
2461144.500000000, A.D. 2026-Apr-14 00:00:00.0000,  1.137604698222569E-03,  7.148408475166284E-03,  2.340866605741091E+00,  3.391765677106889E+02,  6.950634451574769E+00,  2.461141761417139E+06,  5.030079875039177E+01,  1.377529053438842E+02,  1.378404579181894E+02,  7.156549799841648E-03,  7.164691124517010E-03,  7.156944003741016E+00,
2461145.500000000, A.D. 2026-Apr-15 00:00:00.0000,  1.066039582520626E-03,  7.149113467669312E-03,  2.340911554301468E+00,  3.391764145767986E+02,  3.583902278648648E+02,  2.461148747869774E+06,  5.029876361735451E+01,  1.966361659809106E+02,  1.966012372486573E+02,  7.156742838817414E-03,  7.164372209965516E-03,  7.157233580107119E+00,
2461146.500000000, A.D. 2026-Apr-16 00:00:00.0000,  1.124974622047727E-03,  7.147772781048754E-03,  2.340896881690185E+00,  3.391757538993884E+02,  4.262401535639221E+00,  2.461148864211401E+06,  5.030846339519713E+01,  2.410601572485427E+02,  2.409474189829186E+02,  7.155822900211359E-03,  7.163873019373965E-03,  7.155853621924946E+00,
2461147.500000000, A.D. 2026-Apr-17 00:00:00.0000,  1.383098322107869E-03,  7.148255894335638E-03,  2.340890713097330E+00,  3.391747428454485E+02,  3.522523567801925E+02,  2.461148625648531E+06,  5.028386594070236E+01,  3.033980401788622E+02,  3.032655950735439E+02,  7.158156328342753E-03,  7.168056762349868E-03,  7.159354064473340E+00,
2461148.500000000, A.D. 2026-Apr-18 00:00:00.0000,  1.264614876553802E-03,  7.146432196308456E-03,  2.340956595490266E+00,  3.391738007334591E+02,  8.679827842756680E+00,  2.461148951286253E+06,  5.031206785553206E+01,  3.372948554481519E+02,  3.372388385090704E+02,  7.155481124187003E-03,  7.164530052065550E-03,  7.155340961808951E+00,
2461149.500000000, A.D. 2026-Apr-19 00:00:00.0000,  1.610621926219228E-03,  7.146679549686000E-03,  2.340976250659305E+00,  3.391736155882114E+02,  1.677930546663551E+01,  2.461149111836338E+06,  5.028331391792207E+01,  1.951815527235539E+01,  1.957993623266954E+01,  7.158208717599018E-03,  7.169737885512036E-03,  7.159432661650570E+00,
2461150.500000000, A.D. 2026-Apr-20 00:00:00.0000,  1.241714180999015E-03,  7.146938283075299E-03,  2.340984641283187E+00,  3.391739377879445E+02,  1.564423638151066E+01,  2.461149089122596E+06,  5.030845421293471E+01,  7.097906129418161E+01,  7.111365011829790E+01,  7.155823770928390E-03,  7.164709258781481E-03,  7.155854928006138E+00,
2461151.500000000, A.D. 2026-Apr-21 00:00:00.0000,  1.260441499726638E-03,  7.147317548577213E-03,  2.341002690455588E+00,  3.391728582203604E+02,  1.837074362579649E+01,  2.461149143196147E+06,  5.030303506034704E+01,  1.185543868230080E+02,  1.186811585578207E+02,  7.156337693592275E-03,  7.165357838607337E-03,  7.156625829199347E+00,
2461152.500000000, A.D. 2026-Apr-22 00:00:00.0000,  1.134333924131148E-03,  7.148349667017181E-03,  2.341042437261617E+00,  3.391726124717072E+02,  9.926835621445743E+00,  2.461148974701458E+06,  5.030166654284190E+01,  1.773283917092351E+02,  1.773344419351087E+02,  7.156467490869017E-03,  7.164585314720853E-03,  7.156820533836353E+00,
2461153.500000000, A.D. 2026-Apr-23 00:00:00.0000,  1.234589491517799E-03,  7.146679511723875E-03,  2.341042927863869E+00,  3.391723014322352E+02,  1.232315199930878E+01,  2.461156178583249E+06,  5.031172498348432E+01,  2.252358562533408E+02,  2.251355175051119E+02,  7.155513633662409E-03,  7.164347755600942E-03,  7.155389725122246E+00,
2461154.500000000, A.D. 2026-Apr-24 00:00:00.0000,  1.387305937046173E-03,  7.148279744277895E-03,  2.341031942964996E+00,  3.391713463558389E+02,  3.566573457766054E+02,  2.461155867696730E+06,  5.028329648548219E+01,  2.912276998007429E+02,  2.910794198513606E+02,  7.158210372025632E-03,  7.168140999773370E-03,  7.159435143714957E+00,
2461155.500000000, A.D. 2026-Apr-25 00:00:00.0000,  1.355039760838775E-03,  7.145779066722384E-03,  2.341087352468572E+00,  3.391703303952007E+02,  1.359816606003665E+01,  2.461156203365948E+06,  5.031213223705909E+01,  3.246121594171700E+02,  3.245221134499948E+02,  7.155475019882014E-03,  7.165170973041644E-03,  7.155331805532779E+00,
2461156.500000000, A.D. 2026-Apr-26 00:00:00.0000,  1.729513156536251E-03,  7.145776614599123E-03,  2.341117131485994E+00,  3.391700141178154E+02,  1.856483179310541E+01,  2.461156301759966E+06,  5.028386159400150E+01,  9.968274457760783E+00,  1.000265449287621E+01,  7.158156740858987E-03,  7.170536867118851E-03,  7.159354683351236E+00,
2461157.500000000, A.D. 2026-Apr-27 00:00:00.0000,  1.426148964557821E-03,  7.146174301455912E-03,  2.341115227327717E+00,  3.391698428004431E+02,  2.220050540831742E+01,  2.461156373670408E+06,  5.030258513800086E+01,  5.665729020121208E+01,  5.679394856162705E+01,  7.156380365904728E-03,  7.166586430353544E-03,  7.156689840340623E+00,
2461158.500000000, A.D. 2026-Apr-28 00:00:00.0000,  1.513909996017330E-03,  7.145631581980488E-03,  2.341142689357897E+00,  3.391673424819721E+02,  2.190036287522959E+01,  2.461156367870428E+06,  5.030168408405592E+01,  1.072497081709399E+02,  1.074152933879352E+02,  7.156465827132339E-03,  7.167300072284189E-03,  7.156818038108367E+00,
2461159.500000000, A.D. 2026-Apr-29 00:00:00.0000,  1.373610645267071E-03,  7.146665859388010E-03,  2.341199990047957E+00,  3.391666571193285E+02,  1.562050074352709E+01,  2.461156242463539E+06,  5.030136492546855E+01,  1.638585302849393E+02,  1.639022181542717E+02,  7.156496098611876E-03,  7.166326337835742E-03,  7.156863447610444E+00,
2461160.500000000, A.D. 2026-Apr-30 00:00:00.0000,  1.528408368126203E-03,  7.144254048524708E-03,  2.341212169097749E+00,  3.391664928463777E+02,  1.599538801914417E+01,  2.461163405849580E+06,  5.031513740284595E+01,  2.137917791081381E+02,  2.136945233518072E+02,  7.155190100950534E-03,  7.166126153376361E-03,  7.154904439943703E+00,
2461161.500000000, A.D. 2026-May-01 00:00:00.0000,  1.575458486298684E-03,  7.146959357252773E-03,  2.341195309375089E+00,  3.391654891638933E+02,  5.248990507078878E-01,  2.461163099185272E+06,  5.028301736326509E+01,  2.795881391843771E+02,  2.794100687831462E+02,  7.158236862264362E-03,  7.169514367275952E-03,  7.159474885908550E+00,
2461162.500000000, A.D. 2026-May-02 00:00:00.0000,  1.631081332350032E-03,  7.144050623993295E-03,  2.341238751570618E+00,  3.391644742259395E+02,  1.398212336543823E+01,  2.461163365534121E+06,  5.030952547885610E+01,  3.164553890977328E+02,  3.163264340376403E+02,  7.155722188875053E-03,  7.167393753756810E-03,  7.155702554803453E+00,
2461163.500000000, A.D. 2026-May-03 00:00:00.0000,  1.987866309764782E-03,  7.143978138153165E-03,  2.341281937671893E+00,  3.391639978932841E+02,  1.628724184705846E+01,  2.461163411134575E+06,  5.028332466050117E+01,  4.468449025901243E+00,  4.486240450538769E+00,  7.158207698074467E-03,  7.172437257995769E-03,  7.159431132102312E+00,
2461164.500000000, A.D. 2026-May-04 00:00:00.0000,  1.658998838476017E-03,  7.144392765474524E-03,  2.341294388021610E+00,  3.391643943272425E+02,  2.046749292249584E+01,  2.461163493808891E+06,  5.030380152387878E+01,  5.061523782960472E+01,  5.076236560641154E+01,  7.156265000798677E-03,  7.168137236122829E-03,  7.156516785895618E+00,
2461165.500000000, A.D. 2026-May-05 00:00:00.0000,  1.672441072666505E-03,  7.143970663417210E-03,  2.341302387379477E+00,  3.391634439072035E+02,  1.875065580786574E+01,  2.461163459870491E+06,  5.030724383036524E+01,  1.026332926601667E+02,  1.028202146718571E+02,  7.155938548959967E-03,  7.167906434502725E-03,  7.156027096493516E+00,
2461166.500000000, A.D. 2026-May-06 00:00:00.0000,  1.460082116237593E-03,  7.146170637656529E-03,  2.341337445657463E+00,  3.391629438549986E+02,  1.591342670097423E+01,  2.461163402553577E+06,  5.030005979798653E+01,  1.558017402864625E+02,  1.558702071358349E+02,  7.156619890371170E-03,  7.167069143085811E-03,  7.157049145583926E+00,
2461167.500000000, A.D. 2026-May-07 00:00:00.0000,  1.645082059063337E-03,  7.143290235644800E-03,  2.341359074784623E+00,  3.391628537482392E+02,  1.547298311709249E+01,  2.461170549680705E+06,  5.031650026243964E+01,  2.065507400247370E+02,  2.064666315395873E+02,  7.155060897959540E-03,  7.166831560274279E-03,  7.154710644069446E+00,
2461168.500000000, A.D. 2026-May-08 00:00:00.0000,  1.615738347528629E-03,  7.146630954885273E-03,  2.341336877677378E+00,  3.391618483099685E+02,  6.698336754329260E-01,  2.461170256477212E+06,  5.028344025250317E+01,  2.716782830578653E+02,  2.714932018790792E+02,  7.158196727837593E-03,  7.169762500789914E-03,  7.159414673940866E+00,
2461169.500000000, A.D. 2026-May-09 00:00:00.0000,  1.747762423700724E-03,  7.143473708549584E-03,  2.341372710607218E+00,  3.391607447733145E+02,  1.203300954328968E+01,  2.461170481163828E+06,  5.030679973591131E+01,  3.106407877990873E+02,  3.104885982956317E+02,  7.155980662656504E-03,  7.168487616763424E-03,  7.156090267912936E+00,
2461170.500000000, A.D. 2026-May-10 00:00:00.0000,  2.109905680143221E-03,  7.143479638172389E-03,  2.341435056372242E+00,  3.391599700461958E+02,  1.169591464775112E+01,  2.461170474406796E+06,  5.027936436747637E+01,  1.286810016337342E+00,  1.292254008113140E+00,  7.158583574317620E-03,  7.173687510462851E-03,  7.159995050233154E+00,
2461171.500000000, A.D. 2026-May-11 00:00:00.0000,  1.772492270537417E-03,  7.143827335711708E-03,  2.341444394774088E+00,  3.391602472514862E+02,  1.506951620846202E+01,  2.461170541088994E+06,  5.030119518478551E+01,  4.823436966730709E+01,  4.838609017516760E+01,  7.156512198267142E-03,  7.169197060822577E-03,  7.156887598346540E+00,
2461172.500000000, A.D. 2026-May-12 00:00:00.0000,  1.748120682252888E-03,  7.143064857637642E-03,  2.341448084146629E+00,  3.391593718295329E+02,  1.110905542593906E+01,  2.461170462705310E+06,  5.031109186419632E+01,  1.024985202822431E+02,  1.026940000722235E+02,  7.155573663952982E-03,  7.168082470268323E-03,  7.155479769187686E+00,
2461173.500000000, A.D. 2026-May-13 00:00:00.0000,  1.499714692537090E-03,  7.145918720860921E-03,  2.341476047561100E+00,  3.391588193052447E+02,  9.685758768908515E+00,  2.461170433275124E+06,  5.029972489911338E+01,  1.542554176061209E+02,  1.543299385420815E+02,  7.156651656499542E-03,  7.167384592138164E-03,  7.157096797687368E+00,
2461174.500000000, A.D. 2026-May-14 00:00:00.0000,  1.684960993678671E-03,  7.142996480919375E-03,  2.341502272067928E+00,  3.391587123087714E+02,  8.759729623684464E+00,  2.461177570730866E+06,  5.031658921472494E+01,  2.054912964000870E+02,  2.054083565217314E+02,  7.155052465231013E-03,  7.167108449542651E-03,  7.154697995599580E+00,
2461175.500000000, A.D. 2026-May-15 00:00:00.0000,  1.604478019887715E-03,  7.146869721893317E-03,  2.341473153212552E+00,  3.391576809014749E+02,  3.540929655437867E+02,  2.461177280422031E+06,  5.028177106979412E+01,  2.704772270006920E+02,  2.702933709848382E+02,  7.158355145382633E-03,  7.169840568871949E-03,  7.159652342004786E+00,
2461176.500000000, A.D. 2026-May-16 00:00:00.0000,  1.738391935754654E-03,  7.143584026156776E-03,  2.341496381704784E+00,  3.391567253881821E+02,  5.937342298155960E+00,  2.461177514630936E+06,  5.030634273873525E+01,  3.089576283916228E+02,  3.088025126031675E+02,  7.156024000571438E-03,  7.168463974986100E-03,  7.156155275879447E+00,
2461177.500000000, A.D. 2026-May-17 00:00:00.0000,  2.036318228478817E-03,  7.143400846467901E-03,  2.341559914410411E+00,  3.391557204453756E+02,  7.344016743825302E+00,  2.461177542416973E+06,  5.028575806628942E+01,  3.578670303730964E+02,  3.578583234245684E+02,  7.157976765033566E-03,  7.172552683599231E-03,  7.159084676130932E+00,
2461178.500000000, A.D. 2026-May-18 00:00:00.0000,  1.778047013089349E-03,  7.143861981229172E-03,  2.341576803878291E+00,  3.391560996640793E+02,  1.400669782706074E+01,  2.461177674277996E+06,  5.030040941156560E+01,  4.153415487462969E+01,  4.166947910921262E+01,  7.156586728886383E-03,  7.169311476543595E-03,  7.156999400430824E+00,
2461179.500000000, A.D. 2026-May-19 00:00:00.0000,  1.735018116641952E-03,  7.143039001624720E-03,  2.341579701434819E+00,  3.391555411969289E+02,  9.523030011031196E+00,  2.461177585533175E+06,  5.031235558156121E+01,  9.632133566800179E+01,  9.651889771947367E+01,  7.155453843676294E-03,  7.167868685727868E-03,  7.155300041883449E+00,
2461180.500000000, A.D. 2026-May-20 00:00:00.0000,  1.481561853108164E-03,  7.146160372188459E-03,  2.341603608203450E+00,  3.391549091062476E+02,  1.022266958053120E+01,  2.461177598250603E+06,  5.029854516958940E+01,  1.459537730967269E+02,  1.460486776263529E+02,  7.156763560070773E-03,  7.167366747953087E-03,  7.157264664140957E+00,
2461181.500000000, A.D. 2026-May-21 00:00:00.0000,  1.678398786437627E-03,  7.142990725590364E-03,  2.341637773096137E+00,  3.391547495020048E+02,  7.660348431002460E+00,  2.461184703120554E+06,  5.031714614637336E+01,  1.988281149368944E+02,  1.987661671683640E+02,  7.154999668350687E-03,  7.167008611111010E-03,  7.154618804348607E+00,
2461182.500000000, A.D. 2026-May-22 00:00:00.0000,  1.494735423780069E-03,  7.147967671162351E-03,  2.341592634509526E+00,  3.391533114636100E+02,  3.520278480722433E+02,  2.461184393957010E+06,  5.027847506602481E+01,  2.647747296880671E+02,  2.646041866975793E+02,  7.158667985787786E-03,  7.169368300413221E-03,  7.160121692777164E+00,
2461183.500000000, A.D. 2026-May-23 00:00:00.0000,  1.617345767399388E-03,  7.144864058139689E-03,  2.341618935665304E+00,  3.391510431580245E+02,  3.341569086179565E+00,  2.461184617686020E+06,  5.030197226965056E+01,  3.037781888096380E+02,  3.036239665994323E+02,  7.156438493647042E-03,  7.168012929154395E-03,  7.156777035901714E+00,
2461184.500000000, A.D. 2026-May-24 00:00:00.0000,  1.834676716772832E-03,  7.144553639595054E-03,  2.341705716368211E+00,  3.391494136157046E+02,  5.462143964200964E+00,  2.461184659625377E+06,  5.028882560206298E+01,  3.519726272517106E+02,  3.519432014381402E+02,  7.157685678856027E-03,  7.170817718117001E-03,  7.158647983722886E+00,
2461185.500000000, A.D. 2026-May-25 00:00:00.0000,  1.637238804395155E-03,  7.144903627189379E-03,  2.341724219147104E+00,  3.391497328340054E+02,  1.487746566887085E+01,  2.461184846095292E+06,  5.030005100562510E+01,  3.289144015047498E+01,  3.299349893038326E+01,  7.156620724347620E-03,  7.168337821505860E-03,  7.157050396623671E+00,
2461186.500000000, A.D. 2026-May-26 00:00:00.0000,  1.552779714670950E-03,  7.144188397233693E-03,  2.341727220351220E+00,  3.391493496666135E+02,  9.869566880550247E+00,  2.461184746908214E+06,  5.031398875721973E+01,  8.820504039575809E+01,  8.838289906225972E+01,  7.155299000373879E-03,  7.166409603514065E-03,  7.155067783178734E+00,
2461187.500000000, A.D. 2026-May-27 00:00:00.0000,  1.305644648711915E-03,  7.147685905655538E-03,  2.341746105539727E+00,  3.391486629897427E+02,  1.472132853494268E+01,  2.461184842072919E+06,  5.029573176335398E+01,  1.336823875170004E+02,  1.337904647408909E+02,  7.157030444155618E-03,  7.166374982655698E-03,  7.157665022030755E+00,
2461188.500000000, A.D. 2026-May-28 00:00:00.0000,  1.508609560575126E-03,  7.144276890012928E-03,  2.341789574832599E+00,  3.391484241033283E+02,  1.019625203349016E+01,  2.461191908080869E+06,  5.031639266092606E+01,  1.885176647801075E+02,  1.884921073437654E+02,  7.155071098678989E-03,  7.165865307345051E-03,  7.154725944405058E+00,
2461189.500000000, A.D. 2026-May-29 00:00:00.0000,  1.280452977903715E-03,  7.149131501400621E-03,  2.341755243973471E+00,  3.391476174667739E+02,  3.564347024115876E+02,  2.461191636096878E+06,  5.028237987247056E+01,  2.525919653449518E+02,  2.524520238232463E+02,  7.158297364577816E-03,  7.167463227755010E-03,  7.159565655266426E+00,
2461190.500000000, A.D. 2026-May-30 00:00:00.0000,  1.538072913951529E-03,  7.145245775154408E-03,  2.341762275687098E+00,  3.391469014334486E+02,  6.843081306542722E+00,  2.461191841629467E+06,  5.030393213628854E+01,  2.925107623202927E+02,  2.923478213507859E+02,  7.156252613464573E-03,  7.167259451774737E-03,  7.156498204248750E+00,
2461191.500000000, A.D. 2026-May-31 00:00:00.0000,  1.773741757432597E-03,  7.144831347491600E-03,  2.341831156982815E+00,  3.391453074931185E+02,  7.514548879842719E+00,  2.461191854809740E+06,  5.029049843582257E+01,  3.421564413316571E+02,  3.420940281681798E+02,  7.157526951926181E-03,  7.170222556360763E-03,  7.158409862638533E+00,
2461192.500000000, A.D. 2026-Jun-01 00:00:00.0000,  1.678501088743103E-03,  7.144854513755627E-03,  2.341847547671095E+00,  3.391455559948836E+02,  1.794373956121757E+01,  2.461192061395714E+06,  5.029745129929108E+01,  2.206067771989698E+01,  2.213305986297772E+01,  7.156867323349859E-03,  7.168880132944090E-03,  7.157420320521768E+00,
2461193.500000000, A.D. 2026-Jun-02 00:00:00.0000,  1.528460923638621E-03,  7.144199072273022E-03,  2.341853130054528E+00,  3.391453691493401E+02,  1.246522519083357E+01,  2.461191952855377E+06,  5.031571421113588E+01,  7.784568666260239E+01,  7.801697791279611E+01,  7.155135417161497E-03,  7.166071762049972E-03,  7.154822417691624E+00,
2461194.500000000, A.D. 2026-Jun-03 00:00:00.0000,  1.312023834577488E-03,  7.147845081931515E-03,  2.341870018239199E+00,  3.391445274259899E+02,  2.128314725292081E+01,  2.461192126819616E+06,  5.029356982853343E+01,  1.193557133546173E+02,  1.194866492326960E+02,  7.157235545556970E-03,  7.166626009182425E-03,  7.157972703615054E+00,
2461195.500000000, A.D. 2026-Jun-04 00:00:00.0000,  1.464799376989132E-03,  7.145001428026355E-03,  2.341926705449329E+00,  3.391440929582449E+02,  1.636946012761496E+01,  2.461192030169786E+06,  5.031205044736266E+01,  1.745742727483798E+02,  1.745901153260750E+02,  7.155482774736845E-03,  7.165964121447335E-03,  7.155343437585359E+00,
2461196.500000000, A.D. 2026-Jun-05 00:00:00.0000,  1.185579271770457E-03,  7.149763338885349E-03,  2.341888792557578E+00,  3.391433355203528E+02,  8.899059239285695E+00,  2.461199038672756E+06,  5.028287881108999E+01,  2.323482254825679E+02,  2.322407593919620E+02,  7.158250011721397E-03,  7.166736684557445E-03,  7.159494613514477E+00,
2461197.500000000, A.D. 2026-Jun-06 00:00:00.0000,  1.536011136827577E-03,  7.145226446286614E-03,  2.341889401048513E+00,  3.391426839804178E+02,  1.552103830400033E+01,  2.461199168706042E+06,  5.030429206912016E+01,  2.760569238848377E+02,  2.758818573674132E+02,  7.156218477565725E-03,  7.167210508844835E-03,  7.156446998704310E+00,
2461198.500000000, A.D. 2026-Jun-07 00:00:00.0000,  1.763700836204174E-03,  7.144627848171377E-03,  2.341952540672467E+00,  3.391408921094180E+02,  1.501163798929685E+01,  2.461199158406227E+06,  5.029340590037763E+01,  3.268865083631504E+02,  3.267758942639445E+02,  7.157251097917699E-03,  7.169874347664021E-03,  7.157996034571541E+00,
2461199.500000000, A.D. 2026-Jun-08 00:00:00.0000,  1.826873731707367E-03,  7.144110452966707E-03,  2.341961605638556E+00,  3.391410493817746E+02,  2.501247325036020E+01,  2.461199356459818E+06,  5.029409493625646E+01,  7.219223539334357E+00,  7.245590749420487E+00,  7.157185727565346E-03,  7.170261002163984E-03,  7.157897969061173E+00,
2461200.500000000, A.D. 2026-Jun-09 00:00:00.0000,  1.622867157292855E-03,  7.143613950097794E-03,  2.341968830096877E+00,  3.391409569424945E+02,  2.086026668513112E+01,  2.461199274207627E+06,  5.031475946825552E+01,  6.167544837946220E+01,  6.183930769372834E+01,  7.155225931264653E-03,  7.166837912431513E-03,  7.154958183336451E+00,
2461201.500000000, A.D. 2026-Jun-10 00:00:00.0000,  1.505930437803607E-03,  7.146495211170708E-03,  2.341979069157029E+00,  3.391401268817739E+02,  3.022376615048202E+01,  2.461199459255094E+06,  5.029316906572996E+01,  1.026355285572219E+02,  1.028038465760532E+02,  7.157273567287373E-03,  7.168051923404038E-03,  7.158029742160473E+00,
2461202.500000000, A.D. 2026-Jun-11 00:00:00.0000,  1.631746707990901E-03,  7.143365530589294E-03,  2.342033310560133E+00,  3.391395717041152E+02,  2.151104355724382E+01,  2.461199287119566E+06,  5.031671284795339E+01,  1.616615822471599E+02,  1.617202992589991E+02,  7.155040744770113E-03,  7.166715958950933E-03,  7.154680415786398E+00,
2461203.500000000, A.D. 2026-Jun-12 00:00:00.0000,  1.293564340058535E-03,  7.148715720924709E-03,  2.342005810335152E+00,  3.391390927692000E+02,  1.654362670074915E+01,  2.461206344973646E+06,  5.028577643217568E+01,  2.169382913069484E+02,  2.168493259042118E+02,  7.157975022160406E-03,  7.167234323396104E-03,  7.159082061416709E+00,
2461204.500000000, A.D. 2026-Jun-13 00:00:00.0000,  1.644544822803727E-03,  7.144644483624768E-03,  2.342003634852248E+00,  3.391386986045560E+02,  1.739725613006244E+01,  2.461206360427563E+06,  5.030223550923376E+01,  2.664163345638666E+02,  2.662282766096499E+02,  7.156413526439516E-03,  7.168182569254266E-03,  7.156739583351446E+00,
2461205.500000000, A.D. 2026-Jun-14 00:00:00.0000,  1.843370429975629E-03,  7.143849113718134E-03,  2.342061715747383E+00,  3.391367126884577E+02,  1.719035233629761E+01,  2.461206356077306E+06,  5.029560790984066E+01,  3.169430714700960E+02,  3.167986132857779E+02,  7.157042193664020E-03,  7.170235273609908E-03,  7.157682647863248E+00,
2461206.500000000, A.D. 2026-Jun-15 00:00:00.0000,  2.003369172685236E-03,  7.143047068310322E-03,  2.342068409956292E+00,  3.391368066652065E+02,  2.574646163451615E+01,  2.461206525424471E+06,  5.029198449294687E+01,  3.587213529178598E+02,  3.587162172825919E+02,  7.157385954688956E-03,  7.171724841067590E-03,  7.158198341735505E+00,
2461207.500000000, A.D. 2026-Jun-16 00:00:00.0000,  1.789698332185614E-03,  7.142650120912221E-03,  2.342069108971546E+00,  3.391364209864287E+02,  2.335092011678255E+01,  2.461206477988254E+06,  5.031233042366738E+01,  5.141979266596917E+01,  5.158033820525775E+01,  7.155456228991273E-03,  7.168262337070326E-03,  7.155303619779311E+00,
2461208.500000000, A.D. 2026-Jun-17 00:00:00.0000,  1.798351205682595E-03,  7.144767892129409E-03,  2.342085582183564E+00,  3.391341270660321E+02,  3.179602063606965E+01,  2.461206644985576E+06,  5.028930866634207E+01,  9.328739294532183E+01,  9.349310274778244E+01,  7.157639842369776E-03,  7.170511792610143E-03,  7.158579219859964E+00,
2461209.500000000, A.D. 2026-Jun-18 00:00:00.0000,  1.912712588371390E-03,  7.141268005383315E-03,  2.342160988382474E+00,  3.391330126886818E+02,  2.208678319471845E+01,  2.461206453145407E+06,  5.031763448593075E+01,  1.533105157320625E+02,  1.534087519396906E+02,  7.154953374772453E-03,  7.168638744161591E-03,  7.154549367789916E+00,
2461210.500000000, A.D. 2026-Jun-19 00:00:00.0000,  1.585192069860999E-03,  7.146319319668985E-03,  2.342141703992435E+00,  3.391326581763802E+02,  1.986539090025669E+01,  2.461213565425583E+06,  5.028903726828324E+01,  2.058426986329411E+02,  2.057636581996249E+02,  7.157665594407957E-03,  7.169011869146930E-03,  7.158617853021580E+00,
2461211.500000000, A.D. 2026-Jun-20 00:00:00.0000,  1.910898488832068E-03,  7.142916320614860E-03,  2.342136465536527E+00,  3.391323414517062E+02,  1.679574455920237E+01,  2.461213503033249E+06,  5.030035551393998E+01,  2.592467154905418E+02,  2.590316842212128E+02,  7.156591841149301E-03,  7.170267361683741E-03,  7.157007069268754E+00,
2461212.500000000, A.D. 2026-Jun-21 00:00:00.0000,  2.095331975246797E-03,  7.142037525525012E-03,  2.342186429517110E+00,  3.391302378472253E+02,  1.644650619776101E+01,  2.461213495828413E+06,  5.029569546667666E+01,  3.099141174009954E+02,  3.097296436784837E+02,  7.157033887477370E-03,  7.172030249429726E-03,  7.157670187471957E+00,
2461213.500000000, A.D. 2026-Jun-22 00:00:00.0000,  2.310477426874814E-03,  7.141196590241978E-03,  2.342193435454698E+00,  3.391302891067336E+02,  2.246204165434506E+01,  2.461213614762198E+06,  5.028831241989119E+01,  3.542288027162957E+02,  3.542021026350524E+02,  7.157734373940531E-03,  7.174272157639085E-03,  7.158721036294001E+00,
2461214.500000000, A.D. 2026-Jun-23 00:00:00.0000,  2.000187373787885E-03,  7.140801426700933E-03,  2.342212181239768E+00,  3.391304708851297E+02,  2.026491589304723E+01,  2.461213571267055E+06,  5.031595074200312E+01,  4.673008109812274E+01,  4.689725870394874E+01,  7.155112993368294E-03,  7.169424560035655E-03,  7.154788783499554E+00,
2461215.500000000, A.D. 2026-Jun-24 00:00:00.0000,  1.983952708757122E-03,  7.143053505262058E-03,  2.342212578907988E+00,  3.391296824977440E+02,  2.810480136070403E+01,  2.461213726208287E+06,  5.029338419635669E+01,  8.920998810629673E+01,  8.943731790618602E+01,  7.157253157050248E-03,  7.171452808838437E-03,  7.157999123592061E+00,
2461216.500000000, A.D. 2026-Jun-25 00:00:00.0000,  2.016609284298592E-03,  7.140529606854043E-03,  2.342263439848550E+00,  3.391288130906121E+02,  1.987617163196088E+01,  2.461213563485343E+06,  5.031758187317961E+01,  1.477583166973310E+02,  1.478813369809036E+02,  7.154958362316260E-03,  7.169387117778476E-03,  7.154556848684495E+00,
2461217.500000000, A.D. 2026-Jun-26 00:00:00.0000,  1.702636204188194E-03,  7.145337535862904E-03,  2.342250043994148E+00,  3.391285404494200E+02,  1.962243086409224E+01,  2.461220714911090E+06,  5.029052748479091E+01,  1.983204254909335E+02,  1.982592207814050E+02,  7.157524195690840E-03,  7.169710855518776E-03,  7.158405727775929E+00,
2461218.500000000, A.D. 2026-Jun-27 00:00:00.0000,  1.997990521169238E-03,  7.142449576867127E-03,  2.342242718093253E+00,  3.391282923914217E+02,  1.464805355211407E+01,  2.461220614764472E+06,  5.029870190204795E+01,  2.536300922072376E+02,  2.534105756755927E+02,  7.156748692917968E-03,  7.171047808968808E-03,  7.157242361861874E+00,
2461219.500000000, A.D. 2026-Jun-28 00:00:00.0000,  2.183848755998191E-03,  7.141349374714125E-03,  2.342286221969623E+00,  3.391260179548961E+02,  1.451084671143981E+01,  2.461220611695967E+06,  5.029627263083909E+01,  3.040858365834407E+02,  3.038782621934790E+02,  7.156979134694132E-03,  7.172608894674138E-03,  7.157588051152452E+00,
2461220.500000000, A.D. 2026-Jun-29 00:00:00.0000,  2.473215022705216E-03,  7.140690130086948E-03,  2.342301913019353E+00,  3.391259285235992E+02,  1.761047139747429E+01,  2.461220672862282E+06,  5.028135769921648E+01,  3.513082497516683E+02,  3.512652900607814E+02,  7.158394378602557E-03,  7.176098627118164E-03,  7.159711202579754E+00,
2461221.500000000, A.D. 2026-Jun-30 00:00:00.0000,  2.087135824794859E-03,  7.140209866533276E-03,  2.342322696667683E+00,  3.391260790047990E+02,  1.447427970012940E+01,  2.461220610776217E+06,  5.031562765342330E+01,  4.474185278488483E+01,  4.491051881340642E+01,  7.155143623120642E-03,  7.170077379708008E-03,  7.154834726095420E+00,
2461222.500000000, A.D. 2026-Jul-01 00:00:00.0000,  2.067779291510635E-03,  7.142247241610600E-03,  2.342318179395149E+00,  3.391252693590949E+02,  2.110380711160834E+01,  2.461220741750177E+06,  5.029556321172127E+01,  8.843216511770966E+01,  8.866904254100589E+01,  7.157046434015238E-03,  7.171845626419876E-03,  7.157689008960192E+00,
2461223.500000000, A.D. 2026-Jul-02 00:00:00.0000,  2.055817923259693E-03,  7.140200407278121E-03,  2.342361000528018E+00,  3.391243403701828E+02,  1.321093394450320E+01,  2.461220585535426E+06,  5.031809627651860E+01,  1.466503090293554E+02,  1.467795406575711E+02,  7.154909598670371E-03,  7.169618790062621E-03,  7.154483707444975E+00,
2461224.500000000, A.D. 2026-Jul-03 00:00:00.0000,  1.743279988031400E-03,  7.144963248027888E-03,  2.342351089009688E+00,  3.391240914456458E+02,  1.361964296334314E+01,  2.461227750083527E+06,  5.029140779398369E+01,  1.965487240060920E+02,  1.964919433936776E+02,  7.157440671115366E-03,  7.169918094202843E-03,  7.158280425847740E+00,
2461225.500000000, A.D. 2026-Jul-04 00:00:00.0000,  1.987363531866739E-03,  7.142907651291797E-03,  2.342339145318415E+00,  3.391238154903061E+02,  7.465843411569539E+00,  2.461227626761909E+06,  5.029466681423440E+01,  2.530352184144518E+02,  2.528175516873786E+02,  7.157131473374758E-03,  7.171355295457717E-03,  7.157816579830940E+00,
2461226.500000000, A.D. 2026-Jul-05 00:00:00.0000,  2.149264879545084E-03,  7.141381766778050E-03,  2.342370653273444E+00,  3.391216216821763E+02,  9.303105031077488E+00,  2.461227662776151E+06,  5.029854530399422E+01,  3.015140510771882E+02,  3.013037931542785E+02,  7.156763547321517E-03,  7.172145327864984E-03,  7.157264645015733E+00,
2461227.500000000, A.D. 2026-Jul-06 00:00:00.0000,  2.440550989128546E-03,  7.140606764106014E-03,  2.342380162538676E+00,  3.391214999138270E+02,  1.298343043113487E+01,  2.461227735426752E+06,  5.028470800718544E+01,  3.481616345087988E+02,  3.481040887193183E+02,  7.158076414579876E-03,  7.175546065053737E-03,  7.159234174106325E+00,
2461228.500000000, A.D. 2026-Jul-07 00:00:00.0000,  2.054149408718594E-03,  7.140244245403675E-03,  2.342414140261304E+00,  3.391217981047292E+02,  1.225665712702671E+01,  2.461227721031041E+06,  5.031775907203725E+01,  3.919597237772339E+01,  3.934502820285687E+01,  7.154941564387578E-03,  7.169638883371480E-03,  7.154531653220230E+00,
2461229.500000000, A.D. 2026-Jul-08 00:00:00.0000,  2.093424936087623E-03,  7.142070556864876E-03,  2.342408508872959E+00,  3.391212367837393E+02,  1.934598513340438E+01,  2.461227861196473E+06,  5.029549072342846E+01,  8.242442760887795E+01,  8.266230402548052E+01,  7.157053310734476E-03,  7.172036064604077E-03,  7.157699324967639E+00,
2461230.500000000, A.D. 2026-Jul-09 00:00:00.0000,  2.034500566855669E-03,  7.140443823182048E-03,  2.342444843389703E+00,  3.391202558191128E+02,  1.164343784503856E+01,  2.461227708630028E+06,  5.031713551581994E+01,  1.404537411388063E+02,  1.406018887295050E+02,  7.155000676113453E-03,  7.169557529044858E-03,  7.154620315912345E+00,
2461231.500000000, A.D. 2026-Jul-10 00:00:00.0000,  1.757063407108098E-03,  7.144698152747469E-03,  2.342444407801389E+00,  3.391199972410798E+02,  1.311187485195971E+01,  2.461234894263540E+06,  5.029316517015180E+01,  1.892917431343967E+02,  1.892593040265655E+02,  7.157273936876602E-03,  7.169849721005735E-03,  7.158030296602892E+00,
2461232.500000000, A.D. 2026-Jul-11 00:00:00.0000,  1.906703780092813E-03,  7.144000795467541E-03,  2.342418600698797E+00,  3.391193593892913E+02,  4.455273374478253E+00,  2.461234721570886E+06,  5.028921942071702E+01,  2.482789342484267E+02,  2.480761350947390E+02,  7.157648310557856E-03,  7.171295825648172E-03,  7.158591923812907E+00,
2461233.500000000, A.D. 2026-Jul-12 00:00:00.0000,  2.013409698333113E-03,  7.142495354766981E-03,  2.342448417748869E+00,  3.391158583618439E+02,  7.261882327220245E+00,  2.461234776820087E+06,  5.029705267865902E+01,  2.957797128011197E+02,  2.955717287443770E+02,  7.156905136979826E-03,  7.171314919192670E-03,  7.157477045424325E+00,
2461234.500000000, A.D. 2026-Jul-13 00:00:00.0000,  2.287202782010443E-03,  7.141712856014939E-03,  2.342479375763054E+00,  3.391152082875304E+02,  1.054954368963269E+01,  2.461234841703350E+06,  5.028461914582502E+01,  3.428175772019707E+02,  3.427399386549030E+02,  7.158084847592219E-03,  7.174456839169499E-03,  7.159246825674521E+00,
2461235.500000000, A.D. 2026-Jul-14 00:00:00.0000,  1.871619209647608E-03,  7.141361061939786E-03,  2.342521019111329E+00,  3.391154728322345E+02,  1.181299098360861E+01,  2.461234866709785E+06,  5.031975847958664E+01,  3.186701066558708E+01,  3.198046624428192E+01,  7.154752033285548E-03,  7.168143004631310E-03,  7.154247374737344E+00,
2461236.500000000, A.D. 2026-Jul-15 00:00:00.0000,  1.961635740517525E-03,  7.142940826232359E-03,  2.342514031527639E+00,  3.391149973062738E+02,  1.955832493564398E+01,  2.461235019978919E+06,  5.029626124909609E+01,  7.443952694015086E+01,  7.465621692978014E+01,  7.156980214415131E-03,  7.171019602597903E-03,  7.157589670871804E+00,
2461237.500000000, A.D. 2026-Jul-16 00:00:00.0000,  1.841311155577272E-03,  7.142094834677604E-03,  2.342542686883441E+00,  3.391140135895770E+02,  1.279924402864582E+01,  2.461234885913861E+06,  5.031429555986299E+01,  1.315259026332928E+02,  1.316836272207781E+02,  7.155269912989558E-03,  7.168444991301512E-03,  7.155024153556494E+00,
2461238.500000000, A.D. 2026-Jul-17 00:00:00.0000,  1.622536189068730E-03,  7.145615352626680E-03,  2.342553722924619E+00,  3.391137034402484E+02,  1.630169659206231E+01,  2.461234954318075E+06,  5.029364710200439E+01,  1.783252755011309E+02,  1.783306983348949E+02,  7.157228214417996E-03,  7.168841076209314E-03,  7.157961705776805E+00,
2461239.500000000, A.D. 2026-Jul-18 00:00:00.0000,  1.729940054892482E-03,  7.145198147567293E-03,  2.342537695895145E+00,  3.391135225148608E+02,  6.392397561023867E+00,  2.461241914697414E+06,  5.028993584422949E+01,  2.385650219455592E+02,  2.383960708749195E+02,  7.157580332480561E-03,  7.169962517393828E-03,  7.158489943496480E+00,
2461240.500000000, A.D. 2026-Jul-19 00:00:00.0000,  1.923242338811752E-03,  7.142589520462640E-03,  2.342549441521316E+00,  3.391116687477119E+02,  1.044928358186522E+01,  2.461241994459771E+06,  5.030287450283159E+01,  2.848243777000547E+02,  2.846111954068684E+02,  7.156352921392542E-03,  7.170116322322443E-03,  7.156648671831574E+00,
2461241.500000000, A.D. 2026-Jul-20 00:00:00.0000,  2.270416110304652E-03,  7.141923858340300E-03,  2.342559847969465E+00,  3.391112963181968E+02,  1.073323647413556E+01,  2.461241999800628E+06,  5.028365975389654E+01,  3.348681952966681E+02,  3.347574158130001E+02,  7.158175896215462E-03,  7.174427934090624E-03,  7.159383421213748E+00,
2461242.500000000, A.D. 2026-Jul-21 00:00:00.0000,  1.865803339378345E-03,  7.141467652510612E-03,  2.342602983638774E+00,  3.391114865474623E+02,  1.405654385491632E+01,  2.461242065600513E+06,  5.031907169988367E+01,  2.185857892800631E+01,  2.193835490458203E+01,  7.154817134212265E-03,  7.168166615913919E-03,  7.154345019461721E+00,
2461243.500000000, A.D. 2026-Jul-22 00:00:00.0000,  1.991595556327269E-03,  7.142631310737948E-03,  2.342596747532626E+00,  3.391111294051170E+02,  2.049267799421581E+01,  2.461242193003276E+06,  5.029726568413339E+01,  6.573836145161016E+01,  6.594663736425726E+01,  7.156884930963601E-03,  7.171138551189253E-03,  7.157446733999386E+00,
2461244.500000000, A.D. 2026-Jul-23 00:00:00.0000,  1.809152555669122E-03,  7.142548841318750E-03,  2.342620191858146E+00,  3.391100814728293E+02,  1.561129684705117E+01,  2.461242096011129E+06,  5.031192971483841E+01,  1.209493191157710E+02,  1.211269091087407E+02,  7.155494221977516E-03,  7.168439602636282E-03,  7.155360608118869E+00,
2461245.500000000, A.D. 2026-Jul-24 00:00:00.0000,  1.632133834875037E-03,  7.145781143398347E-03,  2.342648652421680E+00,  3.391095799985670E+02,  2.186837751916077E+01,  2.461242219365249E+06,  5.029117160128277E+01,  1.649869652082285E+02,  1.650353176183283E+02,  7.157463081064823E-03,  7.169145018731299E-03,  7.158314044742150E+00,
2461246.500000000, A.D. 2026-Jul-25 00:00:00.0000,  1.661168284139611E-03,  7.145953939793641E-03,  2.342626757480944E+00,  3.391093531989360E+02,  1.295476023918860E+01,  2.461249200040880E+06,  5.028715372537117E+01,  2.242226291974379E+02,  2.240900632408616E+02,  7.157844323767092E-03,  7.169734707740543E-03,  7.158885984401433E+00,
2461247.500000000, A.D. 2026-Jul-26 00:00:00.0000,  1.927256435134248E-03,  7.142201658731117E-03,  2.342629919899212E+00,  3.391077023610778E+02,  1.764794621529620E+01,  2.461249292051699E+06,  5.030666866316378E+01,  2.698478489360983E+02,  2.696270043549198E+02,  7.155993092468353E-03,  7.169784526205589E-03,  7.156108912924381E+00,
2461248.500000000, A.D. 2026-Jul-27 00:00:00.0000,  2.289554954782196E-03,  7.141747773296618E-03,  2.342637441892056E+00,  3.391072299655563E+02,  1.476412903065314E+01,  2.461249234589547E+06,  5.028407254805798E+01,  3.230618459216099E+02,  3.229038165270526E+02,  7.158136720692485E-03,  7.174525668088351E-03,  7.159324648096816E+00,
2461249.500000000, A.D. 2026-Jul-28 00:00:00.0000,  1.954488905662682E-03,  7.140977734657486E-03,  2.342676090651918E+00,  3.391073142054915E+02,  2.076464287245450E+01,  2.461249353383708E+06,  5.031754319862756E+01,  7.377371618182644E+00,  7.406199821543438E+00,  7.154962028562748E-03,  7.168946322468010E-03,  7.154562347746325E+00,
2461250.500000000, A.D. 2026-Jul-29 00:00:00.0000,  2.141264581006133E-03,  7.141682342467250E-03,  2.342668986050914E+00,  3.391069826236813E+02,  2.517573854231821E+01,  2.461249440725050E+06,  5.029597479414954E+01,  5.327726619544730E+01,  5.347425522690386E+01,  7.157007388895091E-03,  7.172332435322931E-03,  7.157630436101526E+00,
2461251.500000000, A.D. 2026-Jul-30 00:00:00.0000,  1.928578226341780E-03,  7.141853426714214E-03,  2.342684118159662E+00,  3.391060290936881E+02,  2.190620812302699E+01,  2.461249375684649E+06,  5.031024814526223E+01,  1.068748324317125E+02,  1.070861668982880E+02,  7.155653664566942E-03,  7.169453902419670E-03,  7.155599768869388E+00,
2461252.500000000, A.D. 2026-Jul-31 00:00:00.0000,  1.851467655183837E-03,  7.143576549351958E-03,  2.342715475516679E+00,  3.391053987300256E+02,  2.576605928929715E+01,  2.461249451866486E+06,  5.029787444913790E+01,  1.533146368139504E+02,  1.534097203859320E+02,  7.156827183395754E-03,  7.170077817439551E-03,  7.157360106022737E+00,
2461253.500000000, A.D. 2026-Aug-01 00:00:00.0000,  1.753155128980723E-03,  7.145260544733326E-03,  2.342699893204512E+00,  3.391053383194495E+02,  1.617518578226142E+01,  2.461256418508108E+06,  5.028752286946112E+01,  2.132354567919458E+02,  2.131255506341674E+02,  7.157809294810791E-03,  7.170358044888256E-03,  7.158833433384779E+00,
2461254.500000000, A.D. 2026-Aug-02 00:00:00.0000,  2.045116550622649E-03,  7.141225961092639E-03,  2.342700266414639E+00,  3.391041834722356E+02,  1.935106221016396E+01,  2.461256480225487E+06,  5.030806656889033E+01,  2.603786843747517E+02,  2.601477270160202E+02,  7.155860529896276E-03,  7.170495098699914E-03,  7.155910066768857E+00,
2461255.500000000, A.D. 2026-Aug-03 00:00:00.0000,  2.379014884545793E-03,  7.141145424925220E-03,  2.342707093594512E+00,  3.391035564153104E+02,  1.458362537419722E+01,  2.461256385479099E+06,  5.028367099500180E+01,  3.154748603166180E+02,  3.152832908622299E+02,  7.158174829390520E-03,  7.175204233855820E-03,  7.159381820706447E+00,
2461256.500000000, A.D. 2026-Aug-04 00:00:00.0000,  2.094416266085049E-03,  7.140044745268491E-03,  2.342744850600340E+00,  3.391035468842366E+02,  2.205598002822006E+01,  2.461256533357476E+06,  5.031682242126443E+01,  3.583215578002342E+02,  3.583145096501512E+02,  7.155030357233012E-03,  7.170015969197533E-03,  7.154664835271078E+00,
2461257.500000000, A.D. 2026-Aug-05 00:00:00.0000,  2.327346644657239E-03,  7.140533501196476E-03,  2.342730132174819E+00,  3.391029651825985E+02,  2.522795391478244E+01,  2.461256596168912E+06,  5.029404183749460E+01,  4.545731857773285E+01,  4.564778738356043E+01,  7.157190765108823E-03,  7.173848029021171E-03,  7.157905526129681E+00,
2461258.500000000, A.D. 2026-Aug-06 00:00:00.0000,  2.158586480012910E-03,  7.140728187254223E-03,  2.342746725666349E+00,  3.391006675165509E+02,  2.376084483960370E+01,  2.461256566885287E+06,  5.030474617674554E+01,  9.724484497540867E+01,  9.749014173237499E+01,  7.156175410744457E-03,  7.171622634234689E-03,  7.156382396506710E+00,
2461259.500000000, A.D. 2026-Aug-07 00:00:00.0000,  2.173471206733450E-03,  7.140975228653741E-03,  2.342807006012717E+00,  3.390993391871098E+02,  2.516284438186091E+01,  2.461256594693458E+06,  5.030101024135596E+01,  1.461398541340933E+02,  1.462783105843819E+02,  7.156529739983727E-03,  7.172084251313713E-03,  7.156913912317787E+00,
2461260.500000000, A.D. 2026-Aug-08 00:00:00.0000,  2.005222738571726E-03,  7.143418386401110E-03,  2.342794753340631E+00,  3.390993168264968E+02,  1.721541905694082E+01,  2.461263593792256E+06,  5.028792314508541E+01,  2.044196127746615E+02,  2.043248337299517E+02,  7.157771312193816E-03,  7.172124237986521E-03,  7.158776451383087E+00,
2461261.500000000, A.D. 2026-Aug-09 00:00:00.0000,  2.326767277597127E-03,  7.139059998574565E-03,  2.342793394157117E+00,  3.390984965888488E+02,  1.888155469664438E+01,  2.461263625334707E+06,  5.030965750662864E+01,  2.530751388310446E+02,  2.528202759417243E+02,  7.155709669681966E-03,  7.172359340789366E-03,  7.155683776073561E+00,
2461262.500000000, A.D. 2026-Aug-10 00:00:00.0000,  2.630269645738316E-03,  7.139549449072844E-03,  2.342797987793988E+00,  3.390977169500588E+02,  1.258860869189950E+01,  2.461263500478114E+06,  5.028153118182897E+01,  3.096944285113552E+02,  3.094620202492588E+02,  7.158377913210686E-03,  7.177206377348526E-03,  7.159686499962811E+00,
2461263.500000000, A.D. 2026-Aug-11 00:00:00.0000,  2.387756543846739E-03,  7.138229978684239E-03,  2.342834246827459E+00,  3.390976348770114E+02,  1.979942498424657E+01,  2.461263643082409E+06,  5.031381863777615E+01,  3.528009776306524E+02,  3.527665871694096E+02,  7.155315129207290E-03,  7.172400279730341E-03,  7.155091975660702E+00,
2461264.500000000, A.D. 2026-Aug-12 00:00:00.0000,  2.555075518546524E-03,  7.138565720649338E-03,  2.342835385165771E+00,  3.390975155634212E+02,  2.123532452120503E+01,  2.461263671521354E+06,  5.029761264515228E+01,  4.167049804672875E+01,  4.186562340903344E+01,  7.156852018030468E-03,  7.175138315411597E-03,  7.157397360781039E+00,
2461265.500000000, A.D. 2026-Aug-13 00:00:00.0000,  2.318370001533815E-03,  7.139310069980954E-03,  2.342838899335394E+00,  3.390968078334024E+02,  2.083179542345724E+01,  2.461263663219333E+06,  5.030764934768777E+01,  9.240411771410065E+01,  9.266951630111232E+01,  7.155900094093074E-03,  7.172490118205193E-03,  7.155969413556911E+00,
2461266.500000000, A.D. 2026-Aug-14 00:00:00.0000,  2.318589753477225E-03,  7.139663696629717E-03,  2.342877992939631E+00,  3.390957547252788E+02,  2.214547121079264E+01,  2.461263689242989E+06,  5.030389517650672E+01,  1.413920260619708E+02,  1.415574391482578E+02,  7.156256118739887E-03,  7.172848540850056E-03,  7.156503462342807E+00,
2461267.500000000, A.D. 2026-Aug-15 00:00:00.0000,  2.076960311936537E-03,  7.143048632588926E-03,  2.342863834739494E+00,  3.390957570282671E+02,  1.581250757970561E+01,  2.461270720442224E+06,  5.028640536610992E+01,  1.980555368404498E+02,  1.979819524411485E+02,  7.157915338663532E-03,  7.172782044738138E-03,  7.158992522512233E+00,
2461268.500000000, A.D. 2026-Aug-16 00:00:00.0000,  2.433076953063964E-03,  7.138168385311153E-03,  2.342864091236453E+00,  3.390952755393757E+02,  1.702927289604700E+01,  2.461270742826772E+06,  5.031104129993918E+01,  2.471610496178760E+02,  2.469044022253741E+02,  7.155578458343990E-03,  7.172988531376829E-03,  7.155486960681037E+00,
2461269.500000000, A.D. 2026-Aug-17 00:00:00.0000,  2.710276394341161E-03,  7.139095186634801E-03,  2.342867872372904E+00,  3.390942373068011E+02,  9.574832635718728E+00,  2.461270595034834E+06,  5.028027973551247E+01,  3.049413422612804E+02,  3.046862579694890E+02,  7.158496691236026E-03,  7.177898195837251E-03,  7.159864700309843E+00,
2461270.500000000, A.D. 2026-Aug-18 00:00:00.0000,  2.545933930346602E-03,  7.137708797454035E-03,  2.342909245004066E+00,  3.390940032423863E+02,  1.580460184373461E+01,  2.461270718171470E+06,  5.030736228861860E+01,  3.490243687956666E+02,  3.489686494549450E+02,  7.155927315609940E-03,  7.174145833765845E-03,  7.156010246266587E+00,
2461271.500000000, A.D. 2026-Aug-19 00:00:00.0000,  2.650370129911198E-03,  7.137877290984637E-03,  2.342912208717512E+00,  3.390938623388764E+02,  1.520144713996972E+01,  2.461270706276751E+06,  5.029768050618178E+01,  3.992243839430887E+01,  4.011784036301045E+01,  7.156845580736206E-03,  7.175813870487775E-03,  7.157387704106047E+00,
2461272.500000000, A.D. 2026-Aug-20 00:00:00.0000,  2.391612965165637E-03,  7.138752256314680E-03,  2.342910589324462E+00,  3.390931964414729E+02,  1.490423212904624E+01,  2.461270700048028E+06,  5.030800552019026E+01,  9.055199372368227E+01,  9.082603072618723E+01,  7.155866318980144E-03,  7.172980381645607E-03,  7.155918750456527E+00,
2461273.500000000, A.D. 2026-Aug-21 00:00:00.0000,  2.393690940906096E-03,  7.138787158973759E-03,  2.342946803557237E+00,  3.390919921648153E+02,  1.524715308701867E+01,  2.461270706883325E+06,  5.030747939204042E+01,  1.405146595636133E+02,  1.406886774498602E+02,  7.155916210781391E-03,  7.173045262589022E-03,  7.155993588837182E+00,
2461274.500000000, A.D. 2026-Aug-22 00:00:00.0000,  2.084794132444473E-03,  7.143167958773329E-03,  2.342928821288319E+00,  3.390920048135938E+02,  9.831620553520056E+00,  2.461277756269255E+06,  5.028455320853193E+01,  1.962599554012770E+02,  1.961932314113488E+02,  7.158091105108763E-03,  7.173014251444196E-03,  7.159256213475071E+00,
2461275.500000000, A.D. 2026-Aug-23 00:00:00.0000,  2.440145460480527E-03,  7.138241452665678E-03,  2.342929828440741E+00,  3.390917360420774E+02,  1.096129059864983E+01,  2.461277776887993E+06,  5.030973409500593E+01,  2.454503704863354E+02,  2.451963503540030E+02,  7.155702407411674E-03,  7.173163362157670E-03,  7.155672882710305E+00,
2461276.500000000, A.D. 2026-Aug-24 00:00:00.0000,  2.679480874740116E-03,  7.139322458351354E-03,  2.342928228619522E+00,  3.390906073743411E+02,  3.580264445646013E+00,  2.461277630597712E+06,  5.028020766636654E+01,  3.031533122577778E+02,  3.028957794783021E+02,  7.158503531656188E-03,  7.177684604961022E-03,  7.159874962903372E+00,
2461277.500000000, A.D. 2026-Aug-25 00:00:00.0000,  2.517652766688559E-03,  7.137616753472718E-03,  2.342958613890244E+00,  3.390903867029520E+02,  1.151601343300628E+01,  2.461277787459797E+06,  5.031047503845397E+01,  3.455377610669381E+02,  3.454654899050640E+02,  7.155632150553965E-03,  7.173647547635212E-03,  7.155567498117242E+00,
2461278.500000000, A.D. 2026-Aug-26 00:00:00.0000,  2.611491467580758E-03,  7.137795896204334E-03,  2.342975606895035E+00,  3.390903968602241E+02,  1.171375680153976E+01,  2.461277791412217E+06,  5.030148198532649E+01,  3.564301560972257E+01,  3.581786490383035E+01,  7.156484995708496E-03,  7.175174095212658E-03,  7.156846792406952E+00,
2461279.500000000, A.D. 2026-Aug-27 00:00:00.0000,  2.386066578867690E-03,  7.138980296586012E-03,  2.342974118781766E+00,  3.390900588436769E+02,  1.334127790960582E+01,  2.461277823288145E+06,  5.030601458369132E+01,  8.434869105688520E+01,  8.462086411935790E+01,  7.156055120545682E-03,  7.173129944505352E-03,  7.156201956747895E+00,
2461280.500000000, A.D. 2026-Aug-28 00:00:00.0000,  2.407556705666011E-03,  7.138498230679031E-03,  2.343007310199579E+00,  3.390887125836607E+02,  1.265272653737284E+01,  2.461277809794959E+06,  5.030948479205412E+01,  1.353428296038978E+02,  1.355363248672037E+02,  7.155726046907173E-03,  7.172953863135315E-03,  7.155708341836534E+00,
2461281.500000000, A.D. 2026-Aug-29 00:00:00.0000,  2.050452483089809E-03,  7.143506760912514E-03,  2.342992327424521E+00,  3.390887298197289E+02,  8.584936742060835E+00,  2.461284886010169E+06,  5.028357143921150E+01,  1.897393157888855E+02,  1.896996680107656E+02,  7.158184277639013E-03,  7.172861794365512E-03,  7.159395995473570E+00,
2461282.500000000, A.D. 2026-Aug-30 00:00:00.0000,  2.388789716147868E-03,  7.138863204215969E-03,  2.342987699554704E+00,  3.390883759503337E+02,  8.317050874625226E+00,  2.461284878865305E+06,  5.030704629374349E+01,  2.403263129810695E+02,  2.400888275161715E+02,  7.155957281378921E-03,  7.173051358541874E-03,  7.156055195488030E+00,
2461283.500000000, A.D. 2026-Aug-31 00:00:00.0000,  2.533414505440335E-03,  7.140706521165642E-03,  2.342986588899387E+00,  3.390857704882561E+02,  3.598651840534417E+02,  2.461284711489166E+06,  5.027663303200436E+01,  2.990904037952195E+02,  2.988363268239476E+02,  7.158842837452212E-03,  7.176979153738782E-03,  7.160384025136220E+00,
2461284.500000000, A.D. 2026-Sep-01 00:00:00.0000,  2.375039111336860E-03,  7.138719005530892E-03,  2.343034299745772E+00,  3.390850138195354E+02,  9.321718691500472E+00,  2.461284898464817E+06,  5.030961071677266E+01,  3.399533901640693E+02,  3.398598372959513E+02,  7.155714106403143E-03,  7.172709207275395E-03,  7.155690431132276E+00,
2461285.500000000, A.D. 2026-Sep-02 00:00:00.0000,  2.414788843434252E-03,  7.138853964312419E-03,  2.343062113719430E+00,  3.390850090488988E+02,  9.452470407151258E+00,  2.461284901094768E+06,  5.030517736552226E+01,  3.012803393180486E+01,  3.026728968271491E+01,  7.156134518108865E-03,  7.173415071905312E-03,  7.156321055866782E+00,
2461286.500000000, A.D. 2026-Sep-03 00:00:00.0000,  2.222705363149020E-03,  7.140262018677354E-03,  2.343059916801934E+00,  3.390847905733187E+02,  1.312944958897472E+01,  2.461284973570504E+06,  5.030482356082375E+01,  7.678676647826681E+01,  7.703488356384705E+01,  7.156168071830208E-03,  7.172074124983060E-03,  7.156371387819751E+00,
2461287.500000000, A.D. 2026-Sep-04 00:00:00.0000,  2.243132531599586E-03,  7.139640501952535E-03,  2.343087789905715E+00,  3.390833467825900E+02,  1.198257523349518E+01,  2.461284951014414E+06,  5.030984736743836E+01,  1.282390757516867E+02,  1.284406169281428E+02,  7.155691666716243E-03,  7.171742831479950E-03,  7.155656771739679E+00,
2461288.500000000, A.D. 2026-Sep-05 00:00:00.0000,  1.853253610953005E-03,  7.145149762277277E-03,  2.343077765689559E+00,  3.390833515443186E+02,  1.034668051982708E+01,  2.461292075928495E+06,  5.028112859953842E+01,  1.801982794983923E+02,  1.801975462741762E+02,  7.158416122805571E-03,  7.171682483333866E-03,  7.159743824908989E+00,
2461289.500000000, A.D. 2026-Sep-06 00:00:00.0000,  2.239416404214918E-03,  7.139731431080513E-03,  2.343089772494554E+00,  3.390835006334943E+02,  9.241690520887017E+00,  2.461292051772949E+06,  5.030916733957454E+01,  2.316224276730239E+02,  2.314216047231039E+02,  7.155756148784664E-03,  7.171780866488815E-03,  7.155753494588535E+00,
2461290.500000000, A.D. 2026-Sep-07 00:00:00.0000,  2.383689789939513E-03,  7.141317935199961E-03,  2.343078907059615E+00,  3.390823080874229E+02,  4.800946029819091E-01,  2.461291878169592E+06,  5.028149554415582E+01,  2.907035717875672E+02,  2.904477920117158E+02,  7.158381295606792E-03,  7.175444656013623E-03,  7.159691574485049E+00,
2461291.500000000, A.D. 2026-Sep-08 00:00:00.0000,  2.368223836603464E-03,  7.138922601250887E-03,  2.343098021185482E+00,  3.390820780311979E+02,  9.753102883464987E+00,  2.461292061427604E+06,  5.030797406809402E+01,  3.317557146636130E+02,  3.316269541029589E+02,  7.155869301502324E-03,  7.172816001753760E-03,  7.155923224273042E+00,
2461292.500000000, A.D. 2026-Sep-09 00:00:00.0000,  2.376153838263913E-03,  7.139013674924345E-03,  2.343129878056962E+00,  3.390820149957535E+02,  9.454720840727823E+00,  2.461292055569889E+06,  5.030641156809083E+01,  2.235768409715336E+01,  2.246154392563637E+01,  7.156017473310235E-03,  7.173021271696125E-03,  7.156145484810263E+00,
2461293.500000000, A.D. 2026-Sep-10 00:00:00.0000,  2.225655993891478E-03,  7.140367169574534E-03,  2.343128843442186E+00,  3.390819240367195E+02,  1.424795617383229E+01,  2.461292150195161E+06,  5.030348922479016E+01,  6.789989316451835E+01,  6.813644304760099E+01,  7.156294619588674E-03,  7.172222069602815E-03,  7.156561215689741E+00,
2461294.500000000, A.D. 2026-Sep-11 00:00:00.0000,  2.225649389453510E-03,  7.139669574725635E-03,  2.343152042395656E+00,  3.390803489107562E+02,  1.236524476393696E+01,  2.461292113042391E+06,  5.031086239998641E+01,  1.200898958115462E+02,  1.203102592047403E+02,  7.155595421306242E-03,  7.171521267886850E-03,  7.155512404814139E+00,
2461295.500000000, A.D. 2026-Sep-12 00:00:00.0000,  1.794760276171613E-03,  7.146036640878695E-03,  2.343154673721846E+00,  3.390802137902690E+02,  1.506304828111880E+01,  2.461292164265565E+06,  5.027618757200472E+01,  1.677080101326672E+02,  1.677516990220827E+02,  7.158885123520064E-03,  7.171733606161433E-03,  7.160447467986986E+00,
2461296.500000000, A.D. 2026-Sep-13 00:00:00.0000,  2.194409972518336E-03,  7.140225821698753E-03,  2.343168247625729E+00,  3.390803784365800E+02,  1.312574181656764E+01,  2.461299283756393E+06,  5.030734596722054E+01,  2.199566040742484E+02,  2.197954531718436E+02,  7.155928863359142E-03,  7.171631905019530E-03,  7.156012567917420E+00,
2461297.500000000, A.D. 2026-Sep-14 00:00:00.0000,  2.286704420678283E-03,  7.141744610863369E-03,  2.343152476058048E+00,  3.390791528377396E+02,  4.901872550905175E+00,  2.461299120774917E+06,  5.028432144585587E+01,  2.785004330608984E+02,  2.782411659211159E+02,  7.158113099732241E-03,  7.174481588601114E-03,  7.159289210805668E+00,
2461298.500000000, A.D. 2026-Sep-15 00:00:00.0000,  2.400587935472119E-03,  7.138756089726942E-03,  2.343163831504029E+00,  3.390790150576342E+02,  1.370113757442623E+01,  2.461299294490919E+06,  5.030728610729280E+01,  3.200313179956170E+02,  3.198542036186536E+02,  7.155934539850333E-03,  7.173112989973725E-03,  7.156021082755496E+00,
2461299.500000000, A.D. 2026-Sep-16 00:00:00.0000,  2.391967773082130E-03,  7.138811607845286E-03,  2.343195624571982E+00,  3.390788569655781E+02,  1.346448820701798E+01,  2.461299289857673E+06,  5.030735129779317E+01,  1.057170387771945E+01,  1.062213997236018E+01,  7.155928357863779E-03,  7.173045107882274E-03,  7.156011809665521E+00,
2461300.500000000, A.D. 2026-Sep-17 00:00:00.0000,  2.339050455123578E-03,  7.139906153206728E-03,  2.343193051803291E+00,  3.390787727471578E+02,  1.918138688384777E+01,  2.461299402837796E+06,  5.029978549184256E+01,  5.518702349696003E+01,  5.540745330871420E+01,  7.156645909077513E-03,  7.173385664948299E-03,  7.157088176019825E+00,
2461301.500000000, A.D. 2026-Sep-18 00:00:00.0000,  2.323847468579940E-03,  7.138872611431642E-03,  2.343208239726033E+00,  3.390772248640886E+02,  1.602657851576606E+01,  2.461299340526536E+06,  5.031185923966772E+01,  1.086471249809425E+02,  1.088992044689977E+02,  7.155500904094040E-03,  7.172129196756439E-03,  7.155370631108833E+00,
2461302.500000000, A.D. 2026-Sep-19 00:00:00.0000,  1.953216325350250E-03,  7.144518682459233E-03,  2.343211219552250E+00,  3.390770297442106E+02,  2.001969618397379E+01,  2.461299417831333E+06,  5.028023662501026E+01,  1.549721699016475E+02,  1.550666506514392E+02,  7.158500783053725E-03,  7.172482883648218E-03,  7.159870839210207E+00,
2461303.500000000, A.D. 2026-Sep-20 00:00:00.0000,  2.302288275473817E-03,  7.139288165825357E-03,  2.343236705228108E+00,  3.390773338911191E+02,  1.446612100255469E+01,  2.461306464725621E+06,  5.030909725358015E+01,  2.108473304089857E+02,  2.107123882386435E+02,  7.155762794609459E-03,  7.172237423393560E-03,  7.155763463324346E+00,
2461304.500000000, A.D. 2026-Sep-21 00:00:00.0000,  2.329733381429124E-03,  7.141341667076550E-03,  2.343222324284616E+00,  3.390764209598989E+02,  6.030671916416575E+00,  2.461306297687570E+06,  5.028532417542331E+01,  2.696026977700593E+02,  2.693357427647651E+02,  7.158017940417209E-03,  7.174694213757867E-03,  7.159146448854914E+00,
2461305.500000000, A.D. 2026-Sep-22 00:00:00.0000,  2.515044288561010E-03,  7.138133227984089E-03,  2.343229138520176E+00,  3.390763651167592E+02,  1.341711329796001E+01,  2.461306443298843E+06,  5.030521219592764E+01,  3.125471515365092E+02,  3.123343746147013E+02,  7.156131214924376E-03,  7.174129201864663E-03,  7.156316100961464E+00,
2461306.500000000, A.D. 2026-Sep-23 00:00:00.0000,  2.464565865340903E-03,  7.138109628594944E-03,  2.343265379717977E+00,  3.390760958876893E+02,  1.374149868314761E+01,  2.461306449768724E+06,  5.030928033099622E+01,  2.527099344171384E+00,  2.539590149676294E+00,  7.155745434533962E-03,  7.173381240472982E-03,  7.155737423224463E+00,
2461307.500000000, A.D. 2026-Sep-24 00:00:00.0000,  2.513384098993688E-03,  7.139038435532635E-03,  2.343255136217496E+00,  3.390758025408934E+02,  1.987334379628445E+01,  2.461306570978966E+06,  5.029577025226472E+01,  4.672582850203761E+01,  4.693597732145136E+01,  7.157026792869905E-03,  7.175015150207174E-03,  7.157659544617271E+00,
2461308.500000000, A.D. 2026-Sep-25 00:00:00.0000,  2.521593716258296E-03,  7.137734480816564E-03,  2.343267614114691E+00,  3.390729327644738E+02,  1.659158767226809E+01,  2.461306506202488E+06,  5.030893218846008E+01,  1.003058238182017E+02,  1.005899540587020E+02,  7.155778446782908E-03,  7.173822412749251E-03,  7.155786941599552E+00,
2461309.500000000, A.D. 2026-Sep-26 00:00:00.0000,  2.239526797170436E-03,  7.142408399106079E-03,  2.343300509984937E+00,  3.390719854088492E+02,  2.096686988288289E+01,  2.461306591475550E+06,  5.028087790155266E+01,  1.462431627504561E+02,  1.463854333801560E+02,  7.158439917126419E-03,  7.174471435146758E-03,  7.159779523039776E+00,
2461310.500000000, A.D. 2026-Sep-27 00:00:00.0000,  2.557455872955291E-03,  7.137371015028604E-03,  2.343333731722664E+00,  3.390722576345520E+02,  1.424084959781391E+01,  2.461313614782498E+06,  5.031006185539898E+01,  2.032950998795360E+02,  2.031795426243620E+02,  7.155671328693107E-03,  7.173971642357611E-03,  7.155626264875422E+00,
2461311.500000000, A.D. 2026-Sep-28 00:00:00.0000,  2.546921654525755E-03,  7.139615279759723E-03,  2.343320662036700E+00,  3.390715021194428E+02,  6.610721751955112E+00,  2.461313463787549E+06,  5.028713867327182E+01,  2.612467431885268E+02,  2.609584276544020E+02,  7.157845752105515E-03,  7.176076224451307E-03,  7.158888127220968E+00,
2461312.500000000, A.D. 2026-Sep-29 00:00:00.0000,  2.793951021161575E-03,  7.136504223398300E-03,  2.343323772828863E+00,  3.390715263344773E+02,  1.139895020669047E+01,  2.461313557835357E+06,  5.030133294975499E+01,  3.067894715146806E+02,  3.065325350684012E+02,  7.156499131454569E-03,  7.176494039510838E-03,  7.156867997108483E+00,
2461313.500000000, A.D. 2026-Sep-30 00:00:00.0000,  2.703935872086059E-03,  7.136432573933541E-03,  2.343362914926260E+00,  3.390711443466817E+02,  1.190505833935800E+01,  2.461313567900714E+06,  5.030890159479974E+01,  3.565839896854076E+02,  3.565654647894719E+02,  7.155781347812694E-03,  7.175130121691848E-03,  7.155791293149839E+00,
2461314.500000000, A.D. 2026-Oct-01 00:00:00.0000,  2.764574634268563E-03,  7.137192345628035E-03,  2.343365614893414E+00,  3.390711975905738E+02,  1.687803680411408E+01,  2.461313666155841E+06,  5.029628094030732E+01,  4.193926008271835E+01,  4.215153401899599E+01,  7.156978346422565E-03,  7.176764347217094E-03,  7.157586868644533E+00,
2461315.500000000, A.D. 2026-Oct-02 00:00:00.0000,  2.672865493773997E-03,  7.136088576164894E-03,  2.343367588263255E+00,  3.390698960354945E+02,  1.297725975746332E+01,  2.461313589074251E+06,  5.031489059749525E+01,  9.614801998269725E+01,  9.645243584212004E+01,  7.155213499428103E-03,  7.174338422691311E-03,  7.154939536287521E+00,
2461316.500000000, A.D. 2026-Oct-03 00:00:00.0000,  2.373130468832193E-03,  7.141336521979930E-03,  2.343378224319112E+00,  3.390693670245397E+02,  1.891297900503299E+01,  2.461313705204847E+06,  5.028209755217015E+01,  1.405281625128311E+02,  1.407006396709658E+02,  7.158324159147781E-03,  7.175311796315632E-03,  7.159605854280090E+00,
2461317.500000000, A.D. 2026-Oct-04 00:00:00.0000,  2.626988988169094E-03,  7.137015966787820E-03,  2.343408946925992E+00,  3.390695718481072E+02,  1.185310776441687E+01,  2.461320721823615E+06,  5.030855501884260E+01,  1.979147094155563E+02,  1.978224005764858E+02,  7.155814211923927E-03,  7.174612457060034E-03,  7.155840589441802E+00,
2461318.500000000, A.D. 2026-Oct-05 00:00:00.0000,  2.607377693420786E-03,  7.139007395052820E-03,  2.343400462489930E+00,  3.390690127119038E+02,  5.178441629225964E+00,  2.461320589720108E+06,  5.028898931533060E+01,  2.549100878327145E+02,  2.546218526547024E+02,  7.157670144524519E-03,  7.176332893996217E-03,  7.158624679105531E+00,
2461319.500000000, A.D. 2026-Oct-06 00:00:00.0000,  2.900970802865111E-03,  7.136031383144276E-03,  2.343402851054742E+00,  3.390690021244918E+02,  8.191034667446377E+00,  2.461320648548680E+06,  5.029823448608261E+01,  3.022300291498792E+02,  3.019482810661435E+02,  7.156793030768684E-03,  7.177554678393093E-03,  7.157308873328566E+00,
2461320.500000000, A.D. 2026-Oct-07 00:00:00.0000,  2.813011543396597E-03,  7.135966471781777E-03,  2.343451106475677E+00,  3.390684028100145E+02,  8.327135796579018E+00,  2.461320651291741E+06,  5.030557662285005E+01,  3.523891817570328E+02,  3.523463396358621E+02,  7.156096654275918E-03,  7.176226836770059E-03,  7.156264258712004E+00,
2461321.500000000, A.D. 2026-Oct-08 00:00:00.0000,  2.893289482078808E-03,  7.136551257322305E-03,  2.343453330540078E+00,  3.390684029572551E+02,  1.161135396339761E+01,  2.461320716154980E+06,  5.029331965492933E+01,  3.942216818398691E+01,  3.963329931933051E+01,  7.157259280318561E-03,  7.177967303314817E-03,  7.158008309453794E+00,
2461322.500000000, A.D. 2026-Oct-09 00:00:00.0000,  2.746229055121425E-03,  7.135297176193373E-03,  2.343448918486946E+00,  3.390671749981822E+02,  6.719704699656315E+00,  2.461320619461002E+06,  5.031770914193747E+01,  9.462441431611448E+01,  9.493799617752657E+01,  7.154946297603687E-03,  7.174595419014000E-03,  7.154538752638813E+00,
2461323.500000000, A.D. 2026-Oct-10 00:00:00.0000,  2.452750312817907E-03,  7.140564898625590E-03,  2.343459276650459E+00,  3.390664872469372E+02,  1.290432037533365E+01,  2.461320740537678E+06,  5.028422782475270E+01,  1.387574320814641E+02,  1.389422968197442E+02,  7.158121984562415E-03,  7.175679070499240E-03,  7.159302540244794E+00,
2461324.500000000, A.D. 2026-Oct-11 00:00:00.0000,  2.641283076631679E-03,  7.137108088510484E-03,  2.343483907153151E+00,  3.390666124624125E+02,  5.727719569927493E+00,  2.461327754790314E+06,  5.030649950204761E+01,  1.962628926641561E+02,  1.961783996489652E+02,  7.156009134333220E-03,  7.174910180155955E-03,  7.156132976124626E+00,
2461325.500000000, A.D. 2026-Oct-12 00:00:00.0000,  2.614445370378099E-03,  7.138987111636133E-03,  2.343478964155203E+00,  3.390661589792284E+02,  3.596044034046366E+02,  2.461327633608486E+06,  5.028866910387659E+01,  2.527036688686456E+02,  2.524179020165038E+02,  7.157700528645805E-03,  7.176413945655477E-03,  7.158670261413794E+00,
2461326.500000000, A.D. 2026-Oct-13 00:00:00.0000,  2.906018971804356E-03,  7.136260969261846E-03,  2.343478702479523E+00,  3.390661987500832E+02,  1.881781233704697E+00,  2.461327677914616E+06,  5.029542527089373E+01,  3.007562834398265E+02,  3.004695839250513E+02,  7.157059520009326E-03,  7.177858070756805E-03,  7.157708639722632E+00,
2461327.500000000, A.D. 2026-Oct-14 00:00:00.0000,  2.743149582783618E-03,  7.135911640328224E-03,  2.343519803273140E+00,  3.390655501652012E+02,  3.818835428062786E+00,  2.461327716267497E+06,  5.031144313055541E+01,  3.491192700984911E+02,  3.490597328750695E+02,  7.155540357875523E-03,  7.175169075422823E-03,  7.155429810785191E+00,
2461328.500000000, A.D. 2026-Oct-15 00:00:00.0000,  2.874591646372583E-03,  7.136516063110581E-03,  2.343532648365445E+00,  3.390656543291955E+02,  8.134753549378249E+00,  2.461327801541630E+06,  5.029510636720205E+01,  3.512903801635443E+01,  3.531914182821988E+01,  7.157089773586069E-03,  7.177663484061558E-03,  7.157754024251545E+00,
2461329.500000000, A.D. 2026-Oct-16 00:00:00.0000,  2.706352087188445E-03,  7.135544855890064E-03,  2.343529053967712E+00,  3.390648545610625E+02,  3.997795043383428E+00,  2.461327719739445E+06,  5.031810725878753E+01,  8.957934153337295E+01,  8.988946446823279E+01,  7.154908557598564E-03,  7.174272259307064E-03,  7.154482145930276E+00,
2461330.500000000, A.D. 2026-Oct-17 00:00:00.0000,  2.465116538457475E-03,  7.140414363891726E-03,  2.343539253072708E+00,  3.390639906909836E+02,  1.095949904531598E+01,  2.461327856408730E+06,  5.028488291751107E+01,  1.329326775129943E+02,  1.331390640022570E+02,  7.158059815526248E-03,  7.175705267160769E-03,  7.159209271513181E+00,
2461331.500000000, A.D. 2026-Oct-18 00:00:00.0000,  2.590100126149820E-03,  7.137638846125249E-03,  2.343562367217732E+00,  3.390640404187687E+02,  3.196875372003591E+00,  2.461334859010520E+06,  5.030476048858309E+01,  1.910257803100448E+02,  1.909691962715960E+02,  7.156174053443824E-03,  7.174709260762400E-03,  7.156380360496970E+00,
2461332.500000000, A.D. 2026-Oct-19 00:00:00.0000,  2.541560317198627E-03,  7.139588325942177E-03,  2.343556915521284E+00,  3.390635071713888E+02,  3.571306716223816E+02,  2.461334738958192E+06,  5.028782888917772E+01,  2.474076535765031E+02,  2.471390904104425E+02,  7.157780256200564E-03,  7.175972186458952E-03,  7.158789869281360E+00,
2461333.500000000, A.D. 2026-Oct-20 00:00:00.0000,  2.793360934743417E-03,  7.137682862644210E-03,  2.343557118033696E+00,  3.390622033479369E+02,  3.574857289632996E+02,  2.461334745311086E+06,  5.028891877920892E+01,  2.973746519312505E+02,  2.970899451045881E+02,  7.157676837505617E-03,  7.177670812367024E-03,  7.158634719918371E+00,
2461334.500000000, A.D. 2026-Oct-21 00:00:00.0000,  2.547959591361700E-03,  7.137128070763537E-03,  2.343619419594928E+00,  3.390608418074103E+02,  1.064342658654574E+00,  2.461334816152455E+06,  5.031334918485794E+01,  3.440933111463362E+02,  3.440130434115674E+02,  7.155359637982778E-03,  7.173591205202019E-03,  7.155158736845605E+00,
2461335.500000000, A.D. 2026-Oct-22 00:00:00.0000,  2.699661398091810E-03,  7.137633531359834E-03,  2.343640920513568E+00,  3.390609053675988E+02,  5.446848473217992E+00,  2.461334902780860E+06,  5.029652824448214E+01,  3.003804936722884E+01,  3.019335992755252E+01,  7.156954886193977E-03,  7.176276241028120E-03,  7.157551675338433E+00,
2461336.500000000, A.D. 2026-Oct-23 00:00:00.0000,  2.494574191262977E-03,  7.136964778900646E-03,  2.343637376167953E+00,  3.390603245131335E+02,  1.853422292919521E+00,  2.461334831661035E+06,  5.031911541091701E+01,  8.394934092066850E+01,  8.423369787619950E+01,  7.154812990730636E-03,  7.172661202560626E-03,  7.154338804650290E+00,
2461337.500000000, A.D. 2026-Oct-24 00:00:00.0000,  2.305806194912923E-03,  7.141592765051497E-03,  2.343645589225456E+00,  3.390592770425305E+02,  1.058133850397686E+01,  2.461335003522611E+06,  5.028448106465413E+01,  1.255340699835526E+02,  1.257487290252923E+02,  7.158097951652210E-03,  7.174603138252924E-03,  7.159266484964294E+00,
2461338.500000000, A.D. 2026-Oct-25 00:00:00.0000,  2.351845552950617E-03,  7.139705471329603E-03,  2.343666392658900E+00,  3.390592693897713E+02,  2.403776985873866E+00,  2.461341998153440E+06,  5.030093854902047E+01,  1.840395987873949E+02,  1.840206690189273E+02,  7.156536539965650E-03,  7.173367608601696E-03,  7.156924112840643E+00,
2461339.500000000, A.D. 2026-Oct-26 00:00:00.0000,  2.341617619184074E-03,  7.140689137116430E-03,  2.343681725998056E+00,  3.390591379647295E+02,  3.574114595284340E+02,  2.461341899109529E+06,  5.029131847003749E+01,  2.393456186339914E+02,  2.391151304212416E+02,  7.157449146145458E-03,  7.174209155174488E-03,  7.158293139888158E+00,
2461340.500000000, A.D. 2026-Oct-27 00:00:00.0000,  2.648322741341177E-03,  7.138494862683873E-03,  2.343678790737418E+00,  3.390591941129128E+02,  3.568219895223048E+02,  2.461341886620583E+06,  5.029130841089881E+01,  2.902650366033008E+02,  2.899800205476702E+02,  7.157450100555189E-03,  7.176405338426505E-03,  7.158294571671616E+00,
2461341.500000000, A.D. 2026-Oct-28 00:00:00.0000,  2.464845636931334E-03,  7.137560626011193E-03,  2.343711923466739E+00,  3.390584140504057E+02,  1.492983731636122E+00,  2.461341979040449E+06,  5.031506376367404E+01,  3.358970492823385E+02,  3.357813776566806E+02,  7.155197082320936E-03,  7.172833538630679E-03,  7.154914911583778E+00,
2461342.500000000, A.D. 2026-Oct-29 00:00:00.0000,  2.674068298440777E-03,  7.137909093237084E-03,  2.343733319362730E+00,  3.390584153508512E+02,  4.881905266333031E+00,  2.461342046031200E+06,  5.029555168895674E+01,  2.283261124223214E+01,  2.295188403061089E+01,  7.157047527139843E-03,  7.176185961042602E-03,  7.157690648794379E+00,
2461343.500000000, A.D. 2026-Oct-30 00:00:00.0000,  2.427048656205165E-03,  7.137420320250801E-03,  2.343732696672874E+00,  3.390580675180256E+02,  1.826538768099135E+00,  2.461341985524431E+06,  5.031940719015838E+01,  7.620751281161122E+01,  7.647780717454928E+01,  7.154785332377185E-03,  7.172150344503569E-03,  7.154297319909799E+00,
2461344.500000000, A.D. 2026-Oct-31 00:00:00.0000,  2.300293537937704E-03,  7.141559669845641E-03,  2.343738733643306E+00,  3.390567775729875E+02,  1.118612627961531E+01,  2.461342170093854E+06,  5.028524737144420E+01,  1.171599069026520E+02,  1.173941280828111E+02,  7.158025229024361E-03,  7.174490788203080E-03,  7.159157383492071E+00,
2461345.500000000, A.D. 2026-Nov-01 00:00:00.0000,  2.223667301425902E-03,  7.141220916348424E-03,  2.343763884098249E+00,  3.390566262337040E+02,  4.187749565622538E+00,  2.461342030790412E+06,  5.029461904033258E+01,  1.744825745890926E+02,  1.745070069144832E+02,  7.157136005656060E-03,  7.173051094963697E-03,  7.157823378904741E+00,
2461346.500000000, A.D. 2026-Nov-02 00:00:00.0000,  2.230455968383806E-03,  7.141486340646385E-03,  2.343787881900554E+00,  3.390565108167146E+02,  1.200877340487889E+00,  2.461349129216741E+06,  5.029130188932181E+01,  2.277732671573345E+02,  2.275843583193480E+02,  7.157450719321712E-03,  7.173415097997037E-03,  7.158295499930926E+00,
2461347.500000000, A.D. 2026-Nov-03 00:00:00.0000,  2.534526469524177E-03,  7.139323030104720E-03,  2.343781475496885E+00,  3.390564265514500E+02,  3.593322533060810E+02,  2.461349091284670E+06,  5.029116390184623E+01,  2.799724418227631E+02,  2.796862387936243E+02,  7.157463811589856E-03,  7.175604593074991E-03,  7.158315140660010E+00,
2461348.500000000, A.D. 2026-Nov-04 00:00:00.0000,  2.405120434682666E-03,  7.137752561182993E-03,  2.343807081183522E+00,  3.390556998308020E+02,  5.838635475342060E+00,  2.461349219951097E+06,  5.031755294803017E+01,  3.237738225523578E+02,  3.236105504819633E+02,  7.154961104344411E-03,  7.172169647505828E-03,  7.154560961496306E+00,
2461349.500000000, A.D. 2026-Nov-05 00:00:00.0000,  2.678758888794241E-03,  7.137955938406495E-03,  2.343826020814488E+00,  3.390556178668566E+02,  7.759823488315045E+00,  2.461349257904060E+06,  5.029470174961398E+01,  1.217614310472467E+01,  1.224109966753130E+01,  7.157128159080872E-03,  7.176300379755250E-03,  7.157811607914804E+00,
2461350.500000000, A.D. 2026-Nov-06 00:00:00.0000,  2.422005630790837E-03,  7.137679776270890E-03,  2.343825995304658E+00,  3.390553744648002E+02,  6.283932309450114E+00,  2.461349228641059E+06,  5.031704508386893E+01,  6.397102513508793E+01,  6.422074709494515E+01,  7.155009248960232E-03,  7.172338721649575E-03,  7.154633174502767E+00,
2461351.500000000, A.D. 2026-Nov-07 00:00:00.0000,  2.407762352920251E-03,  7.140734151789506E-03,  2.343826322541120E+00,  3.390539467850891E+02,  1.496213955786911E+01,  2.461349400006593E+06,  5.028584158137783E+01,  1.055999357999740E+02,  1.058654654679690E+02,  7.157968839685076E-03,  7.175203527580647E-03,  7.159072786271462E+00,
2461352.500000000, A.D. 2026-Nov-08 00:00:00.0000,  2.279552315996014E-03,  7.140651127090160E-03,  2.343844009021087E+00,  3.390537912841743E+02,  7.924893362678279E+00,  2.461349259901717E+06,  5.029641314378355E+01,  1.629653218530038E+02,  1.630416376621246E+02,  7.156965805066602E-03,  7.173280483043045E-03,  7.157568055019339E+00,
2461353.500000000, A.D. 2026-Nov-09 00:00:00.0000,  2.307495218888272E-03,  7.140475139870137E-03,  2.343887817917342E+00,  3.390537973152031E+02,  3.829799589866596E+00,  2.461356335730087E+06,  5.029615957416986E+01,  2.173736670265996E+02,  2.172135288949688E+02,  7.156989859753149E-03,  7.173504579636160E-03,  7.157604140115736E+00,
2461354.500000000, A.D. 2026-Nov-10 00:00:00.0000,  2.558781573671411E-03,  7.139322770462870E-03,  2.343883623106662E+00,  3.390538897753646E+02,  3.591785664608972E+02,  2.461356242783332E+06,  5.028933228097015E+01,  2.723565899418632E+02,  2.720635858946740E+02,  7.157637601669036E-03,  7.175952432875204E-03,  7.158575858368010E+00,
2461355.500000000, A.D. 2026-Nov-11 00:00:00.0000,  2.466168456316860E-03,  7.137241862673869E-03,  2.343903418747648E+00,  3.390532571026010E+02,  6.632213969057194E+00,  2.461356390104626E+06,  5.031833446672372E+01,  3.152114177113260E+02,  3.150118904846641E+02,  7.154887019349499E-03,  7.172532176025129E-03,  7.154449840506415E+00,
2461356.500000000, A.D. 2026-Nov-12 00:00:00.0000,  2.749911740053329E-03,  7.137424430980644E-03,  2.343925546409558E+00,  3.390530705066519E+02,  7.329975257727762E+00,  2.461356403849509E+06,  5.029493700835940E+01,  4.835882898846692E+00,  4.862539122904462E+00,  7.157105840355843E-03,  7.176787249731042E-03,  7.157778126656472E+00,
2461357.500000000, A.D. 2026-Nov-13 00:00:00.0000,  2.509493674623661E-03,  7.137307344445953E-03,  2.343922041139007E+00,  3.390527615685569E+02,  7.542070754092130E+00,  2.461356407979325E+06,  5.031436391116570E+01,  5.494432564925815E+01,  5.518015038703240E+01,  7.155263432770756E-03,  7.173219521095560E-03,  7.155014433564353E+00,
2461358.500000000, A.D. 2026-Nov-14 00:00:00.0000,  2.617199212829127E-03,  7.139503294785505E-03,  2.343917247225507E+00,  3.390499140282807E+02,  1.552379267215177E+01,  2.461356565737949E+06,  5.028300717493945E+01,  9.726051259079964E+01,  9.755789250147734E+01,  7.158237829197325E-03,  7.176972363609145E-03,  7.159476336558892E+00,
2461359.500000000, A.D. 2026-Nov-15 00:00:00.0000,  2.477235192705506E-03,  7.139413424705747E-03,  2.343958962908251E+00,  3.390489822751937E+02,  9.423317227372909E+00,  2.461356444297941E+06,  5.029454160308030E+01,  1.536851343402059E+02,  1.538106266278137E+02,  7.157143352096801E-03,  7.174873279487855E-03,  7.157834399627010E+00,
2461360.500000000, A.D. 2026-Nov-16 00:00:00.0000,  2.551974290928637E-03,  7.138345694907199E-03,  2.344020938806469E+00,  3.390489310357962E+02,  5.310461679903620E+00,  2.461363519590450E+06,  5.030017274036866E+01,  2.081140787304620E+02,  2.079766619329486E+02,  7.156609177538499E-03,  7.174872660169800E-03,  7.157033075377099E+00,
2461361.500000000, A.D. 2026-Nov-17 00:00:00.0000,  2.744220775821996E-03,  7.138082199292406E-03,  2.344015532791461E+00,  3.390489828728937E+02,  3.591484459491651E+02,  2.461363396857996E+06,  5.028841567891101E+01,  2.646100166440260E+02,  2.642970449468834E+02,  7.157724575780876E-03,  7.177366952269346E-03,  7.158706337033599E+00,
2461362.500000000, A.D. 2026-Nov-18 00:00:00.0000,  2.710141463007020E-03,  7.135587629921474E-03,  2.344030054929291E+00,  3.390484717742812E+02,  6.185180151319007E+00,  2.461363535773407E+06,  5.031736802962954E+01,  3.078826082982987E+02,  3.076369828196022E+02,  7.154978634184906E-03,  7.174369638448338E-03,  7.154587254802613E+00,
2461363.500000000, A.D. 2026-Nov-19 00:00:00.0000,  2.992943651033039E-03,  7.135874529031663E-03,  2.344054093973491E+00,  3.390481763069084E+02,  5.415698335633587E+00,  2.461363520506421E+06,  5.029293354272893E+01,  3.589686719208516E+02,  3.589624756665132E+02,  7.157295912391218E-03,  7.178717295750773E-03,  7.158063263383585E+00,
2461364.500000000, A.D. 2026-Nov-20 00:00:00.0000,  2.720515524435094E-03,  7.135749043379337E-03,  2.344065684196095E+00,  3.390482076743358E+02,  5.945645299692310E+00,  2.461363530916586E+06,  5.031487564890974E+01,  4.875931147526725E+01,  4.899425550981697E+01,  7.155214916640728E-03,  7.174680789902119E-03,  7.154941662025170E+00,
2461365.500000000, A.D. 2026-Nov-21 00:00:00.0000,  2.796854100103342E-03,  7.137558146556946E-03,  2.344053481553393E+00,  3.390467063622341E+02,  1.175368912489112E+01,  2.461363645643150E+06,  5.028997260251916E+01,  9.325555515601431E+01,  9.357546862283156E+01,  7.157576844701856E-03,  7.177595542846765E-03,  7.158484711164201E+00,
2461366.500000000, A.D. 2026-Nov-22 00:00:00.0000,  2.554018162744527E-03,  7.138942563955664E-03,  2.344065288422573E+00,  3.390464422339033E+02,  7.679333839108467E+00,  2.461363564036258E+06,  5.029371007991844E+01,  1.476605092197885E+02,  1.478166466209442E+02,  7.157222239550275E-03,  7.175501915144886E-03,  7.157952742558614E+00,
2461367.500000000, A.D. 2026-Nov-23 00:00:00.0000,  2.639185931861539E-03,  7.137557067451474E-03,  2.344132958933587E+00,  3.390462841951225E+02,  3.650230592573437E+00,  2.461370640922932E+06,  5.030191153145142E+01,  2.020055725361661E+02,  2.018925992409685E+02,  7.156444254449969E-03,  7.175331441448466E-03,  7.156785677516628E+00,
2461368.500000000, A.D. 2026-Nov-24 00:00:00.0000,  2.774872875410510E-03,  7.137967477512567E-03,  2.344126982298822E+00,  3.390463171283236E+02,  3.568595988671275E+02,  2.461370505888077E+06,  5.028730947185296E+01,  2.591292854774093E+02,  2.588172201785990E+02,  7.157829544562586E-03,  7.177691611612606E-03,  7.158863812379957E+00,
2461369.500000000, A.D. 2026-Nov-25 00:00:00.0000,  2.797422358643559E-03,  7.134992603381475E-03,  2.344138760554705E+00,  3.390458693081487E+02,  4.024909132886219E+00,  2.461370647209631E+06,  5.031705632566179E+01,  3.022757883699511E+02,  3.020042520643521E+02,  7.155008183249575E-03,  7.175023763117675E-03,  7.154631576020861E+00,
2461370.500000000, A.D. 2026-Nov-26 00:00:00.0000,  3.105173998258249E-03,  7.135475505699138E-03,  2.344171800944503E+00,  3.390453415154774E+02,  1.657887437767943E+00,  2.461370600365909E+06,  5.028865977319614E+01,  3.549527329354615E+02,  3.549213066887465E+02,  7.157701414017240E-03,  7.179927322335342E-03,  7.158671589650915E+00,
2461371.500000000, A.D. 2026-Nov-27 00:00:00.0000,  2.835738810186454E-03,  7.135244656398134E-03,  2.344186342370000E+00,  3.390453602938230E+02,  1.601707219359421E+00,  2.461370599191868E+06,  5.031149028113414E+01,  4.532099960030357E+01,  4.555263551540810E+01,  7.155535887221208E-03,  7.175827118044284E-03,  7.155423104908366E+00,
2461372.500000000, A.D. 2026-Nov-28 00:00:00.0000,  2.896501706117238E-03,  7.136473827461818E-03,  2.344165722020743E+00,  3.390437731838932E+02,  5.359234516145065E+00,  2.461370673396781E+06,  5.029389513457787E+01,  9.186699076607297E+01,  9.219868823640505E+01,  7.157204683037266E-03,  7.177935538612714E-03,  7.157926405117390E+00,
2461373.500000000, A.D. 2026-Nov-29 00:00:00.0000,  2.609108345806032E-03,  7.138569345871278E-03,  2.344173311696099E+00,  3.390434835971466E+02,  2.243264227786939E+00,  2.461370610609993E+06,  5.029348736323561E+01,  1.453174997800246E+02,  1.454871735638945E+02,  7.157243369279027E-03,  7.175917392686777E-03,  7.157984440410051E+00,
2461374.500000000, A.D. 2026-Nov-30 00:00:00.0000,  2.704812828402429E-03,  7.136939612858821E-03,  2.344243807002958E+00,  3.390431714534604E+02,  3.580563007666158E+02,  2.461377684231639E+06,  5.030347409808191E+01,  1.998220862044497E+02,  1.997173157563981E+02,  7.156296054230149E-03,  7.175652495601477E-03,  7.156563367732229E+00,
2461375.500000000, A.D. 2026-Dec-01 00:00:00.0000,  2.776915294285909E-03,  7.138249183973775E-03,  2.344233603489653E+00,  3.390431032416336E+02,  3.506387204459944E+02,  2.461377537030371E+06,  5.028417818513350E+01,  2.575696018274631E+02,  2.572590837497848E+02,  7.158126695472871E-03,  7.178004206971966E-03,  7.159309607777062E+00,
2461376.500000000, A.D. 2026-Dec-02 00:00:00.0000,  2.807840569013809E-03,  7.135002103421698E-03,  2.344241912693009E+00,  3.390428119030461E+02,  3.583130551565794E+02,  2.461377688375121E+06,  5.031616730950571E+01,  3.002055186073852E+02,  2.999269588590917E+02,  7.155092462312423E-03,  7.175182821203148E-03,  7.154757988333284E+00,
2461377.500000000, A.D. 2026-Dec-03 00:00:00.0000,  3.047904455679008E-03,  7.135450845308158E-03,  2.344269514959381E+00,  3.390422119067054E+02,  3.564235308057482E+02,  2.461377650989771E+06,  5.029325402640850E+01,  3.524062330691408E+02,  3.523599033881035E+02,  7.157265506736618E-03,  7.179080168165079E-03,  7.158017650060334E+00,
2461378.500000000, A.D. 2026-Dec-04 00:00:00.0000,  2.788597157601265E-03,  7.135398799240758E-03,  2.344296409415022E+00,  3.390423279012390E+02,  3.583288029756208E+02,  2.461377688582460E+06,  5.031342769886727E+01,  4.082519772561629E+01,  4.103465640641289E+01,  7.155352194030668E-03,  7.175305588820576E-03,  7.155147571233849E+00,
2461379.500000000, A.D. 2026-Dec-05 00:00:00.0000,  2.872821737405318E-03,  7.136440877659418E-03,  2.344275462130250E+00,  3.390410818208846E+02,  2.045176657747555E+00,  2.461377762028318E+06,  5.029603510367645E+01,  8.741308470478903E+01,  8.774200184306270E+01,  7.157001667624816E-03,  7.177562457590214E-03,  7.157621853450738E+00,
2461380.500000000, A.D. 2026-Dec-06 00:00:00.0000,  2.562064882269976E-03,  7.139101138170546E-03,  2.344280256123720E+00,  3.390407649486469E+02,  4.246098170219811E-01,  2.461377728805799E+06,  5.029142581615551E+01,  1.393673076052960E+02,  1.395580322841089E+02,  7.157438961179974E-03,  7.175776784189403E-03,  7.158277860643878E+00,
2461381.500000000, A.D. 2026-Dec-07 00:00:00.0000,  2.683103443367130E-03,  7.136922069023195E-03,  2.344356743517448E+00,  3.390402593373856E+02,  3.556445126249930E+02,  2.461384790588592E+06,  5.030530212461052E+01,  1.944659467073372E+02,  1.943893902251621E+02,  7.156122686444352E-03,  7.175323303865508E-03,  7.156303307914725E+00,
2461382.500000000, A.D. 2026-Dec-08 00:00:00.0000,  2.673273433542640E-03,  7.139296141857264E-03,  2.344338460358135E+00,  3.390399933454374E+02,  3.471404736004654E+02,  2.461384622113112E+06,  5.028095510525746E+01,  2.532981258630329E+02,  2.530049973954879E+02,  7.158432589524646E-03,  7.177569037192027E-03,  7.159768529583038E+00,
2461383.500000000, A.D. 2026-Dec-09 00:00:00.0000,  2.702889216167498E-03,  7.136214371102065E-03,  2.344344072151211E+00,  3.390385811464311E+02,  3.544204112318136E+02,  2.461384765670074E+06,  5.031128824468855E+01,  2.963225080742596E+02,  2.960444793820247E+02,  7.155555043665282E-03,  7.174895716228498E-03,  7.155451839140808E+00,
2461384.500000000, A.D. 2026-Dec-10 00:00:00.0000,  2.848771143863901E-03,  7.136780446111458E-03,  2.344395907525603E+00,  3.390371029867676E+02,  3.524007827662730E+02,  2.461384725730433E+06,  5.029426509674155E+01,  3.486470537650142E+02,  3.485825672170344E+02,  7.157169584294939E-03,  7.177558722478420E-03,  7.157873751759493E+00,
2461385.500000000, A.D. 2026-Dec-11 00:00:00.0000,  2.589533093916688E-03,  7.136749592078436E-03,  2.344433800582916E+00,  3.390371601357090E+02,  3.554736989541960E+02,  2.461384786424905E+06,  5.031420580605712E+01,  3.590296420678849E+01,  3.607743310417126E+01,  7.155278422349296E-03,  7.173807252620156E-03,  7.155036917161495E+00,
2461386.500000000, A.D. 2026-Dec-12 00:00:00.0000,  2.672030782142914E-03,  7.137576532949377E-03,  2.344410663962731E+00,  3.390360687099640E+02,  3.588898912408159E+02,  2.461384853985627E+06,  5.029922099225153E+01,  8.279324068641131E+01,  8.309713982319069E+01,  7.156699454189514E-03,  7.175822375429651E-03,  7.157168498801544E+00,
2461387.500000000, A.D. 2026-Dec-13 00:00:00.0000,  2.338461300158184E-03,  7.140985643119867E-03,  2.344412778549300E+00,  3.390356823480925E+02,  3.594967127007753E+02,  2.461384864811674E+06,  5.028842487686502E+01,  1.325194701486258E+02,  1.327165854683867E+02,  7.157723702996549E-03,  7.174461762873232E-03,  7.158705027677581E+00,
2461388.500000000, A.D. 2026-Dec-14 00:00:00.0000,  2.465907785139835E-03,  7.138516584349143E-03,  2.344491224625973E+00,  3.390349787553947E+02,  3.540433466516344E+02,  2.461391913413324E+06,  5.030487680328574E+01,  1.882886632438535E+02,  1.882480514101446E+02,  7.156163022457952E-03,  7.173809460566761E-03,  7.156363813547516E+00,
2461389.500000000, A.D. 2026-Dec-15 00:00:00.0000,  2.409021120218026E-03,  7.141158006673187E-03,  2.344483396664019E+00,  3.390349198698860E+02,  3.454244397622618E+02,  2.461391742734589E+06,  5.028126949600900E+01,  2.472324577486452E+02,  2.469782107863453E+02,  7.158402750085169E-03,  7.175647493497151E-03,  7.159723762117312E+00,
2461390.500000000, A.D. 2026-Dec-16 00:00:00.0000,  2.549820751567028E-03,  7.136924939207373E-03,  2.344490261020153E+00,  3.390349558805928E+02,  3.543082946294668E+02,  2.461391917819886E+06,  5.031535640561682E+01,  2.886618871321763E+02,  2.883847799398058E+02,  7.155169338467574E-03,  7.173413737727776E-03,  7.154873297485224E+00,
2461391.500000000, A.D. 2026-Dec-17 00:00:00.0000,  2.719272364718178E-03,  7.137531176538195E-03,  2.344513840065284E+00,  3.390341053598983E+02,  3.515009781488846E+02,  2.461391862292816E+06,  5.029612657941775E+01,  3.417780746784882E+02,  3.416803205567845E+02,  7.156992989789814E-03,  7.176454803041433E-03,  7.157608835574224E+00,
2461392.500000000, A.D. 2026-Dec-18 00:00:00.0000,  2.525947091462978E-03,  7.137395926565715E-03,  2.344550127544942E+00,  3.390340912522824E+02,  3.555536193135875E+02,  2.461391942382758E+06,  5.031218237724958E+01,  2.805494038427210E+01,  2.819145518733605E+01,  7.155470265871844E-03,  7.173544605177972E-03,  7.155324674661432E+00,
2461393.500000000, A.D. 2026-Dec-19 00:00:00.0000,  2.600959088105358E-03,  7.137846445968494E-03,  2.344527991208582E+00,  3.390332085114372E+02,  3.577404235887539E+02,  2.461391985665990E+06,  5.030174440438608E+01,  7.617364234647664E+01,  7.646327799750860E+01,  7.156460105919647E-03,  7.175073765870801E-03,  7.156809455868684E+00,
2461394.500000000, A.D. 2026-Dec-20 00:00:00.0000,  2.263762112803276E-03,  7.141698862632545E-03,  2.344528143113670E+00,  3.390326705461277E+02,  5.644617522523662E-01,  2.461392040432632E+06,  5.028653906324230E+01,  1.236831305182356E+02,  1.238986497104174E+02,  7.157902651462060E-03,  7.174106440291574E-03,  7.158973488854542E+00,
2461395.500000000, A.D. 2026-Dec-21 00:00:00.0000,  2.345346199024259E-03,  7.139626155726141E-03,  2.344611782606556E+00,  3.390316744650864E+02,  3.548692547032061E+02,  2.461391927769216E+06,  5.030226830727765E+01,  1.796913113679997E+02,  1.796927550914422E+02,  7.156410415693244E-03,  7.173194675660347E-03,  7.156734917019950E+00,
2461396.500000000, A.D. 2026-Dec-22 00:00:00.0000,  2.192655411949063E-03,  7.142996206186564E-03,  2.344604624520899E+00,  3.390315486199485E+02,  3.475227530085808E+02,  2.461398939397478E+06,  5.027821414489745E+01,  2.373514512018039E+02,  2.371402044137590E+02,  7.158692752593018E-03,  7.174389298999472E-03,  7.160158850561223E+00,
2461397.500000000, A.D. 2026-Dec-23 00:00:00.0000,  2.435213673116837E-03,  7.137670711017830E-03,  2.344609846522819E+00,  3.390315817419723E+02,  3.573948025904626E+02,  2.461399133778499E+06,  5.031614163880931E+01,  2.777945696385917E+02,  2.775179798696997E+02,  7.155094895940874E-03,  7.172519080863918E-03,  7.154761638605625E+00,
2461398.500000000, A.D. 2026-Dec-24 00:00:00.0000,  2.569152948518971E-03,  7.138333079093822E-03,  2.344628229173591E+00,  3.390306838170960E+02,  3.542777600094151E+02,  2.461399072126021E+06,  5.029900663799894E+01,  3.312226294564760E+02,  3.310805016452035E+02,  7.156719786835895E-03,  7.175106494577969E-03,  7.157198999791659E+00,
2461399.500000000, A.D. 2026-Dec-25 00:00:00.0000,  2.474465675379765E-03,  7.137951280998926E-03,  2.344660790596359E+00,  3.390305811341927E+02,  3.594799013965751E+02,  2.461399174966378E+06,  5.031020547701777E+01,  1.635250830926207E+01,  1.643257913698785E+01,  7.155657710388047E-03,  7.173364139777168E-03,  7.155605837556196E+00,
2461400.500000000, A.D. 2026-Dec-26 00:00:00.0000,  2.559385539928851E-03,  7.138121517985175E-03,  2.344637675122526E+00,  3.390298174859186E+02,  7.683925850024417E-01,  2.461399200509543E+06,  5.030198168222958E+01,  6.536694517920661E+01,  6.563389406525695E+01,  7.156437600898318E-03,  7.174753683811460E-03,  7.156775696715322E+00,
2461401.500000000, A.D. 2026-Dec-27 00:00:00.0000,  2.282370985566280E-03,  7.141814691257514E-03,  2.344633565449203E+00,  3.390291609481363E+02,  5.889505863586559E+00,  2.461399300985239E+06,  5.028390891162523E+01,  1.105750579367248E+02,  1.108196693958298E+02,  7.158152250263782E-03,  7.174489809270050E-03,  7.159347946332210E+00,
2461402.500000000, A.D. 2026-Dec-28 00:00:00.0000,  2.377677537173926E-03,  7.138960563722572E-03,  2.344708034078808E+00,  3.390280409012046E+02,  3.582431071264404E+02,  2.461399149812744E+06,  5.030685770768623E+01,  1.685373936155698E+02,  1.685913822101699E+02,  7.155975165129275E-03,  7.172989766535979E-03,  7.156082021497374E+00,
2461403.500000000, A.D. 2026-Dec-29 00:00:00.0000,  2.164825909674963E-03,  7.142917799432626E-03,  2.344713357466067E+00,  3.390279677959610E+02,  3.504829750078770E+02,  2.461406152689489E+06,  5.028114547989683E+01,  2.266197339188842E+02,  2.264397680880511E+02,  7.158414520659142E-03,  7.173911241885657E-03,  7.159741421243744E+00,
2461404.500000000, A.D. 2026-Dec-30 00:00:00.0000,  2.472959095555297E-03,  7.137499031211485E-03,  2.344725340004601E+00,  3.390283319159522E+02,  3.577581172294382E+02,  2.461406295408465E+06,  5.031510121082491E+01,  2.696638413800536E+02,  2.693804723136809E+02,  7.155193532137241E-03,  7.172888033062998E-03,  7.154909586518902E+00,
2461405.500000000, A.D. 2026-Dec-31 00:00:00.0000,  2.558793391595784E-03,  7.138276002126967E-03,  2.344739243038539E+00,  3.390274349747613E+02,  3.546485162176235E+02,  2.461406233942164E+06,  5.030039355604121E+01,  3.230824203114448E+02,  3.229058442702088E+02,  7.156588232803436E-03,  7.174900463479905E-03,  7.157001656436603E+00,
2461406.500000000, A.D. 2027-Jan-01 00:00:00.0000,  2.528210152654420E-03,  7.137690615535441E-03,  2.344772875848338E+00,  3.390272226359560E+02,  1.663223860011585E-01,  2.461406343004575E+06,  5.030889539109597E+01,  7.898266416168131E+00,  7.938201995843682E+00,  7.155781936076413E-03,  7.173873256617383E-03,  7.155792175546660E+00,
2461407.500000000, A.D. 2027-Jan-02 00:00:00.0000,  2.604877694080166E-03,  7.137750609964041E-03,  2.344747426354836E+00,  3.390264883006839E+02,  1.013657662914858E+00,  2.461406359822902E+06,  5.030246103708897E+01,  5.735371403336786E+01,  5.760549495702796E+01,  7.156392136209743E-03,  7.175033662455446E-03,  7.156707496568908E+00,
2461408.500000000, A.D. 2027-Jan-03 00:00:00.0000,  2.438176119315210E-03,  7.141264036685935E-03,  2.344736608896445E+00,  3.390244818378035E+02,  8.426250088503274E+00,  2.461406505842840E+06,  5.027794550203477E+01,  1.002621250199446E+02,  1.005368997078874E+02,  7.158718252574269E-03,  7.176172468462603E-03,  7.160197108400753E+00,
2461409.500000000, A.D. 2027-Jan-04 00:00:00.0000,  2.556944813792230E-03,  7.137613299595807E-03,  2.344830795628657E+00,  3.390223867823507E+02,  3.599020250090866E+02,  2.461406337498039E+06,  5.030753889675886E+01,  1.590976904287939E+02,  1.592019159322279E+02,  7.155910568010645E-03,  7.174207836425482E-03,  7.155985124591210E+00,
2461410.500000000, A.D. 2027-Jan-05 00:00:00.0000,  2.309397376058316E-03,  7.141700641097772E-03,  2.344851050170206E+00,  3.390222161281213E+02,  3.536358544510749E+02,  2.461413370004408E+06,  5.028307025073216E+01,  2.156873667552570E+02,  2.155333486270849E+02,  7.158231842933059E-03,  7.174763044768348E-03,  7.159467355610771E+00,
2461411.500000000, A.D. 2027-Jan-06 00:00:00.0000,  2.675115147833152E-03,  7.136098892045386E-03,  2.344866014912695E+00,  3.390226418364938E+02,  3.581299174790076E+02,  2.461413457333953E+06,  5.031461125418872E+01,  2.615175030552543E+02,  2.612144616425259E+02,  7.155239982910052E-03,  7.174381073774717E-03,  7.154979260026178E+00,
2461412.500000000, A.D. 2027-Jan-07 00:00:00.0000,  2.730117985041653E-03,  7.137024498315022E-03,  2.344875415121505E+00,  3.390217587787698E+02,  3.550307145536155E+02,  2.461413396127552E+06,  5.030066212269664E+01,  3.149241908082942E+02,  3.147021465253607E+02,  7.156562759014488E-03,  7.176101019713953E-03,  7.156963443579820E+00,
2461413.500000000, A.D. 2027-Jan-08 00:00:00.0000,  2.772982077836669E-03,  7.136307043659541E-03,  2.344907718050572E+00,  3.390214493759020E+02,  3.596126279806098E+02,  2.461413486617103E+06,  5.030500439632894E+01,  6.732267011154608E-01,  6.769732901771927E-01,  7.156150921912297E-03,  7.175994800165052E-03,  7.156345662227422E+00,
2461414.500000000, A.D. 2027-Jan-09 00:00:00.0000,  2.784581640465641E-03,  7.136186896823650E-03,  2.344897559318271E+00,  3.390210626624084E+02,  3.591953053920612E+02,  2.461413478417980E+06,  5.030539709777855E+01,  5.139108919511834E+01,  5.164097515732765E+01,  7.156113679592929E-03,  7.176040462362207E-03,  7.156289797300841E+00,
2461415.500000000, A.D. 2027-Jan-10 00:00:00.0000,  2.615716489369898E-03,  7.139600677271630E-03,  2.344883501512547E+00,  3.390202555340711E+02,  6.088482383751099E+00,  2.461413614151743E+06,  5.028209053063075E+01,  9.482439276987017E+01,  9.512298640697068E+01,  7.158324825554096E-03,  7.177048973836563E-03,  7.159606854068565E+00,
2461416.500000000, A.D. 2027-Jan-11 00:00:00.0000,  2.641906969392742E-03,  7.136802707603034E-03,  2.344938969566876E+00,  3.390189525164303E+02,  3.578362675959468E+02,  2.461413450967030E+06,  5.030968122231174E+01,  1.533958767518574E+02,  1.535310516169009E+02,  7.155707420909270E-03,  7.174612134215505E-03,  7.155680402926988E+00,
2461417.500000000, A.D. 2027-Jan-12 00:00:00.0000,  2.335323453409234E-03,  7.141522411703250E-03,  2.344961041300788E+00,  3.390186689346966E+02,  3.527558887368810E+02,  2.461420507008544E+06,  5.028299256647304E+01,  2.087986117596636E+02,  2.086700252133021E+02,  7.158239215628621E-03,  7.174956019553993E-03,  7.159478416565753E+00,
2461418.500000000, A.D. 2027-Jan-13 00:00:00.0000,  2.725759499919271E-03,  7.135864397647182E-03,  2.344979321577102E+00,  3.390191314353870E+02,  3.557810028751966E+02,  2.461420565074884E+06,  5.031325876748753E+01,  2.560993529674583E+02,  2.557964008626523E+02,  7.155368210522434E-03,  7.174872023397686E-03,  7.155171595297904E+00,
2461419.500000000, A.D. 2027-Jan-14 00:00:00.0000,  2.760370658433917E-03,  7.136679528974935E-03,  2.344985595049065E+00,  3.390182273320356E+02,  3.532498677811066E+02,  2.461420515111763E+06,  5.030202028847604E+01,  3.089378275022015E+02,  3.086912546817434E+02,  7.156433939239833E-03,  7.176188349504731E-03,  7.156770203968812E+00,
2461420.500000000, A.D. 2027-Jan-15 00:00:00.0000,  2.899370860817498E-03,  7.135964359500676E-03,  2.345023131156028E+00,  3.390177066815834E+02,  3.565867845348941E+02,  2.461420580943244E+06,  5.029906418180833E+01,  3.559286305810734E+02,  3.559049560526487E+02,  7.156714328483876E-03,  7.177464297467078E-03,  7.157190811716956E+00,
2461421.500000000, A.D. 2027-Jan-16 00:00:00.0000,  2.876670347831458E-03,  7.135611627329434E-03,  2.345019233450302E+00,  3.390173817544828E+02,  3.545837188175118E+02,  2.461420541399544E+06,  5.030451169097061E+01,  4.822192783155339E+01,  4.846834172905999E+01,  7.156197648909274E-03,  7.176783670489114E-03,  7.156415754744681E+00,
2461422.500000000, A.D. 2027-Jan-17 00:00:00.0000,  2.729133068361594E-03,  7.138700217905130E-03,  2.344996040689003E+00,  3.390163695951211E+02,  6.643665958192988E-01,  2.461420661095122E+06,  5.028302648587732E+01,  9.246570269753894E+01,  9.277810136823631E+01,  7.158235996474245E-03,  7.177771775043359E-03,  7.159473586998804E+00,
2461423.500000000, A.D. 2027-Jan-18 00:00:00.0000,  2.725345008982534E-03,  7.136002329130840E-03,  2.345038654385756E+00,  3.390151040768266E+02,  3.521811550967516E+02,  2.461420493291277E+06,  5.031183138647560E+01,  1.512730223319177E+02,  1.514226785268202E+02,  7.155503545003974E-03,  7.175004760877107E-03,  7.155374592401979E+00,
2461424.500000000, A.D. 2027-Jan-19 00:00:00.0000,  2.382816090903505E-03,  7.141154999499518E-03,  2.345063725274650E+00,  3.390146565585119E+02,  3.475866554725571E+02,  2.461427558858190E+06,  5.028328247676876E+01,  2.061905695852396E+02,  2.060703778299132E+02,  7.158211701524001E-03,  7.175268403548486E-03,  7.159437138303820E+00,
2461425.500000000, A.D. 2027-Jan-20 00:00:00.0000,  2.754190281818261E-03,  7.136008808523285E-03,  2.345080122710791E+00,  3.390150287407031E+02,  3.492875832591001E+02,  2.461427590747703E+06,  5.030958004489112E+01,  2.548153610775926E+02,  2.545110488407270E+02,  7.155717014784846E-03,  7.175425221046407E-03,  7.155694793690840E+00,
2461426.500000000, A.D. 2027-Jan-21 00:00:00.0000,  2.753458968408174E-03,  7.136669077957886E-03,  2.345082349450534E+00,  3.390141908251019E+02,  3.476890757831322E+02,  2.461427559250600E+06,  5.030265373632058E+01,  3.067168838610576E+02,  3.064634400046154E+02,  7.156373859743278E-03,  7.176078641528669E-03,  7.156680080678631E+00,
2461427.500000000, A.D. 2027-Jan-22 00:00:00.0000,  2.878770033137363E-03,  7.135924270730560E-03,  2.345112001204617E+00,  3.390136372594640E+02,  3.513509321246827E+02,  2.461427631505536E+06,  5.030104688792909E+01,  3.533851338609287E+02,  3.533469967552485E+02,  7.156526264080957E-03,  7.177128257431353E-03,  7.156908698184377E+00,
2461428.500000000, A.D. 2027-Jan-23 00:00:00.0000,  2.792008181363199E-03,  7.135700118936730E-03,  2.345123828847811E+00,  3.390134548863315E+02,  3.503750629657130E+02,  2.461427612251495E+06,  5.030998271594087E+01,  4.466261191952054E+01,  4.488806698690117E+01,  7.155678832781061E-03,  7.175657546625392E-03,  7.155637520939416E+00,
2461429.500000000, A.D. 2027-Jan-24 00:00:00.0000,  2.710027812306793E-03,  7.138874799302342E-03,  2.345100181471188E+00,  3.390126783653572E+02,  3.580980710732872E+02,  2.461427764516902E+06,  5.028262689029167E+01,  8.726464908910647E+01,  8.757489020928283E+01,  7.158273920715592E-03,  7.177673042128843E-03,  7.159530483271292E+00,
2461430.500000000, A.D. 2027-Jan-25 00:00:00.0000,  2.667682258156015E-03,  7.136443110477331E-03,  2.345130957529674E+00,  3.390115495572547E+02,  3.495303013538304E+02,  2.461427594965704E+06,  5.031153343321846E+01,  1.461567300951804E+02,  1.463265075305423E+02,  7.155531795696382E-03,  7.174620480915432E-03,  7.155416967718738E+00,
2461431.500000000, A.D. 2027-Jan-26 00:00:00.0000,  2.319189297387697E-03,  7.141539402050985E-03,  2.345164450815542E+00,  3.390108744153435E+02,  3.456658804341167E+02,  2.461434675089267E+06,  5.028403288469601E+01,  2.003437069082482E+02,  2.002515658673267E+02,  7.158140484852651E-03,  7.174741567654319E-03,  7.159330295274830E+00,
2461432.500000000, A.D. 2027-Jan-27 00:00:00.0000,  2.671578917945033E-03,  7.136968104573828E-03,  2.345174677974974E+00,  3.390110674338941E+02,  3.454074216018148E+02,  2.461434668160868E+06,  5.030568735005928E+01,  2.509291772657285E+02,  2.506401558589163E+02,  7.156086153476454E-03,  7.175204202379080E-03,  7.156248507149675E+00,
2461433.500000000, A.D. 2027-Jan-28 00:00:00.0000,  2.618323604870368E-03,  7.137913672454942E-03,  2.345170436068134E+00,  3.390091554695223E+02,  3.436841382774839E+02,  2.461434634249483E+06,  5.029972018562997E+01,  3.029475683761687E+02,  3.026953379490851E+02,  7.156652103589616E-03,  7.175390534724290E-03,  7.157097468364203E+00,
2461434.500000000, A.D. 2027-Jan-29 00:00:00.0000,  2.712311318582689E-03,  7.137276528223917E-03,  2.345222466299064E+00,  3.390076484900148E+02,  3.470755170654975E+02,  2.461434701178740E+06,  5.029934498102258E+01,  3.498808411305508E+02,  3.498260505974345E+02,  7.156687693257903E-03,  7.176098858291887E-03,  7.157150856255171E+00,
2461435.500000000, A.D. 2027-Jan-30 00:00:00.0000,  2.551914447718262E-03,  7.137052892518963E-03,  2.345251493813323E+00,  3.390074369636275E+02,  3.462078982231865E+02,  2.461434684045870E+06,  5.031384491150766E+01,  4.105378953255939E+01,  4.124630927059718E+01,  7.155312638218374E-03,  7.173572383917785E-03,  7.155088239294184E+00,
2461436.500000000, A.D. 2027-Jan-31 00:00:00.0000,  2.521652299173517E-03,  7.140141229540115E-03,  2.345223179263030E+00,  3.390066849937759E+02,  3.553532122386604E+02,  2.461434864577882E+06,  5.028349322930275E+01,  8.223473701525755E+01,  8.252116809589722E+01,  7.158191700098593E-03,  7.176242170657071E-03,  7.159407131050507E+00,
2461437.500000000, A.D. 2027-Feb-01 00:00:00.0000,  2.422246818368366E-03,  7.138338041169094E-03,  2.345243598113184E+00,  3.390056966370449E+02,  3.467743054607336E+02,  2.461434694615355E+06,  5.031006698710792E+01,  1.411390894129157E+02,  1.413128351601947E+02,  7.155670842099662E-03,  7.173003643030230E-03,  7.155625534989863E+00,
2461438.500000000, A.D. 2027-Feb-02 00:00:00.0000,  2.063660945980415E-03,  7.143481830249757E-03,  2.345282754761588E+00,  3.390047713522557E+02,  3.438585907495385E+02,  2.461441793896677E+06,  5.028283637107920E+01,  1.943735323793559E+02,  1.943149748259508E+02,  7.158254039552586E-03,  7.173026248855415E-03,  7.159500656312588E+00,
2461439.500000000, A.D. 2027-Feb-03 00:00:00.0000,  2.415020674076363E-03,  7.138953913166631E-03,  2.345300235126715E+00,  3.390050703236377E+02,  3.427064467346269E+02,  2.461441769166237E+06,  5.030410338810862E+01,  2.458516270102467E+02,  2.455994161826269E+02,  7.156236371953474E-03,  7.173518830740318E-03,  7.156473841159852E+00,
2461440.500000000, A.D. 2027-Feb-04 00:00:00.0000,  2.392146670558951E-03,  7.138915796544756E-03,  2.345299120569871E+00,  3.390045048703608E+02,  3.434339238908327E+02,  2.461441783641192E+06,  5.030623645618407E+01,  2.954248426762510E+02,  2.951769541338636E+02,  7.156034079642781E-03,  7.173152362740806E-03,  7.156170394769131E+00,
2461441.500000000, A.D. 2027-Feb-05 00:00:00.0000,  2.590480416496376E-03,  7.138170704977178E-03,  2.345320290124145E+00,  3.390037914003140E+02,  3.460695379671158E+02,  2.461441835592792E+06,  5.029910958087370E+01,  3.431199813876085E+02,  3.430335184689276E+02,  7.156710022136067E-03,  7.175249339294956E-03,  7.157184351766149E+00,
2461442.500000000, A.D. 2027-Feb-06 00:00:00.0000,  2.416097098406424E-03,  7.137931755472226E-03,  2.345351338753092E+00,  3.390035429003416E+02,  3.455940429269752E+02,  2.461441826209683E+06,  5.031482772142469E+01,  3.390164373850386E+01,  3.405645790287238E+01,  7.155219460449078E-03,  7.172507165425931E-03,  7.154948477478488E+00,
2461443.500000000, A.D. 2027-Feb-07 00:00:00.0000,  2.462794219249399E-03,  7.140551616240685E-03,  2.345320139440428E+00,  3.390028713386118E+02,  3.549447432375620E+02,  2.461442010956263E+06,  5.028360868990494E+01,  7.487449260847097E+01,  7.514714911011106E+01,  7.158180742393393E-03,  7.175809868546101E-03,  7.159390691708142E+00,
2461444.500000000, A.D. 2027-Feb-08 00:00:00.0000,  2.293408143917538E-03,  7.139339475512149E-03,  2.345332705449849E+00,  3.390019943727820E+02,  3.466080304277552E+02,  2.461441845640575E+06,  5.030922657296002E+01,  1.335387697510210E+02,  1.337289036180070E+02,  7.155750532058212E-03,  7.172161588604276E-03,  7.155745069503636E+00,
2461445.500000000, A.D. 2027-Feb-09 00:00:00.0000,  1.900484882479882E-03,  7.144887551334173E-03,  2.345381823959016E+00,  3.390006938069774E+02,  3.455629762004079E+02,  2.461448982489443E+06,  5.028032750245531E+01,  1.848992902617069E+02,  1.848807348163890E+02,  7.158492157460777E-03,  7.172096763587382E-03,  7.159857898348421E+00,
2461446.500000000, A.D. 2027-Feb-10 00:00:00.0000,  2.190185974946524E-03,  7.141065559855965E-03,  2.345395494523337E+00,  3.390008818172018E+02,  3.434742658174324E+02,  2.461448939322394E+06,  5.029879194496039E+01,  2.373050304353276E+02,  2.370941312068629E+02,  7.156740151762694E-03,  7.172414743669422E-03,  7.157229549249037E+00,
2461447.500000000, A.D. 2027-Feb-11 00:00:00.0000,  2.188976412632239E-03,  7.140066828198933E-03,  2.345391499688870E+00,  3.390003188917462E+02,  3.471444697796741E+02,  2.461449011960518E+06,  5.030943726458977E+01,  2.839341172024436E+02,  2.836905005519927E+02,  7.155730553595906E-03,  7.171394278992879E-03,  7.155715101853972E+00,
2461448.500000000, A.D. 2027-Feb-12 00:00:00.0000,  2.431913926103862E-03,  7.139256544781381E-03,  2.345406563566108E+00,  3.389995824827353E+02,  3.486316239513715E+02,  2.461449041141571E+06,  5.029962715206245E+01,  3.327807807405351E+02,  3.326529696506026E+02,  7.156660928156969E-03,  7.174065311532557E-03,  7.157110706043055E+00,
2461449.500000000, A.D. 2027-Feb-13 00:00:00.0000,  2.254896785679291E-03,  7.138979685608764E-03,  2.345439023825352E+00,  3.389992525614827E+02,  3.493827966895554E+02,  2.461449056025696E+06,  5.031594298705502E+01,  2.233898573391881E+01,  2.243745350659113E+01,  7.155113728556456E-03,  7.171247771504148E-03,  7.154789886231858E+00,
2461450.500000000, A.D. 2027-Feb-14 00:00:00.0000,  2.429206421524681E-03,  7.140962537572336E-03,  2.345401602772812E+00,  3.389985947079910E+02,  3.587761578426246E+02,  2.461449241791870E+06,  5.028180788380605E+01,  6.326497946576959E+01,  6.351392694836428E+01,  7.158351651371381E-03,  7.175740765170424E-03,  7.159647100038798E+00,
2461451.500000000, A.D. 2027-Feb-15 00:00:00.0000,  2.195414466369997E-03,  7.140278910822504E-03,  2.345406836249221E+00,  3.389978492047762E+02,  3.515243260271478E+02,  2.461449097897302E+06,  5.030670893746782E+01,  1.208418812552590E+02,  1.210575767121083E+02,  7.155989273194064E-03,  7.171699635565625E-03,  7.156103183920989E+00,
2461452.500000000, A.D. 2027-Feb-16 00:00:00.0000,  1.877866364418579E-03,  7.144641031441842E-03,  2.345453436795781E+00,  3.389963176455508E+02,  3.516450371311101E+02,  2.461449098615411E+06,  5.028463909227820E+01,  1.710373964615464E+02,  1.710708429344271E+02,  7.158082954656107E-03,  7.171524877870373E-03,  7.159243985809619E+00,
2461453.500000000, A.D. 2027-Feb-17 00:00:00.0000,  2.138473664032314E-03,  7.141314744954040E-03,  2.345471106091156E+00,  3.389965167990028E+02,  3.456622204372163E+02,  2.461456137210666E+06,  5.030006933060871E+01,  2.273481206543857E+02,  2.271682157182470E+02,  7.156618986179500E-03,  7.171923227404961E-03,  7.157047789215112E+00,
2461454.500000000, A.D. 2027-Feb-18 00:00:00.0000,  2.171411116741219E-03,  7.140012089086554E-03,  2.345475429406924E+00,  3.389963547372838E+02,  3.492326556565649E+02,  2.461456207774731E+06,  5.031134429318088E+01,  2.740795575052740E+02,  2.738313154287852E+02,  7.155549729315181E-03,  7.171087369543809E-03,  7.155443867732109E+00,
2461455.500000000, A.D. 2027-Feb-19 00:00:00.0000,  2.423254217871790E-03,  7.139429617474500E-03,  2.345485237582649E+00,  3.389956525820747E+02,  3.488461080861965E+02,  2.461456199855722E+06,  5.029845307273584E+01,  3.247983398256025E+02,  3.246378700076974E+02,  7.156772296127440E-03,  7.174114974780378E-03,  7.157277769147480E+00,
2461456.500000000, A.D. 2027-Feb-20 00:00:00.0000,  2.225810314302655E-03,  7.139051934075698E-03,  2.345523253766118E+00,  3.389951904114229E+02,  3.507664201612607E+02,  2.461456237868927E+06,  5.031737939342030E+01,  1.318974866086610E+01,  1.324810524498261E+01,  7.154977556920496E-03,  7.170903179765292E-03,  7.154585638994447E+00,
2461457.500000000, A.D. 2027-Feb-21 00:00:00.0000,  2.492471804604443E-03,  7.140605577305788E-03,  2.345479301936876E+00,  3.389945248622715E+02,  3.594664402890521E+02,  2.461456409980115E+06,  5.028079477787956E+01,  5.480706611022821E+01,  5.504089544656971E+01,  7.158447806628540E-03,  7.176290035951292E-03,  7.159791359510843E+00,
2461458.500000000, A.D. 2027-Feb-22 00:00:00.0000,  2.247757152641442E-03,  7.140487683463789E-03,  2.345474587788789E+00,  3.389927818254206E+02,  3.550687650812663E+02,  2.461456322599011E+06,  5.030054441477193E+01,  1.095244551840296E+02,  1.097669899197591E+02,  7.156573923689167E-03,  7.172660163914545E-03,  7.156980191536010E+00,
2461459.500000000, A.D. 2027-Feb-23 00:00:00.0000,  2.033791518843752E-03,  7.143437208450884E-03,  2.345547638287111E+00,  3.389900215352551E+02,  3.559392184231101E+02,  2.461456338785070E+06,  5.028556508889683E+01,  1.589634791227818E+02,  1.590469392725417E+02,  7.157995078132715E-03,  7.172552947814546E-03,  7.159112150048977E+00,
2461460.500000000, A.D. 2027-Feb-24 00:00:00.0000,  2.242515358591542E-03,  7.140605864567154E-03,  2.345571776811739E+00,  3.389901235373636E+02,  3.484507534362605E+02,  2.461463347279067E+06,  5.029969204515864E+01,  2.167827397823034E+02,  2.166292135786808E+02,  7.156654772811319E-03,  7.172703681055484E-03,  7.157101472446293E+00,
2461461.500000000, A.D. 2027-Feb-25 00:00:00.0000,  2.332078014178425E-03,  7.138614429028868E-03,  2.345580831125449E+00,  3.389901002411820E+02,  3.520772155239238E+02,  2.461463418724754E+06,  5.031396608892181E+01,  2.634613477912843E+02,  2.631959386928351E+02,  7.155301149524501E-03,  7.171987870020134E-03,  7.155071006800739E+00,
2461462.500000000, A.D. 2027-Feb-26 00:00:00.0000,  2.586770764048615E-03,  7.138450131009577E-03,  2.345585849020013E+00,  3.389894089230051E+02,  3.494505271899640E+02,  2.461463366479410E+06,  5.029643686171865E+01,  3.164191730377732E+02,  3.162143471226773E+02,  7.156963555093252E-03,  7.175476979176928E-03,  7.157564679775581E+00,
2461463.500000000, A.D. 2027-Feb-27 00:00:00.0000,  2.400016411052759E-03,  7.137942096093635E-03,  2.345625591768354E+00,  3.389888173479259E+02,  3.519309800352163E+02,  2.461463415549898E+06,  5.031593497321413E+01,  4.249185850796035E+00,  4.269624530926510E+00,  7.155114488288490E-03,  7.172286880483344E-03,  7.154791025778359E+00,
2461464.500000000, A.D. 2027-Feb-28 00:00:00.0000,  2.701069597842245E-03,  7.139027344283494E-03,  2.345590536856601E+00,  3.389884093783365E+02,  3.580580154547629E+02,  2.461463536738797E+06,  5.028169273837029E+01,  4.843440382505962E+01,  4.866650472858502E+01,  7.158362579818172E-03,  7.177697815352851E-03,  7.159663495681831E+00,
2461465.500000000, A.D. 2027-Mar-01 00:00:00.0000,  2.379765219714692E-03,  7.139211316986692E-03,  2.345586863641238E+00,  3.389879710580317E+02,  3.540080332727355E+02,  2.461463456209854E+06,  5.030404940611405E+01,  1.028109204677696E+02,  1.030766569220016E+02,  7.156241491592262E-03,  7.173271666197832E-03,  7.156481520874239E+00,
2461466.500000000, A.D. 2027-Mar-02 00:00:00.0000,  2.133544456374918E-03,  7.142373548575359E-03,  2.345626669170203E+00,  3.389859894195951E+02,  3.548998312965571E+02,  2.461463472790971E+06,  5.028925745365664E+01,  1.522360942192144E+02,  1.523497148135514E+02,  7.157644701749478E-03,  7.172915854923597E-03,  7.158586509887384E+00,
2461467.500000000, A.D. 2027-Mar-03 00:00:00.0000,  2.235041384556156E-03,  7.140896723583385E-03,  2.345639432989131E+00,  3.389860758678843E+02,  3.469403380041169E+02,  2.461470471792369E+06,  5.029718404984710E+01,  2.105272122791599E+02,  2.103974308103439E+02,  7.156892674896606E-03,  7.172888626209828E-03,  7.157458350813864E+00,
2461468.500000000, A.D. 2027-Mar-04 00:00:00.0000,  2.372028975458026E-03,  7.138173858231102E-03,  2.345654660633502E+00,  3.389861726671907E+02,  3.511896694498652E+02,  2.461470555368408E+06,  5.031560182192052E+01,  2.565829016064878E+02,  2.563186885503175E+02,  7.155146072037611E-03,  7.172118285844119E-03,  7.154838399312602E+00,
2461469.500000000, A.D. 2027-Mar-05 00:00:00.0000,  2.613556662302219E-03,  7.138337481894364E-03,  2.345656011443285E+00,  3.389854470396704E+02,  3.473322908805213E+02,  2.461470478795067E+06,  5.029560131981445E+01,  3.107709135411222E+02,  3.105436163290862E+02,  7.157042818835915E-03,  7.175748155777467E-03,  7.157683585705026E+00,
2461470.500000000, A.D. 2027-Mar-06 00:00:00.0000,  2.475768124630743E-03,  7.137713464276386E-03,  2.345702352256045E+00,  3.389846035503106E+02,  3.499681527192023E+02,  2.461470530910234E+06,  5.031262133787568E+01,  3.584448251232360E+02,  3.584371016739275E+02,  7.155428646437307E-03,  7.173143828598228E-03,  7.155262246870639E+00,
2461471.500000000, A.D. 2027-Mar-07 00:00:00.0000,  2.822198798727390E-03,  7.138406511165271E-03,  2.345669700308105E+00,  3.389842513590593E+02,  3.535656076380993E+02,  2.461470602080273E+06,  5.027909090935844E+01,  4.514658755143547E+01,  4.537642148650303E+01,  7.158609530382476E-03,  7.178812549599680E-03,  7.160033992042470E+00,
2461472.500000000, A.D. 2027-Mar-08 00:00:00.0000,  2.474377174898320E-03,  7.138564617084508E-03,  2.345658917844103E+00,  3.389837425272518E+02,  3.493812810170404E+02,  2.461470518896309E+06,  5.030372843065759E+01,  9.965690206309928E+01,  9.993628091683040E+01,  7.156271933012918E-03,  7.173979248941329E-03,  7.156527184585351E+00,
2461473.500000000, A.D. 2027-Mar-09 00:00:00.0000,  2.245586741049117E-03,  7.141200443941891E-03,  2.345691017537071E+00,  3.389816435172896E+02,  3.492504411249050E+02,  2.461470515334840E+06,  5.029317798937316E+01,  1.501082961436391E+02,  1.502362258798589E+02,  7.157272720665490E-03,  7.173344997389090E-03,  7.158028472093516E+00,
2461474.500000000, A.D. 2027-Mar-10 00:00:00.0000,  2.264073264780905E-03,  7.140887571360909E-03,  2.345695679985778E+00,  3.389817163537988E+02,  3.411794158321245E+02,  2.461477511959744E+06,  5.029508551861850E+01,  2.085132271241147E+02,  2.083896860150867E+02,  7.157091751448946E-03,  7.173295931536984E-03,  7.157756991321413E+00,
2461475.500000000, A.D. 2027-Mar-11 00:00:00.0000,  2.416869286335782E-03,  7.137900639677619E-03,  2.345712752061362E+00,  3.389818087160849E+02,  3.455003191216513E+02,  2.461477596858501E+06,  5.031509830283536E+01,  2.544963583918156E+02,  2.542296992324613E+02,  7.155193807829542E-03,  7.172486975981465E-03,  7.154910000040946E+00,
2461476.500000000, A.D. 2027-Mar-12 00:00:00.0000,  2.623742339447100E-03,  7.138439589854980E-03,  2.345709546928118E+00,  3.389810893238002E+02,  3.410454277362082E+02,  2.461477508540356E+06,  5.029375174693587E+01,  3.092767217246282E+02,  3.090434990175451E+02,  7.157218286505949E-03,  7.175996983156918E-03,  7.157946812387742E+00,
2461477.500000000, A.D. 2027-Mar-13 00:00:00.0000,  2.437705899723353E-03,  7.137661605371171E-03,  2.345749370524575E+00,  3.389801801305997E+02,  3.449115343117195E+02,  2.461477584985055E+06,  5.031604936442346E+01,  3.557238877654126E+02,  3.557029958305239E+02,  7.155103643736639E-03,  7.172545682102108E-03,  7.154774759692124E+00,
2461478.500000000, A.D. 2027-Mar-14 00:00:00.0000,  2.759177891345916E-03,  7.138373475251560E-03,  2.345728540600916E+00,  3.389799705633012E+02,  3.489674945853308E+02,  2.461477665227908E+06,  5.028420645318231E+01,  4.197585219801230E+01,  4.218786092356128E+01,  7.158124012771109E-03,  7.177874550290658E-03,  7.159305583059804E+00,
2461479.500000000, A.D. 2027-Mar-15 00:00:00.0000,  2.411055705286455E-03,  7.139171422551124E-03,  2.345721985399779E+00,  3.389798039990518E+02,  3.472280592037923E+02,  2.461477630390205E+06,  5.030210437248322E+01,  9.404530703276576E+01,  9.432084567308735E+01,  7.156425964201572E-03,  7.173680505852019E-03,  7.156758240852661E+00,
2461480.500000000, A.D. 2027-Mar-16 00:00:00.0000,  2.209941131662054E-03,  7.141289771739789E-03,  2.345745641534414E+00,  3.389777303888914E+02,  3.468653009727974E+02,  2.461477622422041E+06,  5.029492946585972E+01,  1.447275804770153E+02,  1.448734887294211E+02,  7.157106555901362E-03,  7.172923340062936E-03,  7.157779200075596E+00,
2461481.500000000, A.D. 2027-Mar-17 00:00:00.0000,  2.158315621301043E-03,  7.141831662078506E-03,  2.345748811390567E+00,  3.389777697258875E+02,  3.385517220402934E+02,  2.461484614237315E+06,  5.029310832656991E+01,  2.033753253516706E+02,  2.032774410872797E+02,  7.157279329862163E-03,  7.172726997645819E-03,  7.158038386937632E+00,
2461482.500000000, A.D. 2027-Mar-18 00:00:00.0000,  2.347051694506576E-03,  7.138446425546307E-03,  2.345765920115361E+00,  3.389777906254008E+02,  3.426484491742117E+02,  2.461484694521808E+06,  5.031460955450900E+01,  2.495834921018478E+02,  2.493316934863248E+02,  7.155240144051003E-03,  7.172033862555700E-03,  7.154979501728800E+00,
2461483.500000000, A.D. 2027-Mar-19 00:00:00.0000,  2.494471524012045E-03,  7.139847131577406E-03,  2.345752966010391E+00,  3.389760397146817E+02,  3.360659126231478E+02,  2.461484564193781E+06,  5.028865554806793E+01,  3.064831254923127E+02,  3.062528704200238E+02,  7.157701814932123E-03,  7.175556498286839E-03,  7.158672191104760E+00,
2461484.500000000, A.D. 2027-Mar-20 00:00:00.0000,  2.253589061205607E-03,  7.139031225411600E-03,  2.345814877602080E+00,  3.389740424231292E+02,  3.407266745883558E+02,  2.461484656379570E+06,  5.031549702979704E+01,  3.521316841908775E+02,  3.520962327411003E+02,  7.155156006719563E-03,  7.171280788027526E-03,  7.154853300699912E+00,
2461485.500000000, A.D. 2027-Mar-21 00:00:00.0000,  2.537808511312420E-03,  7.139626315766364E-03,  2.345811322120845E+00,  3.389738153705733E+02,  3.442583833293821E+02,  2.461484726282499E+06,  5.028771124312033E+01,  3.890848225551429E+01,  3.909158623164689E+01,  7.157791419753615E-03,  7.175956523740866E-03,  7.158806616979415E+00,
2461486.500000000, A.D. 2027-Mar-22 00:00:00.0000,  2.186458447114075E-03,  7.140842758327048E-03,  2.345803359153220E+00,  3.389737039892241E+02,  3.442637384620542E+02,  2.461484725950627E+06,  5.030142788921142E+01,  8.923721661405888E+01,  8.948775241036381E+01,  7.156490126616075E-03,  7.172137494905102E-03,  7.156854489158791E+00,
2461487.500000000, A.D. 2027-Mar-23 00:00:00.0000,  1.992311484920995E-03,  7.142732708390830E-03,  2.345818590155184E+00,  3.389716770670009E+02,  3.438073756407242E+02,  2.461484716221263E+06,  5.029614054358976E+01,  1.400133266068981E+02,  1.401597560864124E+02,  7.156991665082659E-03,  7.171250621774487E-03,  7.157606848342600E+00,
2461488.500000000, A.D. 2027-Mar-24 00:00:00.0000,  1.856692683647418E-03,  7.144374757482638E-03,  2.345819664303662E+00,  3.389716943309460E+02,  3.352918598103280E+02,  2.461491704278183E+06,  5.028905048307853E+01,  1.988598926760934E+02,  1.987912672523233E+02,  7.157664340495640E-03,  7.170953923508641E-03,  7.158615971902955E+00,
2461489.500000000, A.D. 2027-Mar-25 00:00:00.0000,  2.102867060422182E-03,  7.140103015059292E-03,  2.345848389920699E+00,  3.389718286979973E+02,  3.406857852876050E+02,  2.461491810037237E+06,  5.031556732019932E+01,  2.437691659089256E+02,  2.435532614760118E+02,  7.155149342924930E-03,  7.170195670790568E-03,  7.154843305433167E+00,
2461490.500000000, A.D. 2027-Mar-26 00:00:00.0000,  2.234737651591287E-03,  7.141275278722577E-03,  2.345839381851060E+00,  3.389712497950648E+02,  3.343709747875877E+02,  2.461491684967481E+06,  5.029320772795005E+01,  3.004041843369566E+02,  3.001830073934243E+02,  7.157269899249031E-03,  7.173264519775484E-03,  7.158024239522364E+00,
2461491.500000000, A.D. 2027-Mar-27 00:00:00.0000,  2.093497394774977E-03,  7.140050847469775E-03,  2.345869094112160E+00,  3.389701735224350E+02,  3.407730976864577E+02,  2.461491811607652E+06,  5.031682741433674E+01,  3.443208915698699E+02,  3.442558957868426E+02,  7.155029883891238E-03,  7.170008920312701E-03,  7.154664125294701E+00,
2461492.500000000, A.D. 2027-Mar-28 00:00:00.0000,  2.404713159099996E-03,  7.140474614941435E-03,  2.345866111516721E+00,  3.389699642902102E+02,  3.430587031817156E+02,  2.461491856871624E+06,  5.028881380160237E+01,  3.234216316627426E+01,  3.248995570120245E+01,  7.157686798574685E-03,  7.174898982207935E-03,  7.158649663526746E+00,
2461493.500000000, A.D. 2027-Mar-29 00:00:00.0000,  2.073476604137918E-03,  7.141838419267221E-03,  2.345857147495455E+00,  3.389699057884754E+02,  3.449778278499333E+02,  2.461491894476880E+06,  5.029945114764110E+01,  8.075693174434812E+01,  8.099154659429173E+01,  7.156677622881624E-03,  7.171516826496027E-03,  7.157135749718472E+00,
2461494.500000000, A.D. 2027-Mar-30 00:00:00.0000,  1.885908672710220E-03,  7.143291090573676E-03,  2.345865003572753E+00,  3.389679593589478E+02,  3.438378365318795E+02,  2.461491871332272E+06,  5.029828605129367E+01,  1.322174813117229E+02,  1.323772783652992E+02,  7.156788139394511E-03,  7.170285188215345E-03,  7.157301535739721E+00,
2461495.500000000, A.D. 2027-Mar-31 00:00:00.0000,  1.628226470439779E-03,  7.146485775175910E-03,  2.345870910653426E+00,  3.389678271386850E+02,  3.364123253525534E+02,  2.461498881357563E+06,  5.028402904146051E+01,  1.899717181123922E+02,  1.899394740048378E+02,  7.158140849586343E-03,  7.169795923996776E-03,  7.159330842466313E+00,
2461496.500000000, A.D. 2027-Apr-01 00:00:00.0000,  1.895880155355053E-03,  7.141861497889862E-03,  2.345901992020396E+00,  3.389678781430302E+02,  3.427252901409934E+02,  2.461499005269784E+06,  5.031263521645731E+01,  2.339532752664822E+02,  2.337778639168923E+02,  7.155427330568974E-03,  7.168993163248085E-03,  7.155260273114131E+00,
2461497.500000000, A.D. 2027-Apr-02 00:00:00.0000,  1.965952239379697E-03,  7.143079495170900E-03,  2.345887124852399E+00,  3.389672147838216E+02,  3.368745495159624E+02,  2.461498889417431E+06,  5.029447036482211E+01,  2.901199861890505E+02,  2.899082741374396E+02,  7.157150110458134E-03,  7.171220725745369E-03,  7.157844538150219E+00,
2461498.500000000, A.D. 2027-Apr-03 00:00:00.0000,  1.901594270883252E-03,  7.141289026310109E-03,  2.345909297770032E+00,  3.389661359023336E+02,  3.455043731939811E+02,  2.461499060137187E+06,  5.031825309337592E+01,  3.318148752709209E+02,  3.317117371622580E+02,  7.154894733143429E-03,  7.168500439976750E-03,  7.154461410493436E+00,
2461499.500000000, A.D. 2027-Apr-04 00:00:00.0000,  2.223369617387041E-03,  7.141594487201096E-03,  2.345910019807672E+00,  3.389658810687320E+02,  3.460468343243557E+02,  2.461499070894036E+06,  5.029069529370731E+01,  2.158003731740088E+01,  2.167398806510796E+01,  7.157508273632887E-03,  7.173422060064679E-03,  7.158381841760804E+00,
2461500.500000000, A.D. 2027-Apr-05 00:00:00.0000,  1.967967596414294E-03,  7.142966298816372E-03,  2.345894687400726E+00,  3.389657770873660E+02,  3.512597050505000E+02,  2.461499173842636E+06,  5.029551356792273E+01,  6.669976569552384E+01,  6.690708771906715E+01,  7.157051143552765E-03,  7.171135988289158E-03,  7.157696073901895E+00,
2461501.500000000, A.D. 2027-Apr-06 00:00:00.0000,  1.795394154570846E-03,  7.143902865542741E-03,  2.345895075165347E+00,  3.389639730299281E+02,  3.499065052357908E+02,  2.461499146661866E+06,  5.029866644400803E+01,  1.183697698144691E+02,  1.185506045439695E+02,  7.156752056350427E-03,  7.169601247158111E-03,  7.157247407359166E+00,
2461502.500000000, A.D. 2027-Apr-07 00:00:00.0000,  1.504638800524186E-03,  7.147288017337326E-03,  2.345897740009565E+00,  3.389638047770743E+02,  3.444964527589880E+02,  2.461499037562784E+06,  5.028489878599211E+01,  1.741083049723482E+02,  1.741259704368907E+02,  7.158058309606376E-03,  7.168828601875427E-03,  7.159207012270756E+00,
2461503.500000000, A.D. 2027-Apr-08 00:00:00.0000,  1.872920516254120E-03,  7.141623291129505E-03,  2.345937016919571E+00,  3.389638471476936E+02,  3.467752535604509E+02,  2.461506239928030E+06,  5.031688861041037E+01,  2.221353465122739E+02,  2.219916104577451E+02,  7.155024082527966E-03,  7.168424873926427E-03,  7.154655423696396E+00,
2461504.500000000, A.D. 2027-Apr-09 00:00:00.0000,  1.882589217251289E-03,  7.143617540003605E-03,  2.345929174471515E+00,  3.389635351793977E+02,  3.390469885471111E+02,  2.461506087018403E+06,  5.029508919048855E+01,  2.801807678791827E+02,  2.799683478305550E+02,  7.157091403105975E-03,  7.170565266208346E-03,  7.157756468758397E+00,
2461505.500000000, A.D. 2027-Apr-10 00:00:00.0000,  1.888461294758071E-03,  7.141462512835073E-03,  2.345944290691532E+00,  3.389625662473073E+02,  3.478242288041673E+02,  2.461506260578361E+06,  5.031741264158440E+01,  3.217296647718752E+02,  3.215953827452378E+02,  7.154974405064021E-03,  7.168486297292969E-03,  7.154580911469223E+00,
2461506.500000000, A.D. 2027-Apr-11 00:00:00.0000,  2.169797774829730E-03,  7.141748328687407E-03,  2.345954209728097E+00,  3.389621857666066E+02,  3.468446783227537E+02,  2.461506241191420E+06,  5.029312049970950E+01,  1.301629109127914E+01,  1.307244027144923E+01,  7.157278174945241E-03,  7.172808021203075E-03,  7.158036654378593E+00,
2461507.500000000, A.D. 2027-Apr-12 00:00:00.0000,  1.999170581689282E-03,  7.143039009131507E-03,  2.345931683134858E+00,  3.389620258942795E+02,  3.544122211905240E+02,  2.461506390846096E+06,  5.029238697623202E+01,  5.578199737778443E+01,  5.597169742445627E+01,  7.157347768232678E-03,  7.171656527333849E-03,  7.158141055626063E+00,
2461508.500000000, A.D. 2027-Apr-13 00:00:00.0000,  1.852685548516960E-03,  7.143758466266407E-03,  2.345919958281935E+00,  3.389594352038916E+02,  3.540982811997623E+02,  2.461506384378319E+06,  5.029586114357436E+01,  1.064070143147634E+02,  1.066105378072673E+02,  7.157018170401183E-03,  7.170277874535959E-03,  7.157646609774619E+00,
2461509.500000000, A.D. 2027-Apr-14 00:00:00.0000,  1.583332527061240E-03,  7.146958650478602E-03,  2.345950409525449E+00,  3.389580595002919E+02,  3.522810076614184E+02,  2.461506346913659E+06,  5.028242999027464E+01,  1.585448431775037E+02,  1.586110857065918E+02,  7.158292608003077E-03,  7.169626565527553E-03,  7.159558519141363E+00,
2461510.500000000, A.D. 2027-Apr-15 00:00:00.0000,  2.014408356924026E-03,  7.140428067451951E-03,  2.346001660998975E+00,  3.389579525049296E+02,  3.508118650893192E+02,  2.461513474566846E+06,  5.031882163493005E+01,  2.103233014499776E+02,  2.102070110406171E+02,  7.154840838629749E-03,  7.169253609807547E-03,  7.154380573771171E+00,
2461511.500000000, A.D. 2027-Apr-16 00:00:00.0000,  1.965356590576448E-03,  7.142871701367738E-03,  2.345996178278186E+00,  3.389577345787032E+02,  3.435192406574694E+02,  2.461513330457190E+06,  5.029671008820870E+01,  2.679340253713980E+02,  2.677089789989772E+02,  7.156937635918836E-03,  7.171003570469934E-03,  7.157525797783671E+00,
2461512.500000000, A.D. 2027-Apr-17 00:00:00.0000,  2.061147449200061E-03,  7.140403734009441E-03,  2.346005090515708E+00,  3.389568543730272E+02,  3.505604409774396E+02,  2.461513469456447E+06,  5.031554397233574E+01,  3.112212715151210E+02,  3.110433145065938E+02,  7.155151556388532E-03,  7.169899378767623E-03,  7.154846625486818E+00,
2461513.500000000, A.D. 2027-Apr-18 00:00:00.0000,  2.307818747922378E-03,  7.140768579888540E-03,  2.346021140700755E+00,  3.389563268202796E+02,  3.480173374235442E+02,  2.461513419119718E+06,  5.029303486590065E+01,  4.067714872601686E+00,  4.086528331121911E+00,  7.157286299394531E-03,  7.173804018900523E-03,  7.158048842347448E+00,
2461514.500000000, A.D. 2027-Apr-19 00:00:00.0000,  2.206810175348841E-03,  7.141758198877993E-03,  2.346002667997551E+00,  3.389563056627281E+02,  3.553798793445642E+02,  2.461513564725720E+06,  5.029021799552058E+01,  4.703514740708036E+01,  4.722054743734007E+01,  7.157553560906806E-03,  7.173348922935618E-03,  7.158449781070062E+00,
2461515.500000000, A.D. 2027-Apr-20 00:00:00.0000,  1.997945065049169E-03,  7.142078201005326E-03,  2.345995103934711E+00,  3.389550607324045E+02,  3.528051275529411E+02,  2.461513513510011E+06,  5.030262855957675E+01,  9.992566807718367E+01,  1.001510912511944E+02,  7.156376247612879E-03,  7.170674294220431E-03,  7.156683662636596E+00,
2461516.500000000, A.D. 2027-Apr-21 00:00:00.0000,  1.648515400576512E-03,  7.146374113598452E-03,  2.345996524747712E+00,  3.389546498801820E+02,  3.533227182927756E+02,  2.461513522169739E+06,  5.028367473489999E+01,  1.497362482308136E+02,  1.498312840947214E+02,  7.158174474459613E-03,  7.169974835320773E-03,  7.159381288220324E+00,
2461517.500000000, A.D. 2027-Apr-22 00:00:00.0000,  2.044126955183672E-03,  7.140250112911042E-03,  2.346036427912341E+00,  3.389545157644692E+02,  3.496845889745735E+02,  2.461520606486156E+06,  5.031845506820486E+01,  2.036864159374069E+02,  2.035925344036130E+02,  7.154875586959331E-03,  7.169501061007620E-03,  7.154432692975827E+00,
2461518.500000000, A.D. 2027-Apr-23 00:00:00.0000,  1.955123292014299E-03,  7.142873451015782E-03,  2.346034687814348E+00,  3.389543865228685E+02,  3.433328582815906E+02,  2.461520481143197E+06,  5.029746518184907E+01,  2.603535190518226E+02,  2.601327372285267E+02,  7.156866006442802E-03,  7.170858561869823E-03,  7.157418345008642E+00,
2461519.500000000, A.D. 2027-Apr-24 00:00:00.0000,  2.107655095357283E-03,  7.140176660061182E-03,  2.346038866801447E+00,  3.389535729880915E+02,  3.494981456510644E+02,  2.461520602680334E+06,  5.031442675265418E+01,  3.045192710805485E+02,  3.043199774522443E+02,  7.155257474936828E-03,  7.170338289812474E-03,  7.155005497126314E+00,
2461520.500000000, A.D. 2027-Apr-25 00:00:00.0000,  2.343686398650705E-03,  7.140618224854322E-03,  2.346065805707846E+00,  3.389527416288443E+02,  3.459565503494241E+02,  2.461520532576117E+06,  5.029191119264495E+01,  3.583616848303010E+02,  3.583539839340556E+02,  7.157392909265567E-03,  7.174167593676812E-03,  7.158208774787007E+00,
2461521.500000000, A.D. 2027-Apr-26 00:00:00.0000,  2.344489312831688E-03,  7.141326554183519E-03,  2.346045181931319E+00,  3.389527148854149E+02,  3.521662802452716E+02,  2.461520655387409E+06,  5.028436819194538E+01,  4.247081050224490E+01,  4.265260538961616E+01,  7.158108663445055E-03,  7.174890772706589E-03,  7.159282555282564E+00,
2461522.500000000, A.D. 2027-Apr-27 00:00:00.0000,  2.100681622840136E-03,  7.141071729156631E-03,  2.346032026133773E+00,  3.389515895017031E+02,  3.472253276195452E+02,  2.461520557369566E+06,  5.030549467075855E+01,  9.772498494702469E+01,  9.796343586027962E+01,  7.156104426215908E-03,  7.171137123275185E-03,  7.156275916898197E+00,
2461523.500000000, A.D. 2027-Apr-28 00:00:00.0000,  1.736561087414926E-03,  7.145622667201944E-03,  2.346031148314009E+00,  3.389510283277139E+02,  3.485130052247226E+02,  2.461520581268650E+06,  5.028495406518223E+01,  1.467682718477083E+02,  1.468771287830219E+02,  7.158053063613865E-03,  7.170483460025786E-03,  7.159199142020642E+00,
2461524.500000000, A.D. 2027-Apr-29 00:00:00.0000,  2.103275269609700E-03,  7.139839713484624E-03,  2.346063316155330E+00,  3.389508552130257E+02,  3.437074763757424E+02,  2.461527642190241E+06,  5.031831976139200E+01,  2.018902667229438E+02,  2.018006268334389E+02,  7.154888413341221E-03,  7.169937113197820E-03,  7.154451931366337E+00,
2461525.500000000, A.D. 2027-Apr-30 00:00:00.0000,  1.981794393340383E-03,  7.142761482894015E-03,  2.346061397816724E+00,  3.389507171712590E+02,  3.377056712464083E+02,  2.461527523911030E+06,  5.029663165299706E+01,  2.582040924447319E+02,  2.579819044480558E+02,  7.156945076520110E-03,  7.171128670146205E-03,  7.157536959605691E+00,
2461526.500000000, A.D. 2027-May-01 00:00:00.0000,  2.141747776943708E-03,  7.140203168750378E-03,  2.346060711137806E+00,  3.389499867433005E+02,  3.430303008799355E+02,  2.461527628796771E+06,  5.031156812848206E+01,  3.032084643385371E+02,  3.030028192236676E+02,  7.155528506021004E-03,  7.170853843291631E-03,  7.155412033285426E+00,
2461527.500000000, A.D. 2027-May-02 00:00:00.0000,  2.283686928533790E-03,  7.140571929177677E-03,  2.346086593648921E+00,  3.389490072085110E+02,  3.403700209636439E+02,  2.461527576153239E+06,  5.029693726986459E+01,  3.561697253141418E+02,  3.561521941182918E+02,  7.156916084889352E-03,  7.173260240601026E-03,  7.157493468607163E+00,
2461528.500000000, A.D. 2027-May-03 00:00:00.0000,  2.301889862146464E-03,  7.141380288778665E-03,  2.346070621916446E+00,  3.389490689348113E+02,  3.482001065991797E+02,  2.461527731045295E+06,  5.028702133210866E+01,  3.866844164707663E+01,  3.883362379152101E+01,  7.157856886981505E-03,  7.174333485184344E-03,  7.158904831973754E+00,
2461529.500000000, A.D. 2027-May-04 00:00:00.0000,  2.034476146165261E-03,  7.141354644271338E-03,  2.346067628504033E+00,  3.389485294717034E+02,  3.441895330638677E+02,  2.461527651440175E+06,  5.030751136372918E+01,  9.299644439110568E+01,  9.322922785310723E+01,  7.155913178937915E-03,  7.170471713604493E-03,  7.155989041023276E+00,
2461530.500000000, A.D. 2027-May-05 00:00:00.0000,  1.678250656547139E-03,  7.146124799764583E-03,  2.346063727300780E+00,  3.389479183360798E+02,  3.479389317085092E+02,  2.461527724246456E+06,  5.028405960020716E+01,  1.395761566603267E+02,  1.397006607671541E+02,  7.158137949477950E-03,  7.170151099191317E-03,  7.159326491580979E+00,
2461531.500000000, A.D. 2027-May-06 00:00:00.0000,  2.024604445563201E-03,  7.140458480126530E-03,  2.346092637732762E+00,  3.389476995580684E+02,  3.410682091912664E+02,  2.461534744072758E+06,  5.031772902879195E+01,  1.967656260157833E+02,  1.966988649569829E+02,  7.154944412391616E-03,  7.169430344656702E-03,  7.154535924981967E+00,
2461532.500000000, A.D. 2027-May-07 00:00:00.0000,  1.879365255193706E-03,  7.143515615644617E-03,  2.346091185805157E+00,  3.389475276436192E+02,  3.353253004704190E+02,  2.461534630989791E+06,  5.029640930534521E+01,  2.528188652299997E+02,  2.526132592267849E+02,  7.156966169195599E-03,  7.170416722746581E-03,  7.157568601258803E+00,
2461533.500000000, A.D. 2027-May-08 00:00:00.0000,  2.041731203626782E-03,  7.141507475542187E-03,  2.346079246876046E+00,  3.389459557709462E+02,  3.382811079481833E+02,  2.461534688988013E+06,  5.030534789612106E+01,  3.001875443563921E+02,  2.999850491530192E+02,  7.156118345665379E-03,  7.170729215788571E-03,  7.156296796582910E+00,
2461534.500000000, A.D. 2027-May-09 00:00:00.0000,  2.069455522899508E-03,  7.141973451210313E-03,  2.346130851369975E+00,  3.389436753767247E+02,  3.354941990313853E+02,  2.461534633834175E+06,  5.029832866037679E+01,  3.532683646987166E+02,  3.532404955267605E+02,  7.156784097587265E-03,  7.171594743964216E-03,  7.157295472594798E+00,
2461535.500000000, A.D. 2027-May-10 00:00:00.0000,  2.107626366429225E-03,  7.142719633779618E-03,  2.346127192972475E+00,  3.389436834084810E+02,  3.441451789869336E+02,  2.461534805049781E+06,  5.028756166308761E+01,  3.494735197567138E+01,  3.508599736303088E+01,  7.157805613616651E-03,  7.172891593453685E-03,  7.158827910804222E+00,
2461536.500000000, A.D. 2027-May-11 00:00:00.0000,  1.803487052256039E-03,  7.142743943886458E-03,  2.346129766234820E+00,  3.389434251776382E+02,  3.397861146855400E+02,  2.461534718503299E+06,  5.031029666064696E+01,  8.962762755033518E+01,  8.983429015849710E+01,  7.155649064324456E-03,  7.168554184762454E-03,  7.155592868558741E+00,
2461537.500000000, A.D. 2027-May-12 00:00:00.0000,  1.449622780052861E-03,  7.147858421561348E-03,  2.346122460130671E+00,  3.389427027100998E+02,  3.468958888334028E+02,  2.461534858024022E+06,  5.028303527517803E+01,  1.328465713183688E+02,  1.329682127424313E+02,  7.158235162317619E-03,  7.168611903073890E-03,  7.159472335547576E+00,
2461538.500000000, A.D. 2027-May-13 00:00:00.0000,  1.743942040661775E-03,  7.142756173688576E-03,  2.346145777890315E+00,  3.389424866802359E+02,  3.377167253950375E+02,  2.461541832150080E+06,  5.031466921417553E+01,  1.923439709707694E+02,  1.923013397209670E+02,  7.155234487922855E-03,  7.167712802157135E-03,  7.154971017847305E+00,
2461539.500000000, A.D. 2027-May-14 00:00:00.0000,  1.600525214105905E-03,  7.145422420064735E-03,  2.346155451037866E+00,  3.389424144700862E+02,  3.333213282482287E+02,  2.461541745746708E+06,  5.029734736693324E+01,  2.470448977158949E+02,  2.468761467936804E+02,  7.156877182449505E-03,  7.168331944834274E-03,  7.157435110319021E+00,
2461540.500000000, A.D. 2027-May-15 00:00:00.0000,  1.809113407721336E-03,  7.142893768963569E-03,  2.346149935757066E+00,  3.389419621437090E+02,  3.373320509896863E+02,  2.461541824556381E+06,  5.030828840223592E+01,  2.933638356005937E+02,  2.931733542958203E+02,  7.155839494135913E-03,  7.168785219308257E-03,  7.155878512933069E+00,
2461541.500000000, A.D. 2027-May-16 00:00:00.0000,  1.847800533266834E-03,  7.143144969463876E-03,  2.346173041916296E+00,  3.389406085967759E+02,  3.354182605568151E+02,  2.461541786672452E+06,  5.030271013125480E+01,  3.455795987761716E+02,  3.455267493687605E+02,  7.156368511014784E-03,  7.169592052565693E-03,  7.156672057244081E+00,
2461542.500000000, A.D. 2027-May-17 00:00:00.0000,  2.004596843446533E-03,  7.143626931150727E-03,  2.346161426151830E+00,  3.389406846427995E+02,  3.443335956872664E+02,  2.461541963195597E+06,  5.028576837443207E+01,  2.699362185863943E+01,  2.709811841325887E+01,  7.157975786818451E-03,  7.172324642486175E-03,  7.159083208581198E+00,
2461543.500000000, A.D. 2027-May-18 00:00:00.0000,  1.664368851960567E-03,  7.143641280067605E-03,  2.346171323910343E+00,  3.389406655202361E+02,  3.401688341246472E+02,  2.461541880501066E+06,  5.031133346653760E+01,  8.147915091274344E+01,  8.166782615981209E+01,  7.155550755864288E-03,  7.167460231660970E-03,  7.155445407533044E+00,
2461544.500000000, A.D. 2027-May-19 00:00:00.0000,  1.351668315002042E-03,  7.148560006548327E-03,  2.346160497711482E+00,  3.389398289397128E+02,  3.505435334241305E+02,  2.461542085013618E+06,  5.028303101371928E+01,  1.214328351291337E+02,  1.215648786882596E+02,  7.158235566755231E-03,  7.167911126962134E-03,  7.159472942308851E+00,
2461545.500000000, A.D. 2027-May-20 00:00:00.0000,  1.538526076173575E-03,  7.144611013650517E-03,  2.346183602788063E+00,  3.389395323072767E+02,  3.387214277572440E+02,  2.461549006735561E+06,  5.031060189803053E+01,  1.835740232287259E+02,  1.835630539597388E+02,  7.155620121799098E-03,  7.166629229947680E-03,  7.155549455155548E+00,
2461546.500000000, A.D. 2027-May-21 00:00:00.0000,  1.352795943098391E-03,  7.147436476585064E-03,  2.346198389929068E+00,  3.389394005599084E+02,  3.373375471831176E+02,  2.461548980332188E+06,  5.029480253582673E+01,  2.352521823819349E+02,  2.351249308884064E+02,  7.157118597588156E-03,  7.166800718591247E-03,  7.157797264310950E+00,
2461547.500000000, A.D. 2027-May-22 00:00:00.0000,  1.581490135742560E-03,  7.144592037409451E-03,  2.346186680543899E+00,  3.389388872421664E+02,  3.415783696082298E+02,  2.461549063609251E+06,  5.030755504213084E+01,  2.813386415388711E+02,  2.811608844227117E+02,  7.155909036963680E-03,  7.167226036517909E-03,  7.155982827996957E+00,
2461548.500000000, A.D. 2027-May-23 00:00:00.0000,  1.584076753539700E-03,  7.144619531519750E-03,  2.346204458507521E+00,  3.389374088938330E+02,  3.412408183570990E+02,  2.461549056937819E+06,  5.030706915260171E+01,  3.319820906191331E+02,  3.318966719179554E+02,  7.155955113664680E-03,  7.167290695809610E-03,  7.156051943872423E+00,
2461549.500000000, A.D. 2027-May-24 00:00:00.0000,  1.866206221003092E-03,  7.144694208554489E-03,  2.346191101325411E+00,  3.389374975301065E+02,  3.493902900375693E+02,  2.461549218341047E+06,  5.028495883596609E+01,  1.416320882800174E+01,  1.421565364487041E+01,  7.158052610867154E-03,  7.171411013179820E-03,  7.159198462791852E+00,
2461550.500000000, A.D. 2027-May-25 00:00:00.0000,  1.509332139116411E-03,  7.144845156413837E-03,  2.346203565306842E+00,  3.389375709104952E+02,  3.479515158267937E+02,  2.461549189691903E+06,  5.031033528460434E+01,  6.592203967947525E+01,  6.608006907649616E+01,  7.155645401995189E-03,  7.166445647576542E-03,  7.155587375108689E+00,
2461551.500000000, A.D. 2027-May-26 00:00:00.0000,  1.323253267584598E-03,  7.148936357078031E-03,  2.346187985675230E+00,  3.389366361453194E+02,  2.695809107976339E+00,  2.461549481327758E+06,  5.028120633451984E+01,  1.015012755411991E+02,  1.016498152765843E+02,  7.158408744840347E-03,  7.167881132602663E-03,  7.159732755911371E+00,
2461552.500000000, A.D. 2027-May-27 00:00:00.0000,  1.420861272491641E-03,  7.145410753925046E-03,  2.346203617890888E+00,  3.389364179376473E+02,  3.469752644892875E+02,  2.461549169867884E+06,  5.031104784920706E+01,  1.675424362276079E+02,  1.675774980900517E+02,  7.155577837356446E-03,  7.165744920787845E-03,  7.155486029211651E+00,
2461553.500000000, A.D. 2027-May-28 00:00:00.0000,  1.307429880634152E-03,  7.147219480614865E-03,  2.346229119271525E+00,  3.389362731903987E+02,  3.464947400773287E+02,  2.461556316564678E+06,  5.030052039290376E+01,  2.183253309984835E+02,  2.182325424773591E+02,  7.156576202184635E-03,  7.165932923754405E-03,  7.156983609473505E+00,
2461554.500000000, A.D. 2027-May-29 00:00:00.0000,  1.538385576050405E-03,  7.145007322176030E-03,  2.346225945522933E+00,  3.389361353933341E+02,  3.450231878308782E+02,  2.461556286475105E+06,  5.030642674524194E+01,  2.701288209811618E+02,  2.699525349411453E+02,  7.156016034024759E-03,  7.167024745873489E-03,  7.156143325843539E+00,
2461555.500000000, A.D. 2027-May-30 00:00:00.0000,  1.518719747971474E-03,  7.144889780102976E-03,  2.346237542788804E+00,  3.389346938826760E+02,  3.457864756838192E+02,  2.461556301616871E+06,  5.030915445938665E+01,  3.196713330124246E+02,  3.195585410447310E+02,  7.155757370132691E-03,  7.166624960162404E-03,  7.155755326609976E+00,
2461556.500000000, A.D. 2027-May-31 00:00:00.0000,  1.863438267421184E-03,  7.144756488072736E-03,  2.346229005229500E+00,  3.389347242421150E+02,  3.513750502906744E+02,  2.461556412251623E+06,  5.028451051781006E+01,  4.412384178101589E+00,  4.428850577349208E+00,  7.158095156509219E-03,  7.171433824945701E-03,  7.159262291565772E+00,
2461557.500000000, A.D. 2027-Jun-01 00:00:00.0000,  1.500278089970566E-03,  7.144944115678102E-03,  2.346244250117490E+00,  3.389348320299608E+02,  3.527563196689291E+02,  2.461556439521650E+06,  5.030997436066495E+01,  5.335263860019997E+01,  5.349072799861609E+01,  7.155679625038397E-03,  7.166415134398692E-03,  7.155638709318592E+00,
2461558.500000000, A.D. 2027-Jun-02 00:00:00.0000,  1.459905612248919E-03,  7.148376469342061E-03,  2.346216798962083E+00,  3.389329973054420E+02,  9.834542249700872E+00,  2.461556777696095E+06,  5.027679268724152E+01,  8.659191637703455E+01,  8.675893125339140E+01,  7.158827682052210E-03,  7.169278894762360E-03,  7.160361287154169E+00,
2461559.500000000, A.D. 2027-Jun-03 00:00:00.0000,  1.493180321090723E-03,  7.145209169412708E-03,  2.346254873659144E+00,  3.389316329511288E+02,  3.546965818610858E+02,  2.461556477711399E+06,  5.030771139940315E+01,  1.520444226938117E+02,  1.521245028106509E+02,  7.155894209826628E-03,  7.166579250240547E-03,  7.155960587073556E+00,
2461560.500000000, A.D. 2027-Jun-04 00:00:00.0000,  1.464475066500215E-03,  7.145774442024627E-03,  2.346298653606991E+00,  3.389312963272081E+02,  3.552301052132829E+02,  2.461563644618189E+06,  5.030391120646879E+01,  2.018134058444639E+02,  2.017511535643185E+02,  7.156254598453590E-03,  7.166734754882554E-03,  7.156501181834666E+00,
2461561.500000000, A.D. 2027-Jun-05 00:00:00.0000,  1.664530279008924E-03,  7.144139136528467E-03,  2.346297843259024E+00,  3.389312511648275E+02,  3.502152545811052E+02,  2.461563544214988E+06,  5.030606225790299E+01,  2.571635935578141E+02,  2.569777056229386E+02,  7.156050599429337E-03,  7.167962062330207E-03,  7.156195174935295E+00,
2461562.500000000, A.D. 2027-Jun-06 00:00:00.0000,  1.653926091974965E-03,  7.143793825296146E-03,  2.346303131804536E+00,  3.389298309144195E+02,  3.516440274217916E+02,  2.461563572498855E+06,  5.031051136255105E+01,  3.060420341531106E+02,  3.058885997433837E+02,  7.155628706318010E-03,  7.167463587339874E-03,  7.155562331810611E+00,
2461563.500000000, A.D. 2027-Jun-07 00:00:00.0000,  2.054001849289601E-03,  7.143661052565435E-03,  2.346297890245031E+00,  3.389297879768937E+02,  3.529667807317877E+02,  2.461563598550867E+06,  5.028167412758827E+01,  3.550446974383948E+02,  3.550243142724822E+02,  7.158364346170357E-03,  7.173067639775278E-03,  7.159666145691779E+00,
2461564.500000000, A.D. 2027-Jun-08 00:00:00.0000,  1.680572102443623E-03,  7.143702832747763E-03,  2.346323492705613E+00,  3.389300007964531E+02,  3.555372178912868E+02,  2.461563649399319E+06,  5.030945838896005E+01,  4.279325956358953E+01,  4.292429118489702E+01,  7.155728550522432E-03,  7.167754268297099E-03,  7.155712097250459E+00,
2461565.500000000, A.D. 2027-Jun-09 00:00:00.0000,  1.659460684345409E-03,  7.146469852095715E-03,  2.346303034529934E+00,  3.389291639147259E+02,  8.662111837097255E+00,  2.461563909200403E+06,  5.028183739388599E+01,  7.998832664365594E+01,  8.017565835932196E+01,  7.158348850578079E-03,  7.170227849060442E-03,  7.159642898088967E+00,
2461566.500000000, A.D. 2027-Jun-10 00:00:00.0000,  1.549484974851165E-03,  7.144726343025788E-03,  2.346310149390737E+00,  3.389290728707330E+02,  3.554857886368467E+02,  2.461563647805014E+06,  5.030855546555254E+01,  1.434898096421304E+02,  1.435952862396377E+02,  7.155814169564356E-03,  7.166901996102922E-03,  7.155840525902210E+00,
2461567.500000000, A.D. 2027-Jun-11 00:00:00.0000,  1.526927703358907E-03,  7.145176299146756E-03,  2.346345250792074E+00,  3.389287106999643E+02,  3.563532353977087E+02,  2.461570821199180E+06,  5.030550811427307E+01,  1.929253876982574E+02,  1.928863220623082E+02,  7.156103151296564E-03,  7.167030003446372E-03,  7.156274004473437E+00,
2461568.500000000, A.D. 2027-Jun-12 00:00:00.0000,  1.676016299636551E-03,  7.144208646470613E-03,  2.346347003965277E+00,  3.389287339471880E+02,  3.498714069760510E+02,  2.461570691818443E+06,  5.030445992196306E+01,  2.497417569748817E+02,  2.495617109325594E+02,  7.156202558602332E-03,  7.168196470734052E-03,  7.156423119509986E+00,
2461569.500000000, A.D. 2027-Jun-13 00:00:00.0000,  1.680631578166607E-03,  7.143407400593659E-03,  2.346346690457247E+00,  3.389273569511176E+02,  3.527988752488849E+02,  2.461570749723921E+06,  5.031257492132735E+01,  2.971231715839012E+02,  2.969516003220468E+02,  7.155433047328455E-03,  7.167458694063250E-03,  7.155268848054862E+00,
2461570.500000000, A.D. 2027-Jun-14 00:00:00.0000,  2.126130558204358E-03,  7.143459276369445E-03,  2.346350544945776E+00,  3.389270708436906E+02,  3.508576955076913E+02,  2.461570711088977E+06,  5.027835309062581E+01,  3.493867938921215E+02,  3.493418039054874E+02,  7.158679563746319E-03,  7.173899851123192E-03,  7.160139063248683E+00,
2461571.500000000, A.D. 2027-Jun-15 00:00:00.0000,  1.796291908569670E-03,  7.143318134319471E-03,  2.346379721204304E+00,  3.389272216243870E+02,  3.530084121626039E+02,  2.461570753635982E+06,  5.030477466007587E+01,  3.754567374781835E+01,  3.767133486763738E+01,  7.156172709453791E-03,  7.169027284588110E-03,  7.156378344453894E+00,
2461572.500000000, A.D. 2027-Jun-16 00:00:00.0000,  1.776443245995847E-03,  7.145491047713184E-03,  2.346353537226114E+00,  3.389262880481579E+02,  2.642114880936542E+00,  2.461570944274243E+06,  5.028332994508724E+01,  7.822707156327564E+01,  7.842644466814909E+01,  7.158207196540918E-03,  7.170923345368651E-03,  7.159430379673424E+00,
2461573.500000000, A.D. 2027-Jun-17 00:00:00.0000,  1.614491151822198E-03,  7.144249018623013E-03,  2.346357259789250E+00,  3.389262446711560E+02,  3.503274170986584E+02,  2.461570699848250E+06,  5.030868382696656E+01,  1.408719490607440E+02,  1.409885162327340E+02,  7.155801997632381E-03,  7.167354976641749E-03,  7.155822267944766E+00,
2461574.500000000, A.D. 2027-Jun-18 00:00:00.0000,  1.611266835597213E-03,  7.144358706409363E-03,  2.346389756637196E+00,  3.389257950581650E+02,  3.507088805967321E+02,  2.461577863383883E+06,  5.030776894756683E+01,  1.907956607410807E+02,  1.907611451391149E+02,  7.155888752635708E-03,  7.167418798862053E-03,  7.155952401212807E+00,
2461575.500000000, A.D. 2027-Jun-19 00:00:00.0000,  1.701124148629948E-03,  7.144325264909573E-03,  2.346389279336855E+00,  3.389257926416297E+02,  3.431179710008072E+02,  2.461577712273242E+06,  5.030133055294116E+01,  2.487197123939875E+02,  2.485382096892653E+02,  7.156499358788463E-03,  7.168673452667352E-03,  7.156868338126903E+00,
2461576.500000000, A.D. 2027-Jun-20 00:00:00.0000,  1.697808543865850E-03,  7.143285255680047E-03,  2.346382990662923E+00,  3.389244899565965E+02,  3.471777334078993E+02,  2.461577792592071E+06,  5.031256685267913E+01,  2.949663749816970E+02,  2.947898426258905E+02,  7.155433812341709E-03,  7.167582369003370E-03,  7.155269995548441E+00,
2461577.500000000, A.D. 2027-Jun-21 00:00:00.0000,  2.100390164578503E-03,  7.143451910696015E-03,  2.346386802188149E+00,  3.389240852239751E+02,  3.447366058909907E+02,  2.461577744075057E+06,  5.028037628295169E+01,  3.477278142990170E+02,  3.476765232573194E+02,  7.158487527492017E-03,  7.173523144288019E-03,  7.159850952071403E+00,
2461578.500000000, A.D. 2027-Jun-22 00:00:00.0000,  1.734359835445867E-03,  7.143373607673210E-03,  2.346421487819999E+00,  3.389242163052585E+02,  3.492882217970717E+02,  2.461577834172370E+06,  5.030887032905034E+01,  3.349703590991146E+01,  3.360691952217731E+01,  7.155784312576054E-03,  7.168195017478898E-03,  7.155795740301520E+00,
2461579.500000000, A.D. 2027-Jun-23 00:00:00.0000,  1.750658025587445E-03,  7.145519113437082E-03,  2.346407959358866E+00,  3.389237043684200E+02,  5.128537120151331E-01,  2.461578056398939E+06,  5.028498200807713E+01,  7.259145337434043E+01,  7.278300022701605E+01,  7.158050411838126E-03,  7.170581710239170E-03,  7.159195163720536E+00,
2461580.500000000, A.D. 2027-Jun-24 00:00:00.0000,  1.529945120996360E-03,  7.145089364905707E-03,  2.346409422006341E+00,  3.389238392931282E+02,  3.501002079702325E+02,  2.461577849535383E+06,  5.030619817581749E+01,  1.333347982787847E+02,  1.334621502204705E+02,  7.156037709885613E-03,  7.166986054865520E-03,  7.156175840237800E+00,
2461581.500000000, A.D. 2027-Jun-25 00:00:00.0000,  1.575767351489333E-03,  7.144435094559350E-03,  2.346442944307056E+00,  3.389232714987323E+02,  3.498213539240671E+02,  2.461584999953425E+06,  5.030964526920231E+01,  1.839185847073558E+02,  1.839062689805877E+02,  7.155710830062061E-03,  7.166986565564771E-03,  7.155685516637475E+00,
2461582.500000000, A.D. 2027-Jun-26 00:00:00.0000,  1.601333496048970E-03,  7.145271344472777E-03,  2.346441543285610E+00,  3.389232372094258E+02,  3.405887538132083E+02,  2.461584816472254E+06,  5.029888148219067E+01,  2.434840366392762E+02,  2.433199864582239E+02,  7.156731658599926E-03,  7.168191972727075E-03,  7.157216808637489E+00,
2461583.500000000, A.D. 2027-Jun-27 00:00:00.0000,  1.591649152498962E-03,  7.144343697270641E-03,  2.346421960304748E+00,  3.389212440382522E+02,  3.443042792488300E+02,  2.461584889975349E+06,  5.030941026457664E+01,  2.900711598956651E+02,  2.898997305900835E+02,  7.155733113816756E-03,  7.167122530362871E-03,  7.155718942177297E+00,
2461584.500000000, A.D. 2027-Jun-28 00:00:00.0000,  1.918310685486775E-03,  7.144885962192172E-03,  2.346451848479908E+00,  3.389194349872652E+02,  3.396314962920568E+02,  2.461584797248159E+06,  5.027899729204301E+01,  3.450546606185147E+02,  3.449978374107092E+02,  7.158618416393661E-03,  7.172350870595150E-03,  7.160047323715671E+00,
2461585.500000000, A.D. 2027-Jun-29 00:00:00.0000,  1.527162655862320E-03,  7.144753515171188E-03,  2.346499383628849E+00,  3.389193705368399E+02,  3.460011868420162E+02,  2.461584923404743E+06,  5.030995559323506E+01,  2.900848174916434E+01,  2.909348794001644E+01,  7.155681404589524E-03,  7.166609294007861E-03,  7.155641378630187E+00,
2461586.500000000, A.D. 2027-Jun-30 00:00:00.0000,  1.552912438733826E-03,  7.146669096212394E-03,  2.346493486158747E+00,  3.389190022296325E+02,  3.583600024405027E+02,  2.461585168237782E+06,  5.028778407339875E+01,  6.697137087311343E+01,  6.713526478060878E+01,  7.157784508809903E-03,  7.168899921407411E-03,  7.158796249096069E+00,
2461587.500000000, A.D. 2027-Jul-01 00:00:00.0000,  1.275355711497763E-03,  7.147164971938443E-03,  2.346493933331965E+00,  3.389191939285396E+02,  3.499591304611088E+02,  2.461585001068812E+06,  5.030351906449003E+01,  1.257050326722032E+02,  1.258235967275190E+02,  7.156291789545385E-03,  7.165418607152327E-03,  7.156556970467085E+00,
2461588.500000000, A.D. 2027-Jul-02 00:00:00.0000,  1.344990851579210E-03,  7.146116228552942E-03,  2.346525187492880E+00,  3.389185476906846E+02,  3.492079998976832E+02,  2.461584986562693E+06,  5.030933095453187E+01,  1.767586802357244E+02,  1.767673800725132E+02,  7.155740634242274E-03,  7.165365039931606E-03,  7.155730222796199E+00,
2461589.500000000, A.D. 2027-Jul-03 00:00:00.0000,  1.316233515438377E-03,  7.147496044836807E-03,  2.346531091897400E+00,  3.389185745524229E+02,  3.388353290681541E+02,  2.461591936331524E+06,  5.029693586845743E+01,  2.374599895742109E+02,  2.373329506327047E+02,  7.156916217829899E-03,  7.166336390822992E-03,  7.157493668034075E+00,
2461590.500000000, A.D. 2027-Jul-04 00:00:00.0000,  1.371053183773289E-03,  7.145402643640941E-03,  2.346519176913475E+00,  3.389176508218979E+02,  3.470383371116875E+02,  2.461592098647171E+06,  5.031489775389969E+01,  2.795642310697397E+02,  2.794092598597915E+02,  7.155212820959695E-03,  7.165022998278448E-03,  7.154938518623899E+00,
2461591.500000000, A.D. 2027-Jul-05 00:00:00.0000,  1.721044603083976E-03,  7.146035383429907E-03,  2.346523915710201E+00,  3.389168345307487E+02,  3.395513916090637E+02,  2.461591950095498E+06,  5.028177015643940E+01,  3.373684016335332E+02,  3.372923606346263E+02,  7.158355232069019E-03,  7.170675080708131E-03,  7.159652472057930E+00,
2461592.500000000, A.D. 2027-Jul-06 00:00:00.0000,  1.423214413590039E-03,  7.145644975213004E-03,  2.346556862550901E+00,  3.389167856804260E+02,  3.490226153688706E+02,  2.461592137776664E+06,  5.030839638474448E+01,  1.822287520040286E+01,  1.827396155355467E+01,  7.155829254549266E-03,  7.166013533885529E-03,  7.155863153474843E+00,
2461593.500000000, A.D. 2027-Jul-07 00:00:00.0000,  1.488029703133494E-03,  7.147011878362370E-03,  2.346560840583309E+00,  3.389165427447507E+02,  5.477242745718347E-01,  2.461592366201620E+06,  5.028906784522279E+01,  5.701766367911362E+01,  5.716084357921072E+01,  7.157662693054644E-03,  7.168313507746920E-03,  7.158613500413056E+00,
2461594.500000000, A.D. 2027-Jul-08 00:00:00.0000,  1.161905505724150E-03,  7.148172151891038E-03,  2.346561041240637E+00,  3.389167406213083E+02,  3.558375369112299E+02,  2.461592272188490E+06,  5.030145754416077E+01,  1.120621660815671E+02,  1.121854940057169E+02,  7.156487313902708E-03,  7.164802475914377E-03,  7.156850269874347E+00,
2461595.500000000, A.D. 2027-Jul-09 00:00:00.0000,  1.228023102562214E-03,  7.147026719525412E-03,  2.346593712910988E+00,  3.389159320855048E+02,  3.537462537202145E+02,  2.461592231063782E+06,  5.030855488399438E+01,  1.644554571372503E+02,  1.644931129253527E+02,  7.155814224711001E-03,  7.164601729896592E-03,  7.155840608622484E+00,
2461596.500000000, A.D. 2027-Jul-10 00:00:00.0000,  1.074554858531959E-03,  7.149736835200643E-03,  2.346602667705436E+00,  3.389158991731302E+02,  3.447796599272951E+02,  2.461599209397070E+06,  5.029154256520896E+01,  2.237402419170538E+02,  2.236551902361432E+02,  7.157427884108104E-03,  7.165118933015566E-03,  7.158261243095043E+00,
2461597.500000000, A.D. 2027-Jul-11 00:00:00.0000,  1.215634654187870E-03,  7.146368262899537E-03,  2.346584306624998E+00,  3.389149875240838E+02,  3.575064103643785E+02,  2.461599461224981E+06,  5.031644423573452E+01,  2.613181326169545E+02,  2.611804590149966E+02,  7.155066209336615E-03,  7.163764155773692E-03,  7.154718610746535E+00,
2461598.500000000, A.D. 2027-Jul-12 00:00:00.0000,  1.488139356371799E-03,  7.147448512472556E-03,  2.346586157877420E+00,  3.389139484677614E+02,  3.456724222283856E+02,  2.461599226450742E+06,  5.028445143090756E+01,  3.234708229618877E+02,  3.233691672169131E+02,  7.158100763936243E-03,  7.168753015399930E-03,  7.159270704079400E+00,
2461599.500000000, A.D. 2027-Jul-13 00:00:00.0000,  1.325020313193157E-03,  7.146431728554575E-03,  2.346610933589242E+00,  3.389138677524618E+02,  3.595812977864941E+02,  2.461599502153828E+06,  5.030750840777972E+01,  3.598916462577532E+02,  3.598913586397632E+02,  7.155913459247530E-03,  7.165395189940486E-03,  7.155989461492161E+00,
2461600.500000000, A.D. 2027-Jul-14 00:00:00.0000,  1.472049637723475E-03,  7.147129673292863E-03,  2.346621219241333E+00,  3.389136412088898E+02,  9.815027689226174E+00,  2.461599705071875E+06,  5.028903180184984E+01,  3.997616573283851E+01,  4.008469320942650E+01,  7.157666113101599E-03,  7.168202552910336E-03,  7.158618631165568E+00,
2461601.500000000, A.D. 2027-Jul-15 00:00:00.0000,  1.157783126330255E-03,  7.148610081286211E-03,  2.346619802079566E+00,  3.389137684327915E+02,  1.208686336558384E+01,  2.461599749689341E+06,  5.029714673159508E+01,  8.803563203485618E+01,  8.816823270155804E+01,  7.156896214960789E-03,  7.165182348635368E-03,  7.157463661330500E+00,
2461602.500000000, A.D. 2027-Jul-16 00:00:00.0000,  1.245968824127211E-03,  7.146618752182250E-03,  2.346646464848774E+00,  3.389129604773436E+02,  5.214916713792738E+00,  2.461599613804833E+06,  5.031150675876545E+01,  1.452088276614441E+02,  1.452901905595155E+02,  7.155534324871013E-03,  7.164449897559776E-03,  7.155420761420141E+00,
2461603.500000000, A.D. 2027-Jul-17 00:00:00.0000,  1.051598488239786E-03,  7.149571246171927E-03,  2.346662684382927E+00,  3.389129078859016E+02,  3.573544284608573E+02,  2.461606613729307E+06,  5.029502345581420E+01,  2.033949114647979E+02,  2.033471209187703E+02,  7.157097639229525E-03,  7.164624032287122E-03,  7.157765823814987E+00,
2461604.500000000, A.D. 2027-Jul-18 00:00:00.0000,  1.265808378995127E-03,  7.145870845398763E-03,  2.346655746826781E+00,  3.389124683723124E+02,  4.742445655388967E+00,  2.461606759269154E+06,  5.031790624687778E+01,  2.463183065163658E+02,  2.461855546485594E+02,  7.154927612722050E-03,  7.163984380045337E-03,  7.154510726931090E+00,
2461605.500000000, A.D. 2027-Jul-19 00:00:00.0000,  1.440233156449506E-03,  7.147732695489372E-03,  2.346653452527484E+00,  3.389113712800157E+02,  3.498426379988659E+02,  2.461606463817504E+06,  5.028507122869792E+01,  3.115343681475351E+02,  3.114106796448348E+02,  7.158041944833578E-03,  7.168351194177785E-03,  7.159182461186341E+00,
2461606.500000000, A.D. 2027-Jul-20 00:00:00.0000,  1.379767006007465E-03,  7.146155442172521E-03,  2.346674859050320E+00,  3.389112346510053E+02,  4.829002850634456E+00,  2.461606760819045E+06,  5.030628901844925E+01,  3.468791617312967E+02,  3.468432095850540E+02,  7.156029095011849E-03,  7.165902747851175E-03,  7.156162917681606E+00,
2461607.500000000, A.D. 2027-Jul-21 00:00:00.0000,  1.547356224103122E-03,  7.146476117988541E-03,  2.346694481513994E+00,  3.389109997037792E+02,  1.325062594084500E+01,  2.461606927799383E+06,  5.029024077309240E+01,  2.877610680303760E+01,  2.886160856467805E+01,  7.157551399696199E-03,  7.168626681403857E-03,  7.158446538848478E+00,
2461608.500000000, A.D. 2027-Jul-22 00:00:00.0000,  1.328963868091656E-03,  7.148021989374885E-03,  2.346682318722257E+00,  3.389103089791091E+02,  2.094165990880659E+01,  2.461607079993914E+06,  5.029042316756817E+01,  7.141270694974395E+01,  7.155712783123124E+01,  7.157534093569874E-03,  7.167046197764862E-03,  7.158420576428171E+00,
2461609.500000000, A.D. 2027-Jul-23 00:00:00.0000,  1.438809711779089E-03,  7.145312243818013E-03,  2.346729484339110E+00,  3.389082189687340E+02,  1.161732782741754E+01,  2.461606895577224E+06,  5.031073182954746E+01,  1.310304158402318E+02,  1.311546447059291E+02,  7.155607801816947E-03,  7.165903359815881E-03,  7.155530975372778E+00,
2461610.500000000, A.D. 2027-Jul-24 00:00:00.0000,  1.238172296212790E-03,  7.148148823910357E-03,  2.346764164761720E+00,  3.389079415816701E+02,  7.321557946591899E+00,  2.461613966467955E+06,  5.029594267426999E+01,  1.856507264682924E+02,  1.856367774813468E+02,  7.157010435955863E-03,  7.165872048001369E-03,  7.157635007091059E+00,
2461611.500000000, A.D. 2027-Jul-25 00:00:00.0000,  1.507429885815077E-03,  7.143967862687403E-03,  2.346762419883496E+00,  3.389076844041801E+02,  1.001557035151915E+01,  2.461614018429632E+06,  5.031974668380758E+01,  2.332732588815727E+02,  2.331349653334246E+02,  7.154753151413474E-03,  7.165538440139544E-03,  7.154249051810997E+00,
2461612.500000000, A.D. 2027-Jul-26 00:00:00.0000,  1.581095658374249E-03,  7.146677334980049E-03,  2.346754936497066E+00,  3.389064665867231E+02,  3.551322325300010E+02,  2.461613723570738E+06,  5.028556791969284E+01,  2.984720505692494E+02,  2.983126341513931E+02,  7.157994809496008E-03,  7.169312284011966E-03,  7.159111747031035E+00,
2461613.500000000, A.D. 2027-Jul-27 00:00:00.0000,  1.637839169386841E-03,  7.144681427345201E-03,  2.346771154434535E+00,  3.389063154529523E+02,  7.127580511655302E+00,  2.461613961081403E+06,  5.030235214992850E+01,  3.368065208726071E+02,  3.367324651566988E+02,  7.156402463612002E-03,  7.168123499878803E-03,  7.156722988360529E+00,
2461614.500000000, A.D. 2027-Jul-28 00:00:00.0000,  1.776282516590757E-03,  7.144752677017519E-03,  2.346807192202590E+00,  3.389061073692340E+02,  1.277069408818118E+01,  2.461614072927081E+06,  5.029113704924563E+01,  2.147798270231181E+01,  2.155266441149267E+01,  7.157466359374764E-03,  7.170180041732008E-03,  7.158318962792272E+00,
2461615.500000000, A.D. 2027-Jul-29 00:00:00.0000,  1.554003296635740E-03,  7.146228221947350E-03,  2.346803171705850E+00,  3.389061850766886E+02,  2.013157153913346E+01,  2.461614218544407E+06,  5.029235535193057E+01,  6.444742003286204E+01,  6.460821259136634E+01,  7.157350768636989E-03,  7.168473315326628E-03,  7.158145556731828E+00,
2461616.500000000, A.D. 2027-Jul-30 00:00:00.0000,  1.567707254965378E-03,  7.143980888747921E-03,  2.346820121417989E+00,  3.389054429320204E+02,  1.039011033991422E+01,  2.461614025744957E+06,  5.031505255681291E+01,  1.244922725372016E+02,  1.246401729463033E+02,  7.155198144790225E-03,  7.166415400832528E-03,  7.154916505224921E+00,
2461617.500000000, A.D. 2027-Jul-31 00:00:00.0000,  1.308408639232707E-03,  7.147695585495902E-03,  2.346842543084209E+00,  3.389051931698801E+02,  9.282328773056213E+00,  2.461614002173261E+06,  5.029542079568329E+01,  1.759246677056112E+02,  1.759353057597983E+02,  7.157059944558870E-03,  7.166424303621838E-03,  7.157709276604714E+00,
2461618.500000000, A.D. 2027-Aug-01 00:00:00.0000,  1.593841536292119E-03,  7.143342058599647E-03,  2.346846177881529E+00,  3.389050748803953E+02,  9.919214099912056E+00,  2.461621170805630E+06,  5.031982646099652E+01,  2.256055241674372E+02,  2.254752017617609E+02,  7.154745589301480E-03,  7.166149120003313E-03,  7.154237709445205E+00,
2461619.500000000, A.D. 2027-Aug-02 00:00:00.0000,  1.600036552272425E-03,  7.146401019383593E-03,  2.346832997030598E+00,  3.389037558459997E+02,  3.559691876611175E+02,  2.461620894594676E+06,  5.028705336604774E+01,  2.898699430973634E+02,  2.896973908765398E+02,  7.157853847174895E-03,  7.169306674966198E-03,  7.158900271596762E+00,
2461620.500000000, A.D. 2027-Aug-03 00:00:00.0000,  1.756986653514061E-03,  7.144247589650004E-03,  2.346849745176082E+00,  3.389034703779623E+02,  5.484988974411609E+00,  2.461621082843952E+06,  5.029792877132470E+01,  3.306841563943768E+02,  3.305853885455024E+02,  7.156822030439061E-03,  7.169396471228119E-03,  7.157352376013528E+00,
2461621.500000000, A.D. 2027-Aug-04 00:00:00.0000,  1.889750472772301E-03,  7.144207449410292E-03,  2.346898594668664E+00,  3.389031406987096E+02,  8.637818513331700E+00,  2.461621145329630E+06,  5.028831867702617E+01,  1.783577658500543E+01,  1.790225292193798E+01,  7.157733780205415E-03,  7.171260111000537E-03,  7.158720145568581E+00,
2461622.500000000, A.D. 2027-Aug-05 00:00:00.0000,  1.675921831725425E-03,  7.145520821544846E-03,  2.346884958146289E+00,  3.389029578103243E+02,  1.471795352556187E+01,  2.461621265556678E+06,  5.029061112941130E+01,  6.208090906456497E+01,  6.225076956280608E+01,  7.157516259304745E-03,  7.169511697064644E-03,  7.158393821733900E+00,
2461623.500000000, A.D. 2027-Aug-06 00:00:00.0000,  1.655623768395639E-03,  7.143053263473686E-03,  2.346897102746219E+00,  3.389022673721163E+02,  3.499808295728986E+00,  2.461621043500336E+06,  5.031820719114904E+01,  1.236066590502485E+02,  1.237644880935706E+02,  7.154899084458387E-03,  7.166744905443089E-03,  7.154467937071571E+00,
2461624.500000000, A.D. 2027-Aug-07 00:00:00.0000,  1.368678593889036E-03,  7.147225620737653E-03,  2.346916862977076E+00,  3.389019381546106E+02,  3.526221211923774E+00,  2.461621042340285E+06,  5.029582833757014E+01,  1.739058594565887E+02,  1.739224815806746E+02,  7.157021282563106E-03,  7.166816944388559E-03,  7.157651278427918E+00,
2461625.500000000, A.D. 2027-Aug-08 00:00:00.0000,  1.632551568757875E-03,  7.143217195728290E-03,  2.346921305976475E+00,  3.389018556229967E+02,  3.013076510758931E+00,  2.461628188130000E+06,  5.031821931074288E+01,  2.247380851159752E+02,  2.246065987704509E+02,  7.154897935577319E-03,  7.166578675426348E-03,  7.154466213853884E+00,
2461626.500000000, A.D. 2027-Aug-09 00:00:00.0000,  1.600135290745962E-03,  7.146437344050264E-03,  2.346900745465221E+00,  3.389004509057266E+02,  3.499258825083377E+02,  2.461627929114771E+06,  5.028666250023499E+01,  2.881345878372477E+02,  2.879602255164990E+02,  7.157890937947386E-03,  7.169344531844506E-03,  7.158955915961169E+00,
2461627.500000000, A.D. 2027-Aug-10 00:00:00.0000,  1.759986604310530E-03,  7.144261682040436E-03,  2.346911535919451E+00,  3.389001803998248E+02,  3.594297250536744E+02,  2.461628117118380E+06,  5.029755321437438E+01,  3.289604554267869E+02,  3.288562671401720E+02,  7.156857655643325E-03,  7.169453629246215E-03,  7.157405817846358E+00,
2461628.500000000, A.D. 2027-Aug-11 00:00:00.0000,  1.811660127285271E-03,  7.144109999362513E-03,  2.346974056446353E+00,  3.388997390221138E+02,  4.572938978595188E+00,  2.461628219038765E+06,  5.029524956306183E+01,  1.413101544506403E+01,  1.418181067306523E+01,  7.157076188921928E-03,  7.170042378481341E-03,  7.157733645373808E+00,
2461629.500000000, A.D. 2027-Aug-12 00:00:00.0000,  1.684399661285619E-03,  7.145555784550523E-03,  2.346968497648828E+00,  3.388998058659278E+02,  1.395567656875540E+01,  2.461628404760258E+06,  5.028960142363185E+01,  5.507917010590688E+01,  5.523762477933528E+01,  7.157612063886548E-03,  7.169668343222572E-03,  7.158537546707032E+00,
2461630.500000000, A.D. 2027-Aug-13 00:00:00.0000,  1.618538858587540E-03,  7.143280517245135E-03,  2.346977168241623E+00,  3.388993843418959E+02,  2.349964317669584E+00,  2.461628174956147E+06,  5.031860960547353E+01,  1.169929739635252E+02,  1.171580882063495E+02,  7.154860937700594E-03,  7.166441358156054E-03,  7.154410720459177E+00,
2461631.500000000, A.D. 2027-Aug-14 00:00:00.0000,  1.343029174289026E-03,  7.147408441593219E-03,  2.346998267771287E+00,  3.388989276535357E+02,  4.505377269584065E+00,  2.461628216208378E+06,  5.029583628141948E+01,  1.651610458151049E+02,  1.652003961557776E+02,  7.157020528964604E-03,  7.166632616335989E-03,  7.157650147930691E+00,
2461632.500000000, A.D. 2027-Aug-15 00:00:00.0000,  1.592508870280161E-03,  7.143616343467376E-03,  2.347005806989884E+00,  3.388988634359283E+02,  1.554615861561764E+00,  2.461635313491693E+06,  5.031702912788517E+01,  2.184334565360550E+02,  2.183201976754144E+02,  7.155010761572130E-03,  7.166405179676883E-03,  7.154635443301476E+00,
2461633.500000000, A.D. 2027-Aug-16 00:00:00.0000,  1.480106791039906E-03,  7.147555554543520E-03,  2.346968940179802E+00,  3.388967500952015E+02,  3.474350352218802E+02,  2.461635034156124E+06,  5.028392860253979E+01,  2.828566029958321E+02,  2.826911794456733E+02,  7.158150381534514E-03,  7.168745208525508E-03,  7.159345142770263E+00,
2461634.500000000, A.D. 2027-Aug-17 00:00:00.0000,  1.624566845850998E-03,  7.145613738632393E-03,  2.346999341278850E+00,  3.388951430705693E+02,  3.558836922219451E+02,  2.461635201284548E+06,  5.029351069925402E+01,  3.247299380634203E+02,  3.246222640956699E+02,  7.157241155321088E-03,  7.168868572009782E-03,  7.157981119129545E+00,
2461635.500000000, A.D. 2027-Aug-18 00:00:00.0000,  1.592719513092838E-03,  7.145308040954720E-03,  2.347085748509997E+00,  3.388943493319682E+02,  2.461418434240029E+00,  2.461635331670463E+06,  5.029914494866836E+01,  8.466831805266978E+00,  8.493757345242189E+00,  7.156706667313231E-03,  7.168105293671742E-03,  7.157179319198961E+00,
2461636.500000000, A.D. 2027-Aug-19 00:00:00.0000,  1.536061641479537E-03,  7.146619958651271E-03,  2.347079633450266E+00,  3.388943944295648E+02,  1.457393528163059E+01,  2.461635571610042E+06,  5.028957579441042E+01,  4.668833715817612E+01,  4.681658372282755E+01,  7.157614495722648E-03,  7.168609032794026E-03,  7.158541194933150E+00,
2461637.500000000, A.D. 2027-Aug-20 00:00:00.0000,  1.403979560535884E-03,  7.144790835301362E-03,  2.347086468487830E+00,  3.388941337001561E+02,  2.225086339278751E+00,  2.461635326900575E+06,  5.031887184640954E+01,  1.093479114717020E+02,  1.094996212328437E+02,  7.154836078915143E-03,  7.164881322528924E-03,  7.154373434659733E+00,
2461638.500000000, A.D. 2027-Aug-21 00:00:00.0000,  1.143244347160149E-03,  7.149014895298369E-03,  2.347106328269465E+00,  3.388935705352806E+02,  8.555894746426938E+00,  2.461635451196971E+06,  5.029397273797487E+01,  1.533364164101060E+02,  1.533951305670021E+02,  7.157197320676742E-03,  7.165379746055115E-03,  7.157915360465829E+00,
2461639.500000000, A.D. 2027-Aug-22 00:00:00.0000,  1.378480131489175E-03,  7.145302128906774E-03,  2.347122721362879E+00,  3.388935610779957E+02,  3.092743381504541E+00,  2.461642498687566E+06,  5.031539813627671E+01,  2.091198412368125E+02,  2.090430864137727E+02,  7.155165382223687E-03,  7.165028635540601E-03,  7.154867363365748E+00,
2461640.500000000, A.D. 2027-Aug-23 00:00:00.0000,  1.246024102247278E-03,  7.148681168175741E-03,  2.347091614081934E+00,  3.388923018872394E+02,  3.513966920806504E+02,  2.461642267351952E+06,  5.028973162284323E+01,  2.711203446201475E+02,  2.709775838714722E+02,  7.157599709928550E-03,  7.166518251681358E-03,  7.158519013381973E+00,
2461641.500000000, A.D. 2027-Aug-24 00:00:00.0000,  1.511451552957086E-03,  7.146342676153400E-03,  2.347095965026420E+00,  3.388919317947599E+02,  3.583100859326490E+02,  2.461642403916233E+06,  5.029436214462217E+01,  3.145381096179393E+02,  3.144144920005195E+02,  7.157160377320463E-03,  7.167978078487527E-03,  7.157859939943462E+00,
2461642.500000000, A.D. 2027-Aug-25 00:00:00.0000,  1.509049291762799E-03,  7.145741981799863E-03,  2.347173119298777E+00,  3.388910609958582E+02,  5.558575458709158E+00,  2.461642547594611E+06,  5.030088566745284E+01,  3.576059489443436E+02,  3.575987119262596E+02,  7.156541555766064E-03,  7.167341129732265E-03,  7.156931636950040E+00,
2461643.500000000, A.D. 2027-Aug-26 00:00:00.0000,  1.559116067276041E-03,  7.146621638469209E-03,  2.347166016600413E+00,  3.388910898848202E+02,  1.797338424566495E+01,  2.461642793598848E+06,  5.028781630277654E+01,  3.552337134699093E+01,  3.562734480521085E+01,  7.157781450534787E-03,  7.168941262600366E-03,  7.158791661035464E+00,
2461644.500000000, A.D. 2027-Aug-27 00:00:00.0000,  1.336834019823904E-03,  7.145221952803518E-03,  2.347172757776869E+00,  3.388909779782913E+02,  6.077513405158322E+00,  2.461642557767421E+06,  5.031939260330279E+01,  9.773196363545190E+01,  9.788372647597269E+01,  7.154786715088833E-03,  7.164351477374147E-03,  7.154299393835903E+00,
2461645.500000000, A.D. 2027-Aug-28 00:00:00.0000,  1.113579005054422E-03,  7.149390572095076E-03,  2.347194888806093E+00,  3.388902015577120E+02,  1.695984631429686E+01,  2.461642772608757E+06,  5.029224900088704E+01,  1.371666395321796E+02,  1.372533068273753E+02,  7.157360858879123E-03,  7.165331145663170E-03,  7.158160693781071E+00,
2461646.500000000, A.D. 2027-Aug-29 00:00:00.0000,  1.266897014911215E-03,  7.146614217651320E-03,  2.347216653290550E+00,  3.388901316627568E+02,  1.036511823033927E+01,  2.461649798054492E+06,  5.030997328602535E+01,  1.940749666164802E+02,  1.940397153117472E+02,  7.155679726937036E-03,  7.164745236222752E-03,  7.155638862165676E+00,
2461647.500000000, A.D. 2027-Aug-30 00:00:00.0000,  1.105491458527020E-03,  7.149471513329267E-03,  2.347175246632675E+00,  3.388888137625970E+02,  4.691613419919129E+00,  2.461649686301911E+06,  5.029200572604992E+01,  2.500464917545407E+02,  2.499274725978380E+02,  7.157383940140492E-03,  7.165296366951716E-03,  7.158195319570035E+00,
2461648.500000000, A.D. 2027-Aug-31 00:00:00.0000,  1.428857043691351E-03,  7.146915959685337E-03,  2.347175833861849E+00,  3.388883312676882E+02,  7.124676588844290E+00,  2.461649733773466E+06,  5.029455065705017E+01,  2.979479179022572E+02,  2.978031576850274E+02,  7.157142493149376E-03,  7.167369026613415E-03,  7.157833111081510E+00,
2461649.500000000, A.D. 2027-Sep-01 00:00:00.0000,  1.471124289801506E-03,  7.145757924666676E-03,  2.347250656862735E+00,  3.388872743164660E+02,  1.552729679171075E+01,  2.461649900269652E+06,  5.030358316250459E+01,  3.398650022640849E+02,  3.398068716173267E+02,  7.156285710400006E-03,  7.166813496133336E-03,  7.156547851413052E+00,
2461650.500000000, A.D. 2027-Sep-02 00:00:00.0000,  1.682639558216889E-03,  7.145999972199208E-03,  2.347238195522856E+00,  3.388872368392359E+02,  2.610615105628955E+01,  2.461650109886628E+06,  5.028504555944428E+01,  1.961686869296000E+01,  1.968173117886493E+01,  7.158044380833869E-03,  7.170088789468531E-03,  7.159186115769296E+00,
2461651.500000000, A.D. 2027-Sep-03 00:00:00.0000,  1.375280675398403E-03,  7.145148845247922E-03,  2.347244487693657E+00,  3.388871962068719E+02,  1.782022787699981E+01,  2.461649945590560E+06,  5.031725907059552E+01,  7.821362246668136E+01,  7.836794928016286E+01,  7.154988963301840E-03,  7.164829081355758E-03,  7.154602747636097E+00,
2461652.500000000, A.D. 2027-Sep-04 00:00:00.0000,  1.277162366317259E-03,  7.148082247201292E-03,  2.347262538089334E+00,  3.388863349747813E+02,  2.869093652911187E+01,  2.461650160618314E+06,  5.029370013236157E+01,  1.176561610113971E+02,  1.177856960766466E+02,  7.157223183298335E-03,  7.166364119395377E-03,  7.157954158325235E+00,
2461653.500000000, A.D. 2027-Sep-05 00:00:00.0000,  1.376794497671264E-03,  7.145501733745103E-03,  2.347291155330055E+00,  3.388862255086974E+02,  1.801901769940734E+01,  2.461649949225130E+06,  5.031341725056138E+01,  1.786516175725937E+02,  1.786553237439253E+02,  7.155353184638607E-03,  7.165204635532112E-03,  7.155149057103317E+00,
2461654.500000000, A.D. 2027-Sep-06 00:00:00.0000,  1.186415678503767E-03,  7.148586147784674E-03,  2.347259975176242E+00,  3.388853565410428E+02,  1.397636307185376E+01,  2.461657025145031E+06,  5.029523662162273E+01,  2.329972331560638E+02,  2.328887569261866E+02,  7.157077416644045E-03,  7.165568685503416E-03,  7.157735487126233E+00,
2461655.500000000, A.D. 2027-Sep-07 00:00:00.0000,  1.493464456839378E-03,  7.146651150518137E-03,  2.347257096154016E+00,  3.388849345734182E+02,  1.032542991148995E+01,  2.461656951863515E+06,  5.029246480641982E+01,  2.869822052537250E+02,  2.868184401674324E+02,  7.157340383987121E-03,  7.168029617456106E-03,  7.158129978032933E+00,
2461656.500000000, A.D. 2027-Sep-08 00:00:00.0000,  1.545536763234466E-03,  7.145015184015192E-03,  2.347331122976549E+00,  3.388836622169291E+02,  1.948523865196874E+01,  2.461657133272533E+06,  5.030580325954926E+01,  3.281427165208374E+02,  3.280490857391345E+02,  7.156075161257384E-03,  7.167135138499575E-03,  7.156232018453323E+00,
2461657.500000000, A.D. 2027-Sep-09 00:00:00.0000,  1.847741565106913E-03,  7.144948908607208E-03,  2.347317833560934E+00,  3.388835915776434E+02,  2.749467036865630E+01,  2.461657291902858E+06,  5.028366533272528E+01,  1.046388704664035E+01,  1.050242909314371E+01,  7.158175366762701E-03,  7.171401824918194E-03,  7.159382626900652E+00,
2461658.500000000, A.D. 2027-Sep-10 00:00:00.0000,  1.536649866945868E-03,  7.144415284486351E-03,  2.347315563008373E+00,  3.388829990674525E+02,  2.324489865839262E+01,  2.461657207625411E+06,  5.031281119801765E+01,  6.502299868529190E+01,  6.518274701365137E+01,  7.155410645302397E-03,  7.166406006118442E-03,  7.155235245813182E+00,
2461659.500000000, A.D. 2027-Sep-11 00:00:00.0000,  1.567134762895543E-03,  7.146191100743839E-03,  2.347352967088065E+00,  3.388806903500146E+02,  3.171528166514719E+01,  2.461657375295653E+06,  5.029175505637215E+01,  1.068551105807081E+02,  1.070268785869231E+02,  7.157407723199082E-03,  7.168624345654324E-03,  7.158230998231720E+00,
2461660.500000000, A.D. 2027-Sep-12 00:00:00.0000,  1.631876117160121E-03,  7.143658082576445E-03,  2.347401675670864E+00,  3.388802925016843E+02,  2.106865558397893E+01,  2.461657164385660E+06,  5.031361219024929E+01,  1.678268063253854E+02,  1.678661599020763E+02,  7.155334702387558E-03,  7.167011322198671E-03,  7.155121334535537E+00,
2461661.500000000, A.D. 2027-Sep-13 00:00:00.0000,  1.468929502499616E-03,  7.146200443810430E-03,  2.347374651668893E+00,  3.388796186689459E+02,  1.934325460464871E+01,  2.461664286180839E+06,  5.029907659632731E+01,  2.198576765507736E+02,  2.197499506405589E+02,  7.156713150898711E-03,  7.167225857986992E-03,  7.157189045221678E+00,
2461662.500000000, A.D. 2027-Sep-14 00:00:00.0000,  1.729804520182269E-03,  7.145157568773651E-03,  2.347367844937070E+00,  3.388791246301037E+02,  1.183823809372977E+01,  2.461664136539469E+06,  5.029037449675227E+01,  2.776978172438208E+02,  2.775013260303478E+02,  7.157538711590339E-03,  7.169919854407029E-03,  7.158427504317921E+00,
2461663.500000000, A.D. 2027-Sep-15 00:00:00.0000,  1.803928084668771E-03,  7.143202137892139E-03,  2.347436114789501E+00,  3.388776990891887E+02,  1.978321569380389E+01,  2.461664293719041E+06,  5.030542273840999E+01,  3.200716281254876E+02,  3.199387227153795E+02,  7.156111247949327E-03,  7.169020358006515E-03,  7.156286149745981E+00,
2461664.500000000, A.D. 2027-Sep-16 00:00:00.0000,  2.140684910922708E-03,  7.143052049499107E-03,  2.347428720774414E+00,  3.388776442502476E+02,  2.462322429954972E+01,  2.461664389476139E+06,  5.028155263871135E+01,  5.557311335581280E+00,  5.581130381320516E+00,  7.158375876725125E-03,  7.173699703951144E-03,  7.159683444676268E+00,
2461665.500000000, A.D. 2027-Sep-17 00:00:00.0000,  1.745888493796064E-03,  7.142627435700234E-03,  2.347439006127099E+00,  3.388778369427487E+02,  2.141665413341682E+01,  2.461664325884347E+06,  5.031588235674096E+01,  5.907666504874371E+01,  5.924848358831495E+01,  7.155119476465930E-03,  7.167611517231626E-03,  7.154798507707571E+00,
2461666.500000000, A.D. 2027-Sep-18 00:00:00.0000,  1.747472008065487E-03,  7.144480119244060E-03,  2.347449200619848E+00,  3.388768343960604E+02,  2.862390861916600E+01,  2.461664468446154E+06,  5.029619232080428E+01,  1.021794229497375E+02,  1.023750707658886E+02,  7.156986753257473E-03,  7.169493387270885E-03,  7.157599479972787E+00,
2461667.500000000, A.D. 2027-Sep-19 00:00:00.0000,  1.719837744106429E-03,  7.143154400952150E-03,  2.347481495264245E+00,  3.388765175009089E+02,  2.002274610408862E+01,  2.461664297807706E+06,  5.031228398287070E+01,  1.611096080934900E+02,  1.611732845682583E+02,  7.155460632223916E-03,  7.167766863495682E-03,  7.155310224488425E+00,
2461668.500000000, A.D. 2027-Sep-20 00:00:00.0000,  1.590702887837290E-03,  7.145119798975488E-03,  2.347459294602219E+00,  3.388760154724670E+02,  1.978233673487266E+01,  2.461671449147622E+06,  5.030128509893716E+01,  2.116540846513842E+02,  2.115585870931776E+02,  7.156503670030224E-03,  7.167887541084958E-03,  7.156874805323940E+00,
2461669.500000000, A.D. 2027-Sep-21 00:00:00.0000,  1.801621651842906E-03,  7.144772445476805E-03,  2.347448093721438E+00,  3.388754292133443E+02,  1.054908426931084E+01,  2.461671265345405E+06,  5.028901344572154E+01,  2.712225211777907E+02,  2.710161080661521E+02,  7.157667854860821E-03,  7.170563264244838E-03,  7.158621244152242E+00,
2461670.500000000, A.D. 2027-Sep-22 00:00:00.0000,  1.907518764056120E-03,  7.142516157824703E-03,  2.347512518300811E+00,  3.388737810998802E+02,  1.807862061689599E+01,  2.461671414183276E+06,  5.030483823630970E+01,  3.140121581740246E+02,  3.138546924541363E+02,  7.156166680045601E-03,  7.169817202266500E-03,  7.156369300083631E+00,
2461671.500000000, A.D. 2027-Sep-23 00:00:00.0000,  2.295944217204265E-03,  7.142472332782339E-03,  2.347511529679948E+00,  3.388736393252413E+02,  1.963683295351236E+01,  2.461671444919304E+06,  5.027593828269144E+01,  2.769233669388826E+00,  2.781981268933100E+00,  7.158908788015679E-03,  7.175345243249019E-03,  7.160482972506505E+00,
2461672.500000000, A.D. 2027-Sep-24 00:00:00.0000,  1.847077901700888E-03,  7.141995683848685E-03,  2.347515643525124E+00,  3.388736708356949E+02,  1.595511911558634E+01,  2.461671371912950E+06,  5.031490728176058E+01,  5.675959532438765E+01,  5.693684673303655E+01,  7.155211917663789E-03,  7.168428151478891E-03,  7.154937163732026E+00,
2461673.500000000, A.D. 2027-Sep-25 00:00:00.0000,  1.840892672429538E-03,  7.143502631639434E-03,  2.347520888427382E+00,  3.388725840674712E+02,  2.120135481546842E+01,  2.461671475632787E+06,  5.029945448359815E+01,  1.018245664798778E+02,  1.020309430234307E+02,  7.156677306451824E-03,  7.169851981264215E-03,  7.157135275043395E+00,
2461674.500000000, A.D. 2027-Sep-26 00:00:00.0000,  1.760508104381064E-03,  7.142925952168849E-03,  2.347548561950508E+00,  3.388722040324844E+02,  1.352255602550305E+01,  2.461671323064841E+06,  5.031162294063123E+01,  1.598367638437015E+02,  1.599061592021695E+02,  7.155523308945336E-03,  7.168120665721822E-03,  7.155404237800229E+00,
2461675.500000000, A.D. 2027-Sep-27 00:00:00.0000,  1.645401463342805E-03,  7.144632910730606E-03,  2.347528214881372E+00,  3.388717979251046E+02,  1.365722607960243E+01,  2.461678481863331E+06,  5.030229298579538E+01,  2.100054370992118E+02,  2.099113147406993E+02,  7.156408075049571E-03,  7.168183239368537E-03,  7.156731405895525E+00,
2461676.500000000, A.D. 2027-Sep-28 00:00:00.0000,  1.803338527345477E-03,  7.145087532986693E-03,  2.347510183023644E+00,  3.388710730336765E+02,  3.370819884627640E+00,  2.461678277390209E+06,  5.028555724363292E+01,  2.706229428721965E+02,  2.704163030962595E+02,  7.157995822632223E-03,  7.170904112277754E-03,  7.159113266972549E+00,
2461677.500000000, A.D. 2027-Sep-29 00:00:00.0000,  1.882272345978302E-03,  7.142473383560609E-03,  2.347562864210029E+00,  3.388694074154757E+02,  1.289664718973140E+01,  2.461678465760977E+06,  5.030719882477475E+01,  3.114152704929718E+02,  3.112532632444361E+02,  7.155942816834140E-03,  7.169412250107671E-03,  7.156033498384947E+00,
2461678.500000000, A.D. 2027-Sep-30 00:00:00.0000,  2.256695925106532E-03,  7.142312083341270E-03,  2.347570363742537E+00,  3.388691881121944E+02,  1.519851424601627E+01,  2.461678511217701E+06,  5.028059713382647E+01,  3.594359672832510E+02,  3.594334144235811E+02,  7.158466565670027E-03,  7.174621047998785E-03,  7.159819503372774E+00,
2461679.500000000, A.D. 2027-Oct-01 00:00:00.0000,  1.832409192432660E-03,  7.142093620499438E-03,  2.347588287466118E+00,  3.388695335033829E+02,  1.475054237109902E+01,  2.461678502254763E+06,  5.031498147527936E+01,  5.020153313890379E+01,  5.036309649956550E+01,  7.155204883702073E-03,  7.168316146904706E-03,  7.154926613197191E+00,
2461680.500000000, A.D. 2027-Oct-02 00:00:00.0000,  1.861067692608585E-03,  7.143272022138107E-03,  2.347589544406420E+00,  3.388686388567224E+02,  1.961395653201235E+01,  2.461678598477888E+06,  5.030036520126400E+01,  9.564725667067256E+01,  9.585943520768882E+01,  7.156590922292800E-03,  7.169909822447494E-03,  7.157005690904080E+00,
2461681.500000000, A.D. 2027-Oct-03 00:00:00.0000,  1.733152237515813E-03,  7.143270342226199E-03,  2.347615799107288E+00,  3.388681626620215E+02,  1.280248778447833E+01,  2.461678462975562E+06,  5.031005254482618E+01,  1.527928590672074E+02,  1.528834881702518E+02,  7.155672211530543E-03,  7.168074080834887E-03,  7.155627589123277E+00,
2461682.500000000, A.D. 2027-Oct-04 00:00:00.0000,  1.655976690121831E-03,  7.144393954987077E-03,  2.347602092675836E+00,  3.388678435280074E+02,  1.321313126517746E+01,  2.461685627264588E+06,  5.030401737819788E+01,  2.026860278155329E+02,  2.026129801493895E+02,  7.156244529116103E-03,  7.168095103245131E-03,  7.156486077313310E+00,
2461683.500000000, A.D. 2027-Oct-05 00:00:00.0000,  1.706939049842758E-03,  7.146292023678418E-03,  2.347567162381383E+00,  3.388664390578840E+02,  1.991339351217893E-01,  2.461685368995804E+06,  5.028012723359763E+01,  2.660266531516871E+02,  2.658315517149657E+02,  7.158511165926273E-03,  7.170730308174128E-03,  7.159886416505421E+00,
2461684.500000000, A.D. 2027-Oct-06 00:00:00.0000,  1.747279856238438E-03,  7.143588204638009E-03,  2.347629019981027E+00,  3.388634324229855E+02,  1.112051876277571E+01,  2.461685585059857E+06,  5.030562675638826E+01,  3.054153838177094E+02,  3.052520006466746E+02,  7.156091899864032E-03,  7.168595595090056E-03,  7.156257126928329E+00,
2461685.500000000, A.D. 2027-Oct-07 00:00:00.0000,  2.086937337087437E-03,  7.143380255658530E-03,  2.347661405739582E+00,  3.388628327595886E+02,  1.287320073635378E+01,  2.461685619642828E+06,  5.028214960046589E+01,  3.539841014158107E+02,  3.539589727362439E+02,  7.158319219308094E-03,  7.173258182957658E-03,  7.159598443195124E+00,
2461686.500000000, A.D. 2027-Oct-08 00:00:00.0000,  1.664895019094868E-03,  7.143251666756370E-03,  2.347682982839672E+00,  3.388631815647567E+02,  1.517511518440158E+01,  2.461685665156660E+06,  5.031540993030716E+01,  4.200548486134696E+01,  4.213335474606562E+01,  7.155164264100476E-03,  7.167076861444584E-03,  7.154865686250852E+00,
2461687.500000000, A.D. 2027-Oct-09 00:00:00.0000,  1.715668039119224E-03,  7.144183034383204E-03,  2.347681011289112E+00,  3.388623677096273E+02,  2.003056051263960E+01,  2.461685761305597E+06,  5.030173343805087E+01,  8.745934239033400E+01,  8.765576849886064E+01,  7.156461146044671E-03,  7.168739257706139E-03,  7.156811016132440E+00,
2461688.500000000, A.D. 2027-Oct-10 00:00:00.0000,  1.532175376193561E-03,  7.145046017674557E-03,  2.347703539632717E+00,  3.388618271324120E+02,  1.518110691319320E+01,  2.461685664544374E+06,  5.030648741664480E+01,  1.426418127833713E+02,  1.427481885850653E+02,  7.156010280418000E-03,  7.166974543161445E-03,  7.156134695281618E+00,
2461689.500000000, A.D. 2027-Oct-11 00:00:00.0000,  1.513923207753393E-03,  7.145318656896531E-03,  2.347701738792882E+00,  3.388615973163803E+02,  1.637597203151546E+01,  2.461692844650175E+06,  5.030498752139287E+01,  1.917474146902578E+02,  1.917121593358127E+02,  7.156152522278231E-03,  7.166986387659931E-03,  7.156348062841784E+00,
2461690.500000000, A.D. 2027-Oct-12 00:00:00.0000,  1.508374029971142E-03,  7.147483768104659E-03,  2.347671423603767E+00,  3.388608320297135E+02,  2.736168471655374E+00,  2.461692574001206E+06,  5.028255089245366E+01,  2.557139288244306E+02,  2.555465051906817E+02,  7.158281133465611E-03,  7.169078498826563E-03,  7.159541304298234E+00,
2461691.500000000, A.D. 2027-Oct-13 00:00:00.0000,  1.675488251259769E-03,  7.143726281907200E-03,  2.347701284714296E+00,  3.388592812129799E+02,  1.487649159548963E+01,  2.461692813997112E+06,  5.030959497238839E+01,  2.938933374855351E+02,  2.937176458406157E+02,  7.155715599323222E-03,  7.167704916739244E-03,  7.155692670505103E+00,
2461692.500000000, A.D. 2027-Oct-14 00:00:00.0000,  2.058845495988056E-03,  7.143585317943549E-03,  2.347723162612933E+00,  3.388586662533360E+02,  1.359139381534841E+01,  2.461692788355249E+06,  5.028210766425585E+01,  3.455008903166753E+02,  3.454416751193095E+02,  7.158323199421507E-03,  7.173061080899463E-03,  7.159604414432968E+00,
2461693.500000000, A.D. 2027-Oct-15 00:00:00.0000,  1.675581387561974E-03,  7.143357840284267E-03,  2.347745461298510E+00,  3.388589810725121E+02,  1.856557405850534E+01,  2.461692886826777E+06,  5.031348030017280E+01,  3.085087888856477E+01,  3.094951867188946E+01,  7.155347206885669E-03,  7.167336573487070E-03,  7.155140090731579E+00,
2461694.500000000, A.D. 2027-Oct-16 00:00:00.0000,  1.729101534045545E-03,  7.143911763240724E-03,  2.347741763875834E+00,  3.388582741345647E+02,  2.168187197548179E+01,  2.461692948560982E+06,  5.030358318953706E+01,  7.804294170357807E+01,  7.823686958820413E+01,  7.156285707836212E-03,  7.168659652431699E-03,  7.156547847567219E+00,
2461695.500000000, A.D. 2027-Oct-17 00:00:00.0000,  1.497689482041674E-03,  7.145609790424685E-03,  2.347763863824693E+00,  3.388575713245193E+02,  2.015455760627035E+01,  2.461692917579726E+06,  5.030313993245823E+01,  1.299038484208200E+02,  1.300353458367301E+02,  7.156327747221742E-03,  7.167045704018800E-03,  7.156610909048027E+00,
2461696.500000000, A.D. 2027-Oct-18 00:00:00.0000,  1.505234029212089E-03,  7.145624098998223E-03,  2.347772928301647E+00,  3.388573128933857E+02,  2.286393651405265E+01,  2.461692971591194E+06,  5.030241871746632E+01,  1.774874971660304E+02,  1.774950443638463E+02,  7.156396150009741E-03,  7.167168201021258E-03,  7.156713517535062E+00,
2461697.500000000, A.D. 2027-Oct-19 00:00:00.0000,  1.405515498212744E-03,  7.148314847920775E-03,  2.347728385096560E+00,  3.388563722275824E+02,  1.162112411873484E+01,  2.461699905469872E+06,  5.028155074550840E+01,  2.390492445539897E+02,  2.389112425948533E+02,  7.158376056410093E-03,  7.168437264899411E-03,  7.159683714252954E+00,
2461698.500000000, A.D. 2027-Oct-20 00:00:00.0000,  1.691806300626030E-03,  7.143373044915414E-03,  2.347746907062085E+00,  3.388549121436490E+02,  2.326644109022159E+01,  2.461700135249638E+06,  5.031209311824410E+01,  2.777271679643043E+02,  2.775350073600906E+02,  7.155478728912984E-03,  7.167584412910552E-03,  7.155337368968600E+00,
2461699.500000000, A.D. 2027-Oct-21 00:00:00.0000,  2.067276061980598E-03,  7.143401066499827E-03,  2.347770117186333E+00,  3.388540825180376E+02,  1.873343455440203E+01,  2.461700045210802E+06,  5.028341588926925E+01,  3.325849384896517E+02,  3.324756146942767E+02,  7.158199040022160E-03,  7.172997013544492E-03,  7.159418142808113E+00,
2461700.500000000, A.D. 2027-Oct-22 00:00:00.0000,  1.792547725847113E-03,  7.142815444882046E-03,  2.347786708008919E+00,  3.388543021047854E+02,  2.659775332760910E+01,  2.461700200928374E+06,  5.031036826103040E+01,  1.504640366425623E+01,  1.509984419713238E+01,  7.155642275169376E-03,  7.168469105456706E-03,  7.155582684908513E+00,
2461701.500000000, A.D. 2027-Oct-23 00:00:00.0000,  1.860338653591486E-03,  7.143022455912014E-03,  2.347780811299524E+00,  3.388536475196152E+02,  2.790038388330071E+01,  2.461700226764210E+06,  5.030305646231828E+01,  6.404765180796362E+01,  6.423952847430492E+01,  7.156335663765393E-03,  7.169648871618772E-03,  7.156622784336650E+00,
2461702.500000000, A.D. 2027-Oct-24 00:00:00.0000,  1.637681903669928E-03,  7.144718263175923E-03,  2.347797584513076E+00,  3.388528955201492E+02,  2.849542588777060E+01,  2.461700237978979E+06,  5.030197502234373E+01,  1.137841248628404E+02,  1.139557093905304E+02,  7.156438232564124E-03,  7.168158201952326E-03,  7.156776644258817E+00,
2461703.500000000, A.D. 2027-Oct-25 00:00:00.0000,  1.708900285312922E-03,  7.143543506262535E-03,  2.347817918020698E+00,  3.388525994834158E+02,  2.743282030740706E+01,  2.461700217331974E+06,  5.030900010027167E+01,  1.651477460582061E+02,  1.651978380685505E+02,  7.155772007087080E-03,  7.168000507911627E-03,  7.155777282046517E+00,
2461704.500000000, A.D. 2027-Oct-26 00:00:00.0000,  1.480847598785092E-03,  7.147699643858283E-03,  2.347780547533775E+00,  3.388519978138154E+02,  1.687185545532979E+01,  2.461707164298828E+06,  5.028235215468506E+01,  2.260327880657455E+02,  2.259108108147226E+02,  7.158299995217582E-03,  7.168900346576882E-03,  7.159569601925573E+00,
2461705.500000000, A.D. 2027-Oct-27 00:00:00.0000,  1.817423597969643E-03,  7.142493520160127E-03,  2.347790458653113E+00,  3.388509048543152E+02,  2.511844166438442E+01,  2.461707326407166E+06,  5.031188890628368E+01,  2.681100055915635E+02,  2.679018735362820E+02,  7.155498091246383E-03,  7.168502662332640E-03,  7.155366411914579E+00,
2461706.500000000, A.D. 2027-Oct-28 00:00:00.0000,  2.151114530467789E-03,  7.142713443122927E-03,  2.347817406181279E+00,  3.388497909788344E+02,  1.938775720229157E+01,  2.461707212654582E+06,  5.028433977270100E+01,  3.241646348389784E+02,  3.240200045522570E+02,  7.158111360481166E-03,  7.173509277839405E-03,  7.159286601500561E+00,
2461707.500000000, A.D. 2027-Oct-29 00:00:00.0000,  1.961713519334798E-03,  7.141805627757057E-03,  2.347831080773473E+00,  3.388499474066335E+02,  2.832057938143643E+01,  2.461707389476046E+06,  5.030824782027890E+01,  5.560266471846730E+00,  5.582100829316776E+00,  7.155843342384055E-03,  7.169881057011052E-03,  7.155884285337534E+00,
2461708.500000000, A.D. 2027-Oct-30 00:00:00.0000,  2.048700617556313E-03,  7.141870225517371E-03,  2.347815722843486E+00,  3.388488716198581E+02,  2.896726933672856E+01,  2.461707402327768E+06,  5.030098834679873E+01,  5.521399813916322E+01,  5.540708870032155E+01,  7.156531816669743E-03,  7.171193407822115E-03,  7.156917027514255E+00,
2461709.500000000, A.D. 2027-Oct-31 00:00:00.0000,  1.898971722760520E-03,  7.143298184737141E-03,  2.347847877364883E+00,  3.388466624609840E+02,  3.099940226014688E+01,  2.461707442147065E+06,  5.029722369178945E+01,  1.035042893825697E+02,  1.037157615313788E+02,  7.156888914408540E-03,  7.170479644079940E-03,  7.157452709636667E+00,
2461710.500000000, A.D. 2027-Nov-01 00:00:00.0000,  2.025870270249658E-03,  7.140982283261225E-03,  2.347895788795017E+00,  3.388459981205374E+02,  2.748825996810565E+01,  2.461707373186372E+06,  5.031209707106238E+01,  1.573165507753430E+02,  1.574058673405666E+02,  7.155478354128267E-03,  7.169974424995310E-03,  7.155336806802641E+00,
2461711.500000000, A.D. 2027-Nov-02 00:00:00.0000,  1.734051009721546E-03,  7.145755715540985E-03,  2.347858023762602E+00,  3.388455045155274E+02,  1.980550937584757E+01,  2.461714377177151E+06,  5.028373932529274E+01,  2.153247741283962E+02,  2.152100822328929E+02,  7.158168344586671E-03,  7.170580973632358E-03,  7.159372091862705E+00,
2461712.500000000, A.D. 2027-Nov-03 00:00:00.0000,  2.102571012880488E-03,  7.140495793184085E-03,  2.347861114712689E+00,  3.388446422194332E+02,  2.433721456881356E+01,  2.461714465370322E+06,  5.031143819438882E+01,  2.611193925061099E+02,  2.608814411561243E+02,  7.155540825906120E-03,  7.170585858628153E-03,  7.155430512820251E+00,
2461713.500000000, A.D. 2027-Nov-04 00:00:00.0000,  2.402357156790464E-03,  7.141022085130888E-03,  2.347887766859747E+00,  3.388432706261815E+02,  1.792581252623619E+01,  2.461714338207239E+06,  5.028320891402395E+01,  3.178522502827663E+02,  3.176671066233889E+02,  7.158218683013896E-03,  7.175415280896904E-03,  7.159447612333990E+00,
2461714.500000000, A.D. 2027-Nov-05 00:00:00.0000,  2.272537874935130E-03,  7.139929286602962E-03,  2.347900903517002E+00,  3.388434106762483E+02,  2.593191444610244E+01,  2.461714496575054E+06,  5.030457121268007E+01,  1.722904559328048E-01,  1.730757584484132E-01,  7.156192003972296E-03,  7.172454721341631E-03,  7.156407287082814E+00,
2461715.500000000, A.D. 2027-Nov-06 00:00:00.0000,  2.263779401724343E-03,  7.139869133828991E-03,  2.347898535437290E+00,  3.388430644726923E+02,  2.514091366489804E+01,  2.461714480960809E+06,  5.030586933344347E+01,  5.126365238262765E+01,  5.146635938721267E+01,  7.156068895191245E-03,  7.172268656553498E-03,  7.156222619150149E+00,
2461716.500000000, A.D. 2027-Nov-07 00:00:00.0000,  2.069186836579494E-03,  7.141852980192210E-03,  2.347905594269324E+00,  3.388422260602799E+02,  2.834223290044574E+01,  2.461714543849229E+06,  5.029962165200365E+01,  9.839364366226071E+01,  9.862812601081509E+01,  7.156661449858112E-03,  7.171469919524013E-03,  7.157111488643964E+00,
2461717.500000000, A.D. 2027-Nov-08 00:00:00.0000,  2.161440625235260E-03,  7.139835436561671E-03,  2.347938987771275E+00,  3.388416751095378E+02,  2.483041838632546E+01,  2.461714474775177E+06,  5.031396560662018E+01,  1.522110576795316E+02,  1.523262559148574E+02,  7.155301195250882E-03,  7.170766953940092E-03,  7.155071075388106E+00,
2461718.500000000, A.D. 2027-Nov-09 00:00:00.0000,  1.818949422265506E-03,  7.145171023617998E-03,  2.347899971549119E+00,  3.388412864491174E+02,  1.935750190830219E+01,  2.461721522730646E+06,  5.028349626759765E+01,  2.080065348573463E+02,  2.079088551232606E+02,  7.158191411750869E-03,  7.171211799883739E-03,  7.159406698455486E+00,
2461719.500000000, A.D. 2027-Nov-10 00:00:00.0000,  2.211020572574356E-03,  7.139754827456059E-03,  2.347898509398946E+00,  3.388406343635214E+02,  2.218283385885706E+01,  2.461721576900853E+06,  5.031106772162723E+01,  2.555089005521124E+02,  2.552637669387594E+02,  7.155575953096975E-03,  7.171397078737892E-03,  7.155483202858895E+00,
2461720.500000000, A.D. 2027-Nov-11 00:00:00.0000,  2.489194437779679E-03,  7.140457161405167E-03,  2.347926462935646E+00,  3.388389069787748E+02,  1.523051295872966E+01,  2.461721439047809E+06,  5.028261023981123E+01,  3.127822250229814E+02,  3.125724324461273E+02,  7.158275500966268E-03,  7.176093840527369E-03,  7.159532854063533E+00,
2461721.500000000, A.D. 2027-Nov-12 00:00:00.0000,  2.449803155773252E-03,  7.139359264251350E-03,  2.347938731874422E+00,  3.388389806258473E+02,  2.154857072000830E+01,  2.461721563954823E+06,  5.029718861910932E+01,  3.567832522122890E+02,  3.567674513891791E+02,  7.156892241449983E-03,  7.174425218648616E-03,  7.157457700592551E+00,
2461722.500000000, A.D. 2027-Nov-13 00:00:00.0000,  2.355735442057200E-03,  7.139103839248806E-03,  2.347930879481072E+00,  3.388385464189283E+02,  1.890498215343242E+01,  2.461721511678107E+06,  5.030700295598216E+01,  4.971951242089788E+01,  4.992584454350978E+01,  7.155961391119858E-03,  7.172818942990911E-03,  7.156061360184672E+00,
2461723.500000000, A.D. 2027-Nov-14 00:00:00.0000,  2.155696497278199E-03,  7.141164692399264E-03,  2.347932264039848E+00,  3.388375965791197E+02,  2.210955587821677E+01,  2.461721574604698E+06,  5.030035243709174E+01,  9.684806223901228E+01,  9.709324502103100E+01,  7.156592132992806E-03,  7.172019573586347E-03,  7.157007507059415E+00,
2461724.500000000, A.D. 2027-Nov-15 00:00:00.0000,  2.233882702570216E-03,  7.139085658645529E-03,  2.347964887227445E+00,  3.388369382739891E+02,  1.793208444729220E+01,  2.461721492313464E+06,  5.031641222414650E+01,  1.513359955850154E+02,  1.514584838421314E+02,  7.155069244065542E-03,  7.171052829485555E-03,  7.154723162619263E+00,
2461725.500000000, A.D. 2027-Nov-16 00:00:00.0000,  1.842904899255651E-03,  7.145093284740412E-03,  2.347922159953423E+00,  3.388366218146342E+02,  1.347063569950258E+01,  2.461728560353439E+06,  5.028250674032012E+01,  2.061177575647874E+02,  2.060249837972340E+02,  7.158285323833975E-03,  7.171477362927538E-03,  7.159547590958232E+00,
2461726.500000000, A.D. 2027-Nov-17 00:00:00.0000,  2.217025003995253E-03,  7.140000306835475E-03,  2.347915739704287E+00,  3.388360813793733E+02,  1.544954378330536E+01,  2.461728597788632E+06,  5.030801902292495E+01,  2.544644096066371E+02,  2.542198215384891E+02,  7.155865038551158E-03,  7.171729770266841E-03,  7.155916829799062E+00,
2461727.500000000, A.D. 2027-Nov-18 00:00:00.0000,  2.455964908935859E-03,  7.140513954213949E-03,  2.347937948979784E+00,  3.388341651015945E+02,  9.656482689726923E+00,  2.461728482892075E+06,  5.028452289553000E+01,  3.105757409750294E+02,  3.103615523899106E+02,  7.158093981848234E-03,  7.175674009482520E-03,  7.159260529287072E+00,
2461728.500000000, A.D. 2027-Nov-19 00:00:00.0000,  2.436300593815189E-03,  7.139199038549432E-03,  2.347948435104960E+00,  3.388342350825435E+02,  1.739473289504029E+01,  2.461728635883878E+06,  5.029990311623283E+01,  3.531650541312259E+02,  3.531317283450728E+02,  7.156634752045560E-03,  7.174070465541688E-03,  7.157071439444193E+00,
2461729.500000000, A.D. 2027-Nov-20 00:00:00.0000,  2.324143833417605E-03,  7.139028464398504E-03,  2.347958561876458E+00,  3.388341895713916E+02,  1.593307257461020E+01,  2.461728606999503E+06,  5.031018928515934E+01,  4.492702402926705E+01,  4.511549312023546E+01,  7.155659245708454E-03,  7.172290027018404E-03,  7.155608140520235E+00,
2461730.500000000, A.D. 2027-Nov-21 00:00:00.0000,  2.173008622090065E-03,  7.141193646900384E-03,  2.347955824716643E+00,  3.388334367801862E+02,  2.081862709808905E+01,  2.461728703267571E+06,  5.029873750041473E+01,  9.037337279816506E+01,  9.062237076557612E+01,  7.156745316178542E-03,  7.172296985456700E-03,  7.157237296403944E+00,
2461731.500000000, A.D. 2027-Nov-22 00:00:00.0000,  2.241115857826867E-03,  7.138925782378368E-03,  2.347989064531367E+00,  3.388326395715934E+02,  1.561810136793315E+01,  2.461728600700160E+06,  5.031755532867250E+01,  1.458856800854815E+02,  1.460293791224742E+02,  7.154960878665676E-03,  7.170995974952984E-03,  7.154560622997137E+00,
2461732.500000000, A.D. 2027-Nov-23 00:00:00.0000,  1.822348317908094E-03,  7.145242704246970E-03,  2.347949055293885E+00,  3.388324156260509E+02,  1.284627669553353E+01,  2.461735702384914E+06,  5.028248278253839E+01,  1.989761357048521E+02,  1.989083769312530E+02,  7.158287597609575E-03,  7.171332490972179E-03,  7.159551002223328E+00,
2461733.500000000, A.D. 2027-Nov-24 00:00:00.0000,  2.154723455843832E-03,  7.140928750005089E-03,  2.347929604714009E+00,  3.388314985630578E+02,  1.232291579224944E+01,  2.461735690262855E+06,  5.030291898645095E+01,  2.498233850518111E+02,  2.495918397760574E+02,  7.156348702412374E-03,  7.171768654819659E-03,  7.156642343100719E+00,
2461734.500000000, A.D. 2027-Nov-25 00:00:00.0000,  2.303838891712602E-03,  7.141751989952614E-03,  2.347962959354810E+00,  3.388280319212642E+02,  6.622551677910201E+00,  2.461735577251993E+06,  5.028294816539527E+01,  3.058325938667074E+02,  3.056181995846708E+02,  7.158243429561985E-03,  7.174734869171356E-03,  7.159484738560975E+00,
2461735.500000000, A.D. 2027-Nov-26 00:00:00.0000,  2.302015770806316E-03,  7.140241974960468E-03,  2.347990838771203E+00,  3.388277942094467E+02,  1.526552463673181E+01,  2.461735748174174E+06,  5.029903759893846E+01,  3.475170779024380E+02,  3.474598991054697E+02,  7.156716850016401E-03,  7.173191725072334E-03,  7.157194594267895E+00,
2461736.500000000, A.D. 2027-Nov-27 00:00:00.0000,  2.131112474836025E-03,  7.140084353111730E-03,  2.348009575503202E+00,  3.388278298983336E+02,  1.425452736082390E+01,  2.461735728199132E+06,  5.031362832244223E+01,  3.883210202188705E+01,  3.898554819444733E+01,  7.155333172898102E-03,  7.170581992684472E-03,  7.155119040369885E+00,
2461737.500000000, A.D. 2027-Nov-28 00:00:00.0000,  2.033491180926319E-03,  7.142281904892922E-03,  2.348002751299688E+00,  3.388271164064137E+02,  2.120364743604459E+01,  2.461735865425162E+06,  5.029778923990433E+01,  8.221550070474969E+01,  8.244645311797325E+01,  7.156835266290265E-03,  7.171388627687609E-03,  7.157372231270751E+00,
2461738.500000000, A.D. 2027-Nov-29 00:00:00.0000,  2.065515430380596E-03,  7.140270676685242E-03,  2.348033246681745E+00,  3.388262181820392E+02,  1.543235184098116E+01,  2.461735751427423E+06,  5.031662005121873E+01,  1.382988820473284E+02,  1.384560361217243E+02,  7.155049541919215E-03,  7.169828407153188E-03,  7.154693610849569E+00,
2461739.500000000, A.D. 2027-Nov-30 00:00:00.0000,  1.646983440204607E-03,  7.146584010027618E-03,  2.348000979801781E+00,  3.388260935768700E+02,  1.561702120205650E+01,  2.461742912243586E+06,  5.028157522525076E+01,  1.884270174159874E+02,  1.883994152882775E+02,  7.158373733024704E-03,  7.170163456021792E-03,  7.159680228538516E+00,
2461740.500000000, A.D. 2027-Dec-01 00:00:00.0000,  2.007981867824441E-03,  7.141841701766814E-03,  2.347990569434960E+00,  3.388258386080400E+02,  1.356157589577405E+01,  2.461742869418292E+06,  5.030436833924104E+01,  2.408079094946075E+02,  2.406072826070029E+02,  7.156211244187467E-03,  7.170580786608119E-03,  7.156436148293187E+00,
2461741.500000000, A.D. 2027-Dec-02 00:00:00.0000,  2.179446274798791E-03,  7.142132650209946E-03,  2.347998941941098E+00,  3.388237069219146E+02,  8.186839805076170E+00,  2.461742762721424E+06,  5.028833170765763E+01,  2.964998461983283E+02,  2.962760680538206E+02,  7.157732543738402E-03,  7.173332437266860E-03,  7.158718290612556E+00,
2461742.500000000, A.D. 2027-Dec-03 00:00:00.0000,  2.311530650913135E-03,  7.140389705538734E-03,  2.348004730695932E+00,  3.388237268351855E+02,  1.563284292862203E+01,  2.461742909874884E+06,  5.029675710322587E+01,  3.393846225254288E+02,  3.392911066642106E+02,  7.156933175941458E-03,  7.173476646344184E-03,  7.157519107268862E+00,
2461743.500000000, A.D. 2027-Dec-04 00:00:00.0000,  2.099880544441733E-03,  7.140210120394050E-03,  2.348029037159336E+00,  3.388237850654790E+02,  1.514208530324736E+01,  2.461742900200831E+06,  5.031466107355150E+01,  3.017869190893698E+01,  3.029993052088970E+01,  7.155235259706812E-03,  7.170260399019573E-03,  7.154972175480644E+00,
2461744.500000000, A.D. 2027-Dec-05 00:00:00.0000,  2.061187715785569E-03,  7.142139182356757E-03,  2.348019132090402E+00,  3.388231293614583E+02,  2.256922479186608E+01,  2.461743046982757E+06,  5.029720299305738E+01,  7.308270320937903E+01,  7.330884573640066E+01,  7.156890877917538E-03,  7.171642573478319E-03,  7.157455655132384E+00,
2461745.500000000, A.D. 2027-Dec-06 00:00:00.0000,  2.036719970699369E-03,  7.140545058139798E-03,  2.348048542108678E+00,  3.388220538068750E+02,  1.674652514133831E+01,  2.461742931827615E+06,  5.031589761519667E+01,  1.292198988117304E+02,  1.294004216575576E+02,  7.155118029924057E-03,  7.169691001708316E-03,  7.154796337992209E+00,
2461746.500000000, A.D. 2027-Dec-07 00:00:00.0000,  1.612176793238557E-03,  7.147202957741388E-03,  2.348025996474904E+00,  3.388219316083083E+02,  2.179852382813318E+01,  2.461743029841262E+06,  5.027767300239474E+01,  1.744715063085349E+02,  1.744892688468817E+02,  7.158744118878577E-03,  7.170285280015767E-03,  7.160235915907504E+00,
2461747.500000000, A.D. 2027-Dec-08 00:00:00.0000,  1.962447712297716E-03,  7.142392303382627E-03,  2.348004595993555E+00,  3.388215601097317E+02,  1.831357746407488E+01,  2.461750118670123E+06,  5.030199396741217E+01,  2.282756712887093E+02,  2.281081047041742E+02,  7.156436435694060E-03,  7.170480568005493E-03,  7.156773948826436E+00,
2461748.500000000, A.D. 2027-Dec-09 00:00:00.0000,  2.116035616543621E-03,  7.142211453106332E-03,  2.348004388061566E+00,  3.388193565327967E+02,  1.394190095286778E+01,  2.461750031718445E+06,  5.029229310151316E+01,  2.829663669915180E+02,  2.827299302857268E+02,  7.157356674750410E-03,  7.172501896394489E-03,  7.158154416887556E+00,
2461749.500000000, A.D. 2027-Dec-10 00:00:00.0000,  2.358362763446441E-03,  7.140155481154161E-03,  2.348004839930915E+00,  3.388194041753286E+02,  1.956881277166078E+01,  2.461750142720174E+06,  5.029569043833943E+01,  3.276739451042733E+02,  3.275290726409593E+02,  7.157034364496097E-03,  7.173913247838034E-03,  7.157670903063673E+00,
2461750.500000000, A.D. 2027-Dec-11 00:00:00.0000,  2.139597085690988E-03,  7.139911134012119E-03,  2.348029270386204E+00,  3.388194122632341E+02,  2.052192041720047E+01,  2.461750161631459E+06,  5.031481757093654E+01,  1.702495138883688E+01,  1.709692112443528E+01,  7.155220422776167E-03,  7.170529711540215E-03,  7.154949920914501E+00,
2461751.500000000, A.D. 2027-Dec-12 00:00:00.0000,  2.209427540271007E-03,  7.141350029626837E-03,  2.348014847913587E+00,  3.388187434075684E+02,  2.765564168227034E+01,  2.461750302699951E+06,  5.029433172488542E+01,  6.021740585849263E+01,  6.043744774364759E+01,  7.157163263250881E-03,  7.172976496874926E-03,  7.157864269262643E+00,
2461752.500000000, A.D. 2027-Dec-13 00:00:00.0000,  2.137731298233045E-03,  7.139785251821599E-03,  2.348038288831947E+00,  3.388176121785528E+02,  2.136524602536113E+01,  2.461750178252618E+06,  5.031628935522054E+01,  1.168217130711948E+02,  1.170400605346858E+02,  7.155080892186214E-03,  7.170376532550830E-03,  7.154740633962278E+00,
2461753.500000000, A.D. 2027-Dec-14 00:00:00.0000,  1.802474876812150E-03,  7.145306347036647E-03,  2.348026338544787E+00,  3.388174789491449E+02,  2.698586707050894E+01,  2.461750288020035E+06,  5.028331264262360E+01,  1.615089927899755E+02,  1.615743611135044E+02,  7.158208838631255E-03,  7.171111330225862E-03,  7.159432843229967E+00,
2461754.500000000, A.D. 2027-Dec-15 00:00:00.0000,  2.060541634838120E-03,  7.141705445027987E-03,  2.348016018662165E+00,  3.388174345779593E+02,  1.986402715741530E+01,  2.461757303898183E+06,  5.030183396329824E+01,  2.189587791702032E+02,  2.188106126116987E+02,  7.156451611531250E-03,  7.171197778034514E-03,  7.156796713667877E+00,
2461755.500000000, A.D. 2027-Dec-16 00:00:00.0000,  2.188069271455250E-03,  7.141529932154626E-03,  2.348009819629256E+00,  3.388155313041977E+02,  1.563285126243974E+01,  2.461757219716119E+06,  5.029404610281632E+01,  2.735085182514772E+02,  2.732582128313366E+02,  7.157190360452288E-03,  7.172850788749949E-03,  7.157904919084269E+00,
2461756.500000000, A.D. 2027-Dec-17 00:00:00.0000,  2.476434152529080E-03,  7.139485561952701E-03,  2.348009366090829E+00,  3.388155556588191E+02,  1.923700007578361E+01,  2.461757290579008E+06,  5.029383992324274E+01,  3.202387458931607E+02,  3.200568114486065E+02,  7.157209921037979E-03,  7.174934280123257E-03,  7.157934262912186E+00,
2461757.500000000, A.D. 2027-Dec-18 00:00:00.0000,  2.237792275094058E-03,  7.139101746944242E-03,  2.348037543671225E+00,  3.388155154939176E+02,  2.153255260156465E+01,  2.461757336051135E+06,  5.031594640583016E+01,  8.249242318185541E+00,  8.286137199531066E+00,  7.155113404448137E-03,  7.171125061952032E-03,  7.154789400091388E+00,
2461758.500000000, A.D. 2027-Dec-19 00:00:00.0000,  2.413404706310519E-03,  7.140252319416941E-03,  2.348011382279892E+00,  3.388144653557104E+02,  2.819554808836671E+01,  2.461757467826208E+06,  5.029050502066504E+01,  5.190854127112339E+01,  5.212660343605892E+01,  7.157526327140403E-03,  7.174800334863866E-03,  7.158408925344281E+00,
2461759.500000000, A.D. 2027-Dec-20 00:00:00.0000,  2.349879411277042E-03,  7.138605160328410E-03,  2.348045530314959E+00,  3.388118870794226E+02,  2.257754287586359E+01,  2.461757356731767E+06,  5.031271745435829E+01,  1.078336490425386E+02,  1.080897553291271E+02,  7.155419533368924E-03,  7.172233906409438E-03,  7.155248577590304E+00,
2461760.500000000, A.D. 2027-Dec-21 00:00:00.0000,  2.117835537092887E-03,  7.142820253647235E-03,  2.348065401011747E+00,  3.388113259095600E+02,  2.767306436548940E+01,  2.461757456542443E+06,  5.028572737684291E+01,  1.530424769925890E+02,  1.531522347454315E+02,  7.157979677381784E-03,  7.173139101116333E-03,  7.159089045329861E+00,
2461761.500000000, A.D. 2027-Dec-22 00:00:00.0000,  2.311516158789835E-03,  7.139924501054741E-03,  2.348056346307339E+00,  3.388113402647581E+02,  1.988820693365209E+01,  2.461764458958596E+06,  5.030167393567248E+01,  2.111594295399861E+02,  2.110227130873644E+02,  7.156466789678927E-03,  7.173009078303112E-03,  7.156819481999356E+00,
2461762.500000000, A.D. 2027-Dec-23 00:00:00.0000,  2.435133126583718E-03,  7.139561298340919E-03,  2.348044926655242E+00,  3.388096304639701E+02,  1.613664767877521E+01,  2.461764384219005E+06,  5.029616314920095E+01,  2.652310134976023E+02,  2.649530052968313E+02,  7.156989520609167E-03,  7.174417742877415E-03,  7.157603631356108E+00,
2461763.500000000, A.D. 2027-Dec-24 00:00:00.0000,  2.756632220717327E-03,  7.137842430119314E-03,  2.348042866646930E+00,  3.388096349750286E+02,  1.706373875909499E+01,  2.461764402034525E+06,  5.029001072909188E+01,  3.146366740553317E+02,  3.144113515720388E+02,  7.157573227099280E-03,  7.177304024079245E-03,  7.158479284072738E+00,
2461764.500000000, A.D. 2027-Dec-25 00:00:00.0000,  2.496067686446299E-03,  7.137334526342408E-03,  2.348075160275496E+00,  3.388095516280755E+02,  1.980686048681948E+01,  2.461764456334804E+06,  5.031509231176137E+01,  2.197018364771487E+00,  2.208017779815354E+00,  7.155194375814119E-03,  7.173054225285831E-03,  7.154910851984036E+00,
2461765.500000000, A.D. 2027-Dec-26 00:00:00.0000,  2.661773547865489E-03,  7.138248691589623E-03,  2.348058934662170E+00,  3.388090850745749E+02,  2.459483895581562E+01,  2.461764550979513E+06,  5.029289253619873E+01,  4.772898538809496E+01,  4.795519473146676E+01,  7.157299802879069E-03,  7.176350914168516E-03,  7.158069099741817E+00,
2461766.500000000, A.D. 2027-Dec-27 00:00:00.0000,  2.497494422393276E-03,  7.137166598239451E-03,  2.348069748971525E+00,  3.388079527665242E+02,  1.950732722429625E+01,  2.461764450289447E+06,  5.031676014095658E+01,  1.031347942501553E+02,  1.034133000416328E+02,  7.155036261394304E-03,  7.172905924549157E-03,  7.154673691062413E+00,
2461767.500000000, A.D. 2027-Dec-28 00:00:00.0000,  2.266014720706810E-03,  7.141565344512532E-03,  2.348075688476126E+00,  3.388075803582214E+02,  2.542301394479377E+01,  2.461764566366563E+06,  5.028777899536944E+01,  1.475259099621036E+02,  1.476649969066364E+02,  7.157784990669041E-03,  7.174004636825551E-03,  7.158796971986955E+00,
2461768.500000000, A.D. 2027-Dec-29 00:00:00.0000,  2.379825620550608E-03,  7.139646352489208E-03,  2.348063446931146E+00,  3.388076219207614E+02,  1.767682614846981E+01,  2.461771569533955E+06,  5.029944719140880E+01,  2.056041389456983E+02,  2.054866033951865E+02,  7.156677998147229E-03,  7.173709643805251E-03,  7.157136312652921E+00,
2461769.500000000, A.D. 2027-Dec-30 00:00:00.0000,  2.521992702936220E-03,  7.138715072726023E-03,  2.348049181955857E+00,  3.388061529004436E+02,  1.479870322385343E+01,  2.461771511944371E+06,  5.029853652291418E+01,  2.588021425593100E+02,  2.585188199386526E+02,  7.156764380269698E-03,  7.174813687813373E-03,  7.157265894525522E+00,
2461770.500000000, A.D. 2027-Dec-31 00:00:00.0000,  2.866340181519520E-03,  7.137354162751013E-03,  2.348049243125311E+00,  3.388059934365165E+02,  1.372018914961301E+01,  2.461771490048977E+06,  5.028687201548230E+01,  3.102135338194768E+02,  3.099621279791692E+02,  7.157871056173456E-03,  7.178387949595901E-03,  7.158926088883860E+00,
2461771.500000000, A.D. 2028-Jan-01 00:00:00.0000,  2.629761701776781E-03,  7.136800092555759E-03,  2.348085538194352E+00,  3.388058011889707E+02,  1.609139311079925E+01,  2.461771536973048E+06,  5.031062784175828E+01,  3.581398627436085E+02,  3.581300487875714E+02,  7.155617661835412E-03,  7.174435231115064E-03,  7.155545765246774E+00,
2461772.500000000, A.D. 2028-Jan-02 00:00:00.0000,  2.786268855515948E-03,  7.137461602795375E-03,  2.348060189614578E+00,  3.388052191400911E+02,  1.878653826975589E+01,  2.461771590226255E+06,  5.029179372058687E+01,  4.575415348790886E+01,  4.598342909380920E+01,  7.157404054799607E-03,  7.177346506803840E-03,  7.158225495000281E+00,
2461773.500000000, A.D. 2028-Jan-03 00:00:00.0000,  2.574774750262169E-03,  7.136465560775685E-03,  2.348063790357423E+00,  3.388040230595838E+02,  1.345834778982007E+01,  2.461771484735179E+06,  5.031832638785210E+01,  1.014047530189105E+02,  1.016937895145442E+02,  7.154887785185942E-03,  7.173310009596199E-03,  7.154450989190919E+00,
2461774.500000000, A.D. 2028-Jan-04 00:00:00.0000,  2.357198345033788E-03,  7.140621872438157E-03,  2.348073548922676E+00,  3.388035080741770E+02,  1.901009434165309E+01,  2.461771593664815E+06,  5.029085095462887E+01,  1.461620696353891E+02,  1.463121145778427E+02,  7.157493504281040E-03,  7.174365136123922E-03,  7.158359685040583E+00,
2461775.500000000, A.D. 2028-Jan-05 00:00:00.0000,  2.389682503524958E-03,  7.139856828458996E-03,  2.348054049823005E+00,  3.388035528065236E+02,  1.137028546725546E+01,  2.461778598929969E+06,  5.029647760739184E+01,  2.041347382035485E+02,  2.040230749966413E+02,  7.156959689808163E-03,  7.174062551157329E-03,  7.157558881361751E+00,
2461776.500000000, A.D. 2028-Jan-06 00:00:00.0000,  2.538626182517078E-03,  7.138601039186977E-03,  2.348036931935988E+00,  3.388022768792408E+02,  9.211489548613024E+00,  2.461778555526287E+06,  5.029848358966683E+01,  2.566101447692964E+02,  2.563273563051665E+02,  7.156769401371536E-03,  7.174937763556095E-03,  7.157273426707387E+00,
2461777.500000000, A.D. 2028-Jan-07 00:00:00.0000,  2.863057656277654E-03,  7.137517240650874E-03,  2.348035170096181E+00,  3.388020271051348E+02,  7.553742517332362E+00,  2.461778522212142E+06,  5.028539689997847E+01,  3.085976567466292E+02,  3.083406725464980E+02,  7.158011038959687E-03,  7.178504837268500E-03,  7.159136095039037E+00,
2461778.500000000, A.D. 2028-Jan-08 00:00:00.0000,  2.577189672302153E-03,  7.136672387816716E-03,  2.348071657255584E+00,  3.388017771006232E+02,  1.197386333411613E+01,  2.461778609646459E+06,  5.031595626496546E+01,  3.544830335563238E+02,  3.544545496175363E+02,  7.155112469777988E-03,  7.173552551739260E-03,  7.154787998149699E+00,
2461779.500000000, A.D. 2028-Jan-09 00:00:00.0000,  2.777511274317797E-03,  7.137329839182363E-03,  2.348062678916328E+00,  3.388015567747885E+02,  1.537757070356002E+01,  2.461778676934059E+06,  5.029384891406458E+01,  4.139515409494362E+01,  4.160616485404962E+01,  7.157209068061554E-03,  7.177088296940745E-03,  7.157932983318099E+00,
2461780.500000000, A.D. 2028-Jan-10 00:00:00.0000,  2.547952058398918E-03,  7.136762037161216E-03,  2.348062143304335E+00,  3.388006749832633E+02,  1.135538351169015E+01,  2.461778597235537E+06,  5.031722054651291E+01,  9.574181915303704E+01,  9.603223428155646E+01,  7.154992615323258E-03,  7.173223193485300E-03,  7.154608225373225E+00,
2461781.500000000, A.D. 2028-Jan-11 00:00:00.0000,  2.386436913614353E-03,  7.140227616849065E-03,  2.348076827052203E+00,  3.387999607195462E+02,  1.682419334829967E+01,  2.461778704759039E+06,  5.029280528272410E+01,  1.405805093664216E+02,  1.407537586084729E+02,  7.157308081055806E-03,  7.174388545262548E-03,  7.158081518345174E+00,
2461782.500000000, A.D. 2028-Jan-12 00:00:00.0000,  2.339639576851833E-03,  7.140428486696488E-03,  2.348055406939877E+00,  3.388000410720752E+02,  9.109965857574439E+00,  2.461785708550906E+06,  5.029422178268011E+01,  1.986284291165502E+02,  1.985430258555329E+02,  7.157173693528268E-03,  7.173918900360049E-03,  7.157879916216809E+00,
2461783.500000000, A.D. 2028-Jan-13 00:00:00.0000,  2.479067675692466E-03,  7.139163677171016E-03,  2.348029630340724E+00,  3.387986225993822E+02,  6.738000420759425E+00,  2.461785660868342E+06,  5.029704219140132E+01,  2.513147138609625E+02,  2.510458746607554E+02,  7.156906131820379E-03,  7.174648586469742E-03,  7.157478537804451E+00,
2461784.500000000, A.D. 2028-Jan-14 00:00:00.0000,  2.734662289717866E-03,  7.138909030784690E-03,  2.348040349817960E+00,  3.387968304378814E+02,  3.348517760326247E+00,  2.461785593380098E+06,  5.028040217511901E+01,  3.050244089488827E+02,  3.047672849703674E+02,  7.158485069957009E-03,  7.178061109129329E-03,  7.159847265067104E+00,
2461785.500000000, A.D. 2028-Jan-15 00:00:00.0000,  2.402098904992003E-03,  7.137797027086586E-03,  2.348097396973914E+00,  3.387961428116424E+02,  9.702370004366930E+00,  2.461785719089497E+06,  5.031731136025261E+01,  3.489760055621064E+02,  3.489232147170171E+02,  7.154984006333433E-03,  7.172170985580280E-03,  7.154595312586127E+00,
2461786.500000000, A.D. 2028-Jan-16 00:00:00.0000,  2.605752522085340E-03,  7.138341511528438E-03,  2.348095959842091E+00,  3.387960048451041E+02,  1.283719111745942E+01,  2.461785781091578E+06,  5.029614904595491E+01,  3.615832514886864E+01,  3.633496727332415E+01,  7.156990858508539E-03,  7.175640205488639E-03,  7.157605638377459E+00,
2461787.500000000, A.D. 2028-Jan-17 00:00:00.0000,  2.352110290004451E-03,  7.138228583834346E-03,  2.348091405179601E+00,  3.387952523872116E+02,  1.013053937654360E+01,  2.461785727353838E+06,  5.031653009782011E+01,  8.919340395400076E+01,  8.946291939232452E+01,  7.155058069545301E-03,  7.171887555256256E-03,  7.154706401656193E+00,
2461788.500000000, A.D. 2028-Jan-18 00:00:00.0000,  2.238986214371042E-03,  7.141240853072281E-03,  2.348107702249555E+00,  3.387943440081853E+02,  1.639363263346008E+01,  2.461785850822743E+06,  5.029325016910202E+01,  1.332357344958194E+02,  1.334222975891809E+02,  7.157265872693829E-03,  7.173290892315377E-03,  7.158018199053841E+00,
2461789.500000000, A.D. 2028-Jan-19 00:00:00.0000,  2.111747259503714E-03,  7.142406351150621E-03,  2.348086860933514E+00,  3.387944828424805E+02,  9.054012456750463E+00,  2.461792862351642E+06,  5.029055877307816E+01,  1.909054571672984E+02,  1.908597940058747E+02,  7.157521226986549E-03,  7.172636102822478E-03,  7.158401274171511E+00,
2461790.500000000, A.D. 2028-Jan-20 00:00:00.0000,  2.316689025766764E-03,  7.139914322461978E-03,  2.348075618245568E+00,  3.387938006019776E+02,  7.622439226196701E+00,  2.461792832918154E+06,  5.030139028966028E+01,  2.426509734517398E+02,  2.424154878026248E+02,  7.156493692863204E-03,  7.173073063264430E-03,  7.156859838802506E+00,
2461791.500000000, A.D. 2028-Jan-21 00:00:00.0000,  2.598218738632281E-03,  7.139613761460616E-03,  2.348069522440745E+00,  3.387932818095713E+02,  2.919884152695916E+00,  2.461792739348275E+06,  5.028327550735492E+01,  2.976815092464000E+02,  2.974174554263950E+02,  7.158212362957160E-03,  7.176810964453704E-03,  7.159438130623430E+00,
2461792.500000000, A.D. 2028-Jan-22 00:00:00.0000,  2.360925006468324E-03,  7.138081483059807E-03,  2.348101063433341E+00,  3.387929065268742E+02,  1.043754601591855E+01,  2.461792888042098E+06,  5.031741860527880E+01,  3.404747233198519E+02,  3.403840498832752E+02,  7.154973839718623E-03,  7.171866196377439E-03,  7.154580063497781E+00,
2461793.500000000, A.D. 2028-Jan-23 00:00:00.0000,  2.585571815714816E-03,  7.138477861116490E-03,  2.348103752463344E+00,  3.387928006414001E+02,  1.234792931978772E+01,  2.461792925835450E+06,  5.029623447828473E+01,  2.887831483133291E+01,  2.902181173679131E+01,  7.156982754010817E-03,  7.175487646905143E-03,  7.157593480590063E+00,
2461794.500000000, A.D. 2028-Jan-24 00:00:00.0000,  2.310035086845970E-03,  7.138618545240117E-03,  2.348096792467478E+00,  3.387921924662127E+02,  1.085718441379484E+01,  2.461792896141471E+06,  5.031559006862396E+01,  8.069908827890988E+01,  8.096043975018816E+01,  7.155147186291997E-03,  7.171675827343877E-03,  7.154840070622376E+00,
2461795.500000000, A.D. 2028-Jan-25 00:00:00.0000,  2.241063743133884E-03,  7.141108163126392E-03,  2.348115146515896E+00,  3.387909984057752E+02,  1.697379752879844E+01,  2.461793016866829E+06,  5.029449485015194E+01,  1.248879284762249E+02,  1.250982426834209E+02,  7.157147787537294E-03,  7.173187411948195E-03,  7.157841053431167E+00,
2461796.500000000, A.D. 2028-Jan-26 00:00:00.0000,  1.997046031019594E-03,  7.143846903851300E-03,  2.348097555380119E+00,  3.387911368109984E+02,  1.210140599547366E+01,  2.461800077995194E+06,  5.028401646626268E+01,  1.800840307309377E+02,  1.800836959404050E+02,  7.158142043007763E-03,  7.172437182164227E-03,  7.159332632896114E+00,
2461797.500000000, A.D. 2028-Jan-27 00:00:00.0000,  2.251324167753079E-03,  7.140323107896064E-03,  2.348082617571686E+00,  3.387905213994713E+02,  1.175552127908047E+01,  2.461800069762497E+06,  5.030201372268394E+01,  2.307357716336676E+02,  2.305363877786062E+02,  7.156434561980393E-03,  7.172546016064723E-03,  7.156771138123567E+00,
2461798.500000000, A.D. 2028-Jan-28 00:00:00.0000,  2.489887238201735E-03,  7.140283330662040E-03,  2.348071554161509E+00,  3.387897497663513E+02,  5.899061323816730E+00,  2.461799953313238E+06,  5.028439406594934E+01,  2.869210244624697E+02,  2.866478103561187E+02,  7.158106207958930E-03,  7.175929085255819E-03,  7.159278871449664E+00,
2461799.500000000, A.D. 2028-Jan-29 00:00:00.0000,  2.353840367334925E-03,  7.138040550450386E-03,  2.348095673768158E+00,  3.387894051945786E+02,  1.500740796965183E+01,  2.461800133385171E+06,  5.031838741075123E+01,  3.281290796060039E+02,  3.279863034748381E+02,  7.154882000526744E-03,  7.171723450603102E-03,  7.154442312733594E+00,
2461800.500000000, A.D. 2028-Jan-30 00:00:00.0000,  2.606740828669458E-03,  7.138342069374339E-03,  2.348098965494761E+00,  3.387892762772193E+02,  1.546957557935280E+01,  2.461800142528200E+06,  5.029606839335976E+01,  1.797942610303411E+01,  1.807191728770526E+01,  7.156998509600038E-03,  7.175654949825738E-03,  7.157617116003610E+00,
2461801.500000000, A.D. 2028-Jan-31 00:00:00.0000,  2.353268100111873E-03,  7.138649080407100E-03,  2.348088084396137E+00,  3.387887161847041E+02,  1.600459492527415E+01,  2.461800152948692E+06,  5.031199679543298E+01,  6.777284111841263E+01,  6.802274464406187E+01,  7.155487861732855E-03,  7.172326643058610E-03,  7.155351067932144E+00,
2461802.500000000, A.D. 2028-Feb-01 00:00:00.0000,  2.361619531619613E-03,  7.140056889289087E-03,  2.348103292437405E+00,  3.387873333625066E+02,  2.049828448115601E+01,  2.461800241766979E+06,  5.029648589915057E+01,  1.135811852954233E+02,  1.138289151228395E+02,  7.156958903221935E-03,  7.173860917154783E-03,  7.157557701383662E+00,
2461803.500000000, A.D. 2028-Feb-02 00:00:00.0000,  2.088465925534569E-03,  7.142940558784415E-03,  2.348088835235486E+00,  3.387874902638450E+02,  1.647764234856630E+01,  2.461800160541440E+06,  5.028667694473372E+01,  1.679302737747659E+02,  1.679801887130487E+02,  7.157889567244344E-03,  7.172838575704273E-03,  7.158953859600799E+00,
2461804.500000000, A.D. 2028-Feb-03 00:00:00.0000,  2.354598590892956E-03,  7.139235115432364E-03,  2.348095562178827E+00,  3.387873454455769E+02,  1.367776210167009E+01,  2.461807262215289E+06,  5.030570138294819E+01,  2.210448224956220E+02,  2.208680400223479E+02,  7.156084822672138E-03,  7.172934529911913E-03,  7.156246510898005E+00,
2461805.500000000, A.D. 2028-Feb-04 00:00:00.0000,  2.517865211958379E-03,  7.140164360057439E-03,  2.348081763983197E+00,  3.387866930174762E+02,  6.035207851861146E+00,  2.461807110558332E+06,  5.028353525286521E+01,  2.790154333082738E+02,  2.787303321816155E+02,  7.158187711877845E-03,  7.176211063698250E-03,  7.159401147704443E+00,
2461806.500000000, A.D. 2028-Feb-05 00:00:00.0000,  2.449965316274998E-03,  7.137392396318941E-03,  2.348101150127067E+00,  3.387863813437992E+02,  1.556642190236528E+01,  2.461807298873354E+06,  5.031796855297519E+01,  3.198023156872855E+02,  3.196206906037920E+02,  7.154921706340140E-03,  7.172451016361338E-03,  7.154501867876260E+00,
2461807.500000000, A.D. 2028-Feb-06 00:00:00.0000,  2.684528556241972E-03,  7.137677423926432E-03,  2.348110726428018E+00,  3.387862214420616E+02,  1.517946393561527E+01,  2.461807291221073E+06,  5.029720908200810E+01,  1.050099732864199E+01,  1.055724823588242E+01,  7.156890300311510E-03,  7.176103176696588E-03,  7.157454788654988E+00,
2461808.500000000, A.D. 2028-Feb-07 00:00:00.0000,  2.488199791269609E-03,  7.138106139705262E-03,  2.348089572881459E+00,  3.387854098117562E+02,  1.757994520577451E+01,  2.461807338566708E+06,  5.030752930961241E+01,  5.842883935458309E+01,  5.867216007419970E+01,  7.155911477149048E-03,  7.173716814592833E-03,  7.155986488313066E+00,
2461809.500000000, A.D. 2028-Feb-08 00:00:00.0000,  2.584781042310222E-03,  7.138618590602760E-03,  2.348113359044582E+00,  3.387824690352249E+02,  2.084461140848101E+01,  2.461807403217753E+06,  5.029480700106006E+01,  1.054572584070356E+02,  1.057424922124594E+02,  7.157118173976428E-03,  7.175617757350095E-03,  7.157796628833117E+00,
2461810.500000000, A.D. 2028-Feb-09 00:00:00.0000,  2.322547093661502E-03,  7.141335642758337E-03,  2.348127195450191E+00,  3.387821655047607E+02,  1.814858209753155E+01,  2.461807348456230E+06,  5.028593111995264E+01,  1.584783129452760E+02,  1.585756858196588E+02,  7.157960342748931E-03,  7.174585042739527E-03,  7.159060038905352E+00,
2461811.500000000, A.D. 2028-Feb-10 00:00:00.0000,  2.619246864642191E-03,  7.137031202753184E-03,  2.348146751318456E+00,  3.387821898551953E+02,  1.435128372578939E+01,  2.461814430014773E+06,  5.030897970333244E+01,  2.125939462487114E+02,  2.124327093947499E+02,  7.155773941212794E-03,  7.174516679672404E-03,  7.155780183237423E+00,
2461812.500000000, A.D. 2028-Feb-11 00:00:00.0000,  2.710748630535203E-03,  7.138798120613172E-03,  2.348128693514560E+00,  3.387814868744609E+02,  6.131375386535347E+00,  2.461814267127336E+06,  5.028338251452536E+01,  2.711428602198151E+02,  2.708322736315059E+02,  7.158202207444096E-03,  7.177606294275020E-03,  7.159422894750702E+00,
2461813.500000000, A.D. 2028-Feb-12 00:00:00.0000,  2.723791033759123E-03,  7.135678302435122E-03,  2.348142550772320E+00,  3.387812547457618E+02,  1.444731638209710E+01,  2.461814431208563E+06,  5.031537597220018E+01,  3.131458910626823E+02,  3.129176303534583E+02,  7.155167483471645E-03,  7.174656664508170E-03,  7.154870515106636E+00,
2461814.500000000, A.D. 2028-Feb-13 00:00:00.0000,  2.925742288516305E-03,  7.136019348367781E-03,  2.348158876509034E+00,  3.387810470522799E+02,  1.317346848599293E+01,  2.461814406033047E+06,  5.029648735321084E+01,  4.726207638922904E+00,  4.753932653053304E+00,  7.156958765284542E-03,  7.177898182201302E-03,  7.157557494460262E+00,
2461815.500000000, A.D. 2028-Feb-14 00:00:00.0000,  2.718832448400352E-03,  7.136408791511830E-03,  2.348147761999415E+00,  3.387807514393988E+02,  1.559391388845707E+01,  2.461814453762881E+06,  5.030802588534814E+01,  5.263412404257267E+01,  5.288225171266942E+01,  7.155864387805749E-03,  7.175319984099668E-03,  7.155915853673905E+00,
2461816.500000000, A.D. 2028-Feb-15 00:00:00.0000,  2.755675403122789E-03,  7.136738329713016E-03,  2.348152028760480E+00,  3.387791519802132E+02,  1.706130807486281E+01,  2.461814482805705E+06,  5.030175386796646E+01,  1.014684109136935E+02,  1.017776700836199E+02,  7.156459208326854E-03,  7.176180086940693E-03,  7.156808109413812E+00,
2461817.500000000, A.D. 2028-Feb-16 00:00:00.0000,  2.418722393048796E-03,  7.140707180191391E-03,  2.348144710392857E+00,  3.387792073535674E+02,  1.657841938503881E+01,  2.461814471674161E+06,  5.028529778821106E+01,  1.522802666441239E+02,  1.524088449058628E+02,  7.158020444530478E-03,  7.175333708869564E-03,  7.159150205617331E+00,
2461818.500000000, A.D. 2028-Feb-17 00:00:00.0000,  2.713654864056383E-03,  7.136267832308419E-03,  2.348170866781509E+00,  3.387793078134694E+02,  1.233978080064462E+01,  2.461821544384667E+06,  5.030990824576438E+01,  2.068372867300228E+02,  2.066973241922356E+02,  7.155685894140711E-03,  7.175103955973003E-03,  7.155648112920352E+00,
2461819.500000000, A.D. 2028-Feb-18 00:00:00.0000,  2.750060840244694E-03,  7.138510775251634E-03,  2.348149342259385E+00,  3.387785966853944E+02,  4.127124434582631E+00,  2.461821381778071E+06,  5.028344528272005E+01,  2.653777153472674E+02,  2.650636950900546E+02,  7.158196250446775E-03,  7.177881725641915E-03,  7.159413957732811E+00,
2461820.500000000, A.D. 2028-Feb-19 00:00:00.0000,  2.837156891835861E-03,  7.135070347416257E-03,  2.348161161855927E+00,  3.387783553498464E+02,  1.177175179986380E+01,  2.461821532437285E+06,  5.031322662169801E+01,  3.080547489010390E+02,  3.077981868101284E+02,  7.155371258295375E-03,  7.175672169174493E-03,  7.155176166832181E+00,
2461821.500000000, A.D. 2028-Feb-20 00:00:00.0000,  3.041388343397339E-03,  7.135535198400503E-03,  2.348186267284628E+00,  3.387780123165128E+02,  9.310529656552490E+00,  2.461821483799494E+06,  5.029285528230378E+01,  8.147697128083614E-01,  8.197445160647474E-01,  7.157303337340848E-03,  7.179071476281195E-03,  7.158074402004989E+00,
2461822.500000000, A.D. 2028-Feb-21 00:00:00.0000,  2.847733094122476E-03,  7.135791252398057E-03,  2.348165453967284E+00,  3.387776131264375E+02,  1.093661442001605E+01,  2.461821515826894E+06,  5.030480201836934E+01,  4.950863326916829E+01,  4.975737969213186E+01,  7.156170114861320E-03,  7.176548977324582E-03,  7.156374452453708E+00,
2461823.500000000, A.D. 2028-Feb-22 00:00:00.0000,  2.854814378378784E-03,  7.135624290041383E-03,  2.348161426227707E+00,  3.387758485068153E+02,  1.056061229392443E+01,  2.461821508431336E+06,  5.030603173051852E+01,  1.001879163915822E+02,  1.005096912226375E+02,  7.156053494449787E-03,  7.176482698858191E-03,  7.156199517554142E+00,
2461824.500000000, A.D. 2028-Feb-23 00:00:00.0000,  2.487864134413277E-03,  7.140179931518950E-03,  2.348155307933226E+00,  3.387758371200522E+02,  1.105897703054771E+01,  2.461821516620150E+06,  5.028563932570064E+01,  1.500211631271071E+02,  1.501632331476994E+02,  7.157988033221361E-03,  7.175796134923772E-03,  7.159101581035411E+00,
2461825.500000000, A.D. 2028-Feb-24 00:00:00.0000,  2.768812693755208E-03,  7.135858065475814E-03,  2.348183479126744E+00,  3.387759361545287E+02,  6.522385312291012E+00,  2.461828583325509E+06,  5.031006766778694E+01,  2.048776850211448E+02,  2.047446277479463E+02,  7.155670777557048E-03,  7.175483489638282E-03,  7.155625438176553E+00,
2461826.500000000, A.D. 2028-Feb-25 00:00:00.0000,  2.754080775329990E-03,  7.138682747228675E-03,  2.348156977669978E+00,  3.387751730957198E+02,  3.581494415080253E+02,  2.461828417723650E+06,  5.028132426052785E+01,  2.635743153059644E+02,  2.632608258544283E+02,  7.158397552309662E-03,  7.178112357390648E-03,  7.159715964016670E+00,
2461827.500000000, A.D. 2028-Feb-26 00:00:00.0000,  2.855863660221987E-03,  7.135093456269648E-03,  2.348164631979332E+00,  3.387750145354634E+02,  5.883662764226110E+00,  2.461828570116543E+06,  5.031156639303417E+01,  3.061607605038419E+02,  3.058959873565742E+02,  7.155528670569604E-03,  7.175963884869560E-03,  7.155412280104309E+00,
2461828.500000000, A.D. 2028-Feb-27 00:00:00.0000,  2.972639904667637E-03,  7.135438548659508E-03,  2.348194143526599E+00,  3.387745622410922E+02,  4.464260535424667E+00,  2.461828542086647E+06,  5.029907946331040E+01,  3.578830803775455E+02,  3.578704506709756E+02,  7.156712878949722E-03,  7.177987209239937E-03,  7.157188637271073E+00,
2461829.500000000, A.D. 2028-Feb-28 00:00:00.0000,  2.827714293540802E-03,  7.135876345459880E-03,  2.348189557422803E+00,  3.387744972266015E+02,  7.959872875096497E+00,  2.461828611083194E+06,  5.030541707501248E+01,  4.471733066050792E+01,  4.494589626134873E+01,  7.156111785040615E-03,  7.176347224621351E-03,  7.156286955402619E+00,
2461830.500000000, A.D. 2028-Feb-29 00:00:00.0000,  2.832536788776712E-03,  7.135604564980181E-03,  2.348181164467028E+00,  3.387730410171868E+02,  7.375763115626570E+00,  2.461828599592688E+06,  5.030792619817964E+01,  9.560555076263189E+01,  9.592846999239379E+01,  7.155873840890346E-03,  7.176143116800512E-03,  7.155930033407467E+00,
2461831.500000000, A.D. 2028-Mar-01 00:00:00.0000,  2.470886029270745E-03,  7.140393913435413E-03,  2.348178289362311E+00,  3.387729059181025E+02,  9.408681773178085E+00,  2.461828638245274E+06,  5.028466269149952E+01,  1.439023711196214E+02,  1.440687727347369E+02,  7.158080715070675E-03,  7.175767516705937E-03,  7.159240625886846E+00,
2461832.500000000, A.D. 2028-Mar-02 00:00:00.0000,  2.744363658889110E-03,  7.135988463233595E-03,  2.348211897183203E+00,  3.387729747303523E+02,  3.941916122903949E+00,  2.461835686398125E+06,  5.031053881312574E+01,  1.996905934421866E+02,  1.995849732704875E+02,  7.155626103468551E-03,  7.175263743703509E-03,  7.155558427572992E+00,
2461833.500000000, A.D. 2028-Mar-03 00:00:00.0000,  2.655805876663137E-03,  7.139655292656108E-03,  2.348175208987652E+00,  3.387719369633505E+02,  3.548526541838215E+02,  2.461835506808508E+06,  5.027848204435873E+01,  2.591007144436039E+02,  2.588020601743305E+02,  7.158667323402676E-03,  7.177679354149244E-03,  7.160120698997757E+00,
2461834.500000000, A.D. 2028-Mar-04 00:00:00.0000,  2.753983877310674E-03,  7.136358165902504E-03,  2.348190712387698E+00,  3.387704606831426E+02,  1.797570436768560E+00,  2.461835643610585E+06,  5.030590138201847E+01,  3.024696387085432E+02,  3.022028966644991E+02,  7.156065855894612E-03,  7.175773545886719E-03,  7.156218060107750E+00,
2461835.500000000, A.D. 2028-Mar-05 00:00:00.0000,  2.765268565649488E-03,  7.136681423959836E-03,  2.348247769634639E+00,  3.387693996555072E+02,  9.186873611012459E-01,  2.461835626283206E+06,  5.030162966933452E+01,  3.536477489251538E+02,  3.536125686527266E+02,  7.156470988224554E-03,  7.176260552489272E-03,  7.156825780129097E+00,
2461836.500000000, A.D. 2028-Mar-06 00:00:00.0000,  2.650152564338890E-03,  7.137115939898286E-03,  2.348249996285829E+00,  3.387693993947507E+02,  5.443079356419199E+00,  2.461835715658353E+06,  5.030574543123936E+01,  3.945689121869788E+01,  3.965037681037575E+01,  7.156080645371233E-03,  7.175045350844181E-03,  7.156240244805987E+00,
2461837.500000000, A.D. 2028-Mar-07 00:00:00.0000,  2.631427780568403E-03,  7.136803450116928E-03,  2.348236545860023E+00,  3.387680732945428E+02,  4.489813664721879E+00,  2.461835696853283E+06,  5.031046627467946E+01,  9.071715208114465E+01,  9.101865406834656E+01,  7.155632981532083E-03,  7.174462512947238E-03,  7.155568744573192E+00,
2461838.500000000, A.D. 2028-Mar-08 00:00:00.0000,  2.277872441089384E-03,  7.141984246848102E-03,  2.348235379736735E+00,  3.387677868120447E+02,  9.002205088143562E+00,  2.461835784696387E+06,  5.028245833174019E+01,  1.365321407680449E+02,  1.367113416089683E+02,  7.158289918178048E-03,  7.174595589507995E-03,  7.159554483690675E+00,
2461839.500000000, A.D. 2028-Mar-09 00:00:00.0000,  2.526540462221941E-03,  7.137699036055482E-03,  2.348272440972490E+00,  3.387678045907602E+02,  2.510796569553225E+00,  2.461842812680742E+06,  5.030893268476473E+01,  1.933425675249780E+02,  1.932759588907470E+02,  7.155778399721072E-03,  7.173857763386661E-03,  7.155786871006713E+00,
2461840.500000000, A.D. 2028-Mar-10 00:00:00.0000,  2.415794628476674E-03,  7.141152984367993E-03,  2.348247714514765E+00,  3.387672329247746E+02,  3.539545346344198E+02,  2.461842643612312E+06,  5.028081043529563E+01,  2.522174356966929E+02,  2.519540761077388E+02,  7.158446320537385E-03,  7.175739656706776E-03,  7.159789129955842E+00,
2461841.500000000, A.D. 2028-Mar-11 00:00:00.0000,  2.628875327741188E-03,  7.137018373748017E-03,  2.348250665955785E+00,  3.387672190850359E+02,  1.362923447631506E+00,  2.461842789393389E+06,  5.030838684567603E+01,  2.951326985832529E+02,  2.948595916333844E+02,  7.155830159102788E-03,  7.174641944457560E-03,  7.155864510311599E+00,
2461842.500000000, A.D. 2028-Mar-12 00:00:00.0000,  2.654130854783976E-03,  7.137271812290016E-03,  2.348284171119503E+00,  3.387664672592732E+02,  4.821757942906630E-01,  2.461842772021448E+06,  5.030379649966381E+01,  3.463162884491303E+02,  3.462441076412271E+02,  7.156265477298339E-03,  7.175259142306662E-03,  7.156517500670271E+00,
2461843.500000000, A.D. 2028-Mar-13 00:00:00.0000,  2.617518358070445E-03,  7.137554530078700E-03,  2.348287331980913E+00,  3.387664831052392E+02,  5.402738871944801E+00,  2.461842869262817E+06,  5.030357757117188E+01,  3.172833682361451E+01,  3.188651582871773E+01,  7.156286240689310E-03,  7.175017951299920E-03,  7.156548646876159E+00,
2461844.500000000, A.D. 2028-Mar-14 00:00:00.0000,  2.562765423538534E-03,  7.137095962218364E-03,  2.348270881095622E+00,  3.387653400844450E+02,  3.598731615184982E+00,  2.461842833621119E+06,  5.031256845740063E+01,  8.383980152659963E+01,  8.413187621709707E+01,  7.155433660193131E-03,  7.173771358167898E-03,  7.155269767330801E+00,
2461845.500000000, A.D. 2028-Mar-15 00:00:00.0000,  2.238775345848159E-03,  7.142372906433561E-03,  2.348272405671710E+00,  3.387647813994105E+02,  1.028981916569055E+01,  2.461842964758230E+06,  5.028130949709405E+01,  1.274752760799690E+02,  1.276785275775899E+02,  7.158398953526460E-03,  7.174425000619359E-03,  7.159718066229078E+00,
2461846.500000000, A.D. 2028-Mar-16 00:00:00.0000,  2.400954692835632E-03,  7.139033801234131E-03,  2.348312875771945E+00,  3.387646788812034E+02,  3.524456138022029E+00,  2.461849987659766E+06,  5.030432293218161E+01,  1.845556368252512E+02,  1.845338493026869E+02,  7.156215550543150E-03,  7.173397299852169E-03,  7.156442608030694E+00,
2461847.500000000, A.D. 2028-Mar-17 00:00:00.0000,  2.235892562416172E-03,  7.142535406125120E-03,  2.348283049478259E+00,  3.387640325650746E+02,  3.568908191971585E+02,  2.461849856853856E+06,  5.027981148890161E+01,  2.414978323903019E+02,  2.412729718911123E+02,  7.158541135006631E-03,  7.174546863888142E-03,  7.159931378809241E+00,
2461848.500000000, A.D. 2028-Mar-18 00:00:00.0000,  2.533149914999145E-03,  7.137712332793754E-03,  2.348282834166586E+00,  3.387639178127214E+02,  4.016021214179068E+00,  2.461849996791970E+06,  5.030829207227950E+01,  2.846989524220051E+02,  2.844179502764279E+02,  7.155839146118492E-03,  7.173965959443231E-03,  7.155877990904098E+00,
2461849.500000000, A.D. 2028-Mar-19 00:00:00.0000,  2.537060351520075E-03,  7.137800718054059E-03,  2.348312627029400E+00,  3.387630827428442E+02,  3.857711779970170E+00,  2.461849993703839E+06,  5.030706181158018E+01,  3.351632104669969E+02,  3.350407432050961E+02,  7.155955809816373E-03,  7.174110901578686E-03,  7.156052988114117E+00,
2461850.500000000, A.D. 2028-Mar-20 00:00:00.0000,  2.610978497377016E-03,  7.137820024407116E-03,  2.348313594477097E+00,  3.387630773616905E+02,  8.935926818512385E+00,  2.461850094080963E+06,  5.030126573785619E+01,  2.041824137159458E+01,  2.052294219109289E+01,  7.156505506400688E-03,  7.175190988394262E-03,  7.156877560022666E+00,
2461851.500000000, A.D. 2028-Mar-21 00:00:00.0000,  2.533313458450156E-03,  7.137356760752286E-03,  2.348292932627884E+00,  3.387620441826127E+02,  7.033753117007068E+00,  2.461850056489397E+06,  5.031203916704750E+01,  7.262596198647951E+01,  7.290327489877937E+01,  7.155483844276715E-03,  7.173610927801145E-03,  7.155345041863985E+00,
2461852.500000000, A.D. 2028-Mar-22 00:00:00.0000,  2.311793901747248E-03,  7.141935488122119E-03,  2.348293104016346E+00,  3.387612515260968E+02,  1.520506505571393E+01,  2.461850217278931E+06,  5.028040893055584E+01,  1.147761487990964E+02,  1.150163845949758E+02,  7.158484428770303E-03,  7.175033369418487E-03,  7.159846303104048E+00,
2461853.500000000, A.D. 2028-Mar-23 00:00:00.0000,  2.447936009042257E-03,  7.138349625644213E-03,  2.348332329330014E+00,  3.387610667421558E+02,  6.508437880008692E+00,  2.461850045417676E+06,  5.030800119119838E+01,  1.737931316539638E+02,  1.738233682937807E+02,  7.155866729487234E-03,  7.173383833330255E-03,  7.155919366221682E+00,
2461854.500000000, A.D. 2028-Mar-24 00:00:00.0000,  2.245473455248070E-03,  7.142144758062027E-03,  2.348325171395803E+00,  3.387607478093530E+02,  3.596439261939732E+02,  2.461857065977586E+06,  5.028321245087441E+01,  2.309744039291444E+02,  2.307748601699182E+02,  7.158218347347867E-03,  7.174291936633707E-03,  7.159447108748512E+00,
2461855.500000000, A.D. 2028-Mar-25 00:00:00.0000,  2.578855784482617E-03,  7.137599567444100E-03,  2.348326628989752E+00,  3.387609178734077E+02,  3.815027825091085E+00,  2.461857147282132E+06,  5.030602641338574E+01,  2.771317815630878E+02,  2.768384366750693E+02,  7.156053998692700E-03,  7.174508429941299E-03,  7.156200273933958E+00,
2461856.500000000, A.D. 2028-Mar-26 00:00:00.0000,  2.550894164552447E-03,  7.137518854434772E-03,  2.348353457894913E+00,  3.387600160561661E+02,  4.507631856509156E+00,  2.461857161028933E+06,  5.030899519023093E+01,  3.267442985984255E+02,  3.265835738610477E+02,  7.155772472678192E-03,  7.174026090921611E-03,  7.155777980433711E+00,
2461857.500000000, A.D. 2028-Mar-27 00:00:00.0000,  2.689293567526319E-03,  7.137372821268576E-03,  2.348358274878343E+00,  3.387599836140568E+02,  9.121398770847101E+00,  2.461857252201769E+06,  5.030006843741320E+01,  1.246426799907654E+01,  1.253099961905114E+01,  7.156619070901186E-03,  7.175865320533797E-03,  7.157047916305258E+00,
2461858.500000000, A.D. 2028-Mar-28 00:00:00.0000,  2.597311063679096E-03,  7.136998656419037E-03,  2.348329141625331E+00,  3.387588571992817E+02,  7.768066442752431E+00,  2.461857225458499E+06,  5.031098355356560E+01,  6.412343648732625E+01,  6.439160393473593E+01,  7.155583933737217E-03,  7.174169211055397E-03,  7.155495173667427E+00,
2461859.500000000, A.D. 2028-Mar-29 00:00:00.0000,  2.513734744036684E-03,  7.140903521980211E-03,  2.348335836699087E+00,  3.387564639022329E+02,  1.702855649781026E+01,  2.461857408064977E+06,  5.027604038790025E+01,  1.051742097135452E+02,  1.054519898035733E+02,  7.158899095365284E-03,  7.176894668750358E-03,  7.160468430338835E+00,
2461860.500000000, A.D. 2028-Mar-30 00:00:00.0000,  2.635712606753347E-03,  7.137031709096529E-03,  2.348398877137678E+00,  3.387556557287519E+02,  7.861512254477661E+00,  2.461857226960978E+06,  5.030772852962887E+01,  1.646591586021408E+02,  1.647388107983208E+02,  7.155892585396431E-03,  7.174753461696332E-03,  7.155958150405798E+00,
2461861.500000000, A.D. 2028-Mar-31 00:00:00.0000,  2.431115513754707E-03,  7.140521068656435E-03,  2.348407668794350E+00,  3.387553991621639E+02,  2.314151511791925E+00,  2.461864273606310E+06,  5.028632667767501E+01,  2.205255270457156E+02,  2.203449235096777E+02,  7.157922805835964E-03,  7.175324543015491E-03,  7.159003724959387E+00,
2461862.500000000, A.D. 2028-Apr-01 00:00:00.0000,  2.784893147742339E-03,  7.136288220105676E-03,  2.348408731296242E+00,  3.387555905271942E+02,  3.620658697425879E+00,  2.461864298035741E+06,  5.030430215274428E+01,  2.695510668058428E+02,  2.692319617078005E+02,  7.156217521244341E-03,  7.176146822383008E-03,  7.156445564176477E+00,
2461863.500000000, A.D. 2028-Apr-02 00:00:00.0000,  2.751836860434784E-03,  7.136061248887343E-03,  2.348430781224086E+00,  3.387546759091892E+02,  4.661277538725952E+00,  2.461864318646586E+06,  5.030920357331922E+01,  3.188145422816844E+02,  3.186063547405222E+02,  7.155752712967040E-03,  7.175444177046738E-03,  7.155748340864632E+00,
2461864.500000000, A.D. 2028-Apr-03 00:00:00.0000,  2.946358868745727E-03,  7.135848507859535E-03,  2.348439164225224E+00,  3.387546047733248E+02,  7.835347555856329E+00,  2.461864381305359E+06,  5.029673357418540E+01,  5.969952736981438E+00,  6.005197442241878E+00,  7.156935407971854E-03,  7.178022308084172E-03,  7.157522455588816E+00,
2461865.500000000, A.D. 2028-Apr-04 00:00:00.0000,  2.782302902498720E-03,  7.135407025635153E-03,  2.348421459930107E+00,  3.387540062988343E+02,  5.987755296191763E+00,  2.461864344788395E+06,  5.031381704615757E+01,  5.812310535769483E+01,  5.839434671432959E+01,  7.155315280107290E-03,  7.175223534579426E-03,  7.155092202003643E+00,
2461866.500000000, A.D. 2028-Apr-05 00:00:00.0000,  2.700403067948870E-03,  7.139084913072470E-03,  2.348413381504407E+00,  3.387528137518736E+02,  1.418561945877244E+01,  2.461864506358850E+06,  5.028113494753570E+01,  1.002425396963651E+02,  1.005468676614302E+02,  7.158415520305156E-03,  7.177746127537843E-03,  7.159742920990763E+00,
2461867.500000000, A.D. 2028-Apr-06 00:00:00.0000,  2.707598095254779E-03,  7.136520567047724E-03,  2.348444305754008E+00,  3.387524714053143E+02,  5.883872550579167E+00,  2.461864342049912E+06,  5.030769402892932E+01,  1.588691867970917E+02,  1.589806857934913E+02,  7.155895857040085E-03,  7.175271147032447E-03,  7.155963057916804E+00,
2461868.500000000, A.D. 2028-Apr-07 00:00:00.0000,  2.488046285374559E-03,  7.140003802415431E-03,  2.348462446268242E+00,  3.387521983834624E+02,  1.277666307207976E+00,  2.461871407415967E+06,  5.028748622686865E+01,  2.137933595740251E+02,  2.136351911370357E+02,  7.157812771893948E-03,  7.175621741372466E-03,  7.158838649756401E+00,
2461869.500000000, A.D. 2028-Apr-08 00:00:00.0000,  2.837035635114679E-03,  7.136104950675178E-03,  2.348463082703023E+00,  3.387523882376757E+02,  1.032840257553038E+00,  2.461871401084663E+06,  5.030229446233970E+01,  2.643710794952088E+02,  2.640476610041275E+02,  7.156407935006209E-03,  7.176710919337238E-03,  7.156731195820991E+00,
2461870.500000000, A.D. 2028-Apr-09 00:00:00.0000,  2.809326398688715E-03,  7.135556881344867E-03,  2.348482187312499E+00,  3.387514072636521E+02,  2.816015790671558E+00,  2.461871436335036E+06,  5.031018697901657E+01,  3.128928092814774E+02,  3.126563934985643E+02,  7.155659464378173E-03,  7.175762047411478E-03,  7.155608468522472E+00,
2461871.500000000, A.D. 2028-Apr-10 00:00:00.0000,  3.085053833164096E-03,  7.135414306573942E-03,  2.348497588145286E+00,  3.387512119251866E+02,  4.314413224244828E+00,  2.461871465844975E+06,  5.029082922829761E+01,  1.717684525756068E+00,  1.728322234270625E+00,  7.157495565704775E-03,  7.179576824835610E-03,  7.158362777550611E+00,
2461872.500000000, A.D. 2028-Apr-11 00:00:00.0000,  2.882971673089530E-03,  7.134786775006661E-03,  2.348472876535814E+00,  3.387506081250023E+02,  1.403875925691738E+00,  2.461871408320383E+06,  5.031275856469815E+01,  5.492541302440350E+01,  5.519634464895328E+01,  7.155415635593259E-03,  7.176044496179858E-03,  7.155242731067290E+00,
2461873.500000000, A.D. 2028-Apr-12 00:00:00.0000,  2.822706135423842E-03,  7.137988174015756E-03,  2.348456019868697E+00,  3.387490839324241E+02,  8.382343929091180E+00,  2.461871545818737E+06,  5.028347267121572E+01,  9.826302012295875E+01,  9.858295661597884E+01,  7.158193651153417E-03,  7.178399128291079E-03,  7.159410058129864E+00,
2461874.500000000, A.D. 2028-Apr-13 00:00:00.0000,  2.775813115384907E-03,  7.135998951131552E-03,  2.348479327706662E+00,  3.387487322722317E+02,  3.989600677217562E-01,  2.461871387647203E+06,  5.030804803386971E+01,  1.565763939973987E+02,  1.567024394887002E+02,  7.155862287521141E-03,  7.175725623910731E-03,  7.155912703224568E+00,
2461875.500000000, A.D. 2028-Apr-14 00:00:00.0000,  2.553165851947268E-03,  7.139432511250204E-03,  2.348504911725660E+00,  3.387483766653905E+02,  3.560902180978865E+02,  2.461878458846776E+06,  5.028859747728306E+01,  2.112037454664393E+02,  2.110525821537236E+02,  7.157707325171065E-03,  7.175982139091925E-03,  7.158680457585306E+00,
2461876.500000000, A.D. 2028-Apr-15 00:00:00.0000,  2.863672891075292E-03,  7.136325704478594E-03,  2.348501253656843E+00,  3.387484518817906E+02,  3.544982420175499E+02,  2.461878425986442E+06,  5.029794493336824E+01,  2.631268400082670E+02,  2.628011867917402E+02,  7.156820497323071E-03,  7.177315290167548E-03,  7.157350076169251E+00,
2461877.500000000, A.D. 2028-Apr-16 00:00:00.0000,  2.808908417153842E-03,  7.135468583644240E-03,  2.348515086783942E+00,  3.387475144392804E+02,  3.574417296177258E+02,  2.461878484170214E+06,  5.031115245792429E+01,  3.104852622946905E+02,  3.102398926453022E+02,  7.155567918600313E-03,  7.175667253556386E-03,  7.155471151273497E+00,
2461878.500000000, A.D. 2028-Apr-17 00:00:00.0000,  3.052928694412686E-03,  7.135315781844493E-03,  2.348533043296809E+00,  3.387472232953733E+02,  3.591808358348412E+02,  2.461878518442389E+06,  5.029430182779353E+01,  3.590724529082825E+02,  3.590667679970367E+02,  7.157166099600643E-03,  7.179016417356793E-03,  7.157868524204416E+00,
2461879.500000000, A.D. 2028-Apr-18 00:00:00.0000,  2.816288394026781E-03,  7.134930774479301E-03,  2.348528614002470E+00,  3.387470030278328E+02,  3.577971858886235E+02,  2.461878491081513E+06,  5.031628244167353E+01,  5.076502753672308E+01,  5.101555228607879E+01,  7.155081547600123E-03,  7.175232320720946E-03,  7.154741617036410E+00,
2461880.500000000, A.D. 2028-Apr-19 00:00:00.0000,  2.817763817517519E-03,  7.137978978036095E-03,  2.348507551330492E+00,  3.387456723005956E+02,  5.624334322220262E+00,  2.461878645472162E+06,  5.028394367458652E+01,  9.325297336254448E+01,  9.357527892571757E+01,  7.158148951151048E-03,  7.178318924266002E-03,  7.159342996837056E+00,
2461881.500000000, A.D. 2028-Apr-20 00:00:00.0000,  2.716454475173620E-03,  7.136578893402889E-03,  2.348525019566412E+00,  3.387453311221627E+02,  3.580336180212128E+02,  2.461878494932491E+06,  5.030640717175687E+01,  1.511741496630200E+02,  1.513237889552171E+02,  7.156017890225214E-03,  7.175456887047540E-03,  7.156146110193930E+00,
2461882.500000000, A.D. 2028-Apr-21 00:00:00.0000,  2.516770867062455E-03,  7.139524044578631E-03,  2.348563406183801E+00,  3.387448482258026E+02,  3.540489770981985E+02,  2.461885572603151E+06,  5.029038276037647E+01,  2.054776114798998E+02,  2.053539049706051E+02,  7.157537927514493E-03,  7.175551810450356E-03,  7.158426328058137E+00,
2461883.500000000, A.D. 2028-Apr-22 00:00:00.0000,  2.775950249554796E-03,  7.137417811634748E-03,  2.348548684857435E+00,  3.387446133732971E+02,  3.503977449158111E+02,  2.461885499095004E+06,  5.029303716024965E+01,  2.594594406892429E+02,  2.591469078978564E+02,  7.157286081719432E-03,  7.177154351804116E-03,  7.158048515800014E+00,
2461884.500000000, A.D. 2028-Apr-23 00:00:00.0000,  2.681338111121255E-03,  7.136660305267729E-03,  2.348565144213731E+00,  3.387424180543525E+02,  3.536464137765596E+02,  2.461885563349382E+06,  5.030820342727822E+01,  3.065048029669392E+02,  3.062573336470719E+02,  7.155847552026352E-03,  7.175034798784977E-03,  7.155890599838037E+00,
2461885.500000000, A.D. 2028-Apr-24 00:00:00.0000,  2.874588772575696E-03,  7.136604230992827E-03,  2.348612046719838E+00,  3.387414177639970E+02,  3.549726362948434E+02,  2.461885589477837E+06,  5.029417454485804E+01,  3.554997860456743E+02,  3.554738472073549E+02,  7.157178175018057E-03,  7.177752119043288E-03,  7.157886639115852E+00,
2461886.500000000, A.D. 2028-Apr-25 00:00:00.0000,  2.591555601475870E-03,  7.136295232366536E-03,  2.348619293503796E+00,  3.387413074205099E+02,  3.542180655484160E+02,  2.461885574533517E+06,  5.031885800186087E+01,  4.656841651911553E+01,  4.678455598289477E+01,  7.154837391285571E-03,  7.173379550204607E-03,  7.154375403088174E+00,
2461887.500000000, A.D. 2028-Apr-26 00:00:00.0000,  2.637904163139416E-03,  7.139115016902588E-03,  2.348591314667339E+00,  3.387399641549558E+02,  2.853823241925668E+00,  2.461885745053560E+06,  5.028554349526718E+01,  8.824843554248970E+01,  8.855060490808188E+01,  7.157997127324497E-03,  7.176879237746407E-03,  7.159115224316563E+00,
2461888.500000000, A.D. 2028-Apr-27 00:00:00.0000,  2.468422025333027E-03,  7.138644103683290E-03,  2.348603159093617E+00,  3.387396389882506E+02,  3.559534981592793E+02,  2.461885607951545E+06,  5.030333871536741E+01,  1.454796930284054E+02,  1.456395827650398E+02,  7.156308894177765E-03,  7.173973684672240E-03,  7.156582628381720E+00,
2461889.500000000, A.D. 2028-Apr-28 00:00:00.0000,  2.288382810636088E-03,  7.141162301962138E-03,  2.348652431919904E+00,  3.387389879860243E+02,  3.523830375645892E+02,  2.461892694143638E+06,  5.029034514161309E+01,  1.993654140172236E+02,  1.992786950204250E+02,  7.157541496890036E-03,  7.173920691817933E-03,  7.158431682786672E+00,
2461890.500000000, A.D. 2028-Apr-29 00:00:00.0000,  2.523555655004568E-03,  7.139303088938214E-03,  2.348643801742772E+00,  3.387390136326875E+02,  3.478678085587630E+02,  2.461892603509583E+06,  5.029220431958821E+01,  2.542098662708797E+02,  2.539318400210068E+02,  7.157365098106472E-03,  7.175427107274731E-03,  7.158167053333638E+00,
2461891.500000000, A.D. 2028-Apr-30 00:00:00.0000,  2.498059209597154E-03,  7.137424226728694E-03,  2.348649760727283E+00,  3.387382986484895E+02,  3.536746862130251E+02,  2.461892718247835E+06,  5.031399312511832E+01,  2.987050867944088E+02,  2.984536339153133E+02,  7.155298586259516E-03,  7.173172945790337E-03,  7.155067162027273E+00,
2461892.500000000, A.D. 2028-May-01 00:00:00.0000,  2.762731446851280E-03,  7.137386075346489E-03,  2.348671239485098E+00,  3.387377017306514E+02,  3.537745031522606E+02,  2.461892720102757E+06,  5.029437260808920E+01,  3.489300699094688E+02,  3.488690765811333E+02,  7.157159384648583E-03,  7.176932693950677E-03,  7.157858450790151E+00,
2461893.500000000, A.D. 2028-May-02 00:00:00.0000,  2.484012425695740E-03,  7.137094444647155E-03,  2.348681935739598E+00,  3.387376347963495E+02,  3.539764290063977E+02,  2.461892724073598E+06,  5.031854329303803E+01,  3.904348627544286E+01,  3.922322129703174E+01,  7.154867223735116E-03,  7.172640002823077E-03,  7.154420148919709E+00,
2461894.500000000, A.D. 2028-May-03 00:00:00.0000,  2.588055674618377E-03,  7.139348078534082E-03,  2.348648198760509E+00,  3.387363498444749E+02,  2.068379226058195E+00,  2.461892883970725E+06,  5.028685097795434E+01,  8.126502330812320E+01,  8.155829564227925E+01,  7.157873052505818E-03,  7.176398026477554E-03,  7.158929083823986E+00,
2461895.500000000, A.D. 2028-May-04 00:00:00.0000,  2.347912076127973E-03,  7.139726680478094E-03,  2.348656917886589E+00,  3.387359523438329E+02,  3.563101202710941E+02,  2.461892769319172E+06,  5.030101189951357E+01,  1.373560088005359E+02,  1.375378819239977E+02,  7.156529582708504E-03,  7.173332484938914E-03,  7.156913676392289E+00,
2461896.500000000, A.D. 2028-May-05 00:00:00.0000,  2.147083649734278E-03,  7.142383431774089E-03,  2.348718218137321E+00,  3.387350374002447E+02,  3.537278547541935E+02,  2.461899875563051E+06,  5.028812958078547E+01,  1.902492478844785E+02,  1.902055855783748E+02,  7.157751723468407E-03,  7.173120015162724E-03,  7.158747064188921E+00,
2461897.500000000, A.D. 2028-May-06 00:00:00.0000,  2.301231836247240E-03,  7.141300726694058E-03,  2.348696062245256E+00,  3.387348748281635E+02,  3.488318515393479E+02,  2.461899777584921E+06,  5.028791146562018E+01,  2.454650111422587E+02,  2.452254065088491E+02,  7.157772420464644E-03,  7.174244114235230E-03,  7.158778114022838E+00,
2461898.500000000, A.D. 2028-May-07 00:00:00.0000,  2.342275641822494E-03,  7.138274054858703E-03,  2.348697300540971E+00,  3.387341298528836E+02,  3.572999187393981E+02,  2.461899944840522E+06,  5.031679333462295E+01,  2.873002580437361E+02,  2.870437733618197E+02,  7.155033114639555E-03,  7.171792174420408E-03,  7.154668971169994E+00,
2461899.500000000, A.D. 2028-May-08 00:00:00.0000,  2.615181382246135E-03,  7.138315611042185E-03,  2.348716241837439E+00,  3.387334093066942E+02,  3.559859344054442E+02,  2.461899918704211E+06,  5.029570957245889E+01,  3.389409746286266E+02,  3.388329621764331E+02,  7.157032549317289E-03,  7.175749487592393E-03,  7.157668180053475E+00,
2461900.500000000, A.D. 2028-May-09 00:00:00.0000,  2.368702366291561E-03,  7.137973739835208E-03,  2.348727657186509E+00,  3.387333361947304E+02,  3.579690964397341E+02,  2.461899957916511E+06,  5.031796946792772E+01,  2.727654045279098E+01,  2.740126253557165E+01,  7.154921619606200E-03,  7.171869499377191E-03,  7.154501737782984E+00,
2461901.500000000, A.D. 2028-May-10 00:00:00.0000,  2.567409756726956E-03,  7.139572761747490E-03,  2.348685996442876E+00,  3.387320628772648E+02,  5.327792358942562E+00,  2.461900103448800E+06,  5.028603849933651E+01,  7.022702742959527E+01,  7.050418462144196E+01,  7.157950152807974E-03,  7.176327543868459E-03,  7.159044751651096E+00,
2461902.500000000, A.D. 2028-May-11 00:00:00.0000,  2.287815658400198E-03,  7.140439813878358E-03,  2.348690260593876E+00,  3.387316123810666E+02,  1.340658078896970E+00,  2.461900023876170E+06,  5.029802098264651E+01,  1.245441283732846E+02,  1.247597203232282E+02,  7.156813283372303E-03,  7.173186752866247E-03,  7.157339254445117E+00,
2461903.500000000, A.D. 2028-May-12 00:00:00.0000,  2.164525708549894E-03,  7.141705351696921E-03,  2.348757703261180E+00,  3.387304498176160E+02,  3.582160064382238E+02,  2.461899961149335E+06,  5.029397306943495E+01,  1.779828600240558E+02,  1.779915669769709E+02,  7.157197289230625E-03,  7.172689226764329E-03,  7.157915313291922E+00,
2461904.500000000, A.D. 2028-May-13 00:00:00.0000,  2.252605053078388E-03,  7.141560806544990E-03,  2.348747703147990E+00,  3.387304929212300E+02,  3.506389090383458E+02,  2.461906967960174E+06,  5.028884074226722E+01,  2.358891438690784E+02,  2.356757619315557E+02,  7.157684242237393E-03,  7.173807677929798E-03,  7.158645828505326E+00,
2461905.500000000, A.D. 2028-May-14 00:00:00.0000,  2.359969330622711E-03,  7.138074225266687E-03,  2.348752080888342E+00,  3.387301962654622E+02,  3.586015726808311E+02,  2.461907125035716E+06,  5.031756764884059E+01,  2.782321554398429E+02,  2.779643972824883E+02,  7.154959710745888E-03,  7.171845196225090E-03,  7.154558871215529E+00,
2461906.500000000, A.D. 2028-May-15 00:00:00.0000,  2.607022429860217E-03,  7.138375942160639E-03,  2.348768814347129E+00,  3.387293617549637E+02,  3.559074580813930E+02,  2.461907071610029E+06,  5.029568909839348E+01,  3.312504796934037E+02,  3.311063784629604E+02,  7.157034491611553E-03,  7.175693041062468E-03,  7.157671093753817E+00,
2461907.500000000, A.D. 2028-May-16 00:00:00.0000,  2.377008634630278E-03,  7.137909982017197E-03,  2.348786323724381E+00,  3.387292530969825E+02,  3.592456746998091E+02,  2.461907137622586E+06,  5.031801522331271E+01,  1.823411221437606E+01,  1.831958278648289E+01,  7.154917282176997E-03,  7.171924582336797E-03,  7.154495232021976E+00,
2461908.500000000, A.D. 2028-May-17 00:00:00.0000,  2.637944261680766E-03,  7.139116702430891E-03,  2.348733757279188E+00,  3.387278905944206E+02,  5.697277965304526E+00,  2.461907265256758E+06,  5.028552265426026E+01,  6.208970926240411E+01,  6.235724590230689E+01,  7.157999105095294E-03,  7.176881507759697E-03,  7.159118191436363E+00,
2461909.500000000, A.D. 2028-May-18 00:00:00.0000,  2.381478438757734E-03,  7.140402925126407E-03,  2.348739736396608E+00,  3.387260673790014E+02,  4.702562184318667E+00,  2.461907244995205E+06,  5.029132808613556E+01,  1.134071859809353E+02,  1.136573285443338E+02,  7.157448233771659E-03,  7.174493542416910E-03,  7.158291771166123E+00,
2461910.500000000, A.D. 2028-May-19 00:00:00.0000,  2.345216905574909E-03,  7.140200890752938E-03,  2.348839195149340E+00,  3.387239846010686E+02,  1.093223067001217E+00,  2.461907173188005E+06,  5.029620474845216E+01,  1.673260172476471E+02,  1.673848119293850E+02,  7.156985574314777E-03,  7.173770257876614E-03,  7.157597711407417E+00,
2461911.500000000, A.D. 2028-May-20 00:00:00.0000,  2.363123619659298E-03,  7.140748694566557E-03,  2.348834120403658E+00,  3.387240321803451E+02,  3.533010110319308E+02,  2.461914175534833E+06,  5.028906316245546E+01,  2.254498597876611E+02,  2.252572814723490E+02,  7.157663137388083E-03,  7.174577580209608E-03,  7.158614167001760E+00,
2461912.500000000, A.D. 2028-May-21 00:00:00.0000,  2.551510254745158E-03,  7.136583514450195E-03,  2.348840010785642E+00,  3.387239080100484E+02,  1.875911855248630E-01,  2.461914310995041E+06,  5.031883934388249E+01,  2.688728314682801E+02,  2.685805261145049E+02,  7.154839159937828E-03,  7.173094805425461E-03,  7.154378055895420E+00,
2461913.500000000, A.D. 2028-May-22 00:00:00.0000,  2.774796789305089E-03,  7.137298385338800E-03,  2.348852964001232E+00,  3.387229786471842E+02,  3.560563386483526E+02,  2.461914229192568E+06,  5.029438673420038E+01,  3.233257069476498E+02,  3.231352661289569E+02,  7.157158044501228E-03,  7.177017703663658E-03,  7.157856440372869E+00,
2461914.500000000, A.D. 2028-May-23 00:00:00.0000,  2.585672911124894E-03,  7.136668385434083E-03,  2.348874277136159E+00,  3.387228160572141E+02,  3.598088408511618E+02,  2.461914303362785E+06,  5.031535667529452E+01,  9.893871586222138E+00,  9.944944911330083E+00,  7.155169312900964E-03,  7.173670240367846E-03,  7.154873259136898E+00,
2461915.500000000, A.D. 2028-May-24 00:00:00.0000,  2.836174248002856E-03,  7.137424650373787E-03,  2.348829554352759E+00,  3.387218914420479E+02,  3.778300239150828E+00,  2.461914381888903E+06,  5.028840903433353E+01,  5.622802818987886E+01,  5.649872032504269E+01,  7.157725206278113E-03,  7.178025762182440E-03,  7.158707282909195E+00,
2461916.500000000, A.D. 2028-May-25 00:00:00.0000,  2.523583140869225E-03,  7.139105545428124E-03,  2.348824784198595E+00,  3.387213432518113E+02,  3.356139634583708E+00,  2.461914372907943E+06,  5.029428968027408E+01,  1.069805841118484E+02,  1.072569025828462E+02,  7.157167252041758E-03,  7.175228958655392E-03,  7.157870253035813E+00,
2461917.500000000, A.D. 2028-May-26 00:00:00.0000,  2.445398066692528E-03,  7.139159355789846E-03,  2.348894057883353E+00,  3.387196589979545E+02,  3.595179347795375E+02,  2.461914296495538E+06,  5.029963441856650E+01,  1.611351033151323E+02,  1.612254482555419E+02,  7.156660238902032E-03,  7.174161122014219E-03,  7.157109672095699E+00,
2461918.500000000, A.D. 2028-May-27 00:00:00.0000,  2.364231779917342E-03,  7.140907925783356E-03,  2.348884536630536E+00,  3.387196962064180E+02,  3.519393676277970E+02,  2.461921303002288E+06,  5.028729733149195E+01,  2.190445905137476E+02,  2.188743216904614E+02,  7.157830696591506E-03,  7.174753467399656E-03,  7.158865540673100E+00,
2461919.500000000, A.D. 2028-May-28 00:00:00.0000,  2.609462258824026E-03,  7.136113999729054E-03,  2.348893391988829E+00,  3.387197250273267E+02,  3.586242292946309E+02,  2.461921434233479E+06,  5.031941978059805E+01,  2.626704936250184E+02,  2.623740393140964E+02,  7.154784138909570E-03,  7.173454278090086E-03,  7.154295529830556E+00,
2461920.500000000, A.D. 2028-May-29 00:00:00.0000,  2.805943663671653E-03,  7.137092414083725E-03,  2.348903538499571E+00,  3.387186346806957E+02,  3.538177461155025E+02,  2.461921339115091E+06,  5.029420754731068E+01,  3.177973714622184E+02,  3.175808151172284E+02,  7.157175044048361E-03,  7.177257674012998E-03,  7.157881942196937E+00,
2461921.500000000, A.D. 2028-May-30 00:00:00.0000,  2.699111007350430E-03,  7.136352177089026E-03,  2.348931527928872E+00,  3.387183310630316E+02,  3.574168600094992E+02,  2.461921410220934E+06,  5.031011684783720E+01,  4.516795316144690E+00,  4.541234921588127E+00,  7.155666114262957E-03,  7.174980051436890E-03,  7.155618443280879E+00,
2461922.500000000, A.D. 2028-May-31 00:00:00.0000,  2.948596878848915E-03,  7.136674791609016E-03,  2.348878101559336E+00,  3.387174271244471E+02,  3.589550302505411E+02,  2.461921440686534E+06,  5.028782948180027E+01,  5.327057495442372E+01,  5.354197578771493E+01,  7.157780199966123E-03,  7.178885608323229E-03,  7.158789784917801E+00,
2461923.500000000, A.D. 2028-Jun-01 00:00:00.0000,  2.628798025577402E-03,  7.138379647896972E-03,  2.348864958139945E+00,  3.387165944788357E+02,  3.586364043452674E+02,  2.461921433752978E+06,  5.029400282181068E+01,  1.039198335688619E+02,  1.042119930305882E+02,  7.157194466579389E-03,  7.176009285261807E-03,  7.157911078890725E+00,
2461924.500000000, A.D. 2028-Jun-02 00:00:00.0000,  2.561813638839026E-03,  7.137962916697458E-03,  2.348928109870687E+00,  3.387147275546035E+02,  3.539464067869411E+02,  2.461921340568930E+06,  5.030347452829297E+01,  1.589303603246904E+02,  1.590355821279647E+02,  7.156296013428227E-03,  7.174629110158996E-03,  7.156563306527059E+00,
2461925.500000000, A.D. 2028-Jun-03 00:00:00.0000,  2.402279407467874E-03,  7.140781455205730E-03,  2.348914674874177E+00,  3.387147457582375E+02,  3.465264190437748E+02,  2.461928350070803E+06,  5.028575647808893E+01,  2.166820336483615E+02,  2.165179833764533E+02,  7.157976915749566E-03,  7.175172376293401E-03,  7.159084902239925E+00,
2461926.500000000, A.D. 2028-Jun-04 00:00:00.0000,  2.659433601800394E-03,  7.135936813553919E-03,  2.348923470090436E+00,  3.387147976028131E+02,  3.526407671883737E+02,  2.461928469932134E+06,  5.031751219310137E+01,  2.608779158478886E+02,  2.605771813112611E+02,  7.154964967809016E-03,  7.173993122064112E-03,  7.154566756369896E+00,
2461927.500000000, A.D. 2028-Jun-05 00:00:00.0000,  2.809518477048964E-03,  7.137109814709181E-03,  2.348928325329785E+00,  3.387136235635754E+02,  3.478684251390396E+02,  2.461928375552432E+06,  5.029375317155009E+01,  3.159651821037036E+02,  3.157408323606841E+02,  7.157218151349666E-03,  7.177326487990152E-03,  7.157946609632683E+00,
2461928.500000000, A.D. 2028-Jun-06 00:00:00.0000,  2.672543126602527E-03,  7.136254113500998E-03,  2.348956959017590E+00,  3.387132238993313E+02,  3.525364589081402E+02,  2.461928467785006E+06,  5.031316429489270E+01,  1.620838284751709E+00,  1.629529669292717E+00,  7.155377167568432E-03,  7.174500221635866E-03,  7.155185030501920E+00,
2461929.500000000, A.D. 2028-Jun-07 00:00:00.0000,  2.881984397631670E-03,  7.136638982407643E-03,  2.348923840683202E+00,  3.387127127306062E+02,  3.545629033183033E+02,  2.461928507903165E+06,  5.029324765020431E+01,  4.989577179926377E+01,  5.014895890389022E+01,  7.157266111671177E-03,  7.177893240934713E-03,  7.158018557557548E+00,
2461930.500000000, A.D. 2028-Jun-08 00:00:00.0000,  2.585850055711731E-03,  7.138878980483995E-03,  2.348909258690350E+00,  3.387121327550324E+02,  3.566203050686009E+02,  2.461928547985167E+06,  5.029197442594658E+01,  9.817068007819996E+01,  9.846385282288740E+01,  7.157386909823512E-03,  7.175894839163031E-03,  7.158199774600005E+00,
2461931.500000000, A.D. 2028-Jun-09 00:00:00.0000,  2.530256172337284E-03,  7.138022058350173E-03,  2.348964526571231E+00,  3.387101687877699E+02,  3.512561241311162E+02,  2.461928441570735E+06,  5.030523663029219E+01,  1.538550078969481E+02,  1.539824090612854E+02,  7.156128897663526E-03,  7.174235736976880E-03,  7.156312624980668E+00,
2461932.500000000, A.D. 2028-Jun-10 00:00:00.0000,  2.310932167676507E-03,  7.141525723179386E-03,  2.348954946989504E+00,  3.387101495364079E+02,  3.441209651250138E+02,  2.461935456729717E+06,  5.028480160926152E+01,  2.113214327892230E+02,  2.111841116062288E+02,  7.158067531696784E-03,  7.174609340214182E-03,  7.159220847630722E+00,
2461933.500000000, A.D. 2028-Jun-11 00:00:00.0000,  2.594063826842828E-03,  7.136634612340468E-03,  2.348959107584295E+00,  3.387100625976327E+02,  3.491721644109183E+02,  2.461935555412925E+06,  5.031507890819819E+01,  2.565817365052882E+02,  2.562928118817192E+02,  7.155195646541143E-03,  7.173756680741818E-03,  7.154912757999127E+00,
2461934.500000000, A.D. 2028-Jun-12 00:00:00.0000,  2.672144631963495E-03,  7.138468782042626E-03,  2.348962261567714E+00,  3.387075786223200E+02,  3.431111362219258E+02,  2.461935435619434E+06,  5.028978220069231E+01,  3.129479024303104E+02,  3.127232576973566E+02,  7.157594910861454E-03,  7.176721039680282E-03,  7.158511813857967E+00,
2461935.500000000, A.D. 2028-Jun-13 00:00:00.0000,  2.500490068732231E-03,  7.137574372018532E-03,  2.349019089288578E+00,  3.387063737134501E+02,  3.484217372718858E+02,  2.461935540583524E+06,  5.031222162052133E+01,  3.579581527260049E+02,  3.579479116643744E+02,  7.155466545051579E-03,  7.173358718084628E-03,  7.155319093545321E+00,
2461936.500000000, A.D. 2028-Jun-14 00:00:00.0000,  2.652979484402886E-03,  7.137859240774222E-03,  2.349000344043335E+00,  3.387060101804652E+02,  3.499398638586661E+02,  2.461935570660039E+06,  5.029767390488550E+01,  4.674363830520850E+01,  4.696555023860841E+01,  7.156846206934245E-03,  7.175833173094268E-03,  7.157388643474277E+00,
2461937.500000000, A.D. 2028-Jun-15 00:00:00.0000,  2.378258462752553E-03,  7.140453146815807E-03,  2.348980004894466E+00,  3.387053948057504E+02,  3.540688951788334E+02,  2.461935651766096E+06,  5.029104099103778E+01,  9.294960701596874E+01,  9.322173165819142E+01,  7.157475473432441E-03,  7.174497800049074E-03,  7.158332635511651E+00,
2461938.500000000, A.D. 2028-Jun-16 00:00:00.0000,  2.309771656276507E-03,  7.139544487791415E-03,  2.349025333454930E+00,  3.387033920771155E+02,  3.480187129452700E+02,  2.461935531752462E+06,  5.030582200798947E+01,  1.493201323116585E+02,  1.494548483355553E+02,  7.156073383262310E-03,  7.172602278733204E-03,  7.156229351402419E+00,
2461939.500000000, A.D. 2028-Jun-17 00:00:00.0000,  2.025431669554384E-03,  7.143835631864439E-03,  2.349019828568224E+00,  3.387033105380957E+02,  3.412801029934915E+02,  2.461942555054764E+06,  5.028199018820935E+01,  2.063857663380843E+02,  2.062828528177122E+02,  7.158334348956074E-03,  7.172833066047709E-03,  7.159621141734692E+00,
2461940.500000000, A.D. 2028-Jun-18 00:00:00.0000,  2.359927967031849E-03,  7.138271026989518E-03,  2.349034736313747E+00,  3.387034935198132E+02,  3.469182214729465E+02,  2.461942665157538E+06,  5.031548991373028E+01,  2.510590377121356E+02,  2.508034981387370E+02,  7.155156681350333E-03,  7.172042335711148E-03,  7.154854312603281E+00,
2461941.500000000, A.D. 2028-Jun-19 00:00:00.0000,  2.428207034778981E-03,  7.139691579918649E-03,  2.349029091170252E+00,  3.387023174262074E+02,  3.418009416261283E+02,  2.461942563992173E+06,  5.029531028192020E+01,  3.064861835193155E+02,  3.062620649098047E+02,  7.157070428681983E-03,  7.174449277445317E-03,  7.157725004221918E+00,
2461942.500000000, A.D. 2028-Jun-20 00:00:00.0000,  2.374988843222833E-03,  7.138503316288802E-03,  2.349056138371703E+00,  3.387016656206119E+02,  3.479720045771802E+02,  2.461942685968191E+06,  5.031189468726589E+01,  3.506435879467139E+02,  3.505992124938389E+02,  7.155497543121423E-03,  7.172491769954045E-03,  7.155365589742284E+00,
2461943.500000000, A.D. 2028-Jun-21 00:00:00.0000,  2.517695843565401E-03,  7.138654682075602E-03,  2.349042564186393E+00,  3.387013935053844E+02,  3.486680002536176E+02,  2.461942699790153E+06,  5.029949980041307E+01,  4.025015504267645E+01,  4.043701519067594E+01,  7.156673007961503E-03,  7.174691333847404E-03,  7.157128826896279E+00,
2461944.500000000, A.D. 2028-Jun-22 00:00:00.0000,  2.293121903901858E-03,  7.141213794499902E-03,  2.349016501043211E+00,  3.387007722595110E+02,  3.544532279882257E+02,  2.461942813782902E+06,  5.028944289455961E+01,  8.479891847629652E+01,  8.506067607911335E+01,  7.157627105996626E-03,  7.174040417493350E-03,  7.158560112801434E+00,
2461945.500000000, A.D. 2028-Jun-23 00:00:00.0000,  2.195924373519891E-03,  7.140234554892304E-03,  2.349052252171289E+00,  3.386987366520535E+02,  3.475078998913135E+02,  2.461942676027820E+06,  5.030713914185144E+01,  1.420659614009929E+02,  1.422203202254908E+02,  7.155948476567653E-03,  7.171662398243002E-03,  7.156041988094477E+00,
2461946.500000000, A.D. 2028-Jun-24 00:00:00.0000,  1.807473837445179E-03,  7.145818396850377E-03,  2.349055703045453E+00,  3.386984795408097E+02,  3.424643336823289E+02,  2.461949733410163E+06,  5.027753030611788E+01,  1.974321225436120E+02,  1.973702075306202E+02,  7.158757664036734E-03,  7.171696931223089E-03,  7.160256237888326E+00,
2461947.500000000, A.D. 2028-Jun-25 00:00:00.0000,  2.157108529908594E-03,  7.140048957029509E-03,  2.349062240572857E+00,  3.386985225615738E+02,  3.482067308192321E+02,  2.461949845493865E+06,  5.031203633448958E+01,  2.419934274484589E+02,  2.417754646128854E+02,  7.155484112844952E-03,  7.170919268660395E-03,  7.155345444708528E+00,
2461948.500000000, A.D. 2028-Jun-26 00:00:00.0000,  2.176447722103611E-03,  7.141244334552990E-03,  2.349048686884515E+00,  3.386971998042445E+02,  3.444016087187820E+02,  2.461949770307140E+06,  5.029794194455523E+01,  2.961061652224638E+02,  2.958819388274028E+02,  7.156820780838952E-03,  7.172397227124913E-03,  7.157350501474546E+00,
2461949.500000000, A.D. 2028-Jun-27 00:00:00.0000,  2.211045733140102E-03,  7.139647902867004E-03,  2.349071031389218E+00,  3.386964667399340E+02,  3.514340440033055E+02,  2.461949909298883E+06,  5.031219602356865E+01,  3.394072743653196E+02,  3.393179282545360E+02,  7.155468972006175E-03,  7.171290041145346E-03,  7.155322733902506E+00,
2461950.500000000, A.D. 2028-Jun-28 00:00:00.0000,  2.340474107393926E-03,  7.139726128925980E-03,  2.349062490267182E+00,  3.386962301445570E+02,  3.515130450092420E+02,  2.461949910909617E+06,  5.030158025613865E+01,  2.963217718356759E+01,  2.976512054967015E+01,  7.156475674943381E-03,  7.173225220960782E-03,  7.156832810557014E+00,
2461951.500000000, A.D. 2028-Jun-29 00:00:00.0000,  2.227415465598082E-03,  7.142029401710354E-03,  2.349026671087206E+00,  3.386955290213356E+02,  3.596572075309130E+02,  2.461950071781999E+06,  5.028579582454407E+01,  7.181907878687338E+01,  7.206178916669997E+01,  7.157973181878007E-03,  7.173916962045659E-03,  7.159079300566364E+00,
2461952.500000000, A.D. 2028-Jun-30 00:00:00.0000,  2.095495162090816E-03,  7.140951375542160E-03,  2.349051156401196E+00,  3.386935544218069E+02,  3.521096135112363E+02,  2.461949922131928E+06,  5.030715864502994E+01,  1.296852180900738E+02,  1.298697016220144E+02,  7.155946627079385E-03,  7.170941878616609E-03,  7.156039213826001E+00,
2461953.500000000, A.D. 2028-Jul-01 00:00:00.0000,  1.717780366687708E-03,  7.146178118703192E-03,  2.349060294141333E+00,  3.386931067662899E+02,  3.493110048938890E+02,  2.461957024082976E+06,  5.028051031274626E+01,  1.828073095797124E+02,  1.827976893894036E+02,  7.158474806180677E-03,  7.170771493658161E-03,  7.159831866478470E+00,
2461954.500000000, A.D. 2028-Jul-02 00:00:00.0000,  2.129334321093153E-03,  7.140034717528829E-03,  2.349082732999888E+00,  3.386933232134301E+02,  3.505741642842273E+02,  2.461957046793438E+06,  5.031428745949461E+01,  2.318599028819912E+02,  2.316683085290815E+02,  7.155270680966522E-03,  7.170506644404215E-03,  7.155025305482405E+00,
2461955.500000000, A.D. 2028-Jul-03 00:00:00.0000,  2.112284458356644E-03,  7.141580924821255E-03,  2.349071198821243E+00,  3.386924234945884E+02,  3.461983310218945E+02,  2.461956960388279E+06,  5.029923730775765E+01,  2.865435833851708E+02,  2.863113795215605E+02,  7.156697906582481E-03,  7.171814888343708E-03,  7.157166177238977E+00,
2461956.500000000, A.D. 2028-Jul-04 00:00:00.0000,  2.210444149681112E-03,  7.139799609801894E-03,  2.349088938757770E+00,  3.386916516041966E+02,  3.525110627825928E+02,  2.461957085069377E+06,  5.031063797641680E+01,  3.305647863941721E+02,  3.304400055913584E+02,  7.155616700875704E-03,  7.171433791949514E-03,  7.155544323821745E+00,
2461957.500000000, A.D. 2028-Jul-05 00:00:00.0000,  2.288570070053026E-03,  7.139834635425449E-03,  2.349091829855065E+00,  3.386913913477605E+02,  3.522422086958431E+02,  2.461957079790122E+06,  5.030435901679738E+01,  2.113838855226902E+01,  2.123321486276193E+01,  7.156212128317264E-03,  7.172589621209080E-03,  7.156437474529604E+00,
2461958.500000000, A.D. 2028-Jul-06 00:00:00.0000,  2.285129841266189E-03,  7.141906664553691E-03,  2.349043061545386E+00,  3.386905528281095E+02,  1.781787779261372E+00,  2.461957268385062E+06,  5.028272902143925E+01,  6.192896018871867E+01,  6.216032357207627E+01,  7.158264227752197E-03,  7.174621790950702E-03,  7.159515941278870E+00,
2461959.500000000, A.D. 2028-Jul-07 00:00:00.0000,  2.143595208589373E-03,  7.140964514555694E-03,  2.349059547414458E+00,  3.386875024439803E+02,  3.556037559441232E+02,  2.461957145905247E+06,  5.030338256809950E+01,  1.184189289566388E+02,  1.186346897249988E+02,  7.156304735097052E-03,  7.171644955638411E-03,  7.156576389522925E+00,
2461960.500000000, A.D. 2028-Jul-08 00:00:00.0000,  1.821090599825670E-03,  7.145477685559854E-03,  2.349104395772563E+00,  3.386860211394247E+02,  3.556451807431469E+02,  2.461957144912019E+06,  5.028009750001338E+01,  1.686941507766830E+02,  1.687349708946454E+02,  7.158513988092291E-03,  7.171550290624728E-03,  7.159890650568134E+00,
2461961.500000000, A.D. 2028-Jul-09 00:00:00.0000,  2.257211418348999E-03,  7.139053580713279E-03,  2.349134883803706E+00,  3.386861977777859E+02,  3.534465788949730E+02,  2.461964258358528E+06,  5.031498668531128E+01,  2.212132273804654E+02,  2.210431688017908E+02,  7.155204389762472E-03,  7.171355198811666E-03,  7.154925872316619E+00,
2461962.500000000, A.D. 2028-Jul-10 00:00:00.0000,  2.217209355066912E-03,  7.140616150398773E-03,  2.349122916353049E+00,  3.386854537256434E+02,  3.497987657043907E+02,  2.461964186427691E+06,  5.030149698811757E+01,  2.751701625941886E+02,  2.749170604361199E+02,  7.156483572725602E-03,  7.172350995052432E-03,  7.156844657824810E+00,
2461963.500000000, A.D. 2028-Jul-11 00:00:00.0000,  2.390093736488610E-03,  7.138785580860429E-03,  2.349135375606633E+00,  3.386846478659139E+02,  3.539373076182184E+02,  2.461964267951187E+06,  5.030776817473125E+01,  3.213660897322991E+02,  3.211946923750374E+02,  7.155888825922276E-03,  7.172992070984122E-03,  7.155952511143636E+00,
2461964.500000000, A.D. 2028-Jul-12 00:00:00.0000,  2.430926495233240E-03,  7.138803359046345E-03,  2.349147072124887E+00,  3.386843241844517E+02,  3.532394735434910E+02,  2.461964254181865E+06,  5.030449160165895E+01,  1.236575633325140E+01,  1.242558873698180E+01,  7.156199554147697E-03,  7.173595749249049E-03,  7.156418612689605E+00,
2461965.500000000, A.D. 2028-Jul-13 00:00:00.0000,  2.498325934470391E-03,  7.140431927642811E-03,  2.349100784461027E+00,  3.386837684607547E+02,  1.485642330810344E+00,  2.461964417192215E+06,  5.028218632864544E+01,  5.444594279187436E+01,  5.467927961542047E+01,  7.158315733486909E-03,  7.176199539331008E-03,  7.159593213529586E+00,
2461966.500000000, A.D. 2028-Jul-14 00:00:00.0000,  2.273006271659662E-03,  7.139492084742776E-03,  2.349105286217456E+00,  3.386822010598203E+02,  3.543556536463502E+02,  2.461964275857981E+06,  5.030915661574316E+01,  1.118947091585989E+02,  1.121361326459286E+02,  7.155757165658791E-03,  7.172022246574806E-03,  7.155755019899217E+00,
2461967.500000000, A.D. 2028-Jul-15 00:00:00.0000,  1.891387972637032E-03,  7.144805625003257E-03,  2.349122470535911E+00,  3.386811887342743E+02,  3.560256435512789E+02,  2.461964307046151E+06,  5.028187973159319E+01,  1.605477214373892E+02,  1.606197389958469E+02,  7.158344832323101E-03,  7.171884039642944E-03,  7.159636869617749E+00,
2461968.500000000, A.D. 2028-Jul-16 00:00:00.0000,  2.273000113440342E-03,  7.139101198514967E-03,  2.349146184863639E+00,  3.386813187332618E+02,  3.518069113628799E+02,  2.461971380168209E+06,  5.031328899363758E+01,  2.150892645404230E+02,  2.149398822899219E+02,  7.155365344755302E-03,  7.171629490995638E-03,  7.155167296765754E+00,
2461969.500000000, A.D. 2028-Jul-17 00:00:00.0000,  2.225495844871912E-03,  7.140391249703023E-03,  2.349136005468183E+00,  3.386807458134413E+02,  3.493720224584924E+02,  2.461971332256884E+06,  5.030324687209168E+01,  2.678315296260943E+02,  2.675767168740309E+02,  7.156317604797084E-03,  7.172243959891143E-03,  7.156595694814455E+00,
2461970.500000000, A.D. 2028-Jul-18 00:00:00.0000,  2.442010884465726E-03,  7.138595621350201E-03,  2.349144319124114E+00,  3.386798395699540E+02,  3.521295274160579E+02,  2.461971386380455E+06,  5.030584899265160E+01,  3.154098786968449E+02,  3.152129993122770E+02,  7.156070824192890E-03,  7.173546027035578E-03,  7.156225512714967E+00,
2461971.500000000, A.D. 2028-Jul-19 00:00:00.0000,  2.484799978397487E-03,  7.138595226108845E-03,  2.349167926683937E+00,  3.386793355504350E+02,  3.510971401044425E+02,  2.461971365984640E+06,  5.030261648836063E+01,  6.741323251194716E+00,  6.774851090585156E+00,  7.156377392499128E-03,  7.174159558889412E-03,  7.156685380039810E+00,
2461972.500000000, A.D. 2028-Jul-20 00:00:00.0000,  2.638462949819843E-03,  7.139805324259216E-03,  2.349107669650817E+00,  3.386787383081812E+02,  3.575331821903929E+02,  2.461971493212564E+06,  5.027820868107989E+01,  5.061946880282105E+01,  5.085365593174158E+01,  7.158693271224469E-03,  7.177581218189721E-03,  7.160159628667737E+00,
2461973.500000000, A.D. 2028-Jul-21 00:00:00.0000,  2.378755031392580E-03,  7.138553375754804E-03,  2.349100494770255E+00,  3.386771853880737E+02,  3.493549444097321E+02,  2.461971331169049E+06,  5.031108056667182E+01,  1.091162287217109E+02,  1.093735311545188E+02,  7.155574735158567E-03,  7.172596094562332E-03,  7.155481375975041E+00,
2461974.500000000, A.D. 2028-Jul-22 00:00:00.0000,  1.996137082706041E-03,  7.143839978830043E-03,  2.349116936128286E+00,  3.386758714830793E+02,  3.512388356238980E+02,  2.461971366641533E+06,  5.028415827763695E+01,  1.575582931091459E+02,  1.576454122741708E+02,  7.158128584740821E-03,  7.172417190651601E-03,  7.159312442147490E+00,
2461975.500000000, A.D. 2028-Jul-23 00:00:00.0000,  2.324231629678882E-03,  7.138895871957282E-03,  2.349133304184146E+00,  3.386759600601776E+02,  3.458786247085712E+02,  2.461978416918741E+06,  5.031158428546532E+01,  2.132451969208659E+02,  2.130995387503129E+02,  7.155526974077454E-03,  7.172158076197627E-03,  7.155409735407628E+00,
2461976.500000000, A.D. 2028-Jul-24 00:00:00.0000,  2.266419718538901E-03,  7.140120886731141E-03,  2.349122787006619E+00,  3.386754602331055E+02,  3.440156467546784E+02,  2.461978380354254E+06,  5.030300908497655E+01,  2.654125229048619E+02,  2.651537018821745E+02,  7.156340157175937E-03,  7.172559427620732E-03,  7.156629524723945E+00,
2461977.500000000, A.D. 2028-Jul-25 00:00:00.0000,  2.479991413659770E-03,  7.138593691441148E-03,  2.349125247089313E+00,  3.386744937824889E+02,  3.458125352150628E+02,  2.461978415488142E+06,  5.030299643901269E+01,  3.139482032599229E+02,  3.137431578551527E+02,  7.156341356558632E-03,  7.174089021676116E-03,  7.156631323870807E+00,
2461978.500000000, A.D. 2028-Jul-26 00:00:00.0000,  2.424014180955451E-03,  7.138493101867222E-03,  2.349153795503057E+00,  3.386738406381373E+02,  3.458667182915489E+02,  2.461978416593322E+06,  5.030829406690047E+01,  4.196047698622536E+00,  4.216433674117404E+00,  7.155838956975565E-03,  7.173184812083908E-03,  7.155877707188169E+00,
2461979.500000000, A.D. 2028-Jul-27 00:00:00.0000,  2.599664537728971E-03,  7.139787558983633E-03,  2.349107825199416E+00,  3.386735543968817E+02,  3.534714445395913E+02,  2.461978566959290E+06,  5.028133018737591E+01,  4.691452799189398E+01,  4.713257810431735E+01,  7.158396989784960E-03,  7.177006420586288E-03,  7.159715120074227E+00,
2461980.500000000, A.D. 2028-Jul-28 00:00:00.0000,  2.310944463209086E-03,  7.139025662909152E-03,  2.349101410681603E+00,  3.386726251188902E+02,  3.466825109275396E+02,  2.461978432367295E+06,  5.031121731774366E+01,  1.040251183419382E+02,  1.042818582321557E+02,  7.155561768759817E-03,  7.172097874610484E-03,  7.155461926639486E+00,
2461981.500000000, A.D. 2028-Jul-29 00:00:00.0000,  1.950055978265887E-03,  7.144136666373549E-03,  2.349114879830569E+00,  3.386710779167574E+02,  3.498714900443035E+02,  2.461978493896659E+06,  5.028450844723211E+01,  1.511604288550506E+02,  1.512679869796015E+02,  7.158095353009683E-03,  7.172054039645817E-03,  7.159262586364529E+00,
2461982.500000000, A.D. 2028-Jul-30 00:00:00.0000,  2.234655992879573E-03,  7.139699200243978E-03,  2.349129265730893E+00,  3.386711334028120E+02,  3.428738813891717E+02,  2.461985511597392E+06,  5.030986805460061E+01,  2.084869325887889E+02,  2.083650958234713E+02,  7.155689705126726E-03,  7.171680210009474E-03,  7.155653829369955E+00,
2461983.500000000, A.D. 2028-Jul-31 00:00:00.0000,  2.178977953723361E-03,  7.140758628479770E-03,  2.349116841596032E+00,  3.386706147404731E+02,  3.413685905444861E+02,  2.461985482084556E+06,  5.030288250888831E+01,  2.602954334234941E+02,  2.600494277402278E+02,  7.156352162069998E-03,  7.171945695660228E-03,  7.156647532800719E+00,
2461984.500000000, A.D. 2028-Aug-01 00:00:00.0000,  2.375437513719878E-03,  7.139949089405332E-03,  2.349114046926687E+00,  3.386684347224531E+02,  3.406787706074788E+02,  2.461985468044692E+06,  5.029657999605662E+01,  3.113106627184279E+02,  3.111057971350587E+02,  7.156949976864192E-03,  7.173950864323052E-03,  7.157544310730967E+00,
2461985.500000000, A.D. 2028-Aug-02 00:00:00.0000,  2.212188058557738E-03,  7.139843873473723E-03,  2.349175300451940E+00,  3.386667957433572E+02,  3.412005782558934E+02,  2.461985478407032E+06,  5.031003822770520E+01,  1.086343064239522E+00,  1.091162489540593E+00,  7.155673569094211E-03,  7.171503264714697E-03,  7.155629625456175E+00,
2461986.500000000, A.D. 2028-Aug-03 00:00:00.0000,  2.403150994826856E-03,  7.141019938066244E-03,  2.349139356596253E+00,  3.386666198497315E+02,  3.490769718753922E+02,  2.461985634222928E+06,  5.028317157244295E+01,  4.353401704797606E+01,  4.372410884596275E+01,  7.158222226932088E-03,  7.175424515797932E-03,  7.159452929124571E+00,
2461987.500000000, A.D. 2028-Aug-04 00:00:00.0000,  2.080529273914552E-03,  7.140596424664273E-03,  2.349130733642564E+00,  3.386659665674318E+02,  3.426805419216476E+02,  2.461985507314014E+06,  5.031204155567001E+01,  1.002561001300373E+02,  1.004905925932578E+02,  7.155483617800119E-03,  7.170370810935966E-03,  7.155344702155683E+00,
2461988.500000000, A.D. 2028-Aug-05 00:00:00.0000,  1.727017071865584E-03,  7.145752536414349E-03,  2.349139087532797E+00,  3.386641994004856E+02,  3.476571010354509E+02,  2.461985604401717E+06,  5.028430434386993E+01,  1.456031453204083E+02,  1.457147453403450E+02,  7.158114722742897E-03,  7.170476909071444E-03,  7.159291645721792E+00,
2461989.500000000, A.D. 2028-Aug-06 00:00:00.0000,  1.943896320908305E-03,  7.142162837379509E-03,  2.349149400777925E+00,  3.386642523222482E+02,  3.389829102450066E+02,  2.461992589010840E+06,  5.030582075242499E+01,  2.046047743624363E+02,  2.045122337313094E+02,  7.156073502332845E-03,  7.169984167286181E-03,  7.156229530012116E+00,
2461990.500000000, A.D. 2028-Aug-07 00:00:00.0000,  1.920145819939093E-03,  7.142402563957722E-03,  2.349150094448690E+00,  3.386640281927762E+02,  3.394512078322375E+02,  2.461992598465701E+06,  5.030508368116451E+01,  2.544365073068844E+02,  2.542246794772298E+02,  7.156143402799494E-03,  7.169884241641265E-03,  7.156334383254252E+00,
2461991.500000000, A.D. 2028-Aug-08 00:00:00.0000,  2.143482506482060E-03,  7.141310752643604E-03,  2.349141034809765E+00,  3.386630624053748E+02,  3.389429270040621E+02,  2.461992587964485E+06,  5.029973278315460E+01,  3.052756771413336E+02,  3.050748427758156E+02,  7.156650908671339E-03,  7.171991064699074E-03,  7.157095675875321E+00,
2461992.500000000, A.D. 2028-Aug-09 00:00:00.0000,  2.016434437060533E-03,  7.140954852253563E-03,  2.349173465431885E+00,  3.386620330177983E+02,  3.410084867994665E+02,  2.461992628879114E+06,  5.031310052815829E+01,  3.535156921696579E+02,  3.534895320847826E+02,  7.155383213375379E-03,  7.169811574497194E-03,  7.155194098970743E+00,
2461993.500000000, A.D. 2028-Aug-10 00:00:00.0000,  2.297538413603285E-03,  7.141831845606760E-03,  2.349136072825099E+00,  3.386619582214512E+02,  3.483322924221613E+02,  2.461992773829773E+06,  5.028258111739581E+01,  3.651371333919605E+01,  3.667073024274527E+01,  7.158278264895620E-03,  7.174724684184479E-03,  7.159537000686188E+00,
2461994.500000000, A.D. 2028-Aug-11 00:00:00.0000,  1.939559478947497E-03,  7.141658663564244E-03,  2.349127193358217E+00,  3.386615514138531E+02,  3.428494278314872E+02,  2.461992664980362E+06,  5.031147586960609E+01,  9.232254623544725E+01,  9.254459842862555E+01,  7.155537253671564E-03,  7.169415843778885E-03,  7.155425154551694E+00,
2461995.500000000, A.D. 2028-Aug-12 00:00:00.0000,  1.620133577789956E-03,  7.146429232793274E-03,  2.349129843479639E+00,  3.386595604765289E+02,  3.493102908970901E+02,  2.461992791740967E+06,  5.028523723063473E+01,  1.361854479409475E+02,  1.363137931910507E+02,  7.158026191376621E-03,  7.169623149959968E-03,  7.159158827248826E+00,
2461996.500000000, A.D. 2028-Aug-13 00:00:00.0000,  1.710345980009163E-03,  7.144368848701259E-03,  2.349140404459869E+00,  3.386595571196189E+02,  3.391035750429232E+02,  2.461999746144095E+06,  5.030017328002496E+01,  1.967183895175539E+02,  1.966621243569949E+02,  7.156609126351013E-03,  7.168849404000765E-03,  7.157032998591320E+00,
2461997.500000000, A.D. 2028-Aug-14 00:00:00.0000,  1.687818512316990E-03,  7.144199199745854E-03,  2.349138057892945E+00,  3.386592822592903E+02,  3.423631413159749E+02,  2.461999810993754E+06,  5.030366764772363E+01,  2.437485382684696E+02,  2.435752385038325E+02,  7.156277697723353E-03,  7.168356195700852E-03,  7.156535831961169E+00,
2461998.500000000, A.D. 2028-Aug-15 00:00:00.0000,  1.894323758994781E-03,  7.143100680789296E-03,  2.349118985876325E+00,  3.386581081292703E+02,  3.413806797946683E+02,  2.461999791062547E+06,  5.029966110580485E+01,  2.950599914283542E+02,  2.948631551511392E+02,  7.156657707519644E-03,  7.170214734249992E-03,  7.157105874783998E+00,
2461999.500000000, A.D. 2028-Aug-16 00:00:00.0000,  1.773527190077202E-03,  7.142374448324358E-03,  2.349147980752512E+00,  3.386569358682341E+02,  3.459453741822507E+02,  2.461999881464794E+06,  5.031646596757228E+01,  3.408060396599206E+02,  3.407390837565862E+02,  7.155064149139603E-03,  7.167753849954848E-03,  7.154715520601369E+00,
2462000.500000000, A.D. 2028-Aug-17 00:00:00.0000,  2.148267785836626E-03,  7.142891879626157E-03,  2.349111860741948E+00,  3.386569278885510E+02,  3.518094810177876E+02,  2.461999997568500E+06,  5.028267073064777E+01,  2.526359766427111E+01,  2.536891604072447E+01,  7.158269759953793E-03,  7.173647640281428E-03,  7.159524241033931E+00,
2462001.500000000, A.D. 2028-Aug-18 00:00:00.0000,  1.777013463075383E-03,  7.143098695076930E-03,  2.349099233019225E+00,  3.386566191812154E+02,  3.493433722718011E+02,  2.461999948476152E+06,  5.030855014497180E+01,  7.805491527725948E+01,  7.825422791622704E+01,  7.155814674092065E-03,  7.168530653107200E-03,  7.155841282696575E+00,
2462002.500000000, A.D. 2028-Aug-19 00:00:00.0000,  1.549137437460904E-03,  7.146968565536327E-03,  2.349093939771290E+00,  3.386544829286792E+02,  3.580124813431657E+02,  2.462000119461892E+06,  5.028490857948680E+01,  1.197051411393611E+02,  1.198591830352416E+02,  7.158057380203495E-03,  7.169146194870663E-03,  7.159205617942759E+00,
2462003.500000000, A.D. 2028-Aug-20 00:00:00.0000,  1.568715262298052E-03,  7.145323932662759E-03,  2.349101578495433E+00,  3.386544760435345E+02,  3.457682654223994E+02,  2.462007033191739E+06,  5.030079112940066E+01,  1.822776602995806E+02,  1.822705301521194E+02,  7.156550522693115E-03,  7.167777112723470E-03,  7.156945088077969E+00,
2462004.500000000, A.D. 2028-Aug-21 00:00:00.0000,  1.647466465524919E-03,  7.143981230185083E-03,  2.349121016664443E+00,  3.386543982744658E+02,  3.482094293994995E+02,  2.462007081327165E+06,  5.030901998539462E+01,  2.301359600526256E+02,  2.299912454118695E+02,  7.155770121495251E-03,  7.167559012805419E-03,  7.155774453656875E+00,
2462005.500000000, A.D. 2028-Aug-22 00:00:00.0000,  1.826638629635744E-03,  7.143689292183081E-03,  2.349103849828000E+00,  3.386536267801877E+02,  3.432604296737366E+02,  2.462006982831989E+06,  5.029856045314499E+01,  2.854156855443554E+02,  2.852137767292156E+02,  7.156762110316899E-03,  7.169834928450716E-03,  7.157262489357993E+00,
2462006.500000000, A.D. 2028-Aug-23 00:00:00.0000,  1.721645004202236E-03,  7.142635413534359E-03,  2.349127863308218E+00,  3.386524059540274E+02,  3.493415101591443E+02,  2.462007103243534E+06,  5.031763101471510E+01,  3.296462144252042E+02,  3.295463329183170E+02,  7.154953703833864E-03,  7.167271994133368E-03,  7.154549861354167E+00,
2462007.500000000, A.D. 2028-Aug-24 00:00:00.0000,  2.126640922845162E-03,  7.142969664327971E-03,  2.349100999586612E+00,  3.386524060064065E+02,  3.527634989342429E+02,  2.462007170976342E+06,  5.028348406765410E+01,  1.654445586333406E+01,  1.661402753727584E+01,  7.158192569580047E-03,  7.173415474832122E-03,  7.159408435494181E+00,
2462008.500000000, A.D. 2028-Aug-25 00:00:00.0000,  1.766726131939401E-03,  7.143415120830827E-03,  2.349082606422025E+00,  3.386521005423258E+02,  3.535746345437241E+02,  2.462007186834176E+06,  5.030598511309464E+01,  6.606010040405884E+01,  6.624530132768280E+01,  7.156057915351551E-03,  7.168700709872276E-03,  7.156206149043130E+00,
2462009.500000000, A.D. 2028-Aug-26 00:00:00.0000,  1.643576997985045E-03,  7.146618688725479E-03,  2.349068910357628E+00,  3.386488097972943E+02,  4.067001888555637E+00,  2.462007394252851E+06,  5.028146658563307E+01,  1.058800549072080E+02,  1.060611051828124E+02,  7.158384044083078E-03,  7.170149399440676E-03,  7.159695697954500E+00,
2462010.500000000, A.D. 2028-Aug-27 00:00:00.0000,  1.613984702546990E-03,  7.145286121598054E-03,  2.349105915523492E+00,  3.386478901733914E+02,  3.529754008464388E+02,  2.462007173927008E+06,  5.029776941077452E+01,  1.672940523941270E+02,  1.673346515517528E+02,  7.156837147272371E-03,  7.168388172946687E-03,  7.157375052955782E+00,
2462011.500000000, A.D. 2028-Aug-28 00:00:00.0000,  1.789657951904450E-03,  7.142627530728750E-03,  2.349141886878657E+00,  3.386477805364483E+02,  3.545064465333818E+02,  2.462014360820439E+06,  5.031257216304896E+01,  2.160647652035554E+02,  2.159442529501714E+02,  7.155433308849255E-03,  7.168239086969759E-03,  7.155269240327065E+00,
2462012.500000000, A.D. 2028-Aug-29 00:00:00.0000,  1.915107258564169E-03,  7.143064848983576E-03,  2.349122208763224E+00,  3.386471096232409E+02,  3.475135199099172E+02,  2.462014221916652E+06,  5.029846849983197E+01,  2.733902295195560E+02,  2.731711279726225E+02,  7.156770832753263E-03,  7.170476816522948E-03,  7.157275573931294E+00,
2462013.500000000, A.D. 2028-Aug-30 00:00:00.0000,  1.866114460609818E-03,  7.141613340084520E-03,  2.349140068400912E+00,  3.386458579558648E+02,  3.538095124755916E+02,  2.462014346472333E+06,  5.031750843211371E+01,  3.174076212681024E+02,  3.172626496136892E+02,  7.154965324341436E-03,  7.168317308598351E-03,  7.154567291138769E+00,
2462014.500000000, A.D. 2028-Aug-31 00:00:00.0000,  2.294520419272314E-03,  7.141921447610355E-03,  2.349121148776445E+00,  3.386458280551812E+02,  3.538133303053357E+02,  2.462014346487332E+06,  5.028186300708939E+01,  7.718902965665166E+00,  7.754318917940041E+00,  7.158346419638440E-03,  7.174771391666524E-03,  7.159639251020640E+00,
2462015.500000000, A.D. 2028-Sep-01 00:00:00.0000,  1.941303560123845E-03,  7.142294122465292E-03,  2.349109003420902E+00,  3.386457776702193E+02,  3.560130682517117E+02,  2.462014389879552E+06,  5.030462974684892E+01,  5.584419810234170E+01,  5.602853518089805E+01,  7.156186452702835E-03,  7.170078782940377E-03,  7.156398959929734E+00,
2462016.500000000, A.D. 2028-Sep-02 00:00:00.0000,  1.813469769904674E-03,  7.144782929362362E-03,  2.349088530767311E+00,  3.386437242870806E+02,  3.102448068483084E+00,  2.462014529912741E+06,  5.028800740478740E+01,  9.907176267449915E+01,  9.927689790181789E+01,  7.157763316757433E-03,  7.170743704152504E-03,  7.158764456547708E+00,
2462017.500000000, A.D. 2028-Sep-03 00:00:00.0000,  1.645759613037395E-03,  7.145080722424816E-03,  2.349092283618374E+00,  3.386436645708962E+02,  3.539481997068604E+02,  2.462014347618760E+06,  5.029753701585209E+01,  1.585570121166984E+02,  1.586258242202385E+02,  7.156859192239600E-03,  7.168637662054383E-03,  7.157408122917432E+00,
2462018.500000000, A.D. 2028-Sep-04 00:00:00.0000,  1.839813112299851E-03,  7.142140977961050E-03,  2.349126690303181E+00,  3.386435116682063E+02,  3.545591695037450E+02,  2.462021516086896E+06,  5.031392122872894E+01,  2.082488415024062E+02,  2.081492584753193E+02,  7.155305402663381E-03,  7.168469827365712E-03,  7.155077386304809E+00,
2462019.500000000, A.D. 2028-Sep-05 00:00:00.0000,  1.908468338481896E-03,  7.143183967358502E-03,  2.349105922601569E+00,  3.386429551234713E+02,  3.469236136719420E+02,  2.462021364597855E+06,  5.029771219421181E+01,  2.662149937142071E+02,  2.659968112598315E+02,  7.156842574816037E-03,  7.170501182273571E-03,  7.157383194884722E+00,
2462020.500000000, A.D. 2028-Sep-06 00:00:00.0000,  1.902674329091046E-03,  7.141296036105524E-03,  2.349118085183268E+00,  3.386416469919868E+02,  3.539314462698158E+02,  2.462021503153148E+06,  5.031809733072910E+01,  3.095232422543035E+02,  3.093548062160946E+02,  7.154909498735738E-03,  7.168522961365951E-03,  7.154483557551949E+00,
2462021.500000000, A.D. 2028-Sep-07 00:00:00.0000,  2.362060539039940E-03,  7.141708965004373E-03,  2.349112123951750E+00,  3.386414477040122E+02,  3.514249343405021E+02,  2.462021453452912E+06,  5.027900110762128E+01,  2.340341091093536E+00,  2.351426771682152E+00,  7.158618054224317E-03,  7.175527143444260E-03,  7.160046780353225E+00,
2462022.500000000, A.D. 2028-Sep-08 00:00:00.0000,  2.067845963235154E-03,  7.141889462174377E-03,  2.349089091590085E+00,  3.386413387724073E+02,  3.535072846714019E+02,  2.462021494551437E+06,  5.029933762116343E+01,  5.057339670169586E+01,  5.075673264068198E+01,  7.156688391374612E-03,  7.171487320574848E-03,  7.157151903498032E+00,
2462023.500000000, A.D. 2028-Sep-09 00:00:00.0000,  1.934595975028735E-03,  7.143629347620709E-03,  2.349057572205294E+00,  3.386391689266065E+02,  3.573346350904245E+02,  2.462021570023924E+06,  5.029103362618753E+01,  9.706049173323582E+01,  9.728043310665933E+01,  7.157476172214841E-03,  7.171322996808974E-03,  7.158333683810804E+00,
2462024.500000000, A.D. 2028-Sep-10 00:00:00.0000,  1.715718392046783E-03,  7.144597881452230E-03,  2.349058999937558E+00,  3.386390588830306E+02,  3.493502855135989E+02,  2.462021410772562E+06,  5.029734858327949E+01,  1.553799493318391E+02,  1.554616961178428E+02,  7.156877067065813E-03,  7.169156252679396E-03,  7.157434937229990E+00,
2462025.500000000, A.D. 2028-Sep-11 00:00:00.0000,  1.927018979035486E-03,  7.141368136118412E-03,  2.349092551248871E+00,  3.386388334930058E+02,  3.490948606886308E+02,  2.462028561857723E+06,  5.031549437899796E+01,  2.059411149550179E+02,  2.058447266665486E+02,  7.155156258025594E-03,  7.168944379932775E-03,  7.154853677643014E+00,
2462026.500000000, A.D. 2028-Sep-12 00:00:00.0000,  1.940457473613320E-03,  7.143189686253632E-03,  2.349067786275622E+00,  3.386383059492283E+02,  3.407969217384720E+02,  2.462028397467910E+06,  5.029523372806590E+01,  2.645664079641099E+02,  2.643450984472326E+02,  7.157077691148653E-03,  7.170965696043672E-03,  7.157735898921009E+00,
2462027.500000000, A.D. 2028-Sep-13 00:00:00.0000,  1.935110630872614E-03,  7.141162312713158E-03,  2.349072836826274E+00,  3.386369920596965E+02,  3.481288893292294E+02,  2.462028542412263E+06,  5.031705778564444E+01,  3.075488819303255E+02,  3.073728139052532E+02,  7.155008044844716E-03,  7.168853776976274E-03,  7.154631368424502E+00,
2462028.500000000, A.D. 2028-Sep-14 00:00:00.0000,  2.321970673569641E-03,  7.141602229115957E-03,  2.349074263043073E+00,  3.386366320436884E+02,  3.455621747078077E+02,  2.462028491537379E+06,  5.028315906499042E+01,  4.255273042721364E-01,  4.275091613863534E-01,  7.158223413958025E-03,  7.174844598800093E-03,  7.159454709969674E+00,
2462029.500000000, A.D. 2028-Sep-15 00:00:00.0000,  2.020474404777744E-03,  7.142006840433901E-03,  2.349065024929256E+00,  3.386367329950537E+02,  3.501390946954181E+02,  2.462028582023514E+06,  5.030167912572525E+01,  4.617575864795379E+01,  4.634309186254205E+01,  7.156466297416486E-03,  7.170925754399071E-03,  7.156818743569318E+00,
2462030.500000000, A.D. 2028-Sep-16 00:00:00.0000,  1.893194481230482E-03,  7.143722517888757E-03,  2.349038233687263E+00,  3.386351723782941E+02,  3.547176033009358E+02,  2.462028672429273E+06,  5.029317897740753E+01,  9.191434167443960E+01,  9.213114704524305E+01,  7.157272626926716E-03,  7.170822735964675E-03,  7.158028331470507E+00,
2462031.500000000, A.D. 2028-Sep-17 00:00:00.0000,  1.627453208494574E-03,  7.145458896959245E-03,  2.349037332338714E+00,  3.386350808205476E+02,  3.488032024738574E+02,  2.462028554114591E+06,  5.029492738501001E+01,  1.481630927097724E+02,  1.482612982534435E+02,  7.157106753308455E-03,  7.168754609657666E-03,  7.157779496214067E+00,
2462032.500000000, A.D. 2028-Sep-18 00:00:00.0000,  1.879569589207734E-03,  7.141576208612379E-03,  2.349074126420343E+00,  3.386347594588475E+02,  3.471886535587116E+02,  2.462035678165048E+06,  5.031688341327368E+01,  2.000846398200619E+02,  2.000108385398716E+02,  7.155024575213986E-03,  7.168472941815593E-03,  7.154656162687361E+00,
2462033.500000000, A.D. 2028-Sep-19 00:00:00.0000,  1.832269601974662E-03,  7.144152057805560E-03,  2.349045074323829E+00,  3.386342228548566E+02,  3.377615850003399E+02,  2.462035491574822E+06,  5.029324778469181E+01,  2.598372339649892E+02,  2.596306494814986E+02,  7.157266098911839E-03,  7.170380140018118E-03,  7.158018538416528E+00,
2462034.500000000, A.D. 2028-Sep-20 00:00:00.0000,  1.833488651807113E-03,  7.142338421498889E-03,  2.349041344194687E+00,  3.386318810377371E+02,  3.440978973831589E+02,  2.462035616804131E+06,  5.031231309165258E+01,  3.038110008839145E+02,  3.036362089275917E+02,  7.155457872306247E-03,  7.168577323113604E-03,  7.155306084699339E+00,
2462035.500000000, A.D. 2028-Sep-21 00:00:00.0000,  2.122747227021640E-03,  7.142962523349515E-03,  2.349079495815686E+00,  3.386303718893832E+02,  3.402256283873838E+02,  2.462035540071760E+06,  5.028385378145395E+01,  3.579850374986670E+02,  3.579764620117935E+02,  7.158157482295641E-03,  7.173352441241766E-03,  7.159355795692370E+00,
2462036.500000000, A.D. 2028-Sep-22 00:00:00.0000,  1.823320311943334E-03,  7.143393168674368E-03,  2.349079182979420E+00,  3.386304839709297E+02,  3.463963844433226E+02,  2.462035662165897E+06,  5.030193894781586E+01,  4.214467987768401E+01,  4.228511489349535E+01,  7.156441654103532E-03,  7.169490139532697E-03,  7.156781776811237E+00,
2462037.500000000, A.D. 2028-Sep-23 00:00:00.0000,  1.680810834455460E-03,  7.144933941809826E-03,  2.349053591674945E+00,  3.386292143982453E+02,  3.509393879751762E+02,  2.462035751932184E+06,  5.029643803799272E+01,  8.792158457862425E+01,  8.811407890740061E+01,  7.156963443507475E-03,  7.168992945205124E-03,  7.157564512382857E+00,
2462038.500000000, A.D. 2028-Sep-24 00:00:00.0000,  1.368477204057652E-03,  7.147582439028592E-03,  2.349050791605428E+00,  3.386290672601794E+02,  3.475237537711437E+02,  2.462035683017905E+06,  5.029207733038799E+01,  1.416718813462129E+02,  1.417690025776467E+02,  7.157377146494412E-03,  7.167171853960233E-03,  7.158185127948117E+00,
2462039.500000000, A.D. 2028-Sep-25 00:00:00.0000,  1.632116794103924E-03,  7.143443308221031E-03,  2.349086696368175E+00,  3.386286725579611E+02,  3.445464959565452E+02,  2.462042780188025E+06,  5.031586310205892E+01,  1.949545083828273E+02,  1.949063406876423E+02,  7.155121301861650E-03,  7.166799295502268E-03,  7.154801245678500E+00,
2462040.500000000, A.D. 2028-Sep-26 00:00:00.0000,  1.543804922490879E-03,  7.146238261327101E-03,  2.349066647694030E+00,  3.386283748550704E+02,  3.348902351985711E+02,  2.462042589128929E+06,  5.029301992044511E+01,  2.549313971740212E+02,  2.547606589786360E+02,  7.157287717336810E-03,  7.168337173346518E-03,  7.158050969487572E+00,
2462041.500000000, A.D. 2028-Sep-27 00:00:00.0000,  1.612020108755525E-03,  7.143501349414094E-03,  2.349059256376759E+00,  3.386272524593364E+02,  3.446863249464555E+02,  2.462042782825793E+06,  5.031676911796915E+01,  2.954523507581794E+02,  2.952854112830520E+02,  7.155035410374475E-03,  7.166569471334857E-03,  7.154672414597395E+00,
2462042.500000000, A.D. 2028-Sep-28 00:00:00.0000,  1.916155946889128E-03,  7.144131669076954E-03,  2.349071824079609E+00,  3.386263927343825E+02,  3.394224831113939E+02,  2.462042678494246E+06,  5.028712319805429E+01,  3.510240378814154E+02,  3.509896984942449E+02,  7.157847220595622E-03,  7.171562772114290E-03,  7.158890330277019E+00,
2462043.500000000, A.D. 2028-Sep-29 00:00:00.0000,  1.716923242950959E-03,  7.144384335908930E-03,  2.349063163256235E+00,  3.386265509498876E+02,  3.479231479576848E+02,  2.462042846819787E+06,  5.029951261915775E+01,  3.285464637562198E+01,  3.296157509412801E+01,  7.156671792050874E-03,  7.168959248192819E-03,  7.157127002914250E+00,
2462044.500000000, A.D. 2028-Sep-30 00:00:00.0000,  1.572035500027792E-03,  7.145522850547860E-03,  2.349042058863962E+00,  3.386255881639819E+02,  3.517993174052555E+02,  2.462042923466081E+06,  5.029843982642847E+01,  7.929719646367745E+01,  7.947426899781178E+01,  7.156773552638268E-03,  7.168024254728676E-03,  7.157279654046925E+00,
2462045.500000000, A.D. 2028-Oct-01 00:00:00.0000,  1.234320801512222E-03,  7.148719396974654E-03,  2.349037784317150E+00,  3.386253030513429E+02,  3.521349844024178E+02,  2.462042928988580E+06,  5.029021215677223E+01,  1.292967097739946E+02,  1.294060620748267E+02,  7.157554114906633E-03,  7.166388832838612E-03,  7.158450612173870E+00,
2462046.500000000, A.D. 2028-Oct-02 00:00:00.0000,  1.462116298074561E-03,  7.144879884949125E-03,  2.349075400625979E+00,  3.386247790357214E+02,  3.464981080042546E+02,  2.462049973449077E+06,  5.031353704552171E+01,  1.852384911589452E+02,  1.852232217181343E+02,  7.155341826852461E-03,  7.165803768755797E-03,  7.155132020916880E+00,
2462047.500000000, A.D. 2028-Oct-03 00:00:00.0000,  1.268359035124743E-03,  7.148556958547371E-03,  2.349050584199768E+00,  3.386244531762100E+02,  3.383530757361798E+02,  2.462049812772592E+06,  5.028935537792622E+01,  2.436921572035631E+02,  2.435619593775959E+02,  7.157635410089889E-03,  7.166713861632406E-03,  7.158572570568617E+00,
2462048.500000000, A.D. 2028-Oct-04 00:00:00.0000,  1.411985045544309E-03,  7.144869377363384E-03,  2.349032543755868E+00,  3.386232001510078E+02,  3.514377457293004E+02,  2.462050071534980E+06,  5.031743705255638E+01,  2.809243875719538E+02,  2.807654651970532E+02,  7.154972090957104E-03,  7.165074804550823E-03,  7.154577440500026E+00,
2462049.500000000, A.D. 2028-Oct-05 00:00:00.0000,  1.649323545769160E-03,  7.145686472285872E-03,  2.349045696981205E+00,  3.386220708731113E+02,  3.439845027303147E+02,  2.462049923777651E+06,  5.029087216797461E+01,  3.386878523321233E+02,  3.386190288816097E+02,  7.157491491531496E-03,  7.169296510777121E-03,  7.158356665551113E+00,
2462050.500000000, A.D. 2028-Oct-06 00:00:00.0000,  1.587198617075770E-03,  7.145483487422048E-03,  2.349031644655438E+00,  3.386222658491643E+02,  3.554110130738043E+02,  2.462050150174748E+06,  5.029770962589314E+01,  1.759540897036997E+01,  1.765049414194972E+01,  7.156842818446112E-03,  7.168202149470177E-03,  7.157383560357446E+00,
2462051.500000000, A.D. 2028-Oct-07 00:00:00.0000,  1.466112432722569E-03,  7.146266768844883E-03,  2.349013171618416E+00,  3.386215030560131E+02,  2.125049911256952E-01,  2.462050245275400E+06,  5.029858920760547E+01,  6.311087724965082E+01,  6.326084144793688E+01,  7.156759382753945E-03,  7.167251996663007E-03,  7.157258397727896E+00,
2462052.500000000, A.D. 2028-Oct-08 00:00:00.0000,  1.176728710098177E-03,  7.149463185907334E-03,  2.349005496753360E+00,  3.386210438115868E+02,  7.128064835927856E+00,  2.462050381622129E+06,  5.028671373603262E+01,  1.065262615845773E+02,  1.066554801404052E+02,  7.157886075956525E-03,  7.166308966005716E-03,  7.158948621891041E+00,
2462053.500000000, A.D. 2028-Oct-09 00:00:00.0000,  1.398819824977516E-03,  7.145061493295778E-03,  2.349039698907243E+00,  3.386204657137931E+02,  3.553069552936350E+02,  2.462050148132421E+06,  5.031640269680817E+01,  1.686539188762658E+02,  1.686854000945810E+02,  7.155070147266878E-03,  7.165078801237979E-03,  7.154724517355781E+00,
2462054.500000000, A.D. 2028-Oct-10 00:00:00.0000,  1.185368656399013E-03,  7.148761672626164E-03,  2.349034811889995E+00,  3.386203216041698E+02,  3.481242880598404E+02,  2.462057161326649E+06,  5.029346335216896E+01,  2.261526657313593E+02,  2.260548049030612E+02,  7.157245647282601E-03,  7.165729621939038E-03,  7.157987857769485E+00,
2462055.500000000, A.D. 2028-Oct-11 00:00:00.0000,  1.409114792529896E-03,  7.144922466653232E-03,  2.349021646978106E+00,  3.386195923444212E+02,  3.565087034542331E+02,  2.462057326604461E+06,  5.031709317890486E+01,  2.680905731432679E+02,  2.679291998246775E+02,  7.155004689601971E-03,  7.165086912550711E-03,  7.154626335825930E+00,
2462056.500000000, A.D. 2028-Oct-12 00:00:00.0000,  1.569347854989849E-03,  7.146087059314579E-03,  2.349032674940396E+00,  3.386183010094782E+02,  3.475197701635295E+02,  2.462057148446635E+06,  5.029268615716970E+01,  3.273878769095505E+02,  3.272907951800497E+02,  7.157319383135980E-03,  7.168551706957381E-03,  7.158098473304127E+00,
2462057.500000000, A.D. 2028-Oct-13 00:00:00.0000,  1.609234546415172E-03,  7.145470241521864E-03,  2.349020212427495E+00,  3.386185052823740E+02,  3.592743180570286E+02,  2.462057381337838E+06,  5.029618431129200E+01,  5.968253982112156E+00,  5.987466338303072E+00,  7.156987513076168E-03,  7.168504784630473E-03,  7.157600619798435E+00,
2462058.500000000, A.D. 2028-Oct-14 00:00:00.0000,  1.487881966858730E-03,  7.146017523707970E-03,  2.349005884835478E+00,  3.386178958956779E+02,  4.608167902303230E+00,  2.462057487030706E+06,  5.029957581480827E+01,  5.095192577507471E+01,  5.108449328459965E+01,  7.156665797691189E-03,  7.167314071674409E-03,  7.157118010804684E+00,
2462059.500000000, A.D. 2028-Oct-15 00:00:00.0000,  1.317026352893237E-03,  7.149060087773414E-03,  2.348990900158916E+00,  3.386162823211195E+02,  1.701939001566241E+01,  2.462057732600726E+06,  5.028037125071580E+01,  8.886549166618954E+01,  8.901638692825829E+01,  7.158488005123032E-03,  7.167915922472652E-03,  7.159851668654393E+00,
2462060.500000000, A.D. 2028-Oct-16 00:00:00.0000,  1.520193316432146E-03,  7.144286757909116E-03,  2.349052398217311E+00,  3.386146640617683E+02,  2.465934065548156E+00,  2.462057444880643E+06,  5.031541281747215E+01,  1.537195916237281E+02,  1.537965905810950E+02,  7.155163990385276E-03,  7.166041222861436E-03,  7.154865275695187E+00,
2462061.500000000, A.D. 2028-Oct-17 00:00:00.0000,  1.310961245803969E-03,  7.147655724109675E-03,  2.349065961456867E+00,  3.386144825724045E+02,  3.589364197310649E+02,  2.462064530785979E+06,  5.029564870068903E+01,  2.075646531222502E+02,  2.074952374384340E+02,  7.157038323987155E-03,  7.166420923864635E-03,  7.157676842829312E+00,
2462062.500000000, A.D. 2028-Oct-18 00:00:00.0000,  1.587977923540888E-03,  7.143619672480137E-03,  2.349052302636135E+00,  3.386139326727182E+02,  2.175247848267130E+00,  2.462064593648638E+06,  5.031733647666307E+01,  2.546531770037061E+02,  2.544777892977528E+02,  7.154981625344524E-03,  7.166343578208910E-03,  7.154591741297081E+00,
2462063.500000000, A.D. 2028-Oct-19 00:00:00.0000,  1.678000096744085E-03,  7.145197259406658E-03,  2.349059205936068E+00,  3.386124690514127E+02,  3.530297910215422E+02,  2.462064412508126E+06,  5.029387014824962E+01,  3.141064347807252E+02,  3.139681634391020E+02,  7.157207053534907E-03,  7.169216847663157E-03,  7.157929961222702E+00,
2462064.500000000, A.D. 2028-Oct-20 00:00:00.0000,  1.835990730483363E-03,  7.144240323045481E-03,  2.349046748998374E+00,  3.386126898353414E+02,  1.955750880187003E+00,  2.462064589226139E+06,  5.029203451619868E+01,  3.555126359506032E+02,  3.554961375291798E+02,  7.157381208599006E-03,  7.170522094152532E-03,  7.158191221793715E+00,
2462065.500000000, A.D. 2028-Oct-21 00:00:00.0000,  1.678413790274354E-03,  7.144502119937886E-03,  2.349048444066637E+00,  3.386123993531980E+02,  6.044114269821216E+00,  2.462064670225099E+06,  5.030117923336029E+01,  4.173865602620648E+01,  4.186689864840715E+01,  7.156513711241121E-03,  7.168525302544356E-03,  7.156889867926675E+00,
2462066.500000000, A.D. 2028-Oct-22 00:00:00.0000,  1.524089338315899E-03,  7.147255605581406E-03,  2.349031135054605E+00,  3.386117263372739E+02,  1.695796205392758E+01,  2.462064886099773E+06,  5.028377152223020E+01,  8.115299026231257E+01,  8.132561048466511E+01,  7.158165288980244E-03,  7.169074972379082E-03,  7.159367507682788E+00,
2462067.500000000, A.D. 2028-Oct-23 00:00:00.0000,  1.603431270844389E-03,  7.143465949954160E-03,  2.349056070703792E+00,  3.386111152907400E+02,  2.505410180276944E+00,  2.462064600100837E+06,  5.031779243246230E+01,  1.459165241677826E+02,  1.460193212092993E+02,  7.154938401928779E-03,  7.166410853903397E-03,  7.154526909804324E+00,
2462068.500000000, A.D. 2028-Oct-24 00:00:00.0000,  1.357699671067926E-03,  7.147282649814281E-03,  2.349067641551704E+00,  3.386109173288109E+02,  1.327145990598422E+00,  2.462071732673496E+06,  5.029605578215796E+01,  1.974092735135205E+02,  1.973627997117824E+02,  7.156999705960897E-03,  7.166716762107513E-03,  7.157618910700082E+00,
2462069.500000000, A.D. 2028-Oct-25 00:00:00.0000,  1.640206207542470E-03,  7.143345166113492E-03,  2.349054710095254E+00,  3.386105321686724E+02,  2.055606425863851E+00,  2.462071745608490E+06,  5.031628848859963E+01,  2.470093153666399E+02,  2.468364297687044E+02,  7.155080974343079E-03,  7.166816782572666E-03,  7.154740757191712E+00,
2462070.500000000, A.D. 2028-Oct-26 00:00:00.0000,  1.683707221783814E-03,  7.144944087382958E-03,  2.349056509339005E+00,  3.386088857859949E+02,  3.539982347909616E+02,  2.462071586077658E+06,  5.029611202500308E+01,  3.053745164506364E+02,  3.052170054055451E+02,  7.156994370490820E-03,  7.169044653598682E-03,  7.157610906804041E+00,
2462071.500000000, A.D. 2028-Oct-27 00:00:00.0000,  1.949213058638143E-03,  7.143914967997410E-03,  2.349049874964538E+00,  3.386090111525086E+02,  2.739508271266178E-01,  2.462071710213314E+06,  5.028691290335421E+01,  3.494290213678098E+02,  3.493879462189497E+02,  7.157867176169196E-03,  7.171819384340981E-03,  7.158920268020419E+00,
2462072.500000000, A.D. 2028-Oct-28 00:00:00.0000,  1.787305437144600E-03,  7.143939397741376E-03,  2.349053613196748E+00,  3.386087534714781E+02,  2.508940021176573E+00,  2.462071754495551E+06,  5.029889199533381E+01,  3.749804775877846E+01,  3.762294398583395E+01,  7.156730661364613E-03,  7.169521924987850E-03,  7.157215312683168E+00,
2462073.500000000, A.D. 2028-Oct-29 00:00:00.0000,  1.652979792260683E-03,  7.146343631203355E-03,  2.349023327955595E+00,  3.386077002217891E+02,  1.150704095362196E+01,  2.462071932409185E+06,  5.028365917241378E+01,  7.882420225170875E+01,  7.901010200118934E+01,  7.158175951400467E-03,  7.170008271597580E-03,  7.159383504005220E+00,
2462074.500000000, A.D. 2028-Oct-30 00:00:00.0000,  1.690777056677870E-03,  7.142673404143229E-03,  2.349042504224261E+00,  3.386071050001622E+02,  3.567139002324390E+02,  2.462071639606337E+06,  5.031956338988311E+01,  1.439337602317691E+02,  1.440476294228355E+02,  7.154770525994375E-03,  7.166867647845521E-03,  7.154275111861939E+00,
2462075.500000000, A.D. 2028-Oct-31 00:00:00.0000,  1.433739562171541E-03,  7.146631362482659E-03,  2.349056320678252E+00,  3.386068336005097E+02,  3.562177868649166E+02,  2.462078785572805E+06,  5.029718607933161E+01,  1.947449332601332E+02,  1.947031899791054E+02,  7.156892482376851E-03,  7.167153602271042E-03,  7.157458062011408E+00,
2462076.500000000, A.D. 2028-Nov-01 00:00:00.0000,  1.684247454786794E-03,  7.143312822781150E-03,  2.349040518056012E+00,  3.386065067252220E+02,  3.551406535978266E+02,  2.462078762803638E+06,  5.031330078540891E+01,  2.461508799449695E+02,  2.459745094864810E+02,  7.155364226768157E-03,  7.167415630755165E-03,  7.155165619831519E+00,
2462077.500000000, A.D. 2028-Nov-02 00:00:00.0000,  1.691844138677854E-03,  7.144826552911532E-03,  2.349034840909483E+00,  3.386047310715997E+02,  3.484837138724713E+02,  2.462078631058409E+06,  5.029673817638970E+01,  3.031114513537386E+02,  3.029488755141297E+02,  7.156934971393783E-03,  7.169043389876035E-03,  7.157521800668004E+00,
2462078.500000000, A.D. 2028-Nov-03 00:00:00.0000,  1.949877059962392E-03,  7.143834420823761E-03,  2.349029952077315E+00,  3.386047937213719E+02,  3.544409934385186E+02,  2.462078748881550E+06,  5.028771320329349E+01,  3.474843159993070E+02,  3.474357796665848E+02,  7.157791233750451E-03,  7.171748046677140E-03,  7.158806337935099E+00,
2462079.500000000, A.D. 2028-Nov-04 00:00:00.0000,  1.712907542431557E-03,  7.143885731768802E-03,  2.349059136331003E+00,  3.386047340369905E+02,  3.585625690198856E+02,  2.462078830533043E+06,  5.030508219207059E+01,  3.367759029599878E+01,  3.378662811759690E+01,  7.156143544020076E-03,  7.168401356271351E-03,  7.156334595090781E+00,
2462080.500000000, A.D. 2028-Nov-05 00:00:00.0000,  1.652276259164909E-03,  7.146381524753732E-03,  2.349032786255719E+00,  3.386040609970581E+02,  1.059416937969953E+01,  2.462079068645940E+06,  5.028331238251641E+01,  7.197322335039244E+01,  7.215338093892017E+01,  7.158208863316734E-03,  7.170036201879736E-03,  7.159432880264518E+00,
2462081.500000000, A.D. 2028-Nov-06 00:00:00.0000,  1.624656501700133E-03,  7.143233601686371E-03,  2.349046056730832E+00,  3.386036446840344E+02,  3.556438696980744E+02,  2.462078772562002E+06,  5.031864283319658E+01,  1.372409784858692E+02,  1.373671853536476E+02,  7.154857787910240E-03,  7.166481974134108E-03,  7.154405996071465E+00,
2462082.500000000, A.D. 2028-Nov-07 00:00:00.0000,  1.395170941361722E-03,  7.146799995569609E-03,  2.349067079688954E+00,  3.386032431077219E+02,  3.565659871793735E+02,  2.462085946788720E+06,  5.029831984343680E+01,  1.866323185469473E+02,  1.866138853464730E+02,  7.156784933943022E-03,  7.166769872316435E-03,  7.157296727218111E+00,
2462083.500000000, A.D. 2028-Nov-08 00:00:00.0000,  1.614447474627540E-03,  7.144063895590042E-03,  2.349048654245470E+00,  3.386029433413451E+02,  3.527575859238741E+02,  2.462085869852975E+06,  5.031064260292807E+01,  2.407711739348676E+02,  2.406098861420266E+02,  7.155616262193945E-03,  7.167168628797847E-03,  7.155543665805772E+00,
2462084.500000000, A.D. 2028-Nov-09 00:00:00.0000,  1.567324585879530E-03,  7.145953606089645E-03,  2.349030884100282E+00,  3.386001645258291E+02,  3.454212763509987E+02,  2.462085724691163E+06,  5.029424789217596E+01,  2.984050790509343E+02,  2.982469526696916E+02,  7.157171216502620E-03,  7.168388826915595E-03,  7.157876200312034E+00,
2462085.500000000, A.D. 2028-Nov-10 00:00:00.0000,  1.796309769588814E-03,  7.145190320001037E-03,  2.349058645741418E+00,  3.385990670772409E+02,  3.499307126494176E+02,  2.462085813853177E+06,  5.028500328926083E+01,  3.442178919667491E+02,  3.441617859151772E+02,  7.158048392259239E-03,  7.170906464517441E-03,  7.159192133867948E+00,
2462086.500000000, A.D. 2028-Nov-11 00:00:00.0000,  1.487973141830485E-03,  7.145155889364903E-03,  2.349110065303541E+00,  3.385989526628045E+02,  3.552691375170908E+02,  2.462085919648209E+06,  5.030866763721955E+01,  2.919672535972793E+01,  2.928003662539038E+01,  7.155803532829970E-03,  7.166451176295036E-03,  7.155824570747795E+00,
2462087.500000000, A.D. 2028-Nov-12 00:00:00.0000,  1.485436399891051E-03,  7.147492240210590E-03,  2.349080798104553E+00,  3.385983228696392E+02,  1.011088118642640E+01,  2.462086213622864E+06,  5.028419415487686E+01,  6.468443765397706E+01,  6.483843151859007E+01,  7.158125179907802E-03,  7.168758119605012E-03,  7.159307334053898E+00,
2462088.500000000, A.D. 2028-Nov-13 00:00:00.0000,  1.378248126970482E-03,  7.145138652999831E-03,  2.349089734374818E+00,  3.385980315964318E+02,  3.544173452096723E+02,  2.462085902513786E+06,  5.031714245409763E+01,  1.306980838359953E+02,  1.308176892252782E+02,  7.155000018373628E-03,  7.164861383747425E-03,  7.154619329355078E+00,
2462089.500000000, A.D. 2028-Nov-14 00:00:00.0000,  1.168577301724023E-03,  7.148502342310197E-03,  2.349114275716986E+00,  3.385974960480155E+02,  3.577952767090718E+02,  2.462085968421553E+06,  5.029746848493181E+01,  1.776294556297635E+02,  1.776349863055952E+02,  7.156865693110653E-03,  7.165229043911110E-03,  7.157417874974151E+00,
2462090.500000000, A.D. 2028-Nov-15 00:00:00.0000,  1.362702202416683E-03,  7.146044734288932E-03,  2.349103463345892E+00,  3.385973886413985E+02,  3.520074508639493E+02,  2.462093009588073E+06,  5.030874756993500E+01,  2.337457671311399E+02,  2.336199710890513E+02,  7.155795953194396E-03,  7.165547172099860E-03,  7.155813201264019E+00,
2462091.500000000, A.D. 2028-Nov-16 00:00:00.0000,  1.323108908916246E-03,  7.147059872953366E-03,  2.349082960249405E+00,  3.385956808052985E+02,  3.482482428844923E+02,  2.462092935233657E+06,  5.030102078541894E+01,  2.878062820023922E+02,  2.876618550849277E+02,  7.156528739886026E-03,  7.165997606818686E-03,  7.156912412090757E+00,
2462092.500000000, A.D. 2028-Nov-17 00:00:00.0000,  1.651223553178038E-03,  7.146162332218231E-03,  2.349082921511881E+00,  3.385954431217622E+02,  3.506975763567028E+02,  2.462092983505011E+06,  5.028570542776129E+01,  3.356866094461874E+02,  3.356085571495539E+02,  7.157981760294047E-03,  7.169801188369863E-03,  7.159092170182709E+00,
2462093.500000000, A.D. 2028-Nov-18 00:00:00.0000,  1.375450467607791E-03,  7.145879881725706E-03,  2.349133120407085E+00,  3.385952988225545E+02,  3.583858669732938E+02,  2.462093135916302E+06,  5.030952511682616E+01,  1.831687798333140E+01,  1.836649295795284E+01,  7.155722223203684E-03,  7.165564564681662E-03,  7.155702606296257E+00,
2462094.500000000, A.D. 2028-Nov-19 00:00:00.0000,  1.470591502327465E-03,  7.147640786802387E-03,  2.349102926642734E+00,  3.385947479102242E+02,  1.342255393725636E+01,  2.462093433901715E+06,  5.028374793872791E+01,  5.360741746217018E+01,  5.374321697219512E+01,  7.158167527140036E-03,  7.168694267477687E-03,  7.159370865486590E+00,
2462095.500000000, A.D. 2028-Nov-20 00:00:00.0000,  1.260254965516759E-03,  7.146080722256850E-03,  2.349109266607084E+00,  3.385945374742846E+02,  3.585618284724127E+02,  2.462093139108026E+06,  5.031610921265086E+01,  1.187908984176316E+02,  1.189173648747315E+02,  7.155097970002302E-03,  7.164115217747756E-03,  7.154766249483497E+00,
2462096.500000000, A.D. 2028-Nov-21 00:00:00.0000,  1.072767579520813E-03,  7.149317330097940E-03,  2.349140048388638E+00,  3.385937743617802E+02,  5.279417827681208E+00,  2.462093271519228E+06,  5.029610409855074E+01,  1.623800050031370E+02,  1.624171687543665E+02,  7.156995122432072E-03,  7.164672914766205E-03,  7.157612034813114E+00,
2462097.500000000, A.D. 2028-Nov-22 00:00:00.0000,  1.168964780766728E-03,  7.147962939657159E-03,  2.349123852141286E+00,  3.385936401969357E+02,  3.583130971562783E+02,  2.462100289763568E+06,  5.030313267479720E+01,  2.196661530880326E+02,  2.195807449074356E+02,  7.156328435557927E-03,  7.164693931458696E-03,  7.156611941593184E+00,
2462098.500000000, A.D. 2028-Nov-23 00:00:00.0000,  1.138437546523947E-03,  7.148087234435285E-03,  2.349090066092054E+00,  3.385917746959437E+02,  2.212945601713500E-02,  2.462100323802846E+06,  5.030412671020180E+01,  2.682551905195360E+02,  2.681248014335873E+02,  7.156234160094853E-03,  7.164381085754422E-03,  7.156470523262082E+00,
2462099.500000000, A.D. 2028-Nov-24 00:00:00.0000,  1.484600830225823E-03,  7.147273559941219E-03,  2.349090231781454E+00,  3.385913159643115E+02,  3.576507217372360E+02,  2.462100276373610E+06,  5.028656506006445E+01,  3.209588379560542E+02,  3.208515267016771E+02,  7.157900184497799E-03,  7.168526809054378E-03,  7.158969787854875E+00,
2462100.500000000, A.D. 2028-Nov-25 00:00:00.0000,  1.281781180815654E-03,  7.146417998695156E-03,  2.349141004082436E+00,  3.385910803313103E+02,  9.692444703620559E+00,  2.462100515124400E+06,  5.031092063915015E+01,  3.592390775125438E+02,  3.592371237677716E+02,  7.155589899165542E-03,  7.164761799635927E-03,  7.155504121700785E+00,
2462101.500000000, A.D. 2028-Nov-26 00:00:00.0000,  1.535586516639090E-03,  7.147352122857278E-03,  2.349107714815197E+00,  3.385905434702095E+02,  2.282749047971642E+01,  2.462100775508859E+06,  5.028188449775830E+01,  3.642877989493390E+01,  3.653343368924231E+01,  7.158344379968615E-03,  7.169336637079952E-03,  7.159636190963562E+00,
2462102.500000000, A.D. 2028-Nov-27 00:00:00.0000,  1.223528113292361E-03,  7.146661095041670E-03,  2.349111375633762E+00,  3.385903694891461E+02,  1.266306431288167E+01,  2.462100573765902E+06,  5.031275527375350E+01,  9.691414476441953E+01,  9.705330537346320E+01,  7.155415947615880E-03,  7.164170800190089E-03,  7.155243199089915E+00,
2462103.500000000, A.D. 2028-Nov-28 00:00:00.0000,  1.154883686199949E-03,  7.148414691717749E-03,  2.349142889491012E+00,  3.385894291888088E+02,  1.894424622376673E+01,  2.462100698023792E+06,  5.029942793717708E+01,  1.409378003621043E+02,  1.410211027669189E+02,  7.156679824494414E-03,  7.164944957271078E-03,  7.157139052349311E+00,
2462104.500000000, A.D. 2028-Nov-29 00:00:00.0000,  1.190766980874371E-03,  7.147561923525293E-03,  2.349143347139256E+00,  3.385894326560717E+02,  8.123507992579162E+00,  2.462107639041832E+06,  5.030571900961521E+01,  2.020882436653538E+02,  2.020370037942333E+02,  7.156083151053959E-03,  7.164604378582625E-03,  7.156244003414229E+00,
2462105.500000000, A.D. 2028-Nov-30 00:00:00.0000,  1.180577521130954E-03,  7.147524078012739E-03,  2.349115608617558E+00,  3.385881463021759E+02,  9.254774817003646E+00,  2.462107661543484E+06,  5.030688836356967E+01,  2.512594732403277E+02,  2.511314221693649E+02,  7.155972258002372E-03,  7.164420437992004E-03,  7.156077660742346E+00,
2462106.500000000, A.D. 2028-Dec-01 00:00:00.0000,  1.488946174167251E-03,  7.147353836877347E-03,  2.349114115528750E+00,  3.385875777658401E+02,  1.258226101296350E+00,  2.462107502549749E+06,  5.028538960692978E+01,  3.095863952779380E+02,  3.094547479633163E+02,  7.158011731058951E-03,  7.168669625240555E-03,  7.159137133351129E+00,
2462107.500000000, A.D. 2028-Dec-02 00:00:00.0000,  1.333799235321393E-03,  7.145938854704657E-03,  2.349168108281731E+00,  3.385872049152206E+02,  1.540103975856870E+01,  2.462107782897170E+06,  5.031204984093979E+01,  3.457668634695876E+02,  3.457292236555557E+02,  7.155482832234646E-03,  7.165026809764635E-03,  7.155343523830383E+00,
2462108.500000000, A.D. 2028-Dec-03 00:00:00.0000,  1.672758273177381E-03,  7.146428643310756E-03,  2.349135412724568E+00,  3.385866957575552E+02,  2.546885336879142E+01,  2.462107982443884E+06,  5.028126769502035E+01,  2.602337762952735E+01,  2.610763491646336E+01,  7.158402921019629E-03,  7.170377198728503E-03,  7.159724018566322E+00,
2462109.500000000, A.D. 2028-Dec-04 00:00:00.0000,  1.361533910207901E-03,  7.146271180720295E-03,  2.349132419446767E+00,  3.385856888308052E+02,  2.143512911676383E+01,  2.462107902287820E+06,  5.030644464127739E+01,  8.037521934930076E+01,  8.052908707051866E+01,  7.156014336901921E-03,  7.165757493083546E-03,  7.156140780114148E+00,
2462110.500000000, A.D. 2028-Dec-05 00:00:00.0000,  1.408669885554319E-03,  7.146611827127439E-03,  2.349193702532892E+00,  3.385834685546133E+02,  2.485628566656019E+01,  2.462107970150106E+06,  5.029928644808850E+01,  1.272496445046934E+02,  1.273780001733787E+02,  7.156693245382359E-03,  7.166774663637279E-03,  7.157159184982451E+00,
2462111.500000000, A.D. 2028-Dec-06 00:00:00.0000,  1.395248976153780E-03,  7.146090170192319E-03,  2.349211562619901E+00,  3.385833987010087E+02,  1.505837728855604E+01,  2.462114931438764E+06,  5.030580837584095E+01,  1.873786991034511E+02,  1.873582011827232E+02,  7.156074676057369E-03,  7.166059181922419E-03,  7.156231290637359E+00,
2462112.500000000, A.D. 2028-Dec-07 00:00:00.0000,  1.432056077969385E-03,  7.145401905411335E-03,  2.349183990044604E+00,  3.385823564531876E+02,  1.624859534119184E+01,  2.462114954872995E+06,  5.031029526842993E+01,  2.364946147626078E+02,  2.363579165427933E+02,  7.155649196334764E-03,  7.165896487258192E-03,  7.155593066572650E+00,
2462113.500000000, A.D. 2028-Dec-08 00:00:00.0000,  1.674114944123754E-03,  7.146168267113564E-03,  2.349179629962210E+00,  3.385816000379393E+02,  4.821360467412529E+00,  2.462114727995944E+06,  5.028391327596041E+01,  2.982515584366775E+02,  2.980824040173608E+02,  7.158151836074642E-03,  7.170135405035720E-03,  7.159347324944732E+00,
2462114.500000000, A.D. 2028-Dec-09 00:00:00.0000,  1.589477968929703E-03,  7.144283096238292E-03,  2.349230969272289E+00,  3.385811200619351E+02,  1.754090782257922E+01,  2.462114979948480E+06,  5.031021449643283E+01,  3.358536890397808E+02,  3.357790457586215E+02,  7.155656855162794E-03,  7.167030614087296E-03,  7.155604554727654E+00,
2462115.500000000, A.D. 2028-Dec-10 00:00:00.0000,  1.942780888570599E-03,  7.144530917334599E-03,  2.349210311983090E+00,  3.385807736375130E+02,  2.367776127616780E+01,  2.462115101507243E+06,  5.028089605377838E+01,  2.003657288456733E+01,  2.011302346376328E+01,  7.158438194250401E-03,  7.172345471166203E-03,  7.159776938242287E+00,
2462116.500000000, A.D. 2028-Dec-11 00:00:00.0000,  1.562588582070547E-03,  7.144596168171069E-03,  2.349211130080779E+00,  3.385807579720235E+02,  2.122912923183239E+01,  2.462115052777779E+06,  5.030894001423066E+01,  7.280821592007314E+01,  7.297937369638889E+01,  7.155777704708279E-03,  7.166959241245490E-03,  7.155785828486319E+00,
2462117.500000000, A.D. 2028-Dec-12 00:00:00.0000,  1.570705486494309E-03,  7.145029080410066E-03,  2.349238380238559E+00,  3.385795115643064E+02,  2.316685675022645E+01,  2.462115091150349E+06,  5.030375437814127E+01,  1.211741811572863E+02,  1.213280232750565E+02,  7.156269472132778E-03,  7.167509863855490E-03,  7.156523493133794E+00,
2462118.500000000, A.D. 2028-Dec-13 00:00:00.0000,  1.462131241983644E-03,  7.145773232714605E-03,  2.349248611922535E+00,  3.385794562881691E+02,  1.561073722096565E+01,  2.462114940388267E+06,  5.030410109103057E+01,  1.790630684578777E+02,  1.790658031716950E+02,  7.156236589807589E-03,  7.166699946900573E-03,  7.156474167951873E+00,
2462119.500000000, A.D. 2028-Dec-14 00:00:00.0000,  1.541312728032638E-03,  7.144434954156841E-03,  2.349223288997168E+00,  3.385786567196432E+02,  1.718874101600997E+01,  2.462122127766849E+06,  5.031225097821930E+01,  2.277911347972368E+02,  2.276604804288314E+02,  7.155463761527460E-03,  7.166492568898080E-03,  7.155314918345589E+00,
2462120.500000000, A.D. 2028-Dec-15 00:00:00.0000,  1.719320472361457E-03,  7.145882424866716E-03,  2.349214847069607E+00,  3.385776659166008E+02,  4.407481802248109E+00,  2.462121874183007E+06,  5.028351486398345E+01,  2.909012483519573E+02,  2.907170523722805E+02,  7.158189646871627E-03,  7.170496868876539E-03,  7.159404050687336E+00,
2462121.500000000, A.D. 2028-Dec-16 00:00:00.0000,  1.708436623687234E-03,  7.143699564888121E-03,  2.349265584203588E+00,  3.385770103882338E+02,  1.605072778172557E+01,  2.462122104691201E+06,  5.030738660976784E+01,  3.295795659634124E+02,  3.294802554736151E+02,  7.155925009250284E-03,  7.168150453612448E-03,  7.156006786687290E+00,
2462122.500000000, A.D. 2028-Dec-17 00:00:00.0000,  2.087238913072927E-03,  7.143868883377197E-03,  2.349247071494244E+00,  3.385766105697763E+02,  1.883711973877300E+01,  2.462122159850419E+06,  5.027696808540168E+01,  1.710168965620582E+01,  1.717220074864471E+01,  7.158811032335222E-03,  7.173753181293248E-03,  7.160336307243014E+00,
2462123.500000000, A.D. 2028-Dec-18 00:00:00.0000,  1.675997423858919E-03,  7.143923905088181E-03,  2.349237972855758E+00,  3.385763012139873E+02,  1.624939731606159E+01,  2.462122108358730E+06,  5.030746891945198E+01,  7.000994992226177E+01,  7.019056319175169E+01,  7.155917203887244E-03,  7.167910502686308E-03,  7.155995078512123E+00,
2462124.500000000, A.D. 2028-Dec-19 00:00:00.0000,  1.678348817343365E-03,  7.143897194647601E-03,  2.349260204387403E+00,  3.385749254933377E+02,  1.585684307373972E+01,  2.462122100583162E+06,  5.030757332515146E+01,  1.207088385219812E+02,  1.208740169209164E+02,  7.155907303206955E-03,  7.167917411766309E-03,  7.155980227335208E+00,
2462125.500000000, A.D. 2028-Dec-20 00:00:00.0000,  1.512699005329667E-03,  7.145507156015343E-03,  2.349269565344170E+00,  3.385748203112614E+02,  9.459165109066801E+00,  2.462121972544714E+06,  5.030308947106579E+01,  1.774418988626406E+02,  1.774496209776530E+02,  7.156332533120002E-03,  7.167157910224662E-03,  7.156618088180670E+00,
2462126.500000000, A.D. 2028-Dec-21 00:00:00.0000,  1.602721984336431E-03,  7.143977333310697E-03,  2.349243915428318E+00,  3.385741705682906E+02,  1.094477072008390E+01,  2.462129158143917E+06,  5.031244333814660E+01,  2.262622847826427E+02,  2.261297730041568E+02,  7.155445523158385E-03,  7.166913713006073E-03,  7.155287561378482E+00,
2462127.500000000, A.D. 2028-Dec-22 00:00:00.0000,  1.729694580032307E-03,  7.146011020661260E-03,  2.349228482414649E+00,  3.385729424220243E+02,  3.576384443767336E+02,  2.462128894310945E+06,  5.028137376287147E+01,  2.898921302197379E+02,  2.897056110692388E+02,  7.158392853982534E-03,  7.170774687303808E-03,  7.159708915229150E+00,
2462128.500000000, A.D. 2028-Dec-23 00:00:00.0000,  1.699979813357760E-03,  7.143605823837861E-03,  2.349272168588749E+00,  3.385722141292133E+02,  1.061034573368101E+01,  2.462129151128754E+06,  5.030901610744772E+01,  3.272423530199952E+02,  3.271367588950754E+02,  7.155770489218552E-03,  7.167935154599243E-03,  7.155775005242168E+00,
2462129.500000000, A.D. 2028-Dec-24 00:00:00.0000,  2.040486701086839E-03,  7.143668284436092E-03,  2.349279353348878E+00,  3.385718816564456E+02,  1.467490079245786E+01,  2.462129231609660E+06,  5.028261922023258E+01,  1.349536927065849E+01,  1.355007133486470E+01,  7.158274648659407E-03,  7.172881012882724E-03,  7.159531575378718E+00,
2462130.500000000, A.D. 2028-Dec-25 00:00:00.0000,  1.670561173642898E-03,  7.144102689693878E-03,  2.349280427049207E+00,  3.385720173983138E+02,  1.598910824992011E+01,  2.462129257440750E+06,  5.030599137816957E+01,  6.250817490904785E+01,  6.267815355987163E+01,  7.156057321211056E-03,  7.168011952728235E-03,  7.156205257813945E+00,
2462131.500000000, A.D. 2028-Dec-26 00:00:00.0000,  1.681066241332774E-03,  7.143749918557526E-03,  2.349296073699586E+00,  3.385707539126843E+02,  1.453023823654824E+01,  2.462129228593699E+06,  5.030892363882601E+01,  1.142720061365558E+02,  1.144474620925889E+02,  7.155779257497734E-03,  7.167808596437943E-03,  7.155788157673270E+00,
2462132.500000000, A.D. 2028-Dec-27 00:00:00.0000,  1.475591342010989E-03,  7.145898824400154E-03,  2.349309616650065E+00,  3.385705450421052E+02,  9.568903291943579E+00,  2.462129128977672E+06,  5.030175782415872E+01,  1.695683487440559E+02,  1.695989092098925E+02,  7.156458833093726E-03,  7.167018841787299E-03,  7.156807546536687E+00,
2462133.500000000, A.D. 2028-Dec-28 00:00:00.0000,  1.593750555679003E-03,  7.143982463707153E-03,  2.349286225112844E+00,  3.385700288674382E+02,  1.023227421182488E+01,  2.462136298229220E+06,  5.031306729033145E+01,  2.192125049332800E+02,  2.190972243389208E+02,  7.155386364701994E-03,  7.166790265696834E-03,  7.155198825836254E+00,
2462134.500000000, A.D. 2028-Dec-29 00:00:00.0000,  1.616038957378312E-03,  7.147275059692967E-03,  2.349256561571306E+00,  3.385677819914802E+02,  3.540697403593877E+02,  2.462135977987069E+06,  5.027662046344471E+01,  2.856918050779630E+02,  2.855134252290511E+02,  7.158844030536109E-03,  7.170413001379250E-03,  7.160385815147420E+00,
2462135.500000000, A.D. 2028-Dec-30 00:00:00.0000,  1.563946280887691E-03,  7.144802258770267E-03,  2.349321878173668E+00,  3.385658592348363E+02,  8.219563783308732E+00,  2.462136258206099E+06,  5.030666068831604E+01,  3.218571830383656E+02,  3.217463252021902E+02,  7.155993848736052E-03,  7.167185438701837E-03,  7.156110047344320E+00,
2462136.500000000, A.D. 2028-Dec-31 00:00:00.0000,  1.849610212431113E-03,  7.144740484858938E-03,  2.349356773890126E+00,  3.385653332074054E+02,  1.232187382978725E+01,  2.462136339457408E+06,  5.028572442305111E+01,  8.073000530901050E+00,  8.102833907341145E+00,  7.157979957689057E-03,  7.171219430519176E-03,  7.159089465855940E+00,
2462137.500000000, A.D. 2029-Jan-01 00:00:00.0000,  1.509137429650240E-03,  7.145321248471655E-03,  2.349357964738644E+00,  3.385654925839655E+02,  1.696761577134041E+01,  2.462136431344134E+06,  5.030532182385355E+01,  5.375907725068715E+01,  5.389871104907883E+01,  7.156120818249577E-03,  7.166920388027498E-03,  7.156300505552015E+00,
2462138.500000000, A.D. 2029-Jan-02 00:00:00.0000,  1.506457190528943E-03,  7.144881917438430E-03,  2.349367818579120E+00,  3.385643034036127E+02,  1.465646327358952E+01,  2.462136385599831E+06,  5.031016429455802E+01,  1.063758199040761E+02,  1.065413561023154E+02,  7.155661615331836E-03,  7.166441313225243E-03,  7.155611694930217E+00,
2462139.500000000, A.D. 2029-Jan-03 00:00:00.0000,  1.258106911760728E-03,  7.147770613326016E-03,  2.349382538935753E+00,  3.385639919433204E+02,  1.253743446575422E+01,  2.462136342309338E+06,  5.029842877533289E+01,  1.588268788615344E+02,  1.588788743858723E+02,  7.156774600917344E-03,  7.165778588508673E-03,  7.157281226576792E+00,
2462140.500000000, A.D. 2029-Jan-04 00:00:00.0000,  1.424480220144244E-03,  7.145131290632553E-03,  2.349370399632503E+00,  3.385637047083187E+02,  1.277518668975124E+01,  2.462143503262245E+06,  5.031372604346411E+01,  2.088946861889876E+02,  2.088159344129499E+02,  7.155323908008235E-03,  7.165516525383916E-03,  7.155105143455481E+00,
2462141.500000000, A.D. 2029-Jan-05 00:00:00.0000,  1.386661976966057E-03,  7.148508610794880E-03,  2.349338309240998E+00,  3.385622757914659E+02,  3.564141002384487E+02,  2.462143179096613E+06,  5.028093033700265E+01,  2.755734601572681E+02,  2.754152851722374E+02,  7.158434940341237E-03,  7.168361269887595E-03,  7.159772056466296E+00,
2462142.500000000, A.D. 2029-Jan-06 00:00:00.0000,  1.486719654367341E-03,  7.145211064948400E-03,  2.349366462351956E+00,  3.385614688922325E+02,  1.179690182863346E+01,  2.462143483624684E+06,  5.030817964208142E+01,  3.105156327158423E+02,  3.103859595100388E+02,  7.155849807500910E-03,  7.166488550053422E-03,  7.155893983070493E+00,
2462143.500000000, A.D. 2029-Jan-07 00:00:00.0000,  1.797599029843787E-03,  7.145015243401719E-03,  2.349402909917618E+00,  3.385608213390940E+02,  1.387618768643336E+01,  2.462143524757280E+06,  5.028675410068812E+01,  3.587550367292817E+02,  3.587505511160682E+02,  7.157882245582114E-03,  7.170749247762509E-03,  7.158942875477297E+00,
2462144.500000000, A.D. 2029-Jan-08 00:00:00.0000,  1.522648570054342E-03,  7.145461988992094E-03,  2.349403161650239E+00,  3.385609819754500E+02,  2.131378272178770E+01,  2.462143672028765E+06,  5.030281454306679E+01,  4.164928348875308E+01,  4.176540435697990E+01,  7.156358608193657E-03,  7.167255227395220E-03,  7.156657202387469E+00,
2462145.500000000, A.D. 2029-Jan-09 00:00:00.0000,  1.483385511321119E-03,  7.144876922969665E-03,  2.349408485329386E+00,  3.385598798509536E+02,  1.737136914757902E+01,  2.462143593939133E+06,  5.031196079560814E+01,  9.589765963955959E+01,  9.606671092384614E+01,  7.155491275053463E-03,  7.166105627137263E-03,  7.155356187815787E+00,
2462146.500000000, A.D. 2029-Jan-10 00:00:00.0000,  1.203153988527491E-03,  7.148496387959879E-03,  2.349427868282733E+00,  3.385593597917796E+02,  2.010070302210641E+01,  2.462143646853343E+06,  5.029491961557467E+01,  1.434987817494886E+02,  1.435806940322890E+02,  7.157107490383254E-03,  7.165718592806629E-03,  7.157780601930218E+00,
2462147.500000000, A.D. 2029-Jan-11 00:00:00.0000,  1.369991306617383E-03,  7.145823773242030E-03,  2.349416205759596E+00,  3.385591053306736E+02,  2.014113605964587E+01,  2.462150804350573E+06,  5.031053020258136E+01,  1.937563706893436E+02,  1.937191015581888E+02,  7.155626919915712E-03,  7.165430066589395E-03,  7.155559652232187E+00,
2462148.500000000, A.D. 2029-Jan-12 00:00:00.0000,  1.226835346032062E-03,  7.149571021843999E-03,  2.349366589292133E+00,  3.385573552704640E+02,  6.806129405073676E+00,  2.462150540446169E+06,  5.028179217281076E+01,  2.574027097820591E+02,  2.572655551028500E+02,  7.158353142498596E-03,  7.167135263153193E-03,  7.159649337134515E+00,
2462149.500000000, A.D. 2029-Jan-13 00:00:00.0000,  1.468950329554971E-03,  7.145260250884677E-03,  2.349386382805905E+00,  3.385565147820174E+02,  2.127421767784248E+01,  2.462150826521162E+06,  5.030900308442360E+01,  2.932640427442287E+02,  2.931092875025575E+02,  7.155771724117038E-03,  7.166283197349400E-03,  7.155776857591146E+00,
2462150.500000000, A.D. 2029-Jan-14 00:00:00.0000,  1.779964520544880E-03,  7.144934037109908E-03,  2.349429902865752E+00,  3.385556408494325E+02,  2.083200930948710E+01,  2.462150817617079E+06,  5.028894400740005E+01,  3.440273724825000E+02,  3.439711244088131E+02,  7.157674443669252E-03,  7.170414850228596E-03,  7.158631128683589E+00,
2462151.500000000, A.D. 2029-Jan-15 00:00:00.0000,  1.646894147975256E-03,  7.144943239616150E-03,  2.349423561034033E+00,  3.385557169738914E+02,  3.066743470262686E+01,  2.462151012438858E+06,  5.029890301862595E+01,  2.452379060590002E+01,  2.460226983204459E+01,  7.156729615738951E-03,  7.168515991861752E-03,  7.157213744138518E+00,
2462152.500000000, A.D. 2029-Jan-16 00:00:00.0000,  1.566169630042658E-03,  7.144336548314032E-03,  2.349424435134833E+00,  3.385546930210299E+02,  2.623048242577565E+01,  2.462150924550556E+06,  5.031141164759752E+01,  7.926308550522751E+01,  7.943947739592521E+01,  7.155543342984267E-03,  7.166750137654502E-03,  7.155434288379598E+00,
2462153.500000000, A.D. 2029-Jan-17 00:00:00.0000,  1.343499894653468E-03,  7.147460733350833E-03,  2.349444051508945E+00,  3.385539975170135E+02,  3.147387193566622E+01,  2.462151027645055E+06,  5.029524876577748E+01,  1.243477069832700E+02,  1.244746951964901E+02,  7.157076264558294E-03,  7.166691795765756E-03,  7.157733758838781E+00,
2462154.500000000, A.D. 2029-Jan-18 00:00:00.0000,  1.531110733870282E-03,  7.144166153084842E-03,  2.349452586120460E+00,  3.385538707078684E+02,  2.613890335606144E+01,  2.462150922775898E+06,  5.031586168378237E+01,  1.799911131282122E+02,  1.799911402897935E+02,  7.155121436318133E-03,  7.166076719551425E-03,  7.154801447354203E+00,
2462155.500000000, A.D. 2029-Jan-19 00:00:00.0000,  1.270613564629149E-03,  7.149124335171982E-03,  2.349407258385752E+00,  3.385525880703566E+02,  1.431269547625477E+01,  2.462157844089326E+06,  5.028319855460472E+01,  2.421316909806734E+02,  2.420030712367306E+02,  7.158219666178424E-03,  7.167314997184866E-03,  7.159449087334019E+00,
2462156.500000000, A.D. 2029-Jan-20 00:00:00.0000,  1.579803806929618E-03,  7.144632894690961E-03,  2.349418933863149E+00,  3.385519130496168E+02,  2.389589299675683E+01,  2.462158033012408E+06,  5.030725096288951E+01,  2.828783600581554E+02,  2.827018042330682E+02,  7.155937872584221E-03,  7.167242850477481E-03,  7.156026081917368E+00,
2462157.500000000, A.D. 2029-Jan-21 00:00:00.0000,  1.852201505747370E-03,  7.144212867968103E-03,  2.349472501295478E+00,  3.385507362948198E+02,  2.286309992467889E+01,  2.462158012372717E+06,  5.029109926273755E+01,  3.342322128317491E+02,  3.341397512052191E+02,  7.157469944576791E-03,  7.170727021185480E-03,  7.158324341236595E+00,
2462158.500000000, A.D. 2029-Jan-22 00:00:00.0000,  1.829803405944224E-03,  7.143897159990165E-03,  2.349460890199089E+00,  3.385507574283513E+02,  3.290054491819837E+01,  2.462158211147956E+06,  5.029612594208904E+01,  1.452813877307898E+01,  1.458085485088278E+01,  7.156993050249832E-03,  7.170088940509501E-03,  7.157608926272054E+00,
2462159.500000000, A.D. 2029-Jan-23 00:00:00.0000,  1.745008664508921E-03,  7.143341999650029E-03,  2.349452898102345E+00,  3.385491113879517E+02,  2.943693899822233E+01,  2.462158142562720E+06,  5.030839924599848E+01,  6.829049665957926E+01,  6.847642646138233E+01,  7.155828983227504E-03,  7.168315966804980E-03,  7.155862746490274E+00,
2462160.500000000, A.D. 2029-Jan-24 00:00:00.0000,  1.624999718300438E-03,  7.145736510896819E-03,  2.349501014041052E+00,  3.385470275753345E+02,  3.516946301670671E+01,  2.462158255597344E+06,  5.029218184289058E+01,  1.128759065175700E+02,  1.130473364343044E+02,  7.157367230630367E-03,  7.168997950363914E-03,  7.158170252478129E+00,
2462161.500000000, A.D. 2029-Jan-25 00:00:00.0000,  1.826258558648633E-03,  7.141843584257489E-03,  2.349532969218524E+00,  3.385467844541992E+02,  2.772830150010937E+01,  2.462158109015711E+06,  5.031808887365675E+01,  1.706278488193003E+02,  1.706618517147838E+02,  7.154910300430013E-03,  7.167977016602537E-03,  7.154484760021805E+00,
2462162.500000000, A.D. 2029-Jan-26 00:00:00.0000,  1.512465279310964E-03,  7.147173610269132E-03,  2.349483992959379E+00,  3.385456449530105E+02,  1.986069889780732E+01,  2.462165108880736E+06,  5.028551494708881E+01,  2.288110887360110E+02,  2.286808235912884E+02,  7.157999836491138E-03,  7.168826062713143E-03,  7.159119288701677E+00,
2462163.500000000, A.D. 2029-Jan-27 00:00:00.0000,  1.856429651806558E-03,  7.142864546355051E-03,  2.349489069330667E+00,  3.385450383272787E+02,  2.389961011109576E+01,  2.462165187623600E+06,  5.030502008174241E+01,  2.751040609071940E+02,  2.748921299999765E+02,  7.156149434357752E-03,  7.169434322360451E-03,  7.156343430834998E+00,
2462164.500000000, A.D. 2029-Jan-28 00:00:00.0000,  2.101339344844667E-03,  7.142454122896355E-03,  2.349546677460292E+00,  3.385435698842966E+02,  2.233509805873997E+01,  2.462165156439741E+06,  5.029084101264679E+01,  3.269870933756565E+02,  3.268556116619108E+02,  7.157494447589580E-03,  7.172534772282806E-03,  7.158361100174674E+00,
2462165.500000000, A.D. 2029-Jan-29 00:00:00.0000,  2.143109412863226E-03,  7.141966632991194E-03,  2.349536097534817E+00,  3.385436519708365E+02,  3.052148860013185E+01,  2.462165318447456E+06,  5.029283225744310E+01,  9.130791629989401E+00,  9.169866092415031E+00,  7.157305521825755E-03,  7.172644410660318E-03,  7.158077679085605E+00,
2462166.500000000, A.D. 2029-Jan-30 00:00:00.0000,  1.949767284735671E-03,  7.141386867859643E-03,  2.349534033673152E+00,  3.385430121183734E+02,  2.640231673773076E+01,  2.462165236894195E+06,  5.031357622738088E+01,  6.355137022098707E+01,  6.375162887704277E+01,  7.155338112021685E-03,  7.169289356183727E-03,  7.155126448834825E+00,
2462167.500000000, A.D. 2029-Jan-31 00:00:00.0000,  1.803176689276970E-03,  7.144218811387173E-03,  2.349549890515255E+00,  3.385419457258977E+02,  3.294477218473846E+01,  2.462165365890664E+06,  5.029474167687442E+01,  1.073344777912703E+02,  1.075315891187957E+02,  7.157124371215605E-03,  7.170029931044037E-03,  7.157805925575087E+00,
2462168.500000000, A.D. 2029-Feb-01 00:00:00.0000,  1.944000645493469E-03,  7.140967807529935E-03,  2.349574395909637E+00,  3.385417316581799E+02,  2.578617864823169E+01,  2.462165224699649E+06,  5.031844129243493E+01,  1.648080084168091E+02,  1.648662486195651E+02,  7.154876892828018E-03,  7.168785978126101E-03,  7.154434651657698E+00,
2462169.500000000, A.D. 2029-Feb-02 00:00:00.0000,  1.605780356834148E-03,  7.146406909777314E-03,  2.349523304827350E+00,  3.385407609350140E+02,  2.053898694427407E+01,  2.462172276724013E+06,  5.028655724105499E+01,  2.203681089645450E+02,  2.202491092495920E+02,  7.157900926481223E-03,  7.169394943185131E-03,  7.158970900996351E+00,
2462170.500000000, A.D. 2029-Feb-03 00:00:00.0000,  1.961353408007912E-03,  7.142272276789126E-03,  2.349522941350494E+00,  3.385401678653756E+02,  2.186911171502294E+01,  2.462172301642470E+06,  5.030334470072552E+01,  2.693713578050027E+02,  2.691466234096803E+02,  7.156308326514089E-03,  7.170344376239053E-03,  7.156581776853652E+00,
2462171.500000000, A.D. 2029-Feb-04 00:00:00.0000,  2.196608847030996E-03,  7.141811358436650E-03,  2.349585718823496E+00,  3.385383157925127E+02,  2.003739850695148E+01,  2.462172265138628E+06,  5.029042773502358E+01,  3.215208510924148E+02,  3.213638907123185E+02,  7.157533660197563E-03,  7.173255961958476E-03,  7.158419926289204E+00,
2462172.500000000, A.D. 2029-Feb-05 00:00:00.0000,  2.324307784063428E-03,  7.141330316655468E-03,  2.349566039622859E+00,  3.385383361250067E+02,  2.578039728653230E+01,  2.462172378725367E+06,  5.028585425968394E+01,  6.098398517576705E+00,  6.126776101529514E+00,  7.157967636551178E-03,  7.174604956446888E-03,  7.159070981292356E+00,
2462173.500000000, A.D. 2029-Feb-06 00:00:00.0000,  2.047194911592060E-03,  7.140575647965797E-03,  2.349554601850017E+00,  3.385375357833041E+02,  2.022950257299936E+01,  2.462172268826067E+06,  5.031478209941813E+01,  6.194624816999214E+01,  6.215352553575718E+01,  7.155223785691167E-03,  7.169871923416537E-03,  7.154954965096892E+00,
2462174.500000000, A.D. 2029-Feb-07 00:00:00.0000,  1.905437090936035E-03,  7.143327677190572E-03,  2.349565987023161E+00,  3.385362389616658E+02,  2.627202902208494E+01,  2.462172387910830E+06,  5.029642349170111E+01,  1.062305313590092E+02,  1.064400361781713E+02,  7.156964823423648E-03,  7.170601969656723E-03,  7.157566582431051E+00,
2462175.500000000, A.D. 2029-Feb-08 00:00:00.0000,  2.010703883789034E-03,  7.140415894985452E-03,  2.349591091065147E+00,  3.385359542264076E+02,  1.899924670679358E+01,  2.462172244317874E+06,  5.031923047727737E+01,  1.638234192679422E+02,  1.638874564729858E+02,  7.154802083322130E-03,  7.169188271658808E-03,  7.154322444628103E+00,
2462176.500000000, A.D. 2029-Feb-09 00:00:00.0000,  1.649582889429968E-03,  7.146102336052997E-03,  2.349535844697526E+00,  3.385351055411713E+02,  1.470256056864032E+01,  2.462179315259518E+06,  5.028646265996586E+01,  2.184305573647910E+02,  2.183132534533683E+02,  7.157909901751006E-03,  7.169717467449015E-03,  7.158984365917703E+00,
2462177.500000000, A.D. 2029-Feb-10 00:00:00.0000,  1.978212586016441E-03,  7.142526832357811E-03,  2.349529134734852E+00,  3.385344628735502E+02,  1.458787832006710E+01,  2.462179311634843E+06,  5.029938101505810E+01,  2.688758887797389E+02,  2.686492575275450E+02,  7.156684275265285E-03,  7.170841718172760E-03,  7.157145728935054E+00,
2462178.500000000, A.D. 2029-Feb-11 00:00:00.0000,  2.162934745726558E-03,  7.141722906293101E-03,  2.349589497685428E+00,  3.385323228506276E+02,  1.483721443592752E+01,  2.462179316340561E+06,  5.029390791684610E+01,  3.189430429754681E+02,  3.187799178877959E+02,  7.157203470361382E-03,  7.172684034429663E-03,  7.157924585920213E+00,
2462179.500000000, A.D. 2029-Feb-12 00:00:00.0000,  2.315937256296098E-03,  7.141107592533628E-03,  2.349580798512605E+00,  3.385324196645560E+02,  2.173264489028923E+01,  2.462179452730072E+06,  5.028883970810836E+01,  2.377149839581048E+00,  2.388189267750282E+00,  7.157684340366291E-03,  7.174261088198954E-03,  7.158645975718449E+00,
2462180.500000000, A.D. 2029-Feb-13 00:00:00.0000,  2.023259491863863E-03,  7.140576679227097E-03,  2.349585508800274E+00,  3.385322346747980E+02,  1.805552139565378E+01,  2.462179379926996E+06,  5.031658137388641E+01,  5.635824446351138E+01,  5.655153285079705E+01,  7.155053208546079E-03,  7.169529737865062E-03,  7.154699110516974E+00,
2462181.500000000, A.D. 2029-Feb-14 00:00:00.0000,  1.936726605626695E-03,  7.143165231513982E-03,  2.349590476910925E+00,  3.385309802085270E+02,  2.519658529469262E+01,  2.462179520882207E+06,  5.029577402434959E+01,  9.954126131000169E+01,  9.976003540097997E+01,  7.157026435027874E-03,  7.170887638541767E-03,  7.157659007806777E+00,
2462182.500000000, A.D. 2029-Feb-15 00:00:00.0000,  2.004644324951443E-03,  7.140470711416818E-03,  2.349619347736633E+00,  3.385305735450020E+02,  1.720721827967904E+01,  2.462179362964433E+06,  5.031910932287317E+01,  1.578528356702526E+02,  1.579392347426808E+02,  7.154813567831658E-03,  7.169156424246498E-03,  7.154339670244473E+00,
2462183.500000000, A.D. 2029-Feb-16 00:00:00.0000,  1.638548520366910E-03,  7.146098601732632E-03,  2.349564895579873E+00,  3.385298775382657E+02,  1.454373289093027E+01,  2.462186466440505E+06,  5.028733577438011E+01,  2.108256102684733E+02,  2.107295640455772E+02,  7.157827048652242E-03,  7.169555495571854E-03,  7.158860067973798E+00,
2462184.500000000, A.D. 2029-Feb-17 00:00:00.0000,  1.904926901004355E-03,  7.143667910751412E-03,  2.349544799493828E+00,  3.385284671125885E+02,  1.098314629691530E+01,  2.462186394633627E+06,  5.029286887260371E+01,  2.647134394690754E+02,  2.644961276496494E+02,  7.157302047961186E-03,  7.170936185170961E-03,  7.158072467727223E+00,
2462185.500000000, A.D. 2029-Feb-18 00:00:00.0000,  2.007338734627663E-03,  7.142850120854232E-03,  2.349627550399007E+00,  3.385248474019995E+02,  1.247097814200944E+01,  2.462186423901866E+06,  5.029376446483732E+01,  3.135334971582767E+02,  3.133664477388029E+02,  7.157217079930916E-03,  7.171584039007600E-03,  7.157945002341045E+00,
2462186.500000000, A.D. 2029-Feb-19 00:00:00.0000,  2.176513370705583E-03,  7.142102391756697E-03,  2.349635824890680E+00,  3.385248075872530E+02,  1.959967615193214E+01,  2.462186564935014E+06,  5.028887300874123E+01,  3.567344913483489E+02,  3.567202455057646E+02,  7.157681180549410E-03,  7.173259969342123E-03,  7.158641235356868E+00,
2462187.500000000, A.D. 2029-Feb-20 00:00:00.0000,  1.835427865876906E-03,  7.141701581746407E-03,  2.349646541554739E+00,  3.385247901736017E+02,  1.709952501466998E+01,  2.462186515409889E+06,  5.031889627752342E+01,  4.954348769291085E+01,  4.970376173426234E+01,  7.154833763010754E-03,  7.167965944275101E-03,  7.154369961028054E+00,
2462188.500000000, A.D. 2029-Feb-21 00:00:00.0000,  1.807234952179969E-03,  7.144123620971461E-03,  2.349645189635553E+00,  3.385234942942791E+02,  2.604042928473993E+01,  2.462186692166034E+06,  5.029544017042903E+01,  9.092580505765692E+01,  9.113286388510804E+01,  7.157058106536377E-03,  7.169992592101293E-03,  7.157706519321016E+00,
2462189.500000000, A.D. 2029-Feb-22 00:00:00.0000,  1.811885972759816E-03,  7.142080238736619E-03,  2.349673610564161E+00,  3.385229851741710E+02,  1.773258786777620E+01,  2.462186527705418E+06,  5.031667467835047E+01,  1.495559795378657E+02,  1.496609781915915E+02,  7.155044363252870E-03,  7.168008487769121E-03,  7.154685843237880E+00,
2462190.500000000, A.D. 2029-Feb-23 00:00:00.0000,  1.477412155287289E-03,  7.147177045613028E-03,  2.349628731865563E+00,  3.385225196807792E+02,  1.795213291978159E+01,  2.462193688809216E+06,  5.028812671486158E+01,  1.996407580730743E+02,  1.995839518503247E+02,  7.157751995415587E-03,  7.168326945218146E-03,  7.158747472166421E+00,
2462191.500000000, A.D. 2029-Feb-24 00:00:00.0000,  1.746329663448751E-03,  7.144642274279633E-03,  2.349610018692908E+00,  3.385218858126783E+02,  1.260269821998381E+01,  2.462193581340076E+06,  5.029456637580112E+01,  2.553199033961613E+02,  2.551264287307612E+02,  7.157141001916766E-03,  7.169639729553898E-03,  7.157830874016870E+00,
2462192.500000000, A.D. 2029-Feb-25 00:00:00.0000,  1.907882261786796E-03,  7.143088782860564E-03,  2.349656953468962E+00,  3.385193169952919E+02,  1.507465498296359E+01,  2.462193629952580E+06,  5.029876185599547E+01,  3.031647842878207E+02,  3.029815325510639E+02,  7.156743005893676E-03,  7.170397228926788E-03,  7.157233830738699E+00,
2462193.500000000, A.D. 2029-Feb-26 00:00:00.0000,  2.184343574234420E-03,  7.142217719463783E-03,  2.349653016208648E+00,  3.385193431252634E+02,  2.008432782573793E+01,  2.462193728967088E+06,  5.028706303648516E+01,  3.484859176046194E+02,  3.484358200488265E+02,  7.157852929515685E-03,  7.173488139567587E-03,  7.158898894906757E+00,
2462194.500000000, A.D. 2029-Feb-27 00:00:00.0000,  1.811004229304849E-03,  7.141866325188880E-03,  2.349669190002458E+00,  3.385194358349962E+02,  1.924944688618228E+01,  2.462193712423263E+06,  5.031900200012955E+01,  3.963007540111033E+01,  3.976267228740505E+01,  7.154823741244203E-03,  7.167781157299527E-03,  7.154354929357962E+00,
2462195.500000000, A.D. 2029-Feb-28 00:00:00.0000,  1.842764586454203E-03,  7.143837952070423E-03,  2.349661833481700E+00,  3.385181123213079E+02,  2.786947828681645E+01,  2.462193882936691E+06,  5.029577157531790E+01,  8.133144678348654E+01,  8.154027189350636E+01,  7.157026667357337E-03,  7.170215382644251E-03,  7.157659356331778E+00,
2462196.500000000, A.D. 2029-Mar-01 00:00:00.0000,  1.765951363293794E-03,  7.142663670078904E-03,  2.349692159656683E+00,  3.385174144034179E+02,  2.055741901929743E+01,  2.462193737989975E+06,  5.031398263166806E+01,  1.389677244370865E+02,  1.391003516217296E+02,  7.155299581128975E-03,  7.167935492179047E-03,  7.155068654283249E+00,
2462197.500000000, A.D. 2029-Mar-02 00:00:00.0000,  1.453593884094213E-03,  7.147588166911769E-03,  2.349649964060542E+00,  3.385170316745402E+02,  2.551810631734943E+01,  2.462200994011437E+06,  5.028558718000860E+01,  1.843015832981274E+02,  1.842891121303219E+02,  7.157992981732404E-03,  7.168397796553039E-03,  7.159109004957998E+00,
2462198.500000000, A.D. 2029-Mar-03 00:00:00.0000,  1.676770586100223E-03,  7.145324877949977E-03,  2.349614085033411E+00,  3.385160693361933E+02,  1.889665604916184E+01,  2.462200861226742E+06,  5.029261565809503E+01,  2.412477309728232E+02,  2.410794469756591E+02,  7.157326071782270E-03,  7.169327265614563E-03,  7.158108507368016E+00,
2462199.500000000, A.D. 2029-Mar-04 00:00:00.0000,  1.876207251003724E-03,  7.142926147762430E-03,  2.349650287536973E+00,  3.385133481098415E+02,  2.242613892026771E+01,  2.462200930570675E+06,  5.030287421115485E+01,  2.880381832884285E+02,  2.878336046944864E+02,  7.156352949056192E-03,  7.169779750349953E-03,  7.156648713328763E+00,
2462200.500000000, A.D. 2029-Mar-05 00:00:00.0000,  2.227998845403088E-03,  7.141953391076076E-03,  2.349645305726626E+00,  3.385133282348876E+02,  2.442129919082355E+01,  2.462200969784258E+06,  5.028655449934357E+01,  3.363761683156143E+02,  3.362735963146181E+02,  7.157901186655454E-03,  7.173848982234831E-03,  7.158971291316037E+00,
2462201.500000000, A.D. 2029-Mar-06 00:00:00.0000,  1.872247675100450E-03,  7.141549717413362E-03,  2.349661646218250E+00,  3.385134165552305E+02,  2.652677028888228E+01,  2.462201011479227E+06,  5.031771705383417E+01,  2.458125003019212E+01,  2.467068693163969E+01,  7.154945547580290E-03,  7.168341377747220E-03,  7.154537627667833E+00,
2462202.500000000, A.D. 2029-Mar-07 00:00:00.0000,  2.001568788063758E-03,  7.142875766967397E-03,  2.349647370223547E+00,  3.385120493951387E+02,  3.366661809536937E+01,  2.462201152778486E+06,  5.029392976178649E+01,  6.775706418704094E+01,  6.796956029221897E+01,  7.157201397895310E-03,  7.171527028823224E-03,  7.157921476908120E+00,
2462203.500000000, A.D. 2029-Mar-08 00:00:00.0000,  1.870024401748136E-03,  7.141930080119194E-03,  2.349675032861134E+00,  3.385112189101020E+02,  2.681706830825081E+01,  2.462201016968080E+06,  5.031386550569408E+01,  1.249309340592327E+02,  1.251063822595934E+02,  7.155310685703550E-03,  7.168691291287907E-03,  7.155085310613996E+00,
2462204.500000000, A.D. 2029-Mar-09 00:00:00.0000,  1.656362388518971E-03,  7.145494359155184E-03,  2.349654791590252E+00,  3.385109707066992E+02,  3.115427887451478E+01,  2.462201101967183E+06,  5.029236847349745E+01,  1.708951185036667E+02,  1.709250924025227E+02,  7.157349523707739E-03,  7.169204688260294E-03,  7.158143689130668E+00,
2462205.500000000, A.D. 2029-Mar-10 00:00:00.0000,  1.758383932945541E-03,  7.144824588101908E-03,  2.349625923547205E+00,  3.385104442392082E+02,  2.153145313977371E+01,  2.462208068039929E+06,  5.029173039579427E+01,  2.308488282672739E+02,  2.306927883598565E+02,  7.157410062958119E-03,  7.169995537814330E-03,  7.158234508274258E+00,
2462206.500000000, A.D. 2029-Mar-11 00:00:00.0000,  1.974990560761837E-03,  7.142064025573327E-03,  2.349650073366147E+00,  3.385079087855107E+02,  2.466347730841908E+01,  2.462208129349492E+06,  5.030451380957741E+01,  2.780363659660318E+02,  2.778121944628729E+02,  7.156197447984043E-03,  7.170330870394759E-03,  7.156415453347649E+00,
2462207.500000000, A.D. 2029-Mar-12 00:00:00.0000,  2.338664454618291E-03,  7.141231598157164E-03,  2.349649824191316E+00,  3.385077613911005E+02,  2.436312292752315E+01,  2.462208123057885E+06,  5.028581152318873E+01,  3.286690286366267E+02,  3.285293296625595E+02,  7.157971692120692E-03,  7.174711786084221E-03,  7.159077065585192E+00,
2462208.500000000, A.D. 2029-Mar-13 00:00:00.0000,  2.000098284731841E-03,  7.140670858809214E-03,  2.349668380435779E+00,  3.385078417684863E+02,  2.848497696686966E+01,  2.462208204661069E+06,  5.031733753427608E+01,  1.486066868691614E+01,  1.491959238640824E+01,  7.154981525084824E-03,  7.169292191360434E-03,  7.154591590915728E+00,
2462209.500000000, A.D. 2029-Mar-14 00:00:00.0000,  2.220742594244193E-03,  7.141642742169945E-03,  2.349641413729775E+00,  3.385058667248633E+02,  3.450926459056150E+01,  2.462208323894116E+06,  5.029038419690346E+01,  5.914681676115728E+01,  5.936559332163563E+01,  7.157537791212803E-03,  7.173432840255661E-03,  7.158426123580227E+00,
2462210.500000000, A.D. 2029-Mar-15 00:00:00.0000,  2.099304060771028E-03,  7.140663210917117E-03,  2.349692584697163E+00,  3.385036478360975E+02,  2.897889456295815E+01,  2.462208214281762E+06,  5.030991588421745E+01,  1.149942922637539E+02,  1.152120840640395E+02,  7.155685169851786E-03,  7.170707128786456E-03,  7.155647026492730E+00,
2462211.500000000, A.D. 2029-Mar-16 00:00:00.0000,  1.988252767846512E-03,  7.142761282778330E-03,  2.349702596905352E+00,  3.385032517549387E+02,  3.199230087918392E+01,  2.462208273487432E+06,  5.029614554819957E+01,  1.622811457289167E+02,  1.623503233214364E+02,  7.156991190321941E-03,  7.171221097865551E-03,  7.157606136140322E+00,
2462212.500000000, A.D. 2029-Mar-17 00:00:00.0000,  2.003672649536947E-03,  7.143092465509434E-03,  2.349669617714025E+00,  3.385027899224482E+02,  2.274349012150703E+01,  2.462215246705464E+06,  5.029148211588889E+01,  2.218641112702030E+02,  2.217111668200026E+02,  7.157433619493690E-03,  7.171774773477947E-03,  7.158269847176825E+00,
2462213.500000000, A.D. 2029-Mar-18 00:00:00.0000,  2.246781000138077E-03,  7.139982546154271E-03,  2.349682358395011E+00,  3.385004082119334E+02,  2.495453739335311E+01,  2.462215289567053E+06,  5.030595630584551E+01,  2.699741180330420E+02,  2.697166571147861E+02,  7.156060647252353E-03,  7.172138748350435E-03,  7.156210246979606E+00,
2462214.500000000, A.D. 2029-Mar-19 00:00:00.0000,  2.612643843835537E-03,  7.139547276260861E-03,  2.349684354426000E+00,  3.385001169166775E+02,  2.230641164092545E+01,  2.462215236802093E+06,  5.028288702625714E+01,  3.229514636150415E+02,  3.227706145414368E+02,  7.158249232049617E-03,  7.176951187838373E-03,  7.159493443803498E+00,
2462215.500000000, A.D. 2029-Mar-20 00:00:00.0000,  2.279741203236282E-03,  7.138833801428215E-03,  2.349708434418006E+00,  3.385002296123542E+02,  2.689930592606106E+01,  2.462215327679024E+06,  5.031560593762465E+01,  8.670434307685339E+00,  8.709927530634236E+00,  7.155145681854298E-03,  7.171457562280380E-03,  7.154837814062808E+00,
2462216.500000000, A.D. 2029-Mar-21 00:00:00.0000,  2.457231124564311E-03,  7.139548987828967E-03,  2.349685337253856E+00,  3.384990805017086E+02,  3.059177162398753E+01,  2.462215400725964E+06,  5.029462200400613E+01,  5.528757213230480E+01,  5.551943988961224E+01,  7.157135724493925E-03,  7.174722461158883E-03,  7.157822957121038E+00,
2462217.500000000, A.D. 2029-Mar-22 00:00:00.0000,  2.246978419670251E-03,  7.139397254931268E-03,  2.349703728413098E+00,  3.384980385828046E+02,  2.656109067019062E+01,  2.462215320679605E+06,  5.031212765994491E+01,  1.096462459445818E+02,  1.098885120775958E+02,  7.155475453858568E-03,  7.171553652785869E-03,  7.155332456484591E+00,
2462218.500000000, A.D. 2029-Mar-23 00:00:00.0000,  2.144304902023783E-03,  7.141404005079356E-03,  2.349709034342420E+00,  3.384977098919953E+02,  2.971437985711695E+01,  2.462215382713399E+06,  5.029868538422157E+01,  1.567954179903491E+02,  1.568919971621031E+02,  7.156750259743886E-03,  7.172096514408416E-03,  7.157244712262997E+00,
2462219.500000000, A.D. 2029-Mar-24 00:00:00.0000,  2.076545351767079E-03,  7.142743959628175E-03,  2.349670838330447E+00,  3.384973131914127E+02,  2.115473450215890E+01,  2.462222369614154E+06,  5.028965420952162E+01,  2.156880964930776E+02,  2.155495725443324E+02,  7.157607055288609E-03,  7.172470150949043E-03,  7.158530032840018E+00,
2462220.500000000, A.D. 2029-Mar-25 00:00:00.0000,  2.354322356867996E-03,  7.139039716343993E-03,  2.349673679278093E+00,  3.384951330822686E+02,  2.350341337997221E+01,  2.462222414988737E+06,  5.030778762967359E+01,  2.636611533159433E+02,  2.633931053003108E+02,  7.155886981046693E-03,  7.172734245749393E-03,  7.155949743805812E+00,
2462221.500000000, A.D. 2029-Mar-26 00:00:00.0000,  2.721832311071799E-03,  7.139014525113042E-03,  2.349681654905968E+00,  3.384945453313337E+02,  1.895218288810155E+01,  2.462222324571617E+06,  5.028025795702821E+01,  3.185403263793332E+02,  3.183332929278720E+02,  7.158498758332238E-03,  7.177982991551434E-03,  7.159867801546927E+00,
2462222.500000000, A.D. 2029-Mar-27 00:00:00.0000,  2.438482886351056E-03,  7.138237311847975E-03,  2.349701393450714E+00,  3.384945724057793E+02,  2.295481950489475E+01,  2.462222403739405E+06,  5.030990364380595E+01,  4.842861260691029E+00,  4.866523474452216E+00,  7.155686330505007E-03,  7.173135349162039E-03,  7.155648767463352E+00,
2462223.500000000, A.D. 2029-Mar-28 00:00:00.0000,  2.572974351935218E-03,  7.138652956618086E-03,  2.349664400107234E+00,  3.384932157745476E+02,  2.433863439143293E+01,  2.462222431105075E+06,  5.029533684429367E+01,  5.376043027352977E+01,  5.399868733579820E+01,  7.157067908782442E-03,  7.175482860946798E-03,  7.157721224027241E+00,
2462224.500000000, A.D. 2029-Mar-29 00:00:00.0000,  2.330517975929818E-03,  7.138744569463521E-03,  2.349676523571589E+00,  3.384920070505365E+02,  2.062284973756090E+01,  2.462222357236416E+06,  5.031270825753816E+01,  1.078082390854560E+02,  1.080622736486743E+02,  7.155420405343510E-03,  7.172096241223498E-03,  7.155249885520973E+00,
2462225.500000000, A.D. 2029-Mar-30 00:00:00.0000,  2.243854060384448E-03,  7.140375967389780E-03,  2.349688551005156E+00,  3.384915767775770E+02,  2.302109557638813E+01,  2.462222404390352E+06,  5.030202006125832E+01,  1.557154185894550E+02,  1.558208971085204E+02,  7.156433960790572E-03,  7.172491954191364E-03,  7.156770236296440E+00,
2462226.500000000, A.D. 2029-Mar-31 00:00:00.0000,  2.095114361326824E-03,  7.142876414277181E-03,  2.349641360530446E+00,  3.384912092619925E+02,  1.479771748924623E+01,  2.462229397955052E+06,  5.028685177630391E+01,  2.142709638506056E+02,  2.141360637818943E+02,  7.157872976747317E-03,  7.172869539217453E-03,  7.158928970169468E+00,
2462227.500000000, A.D. 2029-Apr-01 00:00:00.0000,  2.376959157713046E-03,  7.138944307330509E-03,  2.349634716240757E+00,  3.384892366742052E+02,  1.759696853069737E+01,  2.462229452202633E+06,  5.030708388010898E+01,  2.617903784136346E+02,  2.615209055561180E+02,  7.155953717050422E-03,  7.172963126770336E-03,  7.156049848922792E+00,
2462228.500000000, A.D. 2029-Apr-02 00:00:00.0000,  2.707702561058825E-03,  7.139070152622443E-03,  2.349643717906929E+00,  3.384883717495721E+02,  1.297094299616568E+01,  2.462229360342197E+06,  5.028073885484445E+01,  3.167413586556819E+02,  3.165282012197734E+02,  7.158453114453670E-03,  7.177836076284897E-03,  7.159799322744335E+00,
2462229.500000000, A.D. 2029-Apr-03 00:00:00.0000,  2.410450816395074E-03,  7.138048096839691E-03,  2.349674125886460E+00,  3.384883974145752E+02,  1.914976241548078E+01,  2.462229482546685E+06,  5.031402478192255E+01,  8.781465339333969E-01,  8.823926169157432E-01,  7.155295584923919E-03,  7.172543073008148E-03,  7.155062660169959E+00,
2462230.500000000, A.D. 2029-Apr-04 00:00:00.0000,  2.565536265516251E-03,  7.138474312236028E-03,  2.349653288926208E+00,  3.384876642786643E+02,  2.111715308236863E+01,  2.462229521480368E+06,  5.029778748156009E+01,  4.921737251136682E+01,  4.944044549135079E+01,  7.156835433085941E-03,  7.175196553935853E-03,  7.157372481483034E+00,
2462231.500000000, A.D. 2029-Apr-05 00:00:00.0000,  2.320616642093560E-03,  7.139010053865353E-03,  2.349658281490977E+00,  3.384866172179330E+02,  1.915642800527364E+01,  2.462229482323620E+06,  5.031065070180394E+01,  1.015106115754988E+02,  1.017710347007492E+02,  7.155615494265767E-03,  7.172220934666181E-03,  7.155542513925221E+00,
2462232.500000000, A.D. 2029-Apr-06 00:00:00.0000,  2.279634871982625E-03,  7.139889025763896E-03,  2.349679420889469E+00,  3.384860084422522E+02,  2.075785589593324E+01,  2.462229513896052E+06,  5.030445996354812E+01,  1.502143465094041E+02,  1.503437924459420E+02,  7.156202554658466E-03,  7.172516083553036E-03,  7.156423113594005E+00,
2462233.500000000, A.D. 2029-Apr-07 00:00:00.0000,  2.051561143086220E-03,  7.143362981845367E-03,  2.349627821707954E+00,  3.384857254644886E+02,  1.304572685238688E+01,  2.462236517632235E+06,  5.028500578619285E+01,  2.082583455948037E+02,  2.081472928994264E+02,  7.158048155301123E-03,  7.172733328756878E-03,  7.159191778373982E+00,
2462234.500000000, A.D. 2029-Apr-08 00:00:00.0000,  2.321831617679018E-03,  7.139625881310421E-03,  2.349606607796112E+00,  3.384834222938870E+02,  1.487674801210377E+01,  2.462236552656326E+06,  5.030404964415045E+01,  2.567430742682765E+02,  2.564842752405396E+02,  7.156241469016930E-03,  7.172857056723439E-03,  7.156481487010105E+00,
2462235.500000000, A.D. 2029-Apr-09 00:00:00.0000,  2.564016681190173E-03,  7.140381681487902E-03,  2.349640238862343E+00,  3.384809471777454E+02,  9.063577371675795E+00,  2.462236437370416E+06,  5.027775008424924E+01,  3.128711244747959E+02,  3.126553218393126E+02,  7.158736802064644E-03,  7.177091922641387E-03,  7.160224938402305E+00,
2462236.500000000, A.D. 2029-Apr-10 00:00:00.0000,  2.258102184199085E-03,  7.139095626423083E-03,  2.349688385524047E+00,  3.384807365325249E+02,  1.719609712762209E+01,  2.462236598259997E+06,  5.031447481094068E+01,  3.550560998602665E+02,  3.550337370138506E+02,  7.155252918667222E-03,  7.171410210911362E-03,  7.154998662963674E+00,
2462237.500000000, A.D. 2029-Apr-11 00:00:00.0000,  2.389701856198739E-03,  7.139433358603195E-03,  2.349673411269979E+00,  3.384802048299477E+02,  1.882674492188552E+01,  2.462236630550124E+06,  5.030095115388255E+01,  4.373415575003347E+01,  4.392387384126128E+01,  7.156535344399658E-03,  7.173637330196121E-03,  7.156922319394609E+00,
2462238.500000000, A.D. 2029-Apr-12 00:00:00.0000,  2.145291766475253E-03,  7.140435613413405E-03,  2.349671871159077E+00,  3.384791845832522E+02,  1.893461174973462E+01,  2.462236632314325E+06,  5.030884342172897E+01,  9.396110618433411E+01,  9.420630509094724E+01,  7.155786864055515E-03,  7.171138114697625E-03,  7.155799567527164E+00,
2462239.500000000, A.D. 2029-Apr-13 00:00:00.0000,  2.131721615911378E-03,  7.140907038629394E-03,  2.349697312018393E+00,  3.384783993169843E+02,  2.037620634681863E+01,  2.462236660849829E+06,  5.030488775511176E+01,  1.428231306830136E+02,  1.429704290396076E+02,  7.156161983817260E-03,  7.171416929005125E-03,  7.156362255542820E+00,
2462240.500000000, A.D. 2029-Apr-14 00:00:00.0000,  1.839387773141871E-03,  7.145110410638353E-03,  2.349647565347853E+00,  3.384782747690999E+02,  1.395570115382201E+01,  2.462243690551903E+06,  5.028259172344449E+01,  1.995707813133293E+02,  1.995003293259569E+02,  7.158277258304036E-03,  7.171444105969721E-03,  7.159535490533362E+00,
2462241.500000000, A.D. 2029-Apr-15 00:00:00.0000,  2.185944500971208E-03,  7.140206848862234E-03,  2.349631080630121E+00,  3.384769872964402E+02,  1.619009207764811E+01,  2.462243733161882E+06,  5.030818670301259E+01,  2.476536750997823E+02,  2.474222365911167E+02,  7.155849137935081E-03,  7.171491427007930E-03,  7.155892978715574E+00,
2462242.500000000, A.D. 2029-Apr-16 00:00:00.0000,  2.439291603106728E-03,  7.140958646940918E-03,  2.349635969521770E+00,  3.384754957685114E+02,  9.071306100951785E+00,  2.462243591956686E+06,  5.028108647389000E+01,  3.050952314653579E+02,  3.048661260625626E+02,  7.158420121033664E-03,  7.175881595126412E-03,  7.159749823364320E+00,
2462243.500000000, A.D. 2029-Apr-17 00:00:00.0000,  2.253484546671657E-03,  7.139271562369723E-03,  2.349665010263037E+00,  3.384753837368023E+02,  1.808662880009139E+01,  2.462243770271978E+06,  5.031296421981086E+01,  3.464018156553939E+02,  3.463409361369534E+02,  7.155396136989744E-03,  7.171520711609764E-03,  7.155213483888692E+00,
2462244.500000000, A.D. 2029-Apr-18 00:00:00.0000,  2.366599853724918E-03,  7.139487444560114E-03,  2.349656314503291E+00,  3.384750100430157E+02,  1.870069483520632E+01,  2.462243782454916E+06,  5.030212680927145E+01,  3.609404378543129E+01,  3.625418912979465E+01,  7.156423836163973E-03,  7.173360227767830E-03,  7.156755048648290E+00,
2462245.500000000, A.D. 2029-Apr-19 00:00:00.0000,  2.132514297868367E-03,  7.140672185924848E-03,  2.349648814608900E+00,  3.384740124747809E+02,  2.042451432518587E+01,  2.462243816233897E+06,  5.030730958045821E+01,  8.470574258927738E+01,  8.494912737168771E+01,  7.155932313898816E-03,  7.171192441872784E-03,  7.156017743788100E+00,
2462246.500000000, A.D. 2029-Apr-20 00:00:00.0000,  2.127692520262302E-03,  7.140877865106077E-03,  2.349679546085033E+00,  3.384729518451698E+02,  2.130805948223851E+01,  2.462243833761833E+06,  5.030550070718266E+01,  1.341264459958836E+02,  1.343011342844030E+02,  7.156103853749920E-03,  7.171329842393763E-03,  7.156275058178656E+00,
2462247.500000000, A.D. 2029-Apr-21 00:00:00.0000,  1.743896202697070E-03,  7.146320586769386E-03,  2.349626660752846E+00,  3.384728996435617E+02,  1.875390133404771E+01,  2.462250940962834E+06,  5.027703374848285E+01,  1.869985954851731E+02,  1.869742990651473E+02,  7.158804799274689E-03,  7.171289011779994E-03,  7.160326955662202E+00,
2462248.500000000, A.D. 2029-Apr-22 00:00:00.0000,  2.148380394940441E-03,  7.140459268763113E-03,  2.349596886953547E+00,  3.384716139111353E+02,  2.072612260165972E+01,  2.462250977959957E+06,  5.030835984487831E+01,  2.353378988229706E+02,  2.351357148385961E+02,  7.155832719487134E-03,  7.171206170211155E-03,  7.155868350906895E+00,
2462249.500000000, A.D. 2029-Apr-23 00:00:00.0000,  2.343341565642581E-03,  7.141426301957374E-03,  2.349595453179404E+00,  3.384697488035721E+02,  1.288798588131414E+01,  2.462250822495857E+06,  5.028340144855145E+01,  2.935004098926607E+02,  2.932538679244238E+02,  7.158200410514533E-03,  7.174974519071692E-03,  7.159420198896882E+00,
2462250.500000000, A.D. 2029-Apr-24 00:00:00.0000,  2.288681832395164E-03,  7.139075913316735E-03,  2.349617452871316E+00,  3.384696253945003E+02,  2.274541576465989E+01,  2.462251017366185E+06,  5.031237009733962E+01,  3.339700810262734E+02,  3.338546926324402E+02,  7.155452467381396E-03,  7.171829021446057E-03,  7.155297977485577E+00,
2462251.500000000, A.D. 2029-Apr-25 00:00:00.0000,  2.397417237678763E-03,  7.139228568970700E-03,  2.349611806683746E+00,  3.384693159035846E+02,  2.259206497789405E+01,  2.462251014367023E+06,  5.030253194769328E+01,  2.442856830853970E+01,  2.454249338506045E+01,  7.156385410713819E-03,  7.173542252456940E-03,  7.156697407882834E+00,
2462252.500000000, A.D. 2029-Apr-26 00:00:00.0000,  2.226564955512195E-03,  7.140374776004189E-03,  2.349597157419734E+00,  3.384682838314534E+02,  2.620211061040411E+01,  2.462251085563472E+06,  5.030334010581164E+01,  7.115088175554810E+01,  7.139256111511156E+01,  7.156308762305164E-03,  7.172242748606138E-03,  7.156582430565252E+00,
2462253.500000000, A.D. 2029-Apr-27 00:00:00.0000,  2.249884299019585E-03,  7.139770733861081E-03,  2.349627634787983E+00,  3.384670023731563E+02,  2.508666613803219E+01,  2.462251063627258E+06,  5.030796021873087E+01,  1.225689429829329E+02,  1.227858884456665E+02,  7.155870614803142E-03,  7.171970495745205E-03,  7.155925194239206E+00,
2462254.500000000, A.D. 2029-Apr-28 00:00:00.0000,  1.870093344880924E-03,  7.145035559667434E-03,  2.349589044957008E+00,  3.384670699011036E+02,  2.408164414091798E+01,  2.462251041495002E+06,  5.028106164175306E+01,  1.738973029731145E+02,  1.739200322290155E+02,  7.158422477903206E-03,  7.171809396138979E-03,  7.159753359325618E+00,
2462255.500000000, A.D. 2029-Apr-29 00:00:00.0000,  2.259471891494412E-03,  7.139512875966198E-03,  2.349576010528112E+00,  3.384665164681518E+02,  2.217938163602355E+01,  2.462258161125578E+06,  5.030996053605165E+01,  2.261188771950658E+02,  2.259326205475910E+02,  7.155680935905379E-03,  7.171848995844559E-03,  7.155640675607912E+00,
2462256.500000000, A.D. 2029-Apr-30 00:00:00.0000,  2.383911817156707E-03,  7.141119424329869E-03,  2.349566467744027E+00,  3.384646462789972E+02,  1.353411607509498E+01,  2.462257989805686E+06,  5.028357538120892E+01,  2.850872434699378E+02,  2.848232797153532E+02,  7.158183903526867E-03,  7.175248382723867E-03,  7.159395434210367E+00,
2462257.500000000, A.D. 2029-May-01 00:00:00.0000,  2.411065491879522E-03,  7.138342878126517E-03,  2.349585329086282E+00,  3.384644960438428E+02,  2.304121805695626E+01,  2.462258177610422E+06,  5.031086170208427E+01,  3.259088357794367E+02,  3.257535861157725E+02,  7.155595487480229E-03,  7.172848096833941E-03,  7.155512504073966E+00,
2462258.500000000, A.D. 2029-May-02 00:00:00.0000,  2.482891690954568E-03,  7.138458232353802E-03,  2.349587599475600E+00,  3.384642447860860E+02,  2.275339934178188E+01,  2.462258171955437E+06,  5.030420887805561E+01,  1.650202219630938E+01,  1.658308058020635E+01,  7.156226367339860E-03,  7.173994502325918E-03,  7.156458833746695E+00,
2462259.500000000, A.D. 2029-May-03 00:00:00.0000,  2.408388971364170E-03,  7.139584413688045E-03,  2.349559361956800E+00,  3.384626975782561E+02,  2.787507443353690E+01,  2.462258273104598E+06,  5.029794151036472E+01,  6.171031316592833E+01,  6.195367824733220E+01,  7.156820822025842E-03,  7.174057230363640E-03,  7.157350563259453E+00,
2462260.500000000, A.D. 2029-May-04 00:00:00.0000,  2.480457422833062E-03,  7.138250767973647E-03,  2.349611702136040E+00,  3.384599096620664E+02,  2.564411786165362E+01,  2.462258229209436E+06,  5.030658608411858E+01,  1.142357210116167E+02,  1.144945785081708E+02,  7.156000923582347E-03,  7.173751079191047E-03,  7.156120659788706E+00,
2462261.500000000, A.D. 2029-May-05 00:00:00.0000,  2.142093586135860E-03,  7.143000336328867E-03,  2.349600744975598E+00,  3.384598001145731E+02,  2.606572845085855E+01,  2.462258235721619E+06,  5.028199220002625E+01,  1.641344200674861E+02,  1.642013534382301E+02,  7.158334158016170E-03,  7.173667979703474E-03,  7.159620855273353E+00,
2462262.500000000, A.D. 2029-May-06 00:00:00.0000,  2.527545973442149E-03,  7.137444930632304E-03,  2.349593212761425E+00,  3.384595293430500E+02,  2.233157335048007E+01,  2.462265318592618E+06,  5.031154326107759E+01,  2.181922555688818E+02,  2.180136172674829E+02,  7.155530863855082E-03,  7.173616797077859E-03,  7.155415569979265E+00,
2462263.500000000, A.D. 2029-May-07 00:00:00.0000,  2.594944307948449E-03,  7.139553373160735E-03,  2.349575052895487E+00,  3.384575777947270E+02,  1.384960021301555E+01,  2.462265150658604E+06,  5.028416109365785E+01,  2.769980168249608E+02,  2.767027579474717E+02,  7.158128317493781E-03,  7.176703261826827E-03,  7.159312041210635E+00,
2462264.500000000, A.D. 2029-May-08 00:00:00.0000,  2.705739993940635E-03,  7.136605792208340E-03,  2.349588385511428E+00,  3.384574538880770E+02,  2.137331628154312E+01,  2.462265299041287E+06,  5.030693346527342E+01,  3.198026831310243E+02,  3.196020490069205E+02,  7.155967980969806E-03,  7.175330169731273E-03,  7.156071245099959E+00,
2462265.500000000, A.D. 2029-May-09 00:00:00.0000,  2.724665021053380E-03,  7.136707303196869E-03,  2.349601753366456E+00,  3.384572560968220E+02,  2.080463910921350E+01,  2.462265287842772E+06,  5.030442820930168E+01,  1.067244805831922E+01,  1.073046416298938E+01,  7.156205566186524E-03,  7.175703829176179E-03,  7.156427631025793E+00,
2462266.500000000, A.D. 2029-May-10 00:00:00.0000,  2.650995291029390E-03,  7.137716144364239E-03,  2.349576875622565E+00,  3.384563947488699E+02,  2.527219225793932E+01,  2.462265376030501E+06,  5.029933656184892E+01,  5.653492010970492E+01,  5.678880454826756E+01,  7.156688491855511E-03,  7.175660839346783E-03,  7.157152054229142E+00,
2462267.500000000, A.D. 2029-May-11 00:00:00.0000,  2.640416411987082E-03,  7.136570550895562E-03,  2.349598881019367E+00,  3.384547932371639E+02,  2.217667916143583E+01,  2.462265314940302E+06,  5.031224893388971E+01,  1.099352674624703E+02,  1.102193855520282E+02,  7.155463955358671E-03,  7.174357359821782E-03,  7.155315209086361E+00,
2462268.500000000, A.D. 2029-May-12 00:00:00.0000,  2.262643151036870E-03,  7.142115873028375E-03,  2.349576747963849E+00,  3.384548516367443E+02,  2.465413337187227E+01,  2.462265362119596E+06,  5.028221955565732E+01,  1.577795914260078E+02,  1.578773872846627E+02,  7.158312579960404E-03,  7.174509286892432E-03,  7.159588482396178E+00,
2462269.500000000, A.D. 2029-May-13 00:00:00.0000,  2.618242183537834E-03,  7.136854649468524E-03,  2.349572605359243E+00,  3.384547696233486E+02,  2.006399198154125E+01,  2.462272427915811E+06,  5.031092256761533E+01,  2.126938543531354E+02,  2.125322393651982E+02,  7.155589716311862E-03,  7.174324783155200E-03,  7.155503847423555E+00,
2462270.500000000, A.D. 2029-May-14 00:00:00.0000,  2.653445368372769E-03,  7.139020415252137E-03,  2.349546388706788E+00,  3.384527974496927E+02,  1.216593393922513E+01,  2.462272271586411E+06,  5.028536765933690E+01,  2.709151259793566E+02,  2.706110876415190E+02,  7.158013813853253E-03,  7.177007212454371E-03,  7.159140258034006E+00,
2462271.500000000, A.D. 2029-May-15 00:00:00.0000,  2.839043693642262E-03,  7.136004127891946E-03,  2.349558514679002E+00,  3.384526092117798E+02,  1.822250129502311E+01,  2.462272390831008E+06,  5.030320857940153E+01,  3.151883419804201E+02,  3.149584780191275E+02,  7.156321236568304E-03,  7.176638345244663E-03,  7.156601142683670E+00,
2462272.500000000, A.D. 2029-May-16 00:00:00.0000,  2.847189895920743E-03,  7.136143739365117E-03,  2.349576204857402E+00,  3.384523431121344E+02,  1.683143834773185E+01,  2.462272363378577E+06,  5.030111598825260E+01,  6.872210016019070E+00,  6.911387636070979E+00,  7.156519709973312E-03,  7.176895680581507E-03,  7.156898866499798E+00,
2462273.500000000, A.D. 2029-May-17 00:00:00.0000,  2.786408448165607E-03,  7.136952768434616E-03,  2.349533863857309E+00,  3.384512196593606E+02,  2.008224852956308E+01,  2.462272427503886E+06,  5.029716164166058E+01,  5.394351038744829E+01,  5.420217279773016E+01,  7.156894800569557E-03,  7.176836832704499E-03,  7.157461539575546E+00,
2462274.500000000, A.D. 2029-May-18 00:00:00.0000,  2.738125823026516E-03,  7.135537921322353E-03,  2.349548520381566E+00,  3.384494116683280E+02,  1.575807639051576E+01,  2.462272342105117E+06,  5.031577592648860E+01,  1.085761554218898E+02,  1.088732493700966E+02,  7.155129566355090E-03,  7.174721211387828E-03,  7.154813641867721E+00,
2462275.500000000, A.D. 2029-May-19 00:00:00.0000,  2.349121747839335E-03,  7.141378198244773E-03,  2.349531662315235E+00,  3.384494115252239E+02,  1.897223453904379E+01,  2.462272403851016E+06,  5.028347250779927E+01,  1.556851223229264E+02,  1.557956654730831E+02,  7.158193666662377E-03,  7.175009135079980E-03,  7.159410081397258E+00,
2462276.500000000, A.D. 2029-May-20 00:00:00.0000,  2.657185571348201E-03,  7.136749021924058E-03,  2.349525972724629E+00,  3.384494086496272E+02,  1.389768325608638E+01,  2.462279459997366E+06,  5.030909284461812E+01,  2.110852176767802E+02,  2.109284513514986E+02,  7.155763212684790E-03,  7.174777403445520E-03,  7.155764090437409E+00,
2462277.500000000, A.D. 2029-May-21 00:00:00.0000,  2.667478503762504E-03,  7.139010522527842E-03,  2.349491319966709E+00,  3.384474350693453E+02,  6.409024129799274E+00,  2.462279311832659E+06,  5.028441087545511E+01,  2.688930621228358E+02,  2.685874697802255E+02,  7.158104612709929E-03,  7.177198702892017E-03,  7.159276478184288E+00,
2462278.500000000, A.D. 2029-May-22 00:00:00.0000,  2.861869150025147E-03,  7.136011122583059E-03,  2.349499747144770E+00,  3.384472386408826E+02,  1.220583800411365E+01,  2.462279425924939E+06,  5.030140743720145E+01,  3.134246724094871E+02,  3.131859057748616E+02,  7.156492066450432E-03,  7.176973010317805E-03,  7.156857399058670E+00,
2462279.500000000, A.D. 2029-May-23 00:00:00.0000,  2.779738774742045E-03,  7.135984418370698E-03,  2.349534270165905E+00,  3.384469207918817E+02,  1.237596652526775E+01,  2.462279429345004E+06,  5.030790465233675E+01,  3.554504820313937E+00,  3.574322052691127E+00,  7.155875884032786E-03,  7.175767349694874E-03,  7.155933098145410E+00,
2462280.500000000, A.D. 2029-May-24 00:00:00.0000,  2.787172067194913E-03,  7.136917151635499E-03,  2.349507108041243E+00,  3.384463649212444E+02,  1.717019476754289E+01,  2.462279524017156E+06,  5.029748038105225E+01,  4.908947795685027E+01,  4.933140005882294E+01,  7.156864564638756E-03,  7.176811977642013E-03,  7.157416182135773E+00,
2462281.500000000, A.D. 2029-May-25 00:00:00.0000,  2.717059774156588E-03,  7.135613032269036E-03,  2.349513871466504E+00,  3.384447865535605E+02,  1.292771080881151E+01,  2.462279440209213E+06,  5.031657575762274E+01,  1.036416191738617E+02,  1.039439444479334E+02,  7.155053740970555E-03,  7.174494449672074E-03,  7.154699909114178E+00,
2462282.500000000, A.D. 2029-May-26 00:00:00.0000,  2.360679285679816E-03,  7.141264652665370E-03,  2.349505777018901E+00,  3.384446390643838E+02,  1.740879600804647E+01,  2.462279527250592E+06,  5.028379796716843E+01,  1.494811306267386E+02,  1.496181550845679E+02,  7.158162779261897E-03,  7.175060905858424E-03,  7.159363742473333E+00,
2462283.500000000, A.D. 2029-May-27 00:00:00.0000,  2.622849324510055E-03,  7.137124728709213E-03,  2.349501573766646E+00,  3.384447040915680E+02,  1.120503201402781E+01,  2.462286560913697E+06,  5.030771825947583E+01,  2.060124160931719E+02,  2.058809897070654E+02,  7.155893559297482E-03,  7.174662389885751E-03,  7.155959611270807E+00,
2462284.500000000, A.D. 2029-May-28 00:00:00.0000,  2.582368898202845E-03,  7.139845354890000E-03,  2.349453272332872E+00,  3.384423370732413E+02,  3.357204383110024E+00,  2.462286405729337E+06,  5.028202752108046E+01,  2.641760650126245E+02,  2.638817724318222E+02,  7.158330805725754E-03,  7.176816256561508E-03,  7.159615825934465E+00,
2462285.500000000, A.D. 2029-May-29 00:00:00.0000,  2.757056727687436E-03,  7.137290126187273E-03,  2.349481164529316E+00,  3.384407802169833E+02,  8.001998163598437E+00,  2.462286497072974E+06,  5.029581610447494E+01,  3.098514010693526E+02,  3.096083185622106E+02,  7.157022443064130E-03,  7.176754759940988E-03,  7.157653019332753E+00,
2462286.500000000, A.D. 2029-May-30 00:00:00.0000,  2.577084358017672E-03,  7.137142438081021E-03,  2.349543014643807E+00,  3.384400992583312E+02,  9.327220398148427E+00,  2.462286523351758E+06,  5.031099362220299E+01,  3.588251498633466E+02,  3.588190753503441E+02,  7.155582979048825E-03,  7.174023520016629E-03,  7.155493741652651E+00,
2462287.500000000, A.D. 2029-May-31 00:00:00.0000,  2.624551978547794E-03,  7.138007472361590E-03,  2.349518720558519E+00,  3.384396950798644E+02,  1.478872431752519E+01,  2.462286631274230E+06,  5.029825756100739E+01,  4.369539253537827E+01,  4.390365246387215E+01,  7.156790841925817E-03,  7.175574211490044E-03,  7.157305589827867E+00,
2462288.500000000, A.D. 2029-Jun-01 00:00:00.0000,  2.516933015492032E-03,  7.136946534450929E-03,  2.349518038279199E+00,  3.384382117235839E+02,  1.058241922752348E+01,  2.462286548103568E+06,  5.031761652826321E+01,  9.821477616253195E+01,  9.850010664137187E+01,  7.154955077108867E-03,  7.172963619766807E-03,  7.154551921150506E+00,
2462289.500000000, A.D. 2029-Jun-02 00:00:00.0000,  2.194343614878418E-03,  7.142575923839605E-03,  2.349515734523162E+00,  3.384378905805012E+02,  1.737203168438369E+01,  2.462286681084947E+06,  5.028252429378620E+01,  1.417421646384504E+02,  1.418975299798093E+02,  7.158283657877757E-03,  7.173991391915911E-03,  7.159545091583399E+00,
2462290.500000000, A.D. 2029-Jun-03 00:00:00.0000,  2.402141412757804E-03,  7.138971703617211E-03,  2.349514510597578E+00,  3.384380288037709E+02,  1.006239754670685E+01,  2.462293692988618E+06,  5.030488952176864E+01,  1.993770603288387E+02,  1.992859899432849E+02,  7.156161816272474E-03,  7.173351928927737E-03,  7.156362004218609E+00,
2462291.500000000, A.D. 2029-Jun-04 00:00:00.0000,  2.377923070678861E-03,  7.140892084935152E-03,  2.349472917839053E+00,  3.384364466222726E+02,  3.401466871430544E+00,  2.462293561126760E+06,  5.028642946789535E+01,  2.563532945412742E+02,  2.560886838083882E+02,  7.157913051518270E-03,  7.174934018101388E-03,  7.158989091278331E+00,
2462292.500000000, A.D. 2029-Jun-05 00:00:00.0000,  2.651532239316373E-03,  7.137912236928646E-03,  2.349475412783775E+00,  3.384361879792061E+02,  7.332962347710815E+00,  2.462293638206976E+06,  5.029722322450291E+01,  3.027513496587196E+02,  3.024953513927954E+02,  7.156888958735942E-03,  7.175865680543238E-03,  7.157452776133007E+00,
2462293.500000000, A.D. 2029-Jun-06 00:00:00.0000,  2.494480046362421E-03,  7.137577866744305E-03,  2.349521379120750E+00,  3.384355787699295E+02,  9.439716661569781E+00,  2.462293679934456E+06,  5.031263937315595E+01,  3.509470226010035E+02,  3.509019064475340E+02,  7.155426936460512E-03,  7.173276006176718E-03,  7.155259681965248E+00,
2462294.500000000, A.D. 2029-Jun-07 00:00:00.0000,  2.611675416338059E-03,  7.138225273512705E-03,  2.349498910177584E+00,  3.384352887687680E+02,  1.455131080284874E+01,  2.462293780973797E+06,  5.029692954991200E+01,  3.616481025920658E+01,  3.634188233389920E+01,  7.156916817221018E-03,  7.175608360929331E-03,  7.157494567193313E+00,
2462295.500000000, A.D. 2029-Jun-08 00:00:00.0000,  2.454857923792825E-03,  7.137306473728016E-03,  2.349491925055958E+00,  3.384339317813117E+02,  1.026329418515673E+01,  2.462293696137395E+06,  5.031850699406822E+01,  9.076767309425753E+01,  9.104894114811650E+01,  7.154870664672902E-03,  7.172434855617789E-03,  7.154425310004497E+00,
2462296.500000000, A.D. 2029-Jun-09 00:00:00.0000,  2.181098593569113E-03,  7.142722370911314E-03,  2.349497185073365E+00,  3.384332996627733E+02,  1.883465861071629E+01,  2.462293864627874E+06,  5.028197904869995E+01,  1.325117260518120E+02,  1.326956241210465E+02,  7.158335406198068E-03,  7.173948441484823E-03,  7.159622727882820E+00,
2462297.500000000, A.D. 2029-Jun-10 00:00:00.0000,  2.273394091234813E-03,  7.140482822547513E-03,  2.349492558303095E+00,  3.384334308869617E+02,  1.167960337356029E+01,  2.462300880082037E+06,  5.029865710309529E+01,  1.899864126601418E+02,  1.899413622077678E+02,  7.156752942399190E-03,  7.173023062250867E-03,  7.157248736524345E+00,
2462298.500000000, A.D. 2029-Jun-11 00:00:00.0000,  2.246395017723662E-03,  7.141741408726893E-03,  2.349438828500464E+00,  3.384317712935522E+02,  7.217784176546474E+00,  2.462300791716543E+06,  5.028740266248185E+01,  2.447555274366073E+02,  2.445229730434213E+02,  7.157820701488476E-03,  7.173899994250059E-03,  7.158850545856225E+00,
2462299.500000000, A.D. 2029-Jun-12 00:00:00.0000,  2.565186523318392E-03,  7.138553221529674E-03,  2.349437705204351E+00,  3.384313258212596E+02,  9.835515916764843E+00,  2.462300842627081E+06,  5.029697995346528E+01,  2.924699126323465E+02,  2.921979481310392E+02,  7.156912035832570E-03,  7.175270850135466E-03,  7.157487394532866E+00,
2462300.500000000, A.D. 2029-Jun-13 00:00:00.0000,  2.422868869592259E-03,  7.137840767700972E-03,  2.349481308368143E+00,  3.384306036390153E+02,  1.353865821236598E+01,  2.462300915912597E+06,  5.031527745979871E+01,  3.390732423094077E+02,  3.389737951020192E+02,  7.155176822881559E-03,  7.172512878062147E-03,  7.154884523644642E+00,
2462301.500000000, A.D. 2029-Jun-14 00:00:00.0000,  2.636872748784836E-03,  7.138211059379211E-03,  2.349457741805578E+00,  3.384303638729696E+02,  1.783038961013878E+01,  2.462301000754246E+06,  5.029517378824051E+01,  2.510965196394011E+01,  2.523825926777616E+01,  7.157083377498118E-03,  7.175955695617024E-03,  7.157744429231328E+00,
2462302.500000000, A.D. 2029-Jun-15 00:00:00.0000,  2.447075634608589E-03,  7.137537117256752E-03,  2.349443846808768E+00,  3.384290849641685E+02,  1.444838555203255E+01,  2.462300933815776E+06,  5.031665682108569E+01,  7.880515412663418E+01,  7.908039518546423E+01,  7.155046056125201E-03,  7.172554994993648E-03,  7.154688382419288E+00,
2462303.500000000, A.D. 2029-Jun-16 00:00:00.0000,  2.293684077575304E-03,  7.141832387786078E-03,  2.349452069646000E+00,  3.384281491299326E+02,  2.335238513118972E+01,  2.462301109286422E+06,  5.028286677016487E+01,  1.202119323292318E+02,  1.204387402091576E+02,  7.158251154482400E-03,  7.174669921178722E-03,  7.159496327954089E+00,
2462304.500000000, A.D. 2029-Jun-17 00:00:00.0000,  2.334841578604976E-03,  7.139772630463525E-03,  2.349455777696681E+00,  3.384283032097939E+02,  1.480967696615689E+01,  2.462300939841835E+06,  5.030151481464782E+01,  1.790813486550626E+02,  1.790856257990613E+02,  7.156481881917962E-03,  7.173191133372398E-03,  7.156842121485532E+00,
2462305.500000000, A.D. 2029-Jun-18 00:00:00.0000,  2.298411788774704E-03,  7.141019421138230E-03,  2.349424688997352E+00,  3.384273394951080E+02,  9.732575987897752E+00,  2.462307996007216E+06,  5.029109620070191E+01,  2.344730609780279E+02,  2.342590700879042E+02,  7.157470235104400E-03,  7.173921049070569E-03,  7.158324777080033E+00,
2462306.500000000, A.D. 2029-Jun-19 00:00:00.0000,  2.613848971121704E-03,  7.138439213543995E-03,  2.349420515847401E+00,  3.384270672284309E+02,  9.450194998171204E+00,  2.462307989471515E+06,  5.029450405111834E+01,  2.850877688500596E+02,  2.847983240551360E+02,  7.157146914643002E-03,  7.175854615742007E-03,  7.157839743962940E+00,
2462307.500000000, A.D. 2029-Jun-20 00:00:00.0000,  2.471344583900726E-03,  7.137350935244624E-03,  2.349463008807299E+00,  3.384262242673967E+02,  1.441186197003302E+01,  2.462308087615237E+06,  5.031678939089651E+01,  3.304330878716120E+02,  3.302929718159269E+02,  7.155033488504068E-03,  7.172716041763512E-03,  7.154669531938230E+00,
2462308.500000000, A.D. 2029-Jun-21 00:00:00.0000,  2.729910934116337E-03,  7.137581162764126E-03,  2.349444535066513E+00,  3.384260465419344E+02,  1.766014400904031E+01,  2.462308151807412E+06,  5.029479343009837E+01,  1.751227428007249E+01,  1.760671365305447E+01,  7.157119461438684E-03,  7.176657760113242E-03,  7.157798560209652E+00,
2462309.500000000, A.D. 2029-Jun-22 00:00:00.0000,  2.540349661684394E-03,  7.137166975408864E-03,  2.349418447875485E+00,  3.384244716001868E+02,  1.584202598675276E+01,  2.462308115796105E+06,  5.031351358391749E+01,  6.964416148493260E+01,  6.991738561238461E+01,  7.155344051248691E-03,  7.173521127088518E-03,  7.155135357413649E+00,
2462310.500000000, A.D. 2029-Jun-23 00:00:00.0000,  2.527540706562609E-03,  7.140401575239384E-03,  2.349448471320702E+00,  3.384218882419055E+02,  2.454475983769822E+01,  2.462308287573020E+06,  5.028029794748274E+01,  1.112414877147918E+02,  1.115111355832064E+02,  7.158494962655220E-03,  7.176588350071056E-03,  7.159862106943285E+00,
2462311.500000000, A.D. 2029-Jun-24 00:00:00.0000,  2.537170842901013E-03,  7.138398282122533E-03,  2.349475441295960E+00,  3.384217479095030E+02,  1.622885451945936E+01,  2.462308122655899E+06,  5.030073668718330E+01,  1.698828963432462E+02,  1.699338086382759E+02,  7.156555686546033E-03,  7.174713090969533E-03,  7.156952834285795E+00,
2462312.500000000, A.D. 2029-Jun-25 00:00:00.0000,  2.526273490714347E-03,  7.139023176562521E-03,  2.349456615841178E+00,  3.384210714707270E+02,  1.180330951761177E+01,  2.462315191601945E+06,  5.029495663281844E+01,  2.246259969252702E+02,  2.244230938842610E+02,  7.157103978613979E-03,  7.175184780665436E-03,  7.157775333781538E+00,
2462313.500000000, A.D. 2029-Jun-26 00:00:00.0000,  2.821931661304607E-03,  7.137137648738272E-03,  2.349448924037682E+00,  3.384207620980062E+02,  9.069686273792795E+00,  2.462315136547545E+06,  5.029251987348735E+01,  2.776939000785046E+02,  2.773732919449178E+02,  7.157335159435251E-03,  7.177532670132230E-03,  7.158122140342003E+00,
2462314.500000000, A.D. 2029-Jun-27 00:00:00.0000,  2.708596890882944E-03,  7.135725432217585E-03,  2.349486221921468E+00,  3.384198702825079E+02,  1.421061986006838E+01,  2.462315238145805E+06,  5.031602736478646E+01,  3.228594354458064E+02,  3.226715283551745E+02,  7.155105729350040E-03,  7.174486026482494E-03,  7.154777887968655E+00,
2462315.500000000, A.D. 2029-Jun-28 00:00:00.0000,  2.989147899698816E-03,  7.135916842273501E-03,  2.349475559090917E+00,  3.384197464450659E+02,  1.581369208196929E+01,  2.462315269782927E+06,  5.029277342329109E+01,  1.157825510668322E+01,  1.164725572094803E+01,  7.157311103726697E-03,  7.178705365179893E-03,  7.158086052841945E+00,
2462316.500000000, A.D. 2029-Jun-29 00:00:00.0000,  2.737093570132623E-03,  7.135534094408282E-03,  2.349455433619999E+00,  3.384188746268938E+02,  1.406457208247865E+01,  2.462315235135557E+06,  5.031589452626309E+01,  6.364278592196795E+01,  6.392425441154609E+01,  7.155118322763054E-03,  7.174702551117826E-03,  7.154796777230959E+00,
2462317.500000000, A.D. 2029-Jun-30 00:00:00.0000,  2.713322632226431E-03,  7.138528043769177E-03,  2.349460699506013E+00,  3.384173611289195E+02,  2.133876496800565E+01,  2.462315378614035E+06,  5.028604146734060E+01,  1.066761026237736E+02,  1.069736587878363E+02,  7.157949871154924E-03,  7.177371698540672E-03,  7.159044329106917E+00,
2462318.500000000, A.D. 2029-Jul-01 00:00:00.0000,  2.607757598043372E-03,  7.138020628045465E-03,  2.349465010589284E+00,  3.384174636523657E+02,  1.443883417296166E+01,  2.462315241381621E+06,  5.029938893649242E+01,  1.639065132535646E+02,  1.639890910331688E+02,  7.156683523881660E-03,  7.175346419717854E-03,  7.157144601786970E+00,
2462319.500000000, A.D. 2029-Jul-02 00:00:00.0000,  2.612345359035648E-03,  7.138225777866870E-03,  2.349457260842791E+00,  3.384169945242519E+02,  1.052402546779410E+01,  2.462322320492631E+06,  5.029687354286040E+01,  2.181380387856449E+02,  2.179536450122622E+02,  7.156922130178622E-03,  7.175618482490374E-03,  7.157502537274540E+00,
2462320.500000000, A.D. 2029-Jul-03 00:00:00.0000,  2.876124856241757E-03,  7.136906571679507E-03,  2.349445656780977E+00,  3.384166179579901E+02,  6.516908752004325E+00,  2.462322240287211E+06,  5.029086245070476E+01,  2.724794552430309E+02,  2.721501347588001E+02,  7.157492413518388E-03,  7.178078255357270E-03,  7.158358048698665E+00,
2462321.500000000, A.D. 2029-Jul-04 00:00:00.0000,  2.800294539544005E-03,  7.135108676812167E-03,  2.349479966065386E+00,  3.384156234578214E+02,  1.209294352253941E+01,  2.462322350403217E+06,  5.031561111712239E+01,  3.172114424234368E+02,  3.169929026504502E+02,  7.155145190819665E-03,  7.175181704827162E-03,  7.154837077542561E+00,
2462322.500000000, A.D. 2029-Jul-05 00:00:00.0000,  3.132154089921660E-03,  7.135378713198754E-03,  2.349473630754125E+00,  3.384154548426363E+02,  1.185430554332213E+01,  2.462322345629017E+06,  5.028764148067128E+01,  7.762952637806598E+00,  7.811622287050631E+00,  7.157798039603332E-03,  7.180217366007909E-03,  7.158816548164636E+00,
2462323.500000000, A.D. 2029-Jul-06 00:00:00.0000,  2.850457543896606E-03,  7.134867116265885E-03,  2.349437662702548E+00,  3.384144190548588E+02,  9.462464475923070E+00,  2.462322298275801E+06,  5.031436964303091E+01,  6.046399556644269E+01,  6.074868485430353E+01,  7.155262889347388E-03,  7.175658662428892E-03,  7.155013618457683E+00,
2462324.500000000, A.D. 2029-Jul-07 00:00:00.0000,  2.837487301588280E-03,  7.137294315647598E-03,  2.349436732459332E+00,  3.384125023966309E+02,  1.514339555404525E+01,  2.462322410285450E+06,  5.028968719039781E+01,  1.050910910633522E+02,  1.054047384642834E+02,  7.157603925897128E-03,  7.177913536146659E-03,  7.158525338148006E+00,
2462325.500000000, A.D. 2029-Jul-08 00:00:00.0000,  2.671032659076138E-03,  7.137625413882653E-03,  2.349437773228257E+00,  3.384126011878133E+02,  9.000857643814001E+00,  2.462322287830618E+06,  5.029877980160644E+01,  1.615682004106854E+02,  1.616646690982181E+02,  7.156741303637227E-03,  7.175857193391802E-03,  7.157231277179060E+00,
2462326.500000000, A.D. 2029-Jul-09 00:00:00.0000,  2.688321931333429E-03,  7.137561397955646E-03,  2.349438658494693E+00,  3.384122423383745E+02,  5.198087880121918E+00,  2.462329369128046E+06,  5.029814853923605E+01,  2.156881713889612E+02,  2.155089474250034E+02,  7.156801183535538E-03,  7.176040969115430E-03,  7.157321103363775E+00,
2462327.500000000, A.D. 2029-Jul-10 00:00:00.0000,  2.901875102571577E-03,  7.137089635380393E-03,  2.349420475881809E+00,  3.384117209390490E+02,  1.272066867857630E-01,  2.462329268050825E+06,  5.028697953155834E+01,  2.710900643620368E+02,  2.707575730711852E+02,  7.157860853579066E-03,  7.178632071777739E-03,  7.158910782742015E+00,
2462328.500000000, A.D. 2029-Jul-11 00:00:00.0000,  2.812167611288165E-03,  7.134969381957411E-03,  2.349448497031462E+00,  3.384107221239416E+02,  6.700866721647204E+00,  2.462329397863448E+06,  5.031618593831092E+01,  3.148229357884849E+02,  3.145937999399110E+02,  7.155090696269290E-03,  7.175212010581169E-03,  7.154755339392581E+00,
2462329.500000000, A.D. 2029-Jul-12 00:00:00.0000,  3.089125047503810E-03,  7.135211151842715E-03,  2.349457719492859E+00,  3.384104945470342E+02,  6.826986704589771E+00,  2.462329400308415E+06,  5.029266899452056E+01,  5.013755867396859E+00,  5.044812028924460E+00,  7.157321011452218E-03,  7.179430871061722E-03,  7.158100916044490E+00,
2462330.500000000, A.D. 2029-Jul-13 00:00:00.0000,  2.807808913988386E-03,  7.135034882604908E-03,  2.349441849679951E+00,  3.384100841092840E+02,  6.414702759177101E+00,  2.462329392076111E+06,  5.031582296823404E+01,  5.574610224046882E+01,  5.601257157713479E+01,  7.155125106660089E-03,  7.175215330715271E-03,  7.154806952621628E+00,
2462331.500000000, A.D. 2029-Jul-14 00:00:00.0000,  2.838397526860015E-03,  7.137150045300855E-03,  2.349434002066482E+00,  3.384082775430844E+02,  1.216616470397840E+01,  2.462329505581569E+06,  5.029114317179211E+01,  1.003015828386611E+02,  1.006213915542392E+02,  7.157465778465036E-03,  7.177781511629218E-03,  7.158318091323902E+00,
2462332.500000000, A.D. 2029-Jul-15 00:00:00.0000,  2.622914890118124E-03,  7.138160786676315E-03,  2.349435065284183E+00,  3.384083385546849E+02,  6.954542413144999E+00,  2.462329401440395E+06,  5.029676093638646E+01,  1.558475117326748E+02,  1.559701254708085E+02,  7.156932812317320E-03,  7.175704837958323E-03,  7.157518561788004E+00,
2462333.500000000, A.D. 2029-Jul-16 00:00:00.0000,  2.671383250096748E-03,  7.137497686437090E-03,  2.349450020507836E+00,  3.384080566509631E+02,  2.976866330778955E+00,  2.462336479255043E+06,  5.030010344998418E+01,  2.101431631485461E+02,  2.099898850811927E+02,  7.156615749878695E-03,  7.175733813320302E-03,  7.157042934473591E+00,
2462334.500000000, A.D. 2029-Jul-17 00:00:00.0000,  2.810687438314201E-03,  7.138206271966183E-03,  2.349417667105297E+00,  3.384070372281408E+02,  3.560479099175961E+02,  2.462336341596602E+06,  5.028207721649061E+01,  2.674006974720895E+02,  2.670790007466699E+02,  7.158326089184411E-03,  7.178445906402639E-03,  7.159608749853589E+00,
2462335.500000000, A.D. 2029-Jul-18 00:00:00.0000,  2.696096790931318E-03,  7.136127392026187E-03,  2.349458543934130E+00,  3.384047313080426E+02,  2.944273231271020E+00,  2.462336477818463E+06,  5.031272208332481E+01,  3.108032914500829E+02,  3.105689140141486E+02,  7.155419094484594E-03,  7.174710796943002E-03,  7.155247919279548E+00,
2462336.500000000, A.D. 2029-Jul-19 00:00:00.0000,  2.901000029892887E-03,  7.136419690211527E-03,  2.349499164851135E+00,  3.384040579810340E+02,  2.737429725393519E+00,  2.462336473696547E+06,  5.029412708718304E+01,  1.322909216246824E+00,  1.330611974225494E+00,  7.157182677372534E-03,  7.177945664533539E-03,  7.157893393317137E+00,
2462337.500000000, A.D. 2029-Jul-20 00:00:00.0000,  2.604554932235720E-03,  7.136376247669963E-03,  2.349489767008979E+00,  3.384038348865125E+02,  3.431129409349927E+00,  2.462336487323872E+06,  5.031701744473637E+01,  5.095484238156972E+01,  5.118711695570663E+01,  7.155011869123893E-03,  7.173647490577823E-03,  7.154637104542039E+00,
2462338.500000000, A.D. 2029-Jul-21 00:00:00.0000,  2.660052013433550E-03,  7.138209295765601E-03,  2.349473830562979E+00,  3.384019820904263E+02,  9.316363162758096E+00,  2.462336603576536E+06,  5.029343910614428E+01,  9.537765800985028E+01,  9.568103991945634E+01,  7.157247947579203E-03,  7.176286599392804E-03,  7.157991308572479E+00,
2462339.500000000, A.D. 2029-Jul-22 00:00:00.0000,  2.387226948470037E-03,  7.140190213485013E-03,  2.349473704624315E+00,  3.384020082107440E+02,  5.594786668375367E+00,  2.462336528771682E+06,  5.029314072338087E+01,  1.494324038990192E+02,  1.495711653753681E+02,  7.157276256241559E-03,  7.174362298998105E-03,  7.158033776018265E+00,
2462340.500000000, A.D. 2029-Jul-23 00:00:00.0000,  2.463649802825459E-03,  7.138951064091691E-03,  2.349503598168481E+00,  3.384017551290146E+02,  1.443402056321267E+00,  2.462343603381034E+06,  5.030045529430671E+01,  2.038985210359561E+02,  2.037844719910064E+02,  7.156582376853330E-03,  7.174213689614968E-03,  7.156992872005809E+00,
2462341.500000000, A.D. 2029-Jul-24 00:00:00.0000,  2.566915911197041E-03,  7.139857016244277E-03,  2.349474351627515E+00,  3.384011900296015E+02,  3.540512644557619E+02,  2.462343456563334E+06,  5.028307286503013E+01,  2.616179833052338E+02,  2.613271157470771E+02,  7.158231594821055E-03,  7.176606173397832E-03,  7.159466983378529E+00,
2462342.500000000, A.D. 2029-Jul-25 00:00:00.0000,  2.558031614206580E-03,  7.136728906435163E-03,  2.349489978409173E+00,  3.384003228885417E+02,  2.923528176188837E+00,  2.462343631734290E+06,  5.031680821762797E+01,  3.030547427874416E+02,  3.028086284584527E+02,  7.155031703733964E-03,  7.173334501032766E-03,  7.154666854919422E+00,
2462343.500000000, A.D. 2029-Jul-26 00:00:00.0000,  2.799798340238007E-03,  7.137071172095736E-03,  2.349514712445263E+00,  3.383997630323224E+02,  1.592151950978820E+00,  2.462343605364425E+06,  5.029489700121707E+01,  3.547007070937440E+02,  3.546709718747263E+02,  7.157109635774878E-03,  7.177148099454020E-03,  7.157783820320549E+00,
2462344.500000000, A.D. 2029-Jul-27 00:00:00.0000,  2.531747423405145E-03,  7.137035627179953E-03,  2.349508564606033E+00,  3.383996555781191E+02,  3.476115240331721E+00,  2.462343642545562E+06,  5.031555341244536E+01,  4.314329455894341E+01,  4.334214254682424E+01,  7.155150661431107E-03,  7.173265695682261E-03,  7.154845283107933E+00,
2462345.500000000, A.D. 2029-Jul-28 00:00:00.0000,  2.612320695697766E-03,  7.138330832095299E-03,  2.349484868780187E+00,  3.383978243357039E+02,  8.294827308300079E+00,  2.462343737791062E+06,  5.029576509007722E+01,  8.863164679246535E+01,  8.893093330538832E+01,  7.157027282585272E-03,  7.175723733075245E-03,  7.157660279255279E+00,
2462346.500000000, A.D. 2029-Jul-29 00:00:00.0000,  2.289151002540433E-03,  7.141165106452875E-03,  2.349486805156580E+00,  3.383976927537746E+02,  6.582968402800348E+00,  2.462343702695558E+06,  5.029025743462659E+01,  1.406771604987493E+02,  1.408430208069604E+02,  7.157549818796307E-03,  7.173934531139739E-03,  7.158444167202205E+00,
2462347.500000000, A.D. 2029-Jul-30 00:00:00.0000,  2.338275553779886E-03,  7.140100521041490E-03,  2.349526816794419E+00,  3.383973555034000E+02,  2.632902819276625E+00,  2.462350781725490E+06,  5.029779021523637E+01,  1.949364597358324E+02,  1.948675916368843E+02,  7.156835173770751E-03,  7.173569826500012E-03,  7.157372092481065E+00,
2462348.500000000, A.D. 2029-Jul-31 00:00:00.0000,  2.356151864348454E-03,  7.141586000556303E-03,  2.349477931754740E+00,  3.383964808875741E+02,  3.556481496784378E+02,  2.462350643177488E+06,  5.028074636619489E+01,  2.522394362850563E+02,  2.519825409161309E+02,  7.158452401528012E-03,  7.175318802499721E-03,  7.159798253154766E+00,
2462349.500000000, A.D. 2029-Aug-01 00:00:00.0000,  2.445287510199056E-03,  7.137375858936220E-03,  2.349487337929786E+00,  3.383955663234061E+02,  6.260554810130436E+00,  2.462350852596245E+06,  5.031849736937121E+01,  2.919393894263840E+02,  2.916791767215313E+02,  7.154871577040637E-03,  7.172367295145053E-03,  7.154426678470955E+00,
2462350.500000000, A.D. 2029-Aug-02 00:00:00.0000,  2.669581564661984E-03,  7.137807518214418E-03,  2.349513706399458E+00,  3.383948270270992E+02,  3.922186275306216E+00,  2.462350806300996E+06,  5.029696470317029E+01,  3.445939896177947E+02,  3.445124597802702E+02,  7.156913482507201E-03,  7.176019446799985E-03,  7.157489564719373E+00,
2462351.500000000, A.D. 2029-Aug-03 00:00:00.0000,  2.470312500839139E-03,  7.137668150356988E-03,  2.349507068665736E+00,  3.383947625418285E+02,  7.553336799218187E+00,  2.462350878064648E+06,  5.031351321420487E+01,  3.129175254422455E+01,  3.143917040576738E+01,  7.155344086301183E-03,  7.173020022245379E-03,  7.155135409990855E+00,
2462352.500000000, A.D. 2029-Aug-04 00:00:00.0000,  2.597942821370409E-03,  7.138436651054993E-03,  2.349474324118519E+00,  3.383929378414146E+02,  1.134312497302429E+01,  2.462350953042463E+06,  5.029573427061586E+01,  7.780536518082305E+01,  7.809654853155227E+01,  7.157030206301785E-03,  7.175623761548578E-03,  7.157664665218374E+00,
2462353.500000000, A.D. 2029-Aug-05 00:00:00.0000,  2.282802871572692E-03,  7.141427834065275E-03,  2.349476110778336E+00,  3.383926404843249E+02,  1.183093769178801E+01,  2.462350961663602E+06,  5.028796219729487E+01,  1.276477648191252E+02,  1.278545258441418E+02,  7.157767606511469E-03,  7.174107378957664E-03,  7.158770892079723E+00,
2462354.500000000, A.D. 2029-Aug-06 00:00:00.0000,  2.387108175233430E-03,  7.139169227340558E-03,  2.349533775793646E+00,  3.383921794205135E+02,  6.036951547356066E+00,  2.462358003573742E+06,  5.030393886898923E+01,  1.837564406456216E+02,  1.837385726386362E+02,  7.156251974933952E-03,  7.173334722527347E-03,  7.156497246419971E+00,
2462355.500000000, A.D. 2029-Aug-07 00:00:00.0000,  2.322075160602659E-03,  7.141698871643044E-03,  2.349500926545451E+00,  3.383917695445741E+02,  3.574690528277818E+02,  2.462357833828812E+06,  5.028213051061893E+01,  2.426501150888573E+02,  2.424140845229079E+02,  7.158321031100984E-03,  7.174943190558925E-03,  7.159601161370295E+00,
2462356.500000000, A.D. 2029-Aug-08 00:00:00.0000,  2.491391674240912E-03,  7.137117762893926E-03,  2.349507399412090E+00,  3.383912795095778E+02,  6.823352253566956E+00,  2.462358018144498E+06,  5.031773834089777E+01,  2.836104023955246E+02,  2.833327246542598E+02,  7.154943529633319E-03,  7.172769296372712E-03,  7.154534600920159E+00,
2462357.500000000, A.D. 2029-Aug-09 00:00:00.0000,  2.669750745193016E-03,  7.137703836700449E-03,  2.349536206010501E+00,  3.383903271562559E+02,  3.914622413901961E+00,  2.462357960591742E+06,  5.029804782120975E+01,  3.368331345289751E+02,  3.367124078961318E+02,  7.156810737500095E-03,  7.175917638299741E-03,  7.157335435356492E+00,
2462358.500000000, A.D. 2029-Aug-10 00:00:00.0000,  2.519384438196737E-03,  7.137421838253802E-03,  2.349534458788477E+00,  3.383903040229604E+02,  8.573862023268385E+00,  2.462358052687839E+06,  5.031240492198813E+01,  2.250535059736604E+01,  2.261617862103162E+01,  7.155449165529746E-03,  7.173476492805688E-03,  7.155293024815605E+00,
2462359.500000000, A.D. 2029-Aug-11 00:00:00.0000,  2.675475625185928E-03,  7.137933819724592E-03,  2.349488143234013E+00,  3.383882461470847E+02,  1.172205718385384E+01,  2.462358114997591E+06,  5.029518388876102E+01,  6.965895083572897E+01,  6.994675238962783E+01,  7.157082419284835E-03,  7.176231018845077E-03,  7.157742991778695E+00,
2462360.500000000, A.D. 2029-Aug-12 00:00:00.0000,  2.429899942055329E-03,  7.140930112037848E-03,  2.349506881411237E+00,  3.383864198274677E+02,  1.486379064353230E+01,  2.462358176346047E+06,  5.028209792871294E+01,  1.168381956088109E+02,  1.170863078022951E+02,  7.158324123410537E-03,  7.175718134783226E-03,  7.159605800664627E+00,
2462361.500000000, A.D. 2029-Aug-13 00:00:00.0000,  2.586379511922293E-03,  7.137520600669152E-03,  2.349598248845036E+00,  3.383854116104029E+02,  7.986200692965589E+00,  2.462358040631587E+06,  5.030629205589693E+01,  1.740279977215161E+02,  1.740587346986265E+02,  7.156028806962205E-03,  7.174537013255258E-03,  7.156162485599067E+00,
2462362.500000000, A.D. 2029-Aug-14 00:00:00.0000,  2.452804854851642E-03,  7.140631261119463E-03,  2.349569535615690E+00,  3.383851074513032E+02,  1.468253145920878E-01,  2.462365041682868E+06,  5.028352271675433E+01,  2.321952317727081E+02,  2.319735738262606E+02,  7.158188901609274E-03,  7.175746542099086E-03,  7.159402932604182E+00,
2462363.500000000, A.D. 2029-Aug-15 00:00:00.0000,  2.705921585109420E-03,  7.135628379005119E-03,  2.349573923600585E+00,  3.383848080743239E+02,  7.400800232077296E+00,  2.462365184113800E+06,  5.031725637570053E+01,  2.752600141629550E+02,  2.749511498667363E+02,  7.154989218773423E-03,  7.174350058541729E-03,  7.154603130822789E+00,
2462364.500000000, A.D. 2029-Aug-16 00:00:00.0000,  2.851167260215065E-03,  7.136461383521923E-03,  2.349601204053579E+00,  3.383836793165758E+02,  3.908540637916949E+00,  2.462365115072002E+06,  5.029745673357977E+01,  3.290634425903543E+02,  3.288949649850584E+02,  7.156866807850185E-03,  7.177272232178447E-03,  7.157419547212523E+00,
2462365.500000000, A.D. 2029-Aug-17 00:00:00.0000,  2.760200328176143E-03,  7.136016447338027E-03,  2.349604397954430E+00,  3.383836806458831E+02,  8.408197732412134E+00,  2.462365203971670E+06,  5.030904446783615E+01,  1.489290242320060E+01,  1.497446644378914E+01,  7.155767799967851E-03,  7.175519152597676E-03,  7.155770971363950E+00,
2462366.500000000, A.D. 2029-Aug-18 00:00:00.0000,  2.865313521736706E-03,  7.136167232893216E-03,  2.349563090231658E+00,  3.383822554064434E+02,  9.516728674674855E+00,  2.462365225936081E+06,  5.029949623873298E+01,  6.408477328769180E+01,  6.438055829078813E+01,  7.156673345801593E-03,  7.177179458709969E-03,  7.157129333688694E+00,
2462367.500000000, A.D. 2029-Aug-19 00:00:00.0000,  2.587695399533327E-03,  7.139506283622391E-03,  2.349560657012303E+00,  3.383815789773232E+02,  1.313211415393750E+01,  2.462365296604593E+06,  5.028520676485832E+01,  1.107981936259762E+02,  1.110750798721847E+02,  7.158029082549029E-03,  7.176551881475667E-03,  7.159163164694096E+00,
2462368.500000000, A.D. 2029-Aug-20 00:00:00.0000,  2.680942495498770E-03,  7.136637581151919E-03,  2.349630417772764E+00,  3.383807193023291E+02,  6.122390963778280E+00,  2.462365158098358E+06,  5.030847364515278E+01,  1.681259706604204E+02,  1.681889764144494E+02,  7.155821928249586E-03,  7.175006275347253E-03,  7.155852163976077E+00,
2462369.500000000, A.D. 2029-Aug-21 00:00:00.0000,  2.472059029048734E-03,  7.140539653395100E-03,  2.349603379273907E+00,  3.383804785250553E+02,  3.590130980118147E+02,  2.462372173636315E+06,  5.028303452582154E+01,  2.255614528489512E+02,  2.253596295900424E+02,  7.158235233435972E-03,  7.175930813476844E-03,  7.159472442243544E+00,
2462370.500000000, A.D. 2029-Aug-22 00:00:00.0000,  2.777267457996924E-03,  7.135190696638769E-03,  2.349607249563039E+00,  3.383803393733372E+02,  5.269425017366406E+00,  2.462372296111790E+06,  5.031648633704807E+01,  2.696259656700476E+02,  2.693077298919696E+02,  7.155062218097031E-03,  7.174933739555293E-03,  7.154712624178841E+00,
2462371.500000000, A.D. 2029-Aug-23 00:00:00.0000,  2.896285521000542E-03,  7.136105671513112E-03,  2.349634035963352E+00,  3.383789581279738E+02,  1.722326153319780E+00,  2.462372226009097E+06,  5.029780358068641E+01,  3.234833370470316E+02,  3.232852679613612E+02,  7.156833905931066E-03,  7.177562140349020E-03,  7.157370190578948E+00,
2462372.500000000, A.D. 2029-Aug-24 00:00:00.0000,  2.905466982225382E-03,  7.135588411210264E-03,  2.349639388467824E+00,  3.383789089988658E+02,  5.490147418015856E+00,  2.462372300414856E+06,  5.030257803026171E+01,  1.003964728029566E+01,  1.009789719871148E+01,  7.156381040034308E-03,  7.177173668858353E-03,  7.156690851578746E+00,
2462373.500000000, A.D. 2029-Aug-25 00:00:00.0000,  2.974111032850798E-03,  7.135324470225695E-03,  2.349581394400755E+00,  3.383773797219275E+02,  4.494715021065176E+00,  2.462372280794255E+06,  5.030017440051703E+01,  6.132626162134339E+01,  6.162580798384472E+01,  7.156609020070085E-03,  7.177893569914474E-03,  7.157032839160485E+00,
2462374.500000000, A.D. 2029-Aug-26 00:00:00.0000,  2.707330404525656E-03,  7.138592301680188E-03,  2.349573163982599E+00,  3.383762872646563E+02,  8.074723951827139E+00,  2.462372350775314E+06,  5.028581570791686E+01,  1.080755164846507E+02,  1.083701323338970E+02,  7.157971295001869E-03,  7.177350288323551E-03,  7.159076469814978E+00,
2462375.500000000, A.D. 2029-Aug-27 00:00:00.0000,  2.788615376615565E-03,  7.135620556731903E-03,  2.349639800572513E+00,  3.383752587210148E+02,  6.453623048617484E-01,  2.462372203958008E+06,  5.031108091242039E+01,  1.658274353588284E+02,  1.659054118299776E+02,  7.155574702375469E-03,  7.175528848019034E-03,  7.155481326801033E+00,
2462376.500000000, A.D. 2029-Aug-28 00:00:00.0000,  2.521554464901280E-03,  7.140250246163019E-03,  2.349613988728575E+00,  3.383750340297096E+02,  3.538695210695848E+02,  2.462379226022484E+06,  5.028234904637831E+01,  2.229291859541891E+02,  2.227328382070209E+02,  7.158300290220930E-03,  7.176350334278841E-03,  7.159570044509083E+00,
2462377.500000000, A.D. 2029-Aug-29 00:00:00.0000,  2.830863381469155E-03,  7.135127457288230E-03,  2.349615972517450E+00,  3.383749395047524E+02,  3.590004966361756E+02,  2.462379326195478E+06,  5.031309887566190E+01,  2.681184463720090E+02,  2.677942676182542E+02,  7.155383370050878E-03,  7.175639282813528E-03,  7.155194333977783E+00,
2462378.500000000, A.D. 2029-Aug-30 00:00:00.0000,  2.896277915906345E-03,  7.136006683910866E-03,  2.349638227054519E+00,  3.383733856995707E+02,  3.561481732400754E+02,  2.462379269866350E+06,  5.029885072388061E+01,  3.212766073697517E+02,  3.210684029245701E+02,  7.156734576213957E-03,  7.177462468517050E-03,  7.157221185355656E+00,
2462379.500000000, A.D. 2029-Aug-31 00:00:00.0000,  2.886476245342912E-03,  7.135434352993015E-03,  2.349653701566761E+00,  3.383732722246000E+02,  7.020219046482584E-01,  2.462379359803184E+06,  5.030564428571452E+01,  7.052691154988733E+00,  7.093449188288828E+00,  7.156090237473012E-03,  7.176746121953009E-03,  7.156254633284370E+00,
2462380.500000000, A.D. 2029-Sep-01 00:00:00.0000,  2.910946663352047E-03,  7.135323678941510E-03,  2.349619034044886E+00,  3.383724211877767E+02,  4.202145262059892E-01,  2.462379354280720E+06,  5.030496282861340E+01,  5.763536579778601E+01,  5.791766714961082E+01,  7.156154864065491E-03,  7.176986049189471E-03,  7.156351575618945E+00,
2462381.500000000, A.D. 2029-Sep-02 00:00:00.0000,  2.689062339036842E-03,  7.138854966191699E-03,  2.349605924463338E+00,  3.383714555027240E+02,  5.950435700759712E+00,  2.462379462909000E+06,  5.028442204318839E+01,  1.024339435955765E+02,  1.027346408797238E+02,  7.158103552874657E-03,  7.177352139557617E-03,  7.159274888171180E+00,
2462382.500000000, A.D. 2029-Sep-03 00:00:00.0000,  2.753294720071691E-03,  7.135808717706501E-03,  2.349667947154300E+00,  3.383702876826995E+02,  3.579435298851827E+02,  2.462379304652377E+06,  5.031176388216100E+01,  1.607635751349764E+02,  1.608671866046412E+02,  7.155509945458755E-03,  7.175211173211007E-03,  7.155384192913277E+00,
2462383.500000000, A.D. 2029-Sep-04 00:00:00.0000,  2.449806984630287E-03,  7.140751132575410E-03,  2.349651523315567E+00,  3.383700658620797E+02,  3.516700812900016E+02,  2.462386336725218E+06,  5.028248322700093E+01,  2.173624117841799E+02,  2.171924651334417E+02,  7.158287555426686E-03,  7.175823978277962E-03,  7.159550938937826E+00,
2462384.500000000, A.D. 2029-Sep-05 00:00:00.0000,  2.766348945522200E-03,  7.136011287611026E-03,  2.349645726124519E+00,  3.383697027284593E+02,  3.550000057984945E+02,  2.462386401195629E+06,  5.030863375148684E+01,  2.643534454206907E+02,  2.640380922236153E+02,  7.155806746057343E-03,  7.175602204503660E-03,  7.155829390603565E+00,
2462385.500000000, A.D. 2029-Sep-06 00:00:00.0000,  2.754347928599674E-03,  7.137270078196444E-03,  2.349677606385361E+00,  3.383667000547553E+02,  3.517843804298176E+02,  2.462386337736885E+06,  5.029623294758281E+01,  3.178649905139520E+02,  3.176527025756606E+02,  7.156982899219932E-03,  7.176695720243420E-03,  7.157593698422323E+00,
2462386.500000000, A.D. 2029-Sep-07 00:00:00.0000,  2.721896797018526E-03,  7.136686464164183E-03,  2.349722621173474E+00,  3.383660801692878E+02,  3.566094471934949E+02,  2.462386433062435E+06,  5.030485799452656E+01,  3.367284705579383E+00,  3.385667385950880E+00,  7.156164806229195E-03,  7.175643148294207E-03,  7.156366489279622E+00,
2462387.500000000, A.D. 2029-Sep-08 00:00:00.0000,  2.683083557883964E-03,  7.136547942284504E-03,  2.349698506346709E+00,  3.383654923322206E+02,  3.560395503656201E+02,  2.462386421830751E+06,  5.030925949255990E+01,  5.424189652295332E+01,  5.449188573552695E+01,  7.155747410506004E-03,  7.174946878727503E-03,  7.155740387179410E+00,
2462388.500000000, A.D. 2029-Sep-09 00:00:00.0000,  2.501739475137847E-03,  7.140226922329402E-03,  2.349678149175308E+00,  3.383644056504724E+02,  3.527187823614935E+00,  2.462386569285168E+06,  5.028409372966265E+01,  9.708424557421962E+01,  9.736862442077054E+01,  7.158134710503024E-03,  7.176042498676645E-03,  7.159321632312437E+00,
2462389.500000000, A.D. 2029-Sep-10 00:00:00.0000,  2.522447847428420E-03,  7.137562683778251E-03,  2.349731472594137E+00,  3.383631701828593E+02,  3.549775076087382E+02,  2.462386400128675E+06,  5.031068393918433E+01,  1.559566464901513E+02,  1.560740757313367E+02,  7.155612342729200E-03,  7.173662001680148E-03,  7.155537786669106E+00,
2462390.500000000, A.D. 2029-Sep-11 00:00:00.0000,  2.186134568529357E-03,  7.142775554747482E-03,  2.349726677795948E+00,  3.383629025218416E+02,  3.493289625191125E+02,  2.462393444925515E+06,  5.028103681003518E+01,  2.119260918040761E+02,  2.117939212113617E+02,  7.158424834734915E-03,  7.174074114722349E-03,  7.159756895230740E+00,
2462391.500000000, A.D. 2029-Sep-12 00:00:00.0000,  2.540040541044734E-03,  7.137625237388816E-03,  2.349729686838582E+00,  3.383629903877056E+02,  3.525729668010253E+02,  2.462393507529444E+06,  5.030869157735550E+01,  2.590038203995163E+02,  2.587182713369605E+02,  7.155801262699731E-03,  7.173977288010645E-03,  7.155821165542696E+00,
2462392.500000000, A.D. 2029-Sep-13 00:00:00.0000,  2.538842636011865E-03,  7.138245706105338E-03,  2.349738929867796E+00,  3.383612892392646E+02,  3.510234389075450E+02,  2.462393476970610E+06,  5.030222295756364E+01,  3.108562065485096E+02,  3.106357034295991E+02,  7.156414716909610E-03,  7.174583727713881E-03,  7.156741369138020E+00,
2462393.500000000, A.D. 2029-Sep-14 00:00:00.0000,  2.623765579433828E-03,  7.137496115794425E-03,  2.349761318449590E+00,  3.383609131185727E+02,  3.557608398474135E+02,  2.462393570550824E+06,  5.030372248135587E+01,  3.564510309533406E+02,  3.564323584194972E+02,  7.156272497249757E-03,  7.175048878705089E-03,  7.156528030970813E+00,
2462394.500000000, A.D. 2029-Sep-15 00:00:00.0000,  2.556068225205738E-03,  7.137306341649468E-03,  2.349744209186605E+00,  3.383605074390284E+02,  3.549511474919212E+02,  2.462393554572608E+06,  5.031085065883588E+01,  4.756525634505193E+01,  4.778189944836970E+01,  7.155596534583909E-03,  7.173886727518352E-03,  7.155514074711330E+00,
2462395.500000000, A.D. 2029-Sep-16 00:00:00.0000,  2.443924675420212E-03,  7.140682459350625E-03,  2.349715878254547E+00,  3.383593327065481E+02,  3.475522887749754E+00,  2.462393722700335E+06,  5.028365335455075E+01,  8.936912027053174E+01,  8.964916473725931E+01,  7.158176503538636E-03,  7.175670547726647E-03,  7.159384332352206E+00,
2462396.500000000, A.D. 2029-Sep-17 00:00:00.0000,  2.399342424099082E-03,  7.138503331217147E-03,  2.349761354516890E+00,  3.383580023023551E+02,  3.545493137690210E+02,  2.462393545924063E+06,  5.031005225308640E+01,  1.486197147685241E+02,  1.487625168562346E+02,  7.155672239193594E-03,  7.172841147170041E-03,  7.155627630617594E+00,
2462397.500000000, A.D. 2029-Sep-18 00:00:00.0000,  1.988624285709810E-03,  7.144548309471900E-03,  2.349767737953702E+00,  3.383575745444675E+02,  3.506430080087771E+02,  2.462400625846426E+06,  5.027724820541162E+01,  2.028410433732357E+02,  2.027527882644081E+02,  7.158784442069564E-03,  7.173020574667227E-03,  7.160296413383484E+00,
2462398.500000000, A.D. 2029-Sep-19 00:00:00.0000,  2.339348491197403E-03,  7.139409807788718E-03,  2.349755067313066E+00,  3.383573839810935E+02,  3.534818915856226E+02,  2.462400680362931E+06,  5.030500844707930E+01,  2.503168243593312E+02,  2.500646673908476E+02,  7.156150537751989E-03,  7.172891267715260E-03,  7.156345085971286E+00,
2462399.500000000, A.D. 2029-Sep-20 00:00:00.0000,  2.321140693636445E-03,  7.139469602434486E-03,  2.349755691604275E+00,  3.383555094188804E+02,  3.540248055080306E+02,  2.462400691178003E+06,  5.030575360065225E+01,  3.000768928723069E+02,  2.998463888790226E+02,  7.156079870629117E-03,  7.172690138823747E-03,  7.156239082666924E+00,
2462400.500000000, A.D. 2029-Sep-21 00:00:00.0000,  2.484692279111230E-03,  7.138498316760666E-03,  2.349776720379350E+00,  3.383550036048650E+02,  3.583824719111591E+02,  2.462400777215532E+06,  5.030364897035629E+01,  3.460550471833369E+02,  3.459862240721172E+02,  7.156279469104711E-03,  7.174060621448758E-03,  7.156538489129217E+00,
2462401.500000000, A.D. 2029-Sep-22 00:00:00.0000,  2.398357735532204E-03,  7.138315984603989E-03,  2.349764487533553E+00,  3.383547023335725E+02,  3.580333164759372E+02,  2.462400770341542E+06,  5.031210735430241E+01,  3.671065467690926E+01,  3.687533742291475E+01,  7.155477379127645E-03,  7.172638773651302E-03,  7.155335344330688E+00,
2462402.500000000, A.D. 2029-Sep-23 00:00:00.0000,  2.414523120507365E-03,  7.141138219708654E-03,  2.349725173005969E+00,  3.383533944649935E+02,  7.786430185878378E+00,  2.462400963011940E+06,  5.028106250373828E+01,  7.728139268170969E+01,  7.755146613794759E+01,  7.158422396090372E-03,  7.175706572472088E-03,  7.159753236583551E+00,
2462403.500000000, A.D. 2029-Sep-24 00:00:00.0000,  2.305915123427966E-03,  7.139278965733980E-03,  2.349760400427778E+00,  3.383520456795516E+02,  3.587229792174468E+02,  2.462400783447765E+06,  5.030892017343817E+01,  1.366668095465171E+02,  1.368477607536095E+02,  7.155779586101489E-03,  7.172280206468997E-03,  7.155788650579520E+00,
2462404.500000000, A.D. 2029-Sep-25 00:00:00.0000,  1.945619641617407E-03,  7.144390970620074E-03,  2.349785558311669E+00,  3.383513800376352E+02,  3.563083451658932E+02,  2.462407892863031E+06,  5.028215891398533E+01,  1.893995219021178E+02,  1.893631971222868E+02,  7.158318335374328E-03,  7.172245700128582E-03,  7.159597117057571E+00,
2462405.500000000, A.D. 2029-Sep-26 00:00:00.0000,  2.307863153543921E-03,  7.139584052744562E-03,  2.349792769599935E+00,  3.383515925989648E+02,  3.548537076371588E+02,  2.462407861973268E+06,  5.030554818945407E+01,  2.411796399452073E+02,  2.409482581588563E+02,  7.156099350759282E-03,  7.172614648774001E-03,  7.156268303532163E+00,
2462406.500000000, A.D. 2029-Sep-27 00:00:00.0000,  2.289706931907300E-03,  7.139546656135884E-03,  2.349789333719871E+00,  3.383501465959345E+02,  3.556179198531557E+02,  2.462407877164022E+06,  5.030731666133984E+01,  2.907185734516860E+02,  2.904729127237447E+02,  7.155931642421794E-03,  7.172316628707703E-03,  7.156016736560563E+00,
2462407.500000000, A.D. 2029-Sep-28 00:00:00.0000,  2.493596387716009E-03,  7.138568385150048E-03,  2.349809924618837E+00,  3.383494914863213E+02,  3.586663328513437E+02,  2.462407937254943E+06,  5.030223481554667E+01,  3.380050991742094E+02,  3.378977706608933E+02,  7.156413592232639E-03,  7.174258799315231E-03,  7.156739682045628E+00,
2462408.500000000, A.D. 2029-Sep-29 00:00:00.0000,  2.365084013379659E-03,  7.138361315730606E-03,  2.349808883980877E+00,  3.383492622679713E+02,  3.589126266390222E+02,  2.462407942157240E+06,  5.031414524611319E+01,  2.806738167074701E+01,  2.819523193617070E+01,  7.155284163917876E-03,  7.172207012105148E-03,  7.155045529225409E+00,
2462409.500000000, A.D. 2029-Sep-30 00:00:00.0000,  2.497084604071810E-03,  7.140787546736855E-03,  2.349753425259665E+00,  3.383476536844570E+02,  9.140173324383984E+00,  2.462408144327090E+06,  5.027852406564190E+01,  6.816123302193463E+01,  6.842715026570725E+01,  7.158663334735755E-03,  7.176539122734655E-03,  7.160114714783521E+00,
2462410.500000000, A.D. 2029-Oct-01 00:00:00.0000,  2.364466095428862E-03,  7.139348669790985E-03,  2.349792626419498E+00,  3.383450413233104E+02,  1.961761379848566E+00,  2.462408002087944E+06,  5.030375486225531E+01,  1.256543557171630E+02,  1.258741346953764E+02,  7.156269426219035E-03,  7.173190182647084E-03,  7.156523424260735E+00,
2462411.500000000, A.D. 2029-Oct-02 00:00:00.0000,  2.084248861788807E-03,  7.143255524424617E-03,  2.349858132137434E+00,  3.383435966693520E+02,  1.146964647707749E+00,  2.462407984296876E+06,  5.028366980421535E+01,  1.767824550060668E+02,  1.767958255035630E+02,  7.158174942400802E-03,  7.173094360376987E-03,  7.159381990250455E+00,
2462412.500000000, A.D. 2029-Oct-03 00:00:00.0000,  2.427990606183345E-03,  7.138739164180349E-03,  2.349870011197005E+00,  3.383438337367812E+02,  3.570922980390604E+02,  2.462415061015930E+06,  5.030539222090565E+01,  2.311670891276473E+02,  2.309507684859506E+02,  7.156114142094128E-03,  7.173489120007907E-03,  7.156290491069725E+00,
2462413.500000000, A.D. 2029-Oct-04 00:00:00.0000,  2.432014064981261E-03,  7.138317516563701E-03,  2.349862842912825E+00,  3.383425951923909E+02,  3.583701983425591E+02,  2.462415086292722E+06,  5.030954509259873E+01,  2.801943347711849E+02,  2.799198995019659E+02,  7.155720329049021E-03,  7.173123141534341E-03,  7.155699765072240E+00,
2462414.500000000, A.D. 2029-Oct-05 00:00:00.0000,  2.680440844723252E-03,  7.137510334855045E-03,  2.349880447375172E+00,  3.383418092579009E+02,  3.591888125908846E+02,  2.462415102211219E+06,  5.029928452039611E+01,  3.297092065562319E+02,  3.295538312597841E+02,  7.156693428233244E-03,  7.175876521611443E-03,  7.157159459276637E+00,
2462415.500000000, A.D. 2029-Oct-06 00:00:00.0000,  2.528280631738748E-03,  7.137245139576816E-03,  2.349889371931596E+00,  3.383416033607382E+02,  3.597628625970337E+02,  2.462415113591649E+06,  5.031360022736836E+01,  1.944159529830294E+01,  1.953831541712357E+01,  7.155335836586043E-03,  7.173426533595270E-03,  7.155123035782599E+00,
2462416.500000000, A.D. 2029-Oct-07 00:00:00.0000,  2.713398965979612E-03,  7.139090568363772E-03,  2.349834276924574E+00,  3.383404141394151E+02,  7.836889574151509E+00,  2.462415273167736E+06,  5.028009237919186E+01,  6.168523955093941E+01,  6.195941069640893E+01,  7.158514474135840E-03,  7.177938379907910E-03,  7.159891379773678E+00,
2462417.500000000, A.D. 2029-Oct-08 00:00:00.0000,  2.483549576242237E-03,  7.138129499818932E-03,  2.349848916629437E+00,  3.383392236753196E+02,  7.670119771092903E-01,  2.462415132988765E+06,  5.030763414178838E+01,  1.190787352033821E+02,  1.193270812246165E+02,  7.155901536046411E-03,  7.173673572273891E-03,  7.155971576507978E+00,
2462418.500000000, A.D. 2029-Oct-09 00:00:00.0000,  2.166491303792293E-03,  7.142437367887338E-03,  2.349895326467920E+00,  3.383378560521972E+02,  7.346454851877982E-01,  2.462415130681257E+06,  5.028609286747847E+01,  1.694298752053250E+02,  1.694752950863564E+02,  7.157944993468709E-03,  7.173452619050080E-03,  7.159037011460137E+00,
2462419.500000000, A.D. 2029-Oct-10 00:00:00.0000,  2.437551070083652E-03,  7.138896928202115E-03,  2.349903793193066E+00,  3.383380630840643E+02,  3.552440750721781E+02,  2.462422178739404E+06,  5.030300152108698E+01,  2.252513676755344E+02,  2.250534170724526E+02,  7.156340874558779E-03,  7.173784820915443E-03,  7.156630600841748E+00,
2462420.500000000, A.D. 2029-Oct-11 00:00:00.0000,  2.466769586459017E-03,  7.137883848834064E-03,  2.349895382452903E+00,  3.383370555144202E+02,  3.575935221482052E+02,  2.462422225117574E+06,  5.031150064335978E+01,  2.732067460978271E+02,  2.729244701891018E+02,  7.155534904711853E-03,  7.173185960589642E-03,  7.155421631167616E+00,
2462421.500000000, A.D. 2029-Oct-12 00:00:00.0000,  2.737460116701413E-03,  7.137283448479530E-03,  2.349911479424436E+00,  3.383360427773673E+02,  3.569382327817220E+02,  2.462422211857518E+06,  5.029736922842375E+01,  3.241954395901101E+02,  3.240114137423969E+02,  7.156875108649672E-03,  7.176466768819814E-03,  7.157431999376994E+00,
2462422.500000000, A.D. 2029-Oct-13 00:00:00.0000,  2.613786589603528E-03,  7.136958173611312E-03,  2.349928449767257E+00,  3.383357674257352E+02,  3.575077153139088E+02,  2.462422223138422E+06,  5.031016502786237E+01,  1.392895169456632E+01,  1.400128051244748E+01,  7.155661545799463E-03,  7.174364917987615E-03,  7.155611590632385E+00,
2462423.500000000, A.D. 2029-Oct-14 00:00:00.0000,  2.854661311348072E-03,  7.138250699080935E-03,  2.349850651137853E+00,  3.383343770399391E+02,  3.272093822210733E+00,  2.462422337066146E+06,  5.027828187095923E+01,  5.847031609837899E+01,  5.874966336205279E+01,  7.158686323970049E-03,  7.179121948859162E-03,  7.160149205654067E+00,
2462424.500000000, A.D. 2029-Oct-15 00:00:00.0000,  2.588014276637020E-03,  7.137329972588595E-03,  2.349854435163935E+00,  3.383330507736750E+02,  3.561262656872517E+02,  2.462422195374568E+06,  5.030818380197842E+01,  1.159415198128539E+02,  1.162078250068562E+02,  7.155849413030983E-03,  7.174368853473371E-03,  7.155893391361957E+00,
2462425.500000000, A.D. 2029-Oct-16 00:00:00.0000,  2.287198695174908E-03,  7.141269515418640E-03,  2.349903806654878E+00,  3.383313097161823E+02,  3.557893501516301E+02,  2.462422187156597E+06,  5.028930214302565E+01,  1.666005828428107E+02,  1.666611514248706E+02,  7.157640461342353E-03,  7.174011407266066E-03,  7.158580148440703E+00,
2462426.500000000, A.D. 2029-Oct-17 00:00:00.0000,  2.485831986812601E-03,  7.138797447163945E-03,  2.349905658291921E+00,  3.383314693981808E+02,  3.494366624271101E+02,  2.462429217941566E+06,  5.030040105686030E+01,  2.232864491608836E+02,  2.230915803516974E+02,  7.156587521340918E-03,  7.174377595517891E-03,  7.157000589181203E+00,
2462427.500000000, A.D. 2029-Oct-18 00:00:00.0000,  2.521268906095124E-03,  7.137533585677262E-03,  2.349895698085985E+00,  3.383306128510347E+02,  3.522212866074172E+02,  2.462429272883646E+06,  5.031108079289946E+01,  2.708043076534975E+02,  2.705154084285755E+02,  7.155574713708173E-03,  7.173615841739084E-03,  7.155481343799869E+00,
2462428.500000000, A.D. 2029-Oct-19 00:00:00.0000,  2.769936541678219E-03,  7.137221876829973E-03,  2.349907217926516E+00,  3.383294114018094E+02,  3.508497402406268E+02,  2.462429245495557E+06,  5.029556313495051E+01,  3.225048811520977E+02,  3.223111430293422E+02,  7.157046441298213E-03,  7.176871005766451E-03,  7.157689019885636E+00,
2462429.500000000, A.D. 2029-Oct-20 00:00:00.0000,  2.563804272927986E-03,  7.136812085487496E-03,  2.349936696017839E+00,  3.383290259326976E+02,  3.526083902346299E+02,  2.462429280287530E+06,  5.031549176005201E+01,  1.105494098690807E+01,  1.111145305359717E+01,  7.155156506311846E-03,  7.173500927136197E-03,  7.154854050056647E+00,
2462430.500000000, A.D. 2029-Oct-21 00:00:00.0000,  2.819818164224191E-03,  7.138161413858980E-03,  2.349878010643216E+00,  3.383282053931235E+02,  3.591778975939532E+02,  2.462429410160264E+06,  5.028186058236747E+01,  5.479916962971232E+01,  5.506374539546412E+01,  7.158346649767809E-03,  7.178531885676640E-03,  7.159639596277041E+00,
2462431.500000000, A.D. 2029-Oct-22 00:00:00.0000,  2.523385811857244E-03,  7.137950473312576E-03,  2.349876903311488E+00,  3.383273669798334E+02,  3.538794346271072E+02,  2.462429304950315E+06,  5.030651312994883E+01,  1.104252958120234E+02,  1.106959755606504E+02,  7.156007841970543E-03,  7.174065210628511E-03,  7.156131037547150E+00,
2462432.500000000, A.D. 2029-Oct-23 00:00:00.0000,  2.257219280443469E-03,  7.141337382270975E-03,  2.349926636043373E+00,  3.383252762130514E+02,  3.537601811372456E+02,  2.462429301295170E+06,  5.029085190186930E+01,  1.608655908929696E+02,  1.609501498232641E+02,  7.157493414405619E-03,  7.173649446540263E-03,  7.158359550211137E+00,
2462433.500000000, A.D. 2029-Oct-24 00:00:00.0000,  2.393642992551564E-03,  7.139659636238428E-03,  2.349927378093851E+00,  3.383254163668532E+02,  3.463470541465030E+02,  2.462436310969063E+06,  5.029826182429928E+01,  2.186131421006698E+02,  2.184423677491290E+02,  7.156790437518353E-03,  7.173921238798277E-03,  7.157304983173049E+00,
2462434.500000000, A.D. 2029-Oct-25 00:00:00.0000,  2.449914214256186E-03,  7.138140087502584E-03,  2.349912751494163E+00,  3.383244994397985E+02,  3.492034939864753E+02,  2.462436367247353E+06,  5.031006672162653E+01,  2.660586610783777E+02,  2.657786456100334E+02,  7.155670867272854E-03,  7.173201647043125E-03,  7.155625572749412E+00,
2462435.500000000, A.D. 2029-Oct-26 00:00:00.0000,  2.653602604370679E-03,  7.138563815058426E-03,  2.349930316511690E+00,  3.383218422210280E+02,  3.456986813076869E+02,  2.462436297712005E+06,  5.029018040847509E+01,  3.198829193734831E+02,  3.196864867943698E+02,  7.157557127292338E-03,  7.176550439526252E-03,  7.158455131318866E+00,
2462436.500000000, A.D. 2029-Oct-27 00:00:00.0000,  2.366329501696577E-03,  7.138110802409227E-03,  2.349993622329557E+00,  3.383208112157678E+02,  3.481811107843567E+02,  2.462436346828812E+06,  5.031669971943644E+01,  7.707068654215252E+00,  7.743540576838098E+00,  7.155041989354518E-03,  7.171973176299808E-03,  7.154682282569070E+00,
2462437.500000000, A.D. 2029-Oct-28 00:00:00.0000,  2.621207520489846E-03,  7.139296067170201E-03,  2.349941537657576E+00,  3.383202019017295E+02,  3.546226463110457E+02,  2.462436474235669E+06,  5.028489335725426E+01,  5.158044998680680E+01,  5.181626237674150E+01,  7.158058824793857E-03,  7.176821582417515E-03,  7.159207785176006E+00,
2462438.500000000, A.D. 2029-Oct-29 00:00:00.0000,  2.295272562492658E-03,  7.139670615003824E-03,  2.349934855010403E+00,  3.383195176720495E+02,  3.505855643267335E+02,  2.462436393891328E+06,  5.030558557434788E+01,  1.059490300089751E+02,  1.062017243153991E+02,  7.156095805360437E-03,  7.172520995717050E-03,  7.156262985308997E+00,
2462439.500000000, A.D. 2029-Oct-30 00:00:00.0000,  2.042992430872282E-03,  7.142825771424019E-03,  2.349980330937505E+00,  3.383171285010467E+02,  3.508450464947426E+02,  2.462436397879384E+06,  5.029132649964612E+01,  1.560097607503301E+02,  1.561047236776701E+02,  7.157448384297497E-03,  7.172070997170975E-03,  7.158291996981491E+00,
2462440.500000000, A.D. 2029-Oct-31 00:00:00.0000,  2.103005140968478E-03,  7.142127115997670E-03,  2.349979213120170E+00,  3.383172643217256E+02,  3.424154756585151E+02,  2.462443387594689E+06,  5.029416901545112E+01,  2.147708246691548E+02,  2.146336873939490E+02,  7.157178699597753E-03,  7.172230283197837E-03,  7.157887426063300E+00,
2462441.500000000, A.D. 2029-Nov-01 00:00:00.0000,  2.213047262695524E-03,  7.139583211122695E-03,  2.349977282669292E+00,  3.383168678040358E+02,  3.473713960599505E+02,  2.462443485268899E+06,  5.031272845440162E+01,  2.601157049691812E+02,  2.598659920870583E+02,  7.155418490426375E-03,  7.171253769730056E-03,  7.155247013213915E+00,
2462442.500000000, A.D. 2029-Nov-02 00:00:00.0000,  2.426046183953908E-03,  7.139826046103916E-03,  2.349975605424009E+00,  3.383154044182152E+02,  3.438099301901834E+02,  2.462443414573766E+06,  5.029405286506395E+01,  3.140023786400238E+02,  3.138019852959005E+02,  7.157189718909311E-03,  7.174553391714705E-03,  7.157903956673750E+00,
2462443.500000000, A.D. 2029-Nov-03 00:00:00.0000,  2.207766621944562E-03,  7.139134502127296E-03,  2.350014239175248E+00,  3.383146813370034E+02,  3.478805700930120E+02,  2.462443495113967E+06,  5.031787136081054E+01,  2.458547831998632E-01,  2.469433636407386E-01,  7.154930919794338E-03,  7.170727337461380E-03,  7.154515687251063E+00,
2462444.500000000, A.D. 2029-Nov-04 00:00:00.0000,  2.513911597550435E-03,  7.140005419616814E-03,  2.349964226724114E+00,  3.383142352194489E+02,  3.533726436104298E+02,  2.462443603796549E+06,  5.028551323643293E+01,  4.506605051895523E+01,  4.527043676383028E+01,  7.157999998829136E-03,  7.175994578041458E-03,  7.159119532246760E+00,
2462445.500000000, A.D. 2029-Nov-05 00:00:00.0000,  2.168006519128773E-03,  7.140741815144832E-03,  2.349953099656173E+00,  3.383136781954089E+02,  3.508544642005908E+02,  2.462443553503603E+06,  5.030388982621910E+01,  9.791634029805431E+01,  9.816231544772940E+01,  7.156256626162910E-03,  7.171771437180989E-03,  7.156504223503663E+00,
2462446.500000000, A.D. 2029-Nov-06 00:00:00.0000,  1.935189823220242E-03,  7.143459134045229E-03,  2.349993437108955E+00,  3.383109686938932E+02,  3.511469780252401E+02,  2.462443558332730E+06,  5.029278624461026E+01,  1.479446432211074E+02,  1.480620969571595E+02,  7.157309887300766E-03,  7.171160640556304E-03,  7.158084228005566E+00,
2462447.500000000, A.D. 2029-Nov-07 00:00:00.0000,  1.857449856576456E-03,  7.144474214767475E-03,  2.349990839189696E+00,  3.383110641502751E+02,  3.422871180740362E+02,  2.462450539852789E+06,  5.028794316455737E+01,  2.071320557441411E+02,  2.070351881145665E+02,  7.157769412536198E-03,  7.171064610304919E-03,  7.158773601496705E+00,
2462448.500000000, A.D. 2029-Nov-08 00:00:00.0000,  2.001904676195157E-03,  7.141196459159047E-03,  2.349978879000492E+00,  3.383105442478404E+02,  3.495835471249914E+02,  2.462450683830615E+06,  5.031164591749891E+01,  2.501278873609061E+02,  2.499123298605439E+02,  7.155521130370551E-03,  7.169845801582054E-03,  7.155400969992681E+00,
2462449.500000000, A.D. 2029-Nov-09 00:00:00.0000,  2.170133267904513E-03,  7.141542725080361E-03,  2.349966897754300E+00,  3.383087671751984E+02,  3.455877868036869E+02,  2.462450604530063E+06,  5.029526704325721E+01,  3.044473655157736E+02,  3.042419786787623E+02,  7.157074530620132E-03,  7.172606336159904E-03,  7.157731157692761E+00,
2462450.500000000, A.D. 2029-Nov-10 00:00:00.0000,  2.000362551917049E-03,  7.140451341246714E-03,  2.350003555118917E+00,  3.383078946048581E+02,  3.520040290761731E+02,  2.462450731498484E+06,  5.031963791015460E+01,  3.483510801024619E+02,  3.483046827742590E+02,  7.154763462144213E-03,  7.169075583041713E-03,  7.154264516822990E+00,
2462451.500000000, A.D. 2029-Nov-11 00:00:00.0000,  2.360799627463539E-03,  7.141012854400840E-03,  2.349956029378027E+00,  3.383075706540540E+02,  3.560535762748562E+02,  2.462450811676944E+06,  5.028644846683720E+01,  3.461332187468644E+01,  3.476736501483875E+01,  7.157911248609978E-03,  7.174809642819116E-03,  7.158986386509518E+00,
2462452.500000000, A.D. 2029-Nov-12 00:00:00.0000,  2.032596608162893E-03,  7.142098017405103E-03,  2.349937843961425E+00,  3.383070147631038E+02,  3.566846119833556E+02,  2.462450823792150E+06,  5.029979940971761E+01,  8.431291864506049E+01,  8.454474835669842E+01,  7.156644588922374E-03,  7.171191160439645E-03,  7.157086195664833E+00,
2462453.500000000, A.D. 2029-Nov-13 00:00:00.0000,  1.847363354696820E-03,  7.144008755958148E-03,  2.349969125058571E+00,  3.383040754255682E+02,  3.571184530870858E+02,  2.462450831745817E+06,  5.029362025156103E+01,  1.341961625877460E+02,  1.343476927656279E+02,  7.157230761788586E-03,  7.170452767619024E-03,  7.157965527224622E+00,
2462454.500000000, A.D. 2029-Nov-14 00:00:00.0000,  1.720555871437174E-03,  7.145295469511455E-03,  2.349971551967306E+00,  3.383041116885922E+02,  3.480341308203816E+02,  2.462457808622750E+06,  5.028961750134983E+01,  1.936106274219381E+02,  1.935643277747243E+02,  7.157610538348672E-03,  7.169925607185890E-03,  7.158535258104462E+00,
2462455.500000000, A.D. 2029-Nov-15 00:00:00.0000,  1.975095597155905E-03,  7.141012112124139E-03,  2.349987932984276E+00,  3.383040749981361E+02,  3.531609228053239E+02,  2.462457909057960E+06,  5.031562150574063E+01,  2.387867515052425E+02,  2.385934323586171E+02,  7.155144205942308E-03,  7.169276299760478E-03,  7.154835600290194E+00,
2462456.500000000, A.D. 2029-Nov-16 00:00:00.0000,  2.096056262752262E-03,  7.142105977808669E-03,  2.349971432293053E+00,  3.383026530574939E+02,  3.467279618730508E+02,  2.462457781583877E+06,  5.029491763601984E+01,  2.955428444685961E+02,  2.953258849948090E+02,  7.157107678180714E-03,  7.172109378552758E-03,  7.157780883652903E+00,
2462457.500000000, A.D. 2029-Nov-17 00:00:00.0000,  1.972726954700874E-03,  7.140663343469775E-03,  2.350005126191419E+00,  3.383016607240842E+02,  3.542662056971593E+02,  2.462457930726551E+06,  5.031948700696764E+01,  3.383260609390341E+02,  3.382423806114286E+02,  7.154777766424496E-03,  7.168892189379217E-03,  7.154285971757851E+00,
2462458.500000000, A.D. 2029-Nov-18 00:00:00.0000,  2.328395449893353E-03,  7.141055802470965E-03,  2.349968710660558E+00,  3.383014320874316E+02,  3.564798836320535E+02,  2.462457974563842E+06,  5.028844483317920E+01,  2.642336723466544E+01,  2.654240994944739E+01,  7.157721809363489E-03,  7.174387816256014E-03,  7.158702186838753E+00,
2462459.500000000, A.D. 2029-Nov-19 00:00:00.0000,  2.046571121357163E-03,  7.142376767591710E-03,  2.349938977581232E+00,  3.383007005899008E+02,  2.474375136698537E-01,  2.462458048843239E+06,  5.029579835918842E+01,  7.298708785517064E+01,  7.321151217712627E+01,  7.157024126483827E-03,  7.171671485375944E-03,  7.157655544684925E+00,
2462460.500000000, A.D. 2029-Nov-20 00:00:00.0000,  1.918868793391882E-03,  7.143756213158805E-03,  2.349969836443575E+00,  3.382963969601466E+02,  1.692833778260896E+00,  2.462458077075665E+06,  5.029088263597129E+01,  1.218510033576349E+02,  1.220375433276477E+02,  7.157490498315021E-03,  7.171224783471237E-03,  7.158355175546366E+00,
2462461.500000000, A.D. 2029-Nov-21 00:00:00.0000,  1.766960331659819E-03,  7.145135443885738E-03,  2.350004349415767E+00,  3.382957820632342E+02,  3.545934309725453E+02,  2.462457935020367E+06,  5.028780036965330E+01,  1.792749841032992E+02,  1.792775405371399E+02,  7.157782962443004E-03,  7.170430481000272E-03,  7.158793929217985E+00,
2462462.500000000, A.D. 2029-Nov-22 00:00:00.0000,  2.115522572095772E-03,  7.139745847196160E-03,  2.350034902734007E+00,  3.382958352170114E+02,  3.574418528118186E+02,  2.462465148463268E+06,  5.031838570829896E+01,  2.267336037499993E+02,  2.265573985147820E+02,  7.154882161910367E-03,  7.170018476624572E-03,  7.154442554794151E+00,
2462463.500000000, A.D. 2029-Nov-23 00:00:00.0000,  2.175166077471319E-03,  7.141480947249971E-03,  2.350012241473846E+00,  3.382945022604526E+02,  3.501307649716653E+02,  2.462465003743578E+06,  5.029553914824920E+01,  2.843684060024004E+02,  2.841267847036209E+02,  7.157048716833637E-03,  7.172616486417304E-03,  7.157692433495499E+00,
2462464.500000000, A.D. 2029-Nov-24 00:00:00.0000,  2.136988206837145E-03,  7.139663754282461E-03,  2.350040239196437E+00,  3.382934328762723E+02,  3.572703768596917E+02,  2.462465144866664E+06,  5.031762993501114E+01,  3.275518378252290E+02,  3.274201536729175E+02,  7.154953806186747E-03,  7.170243858091032E-03,  7.154550014874827E+00,
2462465.500000000, A.D. 2029-Nov-25 00:00:00.0000,  2.482366060211182E-03,  7.139984104117553E-03,  2.350014866518697E+00,  3.382932491800054E+02,  3.571394347742086E+02,  2.462465142283505E+06,  5.028812386953200E+01,  1.798889141357726E+01,  1.807700134818018E+01,  7.157752265408602E-03,  7.175520426699653E-03,  7.158747877212273E+00,
2462466.500000000, A.D. 2029-Nov-26 00:00:00.0000,  2.232079118046876E-03,  7.141152322056445E-03,  2.349987520615629E+00,  3.382928582373477E+02,  1.555307579866254E+00,  2.462465229435833E+06,  5.029470767324039E+01,  6.390265336289963E+01,  6.413263539500092E+01,  7.157127597111153E-03,  7.173102872165861E-03,  7.157810764879746E+00,
2462467.500000000, A.D. 2029-Nov-27 00:00:00.0000,  2.065831246531434E-03,  7.142043611701209E-03,  2.349995494625571E+00,  3.382898427646213E+02,  5.486277699435018E-01,  2.462465209135849E+06,  5.029786150296994E+01,  1.152255677638105E+02,  1.154394836697880E+02,  7.156828411459666E-03,  7.171613211218123E-03,  7.157361948255854E+00,
2462468.500000000, A.D. 2029-Nov-28 00:00:00.0000,  1.794260243158122E-03,  7.144962686205733E-03,  2.350001360275674E+00,  3.382896602475375E+02,  3.553739836905552E+02,  2.462465104905532E+06,  5.028756125526165E+01,  1.707310210228671E+02,  1.707640648989219E+02,  7.157805652315935E-03,  7.170648618426138E-03,  7.158827968861439E+00,
2462469.500000000, A.D. 2029-Nov-29 00:00:00.0000,  2.158179390512792E-03,  7.139407247436965E-03,  2.350035598218262E+00,  3.382897081699363E+02,  3.565510058797723E+02,  2.462472284993683E+06,  5.031873876219647E+01,  2.198626303999261E+02,  2.197044456065579E+02,  7.154848694431522E-03,  7.170290141426080E-03,  7.154392356719029E+00,
2462470.500000000, A.D. 2029-Nov-30 00:00:00.0000,  2.165806516140767E-03,  7.141512930627356E-03,  2.350008414907221E+00,  3.382884985924572E+02,  3.493638792446359E+02,  2.462472142855966E+06,  5.029590892703798E+01,  2.773710659277562E+02,  2.771248489898596E+02,  7.157013637399343E-03,  7.172514344171330E-03,  7.157639809675889E+00,
2462471.500000000, A.D. 2029-Dec-01 00:00:00.0000,  2.191412169675542E-03,  7.139381598840279E-03,  2.350031735119996E+00,  3.382872937908776E+02,  3.563952434428151E+02,  2.462472281738480E+06,  5.031649615634964E+01,  3.206656587841871E+02,  3.205061517074814E+02,  7.155061287219867E-03,  7.170740975599455E-03,  7.154711227931363E+00,
2462472.500000000, A.D. 2029-Dec-02 00:00:00.0000,  2.550986131070281E-03,  7.139716287758100E-03,  2.350018684618708E+00,  3.382870476060310E+02,  3.545881816531607E+02,  2.462472245982105E+06,  5.028576417077248E+01,  1.277348394250484E+01,  1.283831697741608E+01,  7.157976185734440E-03,  7.176236083710780E-03,  7.159083807047765E+00,
2462473.500000000, A.D. 2029-Dec-03 00:00:00.0000,  2.370186858212930E-03,  7.140609753513461E-03,  2.349968674083388E+00,  3.382864176094689E+02,  3.584947716234088E+02,  2.462472323093883E+06,  5.028999686445692E+01,  5.918660491857090E+01,  5.942022271339473E+01,  7.157574542631084E-03,  7.174539331748707E-03,  7.158481257620330E+00,
2462474.500000000, A.D. 2029-Dec-04 00:00:00.0000,  2.192582711223410E-03,  7.140794813040291E-03,  2.349961819107537E+00,  3.382832298265839E+02,  3.551348641007720E+02,  2.462472256276881E+06,  5.030147139142348E+01,  1.128625742881581E+02,  1.130938403904035E+02,  7.156486000518140E-03,  7.172177187995989E-03,  7.156848299697669E+00,
2462475.500000000, A.D. 2029-Dec-05 00:00:00.0000,  1.878342920361091E-03,  7.144323530450490E-03,  2.349967546405923E+00,  3.382828946907358E+02,  3.510797453777445E+02,  2.462472174122545E+06,  5.028795516495425E+01,  1.672515763243982E+02,  1.672989654210693E+02,  7.157768273813192E-03,  7.171213017175894E-03,  7.158771893172633E+00,
2462476.500000000, A.D. 2029-Dec-06 00:00:00.0000,  2.241529798369642E-03,  7.138799180004320E-03,  2.350002420605456E+00,  3.382828858975857E+02,  3.510081094683211E+02,  2.462479329251544E+06,  5.031886254893656E+01,  2.176352804692617E+02,  2.174787805387762E+02,  7.154836960253205E-03,  7.170874740502089E-03,  7.154374756581381E+00,
2462477.500000000, A.D. 2029-Dec-07 00:00:00.0000,  2.204351752058392E-03,  7.141390088517445E-03,  2.349969529899382E+00,  3.382817376545719E+02,  3.437144256833597E+02,  2.462479185160935E+06,  5.029429231442656E+01,  2.752460233488430E+02,  2.749944187377365E+02,  7.157167002138384E-03,  7.172943915759323E-03,  7.157869878143936E+00,
2462478.500000000, A.D. 2029-Dec-08 00:00:00.0000,  2.239426051565325E-03,  7.139224067697361E-03,  2.349985867241385E+00,  3.382804503605983E+02,  3.505056277735363E+02,  2.462479319260670E+06,  5.031452968905896E+01,  3.187792846897701E+02,  3.186098259200679E+02,  7.155247715837611E-03,  7.171271363977860E-03,  7.154990858997991E+00,
2462479.500000000, A.D. 2029-Dec-09 00:00:00.0000,  2.496262530421236E-03,  7.139530767552135E-03,  2.349989063750696E+00,  3.382800693233957E+02,  3.490066205362046E+02,  2.462479289609783E+06,  5.029186269346707E+01,  1.058091591899378E+01,  1.063360324021653E+01,  7.157397510773610E-03,  7.175264253995085E-03,  7.158215677836965E+00,
2462480.500000000, A.D. 2029-Dec-10 00:00:00.0000,  2.335542733605222E-03,  7.140714431059731E-03,  2.349957169717702E+00,  3.382798861463679E+02,  3.552048616204334E+02,  2.462479412081821E+06,  5.029151060118693E+01,  5.471304860645976E+01,  5.493187806115162E+01,  7.157430916828811E-03,  7.174147402597891E-03,  7.158265792706246E+00,
2462481.500000000, A.D. 2029-Dec-11 00:00:00.0000,  2.143116873232269E-03,  7.140972414990628E-03,  2.349944187824529E+00,  3.382773373653208E+02,  3.522185476358879E+02,  2.462479352681129E+06,  5.030333525849782E+01,  1.080173010868250E+02,  1.082506475702341E+02,  7.156309222034437E-03,  7.171646029078247E-03,  7.156583120185545E+00,
2462482.500000000, A.D. 2029-Dec-12 00:00:00.0000,  1.801982736809857E-03,  7.145003999312219E-03,  2.349949655352334E+00,  3.382768488070489E+02,  3.501114501955387E+02,  2.462479309155102E+06,  5.028654154561683E+01,  1.604565545321277E+02,  1.605254842103143E+02,  7.157902415897436E-03,  7.170800832482653E-03,  7.158973135454748E+00,
2462483.500000000, A.D. 2029-Dec-13 00:00:00.0000,  2.183665656645733E-03,  7.139198140627807E-03,  2.349989157468757E+00,  3.382767698550915E+02,  3.483678160273468E+02,  2.462486431005275E+06,  5.031902164084186E+01,  2.125146821237919E+02,  2.123804887826607E+02,  7.154821879445368E-03,  7.170445618262928E-03,  7.154352136842879E+00,
2462484.500000000, A.D. 2029-Dec-14 00:00:00.0000,  2.099853635226708E-03,  7.142286374844062E-03,  2.349948513381076E+00,  3.382755633529105E+02,  3.404678453986874E+02,  2.462486275024712E+06,  5.029272508104143E+01,  2.707291701440872E+02,  2.704885567979696E+02,  7.157315690214626E-03,  7.172345005585190E-03,  7.158092933319836E+00,
2462485.500000000, A.D. 2029-Dec-15 00:00:00.0000,  2.144641254299154E-03,  7.140458630572245E-03,  2.349965737590861E+00,  3.382730068586589E+02,  3.457451814563998E+02,  2.462486379164471E+06,  5.030864936232894E+01,  3.157704228985426E+02,  3.155986685736418E+02,  7.155805265752910E-03,  7.171151900933574E-03,  7.155827170140003E+00,
2462486.500000000, A.D. 2029-Dec-16 00:00:00.0000,  2.284701309660566E-03,  7.140817133669814E-03,  2.350010203114607E+00,  3.382718242081412E+02,  3.436883938087981E+02,  2.462486338470432E+06,  5.029426991326550E+01,  8.124011698702178E+00,  8.161114199455515E+00,  7.157169127348528E-03,  7.173521121027242E-03,  7.157873066272452E+00,
2462487.500000000, A.D. 2029-Dec-17 00:00:00.0000,  2.146770139570894E-03,  7.142028159310932E-03,  2.349982000362322E+00,  3.382717475141402E+02,  3.512306544469253E+02,  2.462486487609760E+06,  5.029190562175531E+01,  5.091503438242032E+01,  5.110630707840959E+01,  7.157393437820407E-03,  7.172758716329882E-03,  7.158209567709656E+00,
2462488.500000000, A.D. 2029-Dec-18 00:00:00.0000,  1.927550004870497E-03,  7.142254772305999E-03,  2.349962234240932E+00,  3.382695488564691E+02,  3.476506713576692E+02,  2.462486416433466E+06,  5.030608530851011E+01,  1.048160758328871E+02,  1.050294808888074E+02,  7.156048413460219E-03,  7.169842054614439E-03,  7.156191895915622E+00,
2462489.500000000, A.D. 2029-Dec-19 00:00:00.0000,  1.552779497174553E-03,  7.146991861855628E-03,  2.349965990785879E+00,  3.382688704974607E+02,  3.479452546188871E+02,  2.462486420466997E+06,  5.028438758122862E+01,  1.548524311020414E+02,  1.549279123060273E+02,  7.158106823369543E-03,  7.169221784883458E-03,  7.159279794716831E+00,
2462490.500000000, A.D. 2029-Dec-20 00:00:00.0000,  1.924413737323144E-03,  7.141265143065903E-03,  2.350006163468350E+00,  3.382687184486713E+02,  3.447188823734993E+02,  2.462493513066735E+06,  5.031677988632168E+01,  2.083921843190030E+02,  2.082875468904876E+02,  7.155034389536145E-03,  7.168803636006387E-03,  7.154670883417639E+00,
2462491.500000000, A.D. 2029-Dec-21 00:00:00.0000,  1.820825784506770E-03,  7.144131170932167E-03,  2.349974268577279E+00,  3.382679420093833E+02,  3.376260158626043E+02,  2.462493373066909E+06,  5.029433325507217E+01,  2.657953486660812E+02,  2.655872941566728E+02,  7.157163118081492E-03,  7.170195065230817E-03,  7.157864051487234E+00,
2462492.500000000, A.D. 2029-Dec-22 00:00:00.0000,  1.932551801241621E-03,  7.141659399094786E-03,  2.349975214285189E+00,  3.382666533186712E+02,  3.448466271000314E+02,  2.462493515632883E+06,  5.031199797561043E+01,  3.089014804471904E+02,  3.087288773214838E+02,  7.155487749834491E-03,  7.169316100574195E-03,  7.155350900087807E+00,
2462493.500000000, A.D. 2029-Dec-23 00:00:00.0000,  2.080846357559542E-03,  7.141952331587858E-03,  2.349998446382934E+00,  3.382658053508480E+02,  3.426583941442198E+02,  2.462493472318401E+06,  5.029769057448355E+01,  1.392320515819842E+00,  1.398129459050750E+00,  7.156844625658780E-03,  7.171736919729701E-03,  7.157386271381436E+00,
2462494.500000000, A.D. 2029-Dec-24 00:00:00.0000,  2.046873544821832E-03,  7.142948879293892E-03,  2.349964949559689E+00,  3.382658050674501E+02,  3.515654822904937E+02,  2.462493648578840E+06,  5.028973298669511E+01,  4.281774277373233E+01,  4.297746155584598E+01,  7.157599580519685E-03,  7.172250281745478E-03,  7.158518819243747E+00,
2462495.500000000, A.D. 2029-Dec-25 00:00:00.0000,  1.796187637599019E-03,  7.143030554344136E-03,  2.349941818175749E+00,  3.382640018536918E+02,  3.473541300022221E+02,  2.462493564916814E+06,  5.030782049515517E+01,  9.734981754897180E+01,  9.755389527465310E+01,  7.155883864477606E-03,  7.168737174611075E-03,  7.155945068911687E+00,
2462496.500000000, A.D. 2029-Dec-26 00:00:00.0000,  1.414539445472992E-03,  7.148079947728798E-03,  2.349944231618013E+00,  3.382630254007947E+02,  3.509007019855200E+02,  2.462493633564986E+06,  5.028334769713248E+01,  1.441339484430714E+02,  1.442287822934990E+02,  7.158205511784018E-03,  7.168331075839239E-03,  7.159427852106390E+00,
2462497.500000000, A.D. 2029-Dec-27 00:00:00.0000,  1.717190645698535E-03,  7.143159364048196E-03,  2.349983969057381E+00,  3.382627657962429E+02,  3.450069645127979E+02,  2.462500673371218E+06,  5.031243166355421E+01,  2.003399774650269E+02,  2.002717176668575E+02,  7.155446630067141E-03,  7.167733896086086E-03,  7.155289221705025E+00,
2462498.500000000, A.D. 2029-Dec-28 00:00:00.0000,  1.545064213995511E-03,  7.146271581735131E-03,  2.349939752927213E+00,  3.382618955268646E+02,  3.400715927895367E+02,  2.462500576368689E+06,  5.029257302781667E+01,  2.555740761036819E+02,  2.554026898384959E+02,  7.157330116365679E-03,  7.168388650996227E-03,  7.158114574907215E+00,
2462499.500000000, A.D. 2029-Dec-29 00:00:00.0000,  1.708554096335438E-03,  7.143258603993030E-03,  2.349929661301638E+00,  3.382603671060620E+02,  3.486434104333743E+02,  2.462500745628522E+06,  5.031203609318287E+01,  2.973298928372417E+02,  2.971557905687598E+02,  7.155484135724385E-03,  7.167709667455740E-03,  7.155345479027014E+00,
2462500.500000000, A.D. 2029-Dec-30 00:00:00.0000,  1.807073786688195E-03,  7.143518765723920E-03,  2.349956396915851E+00,  3.382592565320982E+02,  3.464266026230911E+02,  2.462500701726850E+06,  5.030184040313895E+01,  3.498527681768945E+02,  3.498162047069213E+02,  7.156451000733062E-03,  7.169383235742205E-03,  7.156795797426432E+00,
2462501.500000000, A.D. 2029-Dec-31 00:00:00.0000,  1.910484430558200E-03,  7.144087357301916E-03,  2.349917805256450E+00,  3.382593279259470E+02,  3.566920563688338E+02,  2.462500905009139E+06,  5.028801969592937E+01,  2.992091211369034E+01,  3.003033940602341E+01,  7.157762150447985E-03,  7.171436943594055E-03,  7.158762706838915E+00,
2462502.500000000, A.D. 2030-Jan-01 00:00:00.0000,  1.632468275267548E-03,  7.144259678921077E-03,  2.349891235649246E+00,  3.382578369777813E+02,  3.537916358945768E+02,  2.462500847348022E+06,  5.030721243220503E+01,  8.314031414591081E+01,  8.332608708597445E+01,  7.155941526442662E-03,  7.167623373964248E-03,  7.156031562773288E+00,
2462503.500000000, A.D. 2030-Jan-02 00:00:00.0000,  1.321645942260881E-03,  7.148933048044777E-03,  2.349889177128048E+00,  3.382565509624300E+02,  2.705815509984743E+00,  2.462501022898831E+06,  5.028136263323119E+01,  1.245520221669575E+02,  1.246766408359492E+02,  7.158393910309443E-03,  7.167854772574108E-03,  7.159710500010878E+00,
2462504.500000000, A.D. 2030-Jan-03 00:00:00.0000,  1.608265758986440E-03,  7.143715994409011E-03,  2.349930562321968E+00,  3.382561851594900E+02,  3.513428650336810E+02,  2.462507953634806E+06,  5.031478516184387E+01,  1.862311067163564E+02,  1.862111435491065E+02,  7.155223495354484E-03,  7.166730996299957E-03,  7.154954529608235E+00,
2462505.500000000, A.D. 2030-Jan-04 00:00:00.0000,  1.453639542955547E-03,  7.146493077732860E-03,  2.349914726243926E+00,  3.382557905178317E+02,  3.468687309239861E+02,  2.462507865701835E+06,  5.029714240200037E+01,  2.410119579499440E+02,  2.408663798331716E+02,  7.156896625672784E-03,  7.167300173612707E-03,  7.157464277447349E+00,
2462506.500000000, A.D. 2030-Jan-05 00:00:00.0000,  1.673386689817429E-03,  7.143656815402702E-03,  2.349902591938167E+00,  3.382547467018685E+02,  3.514345951971729E+02,  2.462507955424750E+06,  5.031048766829991E+01,  2.867768710686414E+02,  2.865931663648274E+02,  7.155630952996693E-03,  7.167605090590684E-03,  7.155565701797639E+00,
2462507.500000000, A.D. 2030-Jan-06 00:00:00.0000,  1.718992449492223E-03,  7.143932098121500E-03,  2.349930040840829E+00,  3.382534166780455E+02,  3.493791784275948E+02,  2.462507914725924E+06,  5.030413251401843E+01,  3.391375721471800E+02,  3.390672807557000E+02,  7.156233609663313E-03,  7.168535121205127E-03,  7.156469697587518E+00,
2462508.500000000, A.D. 2030-Jan-07 00:00:00.0000,  1.914550796347111E-03,  7.144143952768980E-03,  2.349894519466016E+00,  3.382535608516470E+02,  3.589400991078135E+02,  2.462508104071463E+06,  5.028711481184250E+01,  1.991010381209740E+01,  1.998498497878099E+01,  7.157848016388889E-03,  7.171552080008798E-03,  7.158891524140907E+00,
2462509.500000000, A.D. 2030-Jan-08 00:00:00.0000,  1.615012526989090E-03,  7.144420309593382E-03,  2.349864350513516E+00,  3.382522715714944E+02,  3.579930745227024E+02,  2.462508085146965E+06,  5.030683516811997E+01,  7.117677845176760E+01,  7.135206151287058E+01,  7.155977302579899E-03,  7.167534295566416E-03,  7.156085227721423E+00,
2462510.500000000, A.D. 2030-Jan-09 00:00:00.0000,  1.426431433477383E-03,  7.148678848841820E-03,  2.349862448694875E+00,  3.382495422889747E+02,  1.181510059866030E+01,  2.462508358375446E+06,  5.027613077308351E+01,  1.076725961307365E+02,  1.078282546216939E+02,  7.158890515301669E-03,  7.169102181761517E-03,  7.160455557425957E+00,
2462511.500000000, A.D. 2030-Jan-10 00:00:00.0000,  1.675714541449107E-03,  7.143380592335727E-03,  2.349932736260332E+00,  3.382484207073111E+02,  3.578394906854891E+02,  2.462508082206513E+06,  5.031322985768095E+01,  1.719602293213088E+02,  1.719870301148353E+02,  7.155370951488602E-03,  7.167361310641476E-03,  7.155175706634572E+00,
2462512.500000000, A.D. 2030-Jan-11 00:00:00.0000,  1.553800723295705E-03,  7.145457639433796E-03,  2.349934056829596E+00,  3.382481467290712E+02,  3.557380811551848E+02,  2.462515196409676E+06,  5.030050634350208E+01,  2.243692279941015E+02,  2.242448923017689E+02,  7.156577534783666E-03,  7.167697430133536E-03,  7.156985608485938E+00,
2462513.500000000, A.D. 2030-Jan-12 00:00:00.0000,  1.800975907579731E-03,  7.142818868630662E-03,  2.349917150576654E+00,  3.382472445622362E+02,  3.561698896867308E+02,  2.462515204006366E+06,  5.030969491056786E+01,  2.742719596144555E+02,  2.740661222769542E+02,  7.155706122959832E-03,  7.168593377289001E-03,  7.155678456010270E+00,
2462514.500000000, A.D. 2030-Jan-13 00:00:00.0000,  1.820991712857002E-03,  7.143105112635766E-03,  2.349941721668233E+00,  3.382457252262321E+02,  3.543823147160956E+02,  2.462515168624096E+06,  5.030515775735183E+01,  3.263647593594766E+02,  3.262489567418772E+02,  7.156136377675589E-03,  7.169167642715413E-03,  7.156323845289759E+00,
2462515.500000000, A.D. 2030-Jan-14 00:00:00.0000,  2.115720329129260E-03,  7.143020351531058E-03,  2.349908730978956E+00,  3.382459319593422E+02,  8.685596400123742E-01,  2.462515297000783E+06,  5.028377428485228E+01,  1.020756679936298E+01,  1.025064349336387E+01,  7.158165026797517E-03,  7.173309702063975E-03,  7.159367114342649E+00,
2462516.500000000, A.D. 2030-Jan-15 00:00:00.0000,  1.773113176185199E-03,  7.143156993807341E-03,  2.349890069070982E+00,  3.382452161595206E+02,  3.090261626671128E-01,  2.462515285792408E+06,  5.030822910521625E+01,  6.108463374334742E+01,  6.126267812313485E+01,  7.155845117071161E-03,  7.168533240334981E-03,  7.155886947383587E+00,
2462517.500000000, A.D. 2030-Jan-16 00:00:00.0000,  1.609957352732516E-03,  7.146908642182767E-03,  2.349872060480402E+00,  3.382434832296865E+02,  1.212350954480493E+01,  2.462515519271204E+06,  5.028094641126552E+01,  9.959291843857910E+01,  9.977476491475294E+01,  7.158433414692799E-03,  7.169958187202830E-03,  7.159769767566297E+00,
2462518.500000000, A.D. 2030-Jan-17 00:00:00.0000,  1.715397539501067E-03,  7.143064655819923E-03,  2.349905480812536E+00,  3.382429718175442E+02,  3.581530906345051E+02,  2.462515242729720E+06,  5.031356784689827E+01,  1.638848892427404E+02,  1.639393386299479E+02,  7.155338906574558E-03,  7.167613157329194E-03,  7.155127640628913E+00,
2462519.500000000, A.D. 2030-Jan-18 00:00:00.0000,  1.591583799742603E-03,  7.145057181655401E-03,  2.349912836445691E+00,  3.382427298585576E+02,  3.573046727377671E+02,  2.462522381803249E+06,  5.030187976711235E+01,  2.150398794271174E+02,  2.149353357692406E+02,  7.156447267189574E-03,  7.167837352723746E-03,  7.156790196842109E+00,
2462520.500000000, A.D. 2030-Jan-19 00:00:00.0000,  1.826394226860912E-03,  7.142778780643729E-03,  2.349892373700159E+00,  3.382419681432469E+02,  3.556079622693412E+02,  2.462522347185981E+06,  5.030819680022245E+01,  2.670714041684882E+02,  2.668624129828393E+02,  7.155848180448795E-03,  7.168917580253860E-03,  7.155891542477391E+00,
2462521.500000000, A.D. 2030-Jan-20 00:00:00.0000,  1.830109715731183E-03,  7.142854366242655E-03,  2.349913401007687E+00,  3.382402201362415E+02,  3.549830070936611E+02,  2.462522334815405E+06,  5.030711737361739E+01,  3.180028434533495E+02,  3.178622855703858E+02,  7.155950540852762E-03,  7.169046715462870E-03,  7.156045084562828E+00,
2462522.500000000, A.D. 2030-Jan-21 00:00:00.0000,  2.223285277988163E-03,  7.142716297286106E-03,  2.349886267380986E+00,  3.382404110105387E+02,  3.587714910696601E+02,  2.462522409727373E+06,  5.027885441227354E+01,  4.538804267540602E+00,  4.559021281678262E+00,  7.158631978374161E-03,  7.174547659462215E-03,  7.160067670756647E+00,
2462523.500000000, A.D. 2030-Jan-22 00:00:00.0000,  1.886284446733054E-03,  7.142593878419465E-03,  2.349856555415797E+00,  3.382397188734495E+02,  3.573410212730369E+02,  2.462522381299876E+06,  5.030562249458185E+01,  5.627690612104183E+01,  5.645692188169715E+01,  7.156092304031947E-03,  7.169590729644430E-03,  7.156257733194209E+00,
2462524.500000000, A.D. 2030-Jan-23 00:00:00.0000,  1.746427200822645E-03,  7.145788673587609E-03,  2.349824143679641E+00,  3.382375116980133E+02,  6.861086006911357E+00,  2.462522569356360E+06,  5.028245635126583E+01,  9.707750459121003E+01,  9.727605172376076E+01,  7.158290106140354E-03,  7.170791538693098E-03,  7.159554765683941E+00,
2462525.500000000, A.D. 2030-Jan-24 00:00:00.0000,  1.794552768274243E-03,  7.142470730725715E-03,  2.349850829469841E+00,  3.382369747987168E+02,  3.531667454513749E+02,  2.462522298119371E+06,  5.031385887394677E+01,  1.610989701142999E+02,  1.611654430851445E+02,  7.155311314452929E-03,  7.168151898180144E-03,  7.155086253708380E+00,
2462526.500000000, A.D. 2030-Jan-25 00:00:00.0000,  1.682247513453754E-03,  7.144247076472962E-03,  2.349864453487398E+00,  3.382367016778542E+02,  3.525930742085442E+02,  2.462529442532105E+06,  5.030358305778704E+01,  2.119800918653544E+02,  2.118781772632864E+02,  7.156285720331554E-03,  7.168324364190145E-03,  7.156547866310920E+00,
2462527.500000000, A.D. 2030-Jan-26 00:00:00.0000,  1.879459767531164E-03,  7.142735551799952E-03,  2.349838055950964E+00,  3.382359849977564E+02,  3.490532502115856E+02,  2.462529371530456E+06,  5.030464175169907E+01,  2.658533308710336E+02,  2.656385614272000E+02,  7.156185314186964E-03,  7.169635076573976E-03,  7.156397252105283E+00,
2462528.500000000, A.D. 2030-Jan-27 00:00:00.0000,  1.849803389169511E-03,  7.142641127767271E-03,  2.349852298146270E+00,  3.382340764504611E+02,  3.496994397497015E+02,  2.462529384340963E+06,  5.030788133334494E+01,  3.155106797609838E+02,  3.153618896595331E+02,  7.155878095320479E-03,  7.169115062873687E-03,  7.155936415103725E+00,
2462529.500000000, A.D. 2030-Jan-28 00:00:00.0000,  2.211516964719912E-03,  7.142538699798196E-03,  2.349834914558416E+00,  3.382341969130371E+02,  3.530414684562572E+02,  2.462529450412486E+06,  5.028161924059220E+01,  2.493340492060178E+00,  2.504395669772753E+00,  7.158369555509940E-03,  7.174200411221686E-03,  7.159673961123611E+00,
2462530.500000000, A.D. 2030-Jan-29 00:00:00.0000,  1.825147428984195E-03,  7.142633255597528E-03,  2.349835760098504E+00,  3.382340631106308E+02,  3.537185754737939E+02,  2.462529463714381E+06,  5.030982854909661E+01,  5.213535181551069E+01,  5.230069651702426E+01,  7.155693451102405E-03,  7.168753646607282E-03,  7.155659448306038E+00,
2462531.500000000, A.D. 2030-Jan-30 00:00:00.0000,  1.730930305859043E-03,  7.145855445933332E-03,  2.349799472563551E+00,  3.382322743632092E+02,  5.450666956929363E+00,  2.462529695699680E+06,  5.028292244436503E+01,  9.072549307478162E+01,  9.092382134685013E+01,  7.158245870647627E-03,  7.170636295361922E-03,  7.159488400824712E+00,
2462532.500000000, A.D. 2030-Jan-31 00:00:00.0000,  1.705521401652286E-03,  7.143306927121453E-03,  2.349819014071153E+00,  3.382318161842043E+02,  3.518851069125473E+02,  2.462529426783687E+06,  5.031175482797096E+01,  1.546189056840028E+02,  1.547025167152361E+02,  7.155510803937324E-03,  7.167714680753196E-03,  7.155385480608540E+00,
2462533.500000000, A.D. 2030-Feb-01 00:00:00.0000,  1.639574204953821E-03,  7.144369890376754E-03,  2.349844337377549E+00,  3.382314603496980E+02,  3.518234504411256E+02,  2.462536581421264E+06,  5.030551127001587E+01,  2.049875278809673E+02,  2.049083100475438E+02,  7.156102852020923E-03,  7.167835813665092E-03,  7.156273555549263E+00,
2462534.500000000, A.D. 2030-Feb-02 00:00:00.0000,  1.793041791025213E-03,  7.143675877474830E-03,  2.349809990894256E+00,  3.382306978717744E+02,  3.457037875197007E+02,  2.462536459382417E+06,  5.030124160858097E+01,  2.614406316454669E+02,  2.612375208321123E+02,  7.156507795029115E-03,  7.169339712583401E-03,  7.156880993144052E+00,
2462535.500000000, A.D. 2030-Feb-03 00:00:00.0000,  1.729725884397486E-03,  7.143780139332363E-03,  2.349821149298999E+00,  3.382275619434589E+02,  3.459838610908606E+02,  2.462536464956651E+06,  5.030492626519209E+01,  3.114579268254322E+02,  3.113091656479826E+02,  7.156158331631433E-03,  7.168536523930503E-03,  7.156356777111464E+00,
2462536.500000000, A.D. 2030-Feb-04 00:00:00.0000,  2.040672052175127E-03,  7.143832964385604E-03,  2.349842795864435E+00,  3.382268411149365E+02,  3.478321810494356E+02,  2.462536501461845E+06,  5.028086654654459E+01,  3.599264971407787E+02,  3.599261963832949E+02,  7.158440994860960E-03,  7.173049025336315E-03,  7.159781139944174E+00,
2462537.500000000, A.D. 2030-Feb-05 00:00:00.0000,  1.612681539919003E-03,  7.143945510169092E-03,  2.349859847754788E+00,  3.382268650963260E+02,  3.494326898598678E+02,  2.462536533059346E+06,  5.031202667418715E+01,  4.864874396773452E+01,  4.878765303762609E+01,  7.155485028784180E-03,  7.167024547399267E-03,  7.155346818590790E+00,
2462538.500000000, A.D. 2030-Feb-06 00:00:00.0000,  1.544639423577470E-03,  7.147021338642231E-03,  2.349816631200503E+00,  3.382251722439424E+02,  3.275505468420307E+00,  2.462536807031155E+06,  5.028469142648178E+01,  8.513041595217480E+01,  8.530680833306243E+01,  7.158077988099688E-03,  7.169134637557146E-03,  7.159236534767929E+00,
2462539.500000000, A.D. 2030-Feb-07 00:00:00.0000,  1.437821880398106E-03,  7.145506909269667E-03,  2.349829649427239E+00,  3.382247958646314E+02,  3.495055522257933E+02,  2.462536533721911E+06,  5.030875056851331E+01,  1.492297444841132E+02,  1.493139063303146E+02,  7.155795668854005E-03,  7.166084428438342E-03,  7.155812774752408E+00,
2462540.500000000, A.D. 2030-Feb-08 00:00:00.0000,  1.403645605769918E-03,  7.146078990677009E-03,  2.349862780765591E+00,  3.382243212746992E+02,  3.502703781278221E+02,  2.462543705064556E+06,  5.030529194121718E+01,  1.987682918310135E+02,  1.987166268177824E+02,  7.156123652195759E-03,  7.166168313714507E-03,  7.156304756578447E+00,
2462541.500000000, A.D. 2030-Feb-09 00:00:00.0000,  1.524537627756566E-03,  7.145707381511344E-03,  2.349834058203435E+00,  3.382238823303721E+02,  3.428389666016419E+02,  2.462543557046235E+06,  5.030008062574112E+01,  2.565304085484668E+02,  2.563605903656137E+02,  7.156617914809951E-03,  7.167528448108557E-03,  7.157046182064559E+00,
2462542.500000000, A.D. 2030-Feb-10 00:00:00.0000,  1.490442407709197E-03,  7.144883016774975E-03,  2.349831386668984E+00,  3.382219497870506E+02,  3.473897268091046E+02,  2.462543647181844E+06,  5.031136307070944E+01,  3.022837177326970E+02,  3.021391840801690E+02,  7.155547948888394E-03,  7.166212881001813E-03,  7.155441197131604E+00,
2462543.500000000, A.D. 2030-Feb-11 00:00:00.0000,  1.875419430091935E-03,  7.144902508121489E-03,  2.349828330433522E+00,  3.382217374204421E+02,  3.472185380261604E+02,  2.462543643649196E+06,  5.028206367527971E+01,  3.527770220016482E+02,  3.527499384973768E+02,  7.158327374366334E-03,  7.171752240611179E-03,  7.159610677971987E+00,
2462544.500000000, A.D. 2030-Feb-12 00:00:00.0000,  1.485798495297185E-03,  7.144930175393789E-03,  2.349847275006274E+00,  3.382218222530599E+02,  3.514763093720218E+02,  2.462543727944914E+06,  5.031121594947292E+01,  3.884303014734945E+01,  3.894996993616643E+01,  7.155561898495578E-03,  7.166193621597366E-03,  7.155462121240411E+00,
2462545.500000000, A.D. 2030-Feb-13 00:00:00.0000,  1.481988624462967E-03,  7.147384866550923E-03,  2.349800061166443E+00,  3.382202953633578E+02,  5.594863902880948E+00,  2.462544007576790E+06,  5.028558771831648E+01,  7.504737823313016E+01,  7.521152955271707E+01,  7.157992930648131E-03,  7.168600994745339E-03,  7.159108928319640E+00,
2462546.500000000, A.D. 2030-Feb-14 00:00:00.0000,  1.278708142810253E-03,  7.146862830291523E-03,  2.349809007630838E+00,  3.382199320785471E+02,  3.529606575976867E+02,  2.462543756555100E+06,  5.030645575727691E+01,  1.380129894859911E+02,  1.381108955690855E+02,  7.156013282746230E-03,  7.165163735200937E-03,  7.156139198852731E+00,
2462547.500000000, A.D. 2030-Feb-15 00:00:00.0000,  1.251511864412961E-03,  7.147322210234834E-03,  2.349849704630307E+00,  3.382192644097023E+02,  3.544335528705259E+02,  2.462550942281506E+06,  5.030366047987760E+01,  1.868406398603878E+02,  1.868235847182763E+02,  7.156278377529354E-03,  7.165234544823876E-03,  7.156536851706978E+00,
2462548.500000000, A.D. 2030-Feb-16 00:00:00.0000,  1.268147693005691E-03,  7.147984100037911E-03,  2.349805308849471E+00,  3.382187075638344E+02,  3.463121431861095E+02,  2.462550780873080E+06,  5.029541694819714E+01,  2.452825374177799E+02,  2.451506199707111E+02,  7.157060309558178E-03,  7.166136519078447E-03,  7.157709824153357E+00,
2462549.500000000, A.D. 2030-Feb-17 00:00:00.0000,  1.275119144325667E-03,  7.146155608635819E-03,  2.349789568846443E+00,  3.382165461375458E+02,  3.562026357913641E+02,  2.462550976800540E+06,  5.031419504655199E+01,  2.856959696194374E+02,  2.855552398106083E+02,  7.155279442435869E-03,  7.164403276235919E-03,  7.155038447239765E+00,
2462550.500000000, A.D. 2030-Feb-18 00:00:00.0000,  1.650913601747882E-03,  7.146330491193261E-03,  2.349790450578164E+00,  3.382160918962557E+02,  3.518197564670884E+02,  2.462550889732740E+06,  5.028395395984802E+01,  3.404026968538575E+02,  3.403391206825639E+02,  7.158147975048593E-03,  7.169965458903926E-03,  7.159341532439190E+00,
2462551.500000000, A.D. 2030-Feb-19 00:00:00.0000,  1.339665873757730E-03,  7.146035057300939E-03,  2.349809473079083E+00,  3.382161786906152E+02,  1.071899436149622E+00,  2.462551073099719E+06,  5.031059053928988E+01,  2.147760525365362E+01,  2.153390034801180E+01,  7.155621198826543E-03,  7.165207340352146E-03,  7.155551070680820E+00,
2462552.500000000, A.D. 2030-Feb-20 00:00:00.0000,  1.458336733794371E-03,  7.147632697884813E-03,  2.349758129058024E+00,  3.382147733947060E+02,  1.521221351896513E+01,  2.462551353377693E+06,  5.028475898656643E+01,  5.765762633486961E+01,  5.779895223931373E+01,  7.158071576608110E-03,  7.168510455331408E-03,  7.159226915976151E+00,
2462553.500000000, A.D. 2030-Feb-21 00:00:00.0000,  1.171642607367975E-03,  7.148002830166467E-03,  2.349762865195595E+00,  3.382144010575144E+02,  7.212994546523022E+00,  2.462551194239663E+06,  5.030250929979906E+01,  1.159855307741469E+02,  1.161061405547818E+02,  7.156387558745133E-03,  7.164772287323798E-03,  7.156700630070516E+00,
2462554.500000000, A.D. 2030-Feb-22 00:00:00.0000,  1.240535204472144E-03,  7.146978609938685E-03,  2.349810944496563E+00,  3.382135117514179E+02,  5.988211905269924E+00,  2.462551170289179E+06,  5.030811749358310E+01,  1.675114831909607E+02,  1.675421768449373E+02,  7.155855700853718E-03,  7.164732791768751E-03,  7.155902823156096E+00,
2462555.500000000, A.D. 2030-Feb-23 00:00:00.0000,  1.199760384427416E-03,  7.148243345439812E-03,  2.349790425628544E+00,  3.382133458915853E+02,  3.551018037074214E+02,  2.462558109906252E+06,  5.029784658736520E+01,  2.287273357584674E+02,  2.286241090518333E+02,  7.156829826343546E-03,  7.165416307247280E-03,  7.157364070739996E+00,
2462556.500000000, A.D. 2030-Feb-24 00:00:00.0000,  1.278831997658335E-03,  7.145987898754034E-03,  2.349774392400224E+00,  3.382117974908089E+02,  3.598087230028025E+00,  2.462558277993015E+06,  5.031568571879706E+01,  2.705390622788424E+02,  2.703925233682132E+02,  7.155138118327418E-03,  7.164288337900802E-03,  7.154826469263645E+00,
2462557.500000000, A.D. 2030-Feb-25 00:00:00.0000,  1.603452359606284E-03,  7.146664539824452E-03,  2.349777056718539E+00,  3.382111386512269E+02,  3.547064183562813E+02,  2.462558101547606E+06,  5.028401396954148E+01,  3.297517717729684E+02,  3.296590517031369E+02,  7.158142279953642E-03,  7.169620020082832E-03,  7.159332988374052E+00,
2462558.500000000, A.D. 2030-Feb-26 00:00:00.0000,  1.359328614892968E-03,  7.145943431012145E-03,  2.349800311049981E+00,  3.382111927923133E+02,  6.895796197334544E+00,  2.462558343146385E+06,  5.031007229856986E+01,  7.891316733269941E+00,  7.912738807198879E+00,  7.155670338461958E-03,  7.165397245911771E-03,  7.155624779538104E+00,
2462559.500000000, A.D. 2030-Feb-27 00:00:00.0000,  1.544936428576601E-03,  7.147001411704512E-03,  2.349746772680854E+00,  3.382098830781564E+02,  1.923362056931255E+01,  2.462558587725951E+06,  5.028487929183736E+01,  4.587359043848668E+01,  4.600083930892816E+01,  7.158060159603027E-03,  7.169118907501541E-03,  7.159209787711234E+00,
2462560.500000000, A.D. 2030-Feb-28 00:00:00.0000,  1.273597983820873E-03,  7.147960779279930E-03,  2.349751366506213E+00,  3.382084355341476E+02,  1.840530285815190E+01,  2.462558570884584E+06,  5.029525137671654E+01,  9.702534481327169E+01,  9.717016431574537E+01,  7.157076016865061E-03,  7.166191254450192E-03,  7.157733387264804E+00,
2462561.500000000, A.D. 2030-Mar-01 00:00:00.0000,  1.424464145413597E-03,  7.145589745710845E-03,  2.349834428298188E+00,  3.382065517021318E+02,  1.391956705884964E+01,  2.462558482536708E+06,  5.030888520586674E+01,  1.518052143369937E+02,  1.518822155771586E+02,  7.155782901886946E-03,  7.165976058063048E-03,  7.155793624264582E+00,
2462562.500000000, A.D. 2030-Mar-02 00:00:00.0000,  1.326721539485676E-03,  7.147258538138318E-03,  2.349827638799498E+00,  3.382064652686684E+02,  4.983514940198840E+00,  2.462565460880978E+06,  5.029865062136316E+01,  2.110716821547247E+02,  2.109933287077969E+02,  7.156753557235492E-03,  7.166248576332667E-03,  7.157249658842707E+00,
2462563.500000000, A.D. 2030-Mar-03 00:00:00.0000,  1.483464995062838E-03,  7.144325391998328E-03,  2.349808152995649E+00,  3.382051718654296E+02,  1.100381541786687E+01,  2.462565579503966E+06,  5.031778090936821E+01,  2.553639750510032E+02,  2.551995759160600E+02,  7.154939494279884E-03,  7.165553596561440E-03,  7.154528548236810E+00,
2462564.500000000, A.D. 2030-Mar-04 00:00:00.0000,  1.736398983119210E-03,  7.145778664162186E-03,  2.349810301260674E+00,  3.382042756386894E+02,  3.590492615850442E+02,  2.462565342473168E+06,  5.028331969264610E+01,  3.176376523591004E+02,  3.175033632731987E+02,  7.158208169548744E-03,  7.170637674935303E-03,  7.159431839434613E+00,
2462565.500000000, A.D. 2030-Mar-05 00:00:00.0000,  1.595890648783917E-03,  7.144579555128878E-03,  2.349832764623982E+00,  3.382042971763291E+02,  1.086945892358234E+01,  2.462565576639278E+06,  5.030659847840046E+01,  3.561445386310862E+02,  3.561322176051999E+02,  7.155999748209746E-03,  7.167419941290614E-03,  7.156118896700377E+00,
2462566.500000000, A.D. 2030-Mar-06 00:00:00.0000,  1.776537159888411E-03,  7.145196448358917E-03,  2.349791867204604E+00,  3.382033963704414E+02,  1.905824690434110E+01,  2.462565738917198E+06,  5.028643268384491E+01,  3.827213906158948E+01,  3.839845369651015E+01,  7.157912746340029E-03,  7.170629044321140E-03,  7.158988633442158E+00,
2462567.500000000, A.D. 2030-Mar-07 00:00:00.0000,  1.458566269982286E-03,  7.146407795382650E-03,  2.349788694304840E+00,  3.382030647256657E+02,  1.966737714633918E+01,  2.462565750572420E+06,  5.029767049567815E+01,  8.799213198720639E+01,  8.815917918481863E+01,  7.156846530331229E-03,  7.167285265279808E-03,  7.157389128606526E+00,
2462568.500000000, A.D. 2030-Mar-08 00:00:00.0000,  1.548384171233899E-03,  7.144361360965652E-03,  2.349836942446313E+00,  3.382017711955170E+02,  1.379394570835306E+01,  2.462565634545664E+06,  5.031249386924972E+01,  1.441681537015874E+02,  1.442718609396838E+02,  7.155440732133487E-03,  7.166520103301323E-03,  7.155280375000987E+00,
2462569.500000000, A.D. 2030-Mar-09 00:00:00.0000,  1.365213367771820E-03,  7.147086389240650E-03,  2.349829621235478E+00,  3.382017136201216E+02,  6.907805876849608E+00,  2.462572653550455E+06,  5.029755985065727E+01,  2.013841072328663E+02,  2.013271561220650E+02,  7.156857026123946E-03,  7.166627663007241E-03,  7.157404873494985E+00,
2462570.500000000, A.D. 2030-Mar-10 00:00:00.0000,  1.567779439491423E-03,  7.143632636630180E-03,  2.349809005295664E+00,  3.382006844872950E+02,  1.197198749536294E+01,  2.462572752963714E+06,  5.031872643324881E+01,  2.466337352156679E+02,  2.464689429932549E+02,  7.154849863138255E-03,  7.166067089646329E-03,  7.154394109667388E+00,
2462571.500000000, A.D. 2030-Mar-11 00:00:00.0000,  1.756185866826029E-03,  7.145587703904188E-03,  2.349809801504984E+00,  3.381994700458383E+02,  3.589762590061941E+02,  2.462572495399638E+06,  5.028384030608755E+01,  3.099474835922330E+02,  3.097929856141424E+02,  7.158158761153023E-03,  7.170729818401857E-03,  7.159357714299658E+00,
2462572.500000000, A.D. 2030-Mar-12 00:00:00.0000,  1.726921974991731E-03,  7.144123856884299E-03,  2.349832291955768E+00,  3.381994117274913E+02,  9.740723237913384E+00,  2.462572708566099E+06,  5.030150783573109E+01,  3.495088107450487E+02,  3.494727013187925E+02,  7.156482543852923E-03,  7.168841230821548E-03,  7.156843114437978E+00,
2462573.500000000, A.D. 2030-Mar-13 00:00:00.0000,  1.906690165179724E-03,  7.144455371633870E-03,  2.349784600159724E+00,  3.381984843156106E+02,  1.455981218761648E+01,  2.462572804060838E+06,  5.028442094094849E+01,  3.499489777515111E+01,  3.512044790744590E+01,  7.158103657478923E-03,  7.171751943323975E-03,  7.159275045103253E+00,
2462574.500000000, A.D. 2030-Mar-14 00:00:00.0000,  1.581589125760154E-03,  7.145643682865398E-03,  2.349771333528764E+00,  3.381977569709940E+02,  1.508408405723031E+01,  2.462572814031291E+06,  5.029644210378584E+01,  8.479822754140410E+01,  8.497874995659129E+01,  7.156963057811100E-03,  7.168282432756802E-03,  7.157563933789714E+00,
2462575.500000000, A.D. 2030-Mar-15 00:00:00.0000,  1.664933033170218E-03,  7.143209200564816E-03,  2.349814575821572E+00,  3.381963071820246E+02,  7.442675495054850E+00,  2.462572662995683E+06,  5.031585574281387E+01,  1.427462999449018E+02,  1.428616010502187E+02,  7.155121999538210E-03,  7.167034798511605E-03,  7.154802292146554E+00,
2462576.500000000, A.D. 2030-Mar-16 00:00:00.0000,  1.430555830265980E-03,  7.146668190394472E-03,  2.349809250647453E+00,  3.381962350362647E+02,  1.623107897428286E+00,  2.462579703043165E+06,  5.029703783814087E+01,  1.988964167280438E+02,  1.988434164479610E+02,  7.156906544778774E-03,  7.167144899163078E-03,  7.157479157291596E+00,
2462577.500000000, A.D. 2030-Mar-17 00:00:00.0000,  1.634012596923540E-03,  7.143275654658874E-03,  2.349785901026688E+00,  3.381953726946894E+02,  5.633057909630766E+00,  2.462579781499895E+06,  5.031749116941683E+01,  2.452006491568080E+02,  2.450308180854578E+02,  7.154966960803399E-03,  7.166658266947924E-03,  7.154569745695300E+00,
2462578.500000000, A.D. 2030-Mar-18 00:00:00.0000,  1.773404620793411E-03,  7.145533250278463E-03,  2.349781875739538E+00,  3.381938537649179E+02,  3.527931381836082E+02,  2.462579527121373E+06,  5.028311406898062E+01,  3.083531388307194E+02,  3.081935563648704E+02,  7.158227684330544E-03,  7.170922118382625E-03,  7.159461116631239E+00,
2462579.500000000, A.D. 2030-Mar-19 00:00:00.0000,  1.735027455844955E-03,  7.143951544020391E-03,  2.349804622574325E+00,  3.381937198358086E+02,  4.330225521411074E+00,  2.462579755578797E+06,  5.030271510745082E+01,  3.471436926017365E+02,  3.470993602023240E+02,  7.156368039052279E-03,  7.168784534084167E-03,  7.156671349270308E+00,
2462580.500000000, A.D. 2030-Mar-20 00:00:00.0000,  1.851441796263299E-03,  7.144264952299991E-03,  2.349793335311548E+00,  3.381932420824768E+02,  1.055537561892930E+01,  2.462579878934188E+06,  5.029060671835672E+01,  3.123377647191133E+01,  3.134400588143508E+01,  7.157516677834784E-03,  7.170768403369578E-03,  7.158394449605940E+00,
2462581.500000000, A.D. 2030-Mar-21 00:00:00.0000,  1.575107296236067E-03,  7.145876893724693E-03,  2.349783676429417E+00,  3.381929994724528E+02,  1.529140140840572E+01,  2.462579972414650E+06,  5.029446970365803E+01,  7.682909510326164E+01,  7.700491976318690E+01,  7.157150173182731E-03,  7.168423452640769E-03,  7.157844632246244E+00,
2462582.500000000, A.D. 2030-Mar-22 00:00:00.0000,  1.639561139728406E-03,  7.143306380449492E-03,  2.349819011796087E+00,  3.381915725131326E+02,  6.176783075577331E+00,  2.462579792152631E+06,  5.031674705553952E+01,  1.362500711152026E+02,  1.363798001478894E+02,  7.155037501890892E-03,  7.166768623332292E-03,  7.154675551713087E+00,
2462583.500000000, A.D. 2030-Mar-23 00:00:00.0000,  1.379483139158308E-03,  7.147067808686285E-03,  2.349822116758621E+00,  3.381914379794235E+02,  2.018194848079401E+00,  2.462586865277774E+06,  5.029667791786113E+01,  1.907377076947178E+02,  1.907083056476516E+02,  7.156940687692913E-03,  7.166813566699541E-03,  7.157530375821469E+00,
2462584.500000000, A.D. 2030-Mar-24 00:00:00.0000,  1.597710195303220E-03,  7.143643736502316E-03,  2.349796066701006E+00,  3.381906763561471E+02,  4.102448474172059E+00,  2.462586905385300E+06,  5.031634651321234E+01,  2.389697997451242E+02,  2.388130773123861E+02,  7.155075473534548E-03,  7.166507210566779E-03,  7.154732506372839E+00,
2462585.500000000, A.D. 2030-Mar-25 00:00:00.0000,  1.649721362937973E-03,  7.146782210612601E-03,  2.349786985617353E+00,  3.381878551622704E+02,  3.487067049510699E+02,  2.462586600449823E+06,  5.027927673072823E+01,  3.046701788163826E+02,  3.045145189102906E+02,  7.158591892586355E-03,  7.170401574560109E-03,  7.160007530100081E+00,
2462586.500000000, A.D. 2030-Mar-26 00:00:00.0000,  1.596018986383600E-03,  7.145197314515355E-03,  2.349839888139925E+00,  3.381868286192482E+02,  7.414693520455056E-01,  2.462586838828128E+06,  5.030006480989316E+01,  3.429569232168170E+02,  3.429032173640261E+02,  7.156619414979984E-03,  7.168041515444614E-03,  7.157048432454388E+00,
2462587.500000000, A.D. 2030-Mar-27 00:00:00.0000,  1.640178311428637E-03,  7.145380412057511E-03,  2.349854716327407E+00,  3.381864354949639E+02,  7.487489696466401E+00,  2.462586972550286E+06,  5.029479445707344E+01,  2.652797493541274E+01,  2.661207442158591E+01,  7.157119364010665E-03,  7.168858315963820E-03,  7.157798414053757E+00,
2462588.500000000, A.D. 2030-Mar-28 00:00:00.0000,  1.408479061556277E-03,  7.147146286465652E-03,  2.349842017658902E+00,  3.381862153113157E+02,  1.600674789964662E+01,  2.462587141108852E+06,  5.029365894374781E+01,  6.834360792978219E+01,  6.849371248194821E+01,  7.157227090962074E-03,  7.167307895458497E-03,  7.157960020420287E+00,
2462589.500000000, A.D. 2030-Mar-29 00:00:00.0000,  1.428248987231913E-03,  7.144798719167271E-03,  2.349869102807347E+00,  3.381848423643070E+02,  5.063954847793243E+00,  2.462586924447252E+06,  5.031695418402848E+01,  1.295939696131043E+02,  1.297199434086380E+02,  7.155017866188280E-03,  7.165237013209289E-03,  7.154646099669333E+00,
2462590.500000000, A.D. 2030-Mar-30 00:00:00.0000,  1.139253330086622E-03,  7.149011909212469E-03,  2.349877734341930E+00,  3.381846156048925E+02,  3.636247755063404E+00,  2.462594052170841E+06,  5.029430568032666E+01,  1.813460338732485E+02,  1.813429715681802E+02,  7.157165734109037E-03,  7.165319559005604E-03,  7.157867975913209E+00,
2462591.500000000, A.D. 2030-Mar-31 00:00:00.0000,  1.391515687947009E-03,  7.145117185608630E-03,  2.349861181067186E+00,  3.381842088505566E+02,  5.004186156652800E+00,  2.462594077816423E+06,  5.031636645797697E+01,  2.302936442010007E+02,  2.301711064276367E+02,  7.155073582747438E-03,  7.165029979886244E-03,  7.154729670328310E+00,
2462592.500000000, A.D. 2030-Apr-01 00:00:00.0000,  1.397762753919587E-03,  7.148022849762693E-03,  2.349841228437832E+00,  3.381823255782222E+02,  3.500888778314254E+02,  2.462593782349563E+06,  5.028521738405664E+01,  2.955167734568366E+02,  2.953721162087562E+02,  7.158028074797156E-03,  7.168033299831619E-03,  7.159161652826843E+00,
2462593.500000000, A.D. 2030-Apr-02 00:00:00.0000,  1.495781485154834E-03,  7.145931605681945E-03,  2.349858650562177E+00,  3.381820510667051E+02,  3.029859456380211E+00,  2.462594038653490E+06,  5.029988606019579E+01,  3.329057908225505E+02,  3.328275939271879E+02,  7.156636369859967E-03,  7.167341134037989E-03,  7.157073866314017E+00,
2462594.500000000, A.D. 2030-Apr-03 00:00:00.0000,  1.552614904940984E-03,  7.145850055546077E-03,  2.349883842671169E+00,  3.381816557692457E+02,  9.648755673722231E+00,  2.462594169876370E+06,  5.029645260615868E+01,  1.660404749881304E+01,  1.665498295375943E+01,  7.156962061516886E-03,  7.168074067487696E-03,  7.157562439222978E+00,
2462595.500000000, A.D. 2030-Apr-04 00:00:00.0000,  1.405090632197024E-03,  7.147363508405876E-03,  2.349867910989360E+00,  3.381814487244071E+02,  2.076969606275352E+01,  2.462594390130328E+06,  5.029162215542886E+01,  5.581714616596079E+01,  5.595047418986428E+01,  7.157420332666002E-03,  7.167477156926127E-03,  7.158249914616024E+00,
2462596.500000000, A.D. 2030-Apr-05 00:00:00.0000,  1.348936681775514E-03,  7.145291369133747E-03,  2.349888203981272E+00,  3.381801267226590E+02,  8.262209800634775E+00,  2.462594142304872E+06,  5.031774462296189E+01,  1.186339013395009E+02,  1.187694636264674E+02,  7.154942934113583E-03,  7.164594499093420E-03,  7.154533707691628E+00,
2462597.500000000, A.D. 2030-Apr-06 00:00:00.0000,  1.031866224600657E-03,  7.150084300831666E-03,  2.349904334811753E+00,  3.381797167717655E+02,  1.240717476338643E+01,  2.462594222889754E+06,  5.029110023607746E+01,  1.648094798693316E+02,  1.648404245439516E+02,  7.157469852225777E-03,  7.164855403619886E-03,  7.158324202693538E+00,
2462598.500000000, A.D. 2030-Apr-07 00:00:00.0000,  1.265226192827757E-03,  7.146388477519742E-03,  2.349877190331192E+00,  3.381792686955745E+02,  1.226692717144422E+01,  2.462601376865618E+06,  5.031248334663481E+01,  2.152577464820393E+02,  2.151741614957667E+02,  7.155441729817558E-03,  7.164494982115376E-03,  7.155281871493606E+00,
2462599.500000000, A.D. 2030-Apr-08 00:00:00.0000,  1.178122054220880E-03,  7.149345969240539E-03,  2.349841268834336E+00,  3.381769454256448E+02,  3.599776888592028E+02,  2.462601133573340E+06,  5.028784522381775E+01,  2.778511167298034E+02,  2.777173525672552E+02,  7.157778706193537E-03,  7.166211443146534E-03,  7.158787543943001E+00,
2462600.500000000, A.D. 2030-Apr-09 00:00:00.0000,  1.402321696119667E-03,  7.146605100561961E-03,  2.349854673232123E+00,  3.381765900022512E+02,  1.189097787926038E+01,  2.462601369347918E+06,  5.029983710373788E+01,  3.162719413374605E+02,  3.161607228372734E+02,  7.156641013526569E-03,  7.166676926491177E-03,  7.157080832240860E+00,
2462601.500000000, A.D. 2030-Apr-10 00:00:00.0000,  1.485847248677204E-03,  7.146102929773390E-03,  2.349891505050106E+00,  3.381761061703421E+02,  1.869158103849175E+01,  2.462601504159188E+06,  5.029882783486679E+01,  3.597907977068578E+02,  3.597901748662221E+02,  7.156736747378990E-03,  7.167370564984590E-03,  7.157224442324886E+00,
2462602.500000000, A.D. 2030-Apr-11 00:00:00.0000,  1.503715244931125E-03,  7.146999785191069E-03,  2.349868234201143E+00,  3.381758207019651E+02,  3.144861727074868E+01,  2.462601756956756E+06,  5.028801050510278E+01,  3.736616647402496E+01,  3.747090081471883E+01,  7.157763022567708E-03,  7.168526259944349E-03,  7.158764015201405E+00,
2462603.500000000, A.D. 2030-Apr-12 00:00:00.0000,  1.347234590357241E-03,  7.145425599708754E-03,  2.349881706874259E+00,  3.381745780307341E+02,  1.974295003643241E+01,  2.462601524930265E+06,  5.031645539976792E+01,  9.937850822993479E+01,  9.953078440852897E+01,  7.155065150976409E-03,  7.164704702244064E-03,  7.154717023283409E+00,
2462604.500000000, A.D. 2030-Apr-13 00:00:00.0000,  1.126119711695095E-03,  7.149199536741972E-03,  2.349905439501716E+00,  3.381739354611342E+02,  2.734847573042470E+01,  2.462601674746815E+06,  5.029331767975611E+01,  1.420913559540495E+02,  1.421705530328652E+02,  7.157259467710279E-03,  7.165319398678584E-03,  7.158008590570789E+00,
2462605.500000000, A.D. 2030-Apr-14 00:00:00.0000,  1.353425211756764E-03,  7.145418268772532E-03,  2.349905478873035E+00,  3.381738481395698E+02,  2.004714059466126E+01,  2.462608685616762E+06,  5.031606496852761E+01,  1.997123000112384E+02,  1.996600713846470E+02,  7.155102164434574E-03,  7.164786060096617E-03,  7.154772540841136E+00,
2462606.500000000, A.D. 2030-Apr-15 00:00:00.0000,  1.180890593546502E-03,  7.149119881893472E-03,  2.349868950699812E+00,  3.381720285550299E+02,  8.822837149292033E+00,  2.462608463750080E+06,  5.029002164276283E+01,  2.612429659666148E+02,  2.611092534931017E+02,  7.157572191567123E-03,  7.166024501240775E-03,  7.158477730577933E+00,
2462607.500000000, A.D. 2030-Apr-16 00:00:00.0000,  1.469391087071390E-03,  7.146339844051770E-03,  2.349877576953844E+00,  3.381716990516096E+02,  1.553108346727193E+01,  2.462608596109282E+06,  5.029756998725116E+01,  3.048683666772887E+02,  3.047300714113849E+02,  7.156856064564495E-03,  7.167372285077220E-03,  7.157403431045447E+00,
2462608.500000000, A.D. 2030-Apr-17 00:00:00.0000,  1.537026585528044E-03,  7.145495269812209E-03,  2.349930406979076E+00,  3.381710451470642E+02,  2.261547850797761E+01,  2.462608736494549E+06,  5.030137658342122E+01,  3.481039986219158E+02,  3.480676234719741E+02,  7.156494992875457E-03,  7.167494715938706E-03,  7.156861788920743E+00,
2462609.500000000, A.D. 2030-Apr-18 00:00:00.0000,  1.678880881998646E-03,  7.145982551740189E-03,  2.349899298283422E+00,  3.381706761337014E+02,  3.450209480468317E+01,  2.462608972013731E+06,  5.028551342365897E+01,  2.655006061095378E+01,  2.663621472494593E+01,  7.157999981061740E-03,  7.170017410383292E-03,  7.159119505591497E+00,
2462610.500000000, A.D. 2030-Apr-19 00:00:00.0000,  1.493400779576668E-03,  7.144805555828657E-03,  2.349908105237528E+00,  3.381686132161042E+02,  2.621390672445131E+01,  2.462608807738109E+06,  5.031195765825751E+01,  8.514100858894368E+01,  8.531155141194894E+01,  7.155491572521314E-03,  7.166177589213971E-03,  7.155356634009143E+00,
2462611.500000000, A.D. 2030-Apr-20 00:00:00.0000,  1.399034261693731E-03,  7.147359855745590E-03,  2.349969131502184E+00,  3.381668294853193E+02,  3.369837987837293E+01,  2.462608955566942E+06,  5.029211822870233E+01,  1.279649282015072E+02,  1.280911845849196E+02,  7.157373266168689E-03,  7.167386676591790E-03,  7.158179306803258E+00,
2462612.500000000, A.D. 2030-Apr-21 00:00:00.0000,  1.604568383001682E-03,  7.143513045484503E-03,  2.349987079273217E+00,  3.381667898886130E+02,  2.434517909034855E+01,  2.462615925443178E+06,  5.031720887049811E+01,  1.876412601635345E+02,  1.876168594527498E+02,  7.154993722191708E-03,  7.166474398898913E-03,  7.154609885586768E+00,
2462613.500000000, A.D. 2030-Apr-22 00:00:00.0000,  1.396337204409909E-03,  7.147273888357960E-03,  2.349944561549596E+00,  3.381651144055234E+02,  1.714508819732680E+01,  2.462615783611901E+06,  5.029322935153535E+01,  2.451497829249258E+02,  2.450046963114658E+02,  7.157267847735680E-03,  7.167261807113402E-03,  7.158021161928230E+00,
2462614.500000000, A.D. 2030-Apr-23 00:00:00.0000,  1.715000667805999E-03,  7.144861188036053E-03,  2.349948890949799E+00,  3.381647597053512E+02,  1.761615448479634E+01,  2.462615792127327E+06,  5.029462246765610E+01,  2.950129439080178E+02,  2.948346896189197E+02,  7.157135680507702E-03,  7.169410172979350E-03,  7.157822891135368E+00,
2462615.500000000, A.D. 2030-Apr-24 00:00:00.0000,  1.780898295471207E-03,  7.143768570482717E-03,  2.350011493428418E+00,  3.381638998293427E+02,  2.369075420440490E+01,  2.462615912400296E+06,  5.030118047637489E+01,  3.392557782922554E+02,  3.391833445108064E+02,  7.156513593342616E-03,  7.169258616202516E-03,  7.156889691069622E+00,
2462616.500000000, A.D. 2030-Apr-25 00:00:00.0000,  1.978705851920239E-03,  7.144004597758847E-03,  2.349982526332350E+00,  3.381636962859914E+02,  3.248177563502077E+01,  2.462616086478048E+06,  5.028373760684170E+01,  2.079342933441108E+01,  2.087410955113070E+01,  7.158168507674014E-03,  7.172332417589181E-03,  7.159372336534858E+00,
2462617.500000000, A.D. 2030-Apr-26 00:00:00.0000,  1.683899872372400E-03,  7.143007526172456E-03,  2.349986283907716E+00,  3.381628459132024E+02,  2.480798202621248E+01,  2.462615934402472E+06,  5.031655273075558E+01,  7.877547057592048E+01,  7.896481755168014E+01,  7.155055923929581E-03,  7.167104321686706E-03,  7.154703183391037E+00,
2462618.500000000, A.D. 2030-Apr-27 00:00:00.0000,  1.572107647517040E-03,  7.145857256435070E-03,  2.350014563256280E+00,  3.381616823975047E+02,  3.254786437350975E+01,  2.462616087218214E+06,  5.029490367933144E+01,  1.213506275070412E+02,  1.215043184079814E+02,  7.157109002231592E-03,  7.168360748028115E-03,  7.157782869916123E+00,
2462619.500000000, A.D. 2030-Apr-28 00:00:00.0000,  1.696868427181718E-03,  7.142952133171878E-03,  2.350030767083031E+00,  3.381616533598462E+02,  2.352639748333681E+01,  2.462623063502572E+06,  5.031615757426283E+01,  1.806982430929754E+02,  1.806958785138386E+02,  7.155093385230813E-03,  7.167234637289747E-03,  7.154759372646197E+00,
2462620.500000000, A.D. 2030-Apr-29 00:00:00.0000,  1.490121097746263E-03,  7.146391232412550E-03,  2.349984491095557E+00,  3.381601732159324E+02,  1.901683165887441E+01,  2.462622975080772E+06,  5.029546118738406E+01,  2.355146710749436E+02,  2.353740708279413E+02,  7.157056112723876E-03,  7.167720993035201E-03,  7.157703528331521E+00,
2462621.500000000, A.D. 2030-Apr-30 00:00:00.0000,  1.805751852385172E-03,  7.144398269154776E-03,  2.349985639568113E+00,  3.381596979438829E+02,  1.627387028690980E+01,  2.462622919836613E+06,  5.029265206417045E+01,  2.885926512211335E+02,  2.883963859428764E+02,  7.157322617729860E-03,  7.170246966304943E-03,  7.158103325723633E+00,
2462622.500000000, A.D. 2030-May-01 00:00:00.0000,  1.888022517320177E-03,  7.143119089051995E-03,  2.350057492505201E+00,  3.381585456460619E+02,  2.184893889369673E+01,  2.462623030146441E+06,  5.029994299460257E+01,  3.333336642337554E+02,  3.332363618526694E+02,  7.156630969470505E-03,  7.170142849889016E-03,  7.157065765236150E+00,
2462623.500000000, A.D. 2030-May-02 00:00:00.0000,  2.152178386402860E-03,  7.143266756068400E-03,  2.350010825203189E+00,  3.381581883105291E+02,  2.746602612668539E+01,  2.462623141318736E+06,  5.027841698933310E+01,  1.803392615085437E+01,  1.811047101158953E+01,  7.158673498447073E-03,  7.174080240825748E-03,  7.160129963446867E+00,
2462624.500000000, A.D. 2030-May-03 00:00:00.0000,  1.791354073950492E-03,  7.142184631536577E-03,  2.350004413850646E+00,  3.381571247788223E+02,  1.912988938076411E+01,  2.462622976126438E+06,  5.031712394395268E+01,  7.667693486941349E+01,  7.687678693448358E+01,  7.155001773111963E-03,  7.167818914687349E-03,  7.154621961322698E+00,
2462625.500000000, A.D. 2030-May-04 00:00:00.0000,  1.688696486751820E-03,  7.144780846225986E-03,  2.350030798945325E+00,  3.381556687845455E+02,  2.568403750208409E+01,  2.462623105459741E+06,  5.029745869544809E+01,  1.204392897597194E+02,  1.206059494326406E+02,  7.156866621746278E-03,  7.168952397266570E-03,  7.157419268035105E+00,
2462626.500000000, A.D. 2030-May-05 00:00:00.0000,  1.760458065518065E-03,  7.142567848790978E-03,  2.350047956818070E+00,  3.381556009786303E+02,  1.696586929659842E+01,  2.462622932746314E+06,  5.031541044459360E+01,  1.794878333768472E+02,  1.794896326888508E+02,  7.155164215343989E-03,  7.167760581897000E-03,  7.154865613119172E+00,
2462627.500000000, A.D. 2030-May-06 00:00:00.0000,  1.554013151718530E-03,  7.145877378645928E-03,  2.349996726445582E+00,  3.381542675918261E+02,  1.343325545756362E+01,  2.462630018580338E+06,  5.029605848118376E+01,  2.333253360078820E+02,  2.331826769983174E+02,  7.156999449917943E-03,  7.168121521189957E-03,  7.157618526602426E+00,
2462628.500000000, A.D. 2030-May-07 00:00:00.0000,  1.839190952921644E-03,  7.144506864535357E-03,  2.349993181683003E+00,  3.381536294457350E+02,  9.018820290569062E+00,  2.462629930313017E+06,  5.028897831168581E+01,  2.880710196995022E+02,  2.878705173702909E+02,  7.157671188629471E-03,  7.170835512723584E-03,  7.158626245471877E+00,
2462629.500000000, A.D. 2030-May-08 00:00:00.0000,  1.860519717891087E-03,  7.142926427928809E-03,  2.350070437930115E+00,  3.381521777083962E+02,  1.682836884065771E+01,  2.462630084883668E+06,  5.030405717324042E+01,  3.305779785198126E+02,  3.304730340185868E+02,  7.156240754959386E-03,  7.169555081989964E-03,  7.156480415887894E+00,
2462630.500000000, A.D. 2030-May-09 00:00:00.0000,  2.141617864544974E-03,  7.142986554400078E-03,  2.350047066643167E+00,  3.381521091855466E+02,  2.348463789760207E+01,  2.462630216636554E+06,  5.028217368133181E+01,  1.424812999644217E+01,  1.430868814124958E+01,  7.158316933825634E-03,  7.173647313251191E-03,  7.159595014359069E+00,
2462631.500000000, A.D. 2030-May-10 00:00:00.0000,  1.770303097279872E-03,  7.142332341141745E-03,  2.350050405357979E+00,  3.381517960449794E+02,  1.799826642272774E+01,  2.462630107879225E+06,  5.031715469680855E+01,  7.004755638203355E+01,  7.023838537644929E+01,  7.154998857780707E-03,  7.167665374419668E-03,  7.154617588558392E+00,
2462632.500000000, A.D. 2030-May-11 00:00:00.0000,  1.716322357689287E-03,  7.144548785775718E-03,  2.350071008718535E+00,  3.381502418582794E+02,  2.486078353540731E+01,  2.462630243465987E+06,  5.029782138609741E+01,  1.134987447542124E+02,  1.136789557684022E+02,  7.156832216919851E-03,  7.169115648063983E-03,  7.157367656872430E+00,
2462633.500000000, A.D. 2030-May-12 00:00:00.0000,  1.735770469503391E-03,  7.142855188291215E-03,  2.350093649255932E+00,  3.381500935398072E+02,  1.583485771759686E+01,  2.462630064459239E+06,  5.031424081192858E+01,  1.728566251517973E+02,  1.728813063346634E+02,  7.155275103517072E-03,  7.167695018742928E-03,  7.155031939081760E+00,
2462634.500000000, A.D. 2030-May-13 00:00:00.0000,  1.542026452493082E-03,  7.145847162122711E-03,  2.350039982012494E+00,  3.381489119314295E+02,  1.345307306695763E+01,  2.462637173244863E+06,  5.029728324167527E+01,  2.255430459650134E+02,  2.254170894540976E+02,  7.156883265435417E-03,  7.167919368748122E-03,  7.157444235511144E+00,
2462635.500000000, A.D. 2030-May-14 00:00:00.0000,  1.753531472480975E-03,  7.145747024903404E-03,  2.350030100419323E+00,  3.381471663170552E+02,  4.941032255602503E+00,  2.462637003895353E+06,  5.028235918415258E+01,  2.843805936812562E+02,  2.841858441160268E+02,  7.158299328064604E-03,  7.170851631225804E-03,  7.159568601018638E+00,
2462636.500000000, A.D. 2030-May-15 00:00:00.0000,  1.703984078752854E-03,  7.144022198320628E-03,  2.350139663902996E+00,  3.381445027169455E+02,  1.472696025549035E+01,  2.462637197675810E+06,  5.030431527312182E+01,  3.249038961118857E+02,  3.247914342850495E+02,  7.156216276920614E-03,  7.168410355520600E-03,  7.156443697631487E+00,
2462637.500000000, A.D. 2030-May-16 00:00:00.0000,  1.987439865889338E-03,  7.143950572844848E-03,  2.350132568336014E+00,  3.381444340928572E+02,  2.117176004870326E+01,  2.462637325272758E+06,  5.028364792083363E+01,  8.785923100846279E+00,  8.820794990283659E+00,  7.158177019219937E-03,  7.172403465595027E-03,  7.159385106004691E+00,
2462638.500000000, A.D. 2030-May-17 00:00:00.0000,  1.584670350701265E-03,  7.143589762301839E-03,  2.350138957459732E+00,  3.381443494280998E+02,  1.773543767908692E+01,  2.462637257085287E+06,  5.031790253590492E+01,  6.254086137121632E+01,  6.270214038237206E+01,  7.154927964508598E-03,  7.166266166715358E-03,  7.154511254580173E+00,
2462639.500000000, A.D. 2030-May-18 00:00:00.0000,  1.573408031498319E-03,  7.145542717984743E-03,  2.350152903021452E+00,  3.381426821390804E+02,  2.581691450878851E+01,  2.462637416979004E+06,  5.029812633535237E+01,  1.047720532349612E+02,  1.049463055858302E+02,  7.156803289760707E-03,  7.168063861536670E-03,  7.157324262931274E+00,
2462640.500000000, A.D. 2030-May-19 00:00:00.0000,  1.519477542832383E-03,  7.144734692514994E-03,  2.350176624428190E+00,  3.381424517646821E+02,  1.693909313339719E+01,  2.462637240645933E+06,  5.031073525117513E+01,  1.639804995390703E+02,  1.640284627121067E+02,  7.155607477382201E-03,  7.166480262249408E-03,  7.155530488725888E+00,
2462641.500000000, A.D. 2030-May-20 00:00:00.0000,  1.378625087193554E-03,  7.146826876947432E-03,  2.350132529092241E+00,  3.381416311242586E+02,  1.685346510034923E+01,  2.462644395325208E+06,  5.029928614811704E+01,  2.143672088990348E+02,  2.142781574219414E+02,  7.156693273836093E-03,  7.166559670724754E-03,  7.157159227665831E+00,
2462642.500000000, A.D. 2030-May-21 00:00:00.0000,  1.566492093798453E-03,  7.146819840888458E-03,  2.350116228507896E+00,  3.381407542349094E+02,  6.524083785679093E+00,  2.462644189854986E+06,  5.028516714179095E+01,  2.750253595694589E+02,  2.748465124317909E+02,  7.158032842743766E-03,  7.169245844599074E-03,  7.159168805880562E+00,
2462643.500000000, A.D. 2030-May-22 00:00:00.0000,  1.619231698543141E-03,  7.144294567503957E-03,  2.350187828628803E+00,  3.381387942355791E+02,  1.818866789500841E+01,  2.462644420751371E+06,  5.030784439801823E+01,  3.136789832741342E+02,  3.135446017908270E+02,  7.155881597818165E-03,  7.167468628132372E-03,  7.155941668893717E+00,
2462644.500000000, A.D. 2030-May-23 00:00:00.0000,  1.979338676819166E-03,  7.144080286249324E-03,  2.350179162256937E+00,  3.381387110435237E+02,  2.199238812798021E+01,  2.462644495992103E+06,  5.028289068168824E+01,  2.015286352555696E-01,  2.023283990004137E-01,  7.158248885125951E-03,  7.172417484002578E-03,  7.159492923327554E+00,
2462645.500000000, A.D. 2030-May-24 00:00:00.0000,  1.560928709383582E-03,  7.143864003645975E-03,  2.350189548444594E+00,  3.381388014564901E+02,  2.139290121431266E+01,  2.462644484020185E+06,  5.031679982565893E+01,  5.112085296088301E+01,  5.126026820033638E+01,  7.155032499290691E-03,  7.166200994935408E-03,  7.154668048193694E+00,
2462646.500000000, A.D. 2030-May-25 00:00:00.0000,  1.590958311406490E-03,  7.145301873414079E-03,  2.350196847446744E+00,  3.381370177604537E+02,  2.841230553086750E+01,  2.462644622974991E+06,  5.029934316563537E+01,  9.441312504804556E+01,  9.459486680257966E+01,  7.156687865455767E-03,  7.168073857497455E-03,  7.157151114568685E+00,
2462647.500000000, A.D. 2030-May-26 00:00:00.0000,  1.445556115794351E-03,  7.145667214902540E-03,  2.350223462282876E+00,  3.381366365720937E+02,  2.187192937368527E+01,  2.462644492754169E+06,  5.030647317187460E+01,  1.512839317297897E+02,  1.513633948309937E+02,  7.156011631280833E-03,  7.166356047659125E-03,  7.156136721611190E+00,
2462648.500000000, A.D. 2030-May-27 00:00:00.0000,  1.339354191690004E-03,  7.147263594686295E-03,  2.350172335737954E+00,  3.381358638391047E+02,  2.549706844657160E+01,  2.462651721814773E+06,  5.029764287322080E+01,  1.979503111598614E+02,  1.979030854697010E+02,  7.156849150595436E-03,  7.166434706504578E-03,  7.157393059301179E+00,
2462649.500000000, A.D. 2030-May-28 00:00:00.0000,  1.441969834079445E-03,  7.147769766053781E-03,  2.350139609632617E+00,  3.381344781214672E+02,  1.433081022877145E+01,  2.462651499791804E+06,  5.028454885680634E+01,  2.594413713048837E+02,  2.592789854016218E+02,  7.158091518092453E-03,  7.168413270131124E-03,  7.159256833051446E+00,
2462650.500000000, A.D. 2030-May-29 00:00:00.0000,  1.597571261989598E-03,  7.144154756434636E-03,  2.350201947893392E+00,  3.381323325324506E+02,  2.732374334041234E+01,  2.462651756769729E+06,  5.031095843433166E+01,  2.967707104121235E+02,  2.966071172551524E+02,  7.155586315494956E-03,  7.167017874555276E-03,  7.155498746260017E+00,
2462651.500000000, A.D. 2030-May-30 00:00:00.0000,  2.004534845076620E-03,  7.143869625520158E-03,  2.350197746744339E+00,  3.381321608831933E+02,  2.727777985631983E+01,  2.462651755666092E+06,  5.028321058973290E+01,  3.471442880564331E+02,  3.470930548371624E+02,  7.158218523980148E-03,  7.172567422440137E-03,  7.159447373742414E+00,
2462652.500000000, A.D. 2030-May-31 00:00:00.0000,  1.633388770273087E-03,  7.143617995687286E-03,  2.350208213502807E+00,  3.381322829344014E+02,  3.098066688519507E+01,  2.462651828965424E+06,  5.031392135004991E+01,  3.376238088366632E+01,  3.386657881223671E+01,  7.155305391161083E-03,  7.166992786634879E-03,  7.155077369051913E+00,
2462653.500000000, A.D. 2030-Jun-01 00:00:00.0000,  1.726440143047391E-03,  7.144396406927340E-03,  2.350207621290638E+00,  3.381304121246244E+02,  3.580802431954052E+01,  2.462651924579358E+06,  5.029866586718776E+01,  7.924155648594800E+01,  7.943599253204057E+01,  7.156752111065723E-03,  7.169107815204107E-03,  7.157247489437792E+00,
2462654.500000000, A.D. 2030-Jun-02 00:00:00.0000,  1.545345494421351E-03,  7.144951360950769E-03,  2.350236379472063E+00,  3.381298607420225E+02,  3.079002318035306E+01,  2.462651824601376E+06,  5.030649175967350E+01,  1.345899188256008E+02,  1.347158579046627E+02,  7.156009868559182E-03,  7.167068376167594E-03,  7.156134077482657E+00,
2462655.500000000, A.D. 2030-Jun-03 00:00:00.0000,  1.525168548622240E-03,  7.145300239009474E-03,  2.350215981141514E+00,  3.381294603930025E+02,  3.203056303386874E+01,  2.462659005662341E+06,  5.030433218985285E+01,  1.836499970651688E+02,  1.836388920028689E+02,  7.156214672555244E-03,  7.167129106101014E-03,  7.156441291007089E+00,
2462656.500000000, A.D. 2030-Jun-04 00:00:00.0000,  1.492180962541787E-03,  7.147459914568688E-03,  2.350185146042560E+00,  3.381285298100694E+02,  1.885767538341454E+01,  2.462658744228747E+06,  5.028402580716846E+01,  2.471511437760437E+02,  2.469936839617855E+02,  7.158141156529650E-03,  7.168822398490611E-03,  7.159331302957820E+00,
2462657.500000000, A.D. 2030-Jun-05 00:00:00.0000,  1.709543305617506E-03,  7.143304431512744E-03,  2.350234511024528E+00,  3.381264549725526E+02,  3.021584847247468E+01,  2.462658968548676E+06,  5.031147715162468E+01,  2.861151468085133E+02,  2.859268339224777E+02,  7.155537132115048E-03,  7.167769832717353E-03,  7.155424972219778E+00,
2462658.500000000, A.D. 2030-Jun-06 00:00:00.0000,  2.103323413455358E-03,  7.143117701552109E-03,  2.350241818036103E+00,  3.381261026267612E+02,  2.790706302595828E+01,  2.462658922589950E+06,  5.028368336109857E+01,  3.387506207762563E+02,  3.386630527454316E+02,  7.158173655799932E-03,  7.173229610047755E-03,  7.159380060023806E+00,
2462659.500000000, A.D. 2030-Jun-07 00:00:00.0000,  1.787840733217020E-03,  7.142708907288493E-03,  2.350252467971283E+00,  3.381262154503728E+02,  3.407853765416469E+01,  2.462659044776101E+06,  5.031184973922102E+01,  2.290315641955410E+01,  2.298305164115822E+01,  7.155501804881868E-03,  7.168294702475244E-03,  7.155371982266020E+00,
2462660.500000000, A.D. 2030-Jun-08 00:00:00.0000,  1.942709728082131E-03,  7.143145230162778E-03,  2.350242922851887E+00,  3.381235015479781E+02,  3.768175610991528E+01,  2.462659116163827E+06,  5.029553300670277E+01,  6.960077793894523E+01,  6.980961125859008E+01,  7.157049299461205E-03,  7.170953368759633E-03,  7.157693307515474E+00,
2462661.500000000, A.D. 2030-Jun-09 00:00:00.0000,  1.790381981348335E-03,  7.143540195571853E-03,  2.350304235411450E+00,  3.381217952016075E+02,  3.443780367410498E+01,  2.462659051489998E+06,  5.030287577560359E+01,  1.231670944786349E+02,  1.233386214851310E+02,  7.156352800678360E-03,  7.169165405784867E-03,  7.156648490752819E+00,
2462662.500000000, A.D. 2030-Jun-10 00:00:00.0000,  1.852870879050247E-03,  7.142574967186211E-03,  2.350309324689635E+00,  3.381214589858919E+02,  3.377044457987768E+01,  2.462659038620987E+06,  5.030834841589336E+01,  1.741362613920327E+02,  1.741579031142224E+02,  7.155833803255586E-03,  7.169092639324960E-03,  7.155869976567729E+00,
2462663.500000000, A.D. 2030-Jun-11 00:00:00.0000,  1.721092780820448E-03,  7.145772180679686E-03,  2.350271524842387E+00,  3.381205510697783E+02,  2.244144625122642E+01,  2.462665970029663E+06,  5.028454461115761E+01,  2.357956832244597E+02,  2.356327697626335E+02,  7.158091921009384E-03,  7.170411661339082E-03,  7.159257437525241E+00,
2462664.500000000, A.D. 2030-Jun-12 00:00:00.0000,  1.993920578733000E-03,  7.141293727207650E-03,  2.350307638088462E+00,  3.381185788238411E+02,  3.048387640570717E+01,  2.462666128326777E+06,  5.031122175287847E+01,  2.780768904396818E+02,  2.778505918069773E+02,  7.155561348232276E-03,  7.169828969256903E-03,  7.155461295856985E+00,
2462665.500000000, A.D. 2030-Jun-13 00:00:00.0000,  2.371591231611523E-03,  7.141380871594898E-03,  2.350322905781375E+00,  3.381179934216245E+02,  2.635535586609808E+01,  2.462666046353313E+06,  5.028174552707734E+01,  3.325284017630684E+02,  3.324027039900685E+02,  7.158357569639796E-03,  7.175334267684694E-03,  7.159655979049804E+00,
2462666.500000000, A.D. 2030-Jun-14 00:00:00.0000,  2.085074300603865E-03,  7.140812907950145E-03,  2.350340139551518E+00,  3.381182225550736E+02,  3.269322511077921E+01,  2.462666171770286E+06,  5.030940995439537E+01,  1.651304322937401E+01,  1.658112580478637E+01,  7.155733143229071E-03,  7.170653378507997E-03,  7.155718986295683E+00,
2462667.500000000, A.D. 2030-Jun-15 00:00:00.0000,  2.162890155848839E-03,  7.141018534496330E-03,  2.350325503247466E+00,  3.381165299398869E+02,  3.381348556883638E+01,  2.462666193962497E+06,  5.030135276561744E+01,  6.569545315822491E+01,  6.592158645008709E+01,  7.156497251952939E-03,  7.171975969409549E-03,  7.156865177710913E+00,
2462668.500000000, A.D. 2030-Jun-16 00:00:00.0000,  1.941594053696592E-03,  7.142356494801869E-03,  2.350350694800609E+00,  3.381156392081056E+02,  3.279192518369068E+01,  2.462666173170266E+06,  5.030394884036514E+01,  1.170487238983033E+02,  1.172466593702133E+02,  7.156251029247016E-03,  7.170145563692163E-03,  7.156495827840995E+00,
2462669.500000000, A.D. 2030-Jun-17 00:00:00.0000,  2.003765179467693E-03,  7.141298753732849E-03,  2.350358233998822E+00,  3.381153479350739E+02,  3.180598014040523E+01,  2.462666154000129E+06,  5.031042421172884E+01,  1.683386729493257E+02,  1.683849705101914E+02,  7.155636969930108E-03,  7.169975186127365E-03,  7.155574727117356E+00,
2462670.500000000, A.D. 2030-Jun-18 00:00:00.0000,  1.797039969200071E-03,  7.145284533642685E-03,  2.350313585427386E+00,  3.381144900529069E+02,  2.203708035368027E+01,  2.462673116423075E+06,  5.028395357338389E+01,  2.284359035593781E+02,  2.282820566178110E+02,  7.158148011725204E-03,  7.171011489807723E-03,  7.159341587463278E+00,
2462671.500000000, A.D. 2030-Jun-19 00:00:00.0000,  2.112662860643704E-03,  7.140421641772561E-03,  2.350337783943805E+00,  3.381126382953782E+02,  2.880754846484165E+01,  2.462673249292288E+06,  5.031145868539724E+01,  2.719905532959567E+02,  2.717485845759000E+02,  7.155538883018606E-03,  7.170656124264652E-03,  7.155427598534107E+00,
2462672.500000000, A.D. 2030-Jun-20 00:00:00.0000,  2.485504389416991E-03,  7.140778054041772E-03,  2.350363427747545E+00,  3.381116849827844E+02,  2.315484626847721E+01,  2.462673137154255E+06,  5.027949986812141E+01,  3.279642027203010E+02,  3.278127226464833E+02,  7.158570712970814E-03,  7.176363371899855E-03,  7.159975754417755E+00,
2462673.500000000, A.D. 2030-Jun-21 00:00:00.0000,  2.263894654582694E-03,  7.140142621961994E-03,  2.350366637386428E+00,  3.381117363902583E+02,  2.846439445750158E+01,  2.462673242181788E+06,  5.030297035440099E+01,  1.296902185610703E+01,  1.302740367702563E+01,  7.156343830506234E-03,  7.172545039050474E-03,  7.156635034942896E+00,
2462674.500000000, A.D. 2030-Jun-22 00:00:00.0000,  2.274265110036633E-03,  7.140020708990361E-03,  2.350337469306125E+00,  3.381097602424950E+02,  2.718738903611779E+01,  2.462673216915502E+06,  5.030347442364336E+01,  6.454360823215166E+01,  6.477920494089209E+01,  7.156296023353367E-03,  7.172571337716373E-03,  7.156563321415324E+00,
2462675.500000000, A.D. 2030-Jun-23 00:00:00.0000,  2.036107222370217E-03,  7.141648952354794E-03,  2.350358650634799E+00,  3.381086439979889E+02,  2.677734600952569E+01,  2.462673208175507E+06,  5.030427830291514E+01,  1.152885771071962E+02,  1.154993085585340E+02,  7.156219783140115E-03,  7.170790613925435E-03,  7.156448957128521E+00,
2462676.500000000, A.D. 2030-Jun-24 00:00:00.0000,  2.104235711226667E-03,  7.140341863558453E-03,  2.350373831952008E+00,  3.381083086749788E+02,  2.504201575737429E+01,  2.462673174185606E+06,  5.031293920565703E+01,  1.673314974079179E+02,  1.673842437037250E+02,  7.155398508628366E-03,  7.170455153698280E-03,  7.155217041256113E+00,
2462677.500000000, A.D. 2030-Jun-25 00:00:00.0000,  1.831407220813704E-03,  7.145216924223154E-03,  2.350319180358507E+00,  3.381074582554736E+02,  1.590069053410381E+01,  2.462680149082665E+06,  5.028207040668777E+01,  2.267986389295934E+02,  2.266458977735254E+02,  7.158326735495484E-03,  7.171436546767812E-03,  7.159609719493933E+00,
2462678.500000000, A.D. 2030-Jun-26 00:00:00.0000,  2.142670283053939E-03,  7.140410862537634E-03,  2.350331829525944E+00,  3.381057537247792E+02,  2.225169402610147E+01,  2.462680273626647E+06,  5.030930325317284E+01,  2.707700791479469E+02,  2.705245613099116E+02,  7.155743260976091E-03,  7.171075659414550E-03,  7.155734162891553E+00,
2462679.500000000, A.D. 2030-Jun-27 00:00:00.0000,  2.466150431537687E-03,  7.140681298972934E-03,  2.350365177247811E+00,  3.381043804188749E+02,  1.745228242089335E+01,  2.462680178397358E+06,  5.028198512499371E+01,  3.258888341161341E+02,  3.257299466362167E+02,  7.158334829501804E-03,  7.175988360030672E-03,  7.159621862682874E+00,
2462680.500000000, A.D. 2030-Jun-28 00:00:00.0000,  2.260586578582284E-03,  7.139896515609502E-03,  2.350389509348936E+00,  3.381045921449683E+02,  2.489952905233999E+01,  2.462680325723499E+06,  5.030582141833811E+01,  8.767122567860184E+00,  8.806716309600031E+00,  7.156073439181464E-03,  7.172250362753425E-03,  7.156229435282977E+00,
2462681.500000000, A.D. 2030-Jun-29 00:00:00.0000,  2.265860247163876E-03,  7.139844536292538E-03,  2.350371045599577E+00,  3.381034182210358E+02,  2.429660678017424E+01,  2.462680313815776E+06,  5.030597192230621E+01,  5.967215026466897E+01,  5.989658627783970E+01,  7.156059166283773E-03,  7.172273796275008E-03,  7.156208025480412E+00,
2462682.500000000, A.D. 2030-Jun-30 00:00:00.0000,  2.044329659694316E-03,  7.141785567187395E-03,  2.350385011643119E+00,  3.381023102980567E+02,  2.587961551128009E+01,  2.462680344569006E+06,  5.030221322566541E+01,  1.084229494873360E+02,  1.086450264111340E+02,  7.156415639937220E-03,  7.171045712687044E-03,  7.156742753742676E+00,
2462683.500000000, A.D. 2030-Jul-01 00:00:00.0000,  2.133322136208488E-03,  7.139959465567860E-03,  2.350411528949882E+00,  3.381018572955367E+02,  2.293883295308054E+01,  2.462680286782769E+06,  5.031478128371963E+01,  1.616723221850700E+02,  1.617489989727906E+02,  7.155223863024376E-03,  7.170488260480893E-03,  7.154955081092348E+00,
2462684.500000000, A.D. 2030-Jul-02 00:00:00.0000,  1.792385640421605E-03,  7.145588450261801E-03,  2.350349217689006E+00,  3.381010615202298E+02,  1.484691025157078E+01,  2.462687282583682E+06,  5.028109725411356E+01,  2.200886392425928E+02,  2.199565988461395E+02,  7.158419097860924E-03,  7.171249745460049E-03,  7.159748288320179E+00,
2462685.500000000, A.D. 2030-Jul-03 00:00:00.0000,  2.084629856188469E-03,  7.141322513193082E-03,  2.350349498983577E+00,  3.380987278935395E+02,  1.898792578682878E+01,  2.462687363339585E+06,  5.030405853236538E+01,  2.662664564597080E+02,  2.660281235874308E+02,  7.156240626060238E-03,  7.171158738927394E-03,  7.156480222532696E+00,
2462686.500000000, A.D. 2030-Jul-04 00:00:00.0000,  2.312456101747311E-03,  7.141869133996618E-03,  2.350418455375549E+00,  3.380958743585697E+02,  1.398979912963132E+01,  2.462687264208158E+06,  5.028105959480055E+01,  3.215748040387791E+02,  3.214097425296375E+02,  7.158422672183795E-03,  7.174976210370972E-03,  7.159753650800686E+00,
2462687.500000000, A.D. 2030-Jul-05 00:00:00.0000,  2.125749789116957E-03,  7.140878667806486E-03,  2.350456272208284E+00,  3.380959862018797E+02,  2.307881486188983E+01,  2.462687444069250E+06,  5.030563913269739E+01,  2.813632101820027E+00,  2.825621265852327E+00,  7.156090726158517E-03,  7.171302784510548E-03,  7.156255366329479E+00,
2462688.500000000, A.D. 2030-Jul-06 00:00:00.0000,  2.085864203349963E-03,  7.140814735025492E-03,  2.350441118357994E+00,  3.380951045312515E+02,  2.231378266886793E+01,  2.462687428947901E+06,  5.030933091204182E+01,  5.388391447305134E+01,  5.407729944707437E+01,  7.155740638271318E-03,  7.170666541517144E-03,  7.155730228839754E+00,
2462689.500000000, A.D. 2030-Jul-07 00:00:00.0000,  1.889030494684261E-03,  7.143085153096744E-03,  2.350448154500644E+00,  3.380939317139936E+02,  2.657266482601275E+01,  2.462687512746111E+06,  5.030022525248617E+01,  9.995931821573758E+01,  1.001724356551094E+02,  7.156604196662626E-03,  7.170123240228508E-03,  7.157025603622050E+00,
2462690.500000000, A.D. 2030-Jul-08 00:00:00.0000,  1.971716642187143E-03,  7.141166638007902E-03,  2.350480412470667E+00,  3.380933458342118E+02,  2.276328404553661E+01,  2.462687437721391E+06,  5.031424388216149E+01,  1.540762327732780E+02,  1.541747904463791E+02,  7.155274812435003E-03,  7.169382986862103E-03,  7.155031502473499E+00,
2462691.500000000, A.D. 2030-Jul-09 00:00:00.0000,  1.592257241640121E-03,  7.147080755085297E-03,  2.350419898956723E+00,  3.380927846487278E+02,  1.681958899390842E+01,  2.462694476526692E+06,  5.028046723408555E+01,  2.103388471894887E+02,  2.102468427651909E+02,  7.158478894944901E-03,  7.169877034804504E-03,  7.159838000788365E+00,
2462692.500000000, A.D. 2030-Jul-10 00:00:00.0000,  1.957773764819819E-03,  7.141927420281124E-03,  2.350415470373681E+00,  3.380915916958412E+02,  2.054473342015239E+01,  2.462694548682569E+06,  5.030725883314681E+01,  2.569363957640083E+02,  2.567179788543082E+02,  7.155937126249596E-03,  7.169946832218068E-03,  7.156024962401659E+00,
2462693.500000000, A.D. 2030-Jul-11 00:00:00.0000,  2.202068827552978E-03,  7.142302500911280E-03,  2.350451047979265E+00,  3.380893366665760E+02,  1.475485833807486E+01,  2.462694433785392E+06,  5.028482773001106E+01,  3.130447624053111E+02,  3.128600014256966E+02,  7.158065052829714E-03,  7.173827604748148E-03,  7.159217128731344E+00,
2462694.500000000, A.D. 2030-Jul-12 00:00:00.0000,  2.144661985989152E-03,  7.140981428990673E-03,  2.350476574037235E+00,  3.380894241725744E+02,  2.405441235991337E+01,  2.462694617778421E+06,  5.030312317570414E+01,  3.540753775902022E+02,  3.540499424131464E+02,  7.156329336477836E-03,  7.171677243965000E-03,  7.156613293026625E+00,
2462695.500000000, A.D. 2030-Jul-13 00:00:00.0000,  2.058458085404767E-03,  7.140865951855557E-03,  2.350467219385751E+00,  3.380888088948816E+02,  2.292003798824100E+01,  2.462694595348527E+06,  5.031086214846061E+01,  4.551379557609538E+01,  4.568238197035063E+01,  7.155595445155524E-03,  7.170324938455493E-03,  7.155512440587646E+00,
2462696.500000000, A.D. 2030-Jul-14 00:00:00.0000,  1.901578106964403E-03,  7.143112573449126E-03,  2.350467584818448E+00,  3.380875373583747E+02,  2.878632365447545E+01,  2.462694711067132E+06,  5.029898711572805E+01,  8.998151129329079E+01,  9.019941572367664E+01,  7.156721638634793E-03,  7.170330703820459E-03,  7.157201777676178E+00,
2462697.500000000, A.D. 2030-Jul-15 00:00:00.0000,  1.947753614254870E-03,  7.141438753016961E-03,  2.350506260883807E+00,  3.380867353689064E+02,  2.450472357804167E+01,  2.462694626568702E+06,  5.031318017640469E+01,  1.445714666347282E+02,  1.447005942299104E+02,  7.155375661823630E-03,  7.169312570630299E-03,  7.155182771945486E+00,
2462698.500000000, A.D. 2030-Jul-16 00:00:00.0000,  1.510484174303940E-03,  7.148045162207669E-03,  2.350432899719147E+00,  3.380861941882248E+02,  2.372544834860993E+01,  2.462701768755876E+06,  5.027646798572935E+01,  1.956584998493628E+02,  1.956118674561835E+02,  7.158858504685076E-03,  7.169671847162483E-03,  7.160407531057744E+00,
2462699.500000000, A.D. 2030-Jul-17 00:00:00.0000,  1.921712809133229E-03,  7.142256111113097E-03,  2.350412691869008E+00,  3.380848117916833E+02,  2.581010669400777E+01,  2.462701807983615E+06,  5.030651248467866E+01,  2.438933934879036E+02,  2.436958573565125E+02,  7.156007903162864E-03,  7.169759695212631E-03,  7.156131129337211E+00,
2462700.500000000, A.D. 2030-Jul-18 00:00:00.0000,  2.122674975365254E-03,  7.142542998837995E-03,  2.350443178878573E+00,  3.380821102007608E+02,  1.992220496356979E+01,  2.462701691081862E+06,  5.028828951799046E+01,  3.001025304838113E+02,  2.998918159653214E+02,  7.157736547086755E-03,  7.172930095335514E-03,  7.158724296462922E+00,
2462701.500000000, A.D. 2030-Jul-19 00:00:00.0000,  2.204614966102659E-03,  7.140701154239281E-03,  2.350462222608430E+00,  3.380821503919221E+02,  2.884181999382071E+01,  2.462701867448600E+06,  5.030155116995919E+01,  3.415167654700110E+02,  3.414364649900342E+02,  7.156478433698806E-03,  7.172255713158331E-03,  7.156836948897059E+00,
2462702.500000000, A.D. 2030-Jul-20 00:00:00.0000,  2.095606365454015E-03,  7.140584563535911E-03,  2.350456623545561E+00,  3.380816819481317E+02,  2.826580840620742E+01,  2.462701856081361E+06,  5.031102670503785E+01,  3.239620783531932E+01,  3.252515228685293E+01,  7.155579842201743E-03,  7.170575120867576E-03,  7.155489036441224E+00,
2462703.500000000, A.D. 2030-Jul-21 00:00:00.0000,  2.035509641501811E-03,  7.142465164729454E-03,  2.350449013511319E+00,  3.380802890793414E+02,  3.521190636690061E+01,  2.462701993320486E+06,  5.029570086700738E+01,  7.577950216735242E+01,  7.600574778710627E+01,  7.157033375169161E-03,  7.171601585608867E-03,  7.157669418941337E+00,
2462704.500000000, A.D. 2030-Jul-22 00:00:00.0000,  2.062826525229316E-03,  7.140412181027378E-03,  2.350491112383971E+00,  3.380792608820111E+02,  2.913858401499535E+01,  2.462701873336910E+06,  5.031532770148097E+01,  1.321614141426386E+02,  1.323363312496448E+02,  7.155172059744802E-03,  7.169931938462225E-03,  7.154877379232567E+00,
2462705.500000000, A.D. 2030-Jul-23 00:00:00.0000,  1.659017808414333E-03,  7.146496102571639E-03,  2.350441139043760E+00,  3.380790245889071E+02,  3.022617137791586E+01,  2.462709052239944E+06,  5.028159380989256E+01,  1.813877140024084E+02,  1.813831194940494E+02,  7.158371969147710E-03,  7.170247835723781E-03,  7.159677582240294E+00,
2462706.500000000, A.D. 2030-Jul-24 00:00:00.0000,  2.026054310873007E-03,  7.141556452975233E-03,  2.350430384431474E+00,  3.380784201383400E+02,  2.730899588723285E+01,  2.462708992127944E+06,  5.030601575912283E+01,  2.346309723725318E+02,  2.344419300065143E+02,  7.156055009075214E-03,  7.170553565175194E-03,  7.156201789538764E+00,
2462707.500000000, A.D. 2030-Jul-25 00:00:00.0000,  2.181556410895045E-03,  7.141999996834797E-03,  2.350450905975299E+00,  3.380755740847042E+02,  2.140482408791937E+01,  2.462708874931059E+06,  5.028957324998456E+01,  2.908553038022453E+02,  2.906214680881976E+02,  7.157614737151347E-03,  7.173229477467896E-03,  7.158541557123088E+00,
2462708.500000000, A.D. 2030-Jul-26 00:00:00.0000,  2.340297340374894E-03,  7.139909559456277E-03,  2.350468644189545E+00,  3.380755530875105E+02,  2.902530915405481E+01,  2.462709025464728E+06,  5.029965519937152E+01,  3.335693053328234E+02,  3.334496217455020E+02,  7.156658267766304E-03,  7.173406976076330E-03,  7.157106715206628E+00,
2462709.500000000, A.D. 2030-Jul-27 00:00:00.0000,  2.195596903196053E-03,  7.139755972386191E-03,  2.350470051581769E+00,  3.380752074482201E+02,  2.929379811914737E+01,  2.462709030818516E+06,  5.031222217522354E+01,  2.360556304239124E+01,  2.370656592051449E+01,  7.155466492457956E-03,  7.171177012529720E-03,  7.155319014656511E+00,
2462710.500000000, A.D. 2030-Jul-28 00:00:00.0000,  2.254623811102489E-03,  7.141397703220497E-03,  2.350451230405199E+00,  3.380730148336342E+02,  3.688872605396661E+01,  2.462709180957564E+06,  5.029041095185134E+01,  6.633518619414792E+01,  6.657208859807180E+01,  7.157535252629881E-03,  7.173672802039265E-03,  7.158422315233582E+00,
2462711.500000000, A.D. 2030-Jul-29 00:00:00.0000,  2.296658386984505E-03,  7.138903335038375E-03,  2.350524917522173E+00,  3.380707108421332E+02,  3.035239185764838E+01,  2.462709051893195E+06,  5.031359113027536E+01,  1.231730448348240E+02,  1.233929842352478E+02,  7.155336699080016E-03,  7.171770063121657E-03,  7.155124329485121E+00,
2462712.500000000, A.D. 2030-Jul-30 00:00:00.0000,  1.959594054873307E-03,  7.144112734842186E-03,  2.350497795879056E+00,  3.380705119622249E+02,  3.265808764670969E+01,  2.462709095755586E+06,  5.028404028013743E+01,  1.711791632422375E+02,  1.712135142034797E+02,  7.158139783004914E-03,  7.172166831167642E-03,  7.159329242328261E+00,
2462713.500000000, A.D. 2030-Jul-31 00:00:00.0000,  2.288474621893739E-03,  7.139679852177690E-03,  2.350486949315214E+00,  3.380701402109789E+02,  2.756635647387088E+01,  2.462716151738888E+06,  5.030600208939776E+01,  2.266016179577819E+02,  2.264114501575804E+02,  7.156056305425498E-03,  7.172432758673307E-03,  7.156203734104162E+00,
2462714.500000000, A.D. 2030-Aug-01 00:00:00.0000,  2.416331786426397E-03,  7.140202227276606E-03,  2.350496270338760E+00,  3.380671596390534E+02,  2.206435871757225E+01,  2.462716042538687E+06,  5.029081289883802E+01,  2.824244754864882E+02,  2.821538940978744E+02,  7.157497115066997E-03,  7.174792002857387E-03,  7.158365101875652E+00,
2462715.500000000, A.D. 2030-Aug-02 00:00:00.0000,  2.644617129280134E-03,  7.138146605681880E-03,  2.350509233957766E+00,  3.380671157169300E+02,  2.707890492493402E+01,  2.462716141365768E+06,  5.029526918917197E+01,  3.277423360248012E+02,  3.275801362674758E+02,  7.157074327042709E-03,  7.176002048403539E-03,  7.157730852298613E+00,
2462716.500000000, A.D. 2030-Aug-03 00:00:00.0000,  2.445638580424042E-03,  7.137934805994422E-03,  2.350523966882451E+00,  3.380669493052761E+02,  2.760835760601158E+01,  2.462716151884867E+06,  5.031256052326266E+01,  1.751456370836767E+01,  1.759915084457439E+01,  7.155434412453213E-03,  7.172934018912005E-03,  7.155270895695109E+00,
2462717.500000000, A.D. 2030-Aug-04 00:00:00.0000,  2.499776951156262E-03,  7.139350202913154E-03,  2.350500656527013E+00,  3.380655787043547E+02,  3.359319474923076E+01,  2.462716270124507E+06,  5.029350484453546E+01,  6.185474905250724E+01,  6.210770259993681E+01,  7.157241710775605E-03,  7.175133218638057E-03,  7.157981952397477E+00,
2462718.500000000, A.D. 2030-Aug-05 00:00:00.0000,  2.445010407239673E-03,  7.137501297060342E-03,  2.350537887817844E+00,  3.380641761875982E+02,  2.746082607075827E+01,  2.462716148914617E+06,  5.031719185623805E+01,  1.183000142641120E+02,  1.185463465217801E+02,  7.154995335118457E-03,  7.172489373176573E-03,  7.154612304847237E+00,
2462719.500000000, A.D. 2030-Aug-06 00:00:00.0000,  2.099551508995991E-03,  7.143005693826738E-03,  2.350507779468827E+00,  3.380640719333934E+02,  3.133980220460628E+01,  2.462716224024271E+06,  5.028515119944876E+01,  1.647329348845510E+02,  1.647961269083520E+02,  7.158034355659610E-03,  7.173063017492482E-03,  7.159171075614591E+00,
2462720.500000000, A.D. 2030-Aug-07 00:00:00.0000,  2.375763468020062E-03,  7.139219741120207E-03,  2.350496559057987E+00,  3.380638648938485E+02,  2.531992024275359E+01,  2.462723261515718E+06,  5.030426304605351E+01,  2.210839868999252E+02,  2.209054787011879E+02,  7.156221230087721E-03,  7.173222719055234E-03,  7.156451127619547E+00,
2462721.500000000, A.D. 2030-Aug-08 00:00:00.0000,  2.498486710297751E-03,  7.139417715314117E-03,  2.350494543246750E+00,  3.380608004370766E+02,  2.072033068918666E+01,  2.462723170122746E+06,  5.029288903998539E+01,  2.760047020664455E+02,  2.757198755662321E+02,  7.157300134581983E-03,  7.175182553849847E-03,  7.158069597349672E+00,
2462722.500000000, A.D. 2030-Aug-09 00:00:00.0000,  2.790170489280556E-03,  7.137530504358710E-03,  2.350506904199622E+00,  3.380606618031156E+02,  2.360932419503735E+01,  2.462723226821977E+06,  5.029077034275383E+01,  3.234475628638363E+02,  3.232566104569873E+02,  7.157501152852391E-03,  7.177471801346071E-03,  7.158371159289088E+00,
2462723.500000000, A.D. 2030-Aug-10 00:00:00.0000,  2.582709270525867E-03,  7.137294973479287E-03,  2.350517784045742E+00,  3.380604090048053E+02,  2.353877769977665E+01,  2.462723225471327E+06,  5.030895521638980E+01,  1.381125073735579E+01,  1.388212489154052E+01,  7.155776263171990E-03,  7.174257552864692E-03,  7.155783666179537E+00,
2462724.500000000, A.D. 2030-Aug-11 00:00:00.0000,  2.637122787053118E-03,  7.138409009505844E-03,  2.350475377814203E+00,  3.380586156239759E+02,  2.772826653205586E+01,  2.462723308189455E+06,  5.029306284071784E+01,  5.993980261938388E+01,  6.020178132498639E+01,  7.157283645300269E-03,  7.176158281094694E-03,  7.158044860782269E+00,
2462725.500000000, A.D. 2030-Aug-12 00:00:00.0000,  2.541212293056042E-03,  7.136610000570199E-03,  2.350506731047132E+00,  3.380569948639010E+02,  2.121959439648731E+01,  2.462723179491457E+06,  5.031933847965958E+01,  1.167664548248523E+02,  1.170260816384463E+02,  7.154791845562400E-03,  7.172973690554601E-03,  7.154307089023470E+00,
2462726.500000000, A.D. 2030-Aug-13 00:00:00.0000,  2.200624964950135E-03,  7.142088098529602E-03,  2.350483719613247E+00,  3.380568793425406E+02,  2.535402025421439E+01,  2.462723259713221E+06,  5.028720119190263E+01,  1.629449531542517E+02,  1.630187190409546E+02,  7.157839819531578E-03,  7.173591540533553E-03,  7.158879227065993E+00,
2462727.500000000, A.D. 2030-Aug-14 00:00:00.0000,  2.408950182833625E-03,  7.139282859735137E-03,  2.350467575195188E+00,  3.380567170409188E+02,  1.880650998484550E+01,  2.462730286735503E+06,  5.030108587614958E+01,  2.198241781448685E+02,  2.196477975744872E+02,  7.156522566079146E-03,  7.173762272423157E-03,  7.156903150885956E+00,
2462728.500000000, A.D. 2030-Aug-15 00:00:00.0000,  2.524334040019162E-03,  7.139239188212879E-03,  2.350453334095829E+00,  3.380536331003458E+02,  1.510648350111910E+01,  2.462730213134505E+06,  5.029282067247357E+01,  2.738416335562289E+02,  2.735529563456634E+02,  7.157306620950999E-03,  7.175374053689121E-03,  7.158079327951402E+00,
2462729.500000000, A.D. 2030-Aug-16 00:00:00.0000,  2.810277259685461E-03,  7.137467835104187E-03,  2.350464793129362E+00,  3.380533926107477E+02,  1.760166125442941E+01,  2.462730262048709E+06,  5.028991166409033E+01,  3.216766377552732E+02,  3.214763933826567E+02,  7.157582626794587E-03,  7.177697418484987E-03,  7.158493385405150E+00,
2462730.500000000, A.D. 2030-Aug-17 00:00:00.0000,  2.532257811385979E-03,  7.137082253958518E-03,  2.350504389495503E+00,  3.380532699511117E+02,  1.950509996788284E+01,  2.462730299738649E+06,  5.031502172558711E+01,  1.007615421846532E+01,  1.012708111007733E+01,  7.155201067754376E-03,  7.173319881550233E-03,  7.154920889499016E+00,
2462731.500000000, A.D. 2030-Aug-18 00:00:00.0000,  2.652011278028304E-03,  7.138229444431142E-03,  2.350471784096424E+00,  3.380521938158455E+02,  2.475980828444176E+01,  2.462730403568320E+06,  5.029383437662317E+01,  5.514375334703499E+01,  5.539360118793142E+01,  7.157210447256489E-03,  7.176191450081836E-03,  7.157935052319850E+00,
2462732.500000000, A.D. 2030-Aug-19 00:00:00.0000,  2.523197151771272E-03,  7.136798500051709E-03,  2.350493615526398E+00,  3.380506944906898E+02,  1.892414433901101E+01,  2.462730288121466E+06,  5.031870809770645E+01,  1.112988702998789E+02,  1.115679495950930E+02,  7.154851601233287E-03,  7.172904702414863E-03,  7.154396716644023E+00,
2462733.500000000, A.D. 2030-Aug-20 00:00:00.0000,  2.233348467441388E-03,  7.141706224107942E-03,  2.350483080212161E+00,  3.380504789509478E+02,  2.372576284291402E+01,  2.462730381844577E+06,  5.028876062676392E+01,  1.568081716612957E+02,  1.569086988204695E+02,  7.157691844218646E-03,  7.173677464329351E-03,  7.158657233012145E+00,
2462734.500000000, A.D. 2030-Aug-21 00:00:00.0000,  2.368808787781177E-03,  7.139809678391087E-03,  2.350463208986714E+00,  3.380503587069713E+02,  1.616817423785926E+01,  2.462737388772927E+06,  5.029855443984300E+01,  2.146988976692823E+02,  2.145447490861763E+02,  7.156762680721243E-03,  7.173715683051399E-03,  7.157263345024347E+00,
2462735.500000000, A.D. 2030-Aug-22 00:00:00.0000,  2.452492510380295E-03,  7.139977293519827E-03,  2.350433813065012E+00,  3.380466666425962E+02,  1.224227890200552E+01,  2.462737310716700E+06,  5.029045487697566E+01,  2.689382334965587E+02,  2.686572638971514E+02,  7.157531084898354E-03,  7.175084876276881E-03,  7.158416062862414E+00,
2462736.500000000, A.D. 2030-Aug-23 00:00:00.0000,  2.695350975271262E-03,  7.138704867954165E-03,  2.350474734930250E+00,  3.380451853790022E+02,  1.343315967315976E+01,  2.462737333873251E+06,  5.028553234625245E+01,  3.180682396752291E+02,  3.178613243967405E+02,  7.157998185344020E-03,  7.177291502733876E-03,  7.159116811593806E+00,
2462737.500000000, A.D. 2030-Aug-24 00:00:00.0000,  2.346965016398047E-03,  7.138162937516848E-03,  2.350538576109505E+00,  3.380448991843251E+02,  1.694516031661779E+01,  2.462737403401007E+06,  5.031761346541720E+01,  4.860630781169776E+00,  4.883485685398100E+00,  7.154955367458162E-03,  7.171747797399475E-03,  7.154552356649911E+00,
2462738.500000000, A.D. 2030-Aug-25 00:00:00.0000,  2.498325148480477E-03,  7.139172246237662E-03,  2.350505332474196E+00,  3.380440149075754E+02,  2.240910646464953E+01,  2.462737511430406E+06,  5.029549514298714E+01,  4.972059724093048E+01,  4.993944709319369E+01,  7.157052891465415E-03,  7.174933536693167E-03,  7.157698696007289E+00,
2462739.500000000, A.D. 2030-Aug-26 00:00:00.0000,  2.327386712764675E-03,  7.138267907964631E-03,  2.350518412523448E+00,  3.380425659997028E+02,  1.736066892078485E+01,  2.462737411443455E+06,  5.031798471642079E+01,  1.050919563278876E+02,  1.053492607677222E+02,  7.154920174108744E-03,  7.171572440252859E-03,  7.154499569664154E+00,
2462740.500000000, A.D. 2030-Aug-27 00:00:00.0000,  2.085021347485516E-03,  7.142795934377104E-03,  2.350516696781540E+00,  3.380422145628426E+02,  2.379621362686167E+01,  2.462737537816042E+06,  5.028846460500861E+01,  1.489636831324983E+02,  1.490865942283347E+02,  7.157719933237225E-03,  7.172643932097347E-03,  7.158699372264087E+00,
2462741.500000000, A.D. 2030-Aug-28 00:00:00.0000,  2.150808155241640E-03,  7.141655394381673E-03,  2.350497899829185E+00,  3.380422259240906E+02,  1.550116270694459E+01,  2.462744530309279E+06,  5.029553791972037E+01,  2.075889647293753E+02,  2.074750922292798E+02,  7.157048833379969E-03,  7.172442272378267E-03,  7.157692608330722E+00,
2462742.500000000, A.D. 2030-Aug-29 00:00:00.0000,  2.286705935067755E-03,  7.140620377197065E-03,  2.350464417837809E+00,  3.380395559472151E+02,  1.318222126180022E+01,  2.462744483788080E+06,  5.029619709614532E+01,  2.602230037369083E+02,  2.599648984842253E+02,  7.156986300247039E-03,  7.173352223297013E-03,  7.157598800398971E+00,
2462743.500000000, A.D. 2030-Aug-30 00:00:00.0000,  2.601002644374891E-03,  7.139263075722910E-03,  2.350472057221627E+00,  3.380390450363792E+02,  1.276938057668144E+01,  2.462744475101834E+06,  5.028676994064750E+01,  3.109652784069889E+02,  3.107397364080765E+02,  7.157880742462173E-03,  7.176498409201437E-03,  7.158940620463414E+00,
2462744.500000000, A.D. 2030-Aug-31 00:00:00.0000,  2.299787146921113E-03,  7.138465426459364E-03,  2.350528208100329E+00,  3.380387006965178E+02,  1.763307729111763E+01,  2.462744571361260E+06,  5.031798423211938E+01,  3.564092452160622E+02,  3.563926925965910E+02,  7.154920220018611E-03,  7.171375013577857E-03,  7.154499638524905E+00,
2462745.500000000, A.D. 2030-Sep-01 00:00:00.0000,  2.495607451103372E-03,  7.139205491907530E-03,  2.350495850435469E+00,  3.380379971903311E+02,  2.209687917636134E+01,  2.462744659640491E+06,  5.029534936535592E+01,  4.226617511666939E+01,  4.245895998041029E+01,  7.157066720944364E-03,  7.174927949981198E-03,  7.157719442107554E+00,
2462746.500000000, A.D. 2030-Sep-02 00:00:00.0000,  2.277804983047467E-03,  7.138671220834840E-03,  2.350501072630854E+00,  3.380365982552032E+02,  1.787379493929621E+01,  2.462744575923835E+06,  5.031747129846865E+01,  9.681464718516020E+01,  9.707373196062200E+01,  7.154968844522443E-03,  7.171266468210045E-03,  7.154572571117185E+00,
2462747.500000000, A.D. 2030-Sep-03 00:00:00.0000,  2.085101737498883E-03,  7.142800501231303E-03,  2.350510348776373E+00,  3.380359851971446E+02,  2.538729147008145E+01,  2.462744723875902E+06,  5.028841029931623E+01,  1.396068676816667E+02,  1.397613974744262E+02,  7.157725086245174E-03,  7.172649671259044E-03,  7.158707102835082E+00,
2462748.500000000, A.D. 2030-Sep-04 00:00:00.0000,  2.025576153422643E-03,  7.143170156281093E-03,  2.350477225469612E+00,  3.380359528719445E+02,  1.825003320184989E+01,  2.462751739944701E+06,  5.028900602461300E+01,  1.970664014350372E+02,  1.969984452054838E+02,  7.157668559028365E-03,  7.172166961775636E-03,  7.158622300544274E+00,
2462749.500000000, A.D. 2030-Sep-05 00:00:00.0000,  2.204094177309827E-03,  7.141015589232988E-03,  2.350425800721292E+00,  3.380331465825101E+02,  1.777327689154149E+01,  2.462751729643381E+06,  5.029826824966261E+01,  2.478527991120600E+02,  2.476191069731866E+02,  7.156789828021161E-03,  7.172564066809334E-03,  7.157304068861551E+00,
2462750.500000000, A.D. 2030-Sep-06 00:00:00.0000,  2.517628157235562E-03,  7.139809522599556E-03,  2.350430551203530E+00,  3.380323719227707E+02,  1.551923934904268E+01,  2.462751684422908E+06,  5.028730174638536E+01,  3.004385678274150E+02,  3.001894354889557E+02,  7.157830277651284E-03,  7.175851032703012E-03,  7.158864912171921E+00,
2462751.500000000, A.D. 2030-Sep-07 00:00:00.0000,  2.278505301805139E-03,  7.138505745763178E-03,  2.350485444722902E+00,  3.380318982796784E+02,  2.245092705252996E+01,  2.462751821562933E+06,  5.031916791484336E+01,  3.438192207770404E+02,  3.437462614946913E+02,  7.154808013755919E-03,  7.171110281748660E-03,  7.154331339684290E+00,
2462752.500000000, A.D. 2030-Sep-08 00:00:00.0000,  2.540500533043326E-03,  7.138979200985029E-03,  2.350451900923233E+00,  3.380312937519885E+02,  2.549745854519474E+01,  2.462751881820106E+06,  5.029434530609111E+01,  3.109095302724995E+01,  3.124169652453151E+01,  7.157161974797077E-03,  7.175344748609124E-03,  7.157862336392729E+00,
2462753.500000000, A.D. 2030-Sep-09 00:00:00.0000,  2.302551815756236E-03,  7.138786096732048E-03,  2.350448945925171E+00,  3.380299234327589E+02,  2.306121501052239E+01,  2.462751833456042E+06,  5.031438475108664E+01,  8.385113391559122E+01,  8.411354894053719E+01,  7.155261456992057E-03,  7.171736817252065E-03,  7.155011469999643E+00,
2462754.500000000, A.D. 2030-Sep-10 00:00:00.0000,  2.221215781043892E-03,  7.141568688625526E-03,  2.350466477868611E+00,  3.380290017810676E+02,  2.961929505835487E+01,  2.462751962858422E+06,  5.029113064296548E+01,  1.275957185471354E+02,  1.277970521977986E+02,  7.157466967205383E-03,  7.173365245785240E-03,  7.158319874646829E+00,
2462755.500000000, A.D. 2030-Sep-11 00:00:00.0000,  2.103006489822046E-03,  7.142357610185655E-03,  2.350449660846521E+00,  3.380291468732163E+02,  2.209837293211359E+01,  2.462758970817029E+06,  5.029173433499593E+01,  1.854465920784681E+02,  1.854237778374325E+02,  7.157409689212382E-03,  7.172461768239110E-03,  7.158233947591085E+00,
2462756.500000000, A.D. 2030-Sep-12 00:00:00.0000,  2.292309513001792E-03,  7.140081004227502E-03,  2.350412150375397E+00,  3.380272981933436E+02,  1.996736882241794E+01,  2.462758927493674E+06,  5.030147261039590E+01,  2.378934934412390E+02,  2.376713268074235E+02,  7.156485884901125E-03,  7.172890765574747E-03,  7.156848126263367E+00,
2462757.500000000, A.D. 2030-Sep-13 00:00:00.0000,  2.566381777744986E-03,  7.139613936709016E-03,  2.350411219061668E+00,  3.380265341305107E+02,  1.533254167570660E+01,  2.462758835194734E+06,  5.028568123047333E+01,  2.928588232103043E+02,  2.925874965028473E+02,  7.157984056557154E-03,  7.176354176405291E-03,  7.159095615111972E+00,
2462758.500000000, A.D. 2030-Sep-14 00:00:00.0000,  2.365586246659932E-03,  7.137848740448529E-03,  2.350466920517645E+00,  3.380259120983611E+02,  2.343632049137218E+01,  2.462758995452882E+06,  5.031952700074983E+01,  3.350690453284354E+02,  3.349544726009894E+02,  7.154773975362608E-03,  7.171699210276687E-03,  7.154280285556649E+00,
2462759.500000000, A.D. 2030-Sep-15 00:00:00.0000,  2.644015945249986E-03,  7.138202773461409E-03,  2.350437184742272E+00,  3.380254245891290E+02,  2.530508188750109E+01,  2.462759032406636E+06,  5.029472103387241E+01,  2.351747781546403E+01,  2.363874368286636E+01,  7.157126329599037E-03,  7.176049885736664E-03,  7.157808863430175E+00,
2462760.500000000, A.D. 2030-Sep-16 00:00:00.0000,  2.435281133840163E-03,  7.138315328338992E-03,  2.350422846522629E+00,  3.380235106637869E+02,  2.512242734665358E+01,  2.462759028639872E+06,  5.030932107781247E+01,  7.402312911429112E+01,  7.429163638006098E+01,  7.155741570784959E-03,  7.173167813230927E-03,  7.155731627608228E+00,
2462761.500000000, A.D. 2030-Sep-17 00:00:00.0000,  2.474917560349009E-03,  7.139826171350032E-03,  2.350475237055003E+00,  3.380211277249467E+02,  3.039938663867496E+01,  2.462759132967761E+06,  5.029035571129992E+01,  1.190388932866105E+02,  1.192864735456716E+02,  7.157540494007559E-03,  7.175254816665087E-03,  7.158430178275919E+00,
2462762.500000000, A.D. 2030-Sep-18 00:00:00.0000,  2.327132614179893E-03,  7.140789716171972E-03,  2.350475934725625E+00,  3.380212119526708E+02,  2.399946562773706E+01,  2.462759005006957E+06,  5.029135118357903E+01,  1.757679224998673E+02,  1.757875448739281E+02,  7.157446042291219E-03,  7.174102368410466E-03,  7.158288483558302E+00,
2462763.500000000, A.D. 2030-Sep-19 00:00:00.0000,  2.552473196197033E-03,  7.137877738170893E-03,  2.350443417970633E+00,  3.380198109577526E+02,  2.137433284811038E+01,  2.462766109824983E+06,  5.030508157115654E+01,  2.287125413378392E+02,  2.284932227273785E+02,  7.156143602905446E-03,  7.174409467639999E-03,  7.156334683421195E+00,
2462764.500000000, A.D. 2030-Sep-20 00:00:00.0000,  2.776941072441281E-03,  7.138232624507490E-03,  2.350436682544306E+00,  3.380189240168024E+02,  1.507494138941076E+01,  2.462765984696457E+06,  5.028435121137114E+01,  2.853430019208076E+02,  2.850358487181778E+02,  7.158110274931011E-03,  7.177987925354531E-03,  7.159284972908049E+00,
2462765.500000000, A.D. 2030-Sep-21 00:00:00.0000,  2.639332586244221E-03,  7.136107395314967E-03,  2.350487164205902E+00,  3.380182152851093E+02,  2.279354038084256E+01,  2.462766137193745E+06,  5.031722916480454E+01,  3.279381763445408E+02,  3.277771782407491E+02,  7.154991798322591E-03,  7.173876201330214E-03,  7.154606999938098E+00,
2462766.500000000, A.D. 2030-Sep-22 00:00:00.0000,  2.901470367084864E-03,  7.136417876342794E-03,  2.350467226786233E+00,  3.380178893851589E+02,  2.319734514767974E+01,  2.462766145170723E+06,  5.029411067608658E+01,  1.784582295613120E+01,  1.794806778395235E+01,  7.157184234310412E-03,  7.177950592278029E-03,  7.157895728955991E+00,
2462767.500000000, A.D. 2030-Sep-23 00:00:00.0000,  2.647369138065657E-03,  7.136595747161441E-03,  2.350451935134157E+00,  3.380168212712832E+02,  2.319091341562163E+01,  2.462766144881408E+06,  5.031145639124280E+01,  6.817798996668598E+01,  6.845996355047131E+01,  7.155539100542439E-03,  7.174482453923437E-03,  7.155427924814784E+00,
2462768.500000000, A.D. 2030-Sep-24 00:00:00.0000,  2.655179904886520E-03,  7.137980252539327E-03,  2.350473797071174E+00,  3.380152739635303E+02,  2.703788315779045E+01,  2.462766220848910E+06,  5.029622839751904E+01,  1.146327037671720E+02,  1.149088935426038E+02,  7.156983330859032E-03,  7.175986409178737E-03,  7.157594345936239E+00,
2462769.500000000, A.D. 2030-Sep-25 00:00:00.0000,  2.409570994564245E-03,  7.140343711139558E-03,  2.350459675999996E+00,  3.380154736526889E+02,  2.252978228339238E+01,  2.462766130087106E+06,  5.028982938877330E+01,  1.694723444717974E+02,  1.695226447685826E+02,  7.157590433438944E-03,  7.174837155738329E-03,  7.158505096864901E+00,
2462770.500000000, A.D. 2030-Sep-26 00:00:00.0000,  2.657802626231689E-03,  7.136961205424651E-03,  2.350434366216313E+00,  3.380144718614316E+02,  1.978675998477915E+01,  2.462773232544564E+06,  5.030680262273569E+01,  2.225344199579378E+02,  2.223290294679685E+02,  7.155980388895519E-03,  7.174999572366387E-03,  7.156089857265176E+00,
2462771.500000000, A.D. 2030-Sep-27 00:00:00.0000,  2.834837920139217E-03,  7.137870144317090E-03,  2.350421153402559E+00,  3.380134158229682E+02,  1.276603734154801E+01,  2.462773093241602E+06,  5.028380223262975E+01,  2.798857543763484E+02,  2.795655360753888E+02,  7.158162374454709E-03,  7.178454604592327E-03,  7.159363135160683E+00,
2462772.500000000, A.D. 2030-Sep-28 00:00:00.0000,  2.766917868407815E-03,  7.135425230408272E-03,  2.350468260831784E+00,  3.380125836618553E+02,  2.024952262847056E+01,  2.462773240978835E+06,  5.031478885541795E+01,  3.227178063529162E+02,  3.225252172037234E+02,  7.155223145181119E-03,  7.175021059953966E-03,  7.154954004367938E+00,
2462773.500000000, A.D. 2030-Sep-29 00:00:00.0000,  3.045139394012723E-03,  7.135774232987597E-03,  2.350445241878359E+00,  3.380122221884969E+02,  1.896013583673839E+01,  2.462773215487404E+06,  5.029004440860099E+01,  1.430815109729517E+01,  1.439470800418460E+01,  7.157570031455789E-03,  7.179365829923980E-03,  7.158474490001246E+00,
2462774.500000000, A.D. 2030-Sep-30 00:00:00.0000,  2.775019394463336E-03,  7.135845088061833E-03,  2.350411251712173E+00,  3.380108041756688E+02,  1.841137499951228E+01,  2.462773204470004E+06,  5.030973522010714E+01,  6.517777103940955E+01,  6.546680652435529E+01,  7.155702300727358E-03,  7.175559513392884E-03,  7.155672722684492E+00,
2462775.500000000, A.D. 2030-Oct-01 00:00:00.0000,  2.780726286485460E-03,  7.136670912528439E-03,  2.350430487935904E+00,  3.380088559171996E+02,  2.056161046312835E+01,  2.462773246911307E+06,  5.030057124645670E+01,  1.133316483163999E+02,  1.136238360058072E+02,  7.156571378682250E-03,  7.176471844836062E-03,  7.156976373809260E+00,
2462776.500000000, A.D. 2030-Oct-02 00:00:00.0000,  2.480420946932268E-03,  7.139894870248186E-03,  2.350414276592313E+00,  3.380090787194991E+02,  1.708510306535994E+01,  2.462773176380842E+06,  5.028921371037022E+01,  1.671421941635471E+02,  1.672052550202737E+02,  7.157648852392447E-03,  7.175402834536708E-03,  7.158592736671955E+00,
2462777.500000000, A.D. 2030-Oct-03 00:00:00.0000,  2.733591111895077E-03,  7.136377464892469E-03,  2.350394545466150E+00,  3.380083596211310E+02,  1.418859800585495E+01,  2.462780275782427E+06,  5.030724038376252E+01,  2.203580461975340E+02,  2.201557269286566E+02,  7.155938875800621E-03,  7.175500286708773E-03,  7.156027586760570E+00,
2462778.500000000, A.D. 2030-Oct-04 00:00:00.0000,  2.859928159097221E-03,  7.137942384325485E-03,  2.350372573410733E+00,  3.380071002466128E+02,  6.618828868780282E+00,  2.462780125775388E+06,  5.028114109563373E+01,  2.782541583457253E+02,  2.779296648156809E+02,  7.158414936777678E-03,  7.178887489229871E-03,  7.159742045537255E+00,
2462779.500000000, A.D. 2030-Oct-05 00:00:00.0000,  2.793593903107514E-03,  7.135243406826999E-03,  2.350413923650523E+00,  3.380061983785308E+02,  1.473303854422728E+01,  2.462780285945383E+06,  5.031469313650663E+01,  3.204553992116496E+02,  3.202510343621692E+02,  7.155232219931918E-03,  7.175221033036837E-03,  7.154967615986438E+00,
2462780.500000000, A.D. 2030-Oct-06 00:00:00.0000,  2.995598347757914E-03,  7.135540061117163E-03,  2.350419094528898E+00,  3.380059472044697E+02,  1.417171238689839E+01,  2.462780274858373E+06,  5.029626881086178E+01,  1.132378381280874E+01,  1.139143436071487E+01,  7.156979497073533E-03,  7.178418933029905E-03,  7.157588594767807E+00,
2462781.500000000, A.D. 2030-Oct-07 00:00:00.0000,  2.759495174223908E-03,  7.135964133067028E-03,  2.350400022193307E+00,  3.380053167901256E+02,  1.576520703083555E+01,  2.462780306203054E+06,  5.030965105904966E+01,  6.005950780956840E+01,  6.033399343835254E+01,  7.155710281055745E-03,  7.175456429044462E-03,  7.155684693130930E+00,
2462782.500000000, A.D. 2030-Oct-08 00:00:00.0000,  2.784068986591075E-03,  7.136471258861883E-03,  2.350411780651715E+00,  3.380033892656808E+02,  1.749790625101909E+01,  2.462780340452983E+06,  5.030242919073314E+01,  1.086304609064039E+02,  1.089324369452178E+02,  7.156395156673368E-03,  7.176319054484854E-03,  7.156712027464476E+00,
2462783.500000000, A.D. 2030-Oct-09 00:00:00.0000,  2.454657755337100E-03,  7.140213714227307E-03,  2.350398806637784E+00,  3.380035893296579E+02,  1.537432387777087E+01,  2.462780296702925E+06,  5.028779340516975E+01,  1.610867415064349E+02,  1.611776516167673E+02,  7.157783623309287E-03,  7.175353532391267E-03,  7.158794920657442E+00,
2462784.500000000, A.D. 2030-Oct-10 00:00:00.0000,  2.722755601501238E-03,  7.136363570442653E-03,  2.350389213911092E+00,  3.380031231761077E+02,  1.174915641829147E+01,  2.462787381589328E+06,  5.030820720842741E+01,  2.150324069805623E+02,  2.148538019325651E+02,  7.155847193472165E-03,  7.175330816501678E-03,  7.155890062003527E+00,
2462785.500000000, A.D. 2030-Oct-11 00:00:00.0000,  2.767162725452246E-03,  7.139021369356947E-03,  2.350352599488467E+00,  3.380011210718168E+02,  2.692808316633761E+00,  2.462787202356319E+06,  5.027675752643776E+01,  2.744110440960568E+02,  2.740948073303621E+02,  7.158831019712504E-03,  7.178640670068063E-03,  7.160366294717711E+00,
2462786.500000000, A.D. 2030-Oct-12 00:00:00.0000,  2.689027052837423E-03,  7.136376629997861E-03,  2.350415748823924E+00,  3.379990194703674E+02,  1.089605316937030E+01,  2.462787364309917E+06,  5.031062131037692E+01,  3.165160310956750E+02,  3.163034663267162E+02,  7.155618281135612E-03,  7.174859932273363E-03,  7.155546694187763E+00,
2462787.500000000, A.D. 2030-Oct-13 00:00:00.0000,  2.800146091717738E-03,  7.136664806322138E-03,  2.350450832099558E+00,  3.379985697438196E+02,  1.034867010279012E+01,  2.462787353511448E+06,  5.029916648155315E+01,  7.368252051247142E+00,  7.409546090689148E+00,  7.156704624806870E-03,  7.176744443291603E-03,  7.157176255237297E+00,
2462788.500000000, A.D. 2030-Oct-14 00:00:00.0000,  2.580493001120123E-03,  7.137217057740393E-03,  2.350433398266664E+00,  3.379981438365896E+02,  1.326096559917018E+01,  2.462787410954493E+06,  5.030994672282097E+01,  5.478982144880597E+01,  5.503187254858518E+01,  7.155682245693645E-03,  7.174147433646898E-03,  7.155642640279346E+00,
2462789.500000000, A.D. 2030-Oct-15 00:00:00.0000,  2.604561355057466E-03,  7.137548387595770E-03,  2.350437218554189E+00,  3.379961490579316E+02,  1.469222438877998E+01,  2.462787439273864E+06,  5.030462275276739E+01,  1.036640508664487E+02,  1.039538403186153E+02,  7.156187116007684E-03,  7.174825844419597E-03,  7.156399954916577E+00,
2462790.500000000, A.D. 2030-Oct-16 00:00:00.0000,  2.242932676661811E-03,  7.142028856737961E-03,  2.350425426750042E+00,  3.379963249324068E+02,  1.470585763752899E+01,  2.462787437829156E+06,  5.028462852871225E+01,  1.539801233850469E+02,  1.540925907140820E+02,  7.158083957147736E-03,  7.174139057557510E-03,  7.159245489791019E+00,
2462791.500000000, A.D. 2030-Oct-17 00:00:00.0000,  2.524566839940340E-03,  7.137802877135213E-03,  2.350430203944875E+00,  3.379961015003854E+02,  1.036110386099866E+01,  2.462794508619410E+06,  5.030798415411655E+01,  2.086424223661114E+02,  2.085041348068213E+02,  7.155868345070157E-03,  7.173933813005099E-03,  7.155921789614030E+00,
2462792.500000000, A.D. 2030-Oct-18 00:00:00.0000,  2.538541619965300E-03,  7.140362732246646E-03,  2.350390227649614E+00,  3.379947329747746E+02,  1.450553531301164E+00,  2.462794332242327E+06,  5.027987642844214E+01,  2.678750821977729E+02,  2.675844222312420E+02,  7.158534971209034E-03,  7.176707210171424E-03,  7.159922131319250E+00,
2462793.500000000, A.D. 2030-Oct-19 00:00:00.0000,  2.590813768980784E-03,  7.136885985375562E-03,  2.350416594127632E+00,  3.379938452228586E+02,  1.062185577329360E+01,  2.462794513203604E+06,  5.031266657556905E+01,  3.090230248964044E+02,  3.087919061113788E+02,  7.155424357323417E-03,  7.173962729271273E-03,  7.155255813350385E+00,
2462794.500000000, A.D. 2030-Oct-20 00:00:00.0000,  2.709771906240127E-03,  7.137178773965801E-03,  2.350446318837507E+00,  3.379933618461258E+02,  9.533357718207441E+00,  2.462794491700065E+06,  5.030057049217311E+01,  4.174914811640341E-01,  4.197617631971188E-01,  7.156571450226626E-03,  7.175964126487449E-03,  7.156976481131896E+00,
2462795.500000000, A.D. 2030-Oct-21 00:00:00.0000,  2.542896561293502E-03,  7.137670123822347E-03,  2.350430118370078E+00,  3.379930891610763E+02,  1.342234628590482E+01,  2.462794568497445E+06,  5.030800094555386E+01,  4.686203142113755E+01,  4.707512730504457E+01,  7.155866752781069E-03,  7.174063381739790E-03,  7.155919401162691E+00,
2462796.500000000, A.D. 2030-Oct-22 00:00:00.0000,  2.556616547466912E-03,  7.137663876084738E-03,  2.350425813163286E+00,  3.379910675936709E+02,  1.372853212198970E+01,  2.462794574584220E+06,  5.030702902406481E+01,  9.686194755675236E+01,  9.715270341908753E+01,  7.155958919070225E-03,  7.174253962055712E-03,  7.156057652058738E+00,
2462797.500000000, A.D. 2030-Oct-23 00:00:00.0000,  2.175195857482554E-03,  7.142763380372845E-03,  2.350419322920429E+00,  3.379911015825630E+02,  1.633449937980931E+01,  2.462794624528730E+06,  5.028199218773867E+01,  1.445844239353244E+02,  1.447285507083209E+02,  7.158334159182374E-03,  7.173904937991903E-03,  7.159620857022972E+00,
2462798.500000000, A.D. 2030-Oct-24 00:00:00.0000,  2.405457383484134E-03,  7.139024476860256E-03,  2.350425187639727E+00,  3.379909152800827E+02,  1.165952856912403E+01,  2.462801689201517E+06,  5.030408091172711E+01,  1.995701488679657E+02,  1.994780794982302E+02,  7.156238503606730E-03,  7.173452530353204E-03,  7.156477038746079E+00,
2462799.500000000, A.D. 2030-Oct-25 00:00:00.0000,  2.350744128972827E-03,  7.141732914257482E-03,  2.350362867862733E+00,  3.379891031419361E+02,  3.909138042152400E+00,  2.462801535911620E+06,  5.027960368320458E+01,  2.576351706174336E+02,  2.573722100288317E+02,  7.158560859169069E-03,  7.175388804080657E-03,  7.159960970819157E+00,
2462800.500000000, A.D. 2030-Oct-26 00:00:00.0000,  2.510058203438805E-03,  7.137420482085385E-03,  2.350382045379932E+00,  3.379881610513891E+02,  1.360737842512515E+01,  2.462801727103802E+06,  5.031312487915993E+01,  2.982605731467267E+02,  2.980068502886749E+02,  7.155380904623765E-03,  7.173341327162145E-03,  7.155190635935130E+00,
2462801.500000000, A.D. 2030-Oct-27 00:00:00.0000,  2.602287453591628E-03,  7.137698222665802E-03,  2.350417042859342E+00,  3.379875003519385E+02,  1.240094526921765E+01,  2.462801703265963E+06,  5.030321078811490E+01,  3.497750694218080E+02,  3.497219650554346E+02,  7.156321027088469E-03,  7.174943831511136E-03,  7.156600828451629E+00,
2462802.500000000, A.D. 2030-Oct-28 00:00:00.0000,  2.534396648106235E-03,  7.137993965293275E-03,  2.350398439891594E+00,  3.379872877175977E+02,  1.743895934309261E+01,  2.462801802834596E+06,  5.030522038515456E+01,  3.507105927261271E+01,  3.523836603783705E+01,  7.156130438289486E-03,  7.174266911285697E-03,  7.156314935979062E+00,
2462803.500000000, A.D. 2030-Oct-29 00:00:00.0000,  2.547147890421778E-03,  7.137743010895146E-03,  2.350385013503639E+00,  3.379852515612815E+02,  1.699876000582408E+01,  2.462801794177170E+06,  5.030690874077583E+01,  8.581467341610839E+01,  8.610584308035156E+01,  7.155970325613953E-03,  7.174197640332760E-03,  7.156074762117218E+00,
2462804.500000000, A.D. 2030-Oct-30 00:00:00.0000,  2.226903645665947E-03,  7.142451235109932E-03,  2.350383067322967E+00,  3.379850916124948E+02,  2.169650911100279E+01,  2.462801885884154E+06,  5.028137975791260E+01,  1.314413515847882E+02,  1.316322941897857E+02,  7.158392284986474E-03,  7.174333334863016E-03,  7.159708061578164E+00,
2462805.500000000, A.D. 2030-Oct-31 00:00:00.0000,  2.470602039371158E-03,  7.138077735046415E-03,  2.350415400837632E+00,  3.379850214288747E+02,  1.446962969543280E+01,  2.462808899251881E+06,  5.030916086955163E+01,  1.889864902990648E+02,  1.889424025529523E+02,  7.155756762296589E-03,  7.173435789546764E-03,  7.155754414856102E+00,
2462806.500000000, A.D. 2030-Nov-01 00:00:00.0000,  2.342800546483680E-03,  7.141606813225013E-03,  2.350365981507561E+00,  3.379839017291167E+02,  5.867520215377573E+00,  2.462808729261413E+06,  5.028153591629788E+01,  2.479093121907827E+02,  2.476608295680489E+02,  7.158377463859280E-03,  7.175148114493548E-03,  7.159685825812499E+00,
2462807.500000000, A.D. 2030-Nov-02 00:00:00.0000,  2.575154080551258E-03,  7.137152971065644E-03,  2.350377509898486E+00,  3.379833032646015E+02,  1.360696678170222E+01,  2.462808881506081E+06,  5.031102829645999E+01,  2.904950084451534E+02,  2.902182851963403E+02,  7.155579691306421E-03,  7.174006411547197E-03,  7.155488810101112E+00,
2462808.500000000, A.D. 2030-Nov-03 00:00:00.0000,  2.617819101678290E-03,  7.137403787112989E-03,  2.350419655482471E+00,  3.379824074725080E+02,  1.271798696663916E+01,  2.462808863961305E+06,  5.030514845447880E+01,  3.416908725462762E+02,  3.415963421377973E+02,  7.156137259926255E-03,  7.174870732739522E-03,  7.156325168700466E+00,
2462809.500000000, A.D. 2030-Nov-04 00:00:00.0000,  2.620056707964372E-03,  7.137530958015803E-03,  2.350402919031789E+00,  3.379822725308161E+02,  1.810133111130511E+01,  2.462808970361187E+06,  5.030363473099894E+01,  2.664275737636797E+01,  2.677778634856601E+01,  7.156280819581224E-03,  7.175030681146647E-03,  7.156540514917400E+00,
2462810.500000000, A.D. 2030-Nov-05 00:00:00.0000,  2.636006425999809E-03,  7.137256037102714E-03,  2.350376579991518E+00,  3.379798001142981E+02,  1.776117971501422E+01,  2.462808963681364E+06,  5.030533451798286E+01,  7.728502289730535E+01,  7.757989202107953E+01,  7.156119614391473E-03,  7.174983191680234E-03,  7.156298699719594E+00,
2462811.500000000, A.D. 2030-Nov-06 00:00:00.0000,  2.427705953823927E-03,  7.141394839155506E-03,  2.350405665802180E+00,  3.379782202612880E+02,  2.424015627179566E+01,  2.462809090971023E+06,  5.027735570278757E+01,  1.211196067877449E+02,  1.213573928428008E+02,  7.158774237995171E-03,  7.176153636834836E-03,  7.160281104044622E+00,
2462812.500000000, A.D. 2030-Nov-07 00:00:00.0000,  2.677824476546830E-03,  7.136469982953236E-03,  2.350466682057931E+00,  3.379779525363009E+02,  1.593747161309489E+01,  2.462808927385200E+06,  5.031048181345422E+01,  1.797399719202297E+02,  1.797413598880732E+02,  7.155631508150911E-03,  7.174793033348587E-03,  7.155566534521389E+00,
2462813.500000000, A.D. 2030-Nov-08 00:00:00.0000,  2.506281732728060E-03,  7.140202263642695E-03,  2.350418921798502E+00,  3.379770329230530E+02,  8.473048530870738E+00,  2.462815935614030E+06,  5.028401074843914E+01,  2.375275579142459E+02,  2.372856703728567E+02,  7.158142585645361E-03,  7.176082907648028E-03,  7.159333446987912E+00,
2462814.500000000, A.D. 2030-Nov-09 00:00:00.0000,  2.804050727199045E-03,  7.135704169752964E-03,  2.350425307006173E+00,  3.379766231055133E+02,  1.350455017164095E+01,  2.462816034028196E+06,  5.030902854444594E+01,  2.828245316949529E+02,  2.825109843122048E+02,  7.155769309890030E-03,  7.175834450027095E-03,  7.155773236248339E+00,
2462815.500000000, A.D. 2030-Nov-10 00:00:00.0000,  2.820733628744071E-03,  7.135972619559935E-03,  2.350468521088061E+00,  3.379755214940103E+02,  1.268297243739540E+01,  2.462816017831643E+06,  5.030492727622400E+01,  3.339505168790487E+02,  3.338081194545912E+02,  7.156158235748123E-03,  7.176343851936311E-03,  7.156356633282511E+00,
2462816.500000000, A.D. 2030-Nov-11 00:00:00.0000,  2.883493802636329E-03,  7.135941649634530E-03,  2.350456621276445E+00,  3.379754863821757E+02,  1.717825670126966E+01,  2.462816106632133E+06,  5.030050568985274E+01,  1.978660263245741E+01,  1.989883761906377E+01,  7.156577596782938E-03,  7.177213543931347E-03,  7.156985701490148E+00,
2462817.500000000, A.D. 2030-Nov-12 00:00:00.0000,  2.823085621552347E-03,  7.135468059305692E-03,  2.350430258717545E+00,  3.379738093560958E+02,  1.550466795629040E+01,  2.462816073576301E+06,  5.031008508619779E+01,  7.176349764411151E+01,  7.207108905057429E+01,  7.155669125927684E-03,  7.175870192549676E-03,  7.155622960748350E+00,
2462818.500000000, A.D. 2030-Nov-13 00:00:00.0000,  2.601485630225039E-03,  7.139802650758200E-03,  2.350431424597035E+00,  3.379731708234926E+02,  2.210830072254029E+01,  2.462816203288376E+06,  5.028103305611516E+01,  1.154810330744578E+02,  1.157497667409624E+02,  7.158425191027698E-03,  7.177047731297198E-03,  7.159757429769372E+00,
2462819.500000000, A.D. 2030-Nov-14 00:00:00.0000,  2.759725182829618E-03,  7.135871488468728E-03,  2.350479027974177E+00,  3.379729476270595E+02,  1.398336613409548E+01,  2.462816042908526E+06,  5.031061340722707E+01,  1.739283926338393E+02,  1.739617275175835E+02,  7.155619030505951E-03,  7.175366572543174E-03,  7.155547818232054E+00,
2462820.500000000, A.D. 2030-Nov-15 00:00:00.0000,  2.553116587707028E-03,  7.139790111085080E-03,  2.350434765792112E+00,  3.379722097887073E+02,  7.456752309096196E+00,  2.462823069829077E+06,  5.028482315694032E+01,  2.307765992892284E+02,  2.305504098123002E+02,  7.158065486815362E-03,  7.176340862545643E-03,  7.159217779814598E+00,
2462821.500000000, A.D. 2030-Nov-16 00:00:00.0000,  2.884276171482966E-03,  7.135299072049005E-03,  2.350437953814808E+00,  3.379719363113691E+02,  1.100650239216816E+01,  2.462823138787282E+06,  5.030724143887537E+01,  2.775571325361855E+02,  2.772293359679550E+02,  7.155938775744474E-03,  7.176578479439942E-03,  7.156027436674488E+00,
2462822.500000000, A.D. 2030-Nov-17 00:00:00.0000,  2.889375816294657E-03,  7.135460924572790E-03,  2.350483059285039E+00,  3.379705608295511E+02,  1.054012061879176E+01,  2.462823129605185E+06,  5.030514385874527E+01,  3.283276206055412E+02,  3.281532380881770E+02,  7.156137695769020E-03,  7.176814466965250E-03,  7.156325822481791E+00,
2462823.500000000, A.D. 2030-Nov-18 00:00:00.0000,  3.048663850347529E-03,  7.135377480522599E-03,  2.350464576809005E+00,  3.379704879444562E+02,  1.368822997206945E+01,  2.462823191757157E+06,  5.029397222427174E+01,  1.550275699526783E+01,  1.559647729194228E+01,  7.157197369412531E-03,  7.179017258302463E-03,  7.157915433576847E+00,
2462824.500000000, A.D. 2030-Nov-19 00:00:00.0000,  2.935659684443181E-03,  7.134578304847587E-03,  2.350418384135621E+00,  3.379685315993560E+02,  1.045042164573746E+01,  2.462823127781454E+06,  5.031097582788806E+01,  6.903765412944895E+01,  6.935220278548094E+01,  7.155584666270979E-03,  7.176591027694371E-03,  7.155496272454469E+00,
2462825.500000000, A.D. 2030-Nov-20 00:00:00.0000,  2.736359304070800E-03,  7.138655490781581E-03,  2.350418316209194E+00,  3.379674539252946E+02,  1.662762467551800E+01,  2.462823249095637E+06,  5.028295252658395E+01,  1.131821172002766E+02,  1.134699743722797E+02,  7.158243015658278E-03,  7.177830540534973E-03,  7.159484117597759E+00,
2462826.500000000, A.D. 2030-Nov-21 00:00:00.0000,  2.848506644017257E-03,  7.135182129576247E-03,  2.350464046904129E+00,  3.379671360080076E+02,  8.541984365284208E+00,  2.462823089332050E+06,  5.031118531199458E+01,  1.715947472760777E+02,  1.716422930411596E+02,  7.155564803460601E-03,  7.175947477344955E-03,  7.155466478627630E+00,
2462827.500000000, A.D. 2030-Nov-22 00:00:00.0000,  2.619286134521006E-03,  7.139297175660517E-03,  2.350422991462784E+00,  3.379665121478830E+02,  2.412241252189126E+00,  2.462830124130930E+06,  5.028502695189709E+01,  2.280455054624964E+02,  2.278227806500577E+02,  7.158046146682785E-03,  7.176795117705054E-03,  7.159188764965321E+00,
2462828.500000000, A.D. 2030-Nov-23 00:00:00.0000,  2.940689775322463E-03,  7.135300654743544E-03,  2.350422817000422E+00,  3.379662830987274E+02,  4.590584833092709E+00,  2.462830165991777E+06,  5.030295542944803E+01,  2.761956899237019E+02,  2.758605489155903E+02,  7.156345246037242E-03,  7.177389837330941E-03,  7.156637158325913E+00,
2462829.500000000, A.D. 2030-Nov-24 00:00:00.0000,  2.891956438083322E-03,  7.135254412272370E-03,  2.350465826071669E+00,  3.379646778617382E+02,  5.241200497568468E+00,  2.462830178901238E+06,  5.030713251114750E+01,  3.258464254508145E+02,  3.256598188184963E+02,  7.155949105358207E-03,  7.176643798444045E-03,  7.156042931292655E+00,
2462830.500000000, A.D. 2030-Nov-25 00:00:00.0000,  3.031682571140810E-03,  7.135150933780098E-03,  2.350467773967793E+00,  3.379646712561670E+02,  8.937205036277723E+00,  2.462830251880848E+06,  5.029765262216994E+01,  1.247981090300675E+01,  1.255516238264494E+01,  7.156848225810587E-03,  7.178545517841076E-03,  7.157391672018527E+00,
2462831.500000000, A.D. 2030-Nov-26 00:00:00.0000,  2.883768821134166E-03,  7.134641769145910E-03,  2.350441443573802E+00,  3.379636129347813E+02,  6.840227155422397E+00,  2.462830210439441E+06,  5.031423208622923E+01,  6.488324926300737E+01,  6.518291563550034E+01,  7.155275930781709E-03,  7.175910092417508E-03,  7.155033179936582E+00,
2462832.500000000, A.D. 2030-Nov-27 00:00:00.0000,  2.740928957974541E-03,  7.138650564892121E-03,  2.350436229977670E+00,  3.379625469791438E+02,  1.428607495052977E+01,  2.462830356972684E+06,  5.028265896257091E+01,  1.077571116886170E+02,  1.080559216466624E+02,  7.158270876827444E-03,  7.177891188762767E-03,  7.159525916638069E+00,
2462833.500000000, A.D. 2030-Nov-28 00:00:00.0000,  2.804901231767976E-03,  7.135584650932190E-03,  2.350480555032222E+00,  3.379621263913290E+02,  5.978191094923661E+00,  2.462830192667537E+06,  5.031022817641328E+01,  1.663926508654331E+02,  1.664680129758967E+02,  7.155655558020989E-03,  7.175726465109789E-03,  7.155602609029255E+00,
2462834.500000000, A.D. 2030-Nov-29 00:00:00.0000,  2.573669366660946E-03,  7.139513902398407E-03,  2.350449923280879E+00,  3.379616224274297E+02,  3.034563341204261E-01,  2.462837236570726E+06,  5.028618697348122E+01,  2.223882928182037E+02,  2.221899432762988E+02,  7.157936063172712E-03,  7.176358223947017E-03,  7.159023613976708E+00,
2462835.500000000, A.D. 2030-Nov-30 00:00:00.0000,  2.874433465340576E-03,  7.136332159975787E-03,  2.350441472326812E+00,  3.379609330522824E+02,  2.350821951758753E-01,  2.462837234017018E+06,  5.029706250399524E+01,  2.727840376482617E+02,  2.724549849905031E+02,  7.156904204930676E-03,  7.177476249885565E-03,  7.157475647238924E+00,
2462836.500000000, A.D. 2030-Dec-01 00:00:00.0000,  2.752989140244020E-03,  7.136419726737610E-03,  2.350505694373880E+00,  3.379579373789589E+02,  1.240850567600491E+00,  2.462837253988701E+06,  5.030532572143787E+01,  3.220703528185857E+02,  3.218759085479787E+02,  7.156120448618936E-03,  7.175821170500262E-03,  7.156299951092140E+00,
2462837.500000000, A.D. 2030-Dec-02 00:00:00.0000,  2.867370483421789E-03,  7.136313338381149E-03,  2.350534282270413E+00,  3.379576941703239E+02,  4.833118041336101E+00,  2.462837324943397E+06,  5.029779589735744E+01,  8.804961287929213E+00,  8.855435695173682E+00,  7.156834634767613E-03,  7.177355931154077E-03,  7.157371283915719E+00,
2462838.500000000, A.D. 2030-Dec-03 00:00:00.0000,  2.666019616320419E-03,  7.135897750719476E-03,  2.350513917672390E+00,  3.379569487102368E+02,  2.898499367249665E+00,  2.462837286679338E+06,  5.031742694403199E+01,  6.105117378140412E+01,  6.131893611479993E+01,  7.154973049222947E-03,  7.174048347726419E-03,  7.154578877819557E+00,
2462839.500000000, A.D. 2030-Dec-04 00:00:00.0000,  2.570759056600218E-03,  7.139822904276333E-03,  2.350502742160794E+00,  3.379557095515031E+02,  1.185848986022809E+01,  2.462837463312899E+06,  5.028314260647299E+01,  1.024110279483419E+02,  1.026985312299019E+02,  7.158224975962470E-03,  7.176627047648606E-03,  7.159457053379493E+00,
2462840.500000000, A.D. 2030-Dec-05 00:00:00.0000,  2.562890011698758E-03,  7.137601109161131E-03,  2.350540761337333E+00,  3.379552454375993E+02,  3.480925286077682E+00,  2.462837297360184E+06,  5.030721799554838E+01,  1.611158994010320E+02,  1.612106648344638E+02,  7.155940998871443E-03,  7.174280888581754E-03,  7.156030771406518E+00,
2462841.500000000, A.D. 2030-Dec-06 00:00:00.0000,  2.339550944220012E-03,  7.141185474686944E-03,  2.350525441042902E+00,  3.379548470875408E+02,  3.584100928515633E+02,  2.462844353596596E+06,  5.028623167862541E+01,  2.165033804524790E+02,  2.163442742924180E+02,  7.157931820837046E-03,  7.174678166987148E-03,  7.159017249507305E+00,
2462842.500000000, A.D. 2030-Dec-07 00:00:00.0000,  2.654505674548959E-03,  7.137862407304941E-03,  2.350521454767155E+00,  3.379547794728828E+02,  3.578541263377179E+02,  2.462844341288609E+06,  5.029752498307548E+01,  2.673877401825731E+02,  2.670839197054979E+02,  7.156860333672629E-03,  7.175858260040318E-03,  7.157409835198367E+00,
2462843.500000000, A.D. 2030-Dec-08 00:00:00.0000,  2.578544882789325E-03,  7.137162189909282E-03,  2.350551903073846E+00,  3.379529182850296E+02,  9.158750918587668E-01,  2.462844401853377E+06,  5.031067426670862E+01,  3.146271485403407E+02,  3.144163810728949E+02,  7.155613259863723E-03,  7.174064329818164E-03,  7.155539162356601E+00,
2462844.500000000, A.D. 2030-Dec-09 00:00:00.0000,  2.786481502169446E-03,  7.136980791965349E-03,  2.350567098263700E+00,  3.379527305953239E+02,  3.714648775891148E+00,  2.462844457109175E+06,  5.029685987540534E+01,  2.157273815062834E+00,  2.169335357700455E+00,  7.156923426706310E-03,  7.176866061447270E-03,  7.157504482223878E+00,
2462845.500000000, A.D. 2030-Dec-10 00:00:00.0000,  2.558207148207376E-03,  7.136614820752299E-03,  2.350552591848541E+00,  3.379522301007059E+02,  2.189628766951340E+00,  2.462844426934286E+06,  5.031800148387761E+01,  5.399452215896816E+01,  5.423211408482590E+01,  7.154918584620316E-03,  7.173222348488334E-03,  7.154497185571800E+00,
2462846.500000000, A.D. 2030-Dec-11 00:00:00.0000,  2.532819060636989E-03,  7.140021567807391E-03,  2.350534305388544E+00,  3.379508200610592E+02,  1.143615791716738E+01,  2.462844609413368E+06,  5.028391290472582E+01,  9.506609356174197E+01,  9.535511739349373E+01,  7.158151871305971E-03,  7.176282174804549E-03,  7.159347377800549E+00,
2462847.500000000, A.D. 2030-Dec-12 00:00:00.0000,  2.434715213658299E-03,  7.138777174200321E-03,  2.350568147317667E+00,  3.379502669571471E+02,  3.485267288101422E+00,  2.462844451648177E+06,  5.030448179293822E+01,  1.533457587957439E+02,  1.534705790695192E+02,  7.156200484391658E-03,  7.173623794582995E-03,  7.156420008098306E+00,
2462848.500000000, A.D. 2030-Dec-13 00:00:00.0000,  2.171646128784460E-03,  7.142664585756838E-03,  2.350559735675439E+00,  3.379498145125410E+02,  3.598467310192370E+02,  2.462851536918113E+06,  5.028330373398104E+01,  2.072937241200003E+02,  2.071798870540019E+02,  7.158209684106355E-03,  7.173754782455874E-03,  7.159434111659511E+00,
2462849.500000000, A.D. 2030-Dec-14 00:00:00.0000,  2.455487684841373E-03,  7.139581394770955E-03,  2.350537143501026E+00,  3.379492934035789E+02,  3.587548978865847E+02,  2.462851513994237E+06,  5.029441142103855E+01,  2.587073452447403E+02,  2.584315814437531E+02,  7.157155702456829E-03,  7.174730010142704E-03,  7.157852926963752E+00,
2462850.500000000, A.D. 2030-Dec-15 00:00:00.0000,  2.407481291918622E-03,  7.138061972291582E-03,  2.350559300258194E+00,  3.379472584733202E+02,  4.246097667021404E+00,  2.462851622552744E+06,  5.031410273036560E+01,  3.035197659352002E+02,  3.032893863219790E+02,  7.155288194758748E-03,  7.172514417225915E-03,  7.155051575285920E+00,
2462851.500000000, A.D. 2030-Dec-16 00:00:00.0000,  2.666324060109620E-03,  7.137805907598774E-03,  2.350576065427208E+00,  3.379469439459679E+02,  5.893518686615272E+00,  2.462851655014634E+06,  5.029722814913131E+01,  3.522031935858697E+02,  3.521616068613289E+02,  7.156888491579395E-03,  7.175971075560015E-03,  7.157452075342995E+00,
2462852.500000000, A.D. 2030-Dec-17 00:00:00.0000,  2.435232087200481E-03,  7.137521743347523E-03,  2.350564658725437E+00,  3.379465850755287E+02,  5.715981341382455E+00,  2.462851651488722E+06,  5.031771548089261E+01,  4.269514907463425E+01,  4.288480086302028E+01,  7.154945696690282E-03,  7.172369650033041E-03,  7.154537851320069E+00,
2462853.500000000, A.D. 2030-Dec-18 00:00:00.0000,  2.528724981441864E-03,  7.140187189158580E-03,  2.350536773443927E+00,  3.379449778648440E+02,  1.513678203442857E+01,  2.462851837638908E+06,  5.028247293523222E+01,  8.358762663146037E+01,  8.387568478988878E+01,  7.158288532194307E-03,  7.176389875230035E-03,  7.159552404347898E+00,
2462854.500000000, A.D. 2030-Dec-19 00:00:00.0000,  2.365843485465876E-03,  7.139450973068610E-03,  2.350565127402583E+00,  3.379443629436927E+02,  7.822884475322337E+00,  2.462851692421899E+06,  5.030256946445464E+01,  1.412283924504474E+02,  1.413977727747080E+02,  7.156381852453744E-03,  7.173312731838877E-03,  7.156692070260688E+00,
2462855.500000000, A.D. 2030-Dec-20 00:00:00.0000,  2.178758261780388E-03,  7.142007962494255E-03,  2.350587734307886E+00,  3.379438732691128E+02,  4.387886995469942E+00,  2.462858781427579E+06,  5.028970065405056E+01,  1.949779893384260E+02,  1.949136326816553E+02,  7.157602648398996E-03,  7.173197334303737E-03,  7.158523421654209E+00,
2462856.500000000, A.D. 2030-Dec-21 00:00:00.0000,  2.423853495030061E-03,  7.139832886576814E-03,  2.350583296064295E+00,  3.379439567266051E+02,  3.596770059906186E+02,  2.462858686753327E+06,  5.029414640806835E+01,  2.500191079806037E+02,  2.497583446103935E+02,  7.157180844381030E-03,  7.174528802185247E-03,  7.157890643557034E+00,
2462857.500000000, A.D. 2030-Dec-22 00:00:00.0000,  2.415374333833679E-03,  7.137909549797936E-03,  2.350596512506884E+00,  3.379422856372732E+02,  5.540376552801672E+00,  2.462858802590186E+06,  5.031511719296145E+01,  2.944600221219780E+02,  2.942077671191572E+02,  7.155192016949329E-03,  7.172474484100721E-03,  7.154907313827347E+00,
2462858.500000000, A.D. 2030-Dec-23 00:00:00.0000,  2.680128454408924E-03,  7.137750634478903E-03,  2.350617422525323E+00,  3.379417900876180E+02,  5.757829816896303E+00,  2.462858806752094E+06,  5.029676810870130E+01,  3.445713610615235E+02,  3.444893907956707E+02,  7.156932131931966E-03,  7.176113629385029E-03,  7.157517541126470E+00,
2462859.500000000, A.D. 2030-Dec-24 00:00:00.0000,  2.435014297128729E-03,  7.137469068028900E-03,  2.350614329470180E+00,  3.379415632581683E+02,  6.812518056849846E+00,  2.462858827598876E+06,  5.031828898581752E+01,  3.383407407259330E+01,  3.398982983380743E+01,  7.154891330713589E-03,  7.172313593398280E-03,  7.154456307158375E+00,
2462860.500000000, A.D. 2030-Dec-25 00:00:00.0000,  2.629094106375526E-03,  7.139664795247582E-03,  2.350571372863929E+00,  3.379394246792884E+02,  1.605656620440943E+01,  2.462859010350134E+06,  5.028040158145945E+01,  7.490019347289999E+01,  7.519131156792984E+01,  7.158485126303724E-03,  7.177305457359865E-03,  7.159847349603260E+00,
2462861.500000000, A.D. 2030-Dec-26 00:00:00.0000,  2.454780927178143E-03,  7.139359546542841E-03,  2.350618799057790E+00,  3.379375647740043E+02,  1.100741104083628E+01,  2.462858910013935E+06,  5.029680916231381E+01,  1.302680348435825E+02,  1.304822473669643E+02,  7.156928237477382E-03,  7.174496928411924E-03,  7.157511698967562E+00,
2462862.500000000, A.D. 2030-Dec-27 00:00:00.0000,  2.354622337727380E-03,  7.140469118660719E-03,  2.350681059126598E+00,  3.379366758512335E+02,  7.918865839585264E+00,  2.462866006111199E+06,  5.029265953736968E+01,  1.836683431660414E+02,  1.836511304046604E+02,  7.157321908705260E-03,  7.174174698749800E-03,  7.158102262070750E+00,
2462863.500000000, A.D. 2030-Dec-28 00:00:00.0000,  2.543839261895459E-03,  7.138987735762587E-03,  2.350678061118849E+00,  3.379368110122816E+02,  1.706516238609449E+00,  2.462865881703768E+06,  5.029400259490284E+01,  2.402145845107600E+02,  2.399619916715656E+02,  7.157194488106456E-03,  7.175401240450323E-03,  7.157911111184558E+00,
2462864.500000000, A.D. 2030-Dec-29 00:00:00.0000,  2.598601328734395E-03,  7.136476645566248E-03,  2.350684451476979E+00,  3.379353653082735E+02,  7.395902514344121E+00,  2.462865993900314E+06,  5.031640615415979E+01,  2.848323050623953E+02,  2.845442111409597E+02,  7.155069819506405E-03,  7.173662993446563E-03,  7.154724025738826E+00,
2462865.500000000, A.D. 2030-Dec-30 00:00:00.0000,  2.872775735733522E-03,  7.136587734916891E-03,  2.350705309733800E+00,  3.379347042302300E+02,  5.731059326701098E+00,  2.462865960832853E+06,  5.029448609852408E+01,  3.368226484908585E+02,  3.366926551053778E+02,  7.157148617803154E-03,  7.177709500689418E-03,  7.157842298950627E+00,
2462866.500000000, A.D. 2030-Dec-31 00:00:00.0000,  2.630303740344151E-03,  7.136227399181033E-03,  2.350711596779139E+00,  3.379345802468263E+02,  7.416599362155181E+00,  2.462865994146602E+06,  5.031664320450876E+01,  2.545284494022076E+01,  2.558276715815185E+01,  7.155047346980133E-03,  7.173867294779234E-03,  7.154690318604981E+00,
2462867.500000000, A.D. 2031-Jan-01 00:00:00.0000,  2.841343886894478E-03,  7.137792507001708E-03,  2.350666149550346E+00,  3.379329650519293E+02,  1.404112013205421E+01,  2.462866125085859E+06,  5.028413051603842E+01,  6.913636211814361E+01,  6.944099104291320E+01,  7.158131219383491E-03,  7.178469931765273E-03,  7.159316394765458E+00,
2462868.500000000, A.D. 2031-Jan-02 00:00:00.0000,  2.574546311475851E-03,  7.138274746695998E-03,  2.350681507797060E+00,  3.379323283627683E+02,  9.788837003309986E+00,  2.462866040376876E+06,  5.029921521396234E+01,  1.237171128807228E+02,  1.239620697783308E+02,  7.156700002289229E-03,  7.175125257882461E-03,  7.157169321005016E+00,
$$EOE
**************************************************************************************************************************************************************************************************************************************************************************************************************************************************
 
TIME

  Barycentric Dynamical Time ("TDB" or T_eph) output was requested. This
continuous coordinate time is equivalent to the relativistic proper time
of a clock at rest in a reference frame co-moving with the solar system
barycenter but outside the system's gravity well. It is the independent
variable in the solar system relativistic equations of motion.

  TDB runs at a uniform rate of one SI second per second and is independent
of irregularities in Earth's rotation.
 
CALENDAR SYSTEM

  Mixed calendar mode was active such that calendar dates after AD 1582-Oct-15
(if any) are in the modern Gregorian system. Dates prior to 1582-Oct-5 (if any)
are in the Julian calendar system, which is automatically extended for dates
prior to its adoption on 45-Jan-1 BC.  The Julian calendar is useful for
matching historical dates. The Gregorian calendar more accurately corresponds
to the Earth's orbital motion and seasons. A "Gregorian-only" calendar mode is
available if such physical events are the primary interest.

REFERENCE FRAME AND COORDINATES

  Ecliptic at the standard reference epoch

    Reference epoch: J2000.0
    X-Y plane: adopted Earth orbital plane at the reference epoch
               Note: IAU76 obliquity of 84381.448 arcseconds wrt ICRF X-Y plane
    X-axis   : ICRF
    Z-axis   : perpendicular to the X-Y plane in the directional (+ or -) sense
               of Earth's north pole at the reference epoch.

  Symbol meaning [1 au= 149597870.700 km, 1 day= 86400.0 s]:

    JDTDB    Julian Day Number, Barycentric Dynamical Time
      EC     Eccentricity, e
      QR     Periapsis distance, q (au)
      IN     Inclination w.r.t X-Y plane, i (degrees)
      OM     Longitude of Ascending Node, OMEGA, (degrees)
      W      Argument of Perifocus, w (degrees)
      Tp     Time of periapsis (Julian Day Number)
      N      Mean motion, n (degrees/day)
      MA     Mean anomaly, M (degrees)
      TA     True anomaly, nu (degrees)
      A      Semi-major axis, a (au)
      AD     Apoapsis distance (au)
      PR     Sidereal orbit period (day)

ABERRATIONS AND CORRECTIONS

 Geometric osculating elements have NO corrections or aberrations applied.

Computations by ...

    Solar System Dynamics Group, Horizons On-Line Ephemeris System
    4800 Oak Grove Drive, Jet Propulsion Laboratory
    Pasadena, CA  91109   USA

    General site: https://ssd.jpl.nasa.gov/
    Mailing list: https://ssd.jpl.nasa.gov/email_list.html
    System news : https://ssd.jpl.nasa.gov/horizons/news.html
    User Guide  : https://ssd.jpl.nasa.gov/horizons/manual.html
    Connect     : browser        https://ssd.jpl.nasa.gov/horizons/app.html#/x
                  API            https://ssd-api.jpl.nasa.gov/doc/horizons.html
                  command-line   telnet ssd.jpl.nasa.gov 6775
                  e-mail/batch   https://ssd.jpl.nasa.gov/ftp/ssd/horizons_batch.txt
                  scripts        https://ssd.jpl.nasa.gov/ftp/ssd/SCRIPTS
    Inquiries   : Jon.D.Giorgini@jpl.nasa.gov
*******************************************************************************
