*******************************************************************************
 Revised: April 12, 2021               Jupiter                              599
 
 PHYSICAL DATA (revised 2025-Jan-30):
  Mass x 10^26 (kg)     = 18.9819           Density (g/cm^3)  = 1.3262 +- .0003
  Equat. radius (1 bar) = 71492+-4 km       Polar radius (km)     = 66854+-10
  Vol. Mean Radius (km) = 69911+-6          Flattening            = 0.06487
  Geometric Albedo      = 0.52              Rocky core mass (Mc/M)= 0.0261
  Sid. rot. period (III)= 9h 55m 29.711 s   Sid. rot. rate (rad/s)= 0.00017585
  Mean solar day, hrs   = ~9.9259         
  GM (km^3/s^2)         = 126686531.900     GM 1-sigma (km^3/s^2) =  +- 1.2732
  Equ. grav, ge (m/s^2) = 24.79             Pol. grav, gp (m/s^2) =  28.34
  Vis. magnitude V(1,0) = -9.40
  Vis. mag. (opposition)= -2.70             Obliquity to orbit    =  3.13 deg
  Sidereal orbit period = 11.861982204 y    Sidereal orbit period = 4332.589 d
  Mean daily motion     = 0.0831294 deg/d   Mean orbit speed, km/s= 13.0697
  Atmos. temp. (1 bar)  = 165+-5 K          Escape speed, km/s    =  59.5           
  A_roche(ice)/Rp       =  2.76             Hill's sphere rad. Rp = 740
                                 Perihelion   Aphelion     Mean
  Solar Constant (W/m^2)         56           46           51
  Maximum Planetary IR (W/m^2)   13.7         13.4         13.6
  Minimum Planetary IR (W/m^2)   13.7         13.4         13.6
*******************************************************************************


*******************************************************************************
Ephemeris / API_USER Mon Sep 28 12:59:36 2026 Pasadena, USA      / Horizons
*******************************************************************************
Target body name: Jupiter (599)                   {source: jup365_merged}
Center body name: Sun (10)                        {source: jup365_merged}
Center-site name: BODY CENTER
*******************************************************************************
Start time      : A.D. 2025-Jan-01 00:00:00.0000 TDB
Stop  time      : A.D. 2031-Jan-02 00:00:00.0000 TDB
Step-size       : 11520 minutes
*******************************************************************************
Center geodetic : 0.0, 0.0, 0.0                   {E-lon(deg),Lat(deg),Alt(km)}
Center cylindric: 0.0, 0.0, 0.0                   {E-lon(deg),Dxy(km),Dz(km)}
Center radii    : 695700.0, 695700.0, 695700.0 km {Equator_a, b, pole_c}
Keplerian GM    : 2.9619468437605811E-04 au^3/d^2
Output units    : AU-D, deg, Julian Day Number (Tp)
Calendar mode   : Mixed Julian/Gregorian
Output type     : GEOMETRIC osculating elements
Output format   : 10
Reference frame : Ecliptic of J2000.0
*******************************************************************************
            JDTDB,            Calendar Date (TDB),                     EC,                     QR,                     IN,                     OM,                      W,                     Tp,                      N,                     MA,                     TA,                      A,                     AD,                     PR,
**************************************************************************************************************************************************************************************************************************************************************************************************************************************************
$$SOE
2460676.500000000, A.D. 2025-Jan-01 00:00:00.0000,  4.830624138918495E-02,  4.951498082690831E+00,  1.303459692430419E+00,  1.005202095061913E+02,  2.736090683600047E+02,  2.459966638858804E+06,  8.309065287534947E-02,  5.898282567286461E+01,  6.387298887240620E+01,  5.202827104717510E+00,  5.454156126744190E+00,  4.332617298603527E+03,
2460684.500000000, A.D. 2025-Jan-09 00:00:00.0000,  4.810575999880023E-02,  4.951227528347765E+00,  1.303436765488396E+00,  1.005205563891162E+02,  2.733911274353002E+02,  2.459964178334881E+06,  8.312372259716883E-02,  5.987581827210713E+01,  6.478594967683846E+01,  5.201447093893039E+00,  5.451666659438314E+00,  4.330893621603293E+03,
2460692.500000000, A.D. 2025-Jan-17 00:00:00.0000,  4.830919790339085E-02,  4.950829730207655E+00,  1.303737502082677E+00,  1.005153597702028E+02,  2.734359851844959E+02,  2.459964736638364E+06,  8.310709179054256E-02,  6.048229649725161E+01,  6.544090307601866E+01,  5.202140988754749E+00,  5.453452247301843E+00,  4.331760289570948E+03,
2460700.500000000, A.D. 2025-Jan-25 00:00:00.0000,  4.821098475414407E-02,  4.950956727563351E+00,  1.303624665376494E+00,  1.005172951407294E+02,  2.733962007805721E+02,  2.459964265141707E+06,  8.311675877083129E-02,  6.119345511537969E+01,  6.617266962131988E+01,  5.201737620689468E+00,  5.452518513815586E+00,  4.331256479726170E+03,
2460708.500000000, A.D. 2025-Feb-02 00:00:00.0000,  4.832987670657089E-02,  4.950960730906149E+00,  1.303732564394810E+00,  1.005156250145658E+02,  2.734877088105438E+02,  2.459965308256424E+06,  8.310108477017535E-02,  6.176004008335723E+01,  6.677600281508704E+01,  5.202391679348345E+00,  5.453822627790542E+00,  4.332073413910507E+03,
2460716.500000000, A.D. 2025-Feb-10 00:00:00.0000,  4.829395139243595E-02,  4.950806868413500E+00,  1.303779374971837E+00,  1.005149832849283E+02,  2.734211572327620E+02,  2.459964564578845E+06,  8.310966458887428E-02,  6.249310064471352E+01,  6.753565264369946E+01,  5.202033627564940E+00,  5.453260386716378E+00,  4.331626192703857E+03,
2460724.500000000, A.D. 2025-Feb-18 00:00:00.0000,  4.839851591311509E-02,  4.951487730947401E+00,  1.303582372784198E+00,  1.005179846391971E+02,  2.736778509920312E+02,  2.459967417932491E+06,  8.307882921706532E-02,  6.289749178987491E+01,  6.796767625014193E+01,  5.203320732206122E+00,  5.455153733464842E+00,  4.333233910403398E+03,
2460732.500000000, A.D. 2025-Feb-26 00:00:00.0000,  4.831410155466927E-02,  4.951659647569644E+00,  1.303445210214860E+00,  1.005198912982626E+02,  2.736563227433787E+02,  2.459967147680098E+06,  8.308555689958580E-02,  6.358972372344552E+01,  6.867828992392339E+01,  5.203039842934156E+00,  5.454420038298667E+00,  4.332883035677103E+03,
2460740.500000000, A.D. 2025-Mar-06 00:00:00.0000,  4.821682945394906E-02,  4.952047384841959E+00,  1.303236592799901E+00,  1.005226568141790E+02,  2.736786551706922E+02,  2.459967344590268E+06,  8.308853602311692E-02,  6.424035111301937E+01,  6.934344641346061E+01,  5.202915472860171E+00,  5.453783560878382E+00,  4.332727680986468E+03,
2460748.500000000, A.D. 2025-Mar-14 00:00:00.0000,  4.820301364353936E-02,  4.951000865050243E+00,  1.303604794000290E+00,  1.005177165608022E+02,  2.733995011810800E+02,  2.459964294883788E+06,  8.311669143819468E-02,  6.518053466843580E+01,  7.031704204317897E+01,  5.201740429966045E+00,  5.452479994881848E+00,  4.331259988466875E+03,
2460756.500000000, A.D. 2025-Mar-22 00:00:00.0000,  4.818420340729413E-02,  4.951369014777003E+00,  1.303441028835669E+00,  1.005197801973468E+02,  2.734772157877183E+02,  2.459965132821220E+06,  8.310988530612731E-02,  6.577043546349256E+01,  7.092603293527651E+01,  5.202024417436474E+00,  5.452679820095945E+00,  4.331614689082706E+03,
2460764.500000000, A.D. 2025-Mar-30 00:00:00.0000,  4.826939567174707E-02,  4.950599772562633E+00,  1.303768623711808E+00,  1.005158420059044E+02,  2.733522659878224E+02,  2.459963821223974E+06,  8.311809645800317E-02,  6.655089573763483E+01,  7.174292853446977E+01,  5.201681810008460E+00,  5.452763847454287E+00,  4.331186773290652E+03,
2460772.500000000, A.D. 2025-Apr-07 00:00:00.0000,  4.818355787203861E-02,  4.951150964483429E+00,  1.303533070759451E+00,  1.005186118276468E+02,  2.734201131007543E+02,  2.459964507265489E+06,  8.311546020110455E-02,  6.715668796801118E+01,  7.235959480723633E+01,  5.201791800753323E+00,  5.452432637023217E+00,  4.331324149910870E+03,
2460780.500000000, A.D. 2025-Apr-15 00:00:00.0000,  4.836774472685087E-02,  4.950175851459464E+00,  1.304001455460418E+00,  1.005135928549866E+02,  2.733308883029841E+02,  2.459963650196479E+06,  8.311588864274182E-02,  6.789319730728779E+01,  7.314034707152223E+01,  5.201773924780014E+00,  5.453371998100564E+00,  4.331301823017174E+03,
2460788.500000000, A.D. 2025-Apr-23 00:00:00.0000,  4.828765365044658E-02,  4.951521222863756E+00,  1.303463955510530E+00,  1.005192480521171E+02,  2.735998368165749E+02,  2.459966519329142E+06,  8.309250469631461E-02,  6.830043275350893E+01,  7.355153774420548E+01,  5.202749803400279E+00,  5.453978383936800E+00,  4.332520740778283E+03,
2460796.500000000, A.D. 2025-May-01 00:00:00.0000,  4.840455285908256E-02,  4.951244843708028E+00,  1.303619798181316E+00,  1.005176813891080E+02,  2.736314185931399E+02,  2.459966939122231E+06,  8.308415190549495E-02,  6.892336198344992E+01,  7.420653863822513E+01,  5.203098500086476E+00,  5.454952156464924E+00,  4.332956306871692E+03,
2460804.500000000, A.D. 2025-May-09 00:00:00.0000,  4.815049482462244E-02,  4.952209331564315E+00,  1.303132439119464E+00,  1.005221092056933E+02,  2.736508277369318E+02,  2.459966977370182E+06,  8.309314634702296E-02,  6.959239044842084E+01,  7.486700235424100E+01,  5.202723019383063E+00,  5.453236707201811E+00,  4.332487284769882E+03,
2460812.500000000, A.D. 2025-May-17 00:00:00.0000,  4.830186253729540E-02,  4.950889420063933E+00,  1.303667803289340E+00,  1.005173574591541E+02,  2.734557571950306E+02,  2.459964973053900E+06,  8.310654967148975E-02,  7.043504024401692E+01,  7.575033100880604E+01,  5.202163611734450E+00,  5.453437803404967E+00,  4.331788546426688E+03,
2460820.500000000, A.D. 2025-May-25 00:00:00.0000,  4.812806381135765E-02,  4.951590351048626E+00,  1.303312340847266E+00,  1.005202304192688E+02,  2.734734993916018E+02,  2.459965038361286E+06,  8.311166538944008E-02,  7.109884147028411E+01,  7.641250600564456E+01,  5.201950139296173E+00,  5.452309927543720E+00,  4.331521914681070E+03,
2460828.500000000, A.D. 2025-Jun-02 00:00:00.0000,  4.831224826030369E-02,  4.950614632728414E+00,  1.303749510233684E+00,  1.005168680759362E+02,  2.733986756381256E+02,  2.459964368804383E+06,  8.311210859702625E-02,  7.181976577219305E+01,  7.717268898208107E+01,  5.201931645835130E+00,  5.453248658941847E+00,  4.331498816201141E+03,
2460836.500000000, A.D. 2025-Jun-10 00:00:00.0000,  4.813213778191483E-02,  4.951014380273492E+00,  1.303533745598100E+00,  1.005184423204428E+02,  2.733321069510387E+02,  2.459963507838599E+06,  8.312563520254374E-02,  7.256802794332033E+01,  7.791896230947108E+01,  5.201367308206430E+00,  5.451720236139370E+00,  4.330793973758212E+03,
2460844.500000000, A.D. 2025-Jun-18 00:00:00.0000,  4.839492989168968E-02,  4.949999114474074E+00,  1.304027398925630E+00,  1.005153060998577E+02,  2.733266780862884E+02,  2.459963662633311E+06,  8.311677838505982E-02,  7.321236420040289E+01,  7.860801194123884E+01,  5.201736802338257E+00,  5.453474490202439E+00,  4.331255457619009E+03,
2460852.500000000, A.D. 2025-Jun-26 00:00:00.0000,  4.827960268855792E-02,  4.951119823217543E+00,  1.303593342045501E+00,  1.005180204840716E+02,  2.734936596934812E+02,  2.459965366288280E+06,  8.310366418199371E-02,  7.372406206332630E+01,  7.911808415872217E+01,  5.202284029221381E+00,  5.453448235225220E+00,  4.331938952915654E+03,
2460860.500000000, A.D. 2025-Jul-04 00:00:00.0000,  4.842175254988455E-02,  4.951291935682878E+00,  1.303617869610146E+00,  1.005178807008931E+02,  2.736702613277469E+02,  2.459967389842431E+06,  8.308071405751567E-02,  7.420022962287335E+01,  7.962060720474550E+01,  5.203242033905823E+00,  5.455192132128768E+00,  4.333135602936401E+03,
2460868.500000000, A.D. 2025-Jul-12 00:00:00.0000,  4.819743413277500E-02,  4.951905696814695E+00,  1.303312668385922E+00,  1.005193325151104E+02,  2.736063292077977E+02,  2.459966503144182E+06,  8.309464201964221E-02,  7.495110583706926E+01,  8.036134722534224E+01,  5.202660587810895E+00,  5.453415478807096E+00,  4.332409301611791E+03,
2460876.500000000, A.D. 2025-Jul-20 00:00:00.0000,  4.831483739320973E-02,  4.951354357107832E+00,  1.303545990837216E+00,  1.005182255592354E+02,  2.735851364283167E+02,  2.459966381698763E+06,  8.309314497741405E-02,  7.562459195125280E+01,  8.106112152646813E+01,  5.202723076553410E+00,  5.454091795998988E+00,  4.332487356181467E+03,
2460884.500000000, A.D. 2025-Jul-28 00:00:00.0000,  4.818994369603441E-02,  4.951493788492615E+00,  1.303425952067689E+00,  1.005186378894693E+02,  2.734963507285909E+02,  2.459965310105603E+06,  8.310599206183279E-02,  7.639018806705633E+01,  8.182623360088036E+01,  5.202186881403710E+00,  5.452879974314805E+00,  4.331817611083346E+03,
2460892.500000000, A.D. 2025-Aug-05 00:00:00.0000,  4.826239877963049E-02,  4.951334512243042E+00,  1.303523268574592E+00,  1.005182572234568E+02,  2.735290185127755E+02,  2.459965729334977E+06,  8.310051241579663E-02,  7.701511715528618E+01,  8.246991074182912E+01,  5.202415566952669E+00,  5.453496621662296E+00,  4.332103251045265E+03,
2460900.500000000, A.D. 2025-Aug-13 00:00:00.0000,  4.819218602958270E-02,  4.950670296267790E+00,  1.303719747593490E+00,  1.005177058645561E+02,  2.732969624187934E+02,  2.459963168488830E+06,  8.312643489043293E-02,  7.791702683404844E+01,  8.337773534425513E+01,  5.201333949567323E+00,  5.451997602866855E+00,  4.330752310916590E+03,
2460908.500000000, A.D. 2025-Aug-21 00:00:00.0000,  4.832079005347922E-02,  4.950480888390579E+00,  1.303856405494557E+00,  1.005174870347199E+02,  2.733818941177916E+02,  2.459964210796690E+06,  8.311435771749076E-02,  7.848399063271096E+01,  8.396747330635426E+01,  5.201837800647940E+00,  5.453194712905301E+00,  4.331381603448773E+03,
2460916.500000000, A.D. 2025-Aug-29 00:00:00.0000,  4.835803819595403E-02,  4.950502415379452E+00,  1.303864746521140E+00,  1.005175724025760E+02,  2.734257667090358E+02,  2.459964721314551E+06,  8.310893610257412E-02,  7.910131395279367E+01,  8.459721504152408E+01,  5.202064026259087E+00,  5.453625637138723E+00,  4.331664161308518E+03,
2460924.500000000, A.D. 2025-Sep-06 00:00:00.0000,  4.833455402398613E-02,  4.951785026910936E+00,  1.303480333576917E+00,  1.005181090167868E+02,  2.737116458760435E+02,  2.459967758776993E+06,  8.307972308283861E-02,  7.948579586940231E+01,  8.498375163160270E+01,  5.203283409993371E+00,  5.454781793075806E+00,  4.333187288564320E+03,
2460932.500000000, A.D. 2025-Sep-14 00:00:00.0000,  4.830775188083055E-02,  4.951366105336643E+00,  1.303598985083217E+00,  1.005179711442688E+02,  2.735829160043878E+02,  2.459966351619949E+06,  8.309377721130434E-02,  8.028091824500781E+01,  8.578480994040271E+01,  5.202696685952874E+00,  5.454027266569106E+00,  4.332454391675246E+03,
2460940.500000000, A.D. 2025-Sep-22 00:00:00.0000,  4.823797141020385E-02,  4.952110899299638E+00,  1.303342866907488E+00,  1.005179997571704E+02,  2.736887257603089E+02,  2.459967405278249E+06,  8.308416912162923E-02,  8.084876643331690E+01,  8.635041870318557E+01,  5.203097781319419E+00,  5.454084663339201E+00,  4.332955409026067E+03,
2460948.500000000, A.D. 2025-Sep-30 00:00:00.0000,  4.829369647537434E-02,  4.951336958152735E+00,  1.303565730756411E+00,  1.005179708752720E+02,  2.735615880961965E+02,  2.459966108551372E+06,  8.309635176138866E-02,  8.163314538258017E+01,  8.714825972801572E+01,  5.202589222973049E+00,  5.453841487793364E+00,  4.332320160501639E+03,
2460956.500000000, A.D. 2025-Oct-08 00:00:00.0000,  4.814701750941282E-02,  4.952292827441236E+00,  1.303240462877067E+00,  1.005176592951139E+02,  2.736324277227494E+02,  2.459966692008133E+06,  8.309150024983521E-02,  8.224463100348923E+01,  8.774767362883949E+01,  5.202791732062686E+00,  5.453290636684136E+00,  4.332573114188222E+03,
2460964.500000000, A.D. 2025-Oct-16 00:00:00.0000,  4.826924910596839E-02,  4.950457476580314E+00,  1.303820312666458E+00,  1.005183645031769E+02,  2.733237827378172E+02,  2.459963540068672E+06,  8.312169940543652E-02,  8.320149052871872E+01,  8.872477251802276E+01,  5.201531496098010E+00,  5.452605515615706E+00,  4.330999036052604E+03,
2460972.500000000, A.D. 2025-Oct-24 00:00:00.0000,  4.820513680344231E-02,  4.951007764140423E+00,  1.303649856540589E+00,  1.005181583645042E+02,  2.733845510553138E+02,  2.459964110079831E+06,  8.311623959701167E-02,  8.381357821200272E+01,  8.933264191908964E+01,  5.201759281945166E+00,  5.452510799749908E+00,  4.331283534306373E+03,
2460980.500000000, A.D. 2025-Nov-01 00:00:00.0000,  4.842381368042643E-02,  4.950022959078623E+00,  1.303987859879700E+00,  1.005190228073487E+02,  2.733941326575752E+02,  2.459964489190639E+06,  8.311239364421355E-02,  8.444309033438576E+01,  8.998984549783199E+01,  5.201919751926439E+00,  5.453816544774255E+00,  4.331483960636284E+03,
2460988.500000000, A.D. 2025-Nov-09 00:00:00.0000,  4.823719901151555E-02,  4.951953557933565E+00,  1.303407746810100E+00,  1.005174582346683E+02,  2.736469486113857E+02,  2.459966949489188E+06,  8.308823012195728E-02,  8.487882392352913E+01,  9.040553195510824E+01,  5.202928243035503E+00,  5.453902928137441E+00,  4.332743632540859E+03,
2460996.500000000, A.D. 2025-Nov-17 00:00:00.0000,  4.838597790789780E-02,  4.950916496023553E+00,  1.303741858685884E+00,  1.005185491088356E+02,  2.735686827102488E+02,  2.459966310017247E+06,  8.309485025973769E-02,  8.560348235592055E+01,  9.114886317763423E+01,  5.202651895711954E+00,  5.454387295400355E+00,  4.332398444364637E+03,
2461004.500000000, A.D. 2025-Nov-25 00:00:00.0000,  4.818901987773400E-02,  4.952292149074364E+00,  1.303301738321306E+00,  1.005168497829837E+02,  2.736713644917975E+02,  2.459967142448830E+06,  8.308601752060640E-02,  8.618990767160007E+01,  9.171332547197166E+01,  5.203020612809292E+00,  5.453749076544218E+00,  4.332859014583475E+03,
2461012.500000000, A.D. 2025-Dec-03 00:00:00.0000,  4.834902610744986E-02,  4.951431413324406E+00,  1.303545634726931E+00,  1.005178228281244E+02,  2.736521232648533E+02,  2.459967152939408E+06,  8.308672782852469E-02,  8.685446670979441E+01,  9.239625757290307E+01,  5.202990959039849E+00,  5.454550504755292E+00,  4.332821972998768E+03,
2461020.500000000, A.D. 2025-Dec-11 00:00:00.0000,  4.809644270503442E-02,  4.952657870368832E+00,  1.303161887027023E+00,  1.005158703863188E+02,  2.736470759293530E+02,  2.459966747863134E+06,  8.308893555419795E-02,  8.755514339016052E+01,  9.306721253846209E+01,  5.202898794120332E+00,  5.453139717871832E+00,  4.332706847173125E+03,
2461028.500000000, A.D. 2025-Dec-19 00:00:00.0000,  4.828320731058721E-02,  4.950761473222475E+00,  1.303714779857164E+00,  1.005187890505939E+02,  2.734137210571328E+02,  2.459964522866644E+06,  8.311221507854230E-02,  8.842949634613996E+01,  9.396082334839713E+01,  5.201927202768322E+00,  5.453092932314168E+00,  4.331493266781477E+03,
2461036.500000000, A.D. 2025-Dec-27 00:00:00.0000,  4.817846870353545E-02,  4.950961392900892E+00,  1.303646623267720E+00,  1.005184611247005E+02,  2.733333080970274E+02,  2.459963514130242E+06,  8.312090060620830E-02,  8.918755183202325E+01,  9.470402476282621E+01,  5.201564820830694E+00,  5.452168248760498E+00,  4.331040657337531E+03,
2461044.500000000, A.D. 2026-Jan-04 00:00:00.0000,  4.840649192828853E-02,  4.950176379956320E+00,  1.303885205025937E+00,  1.005200737471369E+02,  2.734256266711992E+02,  2.459964833519960E+06,  8.311079909378538E-02,  8.973194391089976E+01,  9.527178515321081E+01,  5.201986287177652E+00,  5.453796194398985E+00,  4.331567063791101E+03,
2461052.500000000, A.D. 2026-Jan-12 00:00:00.0000,  4.824304845030739E-02,  4.951410600537158E+00,  1.303561503493021E+00,  1.005179013196376E+02,  2.735201295722205E+02,  2.459965599058082E+06,  8.310113121717146E-02,  9.032269779440031E+01,  9.584043899715748E+01,  5.202389740862992E+00,  5.453368881188826E+00,  4.332070992622203E+03,
2461060.500000000, A.D. 2026-Jan-20 00:00:00.0000,  4.837034339033075E-02,  4.951005380294447E+00,  1.303695125613023E+00,  1.005189173423722E+02,  2.735830360456052E+02,  2.459966464530147E+06,  8.309466035567915E-02,  9.090850578453065E+01,  9.643674526825301E+01,  5.202659822449401E+00,  5.454314264604355E+00,  4.332408345603107E+03,
2461068.500000000, A.D. 2026-Jan-28 00:00:00.0000,  4.825339445986859E-02,  4.951642070275235E+00,  1.303516698523888E+00,  1.005175037500842E+02,  2.735885388835852E+02,  2.459966343422318E+06,  8.309394939090961E-02,  9.158254288672921E+01,  9.709217175283329E+01,  5.202689498918780E+00,  5.453736927562324E+00,  4.332445414363510E+03,
2461076.500000000, A.D. 2026-Feb-05 00:00:00.0000,  4.830843791031100E-02,  4.952062869487631E+00,  1.303398471247816E+00,  1.005164287803151E+02,  2.737620088569942E+02,  2.459968276457368E+06,  8.307615083385191E-02,  9.206694618530024E+01,  9.757855033978130E+01,  5.203432568650786E+00,  5.454802267813943E+00,  4.333373614287712E+03,
2461084.500000000, A.D. 2026-Feb-13 00:00:00.0000,  4.816201110604649E-02,  4.952349911912571E+00,  1.303335120359073E+00,  1.005157466450193E+02,  2.736404394187301E+02,  2.459966749036692E+06,  8.308810034685633E-02,  9.287180420216978E+01,  9.835885988653610E+01,  5.202933660661366E+00,  5.453517409410162E+00,  4.332750399842553E+03,
2461092.500000000, A.D. 2026-Feb-21 00:00:00.0000,  4.820200788830470E-02,  4.951763167045016E+00,  1.303501350318422E+00,  1.005172671377791E+02,  2.735495444329152E+02,  2.459965845296390E+06,  8.309763072003709E-02,  9.362233650958680E+01,  9.910555928427570E+01,  5.202535840676492E+00,  5.453308514307968E+00,  4.332253481604912E+03,
2461100.500000000, A.D. 2026-Mar-01 00:00:00.0000,  4.825202005922467E-02,  4.950534191711987E+00,  1.303814050825242E+00,  1.005204508512824E+02,  2.733158280899062E+02,  2.459963437013931E+06,  8.312202435873278E-02,  9.451497722543942E+01,  9.999268937898702E+01,  5.201517939675632E+00,  5.452501687639278E+00,  4.330982104650564E+03,
2461108.500000000, A.D. 2026-Mar-09 00:00:00.0000,  4.829374562514698E-02,  4.951041869471150E+00,  1.303686813659317E+00,  1.005191808199873E+02,  2.734963724512655E+02,  2.459965430292212E+06,  8.310377441404068E-02,  9.499340713549051E+01,  1.004692949204823E+02,  5.202279428880437E+00,  5.453516988289723E+00,  4.331933206864990E+03,
2461116.500000000, A.D. 2026-Mar-17 00:00:00.0000,  4.832766581307149E-02,  4.950580535793295E+00,  1.303823519462378E+00,  1.005207641114146E+02,  2.734298878419073E+02,  2.459964783087288E+06,  8.311094758114450E-02,  9.572028396068912E+01,  1.011893514778411E+02,  5.201980091207419E+00,  5.453379646621543E+00,  4.331559324943538E+03,
2461124.500000000, A.D. 2026-Mar-25 00:00:00.0000,  4.827330031553817E-02,  4.951530196998399E+00,  1.303609717793579E+00,  1.005183338587225E+02,  2.735876124444924E+02,  2.459966373411068E+06,  8.309415855414790E-02,  9.623355440651974E+01,  1.016885117379319E+02,  5.202680768165949E+00,  5.453831339333500E+00,  4.332434508803742E+03,
2461132.500000000, A.D. 2026-Apr-02 00:00:00.0000,  4.837309792675578E-02,  4.950712661594247E+00,  1.303791613899763E+00,  1.005205813099188E+02,  2.735272366437463E+02,  2.459965903707910E+06,  8.310166930524379E-02,  9.694609927796449E+01,  1.024003655909716E+02,  5.202367283657567E+00,  5.454021905720885E+00,  4.332042942214202E+03,
2461140.500000000, A.D. 2026-Apr-10 00:00:00.0000,  4.820850692001551E-02,  4.952846125225417E+00,  1.303276371986479E+00,  1.005139704187378E+02,  2.738203592893675E+02,  2.459968736551168E+06,  8.306952697638373E-02,  9.733783542264469E+01,  1.027668942883150E+02,  5.203709174998060E+00,  5.454572224770702E+00,  4.333719151938187E+03,
2461148.500000000, A.D. 2026-Apr-18 00:00:00.0000,  4.825851529467230E-02,  4.951928891944592E+00,  1.303500990789498E+00,  1.005168301099377E+02,  2.736653696564058E+02,  2.459967174041559E+06,  8.308605957704086E-02,  9.815171896294649E+01,  1.035713370911998E+02,  5.203018857035298E+00,  5.454108822126004E+00,  4.332856821380402E+03,
2461156.500000000, A.D. 2026-Apr-26 00:00:00.0000,  4.809009222384454E-02,  4.952788206601664E+00,  1.303336713266762E+00,  1.005144853454375E+02,  2.736328698289520E+02,  2.459966523328112E+06,  8.308648719843593E-02,  9.887098151527164E+01,  1.042578166342064E+02,  5.203001004761394E+00,  5.453213802921125E+00,  4.332834521457261E+03,
2461164.500000000, A.D. 2026-May-04 00:00:00.0000,  4.832513163894021E-02,  4.950327572586152E+00,  1.303875882500435E+00,  1.005222388253613E+02,  2.733666463057492E+02,  2.459964113777979E+06,  8.311765014904324E-02,  9.977328204569379E+01,  1.051671865868302E+02,  5.201700430643322E+00,  5.453073288700492E+00,  4.331210030053333E+03,
2461172.500000000, A.D. 2026-May-12 00:00:00.0000,  4.817624386712627E-02,  4.951818397261289E+00,  1.303553695656287E+00,  1.005174880525925E+02,  2.735157296401251E+02,  2.459965426366021E+06,  8.309961447202917E-02,  1.003073536229589E+02,  1.056730854968027E+02,  5.202453043807010E+00,  5.453087690352731E+00,  4.332150062154305E+03,
2461180.500000000, A.D. 2026-May-20 00:00:00.0000,  4.838197618833997E-02,  4.950156669064853E+00,  1.303911534589265E+00,  1.005230804308511E+02,  2.734106126597933E+02,  2.459964695340896E+06,  8.311450729286815E-02,  1.010510052057899E+02,  1.064221158536477E+02,  5.201831559723133E+00,  5.453506450381414E+00,  4.331373808563631E+03,
2461188.500000000, A.D. 2026-May-28 00:00:00.0000,  4.820499988966937E-02,  4.951618337558315E+00,  1.303623807258826E+00,  1.005185554045824E+02,  2.735067189321962E+02,  2.459965385746691E+06,  8.310088467439826E-02,  1.016418765078387E+02,  1.069793818646213E+02,  5.202400030452285E+00,  5.453181723346254E+00,  4.332083844961868E+03,
2461196.500000000, A.D. 2026-Jun-05 00:00:00.0000,  4.844066834777492E-02,  4.950163572186231E+00,  1.303867109743641E+00,  1.005226498986232E+02,  2.735059684055269E+02,  2.459965828763544E+06,  8.310664429252453E-02,  1.022769566892229E+02,  1.076241644399305E+02,  5.202159663119579E+00,  5.454155754052927E+00,  4.331783614470668E+03,
2461204.500000000, A.D. 2026-Jun-13 00:00:00.0000,  4.817424033201217E-02,  4.952805193763557E+00,  1.303313490654178E+00,  1.005131129367459E+02,  2.737574970414296E+02,  2.459967992269435E+06,  8.307504287021028E-02,  1.027229327260201E+02,  1.080296498190108E+02,  5.203478833658774E+00,  5.454152473553989E+00,  4.333431408063609E+03,
2461212.500000000, A.D. 2026-Jun-21 00:00:00.0000,  4.828889399776880E-02,  4.951933658512863E+00,  1.303469539078186E+00,  1.005157587985597E+02,  2.737183918322286E+02,  2.459967798805609E+06,  8.308196160606938E-02,  1.034122168434309E+02,  1.087128792944895E+02,  5.203189946278985E+00,  5.454446234045107E+00,  4.333070537103217E+03,
2461220.500000000, A.D. 2026-Jun-29 00:00:00.0000,  4.807490176909870E-02,  4.952866175683699E+00,  1.303343999224492E+00,  1.005133748810206E+02,  2.736123230577805E+02,  2.459966239420013E+06,  8.308651404423234E-02,  1.042121392942047E+02,  1.094674526404552E+02,  5.202999884012219E+00,  5.453133592340738E+00,  4.332833121490073E+03,
2461228.500000000, A.D. 2026-Jul-07 00:00:00.0000,  4.831206138844536E-02,  4.950804151819513E+00,  1.303705122934469E+00,  1.005201764394563E+02,  2.734703531334454E+02,  2.459965195016261E+06,  8.310736076553318E-02,  1.049899430405137E+02,  1.102480378212142E+02,  5.202129764345218E+00,  5.453455376870923E+00,  4.331746269932103E+03,
2461236.500000000, A.D. 2026-Jul-15 00:00:00.0000,  4.817104537844617E-02,  4.951689110383027E+00,  1.303566452713357E+00,  1.005174992835960E+02,  2.734645808089184E+02,  2.459964845176649E+06,  8.310354986019367E-02,  1.056790300172802E+02,  1.109012545997719E+02,  5.202288800251734E+00,  5.452888490120442E+00,  4.331944912168414E+03,
2461244.500000000, A.D. 2026-Jul-23 00:00:00.0000,  4.833890448573881E-02,  4.950528425776757E+00,  1.303766477174507E+00,  1.005215573285485E+02,  2.734448659406768E+02,  2.459964982948531E+06,  8.311078758867356E-02,  1.063416698806921E+02,  1.115609931494783E+02,  5.201986767255184E+00,  5.453445108733610E+00,  4.331567663414385E+03,
2461252.500000000, A.D. 2026-Jul-31 00:00:00.0000,  4.826604962834311E-02,  4.950692514121605E+00,  1.303787180937594E+00,  1.005220958203106E+02,  2.733636362148725E+02,  2.459963967060666E+06,  8.311619920732934E-02,  1.070979604708875E+02,  1.122851183989778E+02,  5.201760967115164E+00,  5.452829420108722E+00,  4.331285639060533E+03,
2461260.500000000, A.D. 2026-Aug-08 00:00:00.0000,  4.841306759538145E-02,  4.950289493113033E+00,  1.303774644123781E+00,  1.005219126774319E+02,  2.735110279716661E+02,  2.459965849788510E+06,  8.310708907870087E-02,  1.075946104520591E+02,  1.127806731206142E+02,  5.202141101921050E+00,  5.453992710729067E+00,  4.331760430919277E+03,
2461268.500000000, A.D. 2026-Aug-16 00:00:00.0000,  4.827897211162109E-02,  4.951642354721304E+00,  1.303530878732538E+00,  1.005165722075467E+02,  2.736331862035079E+02,  2.459966872548467E+06,  8.309059259938871E-02,  1.081529962915102E+02,  1.133059760987150E+02,  5.202829620889757E+00,  5.454016887058210E+00,  4.332620441590742E+03,
2461276.500000000, A.D. 2026-Aug-24 00:00:00.0000,  4.823368233314818E-02,  4.952499636405673E+00,  1.303352721593395E+00,  1.005124483768953E+02,  2.737796499478504E+02,  2.459968343491396E+06,  8.307494856884580E-02,  1.086750346722842E+02,  1.138051100966140E+02,  5.203482771428781E+00,  5.454465906451887E+00,  4.333436327097585E+03,
2461284.500000000, A.D. 2026-Sep-01 00:00:00.0000,  4.819221936546490E-02,  4.951993752003792E+00,  1.303512597409561E+00,  1.005160665888300E+02,  2.735724075988772E+02,  2.459966035459250E+06,  8.309310855062274E-02,  1.095553172047047E+02,  1.146495631910786E+02,  5.202724597084592E+00,  5.453455442165392E+00,  4.332489255479923E+03,
2461292.500000000, A.D. 2026-Sep-09 00:00:00.0000,  4.821396246226226E-02,  4.951973199444502E+00,  1.303483906820734E+00,  1.005153315940495E+02,  2.736060852405588E+02,  2.459966438212413E+06,  8.309077858293665E-02,  1.101835063796582E+02,  1.152568113756393E+02,  5.202821857163627E+00,  5.453670514882751E+00,  4.332610743810370E+03,
2461300.500000000, A.D. 2026-Sep-17 00:00:00.0000,  4.826577120828631E-02,  4.951084275267683E+00,  1.303670398644031E+00,  1.005198735104580E+02,  2.734625494395893E+02,  2.459965015746800E+06,  8.310637085018577E-02,  1.109872496109918E+02,  1.160353486748723E+02,  5.202171074117397E+00,  5.453257872967112E+00,  4.331797867205210E+03,
2461308.500000000, A.D. 2026-Sep-25 00:00:00.0000,  4.821104810145418E-02,  4.951709027259373E+00,  1.303585715689621E+00,  1.005177749173387E+02,  2.735279543698321E+02,  2.459965600468363E+06,  8.309780963936170E-02,  1.115920096447382E+02,  1.166109672989101E+02,  5.202528372894153E+00,  5.453347718528932E+00,  4.332244153755354E+03,
2461316.500000000, A.D. 2026-Oct-03 00:00:00.0000,  4.838926363167539E-02,  4.949651940475256E+00,  1.303958618435068E+00,  1.005274760578003E+02,  2.733058701204398E+02,  2.459963625617447E+06,  8.312626583898465E-02,  1.124593955708098E+02,  1.174616286148602E+02,  5.201341001431779E+00,  5.453030062388303E+00,  4.330761118240521E+03,
2461324.500000000, A.D. 2026-Oct-11 00:00:00.0000,  4.831531650887298E-02,  4.951012434982137E+00,  1.303684687698789E+00,  1.005203694681623E+02,  2.735346785445703E+02,  2.459965912395063E+06,  8.310169012097991E-02,  1.129009261477099E+02,  1.178776002857243E+02,  5.202366414913830E+00,  5.453720394845522E+00,  4.332041857101943E+03,
2461332.500000000, A.D. 2026-Oct-19 00:00:00.0000,  4.841586019735485E-02,  4.950479701650382E+00,  1.303727675761811E+00,  1.005215528306327E+02,  2.735828899044730E+02,  2.459966663072108E+06,  8.310193356590632E-02,  1.135036896435404E+02,  1.184652407219517E+02,  5.202356254778576E+00,  5.454232807906770E+00,  4.332029166499379E+03,
2461340.500000000, A.D. 2026-Oct-27 00:00:00.0000,  4.814137276818110E-02,  4.953266099411465E+00,  1.303321624039036E+00,  1.005102181010590E+02,  2.738143537770090E+02,  2.459968523252303E+06,  8.306775027622917E-02,  1.139670218625163E+02,  1.188815652023288E+02,  5.203783374655626E+00,  5.454300649899787E+00,  4.333811843981264E+03,
2461348.500000000, A.D. 2026-Nov-04 00:00:00.0000,  4.830938161619635E-02,  4.951340682207739E+00,  1.303637293012817E+00,  1.005191008130435E+02,  2.736136320887630E+02,  2.459966757901922E+06,  8.309420374769297E-02,  1.148147594244265E+02,  1.197092244260816E+02,  5.202678881731850E+00,  5.454017081255960E+00,  4.332432152465208E+03,
2461356.500000000, A.D. 2026-Nov-12 00:00:00.0000,  4.810100708535293E-02,  4.953197113623182E+00,  1.303385549856019E+00,  1.005117077834750E+02,  2.737135624513405E+02,  2.459967341376778E+06,  8.307476985037407E-02,  1.154040329098006E+02,  1.202519312748363E+02,  5.203490234249377E+00,  5.453783354875571E+00,  4.333445649604517E+03,
2461364.500000000, A.D. 2026-Nov-20 00:00:00.0000,  4.831011364950032E-02,  4.951184925605816E+00,  1.303666053028502E+00,  1.005200047811722E+02,  2.735733959614642E+02,  2.459966326952711E+06,  8.309802892310775E-02,  1.161854243231463E+02,  1.210184162934584E+02,  5.202519220407408E+00,  5.453853515209001E+00,  4.332232721586154E+03,
2461372.500000000, A.D. 2026-Nov-28 00:00:00.0000,  4.808512492991160E-02,  4.952887169870119E+00,  1.303518007499713E+00,  1.005154923763193E+02,  2.735893262774939E+02,  2.459965969995795E+06,  8.308464732268410E-02,  1.168610493481567E+02,  1.216410495199956E+02,  5.203077816706505E+00,  5.453268463542890E+00,  4.332930470317003E+03,
2461380.500000000, A.D. 2026-Dec-06 00:00:00.0000,  4.841841678971144E-02,  4.949664618688989E+00,  1.303952668731574E+00,  1.005291703598493E+02,  2.733684820862874E+02,  2.459964394352847E+06,  8.312212656658213E-02,  1.177097128342693E+02,  1.224816444682029E+02,  5.201513675780304E+00,  5.453362732871618E+00,  4.330976779228986E+03,
2461388.500000000, A.D. 2026-Dec-14 00:00:00.0000,  4.824702925205106E-02,  4.951429594426471E+00,  1.303708115768425E+00,  1.005214983825480E+02,  2.735103282803049E+02,  2.459965507543604E+06,  8.310013168611931E-02,  1.182508605148271E+02,  1.229803382463160E+02,  5.202431457119927E+00,  5.453433319813384E+00,  4.332123098911200E+03,
2461396.500000000, A.D. 2026-Dec-22 00:00:00.0000,  4.843813548074317E-02,  4.950357376521159E+00,  1.303738288828505E+00,  1.005225206296199E+02,  2.736115885800789E+02,  2.459967064532775E+06,  8.310209575837901E-02,  1.187890830777371E+02,  1.235103179913616E+02,  5.202349485729078E+00,  5.454341594936999E+00,  4.332020711567938E+03,
2461404.500000000, A.D. 2026-Dec-30 00:00:00.0000,  4.812267379452436E-02,  4.953198715670125E+00,  1.303429385629008E+00,  1.005121444291921E+02,  2.737513729102957E+02,  2.459967806016800E+06,  8.307189319628444E-02,  1.193488891281475E+02,  1.240126269986871E+02,  5.203610359556889E+00,  5.454022003443653E+00,  4.333595710276912E+03,
2461412.500000000, A.D. 2027-Jan-07 00:00:00.0000,  4.830852359457048E-02,  4.951582898641069E+00,  1.303587866098637E+00,  1.005174934580918E+02,  2.736890597715211E+02,  2.459967587899415E+06,  8.308821911263406E-02,  1.200551732119329E+02,  1.247007177663601E+02,  5.202928702633089E+00,  5.454274506625108E+00,  4.332744206636387E+03,
2461420.500000000, A.D. 2027-Jan-15 00:00:00.0000,  4.809670210858823E-02,  4.953254290765780E+00,  1.303433674692189E+00,  1.005120224226248E+02,  2.737090486318010E+02,  2.459967273099632E+06,  8.307389496406763E-02,  1.207252188801811E+02,  1.253167799852785E+02,  5.203526767622169E+00,  5.453799244478557E+00,  4.333491286952569E+03,
2461428.500000000, A.D. 2027-Jan-23 00:00:00.0000,  4.822871710076388E-02,  4.952243900890767E+00,  1.303504578650592E+00,  1.005144471461086E+02,  2.737081960802201E+02,  2.459967590582164E+06,  8.308203381556892E-02,  1.213753256541465E+02,  1.259452118047424E+02,  5.203186931429051E+00,  5.454129961967334E+00,  4.333066771080162E+03,
2461436.500000000, A.D. 2027-Jan-31 00:00:00.0000,  4.808269629860878E-02,  4.952896350029942E+00,  1.303570799115404E+00,  1.005168580050941E+02,  2.735660327025572E+02,  2.459965692964003E+06,  8.308473428907953E-02,  1.222016117763092E+02,  1.267144264147183E+02,  5.203074185931203E+00,  5.453252021832464E+00,  4.332925934955027E+03,
2461444.500000000, A.D. 2027-Feb-08 00:00:00.0000,  4.831356448954705E-02,  4.950753532767400E+00,  1.303789389510643E+00,  1.005251255054490E+02,  2.734570340394964E+02,  2.459965097435459E+06,  8.310843847416728E-02,  1.229508370136638E+02,  1.274440562350451E+02,  5.202084791837954E+00,  5.453416050908508E+00,  4.331690098014527E+03,
2461452.500000000, A.D. 2027-Feb-16 00:00:00.0000,  4.830724039281271E-02,  4.950681877500013E+00,  1.303815513128012E+00,  1.005262888145903E+02,  2.734196346000118E+02,  2.459964675252357E+06,  8.311107124639727E-02,  1.236547086035493E+02,  1.281086452910173E+02,  5.201974931009683E+00,  5.453267984519353E+00,  4.331552879792839E+03,
2461460.500000000, A.D. 2027-Feb-24 00:00:00.0000,  4.834068521852766E-02,  4.951104792646228E+00,  1.303637186304518E+00,  1.005193584446015E+02,  2.736307734370981E+02,  2.459967045414702E+06,  8.309604216778772E-02,  1.241001651956338E+02,  1.285322480160151E+02,  5.202602145267859E+00,  5.454099497889490E+00,  4.332336301566411E+03,
2461468.500000000, A.D. 2027-Mar-04 00:00:00.0000,  4.824796285551586E-02,  4.951778018943709E+00,  1.303618958553852E+00,  1.005186420299481E+02,  2.736136552166535E+02,  2.459966627148807E+06,  8.309123875386559E-02,  1.247924756564067E+02,  1.291773601122895E+02,  5.202802647841337E+00,  5.453827276738966E+00,  4.332586749204675E+03,
2461476.500000000, A.D. 2027-Mar-12 00:00:00.0000,  4.822211508997223E-02,  4.952303183471507E+00,  1.303499315300671E+00,  1.005136904636859E+02,  2.737155157496908E+02,  2.459967657233775E+06,  8.308140643396915E-02,  1.253567791057383E+02,  1.297072071693919E+02,  5.203213125654470E+00,  5.454123067837434E+00,  4.333099491835375E+03,
2461484.500000000, A.D. 2027-Mar-20 00:00:00.0000,  4.823436345398162E-02,  4.951986183470527E+00,  1.303555566585473E+00,  1.005159733348681E+02,  2.736470780958040E+02,  2.459966942060129E+06,  8.308778030871448E-02,  1.260905207137433E+02,  1.303995831648915E+02,  5.202947021118992E+00,  5.453907858767456E+00,  4.332767088763378E+03,
2461492.500000000, A.D. 2027-Mar-28 00:00:00.0000,  4.808522430375278E-02,  4.953621394979305E+00,  1.303356246766529E+00,  1.005072967776285E+02,  2.737890101728832E+02,  2.459968086729621E+06,  8.306616280663355E-02,  1.266271609018854E+02,  1.308920458608112E+02,  5.203849673786332E+00,  5.454077952593359E+00,  4.333894667050286E+03,
2461500.500000000, A.D. 2027-Apr-05 00:00:00.0000,  4.819167480349772E-02,  4.951990568498655E+00,  1.303644061898489E+00,  1.005198185921815E+02,  2.735376368488228E+02,  2.459965645559593E+06,  8.309325998892976E-02,  1.275360590619080E+02,  1.317560872677833E+02,  5.202718275737195E+00,  5.453445982975735E+00,  4.332481359474422E+03,
2461508.500000000, A.D. 2027-Apr-13 00:00:00.0000,  4.816186791172995E-02,  4.952144126453897E+00,  1.303655128560674E+00,  1.005203773348194E+02,  2.735078853469495E+02,  2.459965240242730E+06,  8.309329821806834E-02,  1.282345432387535E+02,  1.324099780572633E+02,  5.202716679977108E+00,  5.453289233500319E+00,  4.332479366208613E+03,
2461516.500000000, A.D. 2027-Apr-21 00:00:00.0000,  4.843524123339957E-02,  4.949503312021163E+00,  1.303896021908618E+00,  1.005315203185529E+02,  2.733700142601330E+02,  2.459964477556708E+06,  8.312398552428629E-02,  1.290102911095760E+02,  1.331608735511861E+02,  5.201436125520885E+00,  5.453368939020608E+00,  4.330879922676698E+03,
2461524.500000000, A.D. 2027-Apr-29 00:00:00.0000,  4.822460784402721E-02,  4.951934773313402E+00,  1.303610945646694E+00,  1.005183144698213E+02,  2.736051109168233E+02,  2.459966472121127E+06,  8.309035171657822E-02,  1.294570844397994E+02,  1.335626767783205E+02,  5.202839676382283E+00,  5.453744579451164E+00,  4.332633002059764E+03,
2461532.500000000, A.D. 2027-May-07 00:00:00.0000,  4.840957121326887E-02,  4.950194683345282E+00,  1.303765965757315E+00,  1.005257471882859E+02,  2.735310888558856E+02,  2.459966178560035E+06,  8.310993473195753E-02,  1.301768726447889E+02,  1.342524470894602E+02,  5.202022354992299E+00,  5.453850026639315E+00,  4.331612113053103E+03,
2461540.500000000, A.D. 2027-May-15 00:00:00.0000,  4.816048742292956E-02,  4.952679924798273E+00,  1.303534811681666E+00,  1.005144921131535E+02,  2.736772709560881E+02,  2.459967088381831E+06,  8.307999533562810E-02,  1.307190298985212E+02,  1.347402442464227E+02,  5.203272042562171E+00,  5.453864160326068E+00,  4.333173088728103E+03,
2461548.500000000, A.D. 2027-May-23 00:00:00.0000,  4.837393880727869E-02,  4.950821073821600E+00,  1.303629701265131E+00,  1.005191341214328E+02,  2.736487730452070E+02,  2.459967358323283E+06,  8.309882955879830E-02,  1.313910227017934E+02,  1.353863185304530E+02,  5.202485803737327E+00,  5.454150533653054E+00,  4.332190981646432E+03,
2461556.500000000, A.D. 2027-May-31 00:00:00.0000,  4.799926221922273E-02,  4.954398023227530E+00,  1.303361405955457E+00,  1.005053140750670E+02,  2.738063990445381E+02,  2.459968047117208E+06,  8.305788144496214E-02,  1.319335312198799E+02,  1.358642886964076E+02,  5.204195571084113E+00,  5.453993118940697E+00,  4.334326781962914E+03,
2461564.500000000, A.D. 2027-Jun-08 00:00:00.0000,  4.824955918633862E-02,  4.951734176469617E+00,  1.303632703482108E+00,  1.005193106075585E+02,  2.736066199505393E+02,  2.459966564085674E+06,  8.309213323603487E-02,  1.327759038958380E+02,  1.366713572851237E+02,  5.202765309187907E+00,  5.453796441906197E+00,  4.332540109150518E+03,
2461572.500000000, A.D. 2027-Jun-16 00:00:00.0000,  4.807526799983435E-02,  4.952989903475820E+00,  1.303641469474879E+00,  1.005198349488117E+02,  2.735289496432040E+02,  2.459965227856394E+06,  8.308335281247931E-02,  1.335375585729084E+02,  1.373693504270877E+02,  5.203131862189036E+00,  5.453273820902251E+00,  4.332997981106116E+03,
2461580.500000000, A.D. 2027-Jun-24 00:00:00.0000,  4.844821007138823E-02,  4.949596541387951E+00,  1.303837414304400E+00,  1.005305914772936E+02,  2.734436812305610E+02,  2.459965341178898E+06,  8.311993769493356E-02,  1.342519005773851E+02,  1.380642237998545E+02,  5.201604992786871E+00,  5.453613444185792E+00,  4.331090830713450E+03,
2461588.500000000, A.D. 2027-Jul-02 00:00:00.0000,  4.818532462805133E-02,  4.952143501859299E+00,  1.303671958598696E+00,  1.005215216862154E+02,  2.735553148039056E+02,  2.459965831376392E+06,  8.309024238000225E-02,  1.348279292379965E+02,  1.385815919089579E+02,  5.202844240580874E+00,  5.453544979302450E+00,  4.332638703273816E+03,
2461596.500000000, A.D. 2027-Jul-10 00:00:00.0000,  4.842818980298046E-02,  4.950054621189742E+00,  1.303762197993485E+00,  1.005267085840279E+02,  2.735502101641309E+02,  2.459966471527927E+06,  8.311102290426406E-02,  1.354733336770501E+02,  1.392009801588388E+02,  5.201976948187284E+00,  5.453899275184828E+00,  4.331555399272194E+03,
2461604.500000000, A.D. 2027-Jul-18 00:00:00.0000,  4.821098128312826E-02,  4.952036229635154E+00,  1.303658501086918E+00,  1.005207685280324E+02,  2.735942981854137E+02,  2.459966336967366E+06,  8.308958257947878E-02,  1.361142825786640E+02,  1.397818814116998E+02,  5.202871783823589E+00,  5.453707338012024E+00,  4.332673108035468E+03,
2461612.500000000, A.D. 2027-Jul-26 00:00:00.0000,  4.836736395230032E-02,  4.950993239439611E+00,  1.303592912985183E+00,  1.005167735170927E+02,  2.737118646574174E+02,  2.459968066250404E+06,  8.309535624451737E-02,  1.366448082431839E+02,  1.402869138153380E+02,  5.202630775676179E+00,  5.454268311912748E+00,  4.332372063496060E+03,
2461620.500000000, A.D. 2027-Aug-03 00:00:00.0000,  4.805245417699053E-02,  4.953869933559733E+00,  1.303461153774066E+00,  1.005086006672061E+02,  2.737707014541505E+02,  2.459967812186072E+06,  8.306420077075595E-02,  1.372791923874715E+02,  1.408544431881530E+02,  5.203931619233124E+00,  5.453993304906515E+00,  4.333997036744421E+03,
2461628.500000000, A.D. 2027-Aug-11 00:00:00.0000,  4.815478354382749E-02,  4.952846932303191E+00,  1.303529470991960E+00,  1.005126610787571E+02,  2.737193022292257E+02,  2.459967539551686E+06,  8.307653999377540E-02,  1.379868471124073E+02,  1.415195542227807E+02,  5.203416318824610E+00,  5.453985705346030E+00,  4.333353315231633E+03,
2461636.500000000, A.D. 2027-Aug-19 00:00:00.0000,  4.812257394862644E-02,  4.952641927929257E+00,  1.303677919843002E+00,  1.005221473274968E+02,  2.735254837647869E+02,  2.459965310221913E+06,  8.308591537138633E-02,  1.388523324716296E+02,  1.423212462424864E+02,  5.203024877345876E+00,  5.453407826762496E+00,  4.332864341577431E+03,
2461644.500000000, A.D. 2027-Aug-27 00:00:00.0000,  4.829413504171910E-02,  4.951208584977419E+00,  1.303688207009874E+00,  1.005228687322554E+02,  2.735540780209271E+02,  2.459966116792066E+06,  8.309952608026432E-02,  1.394728491603293E+02,  1.429088771557396E+02,  5.202456732989096E+00,  5.453704881000773E+00,  4.332154670199714E+03,
2461652.500000000, A.D. 2027-Sep-04 00:00:00.0000,  4.826426662379796E-02,  4.951347788074534E+00,  1.303736601515842E+00,  1.005262324686045E+02,  2.735016641669266E+02,  2.459965462184968E+06,  8.309993356161288E-02,  1.401927303450556E+02,  1.435744655643695E+02,  5.202439726109733E+00,  5.453531664144932E+00,  4.332133427436314E+03,
2461660.500000000, A.D. 2027-Sep-12 00:00:00.0000,  4.829564283524714E-02,  4.951250749661457E+00,  1.303684400455655E+00,  1.005227640511732E+02,  2.735761064728420E+02,  2.459966376567483E+06,  8.309826709334701E-02,  1.407787214844015E+02,  1.441196418984260E+02,  5.202509279679941E+00,  5.453767809698423E+00,  4.332220304854253E+03,
2461668.500000000, A.D. 2027-Sep-20 00:00:00.0000,  4.837949404749361E-02,  4.950337902145555E+00,  1.303760183455732E+00,  1.005282171272562E+02,  2.735053363409793E+02,  2.459965844128334E+06,  8.311026823936586E-02,  1.415081862134997E+02,  1.448007060565422E+02,  5.202008438427468E+00,  5.453678974709382E+00,  4.331594731028470E+03,
2461676.500000000, A.D. 2027-Sep-28 00:00:00.0000,  4.825821155115591E-02,  4.951944575595749E+00,  1.303537104718891E+00,  1.005121871285515E+02,  2.737319469977999E+02,  2.459967975530716E+06,  8.308570463038126E-02,  1.419539594087498E+02,  1.452055013538764E+02,  5.203033675411547E+00,  5.454122775227345E+00,  4.332875331580949E+03,
2461684.500000000, A.D. 2027-Oct-06 00:00:00.0000,  4.822762127005829E-02,  4.952191878539481E+00,  1.303546883684870E+00,  1.005127360106010E+02,  2.737216614309541E+02,  2.459967778098970E+06,  8.308348646168390E-02,  1.426312408227096E+02,  1.458302243400437E+02,  5.203126282302660E+00,  5.454060686065841E+00,  4.332991010987765E+03,
2461692.500000000, A.D. 2027-Oct-14 00:00:00.0000,  4.801002648207366E-02,  4.954240070045961E+00,  1.303462097495625E+00,  1.005061488020330E+02,  2.737650687844584E+02,  2.459967602732413E+06,  8.306044484114403E-02,  1.432707343510438E+02,  1.464080445120998E+02,  5.204088496581913E+00,  5.453936923117865E+00,  4.334193016766434E+03,
2461700.500000000, A.D. 2027-Oct-22 00:00:00.0000,  4.825931317125363E-02,  4.951502602727463E+00,  1.303686217910097E+00,  1.005233923669791E+02,  2.735436307704607E+02,  2.459965898494408E+06,  8.309668499348309E-02,  1.441396348993602E+02,  1.472264921095374E+02,  5.202575314108035E+00,  5.453648025488607E+00,  4.332302787147684E+03,
2461708.500000000, A.D. 2027-Oct-30 00:00:00.0000,  4.811063127108853E-02,  4.952996780463006E+00,  1.303596088539909E+00,  1.005162970283338E+02,  2.736114575895799E+02,  2.459966193278856E+06,  8.307855010565551E-02,  1.447483162319982E+02,  1.477796734897525E+02,  5.203332386280249E+00,  5.453667992097492E+00,  4.333248468373225E+03,
2461716.500000000, A.D. 2027-Nov-07 00:00:00.0000,  4.837113787791537E-02,  4.950418570114658E+00,  1.303740711435024E+00,  1.005281037137636E+02,  2.735095101829307E+02,  2.459965866713817E+06,  8.310933146350630E-02,  1.454939620523928E+02,  1.484833489341586E+02,  5.202047528356248E+00,  5.453676486597838E+00,  4.331643555069117E+03,
2461724.500000000, A.D. 2027-Nov-15 00:00:00.0000,  4.815923859948247E-02,  4.952447248534932E+00,  1.303666893848969E+00,  1.005221412862420E+02,  2.735551849819957E+02,  2.459965730815913E+06,  8.308601382495596E-02,  1.461291207439817E+02,  1.490568497474671E+02,  5.203020767095549E+00,  5.453594285656166E+00,  4.332859207308238E+03,
2461732.500000000, A.D. 2027-Nov-23 00:00:00.0000,  4.852903466519888E-02,  4.948937448456180E+00,  1.303787516943416E+00,  1.005326204020328E+02,  2.734910103660528E+02,  2.459966153009619E+06,  8.312595077871582E-02,  1.468292729805702E+02,  1.497233895936611E+02,  5.201354144017166E+00,  5.453770839578152E+00,  4.330777532498035E+03,
2461740.500000000, A.D. 2027-Dec-01 00:00:00.0000,  4.819286817209643E-02,  4.952424045841402E+00,  1.303572508457570E+00,  1.005138236999894E+02,  2.736916789532557E+02,  2.459967348798769E+06,  8.308219445603954E-02,  1.473172929006160E+02,  1.501540509721850E+02,  5.203180224475195E+00,  5.453936403108986E+00,  4.333058393040921E+03,
2461748.500000000, A.D. 2027-Dec-09 00:00:00.0000,  4.835452028595116E-02,  4.951031692086138E+00,  1.303577683877098E+00,  1.005140757657093E+02,  2.737392802828932E+02,  2.459968388230196E+06,  8.309607041980881E-02,  1.479202929787508E+02,  1.507183844989148E+02,  5.202600966038138E+00,  5.454170239990138E+00,  4.332334828605584E+03,
2461756.500000000, A.D. 2027-Dec-17 00:00:00.0000,  4.795673145864423E-02,  4.954712919078839E+00,  1.303503148941169E+00,  1.005069969944421E+02,  2.737478120134581E+02,  2.459967253289636E+06,  8.305552894316567E-02,  1.486068319390865E+02,  1.513288277844023E+02,  5.204293841255819E+00,  5.453874763432800E+00,  4.334449549365288E+03,
2461764.500000000, A.D. 2027-Dec-25 00:00:00.0000,  4.830307504088772E-02,  4.951292568074373E+00,  1.303641417268756E+00,  1.005200073813036E+02,  2.736347873341952E+02,  2.459967066039409E+06,  8.309624092608574E-02,  1.493600054380191E+02,  1.520404036900678E+02,  5.202593849178502E+00,  5.453895130282631E+00,  4.332325939030391E+03,
2461772.500000000, A.D. 2028-Jan-02 00:00:00.0000,  4.803298485922149E-02,  4.953786947859530E+00,  1.303602266904704E+00,  1.005161895262120E+02,  2.736275293285572E+02,  2.459966142448103E+06,  8.306883634518773E-02,  1.500520198594560E+02,  1.526627501422595E+02,  5.203738017253627E+00,  5.453689086647724E+00,  4.333755182316999E+03,
2461780.500000000, A.D. 2028-Jan-10 00:00:00.0000,  4.832782531624125E-02,  4.950993802608844E+00,  1.303684253713784E+00,  1.005244295721283E+02,  2.735981509541176E+02,  2.459966753301021E+06,  8.310052081485821E-02,  1.507232953114220E+02,  1.532948412342886E+02,  5.202415216410065E+00,  5.453836630211286E+00,  4.332102813194797E+03,
2461788.500000000, A.D. 2028-Jan-18 00:00:00.0000,  4.813272712224911E-02,  4.952672082705933E+00,  1.303716447952272E+00,  1.005280376355871E+02,  2.735158917241751E+02,  2.459965229814216E+06,  8.308382722409799E-02,  1.514842650984676E+02,  1.539841647021531E+02,  5.203112055457766E+00,  5.453552028209599E+00,  4.332973239533001E+03,
2461796.500000000, A.D. 2028-Jan-26 00:00:00.0000,  4.849123718461755E-02,  4.949372185491379E+00,  1.303753173811717E+00,  1.005321725514268E+02,  2.735458587976512E+02,  2.459966699631362E+06,  8.311995144546050E-02,  1.520929177961123E+02,  1.545604313561404E+02,  5.201604419119455E+00,  5.453836652747532E+00,  4.331090114221439E+03,
2461804.500000000, A.D. 2028-Feb-03 00:00:00.0000,  4.825470116088547E-02,  4.951741109404363E+00,  1.303662351412168E+00,  1.005223402546028E+02,  2.736330677523079E+02,  2.459966933009988E+06,  8.309128535585110E-02,  1.526858031276036E+02,  1.550931466686721E+02,  5.202800702503305E+00,  5.453860295602248E+00,  4.332584319260979E+03,
2461812.500000000, A.D. 2028-Feb-11 00:00:00.0000,  4.829815552200072E-02,  4.951588574437310E+00,  1.303575502762871E+00,  1.005122266486288E+02,  2.737869904454068E+02,  2.459968805265902E+06,  8.308943404313067E-02,  1.531915520045428E+02,  1.555591547281013E+02,  5.202877984494414E+00,  5.454167394551519E+00,  4.332680853417879E+03,
2461820.500000000, A.D. 2028-Feb-19 00:00:00.0000,  4.805725503996060E-02,  4.953730418960046E+00,  1.303591121145977E+00,  1.005139173483207E+02,  2.737098947054012E+02,  2.459967173523633E+06,  8.306708147878437E-02,  1.539504214191521E+02,  1.562441168782552E+02,  5.203811306075969E+00,  5.453892193191892E+00,  4.333846736771958E+03,
2461828.500000000, A.D. 2028-Feb-27 00:00:00.0000,  4.817398758216843E-02,  4.952654408220624E+00,  1.303588199598539E+00,  1.005133148217246E+02,  2.737290621010689E+02,  2.459967749683277E+06,  8.307886986981168E-02,  1.545890334232366E+02,  1.568348509990064E+02,  5.203319034788590E+00,  5.453983661356557E+00,  4.333231790034411E+03,
2461836.500000000, A.D. 2028-Mar-06 00:00:00.0000,  4.809744865171873E-02,  4.953246276652875E+00,  1.303631135587335E+00,  1.005186412487432E+02,  2.736427906762987E+02,  2.459966533623074E+06,  8.307399885049632E-02,  1.553455846471999E+02,  1.575248330332923E+02,  5.203522429514516E+00,  5.453798582376158E+00,  4.333485867796880E+03,
2461844.500000000, A.D. 2028-Mar-14 00:00:00.0000,  4.810747631896588E-02,  4.953202462076214E+00,  1.303615967792882E+00,  1.005165535544270E+02,  2.736758437359797E+02,  2.459966941620145E+06,  8.307378841642558E-02,  1.559758875875809E+02,  1.581026661097024E+02,  5.203531216866624E+00,  5.453859971657034E+00,  4.333496844942487E+03,
2461852.500000000, A.D. 2028-Mar-22 00:00:00.0000,  4.821460957832090E-02,  4.951924636435395E+00,  1.303736770681710E+00,  1.005331017629714E+02,  2.734975179498747E+02,  2.459965283700441E+06,  8.309191613891467E-02,  1.568124184989558E+02,  1.588729878285509E+02,  5.202774371480418E+00,  5.453624106525440E+00,  4.332551428927755E+03,
2461860.500000000, A.D. 2028-Mar-30 00:00:00.0000,  4.829370034804994E-02,  4.951269143347935E+00,  1.303702361665330E+00,  1.005286176295910E+02,  2.735656440548327E+02,  2.459966301600375E+06,  8.309805844742453E-02,  1.574042093230806E+02,  1.594176623745680E+02,  5.202517988121620E+00,  5.453766832895305E+00,  4.332231182365940E+03,
2461868.500000000, A.D. 2028-Apr-07 00:00:00.0000,  4.840923518829743E-02,  4.950203994124688E+00,  1.303706558284128E+00,  1.005294791880605E+02,  2.735927682375092E+02,  2.459966995394402E+06,  8.310974427281249E-02,  1.580335615048151E+02,  1.599977413261650E+02,  5.202030302494808E+00,  5.453856610864929E+00,  4.331622039628463E+03,
2461876.500000000, A.D. 2028-Apr-15 00:00:00.0000,  4.814569449647411E-02,  4.952953489297982E+00,  1.303585698597593E+00,  1.005111249568997E+02,  2.737606111864908E+02,  2.459968035370574E+06,  8.307504896168057E-02,  1.585457925312092E+02,  1.604561163484738E+02,  5.203478579295701E+00,  5.454003669293419E+00,  4.333431090315151E+03,
2461884.500000000, A.D. 2028-Apr-23 00:00:00.0000,  4.825210482640844E-02,  4.951828056863762E+00,  1.303639224814645E+00,  1.005193452807009E+02,  2.736838348124390E+02,  2.459967515942349E+06,  8.308943690548190E-02,  1.592811259070266E+02,  1.611323044840217E+02,  5.202877865004983E+00,  5.453927673146203E+00,  4.332680704161188E+03,
2461892.500000000, A.D. 2028-May-01 00:00:00.0000,  4.802073665371819E-02,  4.954106883479685E+00,  1.303579144809470E+00,  1.005092692428768E+02,  2.737288660383075E+02,  2.459967242017935E+06,  8.306239263331328E-02,  1.599165344267551E+02,  1.617047949665305E+02,  5.204007139888331E+00,  5.453907396296978E+00,  4.334091381032735E+03,
2461900.500000000, A.D. 2028-May-09 00:00:00.0000,  4.823003952547826E-02,  4.952026055746143E+00,  1.303628450319706E+00,  1.005173985871699E+02,  2.736784564861449E+02,  2.459967360343267E+06,  8.308734301569581E-02,  1.606194377561922E+02,  1.623542941401321E+02,  5.202965276690622E+00,  5.453904497635103E+00,  4.332789892342487E+03,
2461908.500000000, A.D. 2028-May-17 00:00:00.0000,  4.790922612620702E-02,  4.955107695698115E+00,  1.303597857540896E+00,  1.005117780175094E+02,  2.736640743113015E+02,  2.459966127035092E+06,  8.305181933781722E-02,  1.613176085682422E+02,  1.629813454351004E+02,  5.204448810628798E+00,  5.453789925559482E+00,  4.334643152556151E+03,
2461916.500000000, A.D. 2028-May-25 00:00:00.0000,  4.830777938239057E-02,  4.951090895864045E+00,  1.303706262069675E+00,  1.005322387020308E+02,  2.735212225553308E+02,  2.459965828292670E+06,  8.310070193454890E-02,  1.621021881230148E+02,  1.637105711234030E+02,  5.202407657226606E+00,  5.453724418589168E+00,  4.332093371287528E+03,
2461924.500000000, A.D. 2028-Jun-02 00:00:00.0000,  4.814960122821899E-02,  4.952618346255472E+00,  1.303685968520486E+00,  1.005288313571695E+02,  2.735130166588560E+02,  2.459965193146051E+06,  8.308297011754835E-02,  1.627850327977317E+02,  1.643288510597318E+02,  5.203147839877020E+00,  5.453677333498567E+00,  4.333017939665142E+03,
2461932.500000000, A.D. 2028-Jun-10 00:00:00.0000,  4.852404176634266E-02,  4.949076201385167E+00,  1.303692985790121E+00,  1.005305455040056E+02,  2.735979014616901E+02,  2.459967430185097E+06,  8.312310929433195E-02,  1.633427129951410E+02,  1.648487124890421E+02,  5.201472678902734E+00,  5.453869156420301E+00,  4.330925576006430E+03,
2461940.500000000, A.D. 2028-Jun-18 00:00:00.0000,  4.810374832654078E-02,  4.953229179388964E+00,  1.303626693536129E+00,  1.005162345228136E+02,  2.736643771441497E+02,  2.459966785073567E+06,  8.307360429938790E-02,  1.639636127982838E+02,  1.654028594325612E+02,  5.203538905296721E+00,  5.453848631204479E+00,  4.333506449324151E+03,
2461948.500000000, A.D. 2028-Jun-26 00:00:00.0000,  4.839253370885608E-02,  4.950442114061278E+00,  1.303645525572206E+00,  1.005203010531299E+02,  2.736919976481246E+02,  2.459968078293658E+06,  8.310593573924843E-02,  1.645847990638928E+02,  1.659773046910860E+02,  5.202189231822074E+00,  5.453936349582872E+00,  4.331820546844319E+03,
2461956.500000000, A.D. 2028-Jul-04 00:00:00.0000,  4.804360791441108E-02,  4.953823212839562E+00,  1.303617038825609E+00,  1.005132032851196E+02,  2.736721961936256E+02,  2.459966659266734E+06,  8.306653373991950E-02,  1.652891724068697E+02,  1.666101961109272E+02,  5.203834181927707E+00,  5.453845151015853E+00,  4.333875314060370E+03,
2461964.500000000, A.D. 2028-Jul-12 00:00:00.0000,  4.828578743889284E-02,  4.951521930577368E+00,  1.303616861529754E+00,  1.005124324010399E+02,  2.737457073005451E+02,  2.459968330008918E+06,  8.309273128593517E-02,  1.658672166700229E+02,  1.671432838301630E+02,  5.202740344974562E+00,  5.453958759371757E+00,  4.332508926216222E+03,
2461972.500000000, A.D. 2028-Jul-20 00:00:00.0000,  4.790878312056444E-02,  4.955111823304462E+00,  1.303623702791623E+00,  1.005141057479545E+02,  2.736321247328151E+02,  2.459965744742738E+06,  8.305177353030029E-02,  1.666645831568754E+02,  1.678608941529430E+02,  5.204450724317453E+00,  5.453789625330443E+00,  4.334645543344827E+03,
2461980.500000000, A.D. 2028-Jul-28 00:00:00.0000,  4.826798933704784E-02,  4.951558573294728E+00,  1.303665749393564E+00,  1.005266073049606E+02,  2.735870323973033E+02,  2.459966448986041E+06,  8.309413980165560E-02,  1.673558365215985E+02,  1.684990421776616E+02,  5.202681550918521E+00,  5.453804528542312E+00,  4.332435486537491E+03,
2461988.500000000, A.D. 2028-Aug-05 00:00:00.0000,  4.818115992377967E-02,  4.952334185377635E+00,  1.303685330444179E+00,  1.005338895764050E+02,  2.734822660276777E+02,  2.459964937793494E+06,  8.308598881154050E-02,  1.681296668492116E+02,  1.692019530162607E+02,  5.203021811357567E+00,  5.453709437337500E+00,  4.332860511735242E+03,
2461996.500000000, A.D. 2028-Aug-13 00:00:00.0000,  4.845482373880740E-02,  4.949763864639563E+00,  1.303666186657621E+00,  1.005275335610692E+02,  2.736376980795410E+02,  2.459967686087155E+06,  8.311485648485280E-02,  1.686245772005864E+02,  1.696581713547563E+02,  5.201816990012134E+00,  5.453870115384706E+00,  4.331355611082694E+03,
2462004.500000000, A.D. 2028-Aug-21 00:00:00.0000,  4.822538340584946E-02,  4.952000257414608E+00,  1.303660065884181E+00,  1.005257622673991E+02,  2.736101357823903E+02,  2.459966596293360E+06,  8.308860201253389E-02,  1.693265700208452E+02,  1.702926828456534E+02,  5.202912718070739E+00,  5.453825178726870E+00,  4.332724239910717E+03,
2462012.500000000, A.D. 2028-Aug-29 00:00:00.0000,  4.834359788351736E-02,  4.950901888031962E+00,  1.303645504646055E+00,  1.005193433100480E+02,  2.737119398367929E+02,  2.459968184878074E+06,  8.310076904220257E-02,  1.698841587966962E+02,  1.708023725760518E+02,  5.202404856438902E+00,  5.453907824845842E+00,  4.332089872924938E+03,
2462020.500000000, A.D. 2028-Sep-06 00:00:00.0000,  4.822993041916027E-02,  4.951992877667581E+00,  1.303647685375056E+00,  1.005203149629799E+02,  2.736685653327295E+02,  2.459967287912000E+06,  8.308819232524527E-02,  1.705976808522272E+02,  1.714497402583416E+02,  5.202929820905634E+00,  5.453866764143687E+00,  4.332745603500374E+03,
2462028.500000000, A.D. 2028-Sep-14 00:00:00.0000,  4.816960782682282E-02,  4.952657421308731E+00,  1.303624921070297E+00,  1.005066915356226E+02,  2.737974697457494E+02,  2.459968581294757E+06,  8.307936747661350E-02,  1.711367430847991E+02,  1.719393401530670E+02,  5.203298257792592E+00,  5.453939094276452E+00,  4.333205835989766E+03,
2462036.500000000, A.D. 2028-Sep-22 00:00:00.0000,  4.805344706940596E-02,  4.953732192801866E+00,  1.303643083069844E+00,  1.005168537863698E+02,  2.736648213298657E+02,  2.459966644512819E+06,  8.306753529040332E-02,  1.719377937274640E+02,  1.726666125914667E+02,  5.203792353206873E+00,  5.453852513611880E+00,  4.333823060253845E+03,
2462044.500000000, A.D. 2028-Sep-30 00:00:00.0000,  4.806396715598692E-02,  4.953609438045250E+00,  1.303648359481818E+00,  1.005202567375342E+02,  2.736242557115352E+02,  2.459966197969085E+06,  8.306924600558087E-02,  1.726429826800045E+02,  1.733084984192997E+02,  5.203720908899519E+00,  5.453832379753788E+00,  4.333733810173430E+03,
2462052.500000000, A.D. 2028-Oct-08 00:00:00.0000,  4.829887500479682E-02,  4.951251472953778E+00,  1.303664813257409E+00,  1.005361906445189E+02,  2.735311892913993E+02,  2.459965932496449E+06,  8.309782555861657E-02,  1.733892224263863E+02,  1.739902566101843E+02,  5.202527708453358E+00,  5.453803943952939E+00,  4.332243323816683E+03,
2462060.500000000, A.D. 2028-Oct-16 00:00:00.0000,  4.822502353225484E-02,  4.952025346349190E+00,  1.303652869267550E+00,  1.005247515509198E+02,  2.736344516990259E+02,  2.459966889591584E+06,  8.308801769770446E-02,  1.739539386665608E+02,  1.745030045045112E+02,  5.202937110962184E+00,  5.453848875575177E+00,  4.332754709707630E+03,
2462068.500000000, A.D. 2028-Oct-24 00:00:00.0000,  4.837895297317864E-02,  4.950502975965684E+00,  1.303655921510470E+00,  1.005311724975337E+02,  2.736316530278441E+02,  2.459967416466740E+06,  8.310618220281744E-02,  1.746130309384560E+02,  1.751038718394661E+02,  5.202178946580355E+00,  5.453854917195026E+00,  4.331807700195322E+03,
2462076.500000000, A.D. 2028-Nov-01 00:00:00.0000,  4.818009725420569E-02,  4.952483318124626E+00,  1.303650535133224E+00,  1.005208109009751E+02,  2.736694210316807E+02,  2.459967151915431E+06,  8.308237505930781E-02,  1.752496486928396E+02,  1.756809236554438E+02,  5.203172684073725E+00,  5.453862050022825E+00,  4.333048973901099E+03,
2462084.500000000, A.D. 2028-Nov-09 00:00:00.0000,  4.842383189710725E-02,  4.950083142606580E+00,  1.303651324480326E+00,  1.005229162091992E+02,  2.737250300685521E+02,  2.459968665758288E+06,  8.311087553101934E-02,  1.758488363072063E+02,  1.762275956470732E+02,  5.201983097659223E+00,  5.453883052711866E+00,  4.331563080040442E+03,
2462092.500000000, A.D. 2028-Nov-17 00:00:00.0000,  4.801511483150930E-02,  4.954141834952880E+00,  1.303654018168197E+00,  1.005051751060397E+02,  2.737724466955488E+02,  2.459967780639046E+06,  8.306224939581568E-02,  1.764839694556633E+02,  1.768022899296307E+02,  5.204013122620169E+00,  5.453884410287459E+00,  4.334098854998445E+03,
2462100.500000000, A.D. 2028-Nov-25 00:00:00.0000,  4.818180977081789E-02,  4.952479769455087E+00,  1.303654287146912E+00,  1.005136488988003E+02,  2.737448928904989E+02,  2.459968053251814E+06,  8.308224013443906E-02,  1.771684528066661E+02,  1.774256910411136E+02,  5.203178317345051E+00,  5.453876865235014E+00,  4.333056010736687E+03,
2462108.500000000, A.D. 2028-Dec-03 00:00:00.0000,  4.787820270443629E-02,  4.955470072346269E+00,  1.303652633702348E+00,  1.005171075671304E+02,  2.735924967183299E+02,  2.459965151882672E+06,  8.304676845277949E-02,  1.779981348134787E+02,  1.781789485151959E+02,  5.204659830729575E+00,  5.453849589112881E+00,  4.334906784539081E+03,
2462116.500000000, A.D. 2028-Dec-11 00:00:00.0000,  4.834299623508866E-02,  4.950861729870816E+00,  1.303642289311563E+00,  1.005300630578865E+02,  2.736172867912996E+02,  2.459967093831292E+06,  8.310185894001096E-02,  1.786196482367560E+02,  1.787454775812348E+02,  5.202359369273168E+00,  5.453857008675519E+00,  4.332033056683779E+03,
2462124.500000000, A.D. 2028-Dec-19 00:00:00.0000,  4.804812755884188E-02,  4.953789148083877E+00,  1.303645448900992E+00,  1.005249019793693E+02,  2.735718172636487E+02,  2.459965507246749E+06,  8.306679897929189E-02,  1.793406170320410E+02,  1.794003826622161E+02,  5.203823104397623E+00,  5.453857060711368E+00,  4.333861475626935E+03,
2462132.500000000, A.D. 2028-Dec-27 00:00:00.0000,  4.841186436907731E-02,  4.950181331317879E+00,  1.303639364389642E+00,  1.005292441788670E+02,  2.736689139446379E+02,  2.459967976693337E+06,  8.310997056814542E-02,  1.798934683108458E+02,  1.799031932917239E+02,  5.202020859618858E+00,  5.453860387919838E+00,  4.331610245305292E+03,
2462140.500000000, A.D. 2029-Jan-04 00:00:00.0000,  4.812248176461209E-02,  4.953058215707797E+00,  1.303639961328348E+00,  1.005272530397722E+02,  2.735817445588613E+02,  2.464299306421983E+06,  8.307545302461579E-02,  1.806561785013109E+02,  1.805966165149209E+02,  5.203461706806447E+00,  5.453865197905097E+00,  4.333410013344492E+03,
2462148.500000000, A.D. 2029-Jan-12 00:00:00.0000,  4.848394944790064E-02,  4.949457097260660E+00,  1.303651007443105E+00,  1.005211843792226E+02,  2.737734204516911E+02,  2.464300632440938E+06,  8.311876739192940E-02,  1.811174042450546E+02,  1.810152617219760E+02,  5.201653818018970E+00,  5.453850538777281E+00,  4.331151811990838E+03,
2462156.500000000, A.D. 2029-Jan-20 00:00:00.0000,  4.803432665936708E-02,  4.953924531422069E+00,  1.303673177332067E+00,  1.005103778629363E+02,  2.737202746024867E+02,  2.464301186159191E+06,  8.306520018663184E-02,  1.818512148492781E+02,  1.816834898960090E+02,  5.203889877707231E+00,  5.453855223992393E+00,  4.333944891376267E+03,
2462164.500000000, A.D. 2029-Jan-28 00:00:00.0000,  4.818310254406027E-02,  4.952431520565397E+00,  1.303681316784521E+00,  1.005082514691731E+02,  2.737980378231782E+02,  2.464301714157764E+06,  8.308328500842670E-02,  1.824332270064629E+02,  1.822121497606658E+02,  5.203134693030230E+00,  5.453837865495062E+00,  4.333001517254489E+03,
2462172.500000000, A.D. 2029-Feb-05 00:00:00.0000,  4.790741532206084E-02,  4.955211679053119E+00,  1.303653830969386E+00,  1.005194931724750E+02,  2.735688421818687E+02,  2.464299716969580E+06,  8.304944206219676E-02,  1.833358175311141E+02,  1.830344356736806E+02,  5.204548127774044E+00,  5.453884576494969E+00,  4.334767230951311E+03,
2462180.500000000, A.D. 2029-Feb-13 00:00:00.0000,  4.823955636054875E-02,  4.951891336776167E+00,  1.303647878512053E+00,  1.005219468996913E+02,  2.736674642572071E+02,  2.464300003379219E+06,  8.308948745044906E-02,  1.838915505711942E+02,  1.835377216060003E+02,  5.202875754996239E+00,  5.453860173216313E+00,  4.332678068506420E+03,
2462188.500000000, A.D. 2029-Feb-21 00:00:00.0000,  4.807432285292602E-02,  4.953566329683165E+00,  1.303627371518322E+00,  1.005283153011729E+02,  2.735488993032612E+02,  2.464299057312214E+06,  8.306897484672392E-02,  1.846781677191048E+02,  1.842543134050501E+02,  5.203732233097260E+00,  5.453898136511356E+00,  4.333747956613885E+03,
2462196.500000000, A.D. 2029-Mar-01 00:00:00.0000,  4.826901537177990E-02,  4.951601885746149E+00,  1.303633231342259E+00,  1.005262801697795E+02,  2.736553385521770E+02,  2.464299809306256E+06,  8.309291517721852E-02,  1.852298982237954E+02,  1.847543565634291E+02,  5.202732668917385E+00,  5.453863452088620E+00,  4.332499338026603E+03,
2462204.500000000, A.D. 2029-Mar-09 00:00:00.0000,  4.824747581396221E-02,  4.951853608441972E+00,  1.303598133202382E+00,  1.005356720634859E+02,  2.735558858466951E+02,  2.464298708787174E+06,  8.308939997241795E-02,  1.859934484567569E+02,  1.854489069200216E+02,  5.202879406783731E+00,  5.453905205125491E+00,  4.332682630028670E+03,
2462212.500000000, A.D. 2029-Mar-17 00:00:00.0000,  4.837832773724984E-02,  4.950479129613375E+00,  1.303650353645821E+00,  1.005213948610687E+02,  2.737529934288542E+02,  2.464300669139985E+06,  8.310686458908526E-02,  1.864588100441281E+02,  1.858706316741890E+02,  5.202150469988990E+00,  5.453821810364606E+00,  4.331772131941074E+03,
2462220.500000000, A.D. 2029-Mar-25 00:00:00.0000,  4.823728856331486E-02,  4.951879078512480E+00,  1.303663955510779E+00,  1.005180908064327E+02,  2.737425828393349E+02,  2.464300930502302E+06,  8.309009295202510E-02,  1.871368361835337E+02,  1.864889539694309E+02,  5.202850478390379E+00,  5.453821878268276E+00,  4.332646495026288E+03,
2462228.500000000, A.D. 2029-Apr-02 00:00:00.0000,  4.806556764410325E-02,  4.953562055338690E+00,  1.303710165044150E+00,  1.005077059678636E+02,  2.737749060275844E+02,  2.464301747364835E+06,  8.307022839271738E-02,  1.877748678885781E+02,  1.870717206804455E+02,  5.203679882740829E+00,  5.453797710142967E+00,  4.333682559509617E+03,
2462236.500000000, A.D. 2029-Apr-10 00:00:00.0000,  4.810358339381035E-02,  4.953252390463179E+00,  1.303646369971333E+00,  1.005223569949873E+02,  2.736402297342200E+02,  2.464300082833637E+06,  8.307304196313739E-02,  1.885718966668102E+02,  1.877965193638094E+02,  5.203562387726055E+00,  5.453872384988930E+00,  4.333535783602885E+03,
2462244.500000000, A.D. 2029-Apr-18 00:00:00.0000,  4.804062367807464E-02,  4.953873485842109E+00,  1.303666821145862E+00,  1.005181352968012E+02,  2.736459011788397E+02,  2.464300298464181E+06,  8.306565987232513E-02,  1.892337440082817E+02,  1.883999493683376E+02,  5.203870678791287E+00,  5.453867871740466E+00,  4.333920907307939E+03,
2462252.500000000, A.D. 2029-Apr-26 00:00:00.0000,  4.820006985671287E-02,  4.952308086375467E+00,  1.303615324908267E+00,  1.005285316007456E+02,  2.736249987317639E+02,  2.464299667014901E+06,  8.308416958499885E-02,  1.899128285651302E+02,  1.890154076764865E+02,  5.203097761973917E+00,  5.453887437572368E+00,  4.332955384860696E+03,
2462260.500000000, A.D. 2029-May-04 00:00:00.0000,  4.803651777955882E-02,  4.953963122290076E+00,  1.303623261490105E+00,  1.005267413380739E+02,  2.735698405381144E+02,  2.464299450976961E+06,  8.306394280362399E-02,  1.906366926703287E+02,  1.896774324097590E+02,  5.203942393604246E+00,  5.453921664918416E+00,  4.334010496601343E+03,
2462268.500000000, A.D. 2029-May-12 00:00:00.0000,  4.839272875716914E-02,  4.950414077988955E+00,  1.303556678824050E+00,  1.005385998923493E+02,  2.736168877927913E+02,  2.464299093374270E+06,  8.310661617969332E-02,  1.912442558274617E+02,  1.902236862336352E+02,  5.202160836290741E+00,  5.453907594592526E+00,  4.331785079801674E+03,
2462276.500000000, A.D. 2029-May-20 00:00:00.0000,  4.820993140928945E-02,  4.952189966402856E+00,  1.303628718694689E+00,  1.005255875952767E+02,  2.736605196190694E+02,  2.464300053493874E+06,  8.308585090725121E-02,  1.918713361051096E+02,  1.907983559311164E+02,  5.203027568605994E+00,  5.453865170809131E+00,  4.332867703333365E+03,
2462284.500000000, A.D. 2029-May-28 00:00:00.0000,  4.841254580579338E-02,  4.950063594636506E+00,  1.303661995371252E+00,  1.005201738257497E+02,  2.738249917689911E+02,  2.464301441414776E+06,  8.311284645078656E-02,  1.923662578935043E+02,  1.912446854712552E+02,  5.201900858211886E+00,  5.453738121787266E+00,  4.331460362305917E+03,
2462292.500000000, A.D. 2029-Jun-05 00:00:00.0000,  4.795528231847111E-02,  4.954678232240871E+00,  1.303714970381364E+00,  1.005118499712886E+02,  2.736875954660417E+02,  2.464301015236663E+06,  8.305659076548541E-02,  1.931795719422410E+02,  1.919959486329591E+02,  5.204249485577497E+00,  5.453820738914123E+00,  4.334394136360335E+03,
2462300.500000000, A.D. 2029-Jun-13 00:00:00.0000,  4.824979905455234E-02,  4.951722462428487E+00,  1.303670043284192E+00,  1.005191567081653E+02,  2.737498001395345E+02,  2.464300977022222E+06,  8.309239667405358E-02,  1.937755697322142E+02,  1.925321015038348E+02,  5.202754312538684E+00,  5.453786162648881E+00,  4.332526373167108E+03,
2462308.500000000, A.D. 2029-Jun-21 00:00:00.0000,  4.791539315649533E-02,  4.955160009047013E+00,  1.303676543600059E+00,  1.005182292755193E+02,  2.735838350065169E+02,  2.464299910086329E+06,  8.304969721070621E-02,  1.946139953080674E+02,  1.933048170041993E+02,  5.204537468025149E+00,  5.453914927003285E+00,  4.334753913510851E+03,
2462316.500000000, A.D. 2029-Jun-29 00:00:00.0000,  4.823398139557362E-02,  4.951906433890079E+00,  1.303651853351113E+00,  1.005219783213444E+02,  2.737139577603568E+02,  2.464300606857481E+06,  8.308983751882824E-02,  1.951408835918788E+02,  1.937769019123141E+02,  5.202861141387517E+00,  5.453815848884955E+00,  4.332659814365669E+03,
2462324.500000000, A.D. 2029-Jul-07 00:00:00.0000,  4.791009734969816E-02,  4.955325535315510E+00,  1.303596332842603E+00,  1.005293726784710E+02,  2.734692246063458E+02,  2.464298631317098E+06,  8.304622888388888E-02,  1.960558387934506E+02,  1.946203677318717E+02,  5.204682374554684E+00,  5.454039213793858E+00,  4.334934949344108E+03,
2462332.500000000, A.D. 2029-Jul-15 00:00:00.0000,  4.839123094197696E-02,  4.950419629820023E+00,  1.303555398147596E+00,  1.005346321169704E+02,  2.736592864199140E+02,  2.464299592745674E+06,  8.310667258780130E-02,  1.965214672354131E+02,  1.950313223323467E+02,  5.202158482335483E+00,  5.453897334850943E+00,  4.331782139631013E+03,
2462340.500000000, A.D. 2029-Jul-23 00:00:00.0000,  4.817319299224945E-02,  4.952646901807984E+00,  1.303576889510643E+00,  1.005314585011889E+02,  2.735753382561933E+02,  2.464299178408912E+06,  8.307916277828778E-02,  1.972746376356314E+02,  1.957248875991712E+02,  5.203306804709120E+00,  5.453966707610257E+00,  4.333216512553539E+03,
2462348.500000000, A.D. 2029-Jul-31 00:00:00.0000,  4.842300244047118E-02,  4.949898615390007E+00,  1.303685721825525E+00,  1.005180832740518E+02,  2.738549010731955E+02,  2.464301728987155E+06,  8.311563168196028E-02,  1.976561389131470E+02,  1.960653110720762E+02,  5.201784645997972E+00,  5.453670676605936E+00,  4.331315213695666E+03,
2462356.500000000, A.D. 2029-Aug-08 00:00:00.0000,  4.802963604941757E-02,  4.953980348886778E+00,  1.303684215645973E+00,  1.005182870866463E+02,  2.736402103051513E+02,  2.464300267011244E+06,  8.306441024256701E-02,  1.985421395620730E+02,  1.968865963694148E+02,  5.203922870380389E+00,  5.453865391874000E+00,  4.333986107271669E+03,
2462364.500000000, A.D. 2029-Aug-16 00:00:00.0000,  4.824896764185939E-02,  4.951662143314207E+00,  1.303722998960120E+00,  1.005140849294113E+02,  2.737922473802052E+02,  2.464301428349524E+06,  8.309402385638352E-02,  1.990528295165416E+02,  1.973457532466035E+02,  5.202686390626276E+00,  5.453710637938345E+00,  4.332441531802696E+03,
2462372.500000000, A.D. 2029-Aug-24 00:00:00.0000,  4.801182504498916E-02,  4.954199054516032E+00,  1.303678356774491E+00,  1.005191688862557E+02,  2.736031615990953E+02,  2.464299873485033E+06,  8.306124093446442E-02,  1.999099665889551E+02,  1.981369362234180E+02,  5.204055244436369E+00,  5.453911434356708E+00,  4.334151476066208E+03,
2462380.500000000, A.D. 2029-Sep-01 00:00:00.0000,  4.812804802916107E-02,  4.952915153570614E+00,  1.303725502140468E+00,  1.005142838246461E+02,  2.737241956806265E+02,  2.464300953719594E+06,  8.307832370430294E-02,  2.004519242244691E+02,  1.986281790404809E+02,  5.203341839535944E+00,  5.453768525501274E+00,  4.333260277149215E+03,
2462388.500000000, A.D. 2029-Sep-09 00:00:00.0000,  4.799791666599716E-02,  4.954494432875750E+00,  1.303571008968266E+00,  1.005305115115009E+02,  2.734796096738177E+02,  2.464298533593338E+06,  8.305563320356919E-02,  2.013609504651994E+02,  1.994641297892693E+02,  5.204289485926998E+00,  5.454084538978248E+00,  4.334444108295950E+03,
2462396.500000000, A.D. 2029-Sep-17 00:00:00.0000,  4.824080688364966E-02,  4.951969396395679E+00,  1.303566525037106E+00,  1.005308168392426E+02,  2.736108367513540E+02,  2.464299415882933E+06,  8.308735905171410E-02,  2.018917447895172E+02,  1.999404142306242E+02,  5.202964607235806E+00,  5.453959818075933E+00,  4.332789056105799E+03,
2462404.500000000, A.D. 2029-Sep-25 00:00:00.0000,  4.831386240128917E-02,  4.951262361499164E+00,  1.303516668517806E+00,  1.005354892963914E+02,  2.736130939111737E+02,  2.464299281500232E+06,  8.309558851890571E-02,  2.025520161234564E+02,  2.005414980411083E+02,  5.202621080508917E+00,  5.453979799518670E+00,  4.332359953357736E+03,
2462412.500000000, A.D. 2029-Oct-03 00:00:00.0000,  4.829339568781731E-02,  4.951219637672676E+00,  1.303681496239785E+00,  1.005194789344690E+02,  2.737833784299897E+02,  2.464301235387343E+06,  8.309934465987620E-02,  2.030473270758423E+02,  2.009954779665659E+02,  5.202464304901007E+00,  5.453708972129336E+00,  4.332164128050253E+03,
2462420.500000000, A.D. 2029-Oct-11 00:00:00.0000,  4.825641544469860E-02,  4.951659419347211E+00,  1.303637889272472E+00,  1.005236101647153E+02,  2.737241068186846E+02,  2.464300671217127E+06,  8.309311706194564E-02,  2.037707129587378E+02,  2.016590904173171E+02,  5.202724241803904E+00,  5.453789064260598E+00,  4.332488811698100E+03,
2462428.500000000, A.D. 2029-Oct-19 00:00:00.0000,  4.815180128831343E-02,  4.952638518585553E+00,  1.303732782290358E+00,  1.005150317057077E+02,  2.737427254946693E+02,  2.464301107773120E+06,  8.308217446788974E-02,  2.044196742837147E+02,  2.022577854769027E+02,  5.203181059005924E+00,  5.453723599426295E+00,  4.333059435500641E+03,
2462436.500000000, A.D. 2029-Oct-27 00:00:00.0000,  4.823517032016764E-02,  4.951807399923652E+00,  1.303693811725062E+00,  1.005186715411381E+02,  2.737603731597419E+02,  2.464301115416570E+06,  8.309217447596556E-02,  2.050650504758329E+02,  2.028454592403500E+02,  5.202763587712531E+00,  5.453719775501410E+00,  4.332537958843887E+03,
2462444.500000000, A.D. 2029-Nov-04 00:00:00.0000,  4.796806458666840E-02,  4.954521423717656E+00,  1.303761921672861E+00,  1.005129235299722E+02,  2.736601856641161E+02,  2.464300625752129E+06,  8.305886109039842E-02,  2.058323089876156E+02,  2.035606349588884E+02,  5.204154650092295E+00,  5.453787876466933E+00,  4.334275660343914E+03,
2462452.500000000, A.D. 2029-Nov-12 00:00:00.0000,  4.815144548955703E-02,  4.952832121643217E+00,  1.303586773770319E+00,  1.005278118302573E+02,  2.736182004307536E+02,  2.464299749137309E+06,  8.307734965262847E-02,  2.065354375242849E+02,  2.041972167304490E+02,  5.203382510982084E+00,  5.453932900320951E+00,  4.333311083048134E+03,
2462460.500000000, A.D. 2029-Nov-20 00:00:00.0000,  4.804630072030674E-02,  4.954034709330654E+00,  1.303539623051585E+00,  1.005315081382339E+02,  2.735000743103168E+02,  2.464298678372740E+06,  8.306086197761588E-02,  2.073193198915625E+02,  2.049214183002714E+02,  5.204071073077590E+00,  5.454107436824525E+00,  4.334171250197435E+03,
2462468.500000000, A.D. 2029-Nov-28 00:00:00.0000,  4.843109900685288E-02,  4.949972054901182E+00,  1.303505503359460E+00,  1.005341003286524E+02,  2.737369866131419E+02,  2.464300433427707E+06,  8.311272122229310E-02,  2.077430277251959E+02,  2.052919315842019E+02,  5.201906083453256E+00,  5.453840112005331E+00,  4.331466888650472E+03,
2462476.500000000, A.D. 2029-Dec-06 00:00:00.0000,  4.813784272123810E-02,  4.952903618191902E+00,  1.303613532346481E+00,  1.005254598381794E+02,  2.736530810470928E+02,  2.464300185217574E+06,  8.307733163435840E-02,  2.084930983829100E+02,  2.059947907330175E+02,  5.203383263340929E+00,  5.453862908489956E+00,  4.333312022880550E+03,
2462484.500000000, A.D. 2029-Dec-14 00:00:00.0000,  4.840276121097973E-02,  4.950045110270821E+00,  1.303623240470569E+00,  1.005247630000291E+02,  2.738489048968516E+02,  2.464301753067510E+06,  8.311459389759429E-02,  2.089597492847417E+02,  2.064102484066253E+02,  5.201827946211918E+00,  5.453610782153016E+00,  4.331369295307596E+03,
2462492.500000000, A.D. 2029-Dec-22 00:00:00.0000,  4.808130362990308E-02,  4.953422583608662E+00,  1.303668008935662E+00,  1.005213851089932E+02,  2.736621356554558E+02,  2.464300412089512E+06,  8.307167701352008E-02,  2.098137108311880E+02,  2.072112896688188E+02,  5.203619387346100E+00,  5.453816191083538E+00,  4.333606987871561E+03,
2462500.500000000, A.D. 2029-Dec-30 00:00:00.0000,  4.834883698246280E-02,  4.950413500228123E+00,  1.303754704990737E+00,  1.005152881381601E+02,  2.739241823435355E+02,  2.464302696930278E+06,  8.311238058952032E-02,  2.102151228334777E+02,  2.075665210881413E+02,  5.201920296646446E+00,  5.453427093064768E+00,  4.331484640994539E+03,
2462508.500000000, A.D. 2030-Jan-07 00:00:00.0000,  4.789020504151464E-02,  4.955328027847320E+00,  1.303751020564978E+00,  1.005156544730622E+02,  2.736029772587460E+02,  2.464300192463180E+06,  8.304876890283883E-02,  2.112021466804095E+02,  2.084988630458559E+02,  5.204576251695200E+00,  5.453824475543081E+00,  4.334802366801781E+03,
2462516.500000000, A.D. 2030-Jan-15 00:00:00.0000,  4.816060989211959E-02,  4.952551607334742E+00,  1.303671689901966E+00,  1.005213337251224E+02,  2.737261221853432E+02,  2.464300944873281E+06,  8.308320814637957E-02,  2.117425951674838E+02,  2.089818557243155E+02,  5.203137902050289E+00,  5.453724196765836E+00,  4.333005525806569E+03,
2462524.500000000, A.D. 2030-Jan-23 00:00:00.0000,  4.795372334902933E-02,  4.955082441262575E+00,  1.303496866772998E+00,  1.005330193284447E+02,  2.734243035562963E+02,  2.464298086599429E+06,  8.304663198901024E-02,  2.127096063765514E+02,  2.098841306726266E+02,  5.204665532323862E+00,  5.454248623385149E+00,  4.334913907738482E+03,
2462532.500000000, A.D. 2030-Jan-31 00:00:00.0000,  4.835272866047958E-02,  4.950661890192685E+00,  1.303562202880196E+00,  1.005286237287474E+02,  2.737743257956580E+02,  2.464301050585361E+06,  8.310561588135207E-02,  2.130235143862270E+02,  2.101509648960933E+02,  5.202202579979269E+00,  5.453743269765853E+00,  4.331837219207466E+03,
2462540.500000000, A.D. 2030-Feb-08 00:00:00.0000,  4.808876455320626E-02,  4.953541752404835E+00,  1.303530595310535E+00,  1.005304761614223E+02,  2.735668234188743E+02,  2.464299367455338E+06,  8.306770270391999E-02,  2.138949211243942E+02,  2.109694034315922E+02,  5.203785361436368E+00,  5.454028970467902E+00,  4.333814325925875E+03,
2462548.500000000, A.D. 2030-Feb-16 00:00:00.0000,  4.833164673721092E-02,  4.950734415169884E+00,  1.303642379781750E+00,  1.005234125087054E+02,  2.738345543124212E+02,  2.464301762966411E+06,  8.310655124809040E-02,  2.142923614305724E+02,  2.113218691604201E+02,  5.202163545941526E+00,  5.453592676713169E+00,  4.331788464249043E+03,
2462556.500000000, A.D. 2030-Feb-24 00:00:00.0000,  4.814219601065926E-02,  4.952886914739504E+00,  1.303591505911009E+00,  1.005264691286919E+02,  2.736461443676084E+02,  2.464300109567408E+06,  8.307718197150292E-02,  2.151458306812366E+02,  2.121206917171324E+02,  5.203389512573632E+00,  5.453892110407760E+00,  4.333319829306283E+03,
2462564.500000000, A.D. 2030-Mar-04 00:00:00.0000,  4.827353090471364E-02,  4.951079006184545E+00,  1.303825658027028E+00,  1.005124810122765E+02,  2.739236892232785E+02,  2.464302848277007E+06,  8.310548714050781E-02,  2.155337196194652E+02,  2.124709641276169E+02,  5.202207952554954E+00,  5.453336898925363E+00,  4.331843929767743E+03,
2462572.500000000, A.D. 2030-Mar-12 00:00:00.0000,  4.798667554546352E-02,  4.954315003646062E+00,  1.303745811023139E+00,  1.005173189234724E+02,  2.736470579469477E+02,  2.464300451610552E+06,  8.306161640305004E-02,  2.164735461613339E+02,  2.133569355074440E+02,  5.204039561615039E+00,  5.453764119584015E+00,  4.334131884131991E+03,
2462580.500000000, A.D. 2030-Mar-20 00:00:00.0000,  4.802730887159694E-02,  4.953884860762123E+00,  1.303752014347451E+00,  1.005171252574417E+02,  2.736722225371684E+02,  2.464300629821642E+06,  8.306711650076183E-02,  2.171137757092272E+02,  2.139465292684056E+02,  5.203809843421169E+00,  5.453734826080215E+00,  4.333844909576203E+03,
2462588.500000000, A.D. 2030-Mar-28 00:00:00.0000,  4.803973093240634E-02,  4.954205687748083E+00,  1.303491587928982E+00,  1.005317787790935E+02,  2.734806427709818E+02,  2.464298518682548E+06,  8.305742195641326E-02,  2.179702567302630E+02,  2.147383739950658E+02,  5.204214764761691E+00,  5.454223841775298E+00,  4.334350760235734E+03,
2462596.500000000, A.D. 2030-Apr-05 00:00:00.0000,  4.815152511217712E-02,  4.952807545504596E+00,  1.303596517235665E+00,  1.005259070004006E+02,  2.736474247622709E+02,  2.464300095176260E+06,  8.307795758157616E-02,  2.184687922104889E+02,  2.151927725141996E+02,  5.203357126866536E+00,  5.453906708228475E+00,  4.333279373731688E+03,
2462604.500000000, A.D. 2030-Apr-13 00:00:00.0000,  4.818713846144629E-02,  4.952572058542052E+00,  1.303486253735743E+00,  1.005317493319475E+02,  2.736098630049144E+02,  2.464299627021917E+06,  8.307922016652777E-02,  2.191701689359050E+02,  2.158401597080386E+02,  5.203304408533089E+00,  5.454036758524127E+00,  4.333213519318063E+03,
2462612.500000000, A.D. 2030-Apr-21 00:00:00.0000,  4.816373635414159E-02,  4.952671765742050E+00,  1.303589370533459E+00,  1.005262032843247E+02,  2.736586401111715E+02,  2.464300197086142E+06,  8.307977526692321E-02,  2.197865053646799E+02,  2.164130052172795E+02,  5.203281231134884E+00,  5.453890696527719E+00,  4.333184566801877E+03,
2462620.500000000, A.D. 2030-Apr-29 00:00:00.0000,  4.832122266986975E-02,  4.951020335781561E+00,  1.303543347292064E+00,  1.005285213190215E+02,  2.737560251210338E+02,  2.464300928843947E+06,  8.310071761017354E-02,  2.203551571752083E+02,  2.169297476636607E+02,  5.202407002992447E+00,  5.453793670203334E+00,  4.332092554107226E+03,
2462628.500000000, A.D. 2030-May-07 00:00:00.0000,  4.815427585575765E-02,  4.952429861094766E+00,  1.303794482157783E+00,  1.005158482670525E+02,  2.737929749743355E+02,  2.464301665462151E+06,  8.308710118403410E-02,  2.209815319485995E+02,  2.175223339533975E+02,  5.202975372450457E+00,  5.453520883806150E+00,  4.332802503274444E+03,
2462636.500000000, A.D. 2030-May-15 00:00:00.0000,  4.818419794685089E-02,  4.952085793411555E+00,  1.303782510007480E+00,  1.005166141780070E+02,  2.738212046078429E+02,  2.464301919048558E+06,  8.309184234110822E-02,  2.216172629853517E+02,  2.181105894662426E+02,  5.202777452033762E+00,  5.453469110655968E+00,  4.332555276872185E+03,
2462644.500000000, A.D. 2030-May-23 00:00:00.0000,  4.791239821074467E-02,  4.955203796778690E+00,  1.303739071627809E+00,  1.005188185352965E+02,  2.735432452210584E+02,  2.464299451520039E+06,  8.304898824893690E-02,  2.225579506597020E+02,  2.190040347535840E+02,  5.204567087594031E+00,  5.453930378409371E+00,  4.334790917872600E+03,
2462652.500000000, A.D. 2030-May-31 00:00:00.0000,  4.818760544655878E-02,  4.952462772622408E+00,  1.303561552824822E+00,  1.005272944009790E+02,  2.736598891966972E+02,  2.464300162889209E+06,  8.308190900012198E-02,  2.231090217758315E+02,  2.194970058643780E+02,  5.203192142655317E+00,  5.453921512688228E+00,  4.333073280724344E+03,
2462660.500000000, A.D. 2030-Jun-08 00:00:00.0000,  4.800116473841241E-02,  4.954555210203109E+00,  1.303547275417079E+00,  1.005278660851265E+02,  2.734883818332465E+02,  2.464298685008792E+06,  8.305367989836192E-02,  2.239427066655334E+02,  2.202864698495176E+02,  5.204371083964310E+00,  5.454186957725511E+00,  4.334546048297378E+03,
2462668.500000000, A.D. 2030-Jun-16 00:00:00.0000,  4.828028287352330E-02,  4.951456650384706E+00,  1.303509178574488E+00,  1.005295680637491E+02,  2.737320996270560E+02,  2.464300778033643E+06,  8.309509544618100E-02,  2.243657009996790E+02,  2.206599911344099E+02,  5.202641661491072E+00,  5.453826672597439E+00,  4.332385660874109E+03,
2462676.500000000, A.D. 2030-Jun-24 00:00:00.0000,  4.806035363967609E-02,  4.954056370886951E+00,  1.303438178373395E+00,  1.005325612218075E+02,  2.734809591547943E+02,  2.464298500743649E+06,  8.305847798294561E-02,  2.252790869453053E+02,  2.215275271797297E+02,  5.204170652864861E+00,  5.454284934842772E+00,  4.334295652202039E+03,
2462684.500000000, A.D. 2030-Jul-02 00:00:00.0000,  4.842904567103044E-02,  4.949740467280725E+00,  1.303539763004381E+00,  1.005280998611872E+02,  2.738890248651664E+02,  2.464302176967015E+06,  8.311882332172159E-02,  2.255405939870545E+02,  2.217437384960834E+02,  5.201651484592854E+00,  5.453562501904983E+00,  4.331148897603806E+03,
2462692.500000000, A.D. 2030-Jul-10 00:00:00.0000,  4.812453491070012E-02,  4.952911020682407E+00,  1.303665125993174E+00,  1.005227132679755E+02,  2.736979026848191E+02,  2.464300714218650E+06,  8.307888762226390E-02,  2.263913516562482E+02,  2.225605127655427E+02,  5.203318293551931E+00,  5.453725566421454E+00,  4.333230864101331E+03,
2462700.500000000, A.D. 2030-Jul-18 00:00:00.0000,  4.827950850307224E-02,  4.950795023677052E+00,  1.303850356970164E+00,  1.005151827140242E+02,  2.739768027484716E+02,  2.464303421575566E+06,  8.311185474379824E-02,  2.267782148458784E+02,  2.229098604340150E+02,  5.201942238198655E+00,  5.453089452720259E+00,  4.331512046142407E+03,
2462708.500000000, A.D. 2030-Jul-26 00:00:00.0000,  4.792573681279601E-02,  4.955143340180194E+00,  1.303668478465587E+00,  1.005226544040065E+02,  2.735102894375436E+02,  2.464299075995639E+06,  8.304876286553065E-02,  2.279046313185204E+02,  2.239900865876790E+02,  5.204576503929585E+00,  5.454009667678976E+00,  4.334802681924330E+03,
2462716.500000000, A.D. 2030-Aug-03 00:00:00.0000,  4.820828150604817E-02,  4.951930753789861E+00,  1.303687572111743E+00,  1.005220059221394E+02,  2.737890214840070E+02,  2.464301531138212E+06,  8.309259083928942E-02,  2.282956561650198E+02,  2.243336575546290E+02,  5.202746207568864E+00,  5.453561661347868E+00,  4.332516249207841E+03,
2462724.500000000, A.D. 2030-Aug-11 00:00:00.0000,  4.798755756732467E-02,  4.954747912664131E+00,  1.303508634323707E+00,  1.005289260175233E+02,  2.734624739528965E+02,  2.464298445389144E+06,  8.305061526421431E-02,  2.292828670393517E+02,  2.252754040900294E+02,  5.204499113481411E+00,  5.454250314298690E+00,  4.334705996514398E+03,
2462732.500000000, A.D. 2030-Aug-19 00:00:00.0000,  4.820940999927437E-02,  4.952041718995539E+00,  1.303589962092698E+00,  1.005258318638543E+02,  2.737456572295532E+02,  2.464301076767345E+06,  8.308965017716086E-02,  2.296675051252892E+02,  2.256179195994158E+02,  5.202868961954923E+00,  5.453696204914308E+00,  4.332669583184193E+03,
2462740.500000000, A.D. 2030-Aug-27 00:00:00.0000,  4.808015033441660E-02,  4.954029439313906E+00,  1.303325687154754E+00,  1.005355412683598E+02,  2.734412806601456E+02,  2.464298051360944E+06,  8.305656432516038E-02,  2.306351352000125E+02,  2.265356633031166E+02,  5.204250590062068E+00,  5.454471740810228E+00,  4.334395516176497E+03,
2462748.500000000, A.D. 2030-Sep-04 00:00:00.0000,  4.835003590122522E-02,  4.950536906357094E+00,  1.303548594409902E+00,  1.005273261907263E+02,  2.738550259423854E+02,  2.464301985692757E+06,  8.310911583699102E-02,  2.308911776095908E+02,  2.267537066745730E+02,  5.202056526156987E+00,  5.453576145956880E+00,  4.331654793513851E+03,
2462756.500000000, A.D. 2030-Sep-12 00:00:00.0000,  4.821195979408919E-02,  4.952026295693197E+00,  1.303573717810005E+00,  1.005263594485390E+02,  2.737442305253343E+02,  2.464301060842795E+06,  8.308970446672069E-02,  2.316628960413162E+02,  2.274895143972990E+02,  5.202866695637267E+00,  5.453707095581336E+00,  4.332666752283229E+03,
2462764.500000000, A.D. 2030-Sep-20 00:00:00.0000,  4.820633919003199E-02,  4.951475131767473E+00,  1.303882346565036E+00,  1.005157030287752E+02,  2.739416340506541E+02,  2.464303187453575E+06,  8.310431443837808E-02,  2.321284340356870E+02,  2.279273317410591E+02,  5.202256892059789E+00,  5.453038652352105E+00,  4.331905057311318E+03,
2462772.500000000, A.D. 2030-Sep-28 00:00:00.0000,  4.806423045535609E-02,  4.953554658602166E+00,  1.303667357736635E+00,  1.005231206222522E+02,  2.736455555284321E+02,  2.464300268861624E+06,  8.307058949013839E-02,  2.330873400602190E+02,  2.288410486540866E+02,  5.203664802901235E+00,  5.453774947200304E+00,  4.333663721535730E+03,
2462780.500000000, A.D. 2030-Oct-06 00:00:00.0000,  4.809812069842445E-02,  4.952989539881027E+00,  1.303779846888598E+00,  1.005194602263055E+02,  2.737382545965924E+02,  2.464301191027671E+06,  8.308037012639259E-02,  2.336604265732035E+02,  2.293776007619377E+02,  5.203256393941684E+00,  5.453523248002342E+00,  4.333153540990747E+03,
2462788.500000000, A.D. 2030-Oct-14 00:00:00.0000,  4.808872488080308E-02,  4.953445941175956E+00,  1.303592526397129E+00,  1.005255960523265E+02,  2.736153721687029E+02,  2.464299897085086E+06,  8.307011799414610E-02,  2.344480658058428E+02,  2.301204329416275E+02,  5.203684493132717E+00,  5.453923045089478E+00,  4.333688318889459E+03,
2462796.500000000, A.D. 2030-Oct-22 00:00:00.0000,  4.803594972593672E-02,  4.953975088094358E+00,  1.303631411424683E+00,  1.005243549306148E+02,  2.735837462269865E+02,  2.464299652690134E+06,  8.306371620386760E-02,  2.351425515356562E+02,  2.307799319353839E+02,  5.203951857917477E+00,  5.453928627740597E+00,  4.334022319883128E+03,
2462804.500000000, A.D. 2030-Oct-30 00:00:00.0000,  4.817525349849735E-02,  4.952945974678420E+00,  1.303352822998095E+00,  1.005329456397871E+02,  2.735527510804003E+02,  2.464299072889493E+06,  8.307136831107607E-02,  2.358437850291592E+02,  2.314294747103665E+02,  5.203632278823716E+00,  5.454318582969012E+00,  4.333623092037121E+03,
2462812.500000000, A.D. 2030-Nov-07 00:00:00.0000,  4.818721536649049E-02,  4.952564851280965E+00,  1.303486203535744E+00,  1.005287495980377E+02,  2.736433250210599E+02,  2.464300016262311E+06,  8.307939145014497E-02,  2.364180541549955E+02,  2.319707842114379E+02,  5.203297256810774E+00,  5.454029662340584E+00,  4.333204585592470E+03,
2462820.500000000, A.D. 2030-Nov-15 00:00:00.0000,  4.833326526035658E-02,  4.950586825619791E+00,  1.303595007974911E+00,  1.005254707757819E+02,  2.738920487784803E+02,  2.464302427660146E+06,  8.311005568033933E-02,  2.368369096510333E+02,  2.323535370267581E+02,  5.202017308059181E+00,  5.453447790498573E+00,  4.331605809345670E+03,
2462828.500000000, A.D. 2030-Nov-23 00:00:00.0000,  4.809629689915958E-02,  4.952927200628978E+00,  1.303788142829139E+00,  1.005198881699607E+02,  2.737546737360705E+02,  2.464301375336036E+06,  8.308217742041785E-02,  2.376303100132787E+02,  2.331252538274814E+02,  5.203180935734092E+00,  5.453434670839205E+00,  4.333059281514789E+03,
2462836.500000000, A.D. 2030-Dec-01 00:00:00.0000,  4.822119002355291E-02,  4.951574907530338E+00,  1.303742707199586E+00,  1.005212832436583E+02,  2.738635554422468E+02,  2.464302320157691E+06,  8.309985763648534E-02,  2.381905535751891E+02,  2.336442705434684E+02,  5.202442894954629E+00,  5.453310882378919E+00,  4.332137385539160E+03,
2462844.500000000, A.D. 2030-Dec-09 00:00:00.0000,  4.801450315573617E-02,  4.954040853648701E+00,  1.303735103403760E+00,  1.005215383363772E+02,  2.736117052434804E+02,  2.464299980327339E+06,  8.306486913023990E-02,  2.391007170879451E+02,  2.345257286524727E+02,  5.203903704490087E+00,  5.453766555331473E+00,  4.333962164384382E+03,
2462852.500000000, A.D. 2030-Dec-17 00:00:00.0000,  4.818864417683136E-02,  4.951908105067350E+00,  1.303751348881961E+00,  1.005212051211316E+02,  2.738393719864617E+02,  2.464302121358419E+06,  8.309573248085074E-02,  2.395426514022598E+02,  2.349288041280492E+02,  5.202615071538750E+00,  5.453322038010151E+00,  4.332352447617708E+03,
2462860.500000000, A.D. 2030-Dec-25 00:00:00.0000,  4.793187698387016E-02,  4.955333984490711E+00,  1.303560532150902E+00,  1.005262142403844E+02,  2.734161881279916E+02,  2.464298037274602E+06,  8.304316690921222E-02,  2.406223521670175E+02,  2.359779644541399E+02,  5.204810312094398E+00,  5.454286639698085E+00,  4.335094787432344E+03,
2462868.500000000, A.D. 2031-Jan-02 00:00:00.0000,  4.822531857528159E-02,  4.952133877678703E+00,  1.303447775088932E+00,  1.005290832521366E+02,  2.736896382068923E+02,  2.464300461104380E+06,  8.308524763431903E-02,  2.410251570399205E+02,  2.363331952558256E+02,  5.203052754319771E+00,  5.453971630960839E+00,  4.332899163813758E+03,
$$EOE
**************************************************************************************************************************************************************************************************************************************************************************************************************************************************
 
TIME

  Barycentric Dynamical Time ("TDB" or T_eph) output was requested. This
continuous coordinate time is equivalent to the relativistic proper time
of a clock at rest in a reference frame co-moving with the solar system
barycenter but outside the system's gravity well. It is the independent
variable in the solar system relativistic equations of motion.

  TDB runs at a uniform rate of one SI second per second and is independent
of irregularities in Earth's rotation.
 
CALENDAR SYSTEM

  Mixed calendar mode was active such that calendar dates after AD 1582-Oct-15
(if any) are in the modern Gregorian system. Dates prior to 1582-Oct-5 (if any)
are in the Julian calendar system, which is automatically extended for dates
prior to its adoption on 45-Jan-1 BC.  The Julian calendar is useful for
matching historical dates. The Gregorian calendar more accurately corresponds
to the Earth's orbital motion and seasons. A "Gregorian-only" calendar mode is
available if such physical events are the primary interest.

REFERENCE FRAME AND COORDINATES

  Ecliptic at the standard reference epoch

    Reference epoch: J2000.0
    X-Y plane: adopted Earth orbital plane at the reference epoch
               Note: IAU76 obliquity of 84381.448 arcseconds wrt ICRF X-Y plane
    X-axis   : ICRF
    Z-axis   : perpendicular to the X-Y plane in the directional (+ or -) sense
               of Earth's north pole at the reference epoch.

  Symbol meaning [1 au= 149597870.700 km, 1 day= 86400.0 s]:

    JDTDB    Julian Day Number, Barycentric Dynamical Time
      EC     Eccentricity, e
      QR     Periapsis distance, q (au)
      IN     Inclination w.r.t X-Y plane, i (degrees)
      OM     Longitude of Ascending Node, OMEGA, (degrees)
      W      Argument of Perifocus, w (degrees)
      Tp     Time of periapsis (Julian Day Number)
      N      Mean motion, n (degrees/day)
      MA     Mean anomaly, M (degrees)
      TA     True anomaly, nu (degrees)
      A      Semi-major axis, a (au)
      AD     Apoapsis distance (au)
      PR     Sidereal orbit period (day)

ABERRATIONS AND CORRECTIONS

 Geometric osculating elements have NO corrections or aberrations applied.

Computations by ...

    Solar System Dynamics Group, Horizons On-Line Ephemeris System
    4800 Oak Grove Drive, Jet Propulsion Laboratory
    Pasadena, CA  91109   USA

    General site: https://ssd.jpl.nasa.gov/
    Mailing list: https://ssd.jpl.nasa.gov/email_list.html
    System news : https://ssd.jpl.nasa.gov/horizons/news.html
    User Guide  : https://ssd.jpl.nasa.gov/horizons/manual.html
    Connect     : browser        https://ssd.jpl.nasa.gov/horizons/app.html#/x
                  API            https://ssd-api.jpl.nasa.gov/doc/horizons.html
                  command-line   telnet ssd.jpl.nasa.gov 6775
                  e-mail/batch   https://ssd.jpl.nasa.gov/ftp/ssd/horizons_batch.txt
                  scripts        https://ssd.jpl.nasa.gov/ftp/ssd/SCRIPTS
    Inquiries   : Jon.D.Giorgini@jpl.nasa.gov
*******************************************************************************
