*******************************************************************************
 Revised: June 02, 2025                 Mars                            499 / 4
 
 PHYSICAL DATA (updated 2025-Jun-02):
  Vol. mean radius (km) = 3389.92+-0.04   Density (g/cm^3)      =  3.933(5+-4)
  Mass x10^23 (kg)      =    6.4171       Flattening, f         =  1/169.779
  Volume (x10^10 km^3)  =   16.318        Equatorial radius (km)=  3396.19
  Sidereal rot. period  =   24.622962 hr  Sid. rot. rate, rad/s =  0.0000708822 
  Mean solar day (sol)  =   88775.24415 s Polar gravity m/s^2   =  3.758
  Core radius (km)      = ~1700           Equ. gravity  m/s^2   =  3.71
  Geometric Albedo      =    0.150                                              

  GM (km^3/s^2)         = 42828.375662    Mass ratio (Sun/Mars) = 3098703.59
  GM 1-sigma (km^3/s^2) = +- 0.00028      Mass of atmosphere, kg= ~ 2.5 x 10^16
  Mean temperature (K)  =  210            Atmos. pressure (bar) =    0.0056 
  Obliquity to orbit    =   25.19 deg     Max. angular diam.    =  17.9"
  Mean sidereal orb per =    1.88081578 y Visual mag. V(1,0)    =  -1.52
  Mean sidereal orb per =  686.98 d       Orbital speed,  km/s  =  24.13
  Hill's sphere rad. Rp =  319.8          Escape speed, km/s    =   5.027
                                 Perihelion  Aphelion    Mean
  Solar Constant (W/m^2)         717         493         589
  Maximum Planetary IR (W/m^2)   470         315         390
  Minimum Planetary IR (W/m^2)    30          30          30
*******************************************************************************


*******************************************************************************
Ephemeris / API_USER Mon Sep 28 12:59:36 2026 Pasadena, USA      / Horizons
*******************************************************************************
Target body name: Mars (499)                      {source: mar099}
Center body name: Sun (10)                        {source: DE441}
Center-site name: BODY CENTER
*******************************************************************************
Start time      : A.D. 2025-Jan-01 00:00:00.0000 TDB
Stop  time      : A.D. 2031-Jan-02 00:00:00.0000 TDB
Step-size       : 11520 minutes
*******************************************************************************
Center geodetic : 0.0, 0.0, 0.0                   {E-lon(deg),Lat(deg),Alt(km)}
Center cylindric: 0.0, 0.0, 0.0                   {E-lon(deg),Dxy(km),Dz(km)}
Center radii    : 695700.0, 695700.0, 695700.0 km {Equator_a, b, pole_c}
Keplerian GM    : 2.9591230377960565E-04 au^3/d^2
Output units    : AU-D, deg, Julian Day Number (Tp)
Calendar mode   : Mixed Julian/Gregorian
Output type     : GEOMETRIC osculating elements
Output format   : 10
Reference frame : Ecliptic of J2000.0
*******************************************************************************
            JDTDB,            Calendar Date (TDB),                     EC,                     QR,                     IN,                     OM,                      W,                     Tp,                      N,                     MA,                     TA,                      A,                     AD,                     PR,
**************************************************************************************************************************************************************************************************************************************************************************************************************************************************
$$SOE
2460676.500000000, A.D. 2025-Jan-01 00:00:00.0000,  9.343026241683372E-02,  1.381373652335009E+00,  1.847583389630714E+00,  4.948673257018439E+01,  2.867114828288203E+02,  2.460439014092408E+06,  5.240095694816078E-01,  1.244448881953490E+02,  1.326973976573603E+02,  1.523736779497656E+00,  1.666099906660303E+00,  6.870103543264310E+02,
2460684.500000000, A.D. 2025-Jan-09 00:00:00.0000,  9.343598977312155E-02,  1.381354031517815E+00,  1.847576734483932E+00,  4.948635610400036E+01,  2.867081047338895E+02,  2.460439009835335E+06,  5.240157682738087E-01,  1.286407172404282E+02,  1.364102088096431E+02,  1.523724762879253E+00,  1.666095494240691E+00,  6.870022274060517E+02,
2460692.500000000, A.D. 2025-Jan-17 00:00:00.0000,  9.344155014122646E-02,  1.381334735556866E+00,  1.847571149429596E+00,  4.948598542179251E+01,  2.867046827535968E+02,  2.460439005413280E+06,  5.240219271981330E-01,  1.328367218674672E+02,  1.400901622822312E+02,  1.523712823781031E+00,  1.666090912005196E+00,  6.869941529448323E+02,
2460700.500000000, A.D. 2025-Jan-25 00:00:00.0000,  9.344693606685675E-02,  1.381315966267934E+00,  1.847566641725537E+00,  4.948562860603383E+01,  2.867012743442711E+02,  2.460439000916926E+06,  5.240279378675852E-01,  1.370328252576615E+02,  1.437398665622152E+02,  1.523701172300935E+00,  1.666086378333935E+00,  6.869862730314336E+02,
2460708.500000000, A.D. 2025-Feb-02 00:00:00.0000,  9.345215773315040E-02,  1.381297841359494E+00,  1.847563208697105E+00,  4.948529653275176E+01,  2.866979229516585E+02,  2.460438996430844E+06,  5.240337244539571E-01,  1.412289590983730E+02,  1.473619547564157E+02,  1.523689955408771E+00,  1.666082069458049E+00,  6.869786870589670E+02,
2460716.500000000, A.D. 2025-Feb-10 00:00:00.0000,  9.345720795346070E-02,  1.381280489105882E+00,  1.847560776094043E+00,  4.948499810384418E+01,  2.866946680863481E+02,  2.460438992028477E+06,  5.240392201710175E-01,  1.454250609879623E+02,  1.509590734172110E+02,  1.523679302537515E+00,  1.666078115969148E+00,  6.869714825591029E+02,
2460724.500000000, A.D. 2025-Feb-18 00:00:00.0000,  9.346203248921955E-02,  1.381264133199581E+00,  1.847559189477460E+00,  4.948473549109178E+01,  2.866915524304757E+02,  2.460438987762456E+06,  5.240443447245966E-01,  1.496210734344513E+02,  1.545338757978199E+02,  1.523669369295506E+00,  1.666074605391431E+00,  6.869647647646926E+02,
2460732.500000000, A.D. 2025-Feb-26 00:00:00.0000,  9.346654183275969E-02,  1.381249039318592E+00,  1.847558241827521E+00,  4.948449713492360E+01,  2.866885975521820E+02,  2.460438983607472E+06,  5.240490245024293E-01,  1.538169791797621E+02,  1.580890499835725E+02,  1.523660298331508E+00,  1.666071557344425E+00,  6.869586301430681E+02,
2460740.500000000, A.D. 2025-Mar-06 00:00:00.0000,  9.347082379511278E-02,  1.381234913503969E+00,  1.847557771596829E+00,  4.948425541109684E+01,  2.866857453330028E+02,  2.460438979430945E+06,  5.240533506255278E-01,  1.580128644960680E+02,  1.616273774802775E+02,  1.523651912987952E+00,  1.666068912471936E+00,  6.869529592173999E+02,
2460748.500000000, A.D. 2025-Mar-14 00:00:00.0000,  9.347528814747076E-02,  1.381220631039101E+00,  1.847557778371316E+00,  4.948401008838272E+01,  2.866829481666588E+02,  2.460438975320511E+06,  5.240576078443201E-01,  1.622087631020693E+02,  1.651515977571132E+02,  1.523643661314546E+00,  1.666066691589991E+00,  6.869473787067774E+02,
2460756.500000000, A.D. 2025-Mar-22 00:00:00.0000,  9.348005870199028E-02,  1.381205937470171E+00,  1.847558209191525E+00,  4.948379396056188E+01,  2.866803059747451E+02,  2.460438971605291E+06,  5.240618336118874E-01,  1.664045127548574E+02,  1.686642650973316E+02,  1.523635470712842E+00,  1.666065003955513E+00,  6.869418395131800E+02,
2460764.500000000, A.D. 2025-Mar-30 00:00:00.0000,  9.348493332363972E-02,  1.381191401381649E+00,  1.847558909969030E+00,  4.948361806097962E+01,  2.866779078461777E+02,  2.460438968410503E+06,  5.240658796079818E-01,  1.705999987897657E+02,  1.721679624645394E+02,  1.523627628656673E+00,  1.666063855931698E+00,  6.869365360501845E+02,
2460772.500000000, A.D. 2025-Apr-07 00:00:00.0000,  9.348974107214503E-02,  1.381177448974911E+00,  1.847559748347972E+00,  4.948347845325809E+01,  2.866757767823942E+02,  2.460438965713436E+06,  5.240696514847517E-01,  1.747951973179622E+02,  1.756653506187043E+02,  1.523620317996680E+00,  1.666063187018448E+00,  6.869315919746108E+02,
2460780.500000000, A.D. 2025-Apr-15 00:00:00.0000,  9.349437149060011E-02,  1.381164329715679E+00,  1.847560608983327E+00,  4.948337175727320E+01,  2.866739110381139E+02,  2.460438963470195E+06,  5.240731030268652E-01,  1.789901089717918E+02,  1.791591120008298E+02,  1.523613628286873E+00,  1.666062926858068E+00,  6.869270678475281E+02,
2460788.500000000, A.D. 2025-Apr-23 00:00:00.0000,  9.349873642952281E-02,  1.381152230752354E+00,  1.847561381839586E+00,  4.948329579521443E+01,  2.866723021326999E+02,  2.461125884639628E+06,  5.240762041399326E-01,  1.831847387286635E+02,  1.826519331362378E+02,  1.523607617834252E+00,  1.666063004916150E+00,  6.869230030979943E+02,
2460796.500000000, A.D. 2025-May-01 00:00:00.0000,  9.350275350008466E-02,  1.381141322832443E+00,  1.847561958613473E+00,  4.948324903297884E+01,  2.866709379579848E+02,  2.461125879597144E+06,  5.240789290676364E-01,  1.873790934718553E+02,  1.861465033313304E+02,  1.523602336537899E+00,  1.666063350243355E+00,  6.869194314689557E+02,
2460804.500000000, A.D. 2025-May-09 00:00:00.0000,  9.350632765971520E-02,  1.381131811313296E+00,  1.847562226303970E+00,  4.948323050673391E+01,  2.866698009742013E+02,  2.461125875393777E+06,  5.240812433274016E-01,  1.915731840543779E+02,  1.896455178499442E+02,  1.523597851210194E+00,  1.666063891107093E+00,  6.869163981415425E+02,
2460812.500000000, A.D. 2025-May-17 00:00:00.0000,  9.350932644243318E-02,  1.381124009696901E+00,  1.847562126737996E+00,  4.948323595661304E+01,  2.866688604375386E+02,  2.461125871996249E+06,  5.240830833359208E-01,  1.957670379748575E+02,  1.931516908071323E+02,  1.523594285064856E+00,  1.666064560432811E+00,  6.869139864399159E+02,
2460820.500000000, A.D. 2025-May-25 00:00:00.0000,  9.351157347550332E-02,  1.381118381624184E+00,  1.847561806674446E+00,  4.948325197140717E+01,  2.866680458186621E+02,  2.461125869293039E+06,  5.240843381285191E-01,  1.999607361730750E+02,  1.966677887383607E+02,  1.523591853146358E+00,  1.666065324668532E+00,  6.869123417912913E+02,
2460828.500000000, A.D. 2025-Jun-02 00:00:00.0000,  9.351303255181537E-02,  1.381115074224778E+00,  1.847561697396300E+00,  4.948325686761698E+01,  2.866672301172900E+02,  2.461125866984164E+06,  5.240849553445539E-01,  2.041544373831988E+02,  2.001966471890583E+02,  1.523590656921080E+00,  1.666066239617383E+00,  6.869115328130760E+02,
2460836.500000000, A.D. 2025-Jun-10 00:00:00.0000,  9.351405587743354E-02,  1.381113142470415E+00,  1.847561777852722E+00,  4.948325358236509E+01,  2.866663705197527E+02,  2.461125864821755E+06,  5.240851674421404E-01,  2.083481889384122E+02,  2.037409970459244E+02,  1.523590245855675E+00,  1.666067349240935E+00,  6.869112548195602E+02,
2460844.500000000, A.D. 2025-Jun-18 00:00:00.0000,  9.351484956147740E-02,  1.381111917391334E+00,  1.847561363589282E+00,  4.948326745717365E+01,  2.866655461124179E+02,  2.461125862911183E+06,  5.240851764524567E-01,  2.125418690454680E+02,  2.073034284215223E+02,  1.523590228392826E+00,  1.666068539394319E+00,  6.869112430098621E+02,
2460852.500000000, A.D. 2025-Jun-26 00:00:00.0000,  9.351529392367136E-02,  1.381111654306115E+00,  1.847560145553814E+00,  4.948330404061687E+01,  2.866647685139095E+02,  2.461125861327622E+06,  5.240849408377367E-01,  2.167354447859500E+02,  2.108866218411780E+02,  1.523590685036690E+00,  1.666069715767263E+00,  6.869115518269786E+02,
2460860.500000000, A.D. 2025-Jul-04 00:00:00.0000,  9.351528429903387E-02,  1.381112633416540E+00,  1.847558179978940E+00,  4.948335627727914E+01,  2.866639920489983E+02,  2.461125860004351E+06,  5.240843918762593E-01,  2.209289634915016E+02,  2.144933295392395E+02,  1.523591748977867E+00,  1.666070864539194E+00,  6.869122713446483E+02,
2460868.500000000, A.D. 2025-Jul-12 00:00:00.0000,  9.351479909839559E-02,  1.381114930118865E+00,  1.847555573935437E+00,  4.948341721925109E+01,  2.866631678363805E+02,  2.461125858835755E+06,  5.240835053778755E-01,  2.251224792174021E+02,  2.181263059716935E+02,  1.523593467102591E+00,  1.666072004086318E+00,  6.869134332713492E+02,
2460876.500000000, A.D. 2025-Jul-20 00:00:00.0000,  9.351386007732145E-02,  1.381118506207258E+00,  1.847552394909018E+00,  4.948348219371057E+01,  2.866622557973182E+02,  2.461125857722055E+06,  5.240822842270085E-01,  2.293160354357062E+02,  2.217882898087154E+02,  1.523595833826058E+00,  1.666073161444858E+00,  6.869150338309554E+02,
2460884.500000000, A.D. 2025-Jul-28 00:00:00.0000,  9.351250648327832E-02,  1.381123276294117E+00,  1.847548715798332E+00,  4.948354729170521E+01,  2.866612252532348E+02,  2.461125856578070E+06,  5.240807429961128E-01,  2.335096652382527E+02,  2.254819997653652E+02,  1.523598820912624E+00,  1.666074365531131E+00,  6.869170539293601E+02,
2460892.500000000, A.D. 2025-Aug-05 00:00:00.0000,  9.351077995129974E-02,  1.381129144066668E+00,  1.847544621682659E+00,  4.948360919340213E+01,  2.866600539356234E+02,  2.461125855336332E+06,  5.240789004068518E-01,  2.377033919309060E+02,  2.292101292214248E+02,  1.523602392086326E+00,  1.666075640105985E+00,  6.869194690351502E+02,
2460900.500000000, A.D. 2025-Aug-13 00:00:00.0000,  9.350869792337797E-02,  1.381136083626966E+00,  1.847540259434730E+00,  4.948366453289651E+01,  2.866587145821970E+02,  2.461125853932084E+06,  5.240767560833043E-01,  2.418972423028695E+02,  2.329753520543273E+02,  1.523606548086023E+00,  1.666077012545079E+00,  6.869222796493887E+02,
2460908.500000000, A.D. 2025-Aug-21 00:00:00.0000,  9.350623686922080E-02,  1.381144263738608E+00,  1.847536106560356E+00,  4.948370762331643E+01,  2.866571285811737E+02,  2.461125852228274E+06,  5.240742343858572E-01,  2.460912973750954E+02,  2.367803612465453E+02,  1.523611435525510E+00,  1.666078607312412E+00,  6.869255849257127E+02,
2460916.500000000, A.D. 2025-Aug-29 00:00:00.0000,  9.350345994303309E-02,  1.381153836251403E+00,  1.847533010305798E+00,  4.948373289729341E+01,  2.866551418308406E+02,  2.461125849942382E+06,  5.240711941351105E-01,  2.502857257034418E+02,  2.406278785404342E+02,  1.523617328053571E+00,  1.666080819855739E+00,  6.869295699301279E+02,
2460924.500000000, A.D. 2025-Sep-06 00:00:00.0000,  9.350070997079767E-02,  1.381164090643358E+00,  1.847530913696133E+00,  4.948374529019806E+01,  2.866527612757554E+02,  2.461125846992558E+06,  5.240677424606103E-01,  2.544805361589154E+02,  2.445203927173606E+02,  1.523624018060581E+00,  1.666083945477805E+00,  6.869340942636975E+02,
2460932.500000000, A.D. 2025-Sep-14 00:00:00.0000,  9.349823336954723E-02,  1.381174098596263E+00,  1.847528814024449E+00,  4.948375301457656E+01,  2.866502097574361E+02,  2.461125843683361E+06,  5.240641940452568E-01,  2.586754984057577E+02,  2.484600940892431E+02,  1.523630895646468E+00,  1.666087692696674E+00,  6.869387454639026E+02,
2460940.500000000, A.D. 2025-Sep-22 00:00:00.0000,  9.349602435171311E-02,  1.381183642718009E+00,  1.847526362500012E+00,  4.948375679478778E+01,  2.866476065044013E+02,  2.461125840212536E+06,  5.240606776358758E-01,  2.628704826252381E+02,  2.524491849477663E+02,  1.523637711274520E+00,  1.666091779831031E+00,  6.869433547733813E+02,
2460948.500000000, A.D. 2025-Sep-30 00:00:00.0000,  9.349405575476960E-02,  1.381192730445913E+00,  1.847523650720233E+00,  4.948375515837543E+01,  2.866449799183839E+02,  2.461125836633477E+06,  5.240572125494658E-01,  2.670654581771111E+02,  2.564898390706923E+02,  1.523644427501149E+00,  1.666096124556386E+00,  6.869478968692174E+02,
2460956.500000000, A.D. 2025-Oct-08 00:00:00.0000,  9.349232785252351E-02,  1.381201325123535E+00,  1.847520799227548E+00,  4.948374718182783E+01,  2.866423539539006E+02,  2.461125832984981E+06,  5.240538194060220E-01,  2.712604024694197E+02,  2.605840867890245E+02,  1.523651004355573E+00,  1.666100683587611E+00,  6.869523447191635E+02,
2460964.500000000, A.D. 2025-Oct-16 00:00:00.0000,  9.349084659501485E-02,  1.381209340352601E+00,  1.847517839965442E+00,  4.948373221014941E+01,  2.866397703806224E+02,  2.461125829331708E+06,  5.240505422116540E-01,  2.754552762437169E+02,  2.647337639776404E+02,  1.523657356535861E+00,  1.666105372719121E+00,  6.869566406337250E+02,
2460972.500000000, A.D. 2025-Oct-24 00:00:00.0000,  9.348960462896108E-02,  1.381216676694592E+00,  1.847514725208937E+00,  4.948370910358023E+01,  2.866372862006385E+02,  2.461125825762868E+06,  5.240474439277658E-01,  2.796500258804430E+02,  2.689404833199919E+02,  1.523663361995153E+00,  1.666110047295713E+00,  6.869607020726581E+02,
2460980.500000000, A.D. 2025-Nov-01 00:00:00.0000,  9.348856895088305E-02,  1.381223256360130E+00,  1.847511423024610E+00,  4.948367639950816E+01,  2.866349639324887E+02,  2.461125822379127E+06,  5.240445974349671E-01,  2.838445923320943E+02,  2.732056089300502E+02,  1.523668879455413E+00,  1.666114502550695E+00,  6.869644334892228E+02,
2460988.500000000, A.D. 2025-Nov-09 00:00:00.0000,  9.348766797258197E-02,  1.381229062409336E+00,  1.847507975481513E+00,  4.948363317337490E+01,  2.866328569632987E+02,  2.461125819272645E+06,  5.240420744403681E-01,  2.880389235022237E+02,  2.775302326572148E+02,  1.523673769909133E+00,  1.666118477408931E+00,  6.869677408716640E+02,
2460996.500000000, A.D. 2025-Nov-17 00:00:00.0000,  9.348680112468907E-02,  1.381234232919635E+00,  1.847504680583661E+00,  4.948358259595350E+01,  2.866309527711485E+02,  2.461125816443797E+06,  5.240398835604531E-01,  2.922330258500902E+02,  2.819151878155724E+02,  1.523678016639249E+00,  1.666121800358864E+00,  6.869706129122717E+02,
2461004.500000000, A.D. 2025-Nov-25 00:00:00.0000,  9.348598517738030E-02,  1.381239046960485E+00,  1.847502125942409E+00,  4.948353555539298E+01,  2.866291033913375E+02,  2.461125813682486E+06,  5.240378514281320E-01,  2.964270384810234E+02,  2.863610744436639E+02,  1.523681955684664E+00,  1.666124864408842E+00,  6.869732768709578E+02,
2461012.500000000, A.D. 2025-Dec-03 00:00:00.0000,  9.348543275387657E-02,  1.381243408819333E+00,  1.847500127868147E+00,  4.948349165967576E+01,  2.866272677856655E+02,  2.461125810902498E+06,  5.240358481396415E-01,  3.006210251062407E+02,  2.908679947280198E+02,  1.523685838844681E+00,  1.666128268870029E+00,  6.869759030379723E+02,
2461020.500000000, A.D. 2025-Dec-11 00:00:00.0000,  9.348515126791376E-02,  1.381246928886086E+00,  1.847497853713525E+00,  4.948343262582691E+01,  2.866256712629391E+02,  2.461125808421956E+06,  5.240340889864571E-01,  3.048147970374525E+02,  2.954353587883081E+02,  1.523689248794978E+00,  1.666131568703870E+00,  6.869782091777308E+02,
2461028.500000000, A.D. 2025-Dec-19 00:00:00.0000,  9.348496829945319E-02,  1.381249554084486E+00,  1.847495148721049E+00,  4.948335026011939E+01,  2.866244432796951E+02,  2.461125806446854E+06,  5.240327536748969E-01,  3.090082347050009E+02,  3.000621797951432E+02,  1.523691837181537E+00,  1.666134120278589E+00,  6.869799596979758E+02,
2461036.500000000, A.D. 2025-Dec-27 00:00:00.0000,  9.348477067150471E-02,  1.381251437724520E+00,  1.847492250438945E+00,  4.948324659514628E+01,  2.866235692914881E+02,  2.461125804971182E+06,  5.240318530894639E-01,  3.132013504613201E+02,  3.047470872592378E+02,  1.523693582895113E+00,  1.666135728065706E+00,  6.869811403211399E+02,
2461044.500000000, A.D. 2026-Jan-04 00:00:00.0000,  9.348450206996425E-02,  1.381252769724333E+00,  1.847489407501790E+00,  4.948312637387497E+01,  2.866229820953348E+02,  2.461125803905827E+06,  5.240313279774704E-01,  3.173942062599393E+02,  3.094882138011444E+02,  1.523694600785454E+00,  1.666136431846575E+00,  6.869818287189834E+02,
2461052.500000000, A.D. 2026-Jan-12 00:00:00.0000,  9.348410730033276E-02,  1.381253733882789E+00,  1.847486802198717E+00,  4.948299456621338E+01,  2.866226024437326E+02,  2.461125803141378E+06,  5.240311215997464E-01,  3.215868726068523E+02,  3.142831347044498E+02,  1.523695000833708E+00,  1.666136267784628E+00,  6.869820992711327E+02,
2461060.500000000, A.D. 2026-Jan-20 00:00:00.0000,  9.348348917932003E-02,  1.381254471042685E+00,  1.847484504027148E+00,  4.948285279610605E+01,  2.866223720095614E+02,  2.461125802595163E+06,  5.240312380725707E-01,  3.257794002075344E+02,  3.191288252588906E+02,  1.523694775059551E+00,  1.666135079076418E+00,  6.869819465803396E+02,
2461068.500000000, A.D. 2026-Jan-28 00:00:00.0000,  9.348249926084225E-02,  1.381255060423335E+00,  1.847482518017807E+00,  4.948269886937815E+01,  2.866222669640656E+02,  2.461125802231127E+06,  5.240317610318911E-01,  3.299718109111919E+02,  3.240216453388566E+02,  1.523693761341712E+00,  1.666132462260089E+00,  6.869812610043142E+02,
2461076.500000000, A.D. 2026-Feb-05 00:00:00.0000,  9.348096136896566E-02,  1.381255542313456E+00,  1.847480892240499E+00,  4.948253278606065E+01,  2.866222738791594E+02,  2.461125802030695E+06,  5.240328203135601E-01,  3.341641178079922E+02,  3.289573678859122E+02,  1.523691708007962E+00,  1.666127873702468E+00,  6.869798723381305E+02,
2461084.500000000, A.D. 2026-Feb-13 00:00:00.0000,  9.347871756184609E-02,  1.381255969397478E+00,  1.847479747507215E+00,  4.948236524696777E+01,  2.866223301180655E+02,  2.461125801912114E+06,  5.240345228890634E-01,  3.383563721907681E+02,  3.339312544836451E+02,  1.523688407714479E+00,  1.666120846031480E+00,  6.869776403571238E+02,
2461092.500000000, A.D. 2026-Feb-21 00:00:00.0000,  9.347583513365079E-02,  1.381256422203438E+00,  1.847479168662137E+00,  4.948221942938814E+01,  2.866222635671202E+02,  2.461125801635303E+06,  5.240367645812539E-01,  3.425487187808268E+02,  3.389381532839950E+02,  1.523684062417774E+00,  1.666111702632109E+00,  6.869747016464922E+02,
2461100.500000000, A.D. 2026-Mar-01 00:00:00.0000,  9.347272789972949E-02,  1.381256879504268E+00,  1.847479035580766E+00,  4.948209606322374E+01,  2.866219745506308E+02,  2.461125801033638E+06,  5.240391986484545E-01,  3.467412666072955E+02,  3.439724065534431E+02,  1.523679344256383E+00,  1.666101809008498E+00,  6.869715107733796E+02,
2461108.500000000, A.D. 2026-Mar-09 00:00:00.0000,  9.346956000503011E-02,  1.381257235627563E+00,  1.847479262049385E+00,  4.948197022193158E+01,  2.866215719830760E+02,  2.461125800235564E+06,  5.240417428967721E-01,  3.509339544023780E+02,  3.490277856181420E+02,  1.523674412560518E+00,  1.666091589493472E+00,  6.869681754930623E+02,
2461116.500000000, A.D. 2026-Mar-17 00:00:00.0000,  9.346622236557145E-02,  1.381257456686363E+00,  1.847479889104588E+00,  4.948183582550188E+01,  2.866211139670773E+02,  2.461125799324036E+06,  5.240445112001940E-01,  3.551267402810778E+02,  3.540977855663829E+02,  1.523669046608181E+00,  1.666080636530000E+00,  6.869645465334791E+02,
2461124.500000000, A.D. 2026-Mar-25 00:00:00.0000,  9.346267169834860E-02,  1.381257544964592E+00,  1.847480919770535E+00,  4.948170029120862E+01,  2.866205759726174E+02,  2.461125798272024E+06,  5.240475397921336E-01,  3.593196437398893E+02,  3.591757532035469E+02,  1.523663176178640E+00,  1.666068807392688E+00,  6.869605764064763E+02,
2461132.500000000, A.D. 2026-Apr-02 00:00:00.0000,  9.345894890290440E-02,  1.381257498410132E+00,  1.847482302858913E+00,  4.948157066922490E+01,  2.866199256638489E+02,  2.461125797039089E+06,  5.240507943781391E-01,  3.512691990113456E+00,  4.254924634455847E+00,  1.523656867759639E+00,  1.666056237109147E+00,  6.869563100790474E+02,
2461140.500000000, A.D. 2026-Apr-10 00:00:00.0000,  9.345512754533870E-02,  1.381257309925262E+00,  1.847483963133473E+00,  4.948145142801095E+01,  2.866191462807313E+02,  2.461125795605713E+06,  5.240542152094548E-01,  7.705899808320285E+00,  9.328506723285946E+00,  1.523650237174931E+00,  1.666043164424600E+00,  6.869518258833481E+02,
2461148.500000000, A.D. 2026-Apr-18 00:00:00.0000,  9.345128871883036E-02,  1.381256974504155E+00,  1.847485805852886E+00,  4.948134573629982E+01,  2.866182382861140E+02,  2.461125793978155E+06,  5.240577348196288E-01,  1.189926637493907E+01,  1.438977729645266E+01,  1.523643415202818E+00,  1.666029855901481E+00,  6.869472122645141E+02,
2461156.500000000, A.D. 2026-Apr-26 00:00:00.0000,  9.344750048068132E-02,  1.381256496823076E+00,  1.847487735101320E+00,  4.948125510838314E+01,  2.866172190551985E+02,  2.461125792187173E+06,  5.240612915351827E-01,  1.609277605019719E+01,  1.943218583351878E+01,  1.523636521387850E+00,  1.666016545952625E+00,  6.869425500697022E+02,
2461164.500000000, A.D. 2026-May-04 00:00:00.0000,  9.344378512801772E-02,  1.381255891840224E+00,  1.847489623694042E+00,  4.948118130854645E+01,  2.866161076957333E+02,  2.461125790266288E+06,  5.240648575101396E-01,  2.028641108201235E+01,  2.444946021282547E+01,  1.523629609704099E+00,  1.666003327567974E+00,  6.869378758010589E+02,
2461172.500000000, A.D. 2026-May-12 00:00:00.0000,  9.344009912533779E-02,  1.381255153347439E+00,  1.847491138384532E+00,  4.948113149408894E+01,  2.866148788171208E+02,  2.461125788186313E+06,  5.240684740295759E-01,  2.448018891804546E+01,  2.943573164925471E+01,  1.523622600133521E+00,  1.665990046919602E+00,  6.869331353438431E+02,
2461180.500000000, A.D. 2026-May-20 00:00:00.0000,  9.343649094393887E-02,  1.381254194919973E+00,  1.847491651532081E+00,  4.948111692788919E+01,  2.866134478074222E+02,  2.461125785834359E+06,  5.240721482506708E-01,  2.867417032719959E+01,  3.438562259461919E+01,  1.523615478807627E+00,  1.665976762695281E+00,  6.869283193195131E+02,
2461188.500000000, A.D. 2026-May-28 00:00:00.0000,  9.343334822265155E-02,  1.381252989798851E+00,  1.847491096079172E+00,  4.948112952762525E+01,  2.866118905696430E+02,  2.461125783330059E+06,  5.240755592708281E-01,  3.286827387473941E+01,  3.929410925296828E+01,  1.523608867688732E+00,  1.665964745578614E+00,  6.869238483490540E+02,
2461196.500000000, A.D. 2026-Jun-05 00:00:00.0000,  9.343091643038864E-02,  1.381251742107677E+00,  1.847490150895972E+00,  4.948114768154549E+01,  2.866104623052150E+02,  2.461125781049858E+06,  5.240783780610454E-01,  3.706227268858242E+01,  4.415654139897228E+01,  1.523603404463127E+00,  1.665955066818578E+00,  6.869201536837046E+02,
2461204.500000000, A.D. 2026-Jun-13 00:00:00.0000,  9.342910789769708E-02,  1.381250666661131E+00,  1.847489119395366E+00,  4.948116393948386E+01,  2.866093091785595E+02,  2.461125779210092E+06,  5.240805583792010E-01,  4.125603553128911E+01,  4.896893170765446E+01,  1.523599178722873E+00,  1.665947690784615E+00,  6.869172959083902E+02,
2461212.500000000, A.D. 2026-Jun-21 00:00:00.0000,  9.342780212500679E-02,  1.381249918931659E+00,  1.847487982728656E+00,  4.948117824883012E+01,  2.866084921103837E+02,  2.461125777902557E+06,  5.240821162246558E-01,  4.544950035138751E+01,  5.372795322211069E+01,  1.523596159433646E+00,  1.665942399935633E+00,  6.869152540318329E+02,
2461220.500000000, A.D. 2026-Jun-29 00:00:00.0000,  9.342691412017146E-02,  1.381249649921280E+00,  1.847486687909742E+00,  4.948119075793181E+01,  2.866080620178450E+02,  2.461125777203485E+06,  5.240830393521093E-01,  4.964261109367892E+01,  5.843087310498390E+01,  1.523594370310231E+00,  1.665939090699182E+00,  6.869140440893588E+02,
2461228.500000000, A.D. 2026-Jul-07 00:00:00.0000,  9.342636837576362E-02,  1.381250031648721E+00,  1.847485249204087E+00,  4.948120071062028E+01,  2.866080748310911E+02,  2.461125777194163E+06,  5.240832953317345E-01,  5.383530658869149E+01,  6.307552895575772E+01,  1.523593874194250E+00,  1.665937716739779E+00,  6.869137085778073E+02,
2461236.500000000, A.D. 2026-Jul-15 00:00:00.0000,  9.342607761785895E-02,  1.381251259596703E+00,  1.847483722262886E+00,  4.948120730994771E+01,  2.866085857414466E+02,  2.461125777951978E+06,  5.240828485850011E-01,  5.802752632875067E+01,  6.766031404219368E+01,  1.523594740037620E+00,  1.665938220478536E+00,  6.869142941273178E+02,
2461244.500000000, A.D. 2026-Jul-23 00:00:00.0000,  9.342593324815904E-02,  1.381253549581356E+00,  1.847482143462195E+00,  4.948121019220576E+01,  2.866096423762182E+02,  2.461125779539391E+06,  5.240816704556881E-01,  6.221921731290285E+01,  7.218415603179912E+01,  1.523597023385239E+00,  1.665940497189122E+00,  6.869158383024169E+02,
2461252.500000000, A.D. 2026-Jul-31 00:00:00.0000,  9.342579045085082E-02,  1.381257124875401E+00,  1.847480485306403E+00,  4.948120915652546E+01,  2.866112706610504E+02,  2.461125781979539E+06,  5.240797594542650E-01,  6.641034968181950E+01,  7.664649773630933E+01,  1.523600727139942E+00,  1.665944329404482E+00,  6.869183430683821E+02,
2461260.500000000, A.D. 2026-Aug-08 00:00:00.0000,  9.342546257101011E-02,  1.381262109980193E+00,  1.847478414757035E+00,  4.948120280837362E+01,  2.866134211591282E+02,  2.461125785170654E+06,  5.240772065907894E-01,  7.060097144989057E+01,  8.104731418876578E+01,  1.523605674936998E+00,  1.665949239893803E+00,  6.869216891569483E+02,
2461268.500000000, A.D. 2026-Aug-16 00:00:00.0000,  9.342485042131590E-02,  1.381268286323947E+00,  1.847475232112781E+00,  4.948118540391540E+01,  2.866159249652952E+02,  2.461125788831539E+06,  5.240742222848176E-01,  7.479124462248845E+01,  8.538711926379710E+01,  1.523611458979290E+00,  1.665954631634633E+00,  6.869256007870416E+02,
2461276.500000000, A.D. 2026-Aug-24 00:00:00.0000,  9.342409704362709E-02,  1.381275416925230E+00,  1.847471097566503E+00,  4.948115299807278E+01,  2.866187343807593E+02,  2.461125792903595E+06,  5.240708173884423E-01,  7.898119119911567E+01,  8.966667741736178E+01,  1.523618058257281E+00,  1.665960699589332E+00,  6.869300637535160E+02,
2461284.500000000, A.D. 2026-Sep-01 00:00:00.0000,  9.342323911892506E-02,  1.381283869487880E+00,  1.847467003140235E+00,  4.948111085816464E+01,  2.866220238214625E+02,  2.461125797667085E+06,  5.240667508481960E-01,  8.317061596280421E+01,  9.388685482513532E+01,  1.523625940009152E+00,  1.665968010530424E+00,  6.869353940454037E+02,
2461292.500000000, A.D. 2026-Sep-09 00:00:00.0000,  9.342211840990347E-02,  1.381294014871870E+00,  1.847463248369078E+00,  4.948106251294985E+01,  2.866258590462897E+02,  2.461125803202702E+06,  5.240619488444417E-01,  8.735944845819826E+01,  9.804892112712406E+01,  1.523635247364675E+00,  1.665976479857480E+00,  6.869416884660319E+02,
2461300.500000000, A.D. 2026-Sep-17 00:00:00.0000,  9.342059916380480E-02,  1.381305945506582E+00,  1.847459715980758E+00,  4.948100740254232E+01,  2.866301886772647E+02,  2.461125809407440E+06,  5.240564765269999E-01,  9.154773641933141E+01,  1.021545216358065E+02,  1.523645854111087E+00,  1.665985762715592E+00,  6.869488616680657E+02,
2461308.500000000, A.D. 2026-Sep-25 00:00:00.0000,  9.341860558773554E-02,  1.381319615509929E+00,  1.847456270598939E+00,  4.948094367576536E+01,  2.866349330082441E+02,  2.461125816141723E+06,  5.240504257700954E-01,  9.573555371145008E+01,  1.062055498099675E+02,  1.523657582235554E+00,  1.665995548961180E+00,  6.869567932722844E+02,
2461316.500000000, A.D. 2026-Oct-03 00:00:00.0000,  9.341610385922561E-02,  1.381334912932297E+00,  1.847452814531124E+00,  4.948086899691853E+01,  2.866400099468824E+02,  2.461125823268598E+06,  5.240438896529782E-01,  9.992297599027387E+01,  1.102040875476655E+02,  1.523670251382674E+00,  1.666005589833050E+00,  6.869653613142823E+02,
2461324.500000000, A.D. 2026-Oct-11 00:00:00.0000,  9.341308698501703E-02,  1.381351689742661E+00,  1.847449313148270E+00,  4.948078147591612E+01,  2.866453404736926E+02,  2.461125830661620E+06,  5.240369585211779E-01,  1.041100758359649E+02,  1.141523688694863E+02,  1.523683686486032E+00,  1.666015683229404E+00,  6.869744474052229E+02,
2461332.500000000, A.D. 2026-Oct-19 00:00:00.0000,  9.340956186281349E-02,  1.381369779103943E+00,  1.847445745768650E+00,  4.948067898339375E+01,  2.866508486210486E+02,  2.461125838201200E+06,  5.240297213717797E-01,  1.082969248432137E+02,  1.180527537829151E+02,  1.523697715081032E+00,  1.666025651058121E+00,  6.869839349142437E+02,
2461340.500000000, A.D. 2026-Oct-27 00:00:00.0000,  9.340553689296595E-02,  1.381389003571495E+00,  1.847442035595862E+00,  4.948055684371019E+01,  2.866564561497640E+02,  2.461125845758753E+06,  5.240222719273617E-01,  1.124836031771259E+02,  1.219077121365358E+02,  1.523712155529022E+00,  1.666035307486549E+00,  6.869937010041857E+02,
2461348.500000000, A.D. 2026-Nov-04 00:00:00.0000,  9.340103424701822E-02,  1.381409071908592E+00,  1.847437948750048E+00,  4.948040269279400E+01,  2.866620456005444E+02,  2.461125853130872E+06,  5.240147567091601E-01,  1.166702449579225E+02,  1.257198448570525E+02,  1.523726723823531E+00,  1.666044375738470E+00,  6.870035536037548E+02,
2461356.500000000, A.D. 2026-Nov-12 00:00:00.0000,  9.339625456814873E-02,  1.381429106266732E+00,  1.847433116573112E+00,  4.948019360912669E+01,  2.866673936809458E+02,  2.461125859976658E+06,  5.240075012618997E-01,  1.208571023224564E+02,  1.294919351600588E+02,  1.523740788880927E+00,  1.666052471495122E+00,  6.870130659066110E+02,
2461364.500000000, A.D. 2026-Nov-20 00:00:00.0000,  9.339164735403584E-02,  1.381447829473386E+00,  1.847427797304559E+00,  4.947992884694273E+01,  2.866723335346082E+02,  2.461125866168175E+06,  5.240008425411143E-01,  1.250443289350672E+02,  1.332267378049102E+02,  1.523753697439019E+00,  1.666059565404652E+00,  6.870217960990274E+02,
2461372.500000000, A.D. 2026-Nov-28 00:00:00.0000,  9.338742873000552E-02,  1.381464912160007E+00,  1.847422713001074E+00,  4.947963522625078E+01,  2.866769357081546E+02,  2.461125871947397E+06,  5.239947805211724E-01,  1.292318122940298E+02,  1.369267802295039E+02,  1.523765449474005E+00,  1.666065986788004E+00,  6.870297441549685E+02,
2461380.500000000, A.D. 2026-Dec-06 00:00:00.0000,  9.338360434640659E-02,  1.381480433121917E+00,  1.847418126777736E+00,  4.947932392121297E+01,  2.866812671722770E+02,  2.461125877456158E+06,  5.239892654228496E-01,  1.334194797076878E+02,  1.405946365330157E+02,  1.523776141425269E+00,  1.666071849728621E+00,  6.870369752889626E+02,
2461388.500000000, A.D. 2026-Dec-14 00:00:00.0000,  9.338023368336425E-02,  1.381494213549820E+00,  1.847414064811636E+00,  4.947899399751493E+01,  2.866853313430487E+02,  2.461125882728999E+06,  5.239843473684633E-01,  1.376073393534722E+02,  1.442329750134312E+02,  1.523785676064043E+00,  1.666077138578267E+00,  6.870434237358041E+02,
2461396.500000000, A.D. 2026-Dec-22 00:00:00.0000,  9.337743670446101E-02,  1.381505920888299E+00,  1.847410562595150E+00,  4.947864455916517E+01,  2.866891288708757E+02,  2.461125887820629E+06,  5.239801115153255E-01,  1.417953999242335E+02,  1.478444780535430E+02,  1.523793888237876E+00,  1.666081855587453E+00,  6.870489777921096E+02,
2461404.500000000, A.D. 2026-Dec-30 00:00:00.0000,  9.337535957828239E-02,  1.381515166987699E+00,  1.847407667627669E+00,  4.947827513479309E+01,  2.866926736759960E+02,  2.461125892823440E+06,  5.239766519302265E-01,  1.459836555776560E+02,  1.514318201831951E+02,  1.523800595519978E+00,  1.666086024052256E+00,  6.870535140713448E+02,
2461412.500000000, A.D. 2027-Jan-07 00:00:00.0000,  9.337414583026162E-02,  1.381521570138859E+00,  1.847405433503444E+00,  4.947788518131966E+01,  2.866959891725072E+02,  2.461125897848849E+06,  5.239740613086713E-01,  1.501720931182591E+02,  1.549976682298339E+02,  1.523805618144451E+00,  1.666089666150043E+00,  6.870569109869070E+02,
2461420.500000000, A.D. 2027-Jan-15 00:00:00.0000,  9.337388784595231E-02,  1.381524884353658E+00,  1.847403927081604E+00,  4.947747584325326E+01,  2.866991076037311E+02,  2.461125903007686E+06,  5.239723994730509E-01,  1.543606929402189E+02,  1.585446773391782E+02,  1.523808840086572E+00,  1.666092795819486E+00,  6.870590900628453E+02,
2461428.500000000, A.D. 2027-Jan-23 00:00:00.0000,  9.337457633257405E-02,  1.381525138512940E+00,  1.847403211134663E+00,  4.947704723738319E+01,  2.867020693234505E+02,  2.461125908378964E+06,  5.239716580280631E-01,  1.585494333798056E+02,  1.620754926312939E+02,  1.523810277594553E+00,  1.666095416676166E+00,  6.870600622843592E+02,
2461436.500000000, A.D. 2027-Jan-31 00:00:00.0000,  9.337610153544738E-02,  1.381522623279184E+00,  1.847403357650244E+00,  4.947659101986525E+01,  2.867048994145707E+02,  2.461125913945329E+06,  5.239717667540700E-01,  1.627383237952255E+02,  1.655927791558362E+02,  1.523810066797174E+00,  1.666097510315164E+00,  6.870599197169504E+02,
2461444.500000000, A.D. 2027-Feb-08 00:00:00.0000,  9.337847277092010E-02,  1.381517286174433E+00,  1.847404509259581E+00,  4.947609123982011E+01,  2.867075629532688E+02,  2.461125919598768E+06,  5.239727474353513E-01,  1.669274481129425E+02,  1.690992654539758E+02,  1.523808165461043E+00,  1.666099044747652E+00,  6.870586337973950E+02,
2461452.500000000, A.D. 2027-Feb-16 00:00:00.0000,  9.338199134617946E-02,  1.381508332703086E+00,  1.847406759567362E+00,  4.947556551637226E+01,  2.867100619260753E+02,  2.461125925508072E+06,  5.239747908825890E-01,  1.711168011153931E+02,  1.725976052812855E+02,  1.523804203662798E+00,  1.666100074622509E+00,  6.870559543401162E+02,
2461460.500000000, A.D. 2027-Feb-24 00:00:00.0000,  9.338667144167145E-02,  1.381495807807210E+00,  1.847409923029170E+00,  4.947506230498783E+01,  2.867125380573639E+02,  2.461125932077159E+06,  5.239778592745966E-01,  1.753061839921473E+02,  1.760902781919443E+02,  1.523798254768685E+00,  1.666100701730161E+00,  6.870519309697356E+02,
2461468.500000000, A.D. 2027-Mar-04 00:00:00.0000,  9.339222841143714E-02,  1.381480522982336E+00,  1.847413725170090E+00,  4.947460676502433E+01,  2.867151105994949E+02,  2.461125939487142E+06,  5.239817377510675E-01,  1.794954528122819E+02,  1.795798074611256E+02,  1.523790735393431E+00,  1.666100947804527E+00,  6.870468454590077E+02,
2461476.500000000, A.D. 2027-Mar-12 00:00:00.0000,  9.339843581501812E-02,  1.381463089829831E+00,  1.847417926312061E+00,  4.947420562108942E+01,  2.867178317244149E+02,  2.461812988664757E+06,  5.239862747120901E-01,  1.836845580710209E+02,  1.830688010866792E+02,  1.523781939502542E+00,  1.666100789175254E+00,  6.870408966299850E+02,
2461484.500000000, A.D. 2027-Mar-20 00:00:00.0000,  9.340514352323942E-02,  1.381443902029845E+00,  1.847422309311797E+00,  4.947386015692468E+01,  2.867207241242667E+02,  2.461812991118150E+06,  5.239913763778752E-01,  1.878734868727653E+02,  1.865599023122631E+02,  1.523772048959619E+00,  1.666100195889393E+00,  6.870342074873896E+02,
2461492.500000000, A.D. 2027-Mar-28 00:00:00.0000,  9.341221730672269E-02,  1.381423312791090E+00,  1.847426666986155E+00,  4.947356993588632E+01,  2.867237958040736E+02,  2.461812993764411E+06,  5.239969582043915E-01,  1.920622423254057E+02,  1.900557723548594E+02,  1.523761227718267E+00,  1.666099142645445E+00,  6.870268889224687E+02,
2461500.500000000, A.D. 2027-Apr-05 00:00:00.0000,  9.341950838143252E-02,  1.381401723370821E+00,  1.847430822866534E+00,  4.947333224901875E+01,  2.867270428501160E+02,  2.461812996654085E+06,  5.240029209192447E-01,  1.962508404817280E+02,  1.935590894311619E+02,  1.523749668277694E+00,  1.666097613184567E+00,  6.870190711312474E+02,
2461508.500000000, A.D. 2027-Apr-13 00:00:00.0000,  9.342684295022265E-02,  1.381379614090906E+00,  1.847434642390805E+00,  4.947314255053099E+01,  2.867304489722779E+02,  2.461812999822575E+06,  5.240091419363194E-01,  2.004393092526896E+02,  1.970725498678718E+02,  1.523737608320845E+00,  1.666095602550785E+00,  6.870109148663464E+02,
2461516.500000000, A.D. 2027-Apr-21 00:00:00.0000,  9.343400143958877E-02,  1.381357607916199E+00,  1.847438061132123E+00,  4.947299401747143E+01,  2.867339765880291E+02,  2.461813003281470E+06,  5.240154571747809E-01,  2.046276974064385E+02,  2.005988782698499E+02,  1.523725365952106E+00,  1.666093123988013E+00,  6.870026352675415E+02,
2461524.500000000, A.D. 2027-Apr-29 00:00:00.0000,  9.344071458375761E-02,  1.381336515417452E+00,  1.847441281404905E+00,  4.947287114952580E+01,  2.867375372890255E+02,  2.461813006951142E+06,  5.240216388603990E-01,  2.088161146398049E+02,  2.041408638955718E+02,  1.523713382719607E+00,  1.666090250021761E+00,  6.869945309565835E+02,
2461532.500000000, A.D. 2027-May-07 00:00:00.0000,  9.344685846994595E-02,  1.381316847336246E+00,  1.847444849790667E+00,  4.947275124093930E+01,  2.867409831236001E+02,  2.461813010565876E+06,  5.240275037751039E-01,  2.130047483815447E+02,  2.077013677472991E+02,  1.523702013767113E+00,  1.666087180197980E+00,  6.869868421152579E+02,
2461540.500000000, A.D. 2027-May-15 00:00:00.0000,  9.345269701666208E-02,  1.381298001581890E+00,  1.847448710147178E+00,  4.947263651968813E+01,  2.867442712728172E+02,  2.461813013949149E+06,  5.240331656743012E-01,  2.171936525370047E+02,  2.112831244039268E+02,  1.523691038554971E+00,  1.666084075528052E+00,  6.869794195883936E+02,
2461548.500000000, A.D. 2027-May-23 00:00:00.0000,  9.345836199343349E-02,  1.381279568272118E+00,  1.847452106576547E+00,  4.947254735755498E+01,  2.867474818653415E+02,  2.461813017249757E+06,  5.240387435362422E-01,  2.213827127934572E+02,  2.148887287768151E+02,  1.523680226436674E+00,  1.666080884601230E+00,  6.869721073879008E+02,
2461556.500000000, A.D. 2027-May-31 00:00:00.0000,  9.346369371051434E-02,  1.381261985446441E+00,  1.847454786504814E+00,  4.947248550498337E+01,  2.867506114071715E+02,  2.461813020544859E+06,  5.240441265350051E-01,  2.255719151309731E+02,  2.185208771615252E+02,  1.523669792222708E+00,  1.666077598998974E+00,  6.869650507874793E+02,
2461564.500000000, A.D. 2027-Jun-08 00:00:00.0000,  9.346855870350808E-02,  1.381245700895377E+00,  1.847456858685152E+00,  4.947244372146074E+01,  2.867535980888809E+02,  2.461813023774911E+06,  5.240491755413257E-01,  2.297613206552642E+02,  2.221823287709877E+02,  1.523660005570203E+00,  1.666074310245029E+00,  6.869584321512036E+02,
2461572.500000000, A.D. 2027-Jun-16 00:00:00.0000,  9.347291014888502E-02,  1.381230947040445E+00,  1.847458478901253E+00,  4.947241542889852E+01,  2.867563810595865E+02,  2.461813026848920E+06,  5.240537988533863E-01,  2.339509910974156E+02,  2.258758315641636E+02,  1.523651044192506E+00,  1.666071141344567E+00,  6.869523716604458E+02,
2461580.500000000, A.D. 2027-Jun-24 00:00:00.0000,  9.347675578116818E-02,  1.381217804431562E+00,  1.847459766458635E+00,  4.947239622436481E+01,  2.867589141084125E+02,  2.461813029685663E+06,  5.240579438884135E-01,  2.381409710387250E+02,  2.296041002557199E+02,  1.523643009972439E+00,  1.666068215513317E+00,  6.869469382123400E+02,
2461588.500000000, A.D. 2027-Jul-02 00:00:00.0000,  9.348012827322061E-02,  1.381206272077876E+00,  1.847460780969663E+00,  4.947238356084176E+01,  2.867611662523439E+02,  2.461813032225151E+06,  5.240615828459875E-01,  2.423312866876645E+02,  2.333698075773501E+02,  1.523635956757233E+00,  1.666065641436591E+00,  6.869421682180388E+02,
2461596.500000000, A.D. 2027-Jul-10 00:00:00.0000,  9.348306448627836E-02,  1.381196320201595E+00,  1.847461586490070E+00,  4.947237540281278E+01,  2.867631183331762E+02,  2.461813034427148E+06,  5.240647006803230E-01,  2.465219502495552E+02,  2.371755786524883E+02,  1.523629913674887E+00,  1.666063507148180E+00,  6.869380813717471E+02,
2461604.500000000, A.D. 2027-Jul-18 00:00:00.0000,  9.348558300231558E-02,  1.381187959794890E+00,  1.847462319556968E+00,  4.947236970607203E+01,  2.867647498792870E+02,  2.461813036255186E+06,  5.240672749964695E-01,  2.507129730067778E+02,  2.410239921658443E+02,  1.523624924101365E+00,  1.666061888407839E+00,  6.869347070038389E+02,
2461612.500000000, A.D. 2027-Jul-26 00:00:00.0000,  9.348766748892756E-02,  1.381181375955593E+00,  1.847463397401578E+00,  4.947236384373160E+01,  2.867659883087243E+02,  2.461813037598719E+06,  5.240692145869811E-01,  2.549044181441694E+02,  2.449176169723728E+02,  1.523621164788426E+00,  1.666060953621259E+00,  6.869321646449238E+02,
2461620.500000000, A.D. 2027-Aug-03 00:00:00.0000,  9.348939073811159E-02,  1.381176762728237E+00,  1.847465590751000E+00,  4.947235659084673E+01,  2.867666777277208E+02,  2.461813038194208E+06,  5.240703458676611E-01,  2.590964419686680E+02,  2.488590241048141E+02,  1.523618972151730E+00,  1.666061181575223E+00,  6.869306818037509E+02,
2461628.500000000, A.D. 2027-Aug-11 00:00:00.0000,  9.349107716403827E-02,  1.381173510448561E+00,  1.847468715497424E+00,  4.947235269009975E+01,  2.867668348629164E+02,  2.461813037998239E+06,  5.240707344937779E-01,  2.632890357210761E+02,  2.528505059071172E+02,  1.523618218922367E+00,  1.666062927396173E+00,  6.869301724083853E+02,
2461636.500000000, A.D. 2027-Aug-19 00:00:00.0000,  9.349293004824902E-02,  1.381170769529275E+00,  1.847471654671164E+00,  4.947235524803435E+01,  2.867667057351894E+02,  2.461813037359840E+06,  5.240706877266159E-01,  2.674819444194359E+02,  2.568940030731343E+02,  1.523618309565736E+00,  1.666065849602197E+00,  6.869302337088461E+02,
2461644.500000000, A.D. 2027-Aug-27 00:00:00.0000,  9.349492249126391E-02,  1.381168332748914E+00,  1.847474016041302E+00,  4.947236246743428E+01,  2.867664248681529E+02,  2.461813036500311E+06,  5.240703468325408E-01,  2.716750178280243E+02,  2.609914225395039E+02,  1.523618970281613E+00,  1.666069607814312E+00,  6.869306805390247E+02,
2461652.500000000, A.D. 2027-Sep-04 00:00:00.0000,  9.349701867863865E-02,  1.381166206130867E+00,  1.847475858860300E+00,  4.947237224665729E+01,  2.867660288730594E+02,  2.461813035486174E+06,  5.240697394398423E-01,  2.758682095901279E+02,  2.651445904321485E+02,  1.523620147522973E+00,  1.666074088915079E+00,  6.869314766862708E+02,
2461660.500000000, A.D. 2027-Sep-12 00:00:00.0000,  9.349920869538614E-02,  1.381164362537541E+00,  1.847477229167848E+00,  4.947238269696309E+01,  2.867655460941555E+02,  2.461813034362998E+06,  5.240688895917580E-01,  2.800614857588052E+02,  2.693551296719438E+02,  1.523621794692317E+00,  1.666079226847093E+00,  6.869325906379115E+02,
2461668.500000000, A.D. 2027-Sep-20 00:00:00.0000,  9.350148647760033E-02,  1.381162739150821E+00,  1.847478124926871E+00,  4.947239166763211E+01,  2.867650156830857E+02,  2.461813033189755E+06,  5.240678383002784E-01,  2.842548036823109E+02,  2.736244061407627E+02,  1.523623832303937E+00,  1.666084925457053E+00,  6.869339686396260E+02,
2461676.500000000, A.D. 2027-Sep-28 00:00:00.0000,  9.350383831003306E-02,  1.381161255028857E+00,  1.847478500789852E+00,  4.947239630478155E+01,  2.867644879571421E+02,  2.461813032041010E+06,  5.240666435280131E-01,  2.884481115341987E+02,  2.779534909776496E+02,  1.523626148018078E+00,  1.666091041007298E+00,  6.869355347184137E+02,
2461684.500000000, A.D. 2027-Oct-06 00:00:00.0000,  9.350623229775124E-02,  1.381159840960190E+00,  1.847478310418678E+00,  4.947239312187317E+01,  2.867640160540202E+02,  2.461813030995832E+06,  5.240653723262503E-01,  2.926413558137120E+02,  2.823431290423077E+02,  1.523628611877951E+00,  1.666097382795710E+00,  6.869372009869917E+02,
2461692.500000000, A.D. 2027-Oct-14 00:00:00.0000,  9.350860930939663E-02,  1.381158489565139E+00,  1.847477642954289E+00,  4.947238040643191E+01,  2.867636322883288E+02,  2.461813030106317E+06,  5.240640801731831E-01,  2.968345006997869E+02,  2.867937190378029E+02,  1.523631116356123E+00,  1.666103743147108E+00,  6.869388947264499E+02,
2461700.500000000, A.D. 2027-Oct-22 00:00:00.0000,  9.351090274925965E-02,  1.381157344030162E+00,  1.847476880460366E+00,  4.947236345112202E+01,  2.867632865651614E+02,  2.461813029309193E+06,  5.240627433243563E-01,  3.010275815201324E+02,  2.913053284425297E+02,  1.523633707475387E+00,  1.666110070920612E+00,  6.869406470613890E+02,
2461708.500000000, A.D. 2027-Oct-30 00:00:00.0000,  9.351319204103545E-02,  1.381156697571340E+00,  1.847476636241425E+00,  4.947235736266734E+01,  2.867627768973186E+02,  2.461813028309416E+06,  5.240611260199912E-01,  3.052207764662879E+02,  2.958777197926474E+02,  1.523636842196454E+00,  1.666116986821568E+00,  6.869427670280340E+02,
2461716.500000000, A.D. 2027-Nov-07 00:00:00.0000,  9.351573947304209E-02,  1.381156544795782E+00,  1.847476825453539E+00,  4.947236337035826E+01,  2.867619967463526E+02,  2.461813026921231E+06,  5.240590038794829E-01,  3.094141978120085E+02,  3.005100887715990E+02,  1.523640955434667E+00,  1.666125366073552E+00,  6.869455487550190E+02,
2461724.500000000, A.D. 2027-Nov-15 00:00:00.0000,  9.351852900631825E-02,  1.381156596539179E+00,  1.847476800568804E+00,  4.947236238268781E+01,  2.867611176234552E+02,  2.461813025378429E+06,  5.240565553934147E-01,  3.136076951154183E+02,  3.052008525793236E+02,  1.523645701246557E+00,  1.666134805953935E+00,  6.869487582876322E+02,
2461732.500000000, A.D. 2027-Nov-23 00:00:00.0000,  9.352132290964747E-02,  1.381156759617665E+00,  1.847476398061203E+00,  4.947234482371017E+01,  2.867602671865126E+02,  2.461813023877297E+06,  5.240540397556909E-01,  3.178011368058067E+02,  3.099479121229629E+02,  1.523650577254559E+00,  1.666144394891453E+00,  6.869520558754373E+02,
2461740.500000000, A.D. 2027-Dec-01 00:00:00.0000,  9.352393881313364E-02,  1.381157035110379E+00,  1.847475727505500E+00,  4.947230979728257E+01,  2.867594780157254E+02,  2.461813022473479E+06,  5.240516145005004E-01,  3.219944806860322E+02,  3.147486824334025E+02,  1.523655278112920E+00,  1.666153521115461E+00,  6.869552350165619E+02,
2461748.500000000, A.D. 2027-Dec-09 00:00:00.0000,  9.352627603747506E-02,  1.381157407638540E+00,  1.847474909228711E+00,  4.947225753336429E+01,  2.867587555576633E+02,  2.461813021175118E+06,  5.240493756875383E-01,  3.261877184607981E+02,  3.196000201349885E+02,  1.523659617623554E+00,  1.666161827608568E+00,  6.869581697863678E+02,
2461756.500000000, A.D. 2027-Dec-17 00:00:00.0000,  9.352828171305284E-02,  1.381157849305520E+00,  1.847474050362131E+00,  4.947218831766055E+01,  2.867580947358869E+02,  2.461813019970957E+06,  5.240473850406873E-01,  3.303808570176074E+02,  3.244982069882859E+02,  1.523663476137607E+00,  1.666169102969695E+00,  6.869607792662670E+02,
2461764.500000000, A.D. 2027-Dec-25 00:00:00.0000,  9.352992620844824E-02,  1.381158332299467E+00,  1.847473260035986E+00,  4.947210369167644E+01,  2.867574805111274E+02,  2.461813018835293E+06,  5.240456840834594E-01,  3.345739137679795E+02,  3.294389600567906E+02,  1.523666773159323E+00,  1.666175214019179E+00,  6.869630090163407E+02,
2461772.500000000, A.D. 2028-Jan-02 00:00:00.0000,  9.353117682972360E-02,  1.381158830162698E+00,  1.847472631917106E+00,  4.947200558876861E+01,  2.867568932118237E+02,  2.461813017736118E+06,  5.240443162241106E-01,  3.387669106811765E+02,  3.344174531773118E+02,  1.523669424539329E+00,  1.666180018915960E+00,  6.869648021257116E+02,
2461780.500000000, A.D. 2028-Jan-10 00:00:00.0000,  9.353196345839641E-02,  1.381159320375152E+00,  1.847472250386846E+00,  4.947189829403604E+01,  2.867563049324649E+02,  2.461813016633088E+06,  5.240433550832770E-01,  3.429598745003801E+02,  3.394283591719382E+02,  1.523671287566423E+00,  1.666183254757693E+00,  6.869660620785688E+02,
2461788.500000000, A.D. 2028-Jan-18 00:00:00.0000,  9.353219194780645E-02,  1.381159795588974E+00,  1.847472171509659E+00,  4.947179686344064E+01,  2.867556396845325E+02,  2.461813015427306E+06,  5.240428864831056E-01,  3.471528647110599E+02,  3.444659364982530E+02,  1.523672195879513E+00,  1.666184596170051E+00,  6.869666763649618E+02,
2461796.500000000, A.D. 2028-Jan-26 00:00:00.0000,  9.353196632313437E-02,  1.381160250609062E+00,  1.847472309800638E+00,  4.947172616225475E+01,  2.867547359387415E+02,  2.461813013898156E+06,  5.240428231715497E-01,  3.513460101888388E+02,  3.495241370337002E+02,  1.523672318599834E+00,  1.666184386590605E+00,  6.869667593599522E+02,
2461804.500000000, A.D. 2028-Feb-03 00:00:00.0000,  9.353172796930102E-02,  1.381160604525953E+00,  1.847472514391747E+00,  4.947168399869468E+01,  2.867535339791643E+02,  2.461813011941914E+06,  5.240428284395866E-01,  3.555393778836763E+02,  3.545965378293390E+02,  1.523672308388503E+00,  1.666184012251053E+00,  6.869667524540926E+02,
2461812.500000000, A.D. 2028-Feb-11 00:00:00.0000,  9.353165152140838E-02,  1.381160747970296E+00,  1.847472826102555E+00,  4.947164471036884E+01,  2.867521643150821E+02,  2.461813009723511E+06,  5.240428130941621E-01,  3.597328830577163E+02,  3.596763409521962E+02,  1.523672338133399E+00,  1.666183928296501E+00,  6.869667725703812E+02,
2461820.500000000, A.D. 2028-Feb-19 00:00:00.0000,  9.353162096363819E-02,  1.381160626008736E+00,  1.847473299675149E+00,  4.947160183045441E+01,  2.867506965133362E+02,  2.461813007344589E+06,  5.240429090053784E-01,  3.926472938042268E+00,  4.756680355545212E+00,  1.523672152223341E+00,  1.666183678437945E+00,  6.869666468405649E+02,
2461828.500000000, A.D. 2028-Feb-27 00:00:00.0000,  9.353156701389910E-02,  1.381160203052808E+00,  1.847473899125164E+00,  4.947156003874385E+01,  2.867491273295134E+02,  2.461813004809084E+06,  5.240431965074773E-01,  8.120149378160683E+00,  9.830744608239547E+00,  1.523671594942331E+00,  1.666182986831855E+00,  6.869662699549298E+02,
2461836.500000000, A.D. 2028-Mar-06 00:00:00.0000,  9.353149318716140E-02,  1.381159444269215E+00,  1.847474542915691E+00,  4.947152413574747E+01,  2.867474461505400E+02,  2.461813002109662E+06,  5.240436923776707E-01,  1.231392121579174E+01,  1.489182582460181E+01,  1.523670633771270E+00,  1.666181823273326E+00,  6.869656199211595E+02,
2461844.500000000, A.D. 2028-Mar-14 00:00:00.0000,  9.353143138276911E-02,  1.381158320217641E+00,  1.847475155838743E+00,  4.947149613196434E+01,  2.867456560642254E+02,  2.461812999256752E+06,  5.240443857100944E-01,  1.650778764454344E+01,  1.993340136937045E+01,  1.523669289851410E+00,  1.666180259485180E+00,  6.869647110371963E+02,
2461852.500000000, A.D. 2028-Mar-22 00:00:00.0000,  9.353141110747043E-02,  1.381156813909906E+00,  1.847475690351141E+00,  4.947147584260006E+01,  2.867437737433802E+02,  2.461812996279057E+06,  5.240452605871023E-01,  2.070173773589919E+01,  2.494922634794364E+01,  1.523667594039107E+00,  1.666178374168309E+00,  6.869635641713123E+02,
2461860.500000000, A.D. 2028-Mar-30 00:00:00.0000,  9.353144188087355E-02,  1.381154925335230E+00,  1.847476104389116E+00,  4.947146267867335E+01,  2.867418230522385E+02,  2.461812993215673E+06,  5.240463087612596E-01,  2.489575496772481E+01,  2.993342134126755E+01,  1.523665562323587E+00,  1.666176199311943E+00,  6.869621901372950E+02,
2461868.500000000, A.D. 2028-Apr-07 00:00:00.0000,  9.353148771204560E-02,  1.381152667779586E+00,  1.847476333811982E+00,  4.947145649550755E+01,  2.867398208788311E+02,  2.461812990093994E+06,  5.240475538835112E-01,  2.908983045878363E+01,  3.488055665719865E+01,  1.523663148864944E+00,  1.666173629950303E+00,  6.869605579344488E+02,
2461876.500000000, A.D. 2028-Apr-15 00:00:00.0000,  9.353144607316527E-02,  1.381150019272435E+00,  1.847476108838212E+00,  4.947146132699449E+01,  2.867377274032596E+02,  2.461812986856578E+06,  5.240490973710210E-01,  3.328400548137619E+01,  3.978575538360563E+01,  1.523660157089039E+00,  1.666170294905644E+00,  6.869585346220413E+02,
2461884.500000000, A.D. 2028-Apr-23 00:00:00.0000,  9.353130428274235E-02,  1.381146837365873E+00,  1.847474834565087E+00,  4.947148473072654E+01,  2.867354289216676E+02,  2.461812983339543E+06,  5.240510312987852E-01,  3.747837966773469E+01,  4.464475359354144E+01,  1.523656408534901E+00,  1.666165979703929E+00,  6.869559995098030E+02,
2461892.500000000, A.D. 2028-May-01 00:00:00.0000,  9.353137546786772E-02,  1.381143060735422E+00,  1.847472619001441E+00,  4.947151838508643E+01,  2.867329796903931E+02,  2.461812979630476E+06,  5.240531190357063E-01,  4.167289767603395E+01,  4.945370607102380E+01,  1.523652361876606E+00,  1.666161663017791E+00,  6.869532627960019E+02,
2461900.500000000, A.D. 2028-May-09 00:00:00.0000,  9.353184292681677E-02,  1.381138918342486E+00,  1.847470367896746E+00,  4.947154578846301E+01,  2.867306078773938E+02,  2.461812976069596E+06,  5.240550713167397E-01,  4.586735958965566E+01,  5.420918694986825E+01,  1.523648577796628E+00,  1.666158237250770E+00,  6.869507036645304E+02,
2461908.500000000, A.D. 2028-May-17 00:00:00.0000,  9.353259297377486E-02,  1.381134620699027E+00,  1.847468456647513E+00,  4.947156359968466E+01,  2.867284138238807E+02,  2.461812972803321E+06,  5.240568669148484E-01,  5.006168339695587E+01,  5.890847038121417E+01,  1.523645097433790E+00,  1.666155574168552E+00,  6.869483499364101E+02,
2461916.500000000, A.D. 2028-May-25 00:00:00.0000,  9.353349633541382E-02,  1.381130282656093E+00,  1.847466896394014E+00,  4.947157394559983E+01,  2.867264085916028E+02,  2.461812969844899E+06,  5.240585525655523E-01,  5.425586322896898E+01,  6.354948837809781E+01,  1.523641830197339E+00,  1.666153377738585E+00,  6.869461403455849E+02,
2461924.500000000, A.D. 2028-Jun-02 00:00:00.0000,  9.353446663543577E-02,  1.381125999156518E+00,  1.847465674024231E+00,  4.947157895052299E+01,  2.867245928786501E+02,  2.461812967191703E+06,  5.240601491351999E-01,  5.844990014950367E+01,  6.813073678887653E+01,  1.523638735639664E+00,  1.666151472122809E+00,  6.869440475374234E+02,
2461932.500000000, A.D. 2028-Jun-10 00:00:00.0000,  9.353543882828196E-02,  1.381121874542480E+00,  1.847464784909910E+00,  4.947158044765152E+01,  2.867229717059338E+02,  2.461812964846533E+06,  5.240616536420827E-01,  6.264379019433703E+01,  7.265123262872665E+01,  1.523635819537400E+00,  1.666149764532320E+00,  6.869420754182263E+02,
2461940.500000000, A.D. 2028-Jun-18 00:00:00.0000,  9.353635211019516E-02,  1.381118033973205E+00,  1.847464260722434E+00,  4.947158013463387E+01,  2.867215552240004E+02,  2.461812962817850E+06,  5.240630475770286E-01,  6.683752435706006E+01,  7.711047897389555E+01,  1.523633117763044E+00,  1.666148201552882E+00,  6.869402482476804E+02,
2461948.500000000, A.D. 2028-Jun-26 00:00:00.0000,  9.353713472563958E-02,  1.381114626935833E+00,  1.847464129780500E+00,  4.947157986404335E+01,  2.867203531709584E+02,  2.461812961109879E+06,  5.240643080808953E-01,  7.103109466937700E+01,  8.150843202533856E+01,  1.523630674619868E+00,  1.666146722303904E+00,  6.869385959870211E+02,
2461956.500000000, A.D. 2028-Jul-04 00:00:00.0000,  9.353768967967664E-02,  1.381111812780729E+00,  1.847464302901935E+00,  4.947158096846488E+01,  2.867193601262593E+02,  2.461812959696459E+06,  5.240654285680127E-01,  7.522451069204577E+01,  8.584547594683245E+01,  1.523628502869221E+00,  1.666145192957712E+00,  6.869371272661224E+02,
2461964.500000000, A.D. 2028-Jul-12 00:00:00.0000,  9.353789490476516E-02,  1.381109649975626E+00,  1.847464396394586E+00,  4.947158168341348E+01,  2.867185055987425E+02,  2.461812958440011E+06,  5.240664816162292E-01,  7.941785216179034E+01,  9.012243374857491E+01,  1.523626461837060E+00,  1.666143273698494E+00,  6.869357469490405E+02,
2461972.500000000, A.D. 2028-Jul-20 00:00:00.0000,  9.353773307275290E-02,  1.381107814445864E+00,  1.847463725000451E+00,  4.947157432028914E+01,  2.867176056791278E+02,  2.461812957035154E+06,  5.240676667082639E-01,  8.361130932640160E+01,  9.434057692086205E+01,  1.523624164883977E+00,  1.666140515322090E+00,  6.869341935578780E+02,
2461980.500000000, A.D. 2028-Jul-28 00:00:00.0000,  9.353741195064101E-02,  1.381105958467072E+00,  1.847462453616971E+00,  4.947155739858431E+01,  2.867166011049907E+02,  2.461812955416564E+06,  5.240690015833328E-01,  8.780492256193736E+01,  9.850133514712726E+01,  1.523621577630811E+00,  1.666137196794549E+00,  6.869324438430003E+02,
2461988.500000000, A.D. 2028-Aug-05 00:00:00.0000,  9.353699966600353E-02,  1.381104443213871E+00,  1.847461501959924E+00,  4.947154222666327E+01,  2.867156657198905E+02,  2.461812953872401E+06,  5.240702215850651E-01,  9.199849798940534E+01,  1.026061439132981E+02,  1.523619213034606E+00,  1.666133982855341E+00,  6.869308447085008E+02,
2461996.500000000, A.D. 2028-Aug-13 00:00:00.0000,  9.353637889644749E-02,  1.381103687458648E+00,  1.847461110079525E+00,  4.947153484858620E+01,  2.867148836744708E+02,  2.461812952509300E+06,  5.240711900966755E-01,  9.619195189018644E+01,  1.066567500001425E+02,  1.523617335880789E+00,  1.666130984302930E+00,  6.869295752235316E+02,
2462004.500000000, A.D. 2028-Aug-21 00:00:00.0000,  9.353546000338026E-02,  1.381103839029294E+00,  1.847461099056368E+00,  4.947153460820805E+01,  2.867142345251742E+02,  2.461812951265760E+06,  5.240719007105558E-01,  1.003853092319875E+02,  1.106551947221802E+02,  1.523615958583933E+00,  1.666128078138573E+00,  6.869286437832268E+02,
2462012.500000000, A.D. 2028-Aug-29 00:00:00.0000,  9.353420281204591E-02,  1.381104936438036E+00,  1.847461304461121E+00,  4.947153983171953E+01,  2.867136798937693E+02,  2.461812950059284E+06,  5.240723663448358E-01,  1.045786096350021E+02,  1.146036917299132E+02,  1.523615056103067E+00,  1.666125175768097E+00,  6.869280334523927E+02,
2462020.500000000, A.D. 2028-Sep-06 00:00:00.0000,  9.353258873527749E-02,  1.381107002123146E+00,  1.847461622352161E+00,  4.947154914836459E+01,  2.867131881040638E+02,  2.461812948821529E+06,  5.240725903465488E-01,  1.087718837308180E+02,  1.185045744499546E+02,  1.523614621948952E+00,  1.666122241774759E+00,  6.869277398421962E+02,
2462028.500000000, A.D. 2028-Sep-14 00:00:00.0000,  9.353060445962680E-02,  1.381110075171301E+00,  1.847461980380301E+00,  4.947156120308013E+01,  2.867127385278516E+02,  2.461812947501514E+06,  5.240725620143012E-01,  1.129651501300536E+02,  1.223602685195840E+02,  1.523614676861738E+00,  1.666119278552175E+00,  6.869277769786697E+02,
2462036.500000000, A.D. 2028-Sep-22 00:00:00.0000,  9.352822369670651E-02,  1.381114252814061E+00,  1.847462349842169E+00,  4.947157546042676E+01,  2.867123245323762E+02,  2.461812946066862E+06,  5.240722488049402E-01,  1.171584124689568E+02,  1.261732675002997E+02,  1.523615283915865E+00,  1.666116315017668E+00,  6.869281875178856E+02,
2462044.500000000, A.D. 2028-Sep-30 00:00:00.0000,  9.352538586423922E-02,  1.381119724019678E+00,  1.847462676420596E+00,  4.947158989702065E+01,  2.867119490813908E+02,  2.461812944485792E+06,  5.240715957025797E-01,  1.213516678248092E+02,  1.299461218666546E+02,  1.523616549743587E+00,  1.666113375467497E+00,  6.869290435734790E+02,
2462052.500000000, A.D. 2028-Oct-08 00:00:00.0000,  9.352201552748866E-02,  1.381126655851753E+00,  1.847462752669551E+00,  4.947159362991421E+01,  2.867115890742091E+02,  2.461812942660481E+06,  5.240705730423955E-01,  1.255449521981538E+02,  1.336814669001336E+02,  1.523618531844924E+00,  1.666110407838094E+00,  6.869303840322233E+02,
2462060.500000000, A.D. 2028-Oct-16 00:00:00.0000,  9.351821316939538E-02,  1.381134653664958E+00,  1.847462295056576E+00,  4.947156623311741E+01,  2.867111297201524E+02,  2.461812940381363E+06,  5.240693183160384E-01,  1.297384005818359E+02,  1.373820760110271E+02,  1.523620963741495E+00,  1.666107273818031E+00,  6.869320286804181E+02,
2462068.500000000, A.D. 2028-Oct-24 00:00:00.0000,  9.351432748725159E-02,  1.381142863091542E+00,  1.847461533103993E+00,  4.947151319004034E+01,  2.867105060956476E+02,  2.461812937662699E+06,  5.240680154200881E-01,  1.339320469254640E+02,  1.410506727236053E+02,  1.523623489010101E+00,  1.666104114928661E+00,  6.869337364758414E+02,
2462076.500000000, A.D. 2028-Nov-01 00:00:00.0000,  9.351045397922851E-02,  1.381151333647388E+00,  1.847460946998028E+00,  4.947146447074756E+01,  2.867098541191322E+02,  2.461812934825725E+06,  5.240665533583394E-01,  1.381256924676484E+02,  1.446897727988796E+02,  1.523626322785790E+00,  1.666101311924191E+00,  6.869356529109459E+02,
2462084.500000000, A.D. 2028-Nov-09 00:00:00.0000,  9.350648194050198E-02,  1.381160488501250E+00,  1.847460614657231E+00,  4.947143034259777E+01,  2.867092787072011E+02,  2.461812932034313E+06,  5.240647872869920E-01,  1.423192081717734E+02,  1.483019538243618E+02,  1.523629745812035E+00,  1.666099003122820E+00,  6.869379678487237E+02,
2462092.500000000, A.D. 2028-Nov-17 00:00:00.0000,  9.350235015862673E-02,  1.381170476614634E+00,  1.847460448484020E+00,  4.947140829793978E+01,  2.867087995805727E+02,  2.461812929302044E+06,  5.240626855162365E-01,  1.465125707624075E+02,  1.518898969432778E+02,  1.523633819521014E+00,  1.666097162427394E+00,  6.869407228361930E+02,
2462100.500000000, A.D. 2028-Nov-25 00:00:00.0000,  9.349804018189456E-02,  1.381181307297525E+00,  1.847460379266761E+00,  4.947139561452626E+01,  2.867084132067650E+02,  2.461812926618753E+06,  5.240602587605377E-01,  1.507057805888687E+02,  1.554563081512499E+02,  1.523638523158479E+00,  1.666095739019433E+00,  6.869439038393047E+02,
2462108.500000000, A.D. 2028-Dec-03 00:00:00.0000,  9.349353542205321E-02,  1.381192989279920E+00,  1.847460369172658E+00,  4.947139295024429E+01,  2.867081175698847E+02,  2.461812923985332E+06,  5.240575164496054E-01,  1.548988321687482E+02,  1.590038870508921E+02,  1.523643838461735E+00,  1.666094687643550E+00,  6.869474985091992E+02,
2462116.500000000, A.D. 2028-Dec-11 00:00:00.0000,  9.348880483052770E-02,  1.381205572725507E+00,  1.847460380124785E+00,  4.947140252350312E+01,  2.867079155632944E+02,  2.461812921410424E+06,  5.240544569724354E-01,  1.590917129085024E+02,  1.625353234416266E+02,  1.523649768569368E+00,  1.666093964413229E+00,  6.869515089706326E+02,
2462124.500000000, A.D. 2028-Dec-19 00:00:00.0000,  9.348379534374490E-02,  1.381219165208466E+00,  1.847460362787855E+00,  4.947142613521708E+01,  2.867078133561446E+02,  2.461812918900568E+06,  5.240510651366993E-01,  1.632844070337741E+02,  1.660532999395551E+02,  1.523656342946693E+00,  1.666093520684920E+00,  6.869559551531370E+02,
2462132.500000000, A.D. 2028-Dec-27 00:00:00.0000,  9.347841041518376E-02,  1.381233985745242E+00,  1.847460264370163E+00,  4.947146328548914E+01,  2.867078134251576E+02,  2.461812916432047E+06,  5.240473000360967E-01,  1.674769059218998E+02,  1.695605005459165E+02,  1.523663640904396E+00,  1.666093296063551E+00,  6.869608906967042E+02,
2462140.500000000, A.D. 2029-Jan-04 00:00:00.0000,  9.347251978008296E-02,  1.381250329666346E+00,  1.847460088146820E+00,  4.947150196239991E+01,  2.867078880070014E+02,  2.461812913877441E+06,  5.240431065784952E-01,  1.716692493378332E+02,  1.730596466950279E+02,  1.523671769256531E+00,  1.666093208846716E+00,  6.869663878425171E+02,
2462148.500000000, A.D. 2029-Jan-12 00:00:00.0000,  9.346619117845235E-02,  1.381267939355134E+00,  1.847459983517331E+00,  4.947151835960724E+01,  2.867079455534553E+02,  2.461812911033419E+06,  5.240385726644222E-01,  1.758615630489241E+02,  1.765535316361943E+02,  1.523680557651478E+00,  1.666093175947821E+00,  6.869723313870116E+02,
2462156.500000000, A.D. 2029-Jan-20 00:00:00.0000,  9.345984968708645E-02,  1.381285606190910E+00,  1.847459962197985E+00,  4.947152065786292E+01,  2.867079400892694E+02,  2.462499886329576E+06,  5.240340175348215E-01,  1.800538821455913E+02,  1.800448677354497E+02,  1.523689387297547E+00,  1.666093168404185E+00,  6.869783028466818E+02,
2462164.500000000, A.D. 2029-Jan-28 00:00:00.0000,  9.345365548517814E-02,  1.381302858923577E+00,  1.847459724504573E+00,  4.947154226610164E+01,  2.867079498767962E+02,  2.462499889330471E+06,  5.240295704733453E-01,  1.842460732118826E+02,  1.835362156471817E+02,  1.523698007588175E+00,  1.666093156252772E+00,  6.869841327366684E+02,
2462172.500000000, A.D. 2029-Feb-05 00:00:00.0000,  9.344747580515246E-02,  1.381320006603987E+00,  1.847459089121422E+00,  4.947159082259643E+01,  2.867080240499423E+02,  2.462499892537415E+06,  5.240251707239562E-01,  1.884380696870791E+02,  1.870301905541954E+02,  1.523706536287903E+00,  1.666093065971820E+00,  6.869899007000931E+02,
2462180.500000000, A.D. 2029-Feb-13 00:00:00.0000,  9.344123146503630E-02,  1.381337206403641E+00,  1.847458020665794E+00,  4.947166026203304E+01,  2.867081601864342E+02,  2.462499895946472E+06,  5.240207975018574E-01,  1.926298814108062E+02,  1.905294739480473E+02,  1.523715013684042E+00,  1.666092820964444E+00,  6.869956339828744E+02,
2462188.500000000, A.D. 2029-Feb-21 00:00:00.0000,  9.343491717293743E-02,  1.381354419258964E+00,  1.847456526752145E+00,  4.947174385918059E+01,  2.867083434126482E+02,  2.462499899493065E+06,  5.240164776227305E-01,  1.968215345108045E+02,  1.940367625213591E+02,  1.523723387791754E+00,  1.666092356324544E+00,  6.870012974271100E+02,
2462196.500000000, A.D. 2029-Mar-01 00:00:00.0000,  9.342855541412680E-02,  1.381371536691302E+00,  1.847454620471592E+00,  4.947183661929819E+01,  2.867085609218189E+02,  2.462499903111328E+06,  5.240122533147770E-01,  2.010130519701263E+02,  1.975547521583950E+02,  1.523731576745526E+00,  1.666091616799750E+00,  6.870068356660088E+02,
2462204.500000000, A.D. 2029-Mar-09 00:00:00.0000,  9.342216394957027E-02,  1.381388466476489E+00,  1.847452275761646E+00,  4.947193653074844E+01,  2.867088042620046E+02,  2.462499906755968E+06,  5.240081616495552E-01,  2.052044488663937E+02,  2.010861350434071E+02,  1.523739508672091E+00,  1.666090550867692E+00,  6.870122000900433E+02,
2462212.500000000, A.D. 2029-Mar-17 00:00:00.0000,  9.341573555260840E-02,  1.381405183496124E+00,  1.847449435729607E+00,  4.947204298166245E+01,  2.867090697500884E+02,  2.462499910407782E+06,  5.240042231771108E-01,  2.093957325372450E+02,  2.046336010735144E+02,  1.523747143723215E+00,  1.666089103950305E+00,  6.870173637480815E+02,
2462220.500000000, A.D. 2029-Mar-25 00:00:00.0000,  9.340922389064160E-02,  1.381421767611608E+00,  1.847446068766651E+00,  4.947215431584736E+01,  2.867093537882705E+02,  2.462499914064490E+06,  5.240004326190844E-01,  2.135869093272173E+02,  2.081998446875499E+02,  1.523754492120459E+00,  1.666087216629309E+00,  6.870223335515784E+02,
2462228.500000000, A.D. 2029-Apr-02 00:00:00.0000,  9.340254518366690E-02,  1.381438434358962E+00,  1.847442363149432E+00,  4.947226257688812E+01,  2.867096241524787E+02,  2.462499917675270E+06,  5.239967399697074E-01,  2.177780229882891E+02,  2.117875978740900E+02,  1.523761650796634E+00,  1.666084867234305E+00,  6.870271750561117E+02,
2462236.500000000, A.D. 2029-Apr-10 00:00:00.0000,  9.339576900913200E-02,  1.381455071799446E+00,  1.847438860889461E+00,  4.947235283530046E+01,  2.867098148015720E+02,  2.462499921052726E+06,  5.239931485929630E-01,  2.219691731761617E+02,  2.153996341797741E+02,  1.523768613223426E+00,  1.666082154647407E+00,  6.870318838455794E+02,
2462244.500000000, A.D. 2029-Apr-18 00:00:00.0000,  9.338934317730480E-02,  1.381470430752839E+00,  1.847435450640752E+00,  4.947242978890475E+01,  2.867100082043938E+02,  2.462499924166067E+06,  5.239899809741031E-01,  2.261602960823886E+02,  2.190385564145093E+02,  1.523774754197503E+00,  1.666079077642167E+00,  6.870360370836787E+02,
2462252.500000000, A.D. 2029-Apr-26 00:00:00.0000,  9.338356970931352E-02,  1.381483431442774E+00,  1.847431332959040E+00,  4.947251072342328E+01,  2.867104215905542E+02,  2.462499927309872E+06,  5.239875895814712E-01,  2.303511603037670E+02,  2.227068128573380E+02,  1.523779390364492E+00,  1.666075349286210E+00,  6.870391726024383E+02,
2462260.500000000, A.D. 2029-May-04 00:00:00.0000,  9.337843730031725E-02,  1.381493929302344E+00,  1.847426359175435E+00,  4.947259522039523E+01,  2.867111642590024E+02,  2.462499930675090E+06,  5.239860664269311E-01,  2.345416623775056E+02,  2.264069653176117E+02,  1.523782343306082E+00,  1.666070757309819E+00,  6.870411697296558E+02,
2462268.500000000, A.D. 2029-May-12 00:00:00.0000,  9.337390886626090E-02,  1.381501970941307E+00,  1.847420814298090E+00,  4.947267549891197E+01,  2.867122677487210E+02,  2.462499934312183E+06,  5.239854171113393E-01,  2.387317953968618E+02,  2.301416421899464E+02,  1.523783602139372E+00,  1.666065233337436E+00,  6.870420211017155E+02,
2462276.500000000, A.D. 2029-May-20 00:00:00.0000,  9.336997326483586E-02,  1.381507574252281E+00,  1.847414975999738E+00,  4.947274605059598E+01,  2.867137482523129E+02,  2.462499938241721E+06,  5.239856410948007E-01,  2.429215696669978E+02,  2.339134578832894E+02,  1.523783167900564E+00,  1.666058761548846E+00,  6.870417274179998E+02,
2462284.500000000, A.D. 2029-May-28 00:00:00.0000,  9.336661796328724E-02,  1.381510778478215E+00,  1.847409062408016E+00,  4.947280387622699E+01,  2.867156167362753E+02,  2.462499942483389E+06,  5.239867269067549E-01,  2.471109982921988E+02,  2.377249919451469E+02,  1.523781062831274E+00,  1.666051347184334E+00,  6.870403037214016E+02,
2462292.500000000, A.D. 2029-Jun-05 00:00:00.0000,  9.336381399878577E-02,  1.381511675235895E+00,  1.847403232704266E+00,  4.947284782672247E+01,  2.867178795234443E+02,  2.462499947060514E+06,  5.239886475336550E-01,  2.513000953264098E+02,  2.415787764837975E+02,  1.523777339319705E+00,  1.666043003403515E+00,  6.870377854452996E+02,
2462300.500000000, A.D. 2029-Jun-13 00:00:00.0000,  9.336150334621432E-02,  1.381510433940422E+00,  1.847397580469117E+00,  4.947287803751701E+01,  2.867205358501513E+02,  2.462499951997738E+06,  5.239913569040825E-01,  2.554888770679091E+02,  2.454772841528759E+02,  1.523772086712940E+00,  1.666033739485458E+00,  6.870342330205622E+02,
2462308.500000000, A.D. 2029-Jun-21 00:00:00.0000,  9.335958454101827E-02,  1.381507355945538E+00,  1.847392265034863E+00,  4.947289493522639E+01,  2.867235612443268E+02,  2.462499957295273E+06,  5.239947715476628E-01,  2.596773783020370E+02,  2.494229281673797E+02,  1.523765466870520E+00,  1.666023577795502E+00,  6.870297559204828E+02,
2462316.500000000, A.D. 2029-Jun-29 00:00:00.0000,  9.335791640971774E-02,  1.381502970477574E+00,  1.847387744573589E+00,  4.947289963359103E+01,  2.867268545515245E+02,  2.462499962844200E+06,  5.239987127749752E-01,  2.638657057971223E+02,  2.534180945866636E+02,  1.523757826249200E+00,  1.666012682020827E+00,  6.870245884642040E+02,
2462324.500000000, A.D. 2029-Jul-07 00:00:00.0000,  9.335645292916785E-02,  1.381497872366226E+00,  1.847384736050495E+00,  4.947289634101319E+01,  2.867302068116973E+02,  2.462499968350639E+06,  5.240028820764395E-01,  2.680540785518839E+02,  2.574651479465672E+02,  1.523749743578439E+00,  1.666001614790651E+00,  6.870191220579671E+02,
2462332.500000000, A.D. 2029-Jul-15 00:00:00.0000,  9.335537369825619E-02,  1.381491953314832E+00,  1.847382958879570E+00,  4.947289035095958E+01,  2.867335722355497E+02,  2.462499973727669E+06,  5.240071853767865E-01,  2.722425633396925E+02,  2.615661358010352E+02,  1.523741401247827E+00,  1.665990849180822E+00,  6.870134800558940E+02,
2462340.500000000, A.D. 2029-Jul-23 00:00:00.0000,  9.335472347575666E-02,  1.381484858359519E+00,  1.847381306943759E+00,  4.947288087928931E+01,  2.867371304405824E+02,  2.462499979259648E+06,  5.240117858450768E-01,  2.764309883467259E+02,  2.657227034251773E+02,  1.523732482956998E+00,  1.665980107554476E+00,  6.870074485432153E+02,
2462348.500000000, A.D. 2029-Jul-31 00:00:00.0000,  9.335435948956163E-02,  1.381476782746436E+00,  1.847379382384887E+00,  4.947286530973236E+01,  2.867409374953081E+02,  2.462499985074212E+06,  5.240166961878050E-01,  2.806192918898412E+02,  2.699364060126111E+02,  1.523722964099479E+00,  1.665969145452522E+00,  6.870010108818703E+02,
2462356.500000000, A.D. 2029-Aug-08 00:00:00.0000,  9.335416458140110E-02,  1.381468111814465E+00,  1.847377247556954E+00,  4.947284274707421E+01,  2.867449347621146E+02,  2.462499991116184E+06,  5.240217987446651E-01,  2.848075271934672E+02,  2.742086613929414E+02,  1.523713072786179E+00,  1.665958033757892E+00,  6.869943213477147E+02,
2462364.500000000, A.D. 2029-Aug-16 00:00:00.0000,  9.335407508810879E-02,  1.381459195169203E+00,  1.847375010332194E+00,  4.947281316860337E+01,  2.867490378666392E+02,  2.462499997279754E+06,  5.240269497990615E-01,  2.889957737842241E+02,  2.785406242692270E+02,  1.523703087623159E+00,  1.665946980077114E+00,  6.869875683646466E+02,
2462372.500000000, A.D. 2029-Aug-24 00:00:00.0000,  9.335405050594425E-02,  1.381450346155305E+00,  1.847372748823501E+00,  4.947277675750835E+01,  2.867531576942417E+02,  2.462500003446235E+06,  5.240320061774991E-01,  2.931841132748423E+02,  2.829331261636159E+02,  1.523693286145721E+00,  1.665936226136137E+00,  6.869809396299764E+02,
2462380.500000000, A.D. 2029-Sep-01 00:00:00.0000,  9.335404801206364E-02,  1.381441853918832E+00,  1.847370562875563E+00,  4.947273461904521E+01,  2.867572058091262E+02,  2.462500009497046E+06,  5.240368404763405E-01,  2.973726207610817E+02,  2.873866282956363E+02,  1.523683915303261E+00,  1.665925976687691E+00,  6.869746021534787E+02,
2462388.500000000, A.D. 2029-Sep-09 00:00:00.0000,  9.335399862635396E-02,  1.381433956975870E+00,  1.847368546920416E+00,  4.947268858958606E+01,  2.867611134949578E+02,  2.462500015344034E+06,  5.240413767712679E-01,  3.015613455811323E+02,  2.919011613899060E+02,  1.523675122244934E+00,  1.665916287513997E+00,  6.869686554486169E+02,
2462396.500000000, A.D. 2029-Sep-17 00:00:00.0000,  9.335378982095222E-02,  1.381426827372811E+00,  1.847366779303653E+00,  4.947264107979377E+01,  2.867648413046482E+02,  2.462500020943888E+06,  5.240456147121996E-01,  3.057503033247734E+02,  2.964762757416103E+02,  1.523666907624311E+00,  1.665906987875812E+00,  6.869630999540150E+02,
2462404.500000000, A.D. 2029-Sep-25 00:00:00.0000,  9.335330655834777E-02,  1.381420635759911E+00,  1.847365488508903E+00,  4.947260042018348E+01,  2.867683208094402E+02,  2.462500026212852E+06,  5.240495569183633E-01,  3.099395304811438E+02,  3.011110559408177E+02,  1.523659266341121E+00,  1.665897896922330E+00,  6.869579322172406E+02,
2462412.500000000, A.D. 2029-Oct-03 00:00:00.0000,  9.335263191018654E-02,  1.381415577923406E+00,  1.847365008042836E+00,  4.947258280329223E+01,  2.867713722753307E+02,  2.462500030890008E+06,  5.240530199408524E-01,  3.141291727531563E+02,  3.058041674115281E+02,  1.523652553951451E+00,  1.665889529979496E+00,  6.869533926941813E+02,
2462420.500000000, A.D. 2029-Oct-11 00:00:00.0000,  9.335208319089600E-02,  1.381411550872357E+00,  1.847365032491953E+00,  4.947258382323463E+01,  2.867739273628411E+02,  2.462500034838508E+06,  5.240557872504796E-01,  3.183193075917249E+02,  3.105536343203597E+02,  1.523647190117810E+00,  1.665882829363263E+00,  6.869497651934776E+02,
2462428.500000000, A.D. 2029-Oct-19 00:00:00.0000,  9.335172143010048E-02,  1.381408228264834E+00,  1.847364951753441E+00,  4.947257917862142E+01,  2.867761649264719E+02,  2.462500038290744E+06,  5.240579916211089E-01,  3.225097870287044E+02,  3.153566821079939E+02,  1.523642917453940E+00,  1.665877606643045E+00,  6.869468756432551E+02,
2462436.500000000, A.D. 2029-Oct-27 00:00:00.0000,  9.335143029063207E-02,  1.381405477819485E+00,  1.847364670840261E+00,  4.947256055628861E+01,  2.867781897081373E+02,  2.462500041400463E+06,  5.240598091852869E-01,  3.267005057979233E+02,  3.202100115893115E+02,  1.523639394547662E+00,  1.665873311275839E+00,  6.869444931479532E+02,
2462444.500000000, A.D. 2029-Nov-04 00:00:00.0000,  9.335116388208364E-02,  1.381403272432195E+00,  1.847364308400821E+00,  4.947253045708241E+01,  2.867800038230611E+02,  2.462500044174907E+06,  5.240612951491542E-01,  3.308914477600156E+02,  3.251098334446067E+02,  1.523636514383099E+00,  1.665869756334002E+00,  6.869425453324875E+02,
2462452.500000000, A.D. 2029-Nov-12 00:00:00.0000,  9.335093782821248E-02,  1.381401579807839E+00,  1.847363972826832E+00,  4.947249335979448E+01,  2.867815887092023E+02,  2.462500046589165E+06,  5.240624543398346E-01,  3.350826177863857E+02,  3.300518088249055E+02,  1.523634267595037E+00,  1.665866955382235E+00,  6.869410258620696E+02,
2462460.500000000, A.D. 2029-Nov-20 00:00:00.0000,  9.335078923356485E-02,  1.381400345760975E+00,  1.847363724678287E+00,  4.947245294623795E+01,  2.867829341126038E+02,  2.462500048629472E+06,  5.240632854178219E-01,  3.392740153053609E+02,  3.350310507571309E+02,  1.523632656772743E+00,  1.665864967784512E+00,  6.869399364868337E+02,
2462468.500000000, A.D. 2029-Nov-28 00:00:00.0000,  9.335075204498597E-02,  1.381399501638245E+00,  1.847363588747818E+00,  4.947241154883086E+01,  2.867840422804993E+02,  2.462500050300117E+06,  5.240637980155261E-01,  3.434656298920678E+02,  3.400421626946162E+02,  1.523631663241380E+00,  1.665863824844516E+00,  6.869392645765898E+02,
2462476.500000000, A.D. 2029-Dec-06 00:00:00.0000,  9.335083988948488E-02,  1.381398973544639E+00,  1.847363571276898E+00,  4.947237166359042E+01,  2.867849226135132E+02,  2.462500051617860E+06,  5.240640223670712E-01,  3.476574444110574E+02,  3.450792990610657E+02,  1.523631228397382E+00,  1.665863483250125E+00,  6.869389704982351E+02,
2462484.500000000, A.D. 2029-Dec-14 00:00:00.0000,  9.335101659278794E-02,  1.381398688746592E+00,  1.847363652856639E+00,  4.947233746987173E+01,  2.867855824521102E+02,  2.462500052599910E+06,  5.240640312258118E-01,  3.518494417953255E+02,  3.501362433134607E+02,  1.523631211227147E+00,  1.665863733707702E+00,  6.869389588862684E+02,
2462492.500000000, A.D. 2029-Dec-22 00:00:00.0000,  9.335119631121447E-02,  1.381398580500740E+00,  1.847363730771556E+00,  4.947232173857562E+01,  2.867859882605716E+02,  2.462500053213017E+06,  5.240639370018850E-01,  3.560416334491437E+02,  3.552065222695022E+02,  1.523631393854369E+00,  1.665864207207998E+00,  6.869390823942634E+02,
2462500.500000000, A.D. 2029-Dec-30 00:00:00.0000,  9.335147485962746E-02,  1.381398569215180E+00,  1.847363517449787E+00,  4.947234613864101E+01,  2.867860352906840E+02,  2.462500053325146E+06,  5.240637019129204E-01,  2.340860776856433E-01,  2.835285131982113E-01,  1.523631849510044E+00,  1.665865129804909E+00,  6.869393905472551E+02,
2462508.500000000, A.D. 2030-Jan-07 00:00:00.0000,  9.335228974893750E-02,  1.381398540317461E+00,  1.847362848910034E+00,  4.947240416504717E+01,  2.867857424227728E+02,  2.462500052957067E+06,  5.240630118203807E-01,  4.426782760600928E+00,  5.360462352432498E+00,  1.523633187067702E+00,  1.665867833817943E+00,  6.869402951173888E+02,
2462516.500000000, A.D. 2030-Jan-15 00:00:00.0000,  9.335380213860900E-02,  1.381398414006591E+00,  1.847361917766927E+00,  4.947246722410468E+01,  2.867852998627219E+02,  2.462500052368595E+06,  5.240617724053636E-01,  8.619574865763541E+00,  1.043038074718750E+01,  1.523635589345713E+00,  1.665872764684836E+00,  6.869419197428863E+02,
2462524.500000000, A.D. 2030-Jan-23 00:00:00.0000,  9.335586202908473E-02,  1.381398155199506E+00,  1.847360821798200E+00,  4.947252684612310E+01,  2.867848162310059E+02,  2.462500051722209E+06,  5.240601336874382E-01,  1.281236772766469E+01,  1.548650972550907E+01,  1.523638765581276E+00,  1.665879375963047E+00,  6.869440677865271E+02,
2462532.500000000, A.D. 2030-Jan-31 00:00:00.0000,  9.335834834384278E-02,  1.381397736766259E+00,  1.847359525827909E+00,  4.947258469607652E+01,  2.867843274891165E+02,  2.462500051081081E+06,  5.240582160827234E-01,  1.700512256258019E+01,  2.052234386288960E+01,  1.523642482388569E+00,  1.665887228010878E+00,  6.869465814141028E+02,
2462540.500000000, A.D. 2030-Feb-08 00:00:00.0000,  9.336119532746807E-02,  1.381397138297144E+00,  1.847357994694909E+00,  4.947264157665908E+01,  2.867838601346028E+02,  2.462500050492082E+06,  5.240560882174609E-01,  2.119781088975584E+01,  2.553168568167451E+01,  1.523646606760990E+00,  1.665896075224837E+00,  6.869493706761697E+02,
2462548.500000000, A.D. 2030-Feb-16 00:00:00.0000,  9.336435449035607E-02,  1.381396351457505E+00,  1.847356212638463E+00,  4.947269709896818E+01,  2.867834431989887E+02,  2.462500050004058E+06,  5.240537968761785E-01,  2.539040433192856E+01,  3.050871549635189E+01,  1.523651048024905E+00,  1.665905744592304E+00,  6.869523742522554E+02,
2462556.500000000, A.D. 2030-Feb-24 00:00:00.0000,  9.336777356652294E-02,  1.381395384263517E+00,  1.847354204490330E+00,  4.947274966769505E+01,  2.867831085550672E+02,  2.462500049667818E+06,  5.240513828129650E-01,  2.958287464032948E+01,  3.544806027946872E+01,  1.523655727193452E+00,  1.665916070123386E+00,  6.869555387252641E+02,
2462564.500000000, A.D. 2030-Mar-04 00:00:00.0000,  9.337137725471102E-02,  1.381394261878173E+00,  1.847352025374889E+00,  4.947279744485700E+01,  2.867828842051872E+02,  2.462500049526185E+06,  5.240488969967246E-01,  3.377519971374777E+01,  4.034485471490513E+01,  1.523660545478131E+00,  1.665926829078088E+00,  6.869587972861434E+02,
2462572.500000000, A.D. 2030-Mar-12 00:00:00.0000,  9.337504685462104E-02,  1.381393013854342E+00,  1.847349658976451E+00,  4.947284048958869E+01,  2.867827754180927E+02,  2.462500049586470E+06,  5.240464255265194E-01,  3.796738023818385E+01,  4.519479860559189E+01,  1.523665335993497E+00,  1.665937658132652E+00,  6.869620370720040E+02,
2462580.500000000, A.D. 2030-Mar-20 00:00:00.0000,  9.337861111126250E-02,  1.381391607925514E+00,  1.847346828853656E+00,  4.947288240546957E+01,  2.867827167962338E+02,  2.462500049747624E+06,  5.240441352454336E-01,  4.215948293643215E+01,  4.999422914181864E+01,  1.523669775338867E+00,  1.665947942752220E+00,  6.869650393690519E+02,
2462588.500000000, A.D. 2030-Mar-28 00:00:00.0000,  9.338199726606866E-02,  1.381389837861906E+00,  1.847342947072861E+00,  4.947292802063573E+01,  2.867825573149145E+02,  2.462500049782331E+06,  5.240422065887129E-01,  4.635164724080386E+01,  5.474015011986562E+01,  1.523673513758041E+00,  1.665957189654176E+00,  6.869675676381938E+02,
2462596.500000000, A.D. 2030-Apr-05 00:00:00.0000,  9.338544295425504E-02,  1.381387585164902E+00,  1.847338201165686E+00,  4.947297062042821E+01,  2.867823153344508E+02,  2.462500049726322E+06,  5.240405009484752E-01,  5.054384973504852E+01,  5.942998933767827E+01,  1.523676819911465E+00,  1.665966054658028E+00,  6.869698035713388E+02,
2462604.500000000, A.D. 2030-Apr-13 00:00:00.0000,  9.338907162319764E-02,  1.381385077738251E+00,  1.847333560971606E+00,  4.947300001618974E+01,  2.867821834816897E+02,  2.462500049872303E+06,  5.240387816052641E-01,  5.473591765676390E+01,  6.406157442613464E+01,  1.523680152644404E+00,  1.665975227550557E+00,  6.869720574825177E+02,
2462612.500000000, A.D. 2030-Apr-21 00:00:00.0000,  9.339275081360590E-02,  1.381382495540803E+00,  1.847329401399156E+00,  4.947301573547665E+01,  2.867822183223282E+02,  2.462500050299337E+06,  5.240370610013040E-01,  5.892781064611756E+01,  6.863340838783964E+01,  1.523683487839393E+00,  1.665984480137984E+00,  6.869743130612362E+02,
2462620.500000000, A.D. 2030-Apr-29 00:00:00.0000,  9.339634984106462E-02,  1.381379876194129E+00,  1.847325675296950E+00,  4.947302055619701E+01,  2.867823818461616E+02,  2.462500050943563E+06,  5.240354310357234E-01,  6.311957320785796E+01,  7.314460529627050E+01,  1.523686647359032E+00,  1.665993418523935E+00,  6.869764498337115E+02,
2462628.500000000, A.D. 2030-May-07 00:00:00.0000,  9.339979340965107E-02,  1.381377214886137E+00,  1.847322318343245E+00,  4.947301670045186E+01,  2.867826274229387E+02,  2.462500051729320E+06,  5.240339597308048E-01,  6.731125590503156E+01,  7.759477363483553E+01,  1.523689499345457E+00,  1.666001783804778E+00,  6.869783786244144E+02,
2462636.500000000, A.D. 2030-May-15 00:00:00.0000,  9.340303681391950E-02,  1.381374505087572E+00,  1.847319309527231E+00,  4.947300595609597E+01,  2.867829158880065E+02,  2.462500052592625E+06,  5.240326895633276E-01,  7.150290187065316E+01,  8.198396185256621E+01,  1.523691961456574E+00,  1.666009417825576E+00,  6.869800437449527E+02,
2462644.500000000, A.D. 2030-May-23 00:00:00.0000,  9.340605012105724E-02,  1.381371747839111E+00,  1.847316622018353E+00,  4.947298983258801E+01,  2.867832150037265E+02,  2.462500053479400E+06,  5.240316458944304E-01,  7.569454793394888E+01,  8.631261829186698E+01,  1.523693984526992E+00,  1.666016221214873E+00,  6.869814119442020E+02,
2462652.500000000, A.D. 2030-May-31 00:00:00.0000,  9.340880511689725E-02,  1.381368964461523E+00,  1.847314232582445E+00,  4.947296960334851E+01,  2.867834991723885E+02,  2.462500054343396E+06,  5.240308410553305E-01,  7.988622564545091E+01,  9.058155016526608E+01,  1.523695544649139E+00,  1.666022124836755E+00,  6.869824670529056E+02,
2462660.500000000, A.D. 2030-Jun-08 00:00:00.0000,  9.341125669018777E-02,  1.381366189483975E+00,  1.847312032096567E+00,  4.947294538754954E+01,  2.867837355936511E+02,  2.462500055120153E+06,  5.240302945118599E-01,  8.407797763917972E+01,  9.479189740075773E+01,  1.523696604086243E+00,  1.666027018688510E+00,  6.869831835492336E+02,
2462668.500000000, A.D. 2030-Jun-16 00:00:00.0000,  9.341334963051753E-02,  1.381363340667283E+00,  1.847309585644941E+00,  4.947291195267815E+01,  2.867838318980519E+02,  2.462500055640568E+06,  5.240301009318744E-01,  8.826991467461679E+01,  9.894514950592502E+01,  1.523696979328234E+00,  1.666030617989186E+00,  6.869834373251034E+02,
2462676.500000000, A.D. 2030-Jun-24 00:00:00.0000,  9.341515905747549E-02,  1.381359897811886E+00,  1.847306223779120E+00,  4.947285672735342E+01,  2.867835879554290E+02,  2.462500055582067E+06,  5.240304911986843E-01,  9.246225499836956E+01,  1.030431578339430E+02,  1.523696222822086E+00,  1.666032547832285E+00,  6.869829257006102E+02,
2462684.500000000, A.D. 2030-Jul-02 00:00:00.0000,  9.341697058616485E-02,  1.381355304377531E+00,  1.847302178446708E+00,  4.947277872174169E+01,  2.867829309346773E+02,  2.462500054882263E+06,  5.240315343707463E-01,  9.665505805487123E+01,  1.070878463791396E+02,  1.523694200707316E+00,  1.666033097037101E+00,  6.869815581466593E+02,
2462692.500000000, A.D. 2030-Jul-10 00:00:00.0000,  9.341889511423151E-02,  1.381349799108727E+00,  1.847298307802051E+00,  4.947269205096303E+01,  2.867820257104234E+02,  2.462500053835963E+06,  5.240329984485723E-01,  1.008481403801675E+02,  1.110810662665999E+02,  1.523691362708007E+00,  1.666032926307286E+00,  6.869796388124397E+02,
2462700.500000000, A.D. 2030-Jul-18 00:00:00.0000,  9.342086845360793E-02,  1.381343730251728E+00,  1.847294841849026E+00,  4.947260249892552E+01,  2.867809674521680E+02,  2.462500052578287E+06,  5.240347409265381E-01,  1.050414127068337E+02,  1.150248976238763E+02,  1.523687985069223E+00,  1.666032239886718E+00,  6.869773545232692E+02,
2462708.500000000, A.D. 2030-Jul-26 00:00:00.0000,  9.342285591772481E-02,  1.381337202874819E+00,  1.847291691401091E+00,  4.947250902095140E+01,  2.867797643675925E+02,  2.462500051103975E+06,  5.240367320971416E-01,  1.092348782822230E+02,  1.189216388457601E+02,  1.523684125384764E+00,  1.666031047894710E+00,  6.869747442308417E+02,
2462716.500000000, A.D. 2030-Aug-03 00:00:00.0000,  9.342486187958619E-02,  1.381330245922156E+00,  1.847288780920900E+00,  4.947241009076897E+01,  2.867784196081030E+02,  2.462500049408103E+06,  5.240389517042288E-01,  1.134285412734872E+02,  1.227736950690962E+02,  1.523679822927908E+00,  1.666029399933660E+00,  6.869718344967350E+02,
2462724.500000000, A.D. 2030-Aug-11 00:00:00.0000,  9.342690076358993E-02,  1.381322917975189E+00,  1.847286120728350E+00,  4.947230648861355E+01,  2.867769583130122E+02,  2.462500047527599E+06,  5.240413539106979E-01,  1.176223775255113E+02,  1.265835281549159E+02,  1.523675166557062E+00,  1.666027415138935E+00,  6.869686854166622E+02,
2462732.500000000, A.D. 2030-Aug-19 00:00:00.0000,  9.342898545268251E-02,  1.381315316363633E+00,  1.847283752769777E+00,  4.947220055966924E+01,  2.867754260520934E+02,  2.462500045536629E+06,  5.240438721642594E-01,  1.218163370865841E+02,  1.303536415854660E+02,  1.523670285281922E+00,  1.666025254200212E+00,  6.869653842401185E+02,
2462740.500000000, A.D. 2030-Aug-27 00:00:00.0000,  9.343112514880098E-02,  1.381307545814947E+00,  1.847281683376710E+00,  4.947209363802475E+01,  2.867738760277940E+02,  2.462500043522614E+06,  5.240464388921069E-01,  1.260103606825886E+02,  1.340865809685053E+02,  1.523665310086528E+00,  1.666023074358109E+00,  6.869620195513216E+02,
2462748.500000000, A.D. 2030-Sep-04 00:00:00.0000,  9.343330470790485E-02,  1.381299730547822E+00,  1.847279861269513E+00,  4.947198386866961E+01,  2.867723520086871E+02,  2.462500041546531E+06,  5.240489965367703E-01,  1.302044032217327E+02,  1.377849407385515E+02,  1.523660352537844E+00,  1.666020974527867E+00,  6.869586668023327E+02,
2462756.500000000, A.D. 2030-Sep-12 00:00:00.0000,  9.343548674418142E-02,  1.381291948841632E+00,  1.847278105121182E+00,  4.947185873433183E+01,  2.867708511846738E+02,  2.462500039563151E+06,  5.240515329674527E-01,  1.343984850762728E+02,  1.414513983557452E+02,  1.523655436148594E+00,  1.666018923455555E+00,  6.869553418945127E+02,
2462764.500000000, A.D. 2030-Sep-20 00:00:00.0000,  9.343780311759593E-02,  1.381283710615753E+00,  1.847276196642003E+00,  4.947169496557710E+01,  2.867692696320881E+02,  2.462500037393600E+06,  5.240542127497980E-01,  1.385927429989614E+02,  1.450887602605983E+02,  1.523650241942449E+00,  1.666016773269145E+00,  6.869518291075673E+02,
2462772.500000000, A.D. 2030-Sep-28 00:00:00.0000,  9.344060184998723E-02,  1.381274105812485E+00,  1.847274365115058E+00,  4.947150102153239E+01,  2.867675490238474E+02,  2.462500035082930E+06,  5.240572520323828E-01,  1.427872157147382E+02,  1.486997655811194E+02,  1.523644350972708E+00,  1.666014596132930E+00,  6.869478451139812E+02,
2462780.500000000, A.D. 2030-Oct-06 00:00:00.0000,  9.344390113373562E-02,  1.381263305515478E+00,  1.847272985221178E+00,  4.947131236043420E+01,  2.867658216588628E+02,  2.462500032942988E+06,  5.240605376934373E-01,  1.469817167028856E+02,  1.522869410144670E+02,  1.523637982517442E+00,  1.666012659519406E+00,  6.869435382112118E+02,
2462788.500000000, A.D. 2030-Oct-14 00:00:00.0000,  9.344748028865207E-02,  1.381252000721342E+00,  1.847272095560929E+00,  4.947114245805596E+01,  2.867641983823771E+02,  2.462500031114739E+06,  5.240638678475430E-01,  1.511761197636169E+02,  1.558528586134881E+02,  1.523631527891116E+00,  1.666011055060890E+00,  6.869391730412689E+02,
2462796.500000000, A.D. 2030-Oct-22 00:00:00.0000,  9.345117067628833E-02,  1.381240645717468E+00,  1.847271615773759E+00,  4.947099272430876E+01,  2.867627148992935E+02,  2.462500029601018E+06,  5.240671301850667E-01,  1.553703911794416E+02,  1.594001767592827E+02,  1.523625204775652E+00,  1.666009763833836E+00,  6.869348968191750E+02,
2462804.500000000, A.D. 2030-Oct-30 00:00:00.0000,  9.345485613589459E-02,  1.381229536459077E+00,  1.847271460661884E+00,  4.947086417408480E+01,  2.867613798726772E+02,  2.462500028374800E+06,  5.240702569940476E-01,  1.595645228659692E+02,  1.629315784605025E+02,  1.523619144405377E+00,  1.666008752351677E+00,  6.869307982957882E+02,
2462812.500000000, A.D. 2030-Nov-07 00:00:00.0000,  9.345843834694530E-02,  1.381218921371535E+00,  1.847271542476198E+00,  4.947075851560520E+01,  2.867601937762462E+02,  2.462500027401627E+06,  5.240731921382930E-01,  1.637585120852302E+02,  1.664497504105007E+02,  1.523613455573861E+00,  1.666007989776187E+00,  6.869269510450418E+02,
2462820.500000000, A.D. 2030-Nov-15 00:00:00.0000,  9.346181578190030E-02,  1.381209059814394E+00,  1.847271761819039E+00,  4.947067889118891E+01,  2.867591519474564E+02,  2.462500026637664E+06,  5.240758760355451E-01,  1.679523581124659E+02,  1.699573789211987E+02,  1.523608253750176E+00,  1.666007447685958E+00,  6.869234331549029E+02,
2462828.500000000, A.D. 2030-Nov-23 00:00:00.0000,  9.346486639327398E-02,  1.381200268142283E+00,  1.847272004621341E+00,  4.947062768306969E+01,  2.867582439385407E+02,  2.462500026015644E+06,  5.240782344553863E-01,  1.721460657857741E+02,  1.734571530616542E+02,  1.523603682790607E+00,  1.666007097438931E+00,  6.869203419106046E+02,
2462836.500000000, A.D. 2030-Dec-01 00:00:00.0000,  9.346742826593801E-02,  1.381192973135949E+00,  1.847272173536797E+00,  4.947060271502926E+01,  2.867574475695397E+02,  2.462500025413844E+06,  5.240801648863198E-01,  1.763396565929059E+02,  1.769517751527008E+02,  1.523599941361105E+00,  1.666006909586262E+00,  6.869178116635819E+02,
2462844.500000000, A.D. 2030-Dec-09 00:00:00.0000,  9.346930597039996E-02,  1.381187699311384E+00,  1.847272280702414E+00,  4.947059093412351E+01,  2.867567027136662E+02,  2.463186940594943E+06,  5.240815382499460E-01,  1.805332062431418E+02,  1.804439943909458E+02,  1.523597279615427E+00,  1.666006859919471E+00,  6.869160115850295E+02,
2462852.500000000, A.D. 2030-Dec-17 00:00:00.0000,  9.347050184334577E-02,  1.381184449701776E+00,  1.847272528331700E+00,  4.947056896734980E+01,  2.867558880617273E+02,  2.463186938142047E+06,  5.240823507796804E-01,  1.847268723254150E+02,  1.839366306642947E+02,  1.523595704839490E+00,  1.666006959977203E+00,  6.869149466003308E+02,
2462860.500000000, A.D. 2030-Dec-25 00:00:00.0000,  9.347138525101434E-02,  1.381182234834321E+00,  1.847272852495134E+00,  4.947054441849981E+01,  2.867549435341133E+02,  2.463186935589803E+06,  5.240828453355223E-01,  1.889207072772356E+02,  1.874324116082927E+02,  1.523594746335465E+00,  1.666007257836608E+00,  6.869142983864027E+02,
2462868.500000000, A.D. 2031-Jan-02 00:00:00.0000,  9.347206705894463E-02,  1.381180754002455E+00,  1.847272786599450E+00,  4.947054810291083E+01,  2.867539187133699E+02,  2.463186933073881E+06,  5.240830969266377E-01,  1.931146084765452E+02,  1.909339330649152E+02,  1.523594258724582E+00,  1.666007763446709E+00,  6.869139686266080E+02,
$$EOE
**************************************************************************************************************************************************************************************************************************************************************************************************************************************************
 
TIME

  Barycentric Dynamical Time ("TDB" or T_eph) output was requested. This
continuous coordinate time is equivalent to the relativistic proper time
of a clock at rest in a reference frame co-moving with the solar system
barycenter but outside the system's gravity well. It is the independent
variable in the solar system relativistic equations of motion.

  TDB runs at a uniform rate of one SI second per second and is independent
of irregularities in Earth's rotation.
 
CALENDAR SYSTEM

  Mixed calendar mode was active such that calendar dates after AD 1582-Oct-15
(if any) are in the modern Gregorian system. Dates prior to 1582-Oct-5 (if any)
are in the Julian calendar system, which is automatically extended for dates
prior to its adoption on 45-Jan-1 BC.  The Julian calendar is useful for
matching historical dates. The Gregorian calendar more accurately corresponds
to the Earth's orbital motion and seasons. A "Gregorian-only" calendar mode is
available if such physical events are the primary interest.

REFERENCE FRAME AND COORDINATES

  Ecliptic at the standard reference epoch

    Reference epoch: J2000.0
    X-Y plane: adopted Earth orbital plane at the reference epoch
               Note: IAU76 obliquity of 84381.448 arcseconds wrt ICRF X-Y plane
    X-axis   : ICRF
    Z-axis   : perpendicular to the X-Y plane in the directional (+ or -) sense
               of Earth's north pole at the reference epoch.

  Symbol meaning [1 au= 149597870.700 km, 1 day= 86400.0 s]:

    JDTDB    Julian Day Number, Barycentric Dynamical Time
      EC     Eccentricity, e
      QR     Periapsis distance, q (au)
      IN     Inclination w.r.t X-Y plane, i (degrees)
      OM     Longitude of Ascending Node, OMEGA, (degrees)
      W      Argument of Perifocus, w (degrees)
      Tp     Time of periapsis (Julian Day Number)
      N      Mean motion, n (degrees/day)
      MA     Mean anomaly, M (degrees)
      TA     True anomaly, nu (degrees)
      A      Semi-major axis, a (au)
      AD     Apoapsis distance (au)
      PR     Sidereal orbit period (day)

ABERRATIONS AND CORRECTIONS

 Geometric osculating elements have NO corrections or aberrations applied.

Computations by ...

    Solar System Dynamics Group, Horizons On-Line Ephemeris System
    4800 Oak Grove Drive, Jet Propulsion Laboratory
    Pasadena, CA  91109   USA

    General site: https://ssd.jpl.nasa.gov/
    Mailing list: https://ssd.jpl.nasa.gov/email_list.html
    System news : https://ssd.jpl.nasa.gov/horizons/news.html
    User Guide  : https://ssd.jpl.nasa.gov/horizons/manual.html
    Connect     : browser        https://ssd.jpl.nasa.gov/horizons/app.html#/x
                  API            https://ssd-api.jpl.nasa.gov/doc/horizons.html
                  command-line   telnet ssd.jpl.nasa.gov 6775
                  e-mail/batch   https://ssd.jpl.nasa.gov/ftp/ssd/horizons_batch.txt
                  scripts        https://ssd.jpl.nasa.gov/ftp/ssd/SCRIPTS
    Inquiries   : Jon.D.Giorgini@jpl.nasa.gov
*******************************************************************************
