*******************************************************************************
 Revised: July 31, 2013             Moon / (Earth)                          301
 
 GEOPHYSICAL DATA (updated 2018-Aug-15):
  Vol. mean radius, km  = 1737.53+-0.03    Mass, x10^22 kg       =    7.349
  Radius (gravity), km  = 1738.0           Surface emissivity    =    0.92
  Radius (IAU), km      = 1737.4           GM, km^3/s^2          = 4902.800066
  Density, g/cm^3       =    3.3437        GM 1-sigma, km^3/s^2  =  +-0.0001  
  V(1,0)                =   +0.21          Surface accel., m/s^2 =    1.62
  Earth/Moon mass ratio = 81.3005690769    Farside crust. thick. = ~80 - 90 km
  Mean crustal density  = 2.97+-.07 g/cm^3 Nearside crust. thick.= 58+-8 km 
  Heat flow, Apollo 15  = 3.1+-.6 mW/m^2   Mean angular diameter = 31'05.2"
  Heat flow, Apollo 17  = 2.2+-.5 mW/m^2   Sid. rot. rate, rad/s = 0.0000026617
  Geometric Albedo      = 0.12             Mean solar day        = 29.5306 d
  Obliquity to orbit    = 6.67 deg         Orbit period          = 27.321582 d
  Semi-major axis, a    = 384400 km        Eccentricity          = 0.05490
  Mean motion, rad/s    = 2.6616995x10^-6  Inclination           = 5.145 deg
  Apsidal period        = 3231.50 d        Nodal period          = 6798.38 d
                                 Perihelion  Aphelion    Mean
  Solar Constant (W/m^2)         1414+-7     1323+-7     1368+-7
  Maximum Planetary IR (W/m^2)   1314        1226        1268
  Minimum Planetary IR (W/m^2)      5.2         5.2         5.2
********************************************************************************


*******************************************************************************
Ephemeris / API_USER Mon Sep 28 12:59:38 2026 Pasadena, USA      / Horizons
*******************************************************************************
Target body name: Moon (301)                      {source: DE441}
Center body name: Earth (399)                     {source: DE441}
Center-site name: BODY CENTER
*******************************************************************************
Start time      : A.D. 2025-Jan-01 00:00:00.0000 TDB
Stop  time      : A.D. 2031-Jan-02 00:00:00.0000 TDB
Step-size       : 1440 minutes
*******************************************************************************
Center geodetic : 0.0, 0.0, 0.0                   {E-lon(deg),Lat(deg),Alt(km)}
Center cylindric: 0.0, 0.0, 0.0                   {E-lon(deg),Dxy(km),Dz(km)}
Center radii    : 6378.137, 6378.137, 6356.752 km {Equator_a, b, pole_c}
Keplerian GM    : 8.9970113929473456E-10 au^3/d^2
Output units    : AU-D, deg, Julian Day Number (Tp)
Calendar mode   : Mixed Julian/Gregorian
Output type     : GEOMETRIC osculating elements
Output format   : 10
EOP file        : eop.260925.p261222
EOP coverage    : DATA-BASED 1962-JAN-20 TO 2026-SEP-25. PREDICTS-> 2026-DEC-21
Reference frame : Ecliptic of J2000.0
*******************************************************************************
            JDTDB,            Calendar Date (TDB),                     EC,                     QR,                     IN,                     OM,                      W,                     Tp,                      N,                     MA,                     TA,                      A,                     AD,                     PR,
**************************************************************************************************************************************************************************************************************************************************************************************************************************************************
$$SOE
2460676.500000000, A.D. 2025-Jan-01 00:00:00.0000,  4.034704696474715E-02,  2.480717798649428E-03,  5.004154175941119E+00,  5.317329891664720E-01,  6.557682814330136E+00,  2.460681793449472E+06,  1.307606376517122E+01,  2.907825171697369E+02,  2.863855398816693E+02,  2.585015542132447E-03,  2.689313285615466E-03,  2.753122089836230E+01,
2460677.500000000, A.D. 2025-Jan-02 00:00:00.0000,  3.730899787923435E-02,  2.481944507595580E-03,  5.013230825075551E+00,  3.492348597022650E-01,  8.857501412346545E+00,  2.460681954701967E+06,  1.312846757670737E+01,  3.015165896686962E+02,  2.977836193940270E+02,  2.578132030036602E-03,  2.674319552477624E-03,  2.742132681492201E+01,
2460678.500000000, A.D. 2025-Jan-03 00:00:00.0000,  3.405804554076994E-02,  2.481162824949465E-03,  5.024377270749370E+00,  2.143697992285548E-01,  1.236300962297581E+01,  2.460682201155430E+06,  1.320126088012218E+01,  3.111400816162807E+02,  3.081177104856019E+02,  2.568645883425274E-03,  2.656128941901084E-03,  2.727012239732877E+01,
2460679.500000000, A.D. 2025-Jan-04 00:00:00.0000,  3.087215171832751E-02,  2.479364034005017E-03,  5.035653138723910E+00,  1.313885723803840E-01,  1.662847615024773E+01,  2.460682502375563E+06,  1.328106591742674E+01,  3.201252522427947E+02,  3.177887174758039E+02,  2.558345669666900E-03,  2.637327305328782E-03,  2.710625805475646E+01,
2460680.500000000, A.D. 2025-Jan-05 00:00:00.0000,  2.817844678008129E-02,  2.477360840177835E-03,  5.045119865808509E+00,  9.425496653227125E-02,  2.105646603215625E+01,  2.460682816091766E+06,  1.335265583124215E+01,  3.290740237791306E+02,  3.273631547732571E+02,  2.549193143504216E-03,  2.621025446830597E-03,  2.696092856356581E+01,
2460681.500000000, A.D. 2025-Jan-06 00:00:00.0000,  2.642921768839039E-02,  2.475723811390149E-03,  5.051256310165977E+00,  8.775739280260132E-02,  2.503454934368716E+01,  2.460683098319289E+06,  1.340200497654803E+01,  3.385793169365700E+02,  3.374382721136116E+02,  2.542931501612944E-03,  2.610139191835739E-03,  2.686165246393794E+01,
2460682.500000000, A.D. 2025-Jan-07 00:00:00.0000,  2.597995214540378E-02,  2.474740748094745E-03,  5.053298027319034E+00,  9.065958486639428E-02,  2.821601439564309E+01,  2.460683323649147E+06,  1.341927483134758E+01,  3.489472257387698E+02,  3.483577262288969E+02,  2.540749293144097E-03,  2.606757838193449E-03,  2.682708302232815E+01,
2460683.500000000, A.D. 2025-Jan-08 00:00:00.0000,  2.698341641576288E-02,  2.474438240592653E-03,  5.051413015658349E+00,  8.024035182683896E-02,  3.074180047537097E+01,  2.460683501300668E+06,  1.340099986560994E+01,  3.599825697440544E+02,  3.599815963012379E+02,  2.543058651146240E-03,  2.611679061699828E-03,  2.686366715992910E+01,
2460684.500000000, A.D. 2025-Jan-09 00:00:00.0000,  2.931869978911611E-02,  2.474670731652180E-03,  5.046663786036622E+00,  3.721719634359070E-02,  3.304171714418789E+01,  2.460683661235540E+06,  1.335090266226581E+01,  1.119826265854806E+01,  1.187500442635744E+01,  2.549416302873610E-03,  2.624161874095041E-03,  2.696446892819332E+01,
2460685.500000000, A.D. 2025-Jan-10 00:00:00.0000,  3.260448431649249E-02,  2.475175776474024E-03,  5.040761064343047E+00,  3.599499118436364E+02,  3.537345389696587E+01,  2.460683821601382E+06,  1.327910494976087E+01,  2.228763139518444E+01,  2.375988378869769E+01,  2.558597529496716E-03,  2.642019282519408E-03,  2.711026092210249E+01,
2460686.500000000, A.D. 2025-Jan-11 00:00:00.0000,  3.631276916088386E-02,  2.475539205274227E-03,  5.035671455911160E+00,  3.598166561387515E+02,  3.762578773729520E+01,  2.460683974928119E+06,  1.319991733231038E+01,  3.333074008148814E+01,  3.570646130474552E+01,  2.568820179467034E-03,  2.662101153659841E-03,  2.727289807480857E+01,
2460687.500000000, A.D. 2025-Jan-12 00:00:00.0000,  3.993466180141490E-02,  2.475137738239290E-03,  5.033180497476057E+00,  3.596458614041497E+02,  3.944408499299762E+01,  2.460684097195159E+06,  1.312876562598503E+01,  4.467462723145982E+01,  4.800838437376661E+01,  2.578093010714777E-03,  2.681048283190263E-03,  2.742070429587624E+01,
2460688.500000000, A.D. 2025-Jan-13 00:00:00.0000,  4.313721065403364E-02,  2.473131629667876E-03,  5.034519850416570E+00,  3.594537951404037E+02,  4.042362143913220E+01,  2.460684161683791E+06,  1.307902647473425E+01,  5.674095255541332E+01,  6.099629130172435E+01,  2.584625149190207E-03,  2.696118668712538E-03,  2.752498442414192E+01,
2460689.500000000, A.D. 2025-Jan-14 00:00:00.0000,  4.586090853068006E-02,  2.468546718569791E-03,  5.040141439957341E+00,  3.592607314706743E+02,  4.026245600550459E+01,  2.460684149922176E+06,  1.305952182278473E+01,  6.986945809887008E+01,  7.489644527970407E+01,  2.587197967927684E-03,  2.705849217285577E-03,  2.756609352816532E+01,
2460690.500000000, A.D. 2025-Jan-15 00:00:00.0000,  4.831296864367250E-02,  2.460488595042917E-03,  5.049673951342315E+00,  3.590865340084136E+02,  3.888732877697503E+01,  2.460684060489924E+06,  1.307317154463102E+01,  8.418481988826103E+01,  8.971786970586886E+01,  2.585396789043424E-03,  2.710304983043931E-03,  2.753731172049427E+01,
2460691.500000000, A.D. 2025-Jan-16 00:00:00.0000,  5.083390035436773E-02,  2.448509690070127E-03,  5.062047482791665E+00,  3.589467507308958E+02,  3.653438970362576E+01,  2.460683913877940E+06,  1.311693465055142E+01,  9.950666730806451E+01,  1.051828248690802E+02,  2.579643005564851E-03,  2.710776321059576E-03,  2.744543672670246E+01,
2460692.500000000, A.D. 2025-Jan-17 00:00:00.0000,  5.367984078583932E-02,  2.433025957789796E-03,  5.075737146078358E+00,  3.588499891444095E+02,  3.370239736211788E+01,  2.460683747188086E+06,  1.318283425385563E+01,  1.153868687218677E+02,  1.207806083934742E+02,  2.571038917537400E-03,  2.709051877285004E-03,  2.730823987221940E+01,
2460693.500000000, A.D. 2025-Jan-18 00:00:00.0000,  5.684240966644240E-02,  2.415518028212983E-03,  5.089062892070223E+00,  3.587968822842328E+02,  3.094708619821293E+01,  2.460683597268650E+06,  1.325967071580345E+01,  1.313069568863436E+02,  1.359752033643534E+02,  2.561096950254845E-03,  2.706675872296707E-03,  2.714999547997344E+01,
2460694.500000000, A.D. 2025-Jan-19 00:00:00.0000,  6.002245220176795E-02,  2.398298761857069E-03,  5.100487156499582E+00,  3.587805552553982E+02,  2.864557038359624E+01,  2.460683483277936E+06,  1.333500132189846E+01,  1.469080032881315E+02,  1.504385363992974E+02,  2.551442603575749E-03,  2.704586445294428E-03,  2.699662274564724E+01,
2460695.500000000, A.D. 2025-Jan-20 00:00:00.0000,  6.275640914616314E-02,  2.383933890746882E-03,  5.108865227685021E+00,  3.587882664630881E+02,  2.689453600843910E+01,  2.460683401078608E+06,  1.339704989754622E+01,  1.620898535918631E+02,  1.641469454644565E+02,  2.543558487900780E-03,  2.703183085054678E-03,  2.687158760720424E+01,
2460696.500000000, A.D. 2025-Jan-21 00:00:00.0000,  6.459684651679565E-02,  2.374613230371464E-03,  5.113617872542836E+00,  3.588038200572158E+02,  2.555516886745259E+01,  2.460683329222384E+06,  1.343633079486151E+01,  1.769669248768578E+02,  1.773292912045476E+02,  2.538598701029611E-03,  2.702584171687757E-03,  2.679302895234433E+01,
2460697.500000000, A.D. 2025-Jan-22 00:00:00.0000,  6.525994958508768E-02,  2.371689414815066E-03,  5.114808379065502E+00,  3.588103561587341E+02,  2.435194527384343E+01,  2.460710010480050E+06,  1.344687356441104E+01,  1.917731565342612E+02,  1.903605943704927E+02,  2.537271633714978E-03,  2.702853852614891E-03,  2.677202237944650E+01,
2460698.500000000, A.D. 2025-Jan-23 00:00:00.0000,  6.470811883622481E-02,  2.375431259873309E-03,  5.113117150014717E+00,  3.587931538414377E+02,  2.296180163748842E+01,  2.460709911413430E+06,  1.342699457012660E+01,  2.067790138316306E+02,  2.036652379011434E+02,  2.539775344695157E-03,  2.704119429517005E-03,  2.681165901421867E+01,
2460699.500000000, A.D. 2025-Jan-24 00:00:00.0000,  6.316404141347254E-02,  2.384970640676172E-03,  5.109718025222146E+00,  3.587420952270635E+02,  2.109244519673027E+01,  2.460709797706090E+06,  1.337958181966898E+01,  2.222209988130501E+02,  2.176311828261755E+02,  2.545771881210186E-03,  2.706573121744200E-03,  2.690667054113554E+01,
2460700.500000000, A.D. 2025-Jan-25 00:00:00.0000,  6.105084404489713E-02,  2.398451122724115E-03,  5.106072615627898E+00,  3.586534436291441E+02,  1.857327345197433E+01,  2.460709648290888E+06,  1.331185482317229E+01,  2.382192798185356E+02,  2.325117905076490E+02,  2.554399359659045E-03,  2.710347596593974E-03,  2.704356416007021E+01,
2460701.500000000, A.D. 2025-Jan-26 00:00:00.0000,  5.885031476342698E-02,  2.413424188838009E-03,  5.103671530949347E+00,  3.585306167339293E+02,  1.545850560101030E+01,  2.460709457744817E+06,  1.323455453399222E+01,  2.546827922516366E+02,  2.483157649317743E+02,  2.564336180202149E-03,  2.715248171566290E-03,  2.720152001152437E+01,
2460702.500000000, A.D. 2025-Jan-27 00:00:00.0000,  5.690175242467598E-02,  2.427480391256719E-03,  5.103762542623955E+00,  3.583837261515114E+02,  1.207808295003768E+01,  2.460709242499457E+06,  1.316053603794268E+01,  2.712650929157555E+02,  2.647500390490977E+02,  2.573942213865516E-03,  2.720404036474314E-03,  2.735450888642352E+01,
2460703.500000000, A.D. 2025-Jan-28 00:00:00.0000,  5.523453979452928E-02,  2.438909172682901E-03,  5.107112806056711E+00,  3.582278318632852E+02,  8.938415418925265E+00,  2.460709035633155E+06,  1.310280682405049E+01,  2.874676681259392E+02,  2.813143448437247E+02,  2.581496969790238E-03,  2.724084766897574E-03,  2.747502919292164E+01,
2460704.500000000, A.D. 2025-Jan-29 00:00:00.0000,  5.356159838470918E-02,  2.447040691879694E-03,  5.113852509575960E+00,  3.580801157456519E+02,  6.482408188406168E+00,  2.460708869569253E+06,  1.307219479302520E+01,  3.028801395652951E+02,  2.975393123299772E+02,  2.585525574303957E-03,  2.724010456728221E-03,  2.753936930255060E+01,
2460705.500000000, A.D. 2025-Jan-30 00:00:00.0000,  5.146451941985229E-02,  2.452108394887998E-03,  5.123438278446805E+00,  3.579564609578479E+02,  4.879174884665531E+00,  2.460708759171656E+06,  1.307502844253512E+01,  3.173862379029010E+02,  3.131991302015465E+02,  2.585152000205863E-03,  2.718195605523728E-03,  2.753340090862545E+01,
2460706.500000000, A.D. 2025-Jan-31 00:00:00.0000,  4.865248683168975E-02,  2.454828229295436E-03,  5.134754962926322E+00,  3.578681456789716E+02,  3.984164937892323E+00,  2.460708696953444E+06,  1.311139451587005E+01,  3.311948766674084E+02,  3.283589033433421E+02,  2.580369628675461E-03,  2.705911028055486E-03,  2.745703361791574E+01,
2460707.500000000, A.D. 2025-Feb-01 00:00:00.0000,  4.514277120372643E-02,  2.456000473037282E-03,  5.146345282157609E+00,  3.578194247773627E+02,  3.447459917549482E+00,  2.460708659828996E+06,  1.317457939051028E+01,  3.447197408102953E+02,  3.432783165362337E+02,  2.572112771386150E-03,  2.688225069735017E-03,  2.732535053523682E+01,
2460708.500000000, A.D. 2025-Feb-02 00:00:00.0000,  4.128659838966710E-02,  2.456294714580111E-03,  5.156723718979973E+00,  3.578066222771145E+02,  2.896096450772179E+00,  2.460708621954043E+06,  1.325208627176713E+01,  3.583838545035285E+02,  3.582431810711913E+02,  2.562074036364068E-03,  2.667853358148025E-03,  2.716553398591745E+01,
2460709.500000000, A.D. 2025-Feb-03 00:00:00.0000,  3.764285623982819E-02,  2.456239235821031E-03,  5.164704018757468E+00,  3.578190070162332E+02,  2.166888157693033E+00,  2.460708571461715E+06,  1.332815954031128E+01,  1.237570640084898E+01,  1.334459105342400E+01,  2.552315688356492E-03,  2.648392140891954E-03,  2.701048099785818E+01,
2460710.500000000, A.D. 2025-Feb-04 00:00:00.0000,  3.475232697032241E-02,  2.456365416938039E-03,  5.169659722044147E+00,  3.578412702088350E+02,  1.541044532918714E+00,  2.460708527332301E+06,  1.338722156082857E+01,  2.640853954737136E+01,  2.825101340767961E+01,  2.544803251613242E-03,  2.633241086288445E-03,  2.689131560004738E+01,
2460711.500000000, A.D. 2025-Feb-05 00:00:00.0000,  3.292036597677979E-02,  2.457348573768637E-03,  5.171650971509343E+00,  3.578570056530151E+02,  1.769412832511287E+00,  2.460708541450187E+06,  1.341729522625831E+01,  3.969573628677627E+01,  4.218309925109068E+01,  2.540999197290132E-03,  2.624649820811627E-03,  2.683104112485071E+01,
2460712.500000000, A.D. 2025-Feb-06 00:00:00.0000,  3.215052847799495E-02,  2.459890156676347E-03,  5.171386240019096E+00,  3.578523362088281E+02,  3.678850040718098E+00,  2.460708671353030E+06,  1.341250576115883E+01,  5.135174954199143E+01,  5.430176479843198E+01,  2.541604070732212E-03,  2.623317984788076E-03,  2.684062220815748E+01,
2460713.500000000, A.D. 2025-Feb-07 00:00:00.0000,  3.226515019079355E-02,  2.464306887412572E-03,  5.170033650842237E+00,  3.578188066728846E+02,  7.605358659958035E+00,  2.460708941099593E+06,  1.337408727423771E+01,  6.097113191032304E+01,  6.426662904905601E+01,  2.546469095226261E-03,  2.628631303039950E-03,  2.691772474772631E+01,
2460714.500000000, A.D. 2025-Feb-08 00:00:00.0000,  3.306355418324514E-02,  2.470197952844805E-03,  5.168937506638766E+00,  3.577548804318887E+02,  1.316428704393720E+01,  2.460709325429776E+06,  1.330978457921630E+01,  6.887241496851713E+01,  7.245760199213370E+01,  2.554664232102939E-03,  2.639130511361073E-03,  2.704777059744098E+01,
2460715.500000000, A.D. 2025-Feb-09 00:00:00.0000,  3.437900774539019E-02,  2.476501230356183E-03,  5.169317504374246E+00,  3.576657740799354E+02,  1.945969794079042E+01,  2.460709763767159E+06,  1.323195433463972E+01,  7.590157101007904E+01,  7.975993135207196E+01,  2.564672112786040E-03,  2.652842995215897E-03,  2.720686535756564E+01,
2460716.500000000, A.D. 2025-Feb-10 00:00:00.0000,  3.606565421276240E-02,  2.481816842532069E-03,  5.172024573626966E+00,  3.575618180910739E+02,  2.546820332712215E+01,  2.460710186227703E+06,  1.315492446039340E+01,  8.305719762886987E+01,  8.717862708399210E+01,  2.574674150141614E-03,  2.667531457751159E-03,  2.736617766858953E+01,
2460717.500000000, A.D. 2025-Feb-11 00:00:00.0000,  3.800991571525237E-02,  2.484710240649309E-03,  5.177402323054894E+00,  3.574558934810182E+02,  3.035654526445038E+01,  2.460710535823110E+06,  1.309224235534499E+01,  9.117669164122039E+01,  9.552297236257800E+01,  2.582885500838321E-03,  2.681060761027333E-03,  2.749719950402749E+01,
2460718.500000000, A.D. 2025-Feb-12 00:00:00.0000,  4.018306512494031E-02,  2.483891216476382E-03,  5.185268485399694E+00,  3.573606505759897E+02,  3.364859918695876E+01,  2.460710780928373E+06,  1.305435811857368E+01,  1.007675253602961E+02,  1.052444687125591E+02,  2.587880174045599E-03,  2.691869131614816E-03,  2.757699740807583E+01,
2460719.500000000, A.D. 2025-Feb-13 00:00:00.0000,  4.267268167114924E-02,  2.478366756878886E-03,  5.194999809795415E+00,  3.572861430182708E+02,  3.527428183666532E+01,  2.460710919397921E+06,  1.304710276606813E+01,  1.119519971192147E+02,  1.163942136996046E+02,  2.588839479902468E-03,  2.699312202926050E-03,  2.759233267758567E+01,
2460720.500000000, A.D. 2025-Feb-14 00:00:00.0000,  4.563170704322305E-02,  2.467681571459631E-03,  5.205685275928476E+00,  3.572382794750101E+02,  3.553590675438733E+01,  2.460710975822934E+06,  1.307109871025106E+01,  1.244914585562005E+02,  1.286625766585381E+02,  2.585670112545736E-03,  2.703658653631841E-03,  2.754167862856614E+01,
2460721.500000000, A.D. 2025-Feb-15 00:00:00.0000,  4.915139757852571E-02,  2.452213386300763E-03,  5.216307894821019E+00,  3.572182244983281E+02,  3.497404778028768E+01,  2.460710990220730E+06,  1.312204244107364E+01,  1.379097696295796E+02,  1.415178584597903E+02,  2.578973540115476E-03,  2.705733693930189E-03,  2.743475351620223E+01,
2460722.500000000, A.D. 2025-Feb-16 00:00:00.0000,  5.313958092162246E-02,  2.433327940016620E-03,  5.225920768284102E+00,  3.572226662527063E+02,  3.414532397362338E+01,  2.460710999917027E+06,  1.319166904303942E+01,  1.517052885533570E+02,  1.544308462765237E+02,  2.569890863518289E-03,  2.706453787019957E-03,  2.728995086409887E+01,
2460723.500000000, A.D. 2025-Feb-17 00:00:00.0000,  5.729210677035565E-02,  2.413215583440446E-03,  5.233792673582399E+00,  3.572447521711825E+02,  3.342266826710892E+01,  2.460711024282838E+06,  1.326915603400659E+01,  1.655422376590301E+02,  1.670746182996262E+02,  2.559876289115343E-03,  2.706536994790241E-03,  2.713058758804111E+01,
2460724.500000000, A.D. 2025-Feb-18 00:00:00.0000,  6.117152263516674E-02,  2.394441404565711E-03,  5.239507717093489E+00,  3.572754594615699E+02,  3.292258060467363E+01,  2.460711060630353E+06,  1.334273402539585E+01,  1.793179346643242E+02,  1.793954367062646E+02,  2.550456725904384E-03,  2.706472047243058E-03,  2.698097701076819E+01,
2460725.500000000, A.D. 2025-Feb-19 00:00:00.0000,  6.433897915483039E-02,  2.379403624153393E-03,  5.243010757221560E+00,  3.573051757288662E+02,  3.254801124134877E+01,  2.460737952672713E+06,  1.340131438587287E+01,  1.931178180298106E+02,  1.915665930024367E+02,  2.543018861685732E-03,  2.706634099218070E-03,  2.686303668687137E+01,
2460726.500000000, A.D. 2025-Feb-20 00:00:00.0000,  6.648100795362728E-02,  2.369870084670163E-03,  5.244595841857310E+00,  3.573252801292003E+02,  3.207210737167217E+01,  2.460737877409374E+06,  1.343599075281075E+01,  2.071332328595606E+02,  2.039004281236122E+02,  2.538641532589666E-03,  2.707412980509168E-03,  2.679370703829114E+01,
2460727.500000000, A.D. 2025-Feb-21 00:00:00.0000,  6.749976828111270E-02,  2.366660138280375E-03,  5.244840341523364E+00,  3.573295225485184E+02,  3.121722234717533E+01,  2.460737797555586E+06,  1.344130222445594E+01,  2.215874431966974E+02,  2.167643874481315E+02,  2.537972707972293E-03,  2.709285277664211E-03,  2.678311922374558E+01,
2460728.500000000, A.D. 2025-Feb-22 00:00:00.0000,  6.755038166295771E-02,  2.369488243248377E-03,  5.244493895723012E+00,  3.573150046404999E+02,  2.973029157649454E+01,  2.460737692776635E+06,  1.341615272928175E+01,  2.366683046617800E+02,  2.305000210716142E+02,  2.541143453384851E-03,  2.712798663521324E-03,  2.683332601113532E+01,
2460729.500000000, A.D. 2025-Feb-23 00:00:00.0000,  6.700581293773536E-02,  2.377004792797723E-03,  5.244338574296676E+00,  3.572825925489871E+02,  2.747220866056195E+01,  2.460737547644856E+06,  1.336426529916620E+01,  2.524491391100038E+02,  2.453271093769469E+02,  2.547716615772537E-03,  2.718428438747352E-03,  2.693750774481112E+01,
2460730.500000000, A.D. 2025-Feb-24 00:00:00.0000,  6.632854572477227E-02,  2.387101734114285E-03,  5.245043284565838E+00,  3.572366561757502E+02,  2.451425282034460E+01,  2.460737359960331E+06,  1.329402517262197E+01,  2.688035146801185E+02,  2.612396374828267E+02,  2.556682785131627E-03,  2.726263836148968E-03,  2.707983438615662E+01,
2460731.500000000, A.D. 2025-Feb-25 00:00:00.0000,  6.586268170555960E-02,  2.397494962617657E-03,  5.247039209173598E+00,  3.571841393081660E+02,  2.117716880920018E+01,  2.460737145774030E+06,  1.321756016653962E+01,  2.853766420677180E+02,  2.779580783319891E+02,  2.566533758650209E-03,  2.735572554682761E-03,  2.723649413840713E+01,
2460732.500000000, A.D. 2025-Feb-26 00:00:00.0000,  6.564121271957786E-02,  2.406396178404144E-03,  5.250441960237585E+00,  3.571331037822889E+02,  1.792721158097438E+01,  2.460736934033324E+06,  1.314896548203630E+01,  3.016970488695990E+02,  2.950245000694165E+02,  2.575451968946838E-03,  2.744507759489532E-03,  2.737857974392135E+01,
2460733.500000000, A.D. 2025-Feb-27 00:00:00.0000,  6.535302677532254E-02,  2.412917761975680E-03,  5.255039171293683E+00,  3.570910266690975E+02,  1.515021561569233E+01,  2.460736751059077E+06,  1.310175255487962E+01,  3.174054284366725E+02,  3.120214646916287E+02,  2.581635452849902E-03,  2.750353143724124E-03,  2.747724004800576E+01,
2460734.500000000, A.D. 2025-Feb-28 00:00:00.0000,  6.452464532528630E-02,  2.417006192708003E-03,  5.260349627692119E+00,  3.570632215865566E+02,  1.296532927513937E+01,  2.460736606272618E+06,  1.308590154684921E+01,  3.324375238861035E+02,  3.287561936669471E+02,  2.583719796176193E-03,  2.750433399644384E-03,  2.751052334538463E+01,
2460735.500000000, A.D. 2025-Mar-01 00:00:00.0000,  6.280646530660450E-02,  2.419062839816766E-03,  5.265743356594160E+00,  3.570517649707324E+02,  1.120461368816775E+01,  2.460736489330623E+06,  1.310523968531081E+01,  3.470345850584480E+02,  3.452868150500570E+02,  2.581177473240004E-03,  2.743292106663241E-03,  2.746992871893148E+01,
2460736.500000000, A.D. 2025-Mar-02 00:00:00.0000,  6.018890199796920E-02,  2.419570140699937E-03,  5.270594918286077E+00,  3.570552099310962E+02,  9.538364949615421E+00,  2.460736378151361E+06,  1.315604338181021E+01,  1.603045977412399E+00,  1.811625960572680E+00,  2.574528164057399E-03,  2.729486187414861E-03,  2.736385017533028E+01,
2460737.500000000, A.D. 2025-Mar-03 00:00:00.0000,  5.703554986771160E-02,  2.418932433234502E-03,  5.274430271115323E+00,  3.570691690080549E+02,  7.672765364544225E+00,  2.460736252596004E+06,  1.322754176155077E+01,  1.650008845215603E+01,  1.849172397380945E+01,  2.565242446727605E-03,  2.711552460220708E-03,  2.721594129049980E+01,
2460738.500000000, A.D. 2025-Mar-04 00:00:00.0000,  5.391749914192364E-02,  2.417580175856361E-03,  5.277027264320474E+00,  3.570875950663021E+02,  5.563655500955782E+00,  2.460736109388266E+06,  1.330435894508745E+01,  3.180555660642383E+01,  3.525707697226970E+01,  2.555358727873804E-03,  2.693137279891246E-03,  2.705880091523895E+01,
2460739.500000000, A.D. 2025-Mar-05 00:00:00.0000,  5.132838782485603E-02,  2.416234000715286E-03,  5.278443548209919E+00,  3.571043789197051E+02,  3.551214661514269E+00,  2.460735971304304E+06,  1.337017643136817E+01,  4.717928403185571E+01,  5.168516062460342E+01,  2.546965640908417E-03,  2.677697281101547E-03,  2.692559831562083E+01,
2460740.500000000, A.D. 2025-Mar-06 00:00:00.0000,  4.944860905957436E-02,  2.416050403988982E-03,  5.278969125046200E+00,  3.571148006910712E+02,  2.269992882377510E+00,  2.460735880710035E+06,  1.341146389005365E+01,  6.195144056943079E+01,  6.709488450682757E+01,  2.541735698896478E-03,  2.667420993803975E-03,  2.684270732496151E+01,
2460741.500000000, A.D. 2025-Mar-07 00:00:00.0000,  4.812456173919911E-02,  2.418362193110435E-03,  5.279024334628796E+00,  3.571164507968135E+02,  2.333129255126333E+00,  2.460735878140640E+06,  1.342022914823155E+01,  7.544664085542578E+01,  8.085816665890465E+01,  2.540628842707712E-03,  2.662895492304989E-03,  2.682517533968031E+01,
2460742.500000000, A.D. 2025-Mar-08 00:00:00.0000,  4.705799657514633E-02,  2.424083830303569E-03,  5.279038449430606E+00,  3.571094355977377E+02,  4.040303859857725E+00,  2.460735983519969E+06,  1.339522524250640E+01,  8.728971780966754E+01,  9.268317851761587E+01,  2.543789466296441E-03,  2.663495102289313E-03,  2.687524796952499E+01,
2460743.500000000, A.D. 2025-Mar-09 00:00:00.0000,  4.602808637524033E-02,  2.433201573951421E-03,  5.279344902469427E+00,  3.570959172400285E+02,  7.308248611031175E+00,  2.460736192727784E+06,  1.334160312428961E+01,  9.749072582799333E+01,  1.026741282390912E+02,  2.550600850192860E-03,  2.668000126434298E-03,  2.698326405352194E+01,
2460744.500000000, A.D. 2025-Mar-10 00:00:00.0000,  4.499872124274729E-02,  2.444657635433069E-03,  5.280118317937180E+00,  3.570792203392047E+02,  1.176086110522283E+01,  2.460736483902293E+06,  1.326937988434499E+01,  1.063686456592565E+02,  1.112330314438247E+02,  2.559847499486402E-03,  2.675037363539735E-03,  2.713012990341187E+01,
2460745.500000000, A.D. 2025-Mar-11 00:00:00.0000,  4.410074555219193E-02,  2.456609145662246E-03,  5.281361978067368E+00,  3.570628164960938E+02,  1.684595167164874E+01,  2.460736824228653E+06,  1.319124709270093E+01,  1.144442435630596E+02,  1.189375457315678E+02,  2.569945665541238E-03,  2.683282185420231E-03,  2.729082379172455E+01,
2460746.500000000, A.D. 2025-Mar-12 00:00:00.0000,  4.355453119185434E-02,  2.466875006636534E-03,  5.282938959783235E+00,  3.570494666943195E+02,  2.194425665700658E+01,  2.460737175829380E+06,  1.312022767139306E+01,  1.223352413782892E+02,  1.264293573814002E+02,  2.579211347731699E-03,  2.691547688826864E-03,  2.743854824904700E+01,
2460747.500000000, A.D. 2025-Mar-13 00:00:00.0000,  4.359487160447333E-02,  2.473391707354124E-03,  5.284630553014915E+00,  3.570406982349438E+02,  2.649721496210704E+01,  2.460737503712360E+06,  1.306758282321596E+01,  1.306273166643296E+02,  1.342862175397607E+02,  2.586133881886965E-03,  2.698876056419807E-03,  2.754908883075312E+01,
2460748.500000000, A.D. 2025-Mar-14 00:00:00.0000,  4.442177594029730E-02,  2.474580883830027E-03,  5.286202918429117E+00,  3.570366699394647E+02,  3.015002130654804E+01,  2.460737785880005E+06,  1.304123298293241E+01,  1.397253350672388E+02,  1.428804777375567E+02,  2.589616236038695E-03,  2.704651588247362E-03,  2.760475182608474E+01,
2460749.500000000, A.D. 2025-Mar-15 00:00:00.0000,  4.616284010347211E-02,  2.469618953406355E-03,  5.287465650678654E+00,  3.570363791856915E+02,  3.284431287265163E+01,  2.460738020206911E+06,  1.304482328027557E+01,  1.497518721401607E+02,  1.522890513686205E+02,  2.589141058075635E-03,  2.708663162744914E-03,  2.759715423238720E+01,
2460750.500000000, A.D. 2025-Mar-16 00:00:00.0000,  4.882764737947347E-02,  2.458621196223357E-03,  5.288311278258121E+00,  3.570381051160759E+02,  3.478514151977017E+01,  2.460738221619972E+06,  1.307745285199453E+01,  1.605699359192604E+02,  1.623294454389182E+02,  2.584832485353190E-03,  2.711043774483024E-03,  2.752829653253874E+01,
2460751.500000000, A.D. 2025-Mar-17 00:00:00.0000,  5.226598796679249E-02,  2.442696314042191E-03,  5.288730467510657E+00,  3.570399608827454E+02,  3.628691685734930E+01,  2.460738409807358E+06,  1.313400726402825E+01,  1.719266852491928E+02,  1.727165743528209E+02,  2.577407039346185E-03,  2.712117764650178E-03,  2.740976099396389E+01,
2460752.500000000, A.D. 2025-Mar-18 00:00:00.0000,  5.616533674802644E-02,  2.423798698858866E-03,  5.288802625838127E+00,  3.570404309607219E+02,  3.759959642665449E+01,  2.460765856204629E+06,  1.320598593543540E+01,  1.836181495142205E+02,  1.832386508075421E+02,  2.568033145241445E-03,  2.712267591624023E-03,  2.726036524346267E+01,
2460753.500000000, A.D. 2025-Mar-19 00:00:00.0000,  6.010491037172096E-02,  2.404379676729131E-03,  5.288665526978946E+00,  3.570387853914975E+02,  3.881478731052164E+01,  2.460765878786298E+06,  1.328269700832548E+01,  1.955763322740170E+02,  1.938522586407734E+02,  2.558136225267486E-03,  2.711892773805840E-03,  2.710292945584432E+01,
2460754.500000000, A.D. 2025-Mar-20 00:00:00.0000,  6.364983842232079E-02,  2.386933231399174E-03,  5.288470780718430E+00,  3.570352861399087E+02,  3.986499262769427E+01,  2.460765893488624E+06,  1.335269090950652E+01,  2.078662680280976E+02,  2.046832911206856E+02,  2.549188678920472E-03,  2.711444126441769E-03,  2.696085773570150E+01,
2460755.500000000, A.D. 2025-Mar-21 00:00:00.0000,  6.645590116115697E-02,  2.373548631338866E-03,  5.288334611843155E+00,  3.570311329752495E+02,  4.057122236292464E+01,  2.460765896004389E+06,  1.340530881309135E+01,  2.206383507435373E+02,  2.159784864598355E+02,  2.542513668386018E-03,  2.711478705433170E-03,  2.685503221294175E+01,
2460756.500000000, A.D. 2025-Mar-22 00:00:00.0000,  6.836005295820322E-02,  2.365542318263243E-03,  5.288295218540397E+00,  3.570281410727456E+02,  4.070301523765451E+01,  2.460765875060688E+06,  1.343222129132762E+01,  2.340721102245890E+02,  2.280433617865921E+02,  2.539116453490928E-03,  2.712690588718612E-03,  2.680122611086152E+01,
2460757.500000000, A.D. 2025-Mar-23 00:00:00.0000,  6.943467953010585E-02,  2.363213167633947E-03,  5.288288204345935E+00,  3.570281999054942E+02,  4.004635226084072E+01,  2.460765816758610E+06,  1.342881578436138E+01,  2.483157807030192E+02,  2.411707040033700E+02,  2.539545710171780E-03,  2.715878252709612E-03,  2.680802282054092E+01,
2460758.500000000, A.D. 2025-Mar-24 00:00:00.0000,  6.997720532107220E-02,  2.365778747677971E-03,  5.288149341795434E+00,  3.570326251237472E+02,  3.848909930699289E+01,  2.460765710661909E+06,  1.339525446599269E+01,  2.634113488670914E+02,  2.555494066936178E+02,  2.543785766557163E-03,  2.721792785436354E-03,  2.687518933768319E+01,
2460759.500000000, A.D. 2025-Mar-25 00:00:00.0000,  7.040409154641949E-02,  2.371576843307074E-03,  5.287648740799649E+00,  3.570415662587268E+02,  3.611347343655988E+01,  2.460765557272907E+06,  1.333697297747533E+01,  2.792143149175548E+02,  2.711635594941448E+02,  2.551191137719491E-03,  2.730805432131909E-03,  2.699263173195298E+01,
2460760.500000000, A.D. 2025-Mar-26 00:00:00.0000,  7.105078468589456E-02,  2.378569157975053E-03,  5.286552705434935E+00,  3.570536541075861E+02,  3.323450271339961E+01,  2.460765372661996E+06,  1.326435238835662E+01,  2.953672942199925E+02,  2.877426670031569E+02,  2.560494286192802E-03,  2.742419414410550E-03,  2.714041284940576E+01,
2460761.500000000, A.D. 2025-Mar-27 00:00:00.0000,  7.196368709642856E-02,  2.384993085782808E-03,  5.284700514160868E+00,  3.570660463028022E+02,  3.030461223658952E+01,  2.460765183866059E+06,  1.319132851394917E+01,  3.114049126077522E+02,  3.048439166368543E+02,  2.569935090493192E-03,  2.754877095203577E-03,  2.729065534372206E+01,
2460762.500000000, A.D. 2025-Mar-28 00:00:00.0000,  7.283623906783289E-02,  2.389814778716408E-03,  5.282075337034837E+00,  3.570749492373070E+02,  2.770191529972532E+01,  2.460765015069917E+06,  1.313288304284634E+01,  3.269698809390232E+02,  3.220519276304744E+02,  2.577554127346066E-03,  2.765293475975724E-03,  2.741210736633316E+01,
2460763.500000000, A.D. 2025-Mar-29 00:00:00.0000,  7.316947075451852E-02,  2.392740400829891E-03,  5.278844620565406E+00,  3.570765624525867E+02,  2.555239749395038E+01,  2.460764874769922E+06,  1.310173737853135E+01,  3.419881255217871E+02,  3.391507257178743E+02,  2.581637446468002E-03,  2.770534492106112E-03,  2.747727187616353E+01,
2460764.500000000, A.D. 2025-Mar-30 00:00:00.0000,  7.256482239860088E-02,  2.393896974895285E-03,  5.275348992941026E+00,  3.570682315026202E+02,  2.371013108470557E+01,  2.460764753458330E+06,  1.310505749715851E+01,  3.566784140067020E+02,  3.561488743726343E+02,  2.581201395753131E-03,  2.768505816610978E-03,  2.747031060932443E+01,
2460765.500000000, A.D. 2025-Mar-31 00:00:00.0000,  7.096371623288132E-02,  2.393497909253548E-03,  5.272032160898463E+00,  3.570494619119616E+02,  2.188152194289561E+01,  2.460764631640047E+06,  1.314229473540700E+01,  1.141224244154573E+01,  1.317355842168488E+01,  2.576323391319263E-03,  2.759148873384978E-03,  2.739247652315349E+01,
2460766.500000000, A.D. 2025-Apr-01 00:00:00.0000,  6.869496545498911E-02,  2.391730135266035E-03,  5.269325063425348E+00,  3.570224177573581E+02,  1.981574037778713E+01,  2.460764492767834E+06,  1.320509197091525E+01,  2.650568535529925E+01,  3.030732765363497E+01,  2.568149045209999E-03,  2.744567955153964E-03,  2.726221072847616E+01,
2460767.500000000, A.D. 2025-Apr-02 00:00:00.0000,  6.630288639133659E-02,  2.388917558160243E-03,  5.267517439933109E+00,  3.569916575193414E+02,  1.748834472312628E+01,  2.460764335629418E+06,  1.327941820763774E+01,  4.202100032337566E+01,  4.743158676955944E+01,  2.558557291590279E-03,  2.728197025020315E-03,  2.710962139839408E+01,
2460768.500000000, A.D. 2025-Apr-03 00:00:00.0000,  6.425012160010433E-02,  2.385822414322240E-03,  5.266658391688880E+00,  3.569631185629751E+02,  1.518583944990426E+01,  2.460764179564352E+06,  1.334917004005797E+01,  5.767423011219125E+01,  6.416041191129553E+01,  2.549636894852634E-03,  2.713451375383028E-03,  2.696796871413862E+01,
2460769.500000000, A.D. 2025-Apr-04 00:00:00.0000,  6.268065199139426E-02,  2.383779402333028E-03,  5.266519081653321E+00,  3.569426345301579E+02,  1.340201566902244E+01,  2.460764056732838E+06,  1.339997678715793E+01,  7.293965361697201E+01,  7.995007796606609E+01,  2.543188089947699E-03,  2.702596777562369E-03,  2.686571818131889E+01,
2460770.500000000, A.D. 2025-Apr-05 00:00:00.0000,  6.140126116784078E-02,  2.384409552539417E-03,  5.266629453515299E+00,  3.569344272095033E+02,  1.259333032204821E+01,  2.460763995589123E+06,  1.342209899174889E+01,  8.730284668069918E+01,  9.433885847265694E+01,  2.540392879183060E-03,  2.696376205826701E-03,  2.682143830270560E+01,
2460771.500000000, A.D. 2025-Apr-06 00:00:00.0000,  6.006563759705348E-02,  2.389016446617827E-03,  5.266377015478747E+00,  3.569399960148757E+02,  1.298540104084172E+01,  2.460764009071530E+06,  1.341187041768001E+01,  1.004673619437372E+02,  1.071296848589683E+02,  2.541684336883158E-03,  2.694352227148489E-03,  2.684189369481494E+01,
2460772.500000000, A.D. 2025-Apr-07 00:00:00.0000,  5.839840073393460E-02,  2.398044832063791E-03,  5.265139019374598E+00,  3.569576679582128E+02,  1.454665145717993E+01,  2.460764094527816E+06,  1.337169929956745E+01,  1.123954465151911E+02,  1.184040890278354E+02,  2.546772259024364E-03,  2.695499685984937E-03,  2.692253182896847E+01,
2460773.500000000, A.D. 2025-Apr-08 00:00:00.0000,  5.632541162420169E-02,  2.410868568297232E-03,  5.262414286492230E+00,  3.569828582211808E+02,  1.707045546041801E+01,  2.460764240208930E+06,  1.330898255619404E+01,  1.232383978214840E+02,  1.284289058288367E+02,  2.554766863487009E-03,  2.698665158676785E-03,  2.704940054433048E+01,
2460774.500000000, A.D. 2025-Apr-09 00:00:00.0000,  5.398867868637813E-02,  2.425911685450925E-03,  5.257926313453385E+00,  3.570089132785922E+02,  2.026665771716042E+01,  2.460764431250894E+06,  1.323438573587414E+01,  1.332537095379925E+02,  1.375561000351790E+02,  2.564357984725096E-03,  2.702804283999268E-03,  2.720186695360983E+01,
2460775.500000000, A.D. 2025-Apr-10 00:00:00.0000,  5.168712776337396E-02,  2.440981749853227E-03,  5.251680485010666E+00,  3.570283115690779E+02,  2.382524586716433E+01,  2.460764652997974E+06,  1.315989540396004E+01,  1.427454121036087E+02,  1.461532085027400E+02,  2.574025747532134E-03,  2.707069745211042E-03,  2.735584052527269E+01,
2460776.500000000, A.D. 2025-Apr-11 00:00:00.0000,  4.978810073693170E-02,  2.453700177542430E-03,  5.243970075702951E+00,  3.570339802214933E+02,  2.746381917363760E+01,  2.460764893019123E+06,  1.309695161694522E+01,  1.520160669589819E+02,  1.545525748946060E+02,  2.582266312856516E-03,  2.710832448170601E-03,  2.748731235551191E+01,
2460777.500000000, A.D. 2025-Apr-12 00:00:00.0000,  4.863783193135844E-02,  2.461947111940720E-03,  5.235334809805813E+00,  3.570205199001620E+02,  3.097537275813617E+01,  2.460765143337256E+06,  1.305486859809870E+01,  1.613146084349425E+02,  1.630025203264941E+02,  2.587812711681309E-03,  2.713678311421898E-03,  2.757591907531188E+01,
2460778.500000000, A.D. 2025-Apr-13 00:00:00.0000,  4.848473405541476E-02,  2.464256204068657E-03,  5.226481100000635E+00,  3.569851781698829E+02,  3.426812424308577E+01,  2.460765402326493E+06,  1.303967059018651E+01,  1.707893480366770E+02,  1.716283251740318E+02,  2.589823087727708E-03,  2.715389971386759E-03,  2.760805938387211E+01,
2460779.500000000, A.D. 2025-Apr-14 00:00:00.0000,  4.942332971694063E-02,  2.460097797199072E-03,  5.218175617979081E+00,  3.569284526122707E+02,  3.736418225718597E+01,  2.460793252690480E+06,  1.305340871589632E+01,  1.804805102214604E+02,  1.804357832860585E+02,  2.588005653943214E-03,  2.715913510687356E-03,  2.757900314280326E+01,
2460780.500000000, A.D. 2025-Apr-15 00:00:00.0000,  5.136782065559452E-02,  2.449991571037653E-03,  5.211125207431773E+00,  3.568542345635468E+02,  4.033855231203444E+01,  2.460793454657611E+06,  1.309397963839333E+01,  1.903719770284914E+02,  1.893753604323450E+02,  2.582657034395385E-03,  2.715322497753117E-03,  2.749355123055414E+01,
2460781.500000000, A.D. 2025-Apr-16 00:00:00.0000,  5.406404876934517E-02,  2.435414007958075E-03,  5.205857630684421E+00,  3.567694336680133E+02,  4.323184159187727E+01,  2.460793626548888E+06,  1.315543355669093E+01,  2.004699918279707E+02,  1.984331081055481E+02,  2.574607725596666E-03,  2.713801443235257E-03,  2.736511863699862E+01,
2460782.500000000, A.D. 2025-Apr-17 00:00:00.0000,  5.714022007182262E-02,  2.418518636806060E-03,  5.202619561110509E+00,  3.566830688527311E+02,  4.599300914391544E+01,  2.460793774435972E+06,  1.322873374196814E+01,  2.108534884396917E+02,  2.076915011791718E+02,  2.565088349606228E-03,  2.711658062406396E-03,  2.721348898707519E+01,
2460783.500000000, A.D. 2025-Apr-18 00:00:00.0000,  6.018615987279510E-02,  2.401736070205442E-03,  5.201309766480630E+00,  3.566048844073206E+02,  4.847350196966927E+01,  2.460793898058530E+06,  1.330290842153117E+01,  2.216755796174912E+02,  2.173383680792572E+02,  2.555544478766522E-03,  2.709352887327603E-03,  2.706175135486379E+01,
2460784.500000000, A.D. 2025-Apr-19 00:00:00.0000,  6.284625150749984E-02,  2.387334457094148E-03,  5.201464880431185E+00,  3.565436486360856E+02,  5.045524547565038E+01,  2.460793991299789E+06,  1.336651339706073E+01,  2.331344142068840E+02,  2.276409043668569E+02,  2.547430942824910E-03,  2.707527428555672E-03,  2.693297715761565E+01,
2460785.500000000, A.D. 2025-Apr-20 00:00:00.0000,  6.491001977121090E-02,  2.377007983046208E-03,  5.202310646881575E+00,  3.565053977782754E+02,  5.169322398671508E+01,  2.460794043845348E+06,  1.340929398479612E+01,  2.454330659741288E+02,  2.389033809866274E+02,  2.542009895630176E-03,  2.707011808214145E-03,  2.684705103849460E+01,
2460786.500000000, A.D. 2025-Apr-21 00:00:00.0000,  6.637902556369700E-02,  2.371553057555437E-03,  5.202881902793613E+00,  3.564919671832203E+02,  5.197228077519263E+01,  2.460794044098950E+06,  1.342389045340557E+01,  2.587288421237434E+02,  2.514081184973020E+02,  2.540166858384177E-03,  2.708780659212916E-03,  2.681785889489809E+01,
2460787.500000000, A.D. 2025-Apr-22 00:00:00.0000,  6.747730417737806E-02,  2.370709044112402E-03,  5.202200289443534E+00,  3.565001712253360E+02,  5.118701481246132E+01,  2.460793984296677E+06,  1.340736703475971E+01,  2.730626544942514E+02,  2.653299740965820E+02,  2.542253453703975E-03,  2.713797863295548E-03,  2.685090958326643E+01,
2460788.500000000, A.D. 2025-Apr-23 00:00:00.0000,  6.856643164527491E-02,  2.373265517291440E-03,  5.199482145389452E+00,  3.565219309786065E+02,  4.943256958322959E+01,  2.460793867385807E+06,  1.336226567463209E+01,  2.882795648662702E+02,  2.806358644696729E+02,  2.547970781731168E-03,  2.722676046170897E-03,  2.694153886518291E+01,
2460789.500000000, A.D. 2025-Apr-24 00:00:00.0000,  6.995635847579933E-02,  2.377493305272376E-03,  5.194334226474642E+00,  3.565454999323955E+02,  4.704240552756846E+01,  2.460793711334805E+06,  1.329682048297605E+01,  3.040026371007739E+02,  2.970333154298115E+02,  2.556324455243869E-03,  2.735155605215361E-03,  2.707414155593879E+01,
2460790.500000000, A.D. 2025-Apr-25 00:00:00.0000,  7.169079409783012E-02,  2.381765358663785E-03,  5.186886673753985E+00,  3.565577131483086E+02,  4.448943343255150E+01,  2.460793544366523E+06,  1.322398329523901E+01,  3.197413479574332E+02,  3.140533569719213E+02,  2.565702616671872E-03,  2.749639874679960E-03,  2.722326487886669E+01,
2460791.500000000, A.D. 2025-Apr-26 00:00:00.0000,  7.346372234803272E-02,  2.385024241834355E-03,  5.177816080643739E+00,  3.565469059418515E+02,  4.216821346213948E+01,  2.460793391141092E+06,  1.315910080125180E+01,  3.351142837395847E+02,  3.312541089503270E+02,  2.574129366934768E-03,  2.763234492035182E-03,  2.735749238775903E+01,
2460792.500000000, A.D. 2025-Apr-27 00:00:00.0000,  7.476223097769148E-02,  2.386834488976107E-03,  5.168230958032759E+00,  3.565058621905933E+02,  4.021425757516299E+01,  2.460793260255096E+06,  1.311651136219741E+01,  3.500281053959125E+02,  3.483951041174000E+02,  2.579698504416066E-03,  2.772562519856025E-03,  2.744632242972336E+01,
2460793.500000000, A.D. 2025-Apr-28 00:00:00.0000,  7.515427027169794E-02,  2.387110847003703E-03,  5.159428184749752E+00,  3.564339623282845E+02,  3.848789583371223E+01,  2.460793142534367E+06,  1.310589945269574E+01,  4.684908647906500E+00,  5.460604047555361E+00,  2.581090846043026E-03,  2.775070845082348E-03,  2.746854584833184E+01,
2460794.500000000, A.D. 2025-Apr-29 00:00:00.0000,  7.453433084054377E-02,  2.385831555528129E-03,  5.152574310929965E+00,  3.563377587437575E+02,  3.670382653841717E+01,  2.460793019483045E+06,  1.312963247412773E+01,  1.943864349399446E+01,  2.255211466587058E+01,  2.577979535097215E-03,  2.770127514666302E-03,  2.741889391872842E+01,
2460795.500000000, A.D. 2025-Apr-30 00:00:00.0000,  7.318085483814075E-02,  2.382973530490843E-03,  5.148400946872150E+00,  3.562296133397934E+02,  3.461957204045253E+01,  2.460792875912159E+06,  1.318212527728854E+01,  3.459105466154151E+01,  3.973121532290234E+01,  2.571131102470571E-03,  2.759288674450298E-03,  2.730970859609742E+01,
2460796.500000000, A.D. 2025-May-01 00:00:00.0000,  7.159427668745602E-02,  2.378716423699968E-03,  5.147007391963325E+00,  3.561246921611362E+02,  3.220448721995615E+01,  2.460792711006565E+06,  1.325148271819017E+01,  5.020978101852686E+01,  5.688053002980998E+01,  2.562151830788729E-03,  2.745587237877489E-03,  2.716677127049578E+01,
2460797.500000000, A.D. 2025-May-02 00:00:00.0000,  7.020882186538442E-02,  2.373766363198481E-03,  5.147829126956262E+00,  3.560372134275406E+02,  2.970654439033251E+01,  2.460792541956259E+06,  1.332272128081127E+01,  6.605463486105769E+01,  7.365623450819648E+01,  2.553010201667891E-03,  2.732254040137301E-03,  2.702150652348395E+01,
2460798.500000000, A.D. 2025-May-03 00:00:00.0000,  6.915785476999574E-02,  2.369501038685328E-03,  5.149773988143016E+00,  3.559770679582120E+02,  2.755297604445832E+01,  2.460792396205255E+06,  1.338136663509585E+01,  8.167711534394144E+01,  8.959258175405020E+01,  2.545545505032802E-03,  2.721589971380277E-03,  2.690308171183454E+01,
2460799.500000000, A.D. 2025-May-04 00:00:00.0000,  6.824289423656486E-02,  2.367703277680237E-03,  5.151476693351358E+00,  3.559476935339080E+02,  2.613929360477684E+01,  2.460792297033233E+06,  1.341636684665503E+01,  9.663764453115613E+01,  1.043064843835917E+02,  2.541116416536754E-03,  2.714529555393271E-03,  2.683289776693569E+01,
2460800.500000000, A.D. 2025-May-05 00:00:00.0000,  6.709718408658891E-02,  2.369977215873256E-03,  5.151596772632182E+00,  3.559455753987150E+02,  2.566742277419138E+01,  2.460792253890776E+06,  1.342178004216208E+01,  1.106774642162702E+02,  1.176466520326090E+02,  2.540433124915372E-03,  2.710889033957487E-03,  2.682207567618644E+01,
2460801.500000000, A.D. 2025-May-06 00:00:00.0000,  6.540084545291473E-02,  2.377189383819200E-03,  5.149087602987445E+00,  3.559612410438888E+02,  2.612439976988107E+01,  2.460792262914703E+06,  1.339720399261781E+01,  1.237511160189592E+02,  1.297005776423547E+02,  2.543538983802319E-03,  2.709888583785438E-03,  2.687127852933857E+01,
2460802.500000000, A.D. 2025-May-07 00:00:00.0000,  6.302247763397492E-02,  2.389186232710327E-03,  5.143385599612883E+00,  3.559813010706849E+02,  2.735488856982960E+01,  2.460792313299628E+06,  1.334721084597554E+01,  1.359640376936480E+02,  1.407090305547656E+02,  2.549886390739910E-03,  2.710586548769494E-03,  2.697192725538965E+01,
2460803.500000000, A.D. 2025-May-08 00:00:00.0000,  6.005662494481875E-02,  2.404812288498119E-03,  5.134496063450432E+00,  3.559909927058823E+02,  2.914735889727285E+01,  2.460792393640424E+06,  1.328013624852164E+01,  1.474939684004499E+02,  1.509694759860164E+02,  2.558465065363049E-03,  2.712117842227978E-03,  2.710815561399648E+01,
2460804.500000000, A.D. 2025-May-09 00:00:00.0000,  5.678502420848894E-02,  2.422139836153961E-03,  5.122976171702939E+00,  3.559767424623253E+02,  3.129975225152650E+01,  2.460792496126824E+06,  1.320653784974362E+01,  1.585296054447139E+02,  1.607628607035942E+02,  2.567961597642564E-03,  2.713783359131167E-03,  2.725922600577627E+01,
2460805.500000000, A.D. 2025-May-10 00:00:00.0000,  5.359752653043012E-02,  2.438823965008269E-03,  5.109831563005677E+00,  3.559283876311258E+02,  3.366736931857771E+01,  2.460792619101609E+06,  1.313756527017303E+01,  1.692236433572021E+02,  1.703008814288621E+02,  2.576941664223879E-03,  2.715059363439489E-03,  2.740233769321997E+01,
2460806.500000000, A.D. 2025-May-11 00:00:00.0000,  5.089852266098243E-02,  2.452522793801670E-03,  5.096350727828406E+00,  3.558408140773788E+02,  3.619834072847758E+01,  2.460792768485021E+06,  1.308341638202977E+01,  1.796551280219523E+02,  1.796881302224996E+02,  2.584046966903659E-03,  2.715571140005647E-03,  2.751574890595581E+01,
2460807.500000000, A.D. 2025-May-12 00:00:00.0000,  4.901763598159587E-02,  2.461323896675656E-03,  5.083903443954548E+00,  3.557148515922288E+02,  3.894369802011500E+01,  2.460820539013793E+06,  1.305200735374072E+01,  1.898146960898350E+02,  1.889118762254862E+02,  2.588190895859791E-03,  2.715057895043927E-03,  2.758196423302071E+01,
2460808.500000000, A.D. 2025-May-13 00:00:00.0000,  4.814235952614589E-02,  2.464099379193706E-03,  5.073729008154980E+00,  3.555573244808702E+02,  4.201651993109797E+01,  2.460820790125844E+06,  1.304795466578656E+01,  1.996389951548035E+02,  1.978847888440209E+02,  2.588726795287399E-03,  2.713354211381093E-03,  2.759053117681095E+01,
2460809.500000000, A.D. 2025-May-14 00:00:00.0000,  4.828762003585794E-02,  2.460707556175004E-03,  5.066739397032898E+00,  3.553802107216489E+02,  4.549918403058803E+01,  2.460821044099575E+06,  1.307194889686117E+01,  2.090961202927435E+02,  2.065412792506428E+02,  2.585557998381525E-03,  2.710408440588045E-03,  2.753988734506475E+01,
2460810.500000000, A.D. 2025-May-15 00:00:00.0000,  4.930592749528901E-02,  2.451996484824462E-03,  5.063362452293091E+00,  3.551989457436460E+02,  4.934960692523106E+01,  2.460821301952311E+06,  1.312058448165254E+01,  2.182720721362111E+02,  2.149361252157101E+02,  2.579164586946881E-03,  2.706332689069301E-03,  2.743780206616664E+01,
2460811.500000000, A.D. 2025-May-16 00:00:00.0000,  5.092869615197061E-02,  2.439623598616696E-03,  5.063449695185516E+00,  3.550300285899521E+02,  5.336881992373320E+01,  2.460821555840785E+06,  1.318668987361822E+01,  2.273967461521612E+02,  2.232823679672420E+02,  2.570537733809031E-03,  2.701451869001365E-03,  2.730025529152917E+01,
2460812.500000000, A.D. 2025-May-17 00:00:00.0000,  5.282753449727457E-02,  2.425739248971751E-03,  5.066270269321127E+00,  3.548882350108993E+02,  5.723852078758392E+01,  2.460821790859169E+06,  1.326017304278270E+01,  2.368015996961813E+02,  2.319189618673896E+02,  2.561032269539482E-03,  2.696325290107213E-03,  2.714896697339423E+01,
2460813.500000000, A.D. 2025-May-18 00:00:00.0000,  5.469039224808887E-02,  2.412584437941156E-03,  5.070604535437730E+00,  3.547838762811431E+02,  6.058823121627064E+01,  2.460821988779607E+06,  1.332935369964900E+01,  2.468500541426665E+02,  2.412475055320241E+02,  2.552163247000784E-03,  2.691742056060413E-03,  2.700806116424683E+01,
2460814.500000000, A.D. 2025-May-19 00:00:00.0000,  5.630669914000591E-02,  2.402055556514935E-03,  5.074936772327706E+00,  3.547206178883067E+02,  6.305902984408866E+01,  2.460822131184628E+06,  1.338269264860836E+01,  2.578742015747065E+02,  2.516699699747919E+02,  2.545377353347667E-03,  2.688699150180398E-03,  2.690041604126922E+01,
2460815.500000000, A.D. 2025-May-20 00:00:00.0000,  5.764280453454384E-02,  2.395308185385624E-03,  5.077726970990046E+00,  3.546943531715754E+02,  6.436641659738672E+01,  2.460822202418223E+06,  1.341074782849971E+01,  2.701155593642707E+02,  2.635238044699903E+02,  2.541826174736762E-03,  2.688344164087900E-03,  2.684414058065798E+01,
2460816.500000000, A.D. 2025-May-21 00:00:00.0000,  5.886987298813786E-02,  2.392505655824931E-03,  5.077719885716400E+00,  3.546935010176187E+02,  6.438187669486297E+01,  2.460822194308894E+06,  1.340808708619098E+01,  2.836502104588138E+02,  2.769940269041802E+02,  2.542162435519159E-03,  2.691819215213387E-03,  2.684946761501608E+01,
2460817.500000000, A.D. 2025-May-22 00:00:00.0000,  6.029603674577795E-02,  2.392844210987048E-03,  5.074230570646771E+00,  3.547008722721041E+02,  6.322486074659566E+01,  2.460822112715453E+06,  1.337478221441383E+01,  2.983059354000609E+02,  2.920103198798973E+02,  2.546380886487441E-03,  2.699917561987834E-03,  2.691632612993374E+01,
2460818.500000000, A.D. 2025-May-23 00:00:00.0000,  6.218630295739326E-02,  2.394929439744054E-03,  5.067336301576846E+00,  3.546969452226903E+02,  6.128980656050071E+01,  2.460821980856866E+06,  1.331703499159259E+01,  3.136453073165980E+02,  3.082053384360546E+02,  2.553736896034317E-03,  2.712544352324580E-03,  2.703304453485914E+01,
2460819.500000000, A.D. 2025-May-24 00:00:00.0000,  6.455001443581385E-02,  2.397363800800514E-03,  5.057911928129143E+00,  3.546640326911054E+02,  5.911303969314067E+01,  2.460821832096767E+06,  1.324651731471640E+01,  3.291078397977345E+02,  3.250319710695853E+02,  2.562792065633121E-03,  2.728220330465728E-03,  2.717695462490002E+01,
2460820.500000000, A.D. 2025-May-25 00:00:00.0000,  6.705868370968270E-02,  2.399186320838507E-03,  5.047474175263441E+00,  3.545904670391246E+02,  5.711741487038854E+01,  2.460821693559804E+06,  1.317823636436657E+01,  3.442709867949154E+02,  3.420063311797724E+02,  2.571636906786874E-03,  2.744087492735242E-03,  2.731776772295766E+01,
2460821.500000000, A.D. 2025-May-26 00:00:00.0000,  6.918723241541311E-02,  2.399912726054772E-03,  5.037849454184756E+00,  3.544736949118379E+02,  5.542618209062885E+01,  2.460821573384440E+06,  1.312719970225574E+01,  3.590366678061408E+02,  3.588908099934223E+02,  2.578298031173795E-03,  2.756683336292818E-03,  2.742397527007521E+01,
2460822.500000000, A.D. 2025-May-27 00:00:00.0000,  7.049090305008802E-02,  2.399290849665676E-03,  5.030738264082293E+00,  3.543212450683158E+02,  5.387127977024687E+01,  2.460821460862579E+06,  1.310472427566433E+01,  1.361760938512996E+01,  1.569633131754893E+01,  2.581245151380121E-03,  2.763199453094568E-03,  2.747100911299031E+01,
2460823.500000000, A.D. 2025-May-28 00:00:00.0000,  7.083696395604808E-02,  2.397073870339449E-03,  5.027294269783999E+00,  3.541490505707093E+02,  5.214655967645540E+01,  2.460821336600305E+06,  1.311558080347067E+01,  2.837424350663012E+01,  3.255279616932874E+01,  2.579820523796710E-03,  2.762567177253970E-03,  2.744826976360330E+01,
2460824.500000000, A.D. 2025-May-29 00:00:00.0000,  7.045928385415252E-02,  2.393016598219961E-03,  5.027841619394477E+00,  3.539774792595114E+02,  5.000286702854985E+01,  2.460821185568633E+06,  1.315696828248935E+01,  4.360786836167706E+01,  4.954417241789499E+01,  2.574407507550740E-03,  2.755798416881519E-03,  2.736192656777360E+01,
2460825.500000000, A.D. 2025-May-30 00:00:00.0000,  6.980979639533516E-02,  2.387120552738287E-03,  5.031810162926918E+00,  3.538262627237678E+02,  4.740972463740633E+01,  2.460821007549370E+06,  1.321958682792404E+01,  5.938834117251486E+01,  6.657365866464102E+01,  2.566271439419313E-03,  2.745422326100338E-03,  2.723231858045393E+01,
2460826.500000000, A.D. 2025-May-31 00:00:00.0000,  6.928935215843736E-02,  2.379982508092379E-03,  5.037893906263781E+00,  3.537098559603479E+02,  4.461131847692231E+01,  2.460820819823109E+06,  1.329024979125301E+01,  7.549096973835256E+01,  8.332353350584840E+01,  2.557166949375581E-03,  2.734351390658782E-03,  2.708752699568779E+01,
2460827.500000000, A.D. 2025-Jun-01 00:00:00.0000,  6.901975594491348E-02,  2.372966562806396E-03,  5.044369904967592E+00,  3.536344500551614E+02,  4.202391769966974E+01,  2.460820648906845E+06,  1.335503520716124E+01,  9.149659029674459E+01,  9.936044495827797E+01,  2.548890352893446E-03,  2.724814142980496E-03,  2.695612511803493E+01,
2460828.500000000, A.D. 2025-Jun-02 00:00:00.0000,  6.879916728697323E-02,  2.367973096680452E-03,  5.049480683161186E+00,  3.535971508511674E+02,  4.003138124681581E+01,  2.460820516301008E+06,  1.340206300391557E+01,  1.069980368942435E+02,  1.143323487413194E+02,  2.542924161463034E-03,  2.717875226245615E-03,  2.686153616012861E+01,
2460829.500000000, A.D. 2025-Jun-03 00:00:00.0000,  6.824392996667383E-02,  2.366876138317933E-03,  5.051786852697553E+00,  3.535871404924200E+02,  3.882970058406065E+01,  2.460820429182791E+06,  1.342337789651247E+01,  1.217610072329050E+02,  1.281109855313382E+02,  2.540231520287575E-03,  2.713586902257217E-03,  2.681888290528807E+01,
2460830.500000000, A.D. 2025-Jun-04 00:00:00.0000,  6.699314540683413E-02,  2.370943462841167E-03,  5.050423811597668E+00,  3.535882225717638E+02,  3.840491567192716E+01,  2.460820381086790E+06,  1.341581998689793E+01,  1.357535180876511E+02,  1.407997665933015E+02,  2.541185470577286E-03,  2.711427478313405E-03,  2.683399153772046E+01,
2460831.500000000, A.D. 2025-Jun-05 00:00:00.0000,  6.485754891436279E-02,  2.380489247921237E-03,  5.045230180672228E+00,  3.535820434616487E+02,  3.860149166207167E+01,  2.460820358441236E+06,  1.338101599606272E+01,  1.490853760344415E+02,  1.526525306007140E+02,  2.545589974188050E-03,  2.710690700454862E-03,  2.690378668599812E+01,
2460832.500000000, A.D. 2025-Jun-06 00:00:00.0000,  6.187481684510773E-02,  2.394804061270739E-03,  5.036744938195101E+00,  3.535513691716873E+02,  3.920756770465505E+01,  2.460820347395851E+06,  1.332471657913509E+01,  1.619300059845857E+02,  1.639778396017942E+02,  2.552755329749353E-03,  2.710706598227967E-03,  2.701746021102744E+01,
2460833.500000000, A.D. 2025-Jun-07 00:00:00.0000,  5.828819062893068E-02,  2.412296773079981E-03,  5.026090795918254E+00,  3.534829505178422E+02,  4.002640663876084E+01,  2.460820338989285E+06,  1.325570067463374E+01,  1.744584186092960E+02,  1.750596993026256E+02,  2.561608285119685E-03,  2.710919797159390E-03,  2.715812681927105E+01,
2460834.500000000, A.D. 2025-Jun-08 00:00:00.0000,  5.447593522577231E-02,  2.430783281227045E-03,  5.014773273601781E+00,  3.533696504967756E+02,  4.093841033875994E+01,  2.460847638193547E+06,  1.318442781113009E+01,  1.867804356118476E+02,  1.860902209008501E+02,  2.570831744835037E-03,  2.710880208443029E-03,  2.730493921746787E+01,
2460835.500000000, A.D. 2025-Jun-09 00:00:00.0000,  5.085372183972228E-02,  2.447880500288314E-03,  5.004430173375941E+00,  3.532116134675165E+02,  4.195875784322745E+01,  2.460847778403069E+06,  1.312158119422125E+01,  1.988879371965176E+02,  1.971090268798044E+02,  2.579033976757534E-03,  2.710187453226754E-03,  2.743571789644866E+01,
2460836.500000000, A.D. 2025-Jun-10 00:00:00.0000,  4.777214279248560E-02,  2.461453573932065E-03,  4.996567237394730E+00,  3.530163407996970E+02,  4.326992082436847E+01,  2.460847923363785E+06,  1.307662344959869E+01,  2.106209732523627E+02,  2.079700834981718E+02,  2.584941781844607E-03,  2.708429989757150E-03,  2.753004255169925E+01,
2460837.500000000, A.D. 2025-Jun-11 00:00:00.0000,  4.543980660839857E-02,  2.470019204525384E-03,  4.992314741331588E+00,  3.527976319435379E+02,  4.518263761547070E+01,  2.460848092173464E+06,  1.305648434118487E+01,  2.217034530280065E+02,  2.183823425844664E+02,  2.587599212312927E-03,  2.705179220100471E-03,  2.757250654867559E+01,
2460838.500000000, A.D. 2025-Jun-12 00:00:00.0000,  4.390213583243743E-02,  2.472984893157521E-03,  4.992237550588847E+00,  3.525734772176401E+02,  4.800085257358401E+01,  2.460848307231744E+06,  1.306450906618516E+01,  2.318733319709594E+02,  2.280485367442078E+02,  2.586539501696987E-03,  2.700094110236454E-03,  2.755557045245482E+01,
2460839.500000000, A.D. 2025-Jun-13 00:00:00.0000,  4.307833247545174E-02,  2.470667657769983E-03,  4.996227332768715E+00,  3.523631499902831E+02,  5.184546316672669E+01,  2.460848580061116E+06,  1.309980572658291E+01,  2.410529633928920E+02,  2.368468662542651E+02,  2.581891226437928E-03,  2.693114795105873E-03,  2.748132357943800E+01,
2460840.500000000, A.D. 2025-Jun-14 00:00:00.0000,  4.282142637472342E-02,  2.464147818647780E-03,  5.003498842402242E+00,  3.521839133732504E+02,  5.654316445606572E+01,  2.460848901992090E+06,  1.315712756142259E+01,  2.494539183030072E+02,  2.449484989286603E+02,  2.574386730487412E-03,  2.684625642327043E-03,  2.736159532689639E+01,
2460841.500000000, A.D. 2025-Jun-15 00:00:00.0000,  4.296420418296786E-02,  2.455046918508950E-03,  5.012701049799439E+00,  3.520478827878312E+02,  6.164017919376274E+01,  2.460849244744767E+06,  1.322739570635311E+01,  2.575571963158282E+02,  2.528099527298927E+02,  2.565261330077052E-03,  2.675475741645154E-03,  2.721624180541390E+01,
2460842.500000000, A.D. 2025-Jun-16 00:00:00.0000,  4.335032014474833E-02,  2.445251851177548E-03,  5.022137742568560E+00,  3.519596261196688E+02,  6.651554050210088E+01,  2.460849568627585E+06,  1.329890148363218E+01,  2.659950181251475E+02,  2.610643447564242E+02,  2.556057773988419E-03,  2.666863696799289E-03,  2.706990501757423E+01,
2460843.500000000, A.D. 2025-Jun-17 00:00:00.0000,  4.387553933555052E-02,  2.436559488838699E-03,  5.030071888921102E+00,  3.519150155045413E+02,  7.053147516914743E+01,  2.460849832930987E+06,  1.335912096257891E+01,  2.753976088918290E+02,  2.703726375349452E+02,  2.548370624411633E-03,  2.660181759984568E-03,  2.694788085297072E+01,
2460844.500000000, A.D. 2025-Jun-18 00:00:00.0000,  4.454589095676090E-02,  2.430267110808665E-03,  5.035066212391037E+00,  3.519016733611570E+02,  7.318087191204826E+01,  2.460850005297877E+06,  1.339693659797772E+01,  2.862458733868472E+02,  2.812738750938702E+02,  2.543572828675420E-03,  2.656878546542176E-03,  2.687181486358174E+01,
2460845.500000000, A.D. 2025-Jun-19 00:00:00.0000,  4.551457718722855E-02,  2.426840221062134E-03,  5.036294014883670E+00,  3.519010985716909E+02,  7.422857897538702E+01,  2.460850070433648E+06,  1.340491120891760E+01,  2.987337427613568E+02,  2.940372167861481E+02,  2.542563943942153E-03,  2.658287666822173E-03,  2.685582876226069E+01,
2460846.500000000, A.D. 2025-Jun-20 00:00:00.0000,  4.703133955732235E-02,  2.425853251411585E-03,  5.033746281598402E+00,  3.518922370207479E+02,  7.382606065725662E+01,  2.460850037778893E+06,  1.338113362220543E+01,  3.126605079072847E+02,  3.085366709817047E+02,  2.545575056250764E-03,  2.665296861089943E-03,  2.690355018969357E+01,
2460847.500000000, A.D. 2025-Jun-21 00:00:00.0000,  4.927669064058299E-02,  2.426309638496420E-03,  5.028270995802509E+00,  3.518559022192541E+02,  7.249569067664984E+01,  2.460849941404034E+06,  1.333010729912703E+01,  3.274558222594129E+02,  3.242538895666484E+02,  2.552067057376799E-03,  2.677824476257178E-03,  2.700653430025847E+01,
2460848.500000000, A.D. 2025-Jun-22 00:00:00.0000,  5.217112659463798E-02,  2.427166574637143E-03,  5.021412908235209E+00,  3.517791195711508E+02,  7.088845140687498E+01,  2.460849824681215E+06,  1.326225259008911E+01,  3.424317431200878E+02,  3.405083012782728E+02,  2.560764545942574E-03,  2.694362517248005E-03,  2.714470996194328E+01,
2460849.500000000, A.D. 2025-Jun-23 00:00:00.0000,  5.532701721265933E-02,  2.427678874142113E-03,  5.015073692639025E+00,  3.516582849143336E+02,  6.944355397776405E+01,  2.460849717480747E+06,  1.319189395119540E+01,  3.571310170544966E+02,  3.567902187453295E+02,  2.569861654113398E-03,  2.712044434084683E-03,  2.728948559864508E+01,
2460850.500000000, A.D. 2025-Jun-24 00:00:00.0000,  5.820742644013600E-02,  2.427373964725075E-03,  5.011069629895131E+00,  3.515001548691458E+02,  6.821994751423597E+01,  2.460849624444448E+06,  1.313407904338797E+01,  1.149961582283390E+01,  1.293096581161489E+01,  2.577397648773009E-03,  2.727421332820943E-03,  2.740961119624395E+01,
2460851.500000000, A.D. 2025-Jun-25 00:00:00.0000,  6.038190665422766E-02,  2.425836833151711E-03,  5.010704050602468E+00,  3.513202183727361E+02,  6.697527440721100E+01,  2.460849530168865E+06,  1.310106028798231E+01,  2.580687645669690E+01,  2.903627630631032E+01,  2.581726395363294E-03,  2.737615957574875E-03,  2.747869195978209E+01,
2460852.500000000, A.D. 2025-Jun-26 00:00:00.0000,  6.172076556873594E-02,  2.422573550849209E-03,  5.014473228042353E+00,  3.511388240644375E+02,  6.536443926110975E+01,  2.460849412758501E+06,  1.309949241657855E+01,  4.044129660905013E+01,  4.530863721159209E+01,  2.581932394909759E-03,  2.741291238970310E-03,  2.748198087006705E+01,
2460853.500000000, A.D. 2025-Jun-27 00:00:00.0000,  6.243113544969205E-02,  2.417089687992136E-03,  5.021981585395856E+00,  3.509762064190385E+02,  6.314180576835957E+01,  2.460849257585644E+06,  1.312917339858039E+01,  5.569939371413571E+01,  6.186865109174969E+01,  2.578039629282549E-03,  2.738989570572962E-03,  2.741985264959067E+01,
2460854.500000000, A.D. 2025-Jun-28 00:00:00.0000,  6.291872973352358E-02,  2.409183430778341E-03,  5.032072973885280E+00,  3.508478689197411E+02,  6.031081347305892E+01,  2.460849067025307E+06,  1.318356462899410E+01,  7.162597299440527E+01,  7.862462385685058E+01,  2.570943958887627E-03,  2.732704486996913E-03,  2.730672698401053E+01,
2460855.500000000, A.D. 2025-Jun-29 00:00:00.0000,  6.354136328369342E-02,  2.399323041368537E-03,  5.043121494372497E+00,  3.507615031261158E+02,  5.715998761340813E+01,  2.460848861678058E+06,  1.325169951747434E+01,  8.796904768019363E+01,  9.524669223002797E+01,  2.562123885985787E-03,  2.724924730603038E-03,  2.716632681908356E+01,
2460856.500000000, A.D. 2025-Jun-30 00:00:00.0000,  6.439396107962483E-02,  2.388847927040292E-03,  5.053392738496346E+00,  3.507159656546282E+02,  5.413826915252825E+01,  2.460848670241458E+06,  1.332074567462165E+01,  1.042982222311615E+02,  1.112918108981872E+02,  2.553262620874976E-03,  2.717677314709660E-03,  2.702551409609620E+01,
2460857.500000000, A.D. 2025-Jul-01 00:00:00.0000,  6.525849558856585E-02,  2.379766191414823E-03,  5.061388253968944E+00,  3.507021779367482E+02,  5.163704658938372E+01,  2.460848513938664E+06,  1.337850613412144E+01,  1.202200767113985E+02,  1.264146240265458E+02,  2.545908339560954E-03,  2.712050487707085E-03,  2.690883394535596E+01,
2460858.500000000, A.D. 2025-Jul-02 00:00:00.0000,  6.573045416490141E-02,  2.374202962971635E-03,  5.066109615978721E+00,  3.507054120097968E+02,  4.983602146044070E+01,  2.460848397165413E+06,  1.341538968423710E+01,  1.355334629056202E+02,  1.405106281254467E+02,  2.541239809812541E-03,  2.708276656653446E-03,  2.683485224607342E+01,
2460859.500000000, A.D. 2025-Jul-03 00:00:00.0000,  6.541319809297304E-02,  2.373798031146319E-03,  5.067207835881073E+00,  3.507083104309818E+02,  4.868952911934568E+01,  2.460848308933007E+06,  1.342565816302778E+01,  1.502474399346618E+02,  1.537180195016844E+02,  2.539943883545731E-03,  2.706089735945143E-03,  2.681432788087703E+01,
2460860.500000000, A.D. 2025-Jul-04 00:00:00.0000,  6.406991854130661E-02,  2.379301919714423E-03,  5.065009342726714E+00,  3.506940516899620E+02,  4.800081832197190E+01,  2.460848230171631E+06,  1.340795501442426E+01,  1.645133068121545E+02,  1.663325708923864E+02,  2.542179129456083E-03,  2.705056339197744E-03,  2.684973208910027E+01,
2460861.500000000, A.D. 2025-Jul-05 00:00:00.0000,  6.169252431161576E-02,  2.390428481700643E-03,  5.060428753108246E+00,  3.506491946498776E+02,  4.750998926538245E+01,  2.460848141149042E+06,  1.336521348443034E+01,  1.785438949602795E+02,  1.787106465875110E+02,  2.547596117090422E-03,  2.704763752480200E-03,  2.693559668308913E+01,
2460862.500000000, A.D. 2025-Jul-06 00:00:00.0000,  5.849522415877847E-02,  2.405917970294936E-03,  5.054791843010892E+00,  3.505658507342123E+02,  4.697018238555035E+01,  2.460875086793702E+06,  1.330406428261518E+01,  1.925444874764123E+02,  1.911859472333254E+02,  2.555396458977365E-03,  2.704874947659794E-03,  2.705940022181213E+01,
2460863.500000000, A.D. 2025-Jul-07 00:00:00.0000,  5.484989725951395E-02,  2.423768514629567E-03,  5.049600751216282E+00,  3.504429296699875E+02,  4.622256181744903E+01,  2.460875088164132E+06,  1.323385089225110E+01,  2.066439637623235E+02,  2.039893784696498E+02,  2.564427076293797E-03,  2.705085637958026E-03,  2.720296631200470E+01,
2460864.500000000, A.D. 2025-Jul-08 00:00:00.0000,  5.117708267421094E-02,  2.441620420467445E-03,  5.046278119350676E+00,  3.502863015847588E+02,  4.527814706049491E+01,  2.460875071886479E+06,  1.316534649402624E+01,  2.208174514063314E+02,  2.171639188406635E+02,  2.573315184406626E-03,  2.705009948345806E-03,  2.734451388448831E+01,
2460865.500000000, A.D. 2025-Jul-09 00:00:00.0000,  4.781504567184243E-02,  2.457254847361942E-03,  5.045927846470403E+00,  3.501078367442179E+02,  4.437856868097571E+01,  2.460875048365870E+06,  1.310926791177951E+01,  2.348279136944793E+02,  2.305024262436903E+02,  2.580648681952480E-03,  2.704042516543017E-03,  2.746148773697096E+01,
2460866.500000000, A.D. 2025-Jul-10 00:00:00.0000,  4.491507919388467E-02,  2.469080192896787E-03,  5.049147553503169E+00,  3.499234323023113E+02,  4.397003538546767E+01,  2.460875046880667E+06,  1.307470674578283E+01,  2.482520416851171E+02,  2.435741807905102E+02,  2.585194404297392E-03,  2.701308615697996E-03,  2.753407835446220E+01,
2460867.500000000, A.D. 2025-Jul-11 00:00:00.0000,  4.242464417118261E-02,  2.476410398080295E-03,  5.055921851140043E+00,  3.497502999150338E+02,  4.455431204383815E+01,  2.460875104547683E+06,  1.306764356548983E+01,  2.606264814012500E+02,  2.558764171565774E+02,  2.586125867803760E-03,  2.695841337527225E-03,  2.754896077443674E+01,
2460868.500000000, A.D. 2025-Jul-12 00:00:00.0000,  4.017734059438743E-02,  2.479424965179438E-03,  5.065616148512868E+00,  3.496039368340229E+02,  4.648600316824966E+01,  2.460875249917031E+06,  1.308976382341962E+01,  2.716451802331483E+02,  2.670414087773545E+02,  2.583211534842141E-03,  2.686998104504844E-03,  2.750240606754906E+01,
2460869.500000000, A.D. 2025-Jul-13 00:00:00.0000,  3.803063149843181E-02,  2.478905904111770E-03,  5.077078040902052E+00,  3.494952970742874E+02,  4.983302624128863E+01,  2.460875490989573E+06,  1.313782793656410E+01,  2.812914098224079E+02,  2.769817083989174E+02,  2.576907316677962E-03,  2.674908729244154E-03,  2.740178983453407E+01,
2460870.500000000, A.D. 2025-Jul-14 00:00:00.0000,  3.596344093879258E-02,  2.475947408882359E-03,  5.088837465823138E+00,  3.494286883004589E+02,  5.433734703585058E+01,  2.460875811466468E+06,  1.320382926584451E+01,  2.898683036131035E+02,  2.859355009854489E+02,  2.568312773629116E-03,  2.660678138375872E-03,  2.726481786092486E+01,
2460871.500000000, A.D. 2025-Jul-15 00:00:00.0000,  3.409208546544154E-02,  2.471745616397012E-03,  5.099378684293772E+00,  3.494008334366556E+02,  5.944036415344971E+01,  2.460876172697591E+06,  1.327607495337880E+01,  2.979649165520369E+02,  2.944463314638709E+02,  2.558986813549478E-03,  2.646228010701945E-03,  2.711644829245100E+01,
2460872.500000000, A.D. 2025-Jul-16 00:00:00.0000,  3.262701645878480E-02,  2.467439159926761E-03,  5.107438962281822E+00,  3.494013612307222E+02,  6.436858643624647E+01,  2.460876520353915E+06,  1.334114239918220E+01,  3.063638859291718E+02,  3.032801302175354E+02,  2.550659571755174E-03,  2.633879983583587E-03,  2.698419589780165E+01,
2460873.500000000, A.D. 2025-Jul-17 00:00:00.0000,  3.182024171438399E-02,  2.463923916796092E-03,  5.112274811806001E+00,  3.494147443556227E+02,  6.833291584719154E+01,  2.460876798931962E+06,  1.338643167831889E+01,  3.158390726784303E+02,  3.132251475066217E+02,  2.544903356747546E-03,  2.625882796699001E-03,  2.689290235448390E+01,
2460874.500000000, A.D. 2025-Jul-18 00:00:00.0000,  3.192450358451059E-02,  2.461650260899633E-03,  5.113832845757967E+00,  3.494234102657059E+02,  7.085013216180151E+01,  2.460876974423498E+06,  1.340281685392229E+01,  3.268357550315928E+02,  3.247659171508541E+02,  2.542828808305168E-03,  2.624007355710703E-03,  2.686002531584599E+01,
2460875.500000000, A.D. 2025-Jul-19 00:00:00.0000,  3.312857170459720E-02,  2.460552322202689E-03,  5.112774762223031E+00,  3.494114482626915E+02,  7.201053341411050E+01,  2.460877053055172E+06,  1.338677459916287E+01,  3.392096004668730E+02,  3.378080835405571E+02,  2.544859895736759E-03,  2.629167469270828E-03,  2.689221345539890E+01,
2460876.500000000, A.D. 2025-Jul-20 00:00:00.0000,  3.544227269000175E-02,  2.460226575488863E-03,  5.110337064127751E+00,  3.493680989656266E+02,  7.239188441953220E+01,  2.460877075410866E+06,  1.334140126092185E+01,  3.523232127497495E+02,  3.517558172836594E+02,  2.550626578203932E-03,  2.641026580919002E-03,  2.698367232641985E+01,
2460877.500000000, A.D. 2025-Jul-21 00:00:00.0000,  3.860853682301368E-02,  2.460203729410656E-03,  5.108050475814854E+00,  3.492901456245401E+02,  7.260539275104861E+01,  2.460877084785121E+06,  1.327594825460948E+01,  5.512371256685978E+00,  5.958759140132328E+00,  2.559003094619479E-03,  2.657802459828301E-03,  2.711670707777925E+01,
2460878.500000000, A.D. 2025-Jul-22 00:00:00.0000,  4.215124593769321E-02,  2.460048503105057E-03,  5.107387540293020E+00,  3.491825261537181E+02,  7.290220301883178E+01,  2.460877099601894E+06,  1.320388310389958E+01,  1.849069289392569E+01,  2.010276446899229E+01,  2.568305792195073E-03,  2.676563081285090E-03,  2.726470669023714E+01,
2460879.500000000, A.D. 2025-Jul-23 00:00:00.0000,  4.554865926686116E-02,  2.459271568571431E-03,  5.109431522720671E+00,  3.490569564494917E+02,  7.313745683747156E+01,  2.460877110866190E+06,  1.313992004784414E+01,  3.139302724007322E+01,  3.424928760344854E+01,  2.576633782799655E-03,  2.693995997027880E-03,  2.739742697742404E+01,
2460880.500000000, A.D. 2025-Jul-24 00:00:00.0000,  4.842941214891622E-02,  2.457227724216666E-03,  5.114653051032684E+00,  3.489289581311407E+02,  7.295952913673952E+01,  2.460877095486191E+06,  1.309679930610414E+01,  4.458823409861889E+01,  4.865584773189465E+01,  2.582286333340528E-03,  2.707344942464390E-03,  2.748763202259744E+01,
2460881.500000000, A.D. 2025-Jul-25 00:00:00.0000,  5.070017152187407E-02,  2.453128486081266E-03,  5.122844482838063E+00,  3.488141665713711E+02,  7.202220465014067E+01,  2.460877031246102E+06,  1.308267123647039E+01,  5.846323807698007E+01,  6.357766541224978E+01,  2.584145085135020E-03,  2.715161684188773E-03,  2.751731611174579E+01,
2460882.500000000, A.D. 2025-Jul-26 00:00:00.0000,  5.255281521060853E-02,  2.446217568332982E-03,  5.133211887290273E+00,  3.487249408437686E+02,  7.015568106942109E+01,  2.460876908763908E+06,  1.309970937930235E+01,  7.324356787116020E+01,  7.911090704380307E+01,  2.581903886153562E-03,  2.717590203974143E-03,  2.748152570230321E+01,
2460883.500000000, A.D. 2025-Jul-27 00:00:00.0000,  5.433614898418156E-02,  2.436107435607429E-03,  5.144582143704573E+00,  3.486680682827939E+02,  6.747706793098581E+01,  2.460876738675251E+06,  1.314414355337442E+01,  8.887182311536307E+01,  9.509316691444656E+01,  2.576081800092705E-03,  2.716056164577981E-03,  2.738862357506581E+01,
2460884.500000000, A.D. 2025-Jul-28 00:00:00.0000,  5.633826852132812E-02,  2.423172001672665E-03,  5.155662211526211E+00,  3.486439118322345E+02,  6.438092046074193E+01,  2.460876549505651E+06,  1.320747870622954E+01,  1.050059848153626E+02,  1.111183911275446E+02,  2.567839640880289E-03,  2.712507280087913E-03,  2.725728414994148E+01,
2460885.500000000, A.D. 2025-Jul-29 00:00:00.0000,  5.859821500382437E-02,  2.408751377437697E-03,  5.165289987243034E+00,  3.486469176241649E+02,  6.137197102552216E+01,  2.460876374097144E+06,  1.327841781029727E+01,  1.211775510243527E+02,  1.267038471321565E+02,  2.558685797953402E-03,  2.708620218469108E-03,  2.711166384001141E+01,
2460886.500000000, A.D. 2025-Jul-30 00:00:00.0000,  6.086571856094242E-02,  2.394952704019741E-03,  5.172632365355707E+00,  3.486671331775930E+02,  5.883547980514728E+01,  2.460876232806046E+06,  1.334497905969229E+01,  1.370154883264056E+02,  1.415150451373971E+02,  2.550170674581167E-03,  2.705388645142593E-03,  2.697643798388252E+01,
2460887.500000000, A.D. 2025-Jul-31 00:00:00.0000,  6.271824106263182E-02,  2.384105975537569E-03,  5.177305644108997E+00,  3.486923003945788E+02,  5.690648162676747E+01,  2.460876125669366E+06,  1.339641771205329E+01,  1.523752843666586E+02,  1.554892645803789E+02,  2.543638508702570E-03,  2.703171041867572E-03,  2.687285569455585E+01,
2460888.500000000, A.D. 2025-Aug-01 00:00:00.0000,  6.373984095143889E-02,  2.378158223030247E-03,  5.179410038700038E+00,  3.487101153675620E+02,  5.548470651438137E+01,  2.460876035973147E+06,  1.342472703271117E+01,  1.673261582332583E+02,  1.688126258029552E+02,  2.540061328089578E-03,  2.701964433148909E-03,  2.681618770518098E+01,
2460889.500000000, A.D. 2025-Aug-02 00:00:00.0000,  6.366752114666305E-02,  2.378235559554402E-03,  5.179482512977389E+00,  3.487103142751305E+02,  5.432200636045567E+01,  2.460902753090970E+06,  1.342562762021696E+01,  1.820689358242222E+02,  1.818250014017976E+02,  2.539947735730439E-03,  2.701659911906475E-03,  2.681438888249027E+01,
2460890.500000000, A.D. 2025-Aug-03 00:00:00.0000,  6.246824799207812E-02,  2.384431462033546E-03,  5.178381590787158E+00,  3.486863120309532E+02,  5.311234815710856E+01,  2.460902675982593E+06,  1.339903371750593E+01,  1.968535986944564E+02,  1.949232363254640E+02,  2.543307420710587E-03,  2.702183379387629E-03,  2.686760908211295E+01,
2460891.500000000, A.D. 2025-Aug-04 00:00:00.0000,  6.034612285936126E-02,  2.395794663623411E-03,  5.177125319753245E+00,  3.486361854505804E+02,  5.157078422041987E+01,  2.460902593773460E+06,  1.334901566976204E+01,  2.119090442440162E+02,  2.084763712187209E+02,  2.549656551105606E-03,  2.703518438587800E-03,  2.696828057633236E+01,
2460892.500000000, A.D. 2025-Aug-05 00:00:00.0000,  5.768336235362636E-02,  2.410503766648767E-03,  5.176709019856980E+00,  3.485628703033512E+02,  4.951840603696623E+01,  2.460902484962260E+06,  1.328328022528964E+01,  2.273669482635442E+02,  2.227357506733250E+02,  2.558061346204698E-03,  2.705618925760629E-03,  2.710173947204747E+01,
2460893.500000000, A.D. 2025-Aug-06 00:00:00.0000,  5.491679564525075E-02,  2.426245379250185E-03,  5.177931920172953E+00,  3.484735429674642E+02,  4.697696065156608E+01,  2.460902342220091E+06,  1.321218826199815E+01,  2.431749235032397E+02,  2.377361992927928E+02,  2.567229391095456E-03,  2.708213402940727E-03,  2.724756814398853E+01,
2460894.500000000, A.D. 2025-Aug-07 00:00:00.0000,  5.237163617756711E-02,  2.440771930976791E-03,  5.181260422653037E+00,  3.483782787214942E+02,  4.422635547318316E+01,  2.460902178765128E+06,  1.314734453809884E+01,  2.590446292318557E+02,  2.532350448871898E+02,  2.575663650601898E-03,  2.710555370227004E-03,  2.738195526532215E+01,
2460895.500000000, A.D. 2025-Aug-08 00:00:00.0000,  5.012265543452080E-02,  2.452475207205902E-03,  5.186750431460363E+00,  3.482882011813226E+02,  4.174166587681862E+01,  2.460902025482768E+06,  1.309984398418866E+01,  2.745171938206816E+02,  2.687726583779631E+02,  2.581886199557465E-03,  2.711297191909029E-03,  2.748124332125752E+01,
2460896.500000000, A.D. 2025-Aug-09 00:00:00.0000,  4.797873069336200E-02,  2.460702748381350E-03,  5.194042606246003E+00,  3.482134355623498E+02,  3.999588649501681E+01,  2.460901916665340E+06,  1.307835172241787E+01,  2.891589455196180E+02,  2.838688669337884E+02,  2.584714047590021E-03,  2.708725346798691E-03,  2.752640452259106E+01,
2460897.500000000, A.D. 2025-Aug-10 00:00:00.0000,  4.562033362594529E-02,  2.465671961955709E-03,  5.202433477541271E+00,  3.481612302768021E+02,  3.925427391172244E+01,  2.460901873598995E+06,  1.308731601788619E+01,  3.027613278189650E+02,  2.982301350517723E+02,  2.583533627998866E-03,  2.701395294042023E-03,  2.750755002079836E+01,
2460898.500000000, A.D. 2025-Aug-11 00:00:00.0000,  4.280538031808524E-02,  2.468118603620813E-03,  5.211012937925291E+00,  3.481346036575019E+02,  3.949687076682789E+01,  2.460901897233994E+06,  1.312571900011084E+01,  3.154088612192437E+02,  3.118313964012846E+02,  2.578491931391124E-03,  2.688865259161434E-03,  2.742706894738185E+01,
2460899.500000000, A.D. 2025-Aug-12 00:00:00.0000,  3.952329087405692E-02,  2.468929710529465E-03,  5.218845657857972E+00,  3.481318002957310E+02,  4.047424497712753E+01,  2.460901971303193E+06,  1.318678531350402E+01,  3.274114553461060E+02,  3.248671910661257E+02,  2.570525330881006E-03,  2.672120951232546E-03,  2.730005770484028E+01,
2460900.500000000, A.D. 2025-Aug-13 00:00:00.0000,  3.603446465232334E-02,  2.468901634862787E-03,  5.225162361326139E+00,  3.481467059245653E+02,  4.182871081224069E+01,  2.460902070942851E+06,  1.325892600765859E+01,  3.391709849799943E+02,  3.376384801315592E+02,  2.561192848012269E-03,  2.653484061161750E-03,  2.715152040158137E+01,
2460901.500000000, A.D. 2025-Aug-14 00:00:00.0000,  3.279842076103313E-02,  2.468637262714945E-03,  5.229520005679768E+00,  3.481701816460242E+02,  4.325198651120468E+01,  2.460902174236484E+06,  1.332788825616109E+01,  3.510138514841770E+02,  3.504020822972644E+02,  2.552350322522601E-03,  2.636063382330256E-03,  2.701103078603488E+01,
2460902.500000000, A.D. 2025-Aug-15 00:00:00.0000,  3.032615604310534E-02,  2.468553609135327E-03,  5.231891896683070E+00,  3.481920652908772E+02,  4.467651550258190E+01,  2.460902276166792E+06,  1.337970211765959E+01,  2.994821642129077E+00,  3.183513171170968E+00,  2.545756621692544E-03,  2.622959634249760E-03,  2.690642862107099E+01,
2460903.500000000, A.D. 2025-Aug-16 00:00:00.0000,  2.900851609376491E-02,  2.468954188191364E-03,  5.232662384368088E+00,  3.482033997780243E+02,  4.639774100930645E+01,  2.460902397587687E+06,  1.340372014359371E+01,  1.477642612613745E+01,  1.565496301998208E+01,  2.542714564559232E-03,  2.616474940927099E-03,  2.685821519274717E+01,
2460904.500000000, A.D. 2025-Aug-17 00:00:00.0000,  2.899279176970478E-02,  2.470069479282155E-03,  5.232524716166506E+00,  3.481983511921472E+02,  4.890311770702135E+01,  2.460902573295857E+06,  1.339496842594738E+01,  2.580814115611880E+01,  2.730309034699311E+01,  2.543821980254883E-03,  2.617574481227610E-03,  2.687576323828016E+01,
2460905.500000000, A.D. 2025-Aug-18 00:00:00.0000,  3.016844958685851E-02,  2.471973380517103E-03,  5.232308230303828E+00,  3.481753303690223E+02,  5.242892812721990E+01,  2.460902820701790E+06,  1.335520459675451E+01,  3.578257576844897E+01,  3.786719521234799E+01,  2.548868800426280E-03,  2.625764220335457E-03,  2.695578322233152E+01,
2460906.500000000, A.D. 2025-Aug-19 00:00:00.0000,  3.224340156685018E-02,  2.474443507216596E-03,  5.232782151061520E+00,  3.481370439329213E+02,  5.669789159115441E+01,  2.460903121186672E+06,  1.329243865428021E+01,  4.491266888569081E+01,  4.759688368868139E+01,  2.556886216247819E-03,  2.639328925279042E-03,  2.708306649841703E+01,
2460907.500000000, A.D. 2025-Aug-20 00:00:00.0000,  3.484314152926507E-02,  2.476916839014373E-03,  5.234488822148831E+00,  3.480895154817155E+02,  6.107670384494483E+01,  2.460903431087957E+06,  1.321908760896750E+01,  5.378730477049231E+01,  5.709190520855776E+01,  2.566336049187882E-03,  2.655755259361390E-03,  2.723334700919789E+01,
2460908.500000000, A.D. 2025-Aug-21 00:00:00.0000,  3.760804441584266E-02,  2.478555339983283E-03,  5.237646781249637E+00,  3.480404172813764E+02,  6.488349822919356E+01,  2.460903703352581E+06,  1.314927517008185E+01,  6.307243680516954E+01,  6.699518673664674E+01,  2.575411531239200E-03,  2.672267722495118E-03,  2.737793493128026E+01,
2460909.500000000, A.D. 2025-Aug-22 00:00:00.0000,  4.029172686069277E-02,  2.478347472094281E-03,  5.242139459801342E+00,  3.479972182292485E+02,  6.758682333584936E+01,  2.460903901746685E+06,  1.309595976010846E+01,  7.331450014249369E+01,  7.779745809837972E+01,  2.582396694348944E-03,  2.686445916603609E-03,  2.748939417915701E+01,
2460910.500000000, A.D. 2025-Aug-23 00:00:00.0000,  4.283608557976711E-02,  2.475232880128339E-03,  5.247579318989030E+00,  3.479656319284350E+02,  6.889269425030785E+01,  2.460904007346019E+06,  1.306854221788225E+01,  8.484952266323914E+01,  8.975595912212148E+01,  2.586007310594885E-03,  2.696781741061431E-03,  2.754706638261431E+01,
2460911.500000000, A.D. 2025-Aug-24 00:00:00.0000,  4.537593362612505E-02,  2.468304964780480E-03,  5.253419584544811E+00,  3.479486782201906E+02,  6.879439072056084E+01,  2.460904022254492E+06,  1.307140018086491E+01,  9.774460398413780E+01,  1.028510187609187E+02,  2.585630356205348E-03,  2.702955747630216E-03,  2.754104342448335E+01,
2460912.500000000, A.D. 2025-Aug-25 00:00:00.0000,  4.814319793915004E-02,  2.457127873529359E-03,  5.259080386705150E+00,  3.479464485803984E+02,  6.758773079333918E+01,  2.460903970131748E+06,  1.310350734336018E+01,  1.117711912727480E+02,  1.167761887736903E+02,  2.581404963655741E-03,  2.705682053782124E-03,  2.747356036568480E+01,
2460913.500000000, A.D. 2025-Aug-26 00:00:00.0000,  5.129997145727001E-02,  2.442085515295986E-03,  5.264060974593887E+00,  3.479564816936507E+02,  6.578713321718348E+01,  2.460903888563592E+06,  1.315902877302127E+01,  1.264771682401949E+02,  1.310254866414201E+02,  2.574138760222450E-03,  2.706192005148914E-03,  2.735764213374731E+01,
2460914.500000000, A.D. 2025-Aug-27 00:00:00.0000,  5.479635554538533E-02,  2.424545422136785E-03,  5.268019620318303E+00,  3.479745541599086E+02,  6.392765186262324E+01,  2.460903812971648E+06,  1.322861453239360E+01,  1.413745785610614E+02,  1.450921620848647E+02,  2.565103759767829E-03,  2.705662097398872E-03,  2.721373422125568E+01,
2460915.500000000, A.D. 2025-Aug-28 00:00:00.0000,  5.834590189418284E-02,  2.406661567730522E-03,  5.270813128020539E+00,  3.479956669287660E+02,  6.236415342689170E+01,  2.460903761597198E+06,  1.330106251808496E+01,  1.561332295262795E+02,  1.586680913847597E+02,  2.555780909966450E-03,  2.704900252202378E-03,  2.706550694807436E+01,
2460916.500000000, A.D. 2025-Aug-29 00:00:00.0000,  6.152304871035107E-02,  2.390878702735319E-03,  5.272496037833232E+00,  3.480150301074475E+02,  6.119136178500391E+01,  2.460903731090340E+06,  1.336505864791126E+01,  1.706572264734872E+02,  1.717207430671021E+02,  2.547615793280580E-03,  2.704352883825841E-03,  2.693590873664158E+01,
2460917.500000000, A.D. 2025-Aug-30 00:00:00.0000,  6.391152824844963E-02,  2.379370395559226E-03,  5.273285329846778E+00,  3.480288884399339E+02,  6.028627707462348E+01,  2.460930545987921E+06,  1.341077981829700E+01,  1.850431284791567E+02,  1.844469241561597E+02,  2.541822132588703E-03,  2.704273869618181E-03,  2.684407654719928E+01,
2460918.500000000, A.D. 2025-Aug-31 00:00:00.0000,  6.523494856506336E-02,  2.373595174071962E-03,  5.273500352783656E+00,  3.480350730493532E+02,  5.939676702682561E+01,  2.460930450092975E+06,  1.343122091508603E+01,  1.994956612984736E+02,  1.971800236272201E+02,  2.539242529904504E-03,  2.704889885737046E-03,  2.680322230391176E+01,
2460919.500000000, A.D. 2025-Sep-01 00:00:00.0000,  6.543808564767546E-02,  2.374029494768403E-03,  5.273490369171155E+00,  3.480332114241352E+02,  5.822556570335641E+01,  2.460930358016768E+06,  1.342315854914344E+01,  2.142511194022602E+02,  2.103017124139622E+02,  2.540259193435747E-03,  2.706488892103090E-03,  2.681932115172492E+01,
2460920.500000000, A.D. 2025-Sep-02 00:00:00.0000,  6.470828295567722E-02,  2.380078395260988E-03,  5.273563451161288E+00,  3.480245809700837E+02,  5.650818261750940E+01,  2.460930247090288E+06,  1.338768566418523E+01,  2.295090190932681E+02,  2.241594780770234E+02,  2.544744438432997E-03,  2.709410481605007E-03,  2.689038337395931E+01,
2460921.500000000, A.D. 2025-Sep-03 00:00:00.0000,  6.342584868533049E-02,  2.390182993962810E-03,  5.273929966951329E+00,  3.480116512781868E+02,  5.410142194361129E+01,  2.460930100431289E+06,  1.333024988489957E+01,  2.453541017968959E+02,  2.389729681642601E+02,  2.552048858713118E-03,  2.713914723463426E-03,  2.700624542738737E+01,
2460922.500000000, A.D. 2025-Sep-04 00:00:00.0000,  6.203304665444140E-02,  2.402169931516264E-03,  5.274671143603399E+00,  3.479974183249377E+02,  5.107562941606218E+01,  2.460929915155822E+06,  1.326012090921061E+01,  2.616741372324572E+02,  2.547356957841814E+02,  2.561038982181791E-03,  2.719908032847316E-03,  2.714907371243805E+01,
2460923.500000000, A.D. 2025-Sep-05 00:00:00.0000,  6.084319569632324E-02,  2.413828815269369E-03,  5.275738292074464E+00,  3.479846769050708E+02,  4.774948324315542E+01,  2.460929707103750E+06,  1.318922358615928E+01,  2.781331208170420E+02,  2.711732689945401E+02,  2.570208514923197E-03,  2.726588214577026E-03,  2.729501078272587E+01,
2460924.500000000, A.D. 2025-Sep-06 00:00:00.0000,  5.987877835753652E-02,  2.423526738078992E-03,  5.276981968111730E+00,  3.479753935925548E+02,  4.458770679246035E+01,  2.460929505363096E+06,  1.313033566910047E+01,  2.942779024030805E+02,  2.878384208972357E+02,  2.577887491833133E-03,  2.732248245587275E-03,  2.741742550018623E+01,
2460925.500000000, A.D. 2025-Sep-07 00:00:00.0000,  5.885926250143894E-02,  2.430543372455604E-03,  5.278203724391711E+00,  3.479703250783180E+02,  4.198286877921262E+01,  2.460929336962431E+06,  1.309479075545033E+01,  3.097557798265321E+02,  3.043232640004023E+02,  2.582550383395046E-03,  2.734557394334487E-03,  2.749184822599478E+01,
2460926.500000000, A.D. 2025-Sep-08 00:00:00.0000,  5.737238738672248E-02,  2.434971676836013E-03,  5.279217407706790E+00,  3.479689757564026E+02,  4.007265780210671E+01,  2.460929212668676E+06,  1.309004480170967E+01,  3.244910454915436E+02,  3.204397330461597E+02,  2.583174568889894E-03,  2.731377460943775E-03,  2.750181572739773E+01,
2460927.500000000, A.D. 2025-Sep-09 00:00:00.0000,  5.512471598386727E-02,  2.437347423590777E-03,  5.279903513201710E+00,  3.479699087705470E+02,  3.871100450780775E+01,  2.460929123564855E+06,  1.311768938445651E+01,  3.387025805386828E+02,  3.362520724009335E+02,  2.579544057106654E-03,  2.721740690622530E-03,  2.744385763750233E+01,
2460928.500000000, A.D. 2025-Sep-10 00:00:00.0000,  5.212487669881421E-02,  2.438287960570054E-03,  5.280240463394533E+00,  3.479713278613414E+02,  3.757619864565795E+01,  2.460929048019210E+06,  1.317258362857826E+01,  3.527811711299613E+02,  3.519789127223012E+02,  2.572372563253031E-03,  2.706457165936008E-03,  2.732949056546285E+01,
2460929.500000000, A.D. 2025-Sep-11 00:00:00.0000,  4.871282414918403E-02,  2.438311155053030E-03,  5.280302102278573E+00,  3.479717565250596E+02,  3.635276942691338E+01,  2.460928964432896E+06,  1.324358436763184E+01,  7.092828128683312E+00,  7.826271072083185E+00,  2.563170425242245E-03,  2.688029695431460E-03,  2.718297328024449E+01,
2460930.500000000, A.D. 2025-Sep-12 00:00:00.0000,  4.542563213856588E-02,  2.437873990589919E-03,  5.280220931503971E+00,  3.479705914566572E+02,  3.494832393857146E+01,  2.460928866570854E+06,  1.331586978394079E+01,  2.175052981605751E+01,  2.378617962169221E+01,  2.553885870675087E-03,  2.669897750760255E-03,  2.703541006642821E+01,
2460931.500000000, A.D. 2025-Sep-13 00:00:00.0000,  4.275756358395393E-02,  2.437565478015870E-03,  5.280128769958379E+00,  3.479683319181512E+02,  3.366709958114240E+01,  2.460928775686638E+06,  1.337427494270164E+01,  3.643571592754048E+01,  3.947479056661388E+01,  2.546445273720012E-03,  2.655325069424154E-03,  2.691734703692871E+01,
2460932.500000000, A.D. 2025-Sep-14 00:00:00.0000,  4.094369078802578E-02,  2.438246282116998E-03,  5.280095606223287E+00,  3.479663917201191E+02,  3.316790365520293E+01,  2.460928737452296E+06,  1.340669013254698E+01,  5.044331118307166E+01,  5.417970766738610E+01,  2.542339025036421E-03,  2.646431767955843E-03,  2.685226528254277E+01,
2460933.500000000, A.D. 2025-Sep-15 00:00:00.0000,  3.991610578639058E-02,  2.440870193386552E-03,  5.280088926120131E+00,  3.479665510819273E+02,  3.412937557041051E+01,  2.460928798836747E+06,  1.340659586489570E+01,  6.302659582922693E+01,  6.719368165780834E+01,  2.542350942555737E-03,  2.643831691724922E-03,  2.685245409258860E+01,
2460934.500000000, A.D. 2025-Sep-16 00:00:00.0000,  3.945145254806598E-02,  2.445997894930322E-03,  5.279968564152675E+00,  3.479702384191715E+02,  3.686573234870360E+01,  2.460928982190349E+06,  1.337416351340266E+01,  7.379608850844011E+01,  7.819351378415277E+01,  2.546459417817943E-03,  2.646920940705564E-03,  2.691757130374792E+01,
2460935.500000000, A.D. 2025-Sep-17 00:00:00.0000,  3.935685164477510E-02,  2.453378396104818E-03,  5.279519254001814E+00,  3.479778894613607E+02,  4.118780134166830E+01,  2.460929276278798E+06,  1.331582555398476E+01,  8.287398581643886E+01,  8.737195667425267E+01,  2.553891526010877E-03,  2.654404655916935E-03,  2.703549986746936E+01,
2460936.500000000, A.D. 2025-Sep-18 00:00:00.0000,  3.955254457810129E-02,  2.461910708894551E-03,  5.278510191591305E+00,  3.479885933984701E+02,  4.650751591924269E+01,  2.460929643158781E+06,  1.324261450597703E+01,  9.080250498525292E+01,  9.532660695312057E+01,  2.563295571242989E-03,  2.664680433591426E-03,  2.718496410489897E+01,
2460937.500000000, A.D. 2025-Sep-19 00:00:00.0000,  4.005113854718827E-02,  2.469945377903633E-03,  5.276763114083489E+00,  3.480001292910178E+02,  5.203869781102364E+01,  2.460930030949414E+06,  1.316778996958122E+01,  9.835088938763946E+01,  1.028543251450261E+02,  2.572996830441106E-03,  2.676048282978579E-03,  2.733943971096383E+01,
2460938.500000000, A.D. 2025-Sep-20 00:00:00.0000,  4.091256916728452E-02,  2.475690909942420E-03,  5.274209631355582E+00,  3.480093726489367E+02,  5.701320556211760E+01,  2.460930388091510E+06,  1.310431830859751E+01,  1.063010309431663E+02,  1.107326728962879E+02,  2.581298461802312E-03,  2.686906013662205E-03,  2.747186015496972E+01,
2460939.500000000, A.D. 2025-Sep-21 00:00:00.0000,  4.222723257577132E-02,  2.477547695343912E-03,  5.270923480225010E+00,  3.480129578882015E+02,  6.087621233905185E+01,  2.460930677285617E+06,  1.306268513194783E+01,  1.152483399965620E+02,  1.195245417181363E+02,  2.586780267314205E-03,  2.696012839284498E-03,  2.755941801885253E+01,
2460940.500000000, A.D. 2025-Sep-22 00:00:00.0000,  4.411306502109251E-02,  2.474352114890226E-03,  5.267120912544179E+00,  3.480080372819303E+02,  6.341663894320875E+01,  2.460930885492561E+06,  1.304936271222127E+01,  1.254631948654439E+02,  1.294494308997178E+02,  2.588540573519634E-03,  2.702729032149041E-03,  2.758755411579180E+01,
2460941.500000000, A.D. 2025-Sep-23 00:00:00.0000,  4.668028934379580E-02,  2.465602093767378E-03,  5.263129725955157E+00,  3.479929755309232E+02,  6.478622350328335E+01,  2.460931025444976E+06,  1.306607483105491E+01,  1.368613197691478E+02,  1.403671218788654E+02,  2.586332860012110E-03,  2.707063626256842E-03,  2.755226834797906E+01,
2460942.500000000, A.D. 2025-Sep-24 00:00:00.0000,  4.995128444468212E-02,  2.451670321513219E-03,  5.259333015332609E+00,  3.479678440643126E+02,  6.538404061083321E+01,  2.460931126243552E+06,  1.310984254546704E+01,  1.491081561887560E+02,  1.518961337153923E+02,  2.580573271003456E-03,  2.709476220493693E-03,  2.746028403861163E+01,
2460943.500000000, A.D. 2025-Sep-25 00:00:00.0000,  5.378368184141062E-02,  2.433885464298685E-03,  5.256097408626471E+00,  3.479346159750901E+02,  6.565078215262871E+01,  2.460931216832068E+06,  1.317368310927082E+01,  1.618145619103720E+02,  1.636220130503578E+02,  2.572229433788687E-03,  2.710573403278689E-03,  2.732720963559950E+01,
2460944.500000000, A.D. 2025-Sep-26 00:00:00.0000,  5.785904369722736E-02,  2.414358074711101E-03,  5.253697822253113E+00,  3.478970052773190E+02,  6.588675094271225E+01,  2.460931312041000E+06,  1.324777890974026E+01,  1.747111651009634E+02,  1.752811461873519E+02,  2.562629358759356E-03,  2.710900642807611E-03,  2.717436654496964E+01,
2460945.500000000, A.D. 2025-Sep-27 00:00:00.0000,  6.175111992544725E-02,  2.395574304600038E-03,  5.252251973462150E+00,  3.478599441883968E+02,  6.618060972919915E+01,  2.460958433396343E+06,  1.332092491959103E+01,  1.877151983601925E+02,  1.868329368374212E+02,  2.553239716534153E-03,  2.710905128468269E-03,  2.702515044361143E+01,
2460946.500000000, A.D. 2025-Sep-28 00:00:00.0000,  6.503800522085598E-02,  2.379903356819315E-03,  5.251677845651480E+00,  3.478287513402126E+02,  6.643811652519561E+01,  2.460958388953390E+06,  1.338208307718841E+01,  2.009010380309453E+02,  1.984311218574748E+02,  2.545454649610109E-03,  2.711005942400903E-03,  2.690164139047000E+01,
2460947.500000000, A.D. 2025-Sep-29 00:00:00.0000,  6.741483197844869E-02,  2.369156159429746E-03,  5.251685401620301E+00,  3.478081084520520E+02,  6.645099760599737E+01,  2.460958345383190E+06,  1.342189980400564E+01,  2.144343534900181E+02,  2.103540273657747E+02,  2.540418012926190E-03,  2.711679866422634E-03,  2.682183634633909E+01,
2460948.500000000, A.D. 2025-Sep-30 00:00:00.0000,  6.877893807957063E-02,  2.364262712432393E-03,  5.251809476414299E+00,  3.478010210672873E+02,  6.596854690884126E+01,  2.460958288033843E+06,  1.343406215899836E+01,  2.285069449471225E+02,  2.229309482818849E+02,  2.538884491676600E-03,  2.713506270920806E-03,  2.679755354257206E+01,
2460949.500000000, A.D. 2025-Oct-01 00:00:00.0000,  6.926794197145597E-02,  2.365098245224629E-03,  5.251483922403253E+00,  3.478079735287430E+02,  6.477117521812042E+01,  2.460958200391690E+06,  1.341636911709289E+01,  2.432723336238884E+02,  2.364649705407591E+02,  2.541116129849796E-03,  2.717134014474963E-03,  2.683289322603299E+01,
2460950.500000000, A.D. 2025-Oct-02 00:00:00.0000,  6.922750031840655E-02,  2.370503846252660E-03,  5.250148566284835E+00,  3.478264850510197E+02,  6.275720462848981E+01,  2.460958070670524E+06,  1.337137553253039E+01,  2.587697213898790E+02,  2.511403284660985E+02,  2.546813369608129E-03,  2.723122892963598E-03,  2.692318371615383E+01,
2460951.500000000, A.D. 2025-Oct-03 00:00:00.0000,  6.908685761366820E-02,  2.378569315527486E-03,  5.247371920009708E+00,  3.478512272781810E+02,  6.002999423012379E+01,  2.460957899325121E+06,  1.330643730291975E+01,  2.748477814917451E+02,  2.669266828932065E+02,  2.555092636709572E-03,  2.731615957891658E-03,  2.705457454949322E+01,
2460952.500000000, A.D. 2025-Oct-04 00:00:00.0000,  6.915730053241841E-02,  2.387183674359525E-03,  5.242965616110682E+00,  3.478747782913890E+02,  5.692240515305638E+01,  2.460957702949669E+06,  1.323297400856214E+01,  2.911495022573083E+02,  2.835433150595797E+02,  2.564540362968881E-03,  2.741897051578237E-03,  2.720476891793703E+01,
2460953.500000000, A.D. 2025-Oct-05 00:00:00.0000,  6.944804816701634E-02,  2.394667566180751E-03,  5.237062810400741E+00,  3.478889710962482E+02,  5.388657051531565E+01,  2.460957508548738E+06,  1.316481789751160E+01,  3.072281858330669E+02,  3.005564405503213E+02,  2.573384066804417E-03,  2.752100567428082E-03,  2.734561182711435E+01,
2460954.500000000, A.D. 2025-Oct-06 00:00:00.0000,  6.963844395066149E-02,  2.400152076478360E-03,  5.230133974124727E+00,  3.478866518040603E+02,  5.128106304781829E+01,  2.460957339288455E+06,  1.311569359350643E+01,  3.227607625986032E+02,  3.175804480990471E+02,  2.579805733450874E-03,  2.759459390423388E-03,  2.744803371879895E+01,
2460955.500000000, A.D. 2025-Oct-07 00:00:00.0000,  6.925712387750313E-02,  2.403518596174918E-03,  5.222921767132763E+00,  3.478635054747022E+02,  4.920568596292385E+01,  2.460957202234826E+06,  1.309619457425942E+01,  3.377072015105732E+02,  3.344373152552800E+02,  2.582365826089423E-03,  2.761213056003928E-03,  2.748890129561608E+01,
2460956.500000000, A.D. 2025-Oct-08 00:00:00.0000,  6.796188680303833E-02,  2.405050657643796E-03,  5.216294083250716E+00,  3.478194753687238E+02,  4.749228633831251E+01,  2.460957086681355E+06,  1.311100349370862E+01,  3.523080187069821E+02,  3.511702792737997E+02,  2.580420932996280E-03,  2.755791208348763E-03,  2.745785249563451E+01,
2460957.500000000, A.D. 2025-Oct-09 00:00:00.0000,  6.574982072006562E-02,  2.405098846500264E-03,  5.211039835746289E+00,  3.477592753088774E+02,  4.583040820004872E+01,  2.460956972290392E+06,  1.315731151878116E+01,  6.943239705761709E+00,  7.934578038350010E+00,  2.574362734780500E-03,  2.743626623060735E-03,  2.736121277406290E+01,
2460958.500000000, A.D. 2025-Oct-10 00:00:00.0000,  6.298279684975173E-02,  2.403963848848778E-03,  5.207657907977156E+00,  3.476916631584871E+02,  4.395819834159131E+01,  2.460956842096027E+06,  1.322516854793084E+01,  2.192605947562852E+01,  2.483140929684939E+01,  2.565549320510510E-03,  2.727134792172242E-03,  2.722082510293028E+01,
2460959.500000000, A.D. 2025-Oct-11 00:00:00.0000,  6.021261215656323E-02,  2.402040525092637E-03,  5.206202525526491E+00,  3.476275140900888E+02,  4.185514301231031E+01,  2.460956695548155E+06,  1.329981778657896E+01,  3.729869852479158E+01,  4.174086510839690E+01,  2.555940371369193E-03,  2.709840217645749E-03,  2.706804001204297E+01,
2460960.500000000, A.D. 2025-Oct-12 00:00:00.0000,  5.789496914976432E-02,  2.400095292883607E-03,  5.206237283206890E+00,  3.475771707933593E+02,  3.983984440160190E+01,  2.460956554681466E+06,  1.336527885116244E+01,  5.273028235842660E+01,  5.824273953269768E+01,  2.547587810583664E-03,  2.695080328283722E-03,  2.693546494682295E+01,
2460961.500000000, A.D. 2025-Oct-13 00:00:00.0000,  5.616762205202459E-02,  2.399383671060662E-03,  5.206916616259501E+00,  3.475478343878031E+02,  3.846292738626428E+01,  2.460956456186071E+06,  1.340801621960009E+01,  6.762753897673144E+01,  7.373104080358952E+01,  2.542171393057378E-03,  2.684959115054094E-03,  2.684960952491578E+01,
2460962.500000000, A.D. 2025-Oct-14 00:00:00.0000,  5.484517685256257E-02,  2.401355151989065E-03,  5.207172247775834E+00,  3.475417432760495E+02,  3.823393407525239E+01,  2.460956432931299E+06,  1.341966290780942E+01,  8.141801680501806E+01,  8.768411879314229E+01,  2.540700309809952E-03,  2.680045467630840E-03,  2.682630722344762E+01,
2460963.500000000, A.D. 2025-Oct-15 00:00:00.0000,  5.360972557592273E-02,  2.407052739310905E-03,  5.205951356667200E+00,  3.475555915011545E+02,  3.939847873320858E+01,  2.460956500100556E+06,  1.339827111977642E+01,  9.378655055957586E+01,  9.987786192599012E+01,  2.543403925801868E-03,  2.679755112292830E-03,  2.686913832252763E+01,
2460964.500000000, A.D. 2025-Oct-16 00:00:00.0000,  5.222871028334811E-02,  2.416602572598152E-03,  5.202443812367544E+00,  3.475812288929499E+02,  4.190176514640349E+01,  2.460956654273613E+06,  1.334809351199526E+01,  1.047254894840839E+02,  1.104100115410056E+02,  2.549773979037310E-03,  2.682945385476470E-03,  2.697014368954533E+01,
2460965.500000000, A.D. 2025-Oct-17 00:00:00.0000,  5.066760878455724E-02,  2.429064529204334E-03,  5.196247182546843E+00,  3.476073459509428E+02,  4.547144518430141E+01,  2.460956879663749E+06,  1.327824379424756E+01,  1.144629263295757E+02,  1.196057038577705E+02,  2.558708152888759E-03,  2.688351776573183E-03,  2.711201914789066E+01,
2460966.500000000, A.D. 2025-Oct-18 00:00:00.0000,  4.908459642068162E-02,  2.442632650113033E-03,  5.187441459910173E+00,  3.476216771546535E+02,  4.971072970785523E+01,  2.460957153812516E+06,  1.320071194756095E+01,  1.233763287787532E+02,  1.279150721279048E+02,  2.568717091887224E-03,  2.694801533661415E-03,  2.727125638602514E+01,
2460967.500000000, A.D. 2025-Oct-19 00:00:00.0000,  4.775843897236050E-02,  2.455039530458596E-03,  5.176569859061074E+00,  3.476132529119507E+02,  5.417120797994067E+01,  2.460957451272253E+06,  1.312818633644405E+01,  1.319215703067276E+02,  1.358341615923599E+02,  2.578168850148872E-03,  2.701298169839148E-03,  2.742191425182887E+01,
2460968.500000000, A.D. 2025-Oct-20 00:00:00.0000,  4.700125734900369E-02,  2.464021879413884E-03,  5.164540191697831E+00,  3.475743258786221E+02,  5.842971090749462E+01,  2.460957747785051E+06,  1.307204154115814E+01,  1.405534004741893E+02,  1.438248852197406E+02,  2.585545782106292E-03,  2.707069684798701E-03,  2.753969216411357E+01,
2460969.500000000, A.D. 2025-Oct-21 00:00:00.0000,  4.708389286369917E-02,  2.467749423466342E-03,  5.152470946392057E+00,  3.475017191968152E+02,  6.218367646914010E+01,  2.460958026425314E+06,  1.304073833457907E+01,  1.496238852470376E+02,  1.522192516405651E+02,  2.589681720127926E-03,  2.711614016789509E-03,  2.760579890215395E+01,
2460970.500000000, A.D. 2025-Oct-22 00:00:00.0000,  4.817747262059141E-02,  2.465164736943622E-03,  5.141508958834562E+00,  3.473974492949607E+02,  6.532941959229035E+01,  2.460958282923539E+06,  1.303877576230717E+01,  1.592957204425060E+02,  1.611429360011301E+02,  2.589941576325999E-03,  2.714718415708376E-03,  2.760995407565006E+01,
2460971.500000000, A.D. 2025-Oct-23 00:00:00.0000,  5.030654363128405E-02,  2.456202054611147E-03,  5.132644662444345E+00,  3.472685573346512E+02,  6.795831440250612E+01,  2.460958524826935E+06,  1.306624510093377E+01,  1.695367915023531E+02,  1.705225404234903E+02,  2.586310391147449E-03,  2.716418727683751E-03,  2.755190930669691E+01,
2460972.500000000, A.D. 2025-Oct-24 00:00:00.0000,  5.332152161997688E-02,  2.441840433031265E-03,  5.126548947205606E+00,  3.471261569368489E+02,  7.025400134322449E+01,  2.460986204269718E+06,  1.311896588377633E+01,  1.802141531073847E+02,  1.801927455179928E+02,  2.579376724830373E-03,  2.716913016629481E-03,  2.744118730007498E+01,
2460973.500000000, A.D. 2025-Oct-25 00:00:00.0000,  5.690956772228616E-02,  2.423949756232746E-03,  5.123453571662023E+00,  3.469837901859474E+02,  7.235944720381239E+01,  2.460986296919435E+06,  1.318913628051906E+01,  1.912196856053263E+02,  1.900338584596542E+02,  2.570219857260688E-03,  2.716489958288630E-03,  2.729519146236559E+01,
2460974.500000000, A.D. 2025-Oct-26 00:00:00.0000,  6.065182813997311E-02,  2.404947920807059E-03,  5.123094231345299E+00,  3.468552847602895E+02,  7.429786846900969E+01,  2.460986368761166E+06,  1.326640175337459E+01,  2.025442460513840E+02,  2.000551282532221E+02,  2.560230586327709E-03,  2.715513251848359E-03,  2.713622025719419E+01,
2460975.500000000, A.D. 2025-Oct-27 00:00:00.0000,  6.411381013061199E-02,  2.387355023057731E-03,  5.124730330770595E+00,  3.467524084967960E+02,  7.596750922857164E+01,  2.460986424102147E+06,  1.333923164141516E+01,  2.142808709919560E+02,  2.104032519844694E+02,  2.550903142817942E-03,  2.714451262578152E-03,  2.698806120753500E+01,
2460976.500000000, A.D. 2025-Oct-28 00:00:00.0000,  6.694636079874070E-02,  2.373343211308600E-03,  5.127246983863304E+00,  3.466826953324733E+02,  7.717923573790401E+01,  2.460986458706895E+06,  1.339648507439801E+01,  2.265883317196161E+02,  2.213265141153690E+02,  2.543629981809298E-03,  2.713916752309997E-03,  2.687272056817315E+01,
2460977.500000000, A.D. 2025-Oct-29 00:00:00.0000,  6.897591448017558E-02,  2.364352393550755E-03,  5.129332607770646E+00,  3.466478390376685E+02,  7.770883230481999E+01,  2.460986462435622E+06,  1.342903583560518E+01,  2.396431308599433E+02,  2.331220171849895E+02,  2.539517967712566E-03,  2.714683541874377E-03,  2.680758353816519E+01,
2460978.500000000, A.D. 2025-Oct-30 00:00:00.0000,  7.026130572221756E-02,  2.360822637768442E-03,  5.129710985930454E+00,  3.466430027551309E+02,  7.736061103731959E+01,  2.460986423060261E+06,  1.343130110267366E+01,  2.535829919780275E+02,  2.460686539832467E+02,  2.539232423366354E-03,  2.717642208964266E-03,  2.680306228324653E+01,
2460979.500000000, A.D. 2025-Oct-31 00:00:00.0000,  7.108609698951182E-02,  2.362109141216853E-03,  5.127392414138566E+00,  3.466572770523877E+02,  7.604983106818192E+01,  2.460986332047563E+06,  1.340247548908696E+01,  2.684336499939955E+02,  2.603375732267766E+02,  2.542871985833742E-03,  2.723634830450632E-03,  2.686070944827557E+01,
2460980.500000000, A.D. 2025-Nov-01 00:00:00.0000,  7.185291128806132E-02,  2.366669258248915E-03,  5.121897612027012E+00,  3.466753535448987E+02,  7.389002395942254E+01,  2.460986191696212E+06,  1.334721399174319E+01,  2.840317126838145E+02,  2.758935147639582E+02,  2.549885990089485E-03,  2.733102721930056E-03,  2.697192089845132E+01,
2460981.500000000, A.D. 2025-Nov-02 00:00:00.0000,  7.288120288773270E-02,  2.372557808612388E-03,  5.113403486266785E+00,  3.466802790428573E+02,  7.122196857864232E+01,  2.460986019222302E+06,  1.327546196076447E+01,  3.000052362362879E+02,  2.924504980430616E+02,  2.559065586850666E-03,  2.745573365088944E-03,  2.711770039068902E+01,
2460982.500000000, A.D. 2025-Nov-03 00:00:00.0000,  7.419773632091836E-02,  2.378070583567433E-03,  5.102764457938543E+00,  3.466569189407041E+02,  6.850807584586175E+01,  2.460985841656907E+06,  1.320115754291290E+01,  3.158862607112871E+02,  3.095599235308733E+02,  2.568659288126091E-03,  2.759247992684748E-03,  2.727033586484752E+01,
2460983.500000000, A.D. 2025-Nov-04 00:00:00.0000,  7.547496113473214E-02,  2.382186707397169E-03,  5.091380150016188E+00,  3.465954946378270E+02,  6.611834427399860E+01,  2.460985682151028E+06,  1.313971933101735E+01,  3.313271479577281E+02,  3.268091340741713E+02,  2.576660022448919E-03,  2.771133337500668E-03,  2.739784548899697E+01,
2460984.500000000, A.D. 2025-Nov-05 00:00:00.0000,  7.619662934347141E-02,  2.384573867799339E-03,  5.080912616525492E+00,  3.464943245576748E+02,  6.416034102467110E+01,  2.460985547953530E+06,  1.310463445144708E+01,  3.462669520683538E+02,  3.439843538723404E+02,  2.581256946599654E-03,  2.777940025399969E-03,  2.747119740987868E+01,
2460985.500000000, A.D. 2025-Nov-06 00:00:00.0000,  7.595485324558865E-02,  2.385276322872960E-03,  5.072902119711464E+00,  3.463608389994013E+02,  6.247012474959000E+01,  2.460985428949736E+06,  1.310398862276006E+01,  9.310418538363540E-01,  1.087233345275275E+00,  2.581341757219259E-03,  2.777407191565557E-03,  2.747255132492430E+01,
2460986.500000000, A.D. 2025-Nov-07 00:00:00.0000,  7.468989017568041E-02,  2.384402876670186E-03,  5.068376490833900E+00,  3.462102453438454E+02,  6.074387232387333E+01,  2.460985306056036E+06,  1.313812146834918E+01,  1.568618082133362E+01,  1.822689937152600E+01,  2.576868934375840E-03,  2.769334992081494E-03,  2.740117762400580E+01,
2460987.500000000, A.D. 2025-Nov-08 00:00:00.0000,  7.273219704152935E-02,  2.382048690715116E-03,  5.067570525976253E+00,  3.460619410330141E+02,  5.872999743573531E+01,  2.460985163932281E+06,  1.319938164714650E+01,  3.083464938012733E+01,  3.546188360709743E+01,  2.568889681185015E-03,  2.755730671654916E-03,  2.727400492111889E+01,
2460988.500000000, A.D. 2025-Nov-09 00:00:00.0000,  7.062204042385690E-02,  2.378495602935969E-03,  5.069847407128925E+00,  3.459346391175677E+02,  5.640608149475057E+01,  2.460985002473706E+06,  1.327415215973062E+01,  4.642669620953675E+01,  5.265621680988635E+01,  2.559233924614177E-03,  2.739972246292386E-03,  2.712037617680177E+01,
2460989.500000000, A.D. 2025-Nov-10 00:00:00.0000,  6.880732650873912E-02,  2.374534837846036E-03,  5.073847699713703E+00,  3.458416989971656E+02,  5.405033292570564E+01,  2.460984840746730E+06,  1.334637350403627E+01,  6.218413439204607E+01,  6.942942986357517E+01,  2.549993041658441E-03,  2.725451245470846E-03,  2.697361945483745E+01,
2460990.500000000, A.D. 2025-Nov-11 00:00:00.0000,  6.740914222649774E-02,  2.371596808839901E-03,  5.077815147375452E+00,  3.457880237654716E+02,  5.213281287087333E+01,  2.460984708734210E+06,  1.340130872986616E+01,  7.761054078588332E+01,  8.527103747158912E+01,  2.543019577204444E-03,  2.714442345568986E-03,  2.686304802438466E+01,
2460991.500000000, A.D. 2025-Nov-12 00:00:00.0000,  6.620843155780168E-02,  2.371447157680340E-03,  5.079999051516796E+00,  3.457692157230793E+02,  5.108502067049048E+01,  2.460984631875519E+06,  1.342846934824889E+01,  9.222839906787051E+01,  9.976349998693856E+01,  2.539589387850778E-03,  2.707731618021216E-03,  2.680871443080330E+01,
2460992.500000000, A.D. 2025-Nov-13 00:00:00.0000,  6.483232468394712E-02,  2.375566486294290E-03,  5.079026373076341E+00,  3.457728934312938E+02,  5.112641583942947E+01,  2.460984620905107E+06,  1.342317379137526E+01,  1.057624600714958E+02,  1.127409473470188E+02,  2.540257270431673E-03,  2.704948054569056E-03,  2.681929069795024E+01,
2460993.500000000, A.D. 2025-Nov-14 00:00:00.0000,  6.298012982583033E-02,  2.384588096648222E-03,  5.074163980631719E+00,  3.457815323248749E+02,  5.224498744126431E+01,  2.460984672624448E+06,  1.338674253666161E+01,  1.181698037885204E+02,  1.242920600969968E+02,  2.544863959186889E-03,  2.705139821725556E-03,  2.689227786476702E+01,
2460994.500000000, A.D. 2025-Nov-15 00:00:00.0000,  6.055966868741691E-02,  2.398050526375298E-03,  5.065432844419212E+00,  3.457760080219209E+02,  5.427469978502460E+01,  2.460984776509367E+06,  1.332563996290426E+01,  1.295717353520695E+02,  1.346677910384351E+02,  2.552637401701447E-03,  2.707224277027596E-03,  2.701558806947834E+01,
2460995.500000000, A.D. 2025-Nov-16 00:00:00.0000,  5.771069171036933E-02,  2.414473306380455E-03,  5.053574367373868E+00,  3.457391044320820E+02,  5.698126349771133E+01,  2.460984920745407E+06,  1.324995948222522E+01,  1.401746947132206E+02,  1.441840716776866E+02,  2.562348193001380E-03,  2.710223079622304E-03,  2.716989440480469E+01,
2460996.500000000, A.D. 2025-Nov-17 00:00:00.0000,  5.475169957001773E-02,  2.431650601156700E-03,  5.039895607176740E+00,  3.456584448558733E+02,  6.012214752794297E+01,  2.460985095653262E+06,  1.317161011879451E+01,  1.502136089017209E+02,  1.531539826868169E+02,  2.572499310552128E-03,  2.713348019947555E-03,  2.733151047997675E+01,
2460997.500000000, A.D. 2025-Nov-18 00:00:00.0000,  5.209115211649795E-02,  2.447064081650034E-03,  5.026033458283689E+00,  3.455285011888874E+02,  6.348803667320173E+01,  2.460985295409135E+06,  1.310248344135845E+01,  1.599104497158946E+02,  1.618420329970769E+02,  2.581539445605826E-03,  2.716014809561619E-03,  2.747570730474250E+01,
2460998.500000000, A.D. 2025-Nov-19 00:00:00.0000,  5.013064370865038E-02,  2.458343229519900E-03,  5.013680930895227E+00,  3.453514901612282E+02,  6.693711659743327E+01,  2.460985519106644E+06,  1.305280367815376E+01,  1.694370525474279E+02,  1.704288334341556E+02,  2.588085628025948E-03,  2.717828026531995E-03,  2.758028151473123E+01,
2460999.500000000, A.D. 2025-Nov-20 00:00:00.0000,  4.917715322175346E-02,  2.463705898538624E-03,  5.004315872807994E+00,  3.451370845762605E+02,  7.041512051442834E+01,  2.460985770706998E+06,  1.302980408011778E+01,  1.788899979711374E+02,  1.789928302970199E+02,  2.591130310852970E-03,  2.718554723167317E-03,  2.762896493196895E+01,
2461000.500000000, A.D. 2025-Nov-21 00:00:00.0000,  4.937771543302009E-02,  2.462301472213809E-03,  4.998967372381691E+00,  3.449009815664429E+02,  7.393791268007909E+01,  2.461013670255866E+06,  1.303682743007207E+01,  1.883016470628512E+02,  1.875318263685261E+02,  2.590199611547521E-03,  2.718097750881234E-03,  2.761408033748974E+01,
2461001.500000000, A.D. 2025-Nov-22 00:00:00.0000,  5.068860442737965E-02,  2.454379075008260E-03,  4.998049289410649E+00,  3.446625010493336E+02,  7.752963379166394E+01,  2.461013915354166E+06,  1.307291235082723E+01,  1.976951631839746E+02,  1.960306046243230E+02,  2.585430962332217E-03,  2.716482849656174E-03,  2.753785769681380E+01,
2461002.500000000, A.D. 2025-Nov-23 00:00:00.0000,  5.288576610564369E-02,  2.441236742243083E-03,  5.001283733932705E+00,  3.444415320702121E+02,  8.115185431691047E+01,  2.461014138801794E+06,  1.313289482740127E+01,  2.071488401308623E+02,  2.045383597150049E+02,  2.577552585399519E-03,  2.713868428555954E-03,  2.741208276859676E+01,
2461003.500000000, A.D. 2025-Nov-24 00:00:00.0000,  5.561343818287320E-02,  2.424966643217458E-03,  5.007728820371154E+00,  3.442552722949534E+02,  8.467061871923026E+01,  2.461014340115264E+06,  1.320802286446716E+01,  2.168235097410706E+02,  2.132080585006832E+02,  2.567769111995301E-03,  2.710571580773143E-03,  2.725616117522698E+01,
2461004.500000000, A.D. 2025-Nov-25 00:00:00.0000,  5.846088278213316E-02,  2.408059343099107E-03,  5.015913786499715E+00,  3.441152765182077E+02,  8.787004208892770E+01,  2.461014513890633E+06,  1.328704915394664E+01,  2.269449429409622E+02,  2.222880203981747E+02,  2.557577586595265E-03,  2.707095830091422E-03,  2.709405194704722E+01,
2461005.500000000, A.D. 2025-Nov-26 00:00:00.0000,  6.105557581262278E-02,  2.392944544350462E-03,  5.024070495220253E+00,  3.440253171499279E+02,  9.048827204203020E+01,  2.461014650809776E+06,  1.335772958671895E+01,  2.377659575170307E+02,  2.320889037017588E+02,  2.548547584615000E-03,  2.704150624879537E-03,  2.695068781433735E+01,
2461006.500000000, A.D. 2025-Nov-27 00:00:00.0000,  6.315920856223288E-02,  2.381539459112879E-03,  5.030434305682137E+00,  3.439804637482035E+02,  9.225810038685637E+01,  2.461014739003658E+06,  1.340861075589543E+01,  2.495264069315449E+02,  2.429429180680092E+02,  2.542096246105954E-03,  2.702653033099029E-03,  2.684841901624424E+01,
2461007.500000000, A.D. 2025-Nov-28 00:00:00.0000,  6.474474397462202E-02,  2.374873958514754E-03,  5.033571130520373E+00,  3.439676313986287E+02,  9.295772284385708E+01,  2.461014766372338E+06,  1.343093217678248E+01,  2.624058459573016E+02,  2.551489961461515E+02,  2.539278922213630E-03,  2.703683885912506E-03,  2.680379851983153E+01,
2461008.500000000, A.D. 2025-Nov-29 00:00:00.0000,  6.601840394485368E-02,  2.372881065999182E-03,  5.032674019039304E+00,  3.439676518439472E+02,  9.248649375011551E+01,  2.461014725302310E+06,  1.342039470834748E+01,  2.764539858207112E+02,  2.688884902283490E+02,  2.540607947759900E-03,  2.708334829520618E-03,  2.682484441207085E+01,
2461009.500000000, A.D. 2025-Nov-30 00:00:00.0000,  6.734146418596218E-02,  2.374468558183620E-03,  5.027765739305488E+00,  3.439586928342719E+02,  9.095632163367938E+01,  2.461014619593244E+06,  1.337846037878063E+01,  2.915077246281870E+02,  2.841205683012084E+02,  2.545914144356326E-03,  2.717359730529033E-03,  2.690892597559211E+01,
2461010.500000000, A.D. 2025-Dec-01 00:00:00.0000,  6.903614609939658E-02,  2.377943440510566E-03,  5.019748376029376E+00,  3.439205802919020E+02,  8.873047921204203E+01,  2.461014468987043E+06,  1.331277877938499E+01,  3.071617535199734E+02,  3.005263024425238E+02,  2.554281168433477E-03,  2.730618896356389E-03,  2.704168723643667E+01,
2461011.500000000, A.D. 2025-Dec-02 00:00:00.0000,  7.115455667608998E-02,  2.381656739043294E-03,  5.010261762913064E+00,  3.438392667223992E+02,  8.631625595940818E+01,  2.461014304060413E+06,  1.323634864098357E+01,  3.228844787697394E+02,  3.175975654818000E+02,  2.564104454795452E-03,  2.746552170547610E-03,  2.719783301002935E+01,
2461012.500000000, A.D. 2025-Dec-03 00:00:00.0000,  7.337957672210030E-02,  2.384501709441938E-03,  5.001352413528423E+00,  3.437104034645054E+02,  8.412911298898388E+01,  2.461014151358426E+06,  1.316521974889098E+01,  3.382595034381473E+02,  3.348580479090152E+02,  2.573331700381495E-03,  2.762161691321052E-03,  2.734477713752753E+01,
2461013.500000000, A.D. 2025-Dec-04 00:00:00.0000,  7.516591188369817E-02,  2.385978111905809E-03,  4.995009915822491E+00,  3.435408835198908E+02,  8.230069917541637E+01,  2.461014020124411E+06,  1.311498589925280E+01,  3.531785756859393E+02,  3.520508192968280E+02,  2.579898538088663E-03,  2.773818964271518E-03,  2.744951483482040E+01,
2461014.500000000, A.D. 2025-Dec-05 00:00:00.0000,  7.603943568547035E-02,  2.385916398292296E-03,  4.992682990778982E+00,  3.433475518001104E+02,  8.066795765313702E+01,  2.461013900766890E+06,  1.309691737495785E+01,  7.848106529467764E+00,  9.160886697082660E+00,  2.582270813757474E-03,  2.778625229222652E-03,  2.748738422129342E+01,
2461015.500000000, A.D. 2025-Dec-06 00:00:00.0000,  7.585872300199541E-02,  2.384189398663094E-03,  4.994914965460064E+00,  3.431531172088363E+02,  7.891579991756744E+01,  2.461013773916319E+06,  1.311499688040666E+01,  2.263758209620844E+01,  2.630044087599310E+01,  2.579897097993430E-03,  2.775604797323764E-03,  2.744949185141076E+01,
2461016.500000000, A.D. 2025-Dec-07 00:00:00.0000,  7.488515527845981E-02,  2.380658405261813E-03,  5.001212955129642E+00,  3.429803665325754E+02,  7.677599795746283E+01,  2.461013623476264E+06,  1.316496219605284E+01,  3.786932624416601E+01,  4.354645634040680E+01,  2.573365262534936E-03,  2.766072119808059E-03,  2.734531209728322E+01,
2461017.500000000, A.D. 2025-Dec-08 00:00:00.0000,  7.362520948465731E-02,  2.375402901051989E-03,  5.010187955423360E+00,  3.428464826857281E+02,  7.420222941705501E+01,  2.461013447887882E+06,  1.323567016453544E+01,  5.363241946129782E+01,  6.079831525567116E+01,  2.564192080108905E-03,  2.752981259165822E-03,  2.719922720381840E+01,
2461018.500000000, A.D. 2025-Dec-09 00:00:00.0000,  7.253365403210256E-02,  2.369085190406784E-03,  5.019910766481204E+00,  3.427591581230512E+02,  7.144110473679889E+01,  2.461013263918173E+06,  1.331214349822704E+01,  6.970347264078566E+01,  7.772554853757354E+01,  2.554362431269054E-03,  2.739639672131324E-03,  2.704297771789691E+01,
2461019.500000000, A.D. 2025-Dec-10 00:00:00.0000,  7.175889857136425E-02,  2.363142016340282E-03,  5.028367709071935E+00,  3.427153741301942E+02,  6.893453249821852E+01,  2.461013098952754E+06,  1.337914087156348E+01,  8.564051283132912E+01,  9.386757615341291E+01,  2.545827816397294E-03,  2.728513616454305E-03,  2.690755732792659E+01,
2461020.500000000, A.D. 2025-Dec-11 00:00:00.0000,  7.109265023871443E-02,  2.359543273042436E-03,  5.033891850108371E+00,  3.427027343252944E+02,  6.710393164400035E+01,  2.461012976287193E+06,  1.342420101040534E+01,  1.009998330667496E+02,  1.088388846169914E+02,  2.540127681892926E-03,  2.720712090743417E-03,  2.681723848748669E+01,
2461021.500000000, A.D. 2025-Dec-12 00:00:00.0000,  7.012881322081516E-02,  2.360187981543953E-03,  5.035477806837307E+00,  3.427025875429197E+02,  6.617824266190952E+01,  2.461012905016470E+06,  1.343959130016902E+01,  1.155130658796152E+02,  1.224842193168689E+02,  2.538188100783065E-03,  2.716188220022177E-03,  2.678652884299187E+01,
2461022.500000000, A.D. 2025-Dec-13 00:00:00.0000,  6.849058720183612E-02,  2.366285693201082E-03,  5.032935050529836E+00,  3.426939816492120E+02,  6.616429521305983E+01,  2.461012880410858E+06,  1.342307053575808E+01,  1.291244235722657E+02,  1.348907351177284E+02,  2.540270297530317E-03,  2.714254901859552E-03,  2.681949700264080E+01,
2461023.500000000, A.D. 2025-Dec-14 00:00:00.0000,  6.599138994476994E-02,  2.378000466781187E-03,  5.026876367396559E+00,  3.426576069399972E+02,  6.691681462086780E+01,  2.461012890586128E+06,  1.337766092410812E+01,  1.419291413914965E+02,  1.463029800974793E+02,  2.546015573283174E-03,  2.714030679785161E-03,  2.691053406438472E+01,
2461024.500000000, A.D. 2025-Dec-15 00:00:00.0000,  6.268959315399202E-02,  2.394401504973915E-03,  5.018567174864337E+00,  3.425791142459811E+02,  6.822686230869520E+01,  2.461012923398478E+06,  1.331071733427013E+01,  1.540928705536988E+02,  1.570231040800084E+02,  2.554544884475282E-03,  2.714688263976649E-03,  2.704587521163374E+01,
2461025.500000000, A.D. 2025-Dec-16 00:00:00.0000,  5.886012169258389E-02,  2.413641074751030E-03,  5.009677801005305E+00,  3.424514077342453E+02,  6.989315015171712E+01,  2.461012971320832E+06,  1.323256388950422E+01,  1.657865475457607E+02,  1.673319458134446E+02,  2.564593351513081E-03,  2.715545628275133E-03,  2.720561207987396E+01,
2461026.500000000, A.D. 2025-Dec-17 00:00:00.0000,  5.491701596912708E-02,  2.433281961659487E-03,  5.001987261238243E+00,  3.422756853907296E+02,  7.177953525285838E+01,  2.461013034853464E+06,  1.315491446205492E+01,  1.771328508949193E+02,  1.774273852148185E+02,  2.574675454721760E-03,  2.716068947784034E-03,  2.736619846813999E+01,
2461027.500000000, A.D. 2025-Dec-18 00:00:00.0000,  5.131285591563300E-02,  2.450724223541643E-03,  4.997086325511434E+00,  3.420611498998113E+02,  7.386478085478936E+01,  2.461040628491081E+06,  1.308924586583096E+01,  1.881579523899298E+02,  1.873735096014716E+02,  2.583279681635171E-03,  2.715835139728698E-03,  2.750349437164810E+01,
2461028.500000000, A.D. 2025-Dec-19 00:00:00.0000,  4.843683349640467E-02,  2.463675774250332E-03,  4.996122093095277E+00,  3.418234648574176E+02,  7.626694407785037E+01,  2.461040859561655E+06,  1.304526399659888E+01,  1.987662553254375E+02,  1.970778804631748E+02,  2.589082744031395E-03,  2.714489713812458E-03,  2.759622190044279E+01,
2461029.500000000, A.D. 2025-Dec-20 00:00:00.0000,  4.653623169219077E-02,  2.470575710201510E-03,  4.999617600072808E+00,  3.415821931963977E+02,  7.920131031851388E+01,  2.461041105934554E+06,  1.302959175092677E+01,  2.087794108702000E+02,  2.063375672784314E+02,  2.591158460678841E-03,  2.711741211156172E-03,  2.762941517138430E+01,
2461030.500000000, A.D. 2025-Dec-21 00:00:00.0000,  4.568353200558266E-02,  2.470862321171536E-03,  5.007389313667455E+00,  3.413576072085536E+02,  8.285383958700518E+01,  2.461041381116678E+06,  1.304480449999793E+01,  2.180579601884500E+02,  2.149714007801465E+02,  2.589143543089303E-03,  2.707424765007072E-03,  2.759719396331751E+01,
2461031.500000000, A.D. 2025-Dec-22 00:00:00.0000,  4.579081262681884E-02,  2.465028430998873E-03,  5.018573455707356E+00,  3.411673665480112E+02,  8.723102421297523E+01,  2.461041688368273E+06,  1.308893343944707E+01,  2.266451258246421E+02,  2.229767323327949E+02,  2.583320789212677E-03,  2.701613147426481E-03,  2.750415086649014E+01,
2461032.500000000, A.D. 2025-Dec-23 00:00:00.0000,  4.664945676718920E-02,  2.454490563004959E-03,  5.031759478423701E+00,  3.410235903999786E+02,  9.209154905438432E+01,  2.461042014779137E+06,  1.315553896260123E+01,  2.348279523481244E+02,  2.306042846183363E+02,  2.574593973253304E-03,  2.694697383501650E-03,  2.736489937990482E+01,
2461033.500000000, A.D. 2025-Dec-24 00:00:00.0000,  4.797666383125568E-02,  2.441324767591190E-03,  5.045216053235309E+00,  3.409307947013164E+02,  9.699926324690767E+01,  2.461042334759385E+06,  1.323441725477810E+01,  2.430771079572244E+02,  2.383104523909244E+02,  2.564353913230620E-03,  2.687383058870051E-03,  2.720180217002203E+01,
2461034.500000000, A.D. 2025-Dec-25 00:00:00.0000,  4.947351658704797E-02,  2.427892374468976E-03,  5.057181811158297E+00,  3.408850438022268E+02,  1.014396273823094E+02,  2.461042618099409E+06,  1.331293934790225E+01,  2.519242349460440E+02,  2.466437876334267E+02,  2.554260630120906E-03,  2.680628885772836E-03,  2.704136108429923E+01,
2461035.500000000, A.D. 2025-Dec-26 00:00:00.0000,  5.090508040590732E-02,  2.416377657547582E-03,  5.066180128408363E+00,  3.408745075439522E+02,  1.049260671448141E+02,  2.461042836589592E+06,  1.337793321086153E+01,  2.618515944409332E+02,  2.561382963891370E+02,  2.545981026408838E-03,  2.675584395270094E-03,  2.690998634286171E+01,
2461036.500000000, A.D. 2025-Dec-27 00:00:00.0000,  5.219054769748287E-02,  2.408309426277232E-03,  5.071305850745381E+00,  3.408814361442345E+02,  1.070794034983020E+02,  2.461042968077388E+06,  1.341791055781962E+01,  2.732119161311554E+02,  2.672297033711862E+02,  2.540921511625271E-03,  2.673533596973310E-03,  2.682981068093357E+01,
2461037.500000000, A.D. 2025-Dec-28 00:00:00.0000,  5.345950494779506E-02,  2.404200122985321E-03,  5.072425379038064E+00,  3.408853606379341E+02,  1.077114790345982E+02,  2.461043000947134E+06,  1.342531990917005E+01,  2.861480249185856E+02,  2.801632901371768E+02,  2.539986546325967E-03,  2.675772969666613E-03,  2.681500347370531E+01,
2461038.500000000, A.D. 2025-Dec-29 00:00:00.0000,  5.501076255431523E-02,  2.403474625170959E-03,  5.070235443403491E+00,  3.408670817678662E+02,  1.069253502703728E+02,  2.461042940839529E+06,  1.339839413218336E+01,  3.004998817155015E+02,  2.948813029839009E+02,  2.543388358228899E-03,  2.683302091286839E-03,  2.686889163345844E+01,
2461039.500000000, A.D. 2025-Dec-30 00:00:00.0000,  5.713689494669814E-02,  2.404808682143538E-03,  5.066145820425219E+00,  3.408127382117240E+02,  1.051558355509072E+02,  2.461042814745438E+06,  1.334209207812979E+01,  3.157743611457049E+02,  3.109675527401923E+02,  2.550538534443545E-03,  2.696268386743552E-03,  2.698227518532180E+01,
2461040.500000000, A.D. 2025-Dec-31 00:00:00.0000,  5.988483809845751E-02,  2.406757365443875E-03,  5.061989222122765E+00,  3.407170235412640E+02,  1.030242734204326E+02,  2.461042662993616E+06,  1.326767695451872E+01,  3.313020994480028E+02,  3.277782615656750E+02,  2.560066535439978E-03,  2.713375705436080E-03,  2.713361210361630E+01,
2461041.500000000, A.D. 2026-Jan-01 00:00:00.0000,  6.293561497195871E-02,  2.408269879273693E-03,  5.059611621985408E+00,  3.405845982761508E+02,  1.010339102065899E+02,  2.461042519467345E+06,  1.319071037486722E+01,  3.465525015153548E+02,  3.447372064134719E+02,  2.570015377547003E-03,  2.731760875820314E-03,  2.729193423016262E+01,
2461042.500000000, A.D. 2026-Jan-02 00:00:00.0000,  6.572784088396211E-02,  2.408770603670174E-03,  5.060442281025508E+00,  3.404290719852698E+02,  9.934205153024627E+01,  2.461042395780666E+06,  1.312770215689871E+01,  1.368160376914373E+00,  1.564023956036172E+00,  2.578232242250731E-03,  2.747693880831288E-03,  2.742292563446202E+01,
2461043.500000000, A.D. 2026-Jan-03 00:00:00.0000,  6.774510158822383E-02,  2.407910077659047E-03,  5.065162372721992E+00,  3.402696296742187E+02,  9.776819820277278E+01,  2.461042281144751E+06,  1.309222263905239E+01,  1.595752428254074E+01,  1.827954849574143E+01,  2.582888093976498E-03,  2.757866110293949E-03,  2.749724091356093E+01,
2461044.500000000, A.D. 2026-Jan-04 00:00:00.0000,  6.877551017516405E-02,  2.405317963602807E-03,  5.073567721926318E+00,  3.401262106881290E+02,  9.596874287248038E+01,  2.461042153872211E+06,  1.309165670919914E+01,  3.071469960580305E+01,  3.505600854245037E+01,  2.582962529320131E-03,  2.760607095037456E-03,  2.749842957209825E+01,
2461045.500000000, A.D. 2026-Jan-05 00:00:00.0000,  6.900035576422936E-02,  2.400583686755829E-03,  5.084658452333830E+00,  3.400146905903522E+02,  9.365019462901037E+01,  2.461041995744242E+06,  1.312564833564308E+01,  4.599562875341290E+01,  5.203315597179014E+01,  2.578501185923004E-03,  2.756418685090178E-03,  2.742721660631494E+01,
2461046.500000000, A.D. 2026-Jan-06 00:00:00.0000,  6.887145709630706E-02,  2.393507779613025E-03,  5.096913986133565E+00,  3.399434451261926E+02,  9.074643560272702E+01,  2.461041803746486E+06,  1.318663429758061E+01,  6.192777766340814E+01,  6.916551165680868E+01,  2.570544956283858E-03,  2.747582132954691E-03,  2.730037035045782E+01,
2461047.500000000, A.D. 2026-Jan-07 00:00:00.0000,  6.883965835227725E-02,  2.384504847126245E-03,  5.108661062193143E+00,  3.399120521137621E+02,  8.749459241885936E+01,  2.461041594287148E+06,  1.326206523151489E+01,  7.832194908387022E+01,  8.615938083888624E+01,  2.560788663858659E-03,  2.737072480591074E-03,  2.714509344626999E+01,
2461048.500000000, A.D. 2026-Jan-08 00:00:00.0000,  6.908862433627538E-02,  2.374879618067310E-03,  5.118433297862730E+00,  3.399121056035499E+02,  8.434442751718532E+01,  2.461041395625798E+06,  1.333742140742995E+01,  9.475403256576010E+01,  1.025634586239244E+02,  2.551133953405671E-03,  2.727388288744032E-03,  2.699172418736450E+01,
2461049.500000000, A.D. 2026-Jan-09 00:00:00.0000,  6.944081324521593E-02,  2.366687310854427E-03,  5.125245361325439E+00,  3.399295668674852E+02,  8.173804980088306E+01,  2.461041232192359E+06,  1.339912521528870E+01,  1.107813898415636E+02,  1.179795924814951E+02,  2.543295842479372E-03,  2.719904374104317E-03,  2.686742561292225E+01,
2461050.500000000, A.D. 2026-Jan-10 00:00:00.0000,  6.947669215367996E-02,  2.362173980204030E-03,  5.128741975748204E+00,  3.399478887485184E+02,  7.992045451605541E+01,  2.461041112810668E+06,  1.343676833066049E+01,  1.261334883277930E+02,  1.322382120777912E+02,  2.538543591853965E-03,  2.714913203503900E-03,  2.679215650228480E+01,
2461051.500000000, A.D. 2026-Jan-11 00:00:00.0000,  6.875370328155010E-02,  2.363110002794404E-03,  5.129215048301432E+00,  3.399512203891310E+02,  7.889497579416066E+01,  2.461041030111538E+06,  1.344443939933395E+01,  1.407617809394921E+02,  1.454285089117267E+02,  2.537577879366171E-03,  2.712045755937937E-03,  2.677686955231727E+01,
2461052.500000000, A.D. 2026-Jan-12 00:00:00.0000,  6.698760006977764E-02,  2.370324865811619E-03,  5.127505312799244E+00,  3.399271672097285E+02,  7.848999897501918E+01,  2.461040967413895E+06,  1.342119178530252E+01,  1.547810498920939E+02,  1.578194129826317E+02,  2.540507356589141E-03,  2.710689847366662E-03,  2.682325129980142E+01,
2461053.500000000, A.D. 2026-Jan-13 00:00:00.0000,  6.413860784884913E-02,  2.383532323354394E-03,  5.124819028574525E+00,  3.398687486361940E+02,  7.845214590661851E+01,  2.461040906479107E+06,  1.337080317777565E+01,  1.683854891749482E+02,  1.697570330185292E+02,  2.546886048879159E-03,  2.710239774403924E-03,  2.692433619832023E+01,
2461054.500000000, A.D. 2026-Jan-14 00:00:00.0000,  6.041078128763138E-02,  2.401392253910066E-03,  5.122497823355591E+00,  3.397753426826137E+02,  7.852657714903472E+01,  2.461067899182376E+06,  1.330099550706767E+01,  1.817775354185854E+02,  1.815779132845596E+02,  2.555789494052498E-03,  2.710186734194930E-03,  2.706564330532320E+01,
2461055.500000000, A.D. 2026-Jan-15 00:00:00.0000,  5.618910420281665E-02,  2.421748437121052E-03,  5.121781852510493E+00,  3.396525470784313E+02,  7.853065592468559E+01,  2.461067971234207E+06,  1.322226038755626E+01,  1.951020939656782E+02,  1.935315034638925E+02,  2.565925491965780E-03,  2.710102546810508E-03,  2.722681216736612E+01,
2461056.500000000, A.D. 2026-Jan-16 00:00:00.0000,  5.193350157405206E-02,  2.442016034185016E-03,  5.123603383653966E+00,  3.395110326655654E+02,  7.843463412201881E+01,  2.461068033823593E+06,  1.314641086902238E+01,  2.083716161542453E+02,  2.056977709309520E+02,  2.575785599680442E-03,  2.709555165175867E-03,  2.738389995464754E+01,
2461057.500000000, A.D. 2026-Jan-17 00:00:00.0000,  4.805084479952982E-02,  2.459686102634219E-03,  5.128440308292922E+00,  3.393646075728474E+02,  7.843397166968624E+01,  2.461068092551557E+06,  1.308497405286735E+01,  2.213967377227506E+02,  2.179150104735927E+02,  2.583841888190169E-03,  2.707997673746119E-03,  2.751247335649947E+01,
2461058.500000000, A.D. 2026-Jan-18 00:00:00.0000,  4.478489282958551E-02,  2.472841270741056E-03,  5.136248360701337E+00,  3.392278254970147E+02,  7.895254776103336E+01,  2.461068173630182E+06,  1.304755633763603E+01,  2.337827652088118E+02,  2.297783546627646E+02,  2.588779482420697E-03,  2.704717694100337E-03,  2.759137348666357E+01,
2461059.500000000, A.D. 2026-Jan-19 00:00:00.0000,  4.217973827792449E-02,  2.480499062276634E-03,  5.146478923770457E+00,  3.391135328230761E+02,  8.051592550957650E+01,  2.461068314742602E+06,  1.304034846014501E+01,  2.450526848755676E+02,  2.407696225881596E+02,  2.589733336625096E-03,  2.698967610973559E-03,  2.760662424783062E+01,
2461060.500000000, A.D. 2026-Jan-20 00:00:00.0000,  4.014205332254406E-02,  2.482651264066558E-03,  5.158177901174413E+00,  3.390307458570063E+02,  8.352599878078350E+01,  2.461068547041778E+06,  1.306497660807496E+01,  2.548655874105205E+02,  2.504868987736707E+02,  2.586477793573772E-03,  2.690304323080987E-03,  2.755458435168555E+01,
2461061.500000000, A.D. 2026-Jan-21 00:00:00.0000,  3.855360390759530E-02,  2.480063492370542E-03,  5.170151052133355E+00,  3.389831886895919E+02,  8.805903820252530E+01,  2.461068878514704E+06,  1.311792617108968E+01,  2.632091888580313E+02,  2.588513301468884E+02,  2.579513015442395E-03,  2.678962538514248E-03,  2.744336225899765E+01,
2461062.500000000, A.D. 2026-Jan-22 00:00:00.0000,  3.734811627474723E-02,  2.474026406708783E-03,  5.181172365263922E+00,  3.389687234402554E+02,  9.377841317085991E+01,  2.461069286852898E+06,  1.319074026711142E+01,  2.704763861989066E+02,  2.661990699678877E+02,  2.570011494845718E-03,  2.665996582982653E-03,  2.729187238244625E+01,
2461063.500000000, A.D. 2026-Jan-23 00:00:00.0000,  3.651490607357914E-02,  2.466160991297414E-03,  5.190204245600147E+00,  3.389797849711202E+02,  9.997477958544111E+01,  2.461069722937181E+06,  1.327110641999464E+01,  2.774147384232147E+02,  2.732445352835339E+02,  2.559625475104391E-03,  2.653089958911369E-03,  2.712660034566624E+01,
2461064.500000000, A.D. 2026-Jan-24 00:00:00.0000,  3.607065161225734E-02,  2.458207568396661E-03,  5.196592135164337E+00,  3.390047965036983E+02,  1.057232573188689E+02,  2.461070123070597E+06,  1.334479004400942E+01,  2.849613034815380E+02,  2.809243711684334E+02,  2.550194754945714E-03,  2.642181941494767E-03,  2.697682007830515E+01,
2461065.500000000, A.D. 2026-Jan-25 00:00:00.0000,  3.606536722910252E-02,  2.451686753951094E-03,  5.200194013755347E+00,  3.390303858629561E+02,  1.101345145944999E+02,  2.461070426954720E+06,  1.339817582744157E+01,  2.939877943663984E+02,  2.901443984256289E+02,  2.543415985483942E-03,  2.635145217016790E-03,  2.686932942488063E+01,
2461066.500000000, A.D. 2026-Jan-26 00:00:00.0000,  3.662869839904249E-02,  2.447477342113849E-03,  5.201410822151145E+00,  3.390440457778086E+02,  1.126428700487422E+02,  2.461070596996281E+06,  1.342098233706850E+01,  3.050142852745477E+02,  3.014862204497998E+02,  2.540533788007347E-03,  2.633590233900846E-03,  2.682366990422800E+01,
2461067.500000000, A.D. 2026-Jan-27 00:00:00.0000,  3.797437298910257E-02,  2.445565877642175E-03,  5.201100548659760E+00,  3.390367161285502E+02,  1.132415774283197E+02,  2.461070633693561E+06,  1.340857668650959E+01,  3.179816295704593E+02,  3.149639320771346E+02,  2.542100552186717E-03,  2.638635226731259E-03,  2.684848723445771E+01,
2461068.500000000, A.D. 2026-Jan-28 00:00:00.0000,  4.027657951599443E-02,  2.445222176037105E-03,  5.200386172594130E+00,  3.390046803597406E+02,  1.125063498764534E+02,  2.461070577294513E+06,  1.336329078285532E+01,  3.322405093811437E+02,  3.299913995903642E+02,  2.547840475544440E-03,  2.650458775051775E-03,  2.693947215919814E+01,
2461069.500000000, A.D. 2026-Jan-29 00:00:00.0000,  4.347100949077189E-02,  2.445510472915356E-03,  5.200399215412651E+00,  3.389502472937966E+02,  1.112657011230205E+02,  2.461070485676894E+06,  1.329427575505265E+01,  3.468961395575792E+02,  3.457038968606436E+02,  2.556650657930857E-03,  2.667790842946358E-03,  2.707932396115506E+01,
2461070.500000000, A.D. 2026-Jan-30 00:00:00.0000,  4.717102947872643E-02,  2.445691375260986E-03,  5.202024165701738E+00,  3.388809752069974E+02,  1.101097584273359E+02,  2.461070400603059E+06,  1.321574710764336E+01,  1.313604837100284E+00,  1.445263282089230E+00,  2.566768487237534E-03,  2.687845599214082E-03,  2.724023069356352E+01,
2461071.500000000, A.D. 2026-Jan-31 00:00:00.0000,  5.080218334116673E-02,  2.445238121785936E-03,  5.205712391592524E+00,  3.388076258682732E+02,  1.091520634349976E+02,  2.461070330955554E+06,  1.314392664347862E+01,  1.536583444434443E+01,  1.700852907268526E+01,  2.576110141501536E-03,  2.706982161217137E-03,  2.738907556050723E+01,
2461072.500000000, A.D. 2026-Feb-01 00:00:00.0000,  5.385549128217587E-02,  2.443634277386517E-03,  5.211412943522054E+00,  3.387414440025374E+02,  1.081364517823206E+02,  2.461070259976351E+06,  1.309343705236238E+01,  2.932960864561432E+01,  3.253883693166211E+01,  2.582728383318559E-03,  2.721822489250599E-03,  2.749469055071732E+01,
2461073.500000000, A.D. 2026-Feb-02 00:00:00.0000,  5.610084985201504E-02,  2.440233374537401E-03,  5.218629576599200E+00,  3.386915512670076E+02,  1.066767195841348E+02,  2.461070162020645E+06,  1.307413955460185E+01,  4.364120792401423E+01,  4.830935018149443E+01,  2.585269172193682E-03,  2.730304969849963E-03,  2.753527285650602E+01,
2461074.500000000, A.D. 2026-Feb-03 00:00:00.0000,  5.766273376842149E-02,  2.434318203258909E-03,  5.226574864325495E+00,  3.386631342119997E+02,  1.044772517110355E+02,  2.461070018090630E+06,  1.308926610886055E+01,  5.866490441190302E+01,  6.451796670491413E+01,  2.583277018210036E-03,  2.732235833161163E-03,  2.750345183648640E+01,
2461075.500000000, A.D. 2026-Feb-04 00:00:00.0000,  5.892536670080904E-02,  2.425382550802795E-03,  5.234369151295598E+00,  3.386567686783256E+02,  1.014976231042636E+02,  2.461069827149422E+06,  1.313522435830646E+01,  7.451416509118528E+01,  8.113700012372905E+01,  2.577247823905274E-03,  2.729113097007754E-03,  2.740722123808589E+01,
2461076.500000000, A.D. 2026-Feb-05 00:00:00.0000,  6.029997989077603E-02,  2.413558266078406E-03,  5.241230375685323E+00,  3.386688410322956E+02,  9.801651750029470E+01,  2.461069609569248E+06,  1.320288803616337E+01,  9.097358574494076E+01,  9.785702772543958E+01,  2.568434834978371E-03,  2.723311403878335E-03,  2.726676156110254E+01,
2461077.500000000, A.D. 2026-Feb-06 00:00:00.0000,  6.197169697287448E-02,  2.399952883284753E-03,  5.246615344368267E+00,  3.386927606389028E+02,  9.452689004201289E+01,  2.461069398035921E+06,  1.327980225069301E+01,  1.075924808071199E+02,  1.141922013833172E+02,  2.558507963501558E-03,  2.717063043718363E-03,  2.710883740616041E+01,
2461078.500000000, A.D. 2026-Feb-07 00:00:00.0000,  6.378307242815985E-02,  2.386598489191997E-03,  5.250293416119715E+00,  3.387205620567993E+02,  9.149710753399773E+01,  2.461069219658809E+06,  1.335264981739687E+01,  1.239171461074679E+02,  1.297138865554048E+02,  2.549193908917934E-03,  2.711789328643870E-03,  2.696094070638804E+01,
2461079.500000000, A.D. 2026-Feb-08 00:00:00.0000,  6.531808107694873E-02,  2.375949794392328E-03,  5.252351335817177E+00,  3.387445274679213E+02,  8.916983864286081E+01,  2.461069082693225E+06,  1.340947085595796E+01,  1.396905715971753E+02,  1.442435003314308E+02,  2.541987542810199E-03,  2.708025291228069E-03,  2.684669692540838E+01,
2461080.500000000, A.D. 2026-Feb-09 00:00:00.0000,  6.610087359511903E-02,  2.370204540868631E-03,  5.253139984870602E+00,  3.387585481778319E+02,  8.751961478467005E+01,  2.461068975991054E+06,  1.344135287124917E+01,  1.548982707263612E+02,  1.578860278499665E+02,  2.537966332609092E-03,  2.705728124349553E-03,  2.678301830539946E+01,
2461081.500000000, A.D. 2026-Feb-10 00:00:00.0000,  6.578141062684303E-02,  2.370763238191603E-03,  5.253180693186229E+00,  3.387590404857535E+02,  8.632791880845923E+01,  2.461068876769985E+06,  1.344349680511976E+01,  1.697003523822621E+02,  1.709468763367489E+02,  2.537696493261111E-03,  2.704629748330619E-03,  2.677874701936920E+01,
2461082.500000000, A.D. 2026-Feb-11 00:00:00.0000,  6.424353245184669E-02,  2.377948053581372E-03,  5.253052034291289E+00,  3.387453217286904E+02,  8.528286544235121E+01,  2.461095593531298E+06,  1.341567346282120E+01,  1.843414596262519E+02,  1.838256034503034E+02,  2.541203973521032E-03,  2.704459893460692E-03,  2.683428461475800E+01,
2461083.500000000, A.D. 2026-Feb-12 00:00:00.0000,  6.163142920345913E-02,  2.390952571263927E-03,  5.253278470330343E+00,  3.387194396923316E+02,  8.406408078635512E+01,  2.461095543252889E+06,  1.336212425018600E+01,  1.990765585283179E+02,  1.969258666438141E+02,  2.547988760146080E-03,  2.705024949028233E-03,  2.694182401387179E+01,
2461084.500000000, A.D. 2026-Feb-13 00:00:00.0000,  5.830605463136158E-02,  2.407982808030493E-03,  5.254239850870962E+00,  3.386855332585440E+02,  8.242435402964577E+01,  2.461095477416050E+06,  1.329096033561655E+01,  2.140995986934149E+02,  2.105696525752849E+02,  2.557075809898997E-03,  2.706168811767502E-03,  2.708607887688050E+01,
2461085.500000000, A.D. 2026-Feb-14 00:00:00.0000,  5.473736302536709E-02,  2.426593721233172E-03,  5.256115691328247E+00,  3.386488746115883E+02,  8.028672644811928E+01,  2.461095379960596E+06,  1.321310546235224E+01,  2.294550386876553E+02,  2.248967134960914E+02,  2.567110585265090E-03,  2.707627449297008E-03,  2.724567672798334E+01,
2461086.500000000, A.D. 2026-Feb-15 00:00:00.0000,  5.134443699416221E-02,  2.444224662620676E-03,  5.258871123246584E+00,  3.386147889468429E+02,  7.783739342274922E+01,  2.461095255102776E+06,  1.314083376819975E+01,  2.449506497950725E+02,  2.397686095245368E+02,  2.576514340859491E-03,  2.708804019098307E-03,  2.739552195471678E+01,
2461087.500000000, A.D. 2026-Feb-16 00:00:00.0000,  4.833335866243386E-02,  2.458828627107612E-03,  5.262283767189420E+00,  3.385876563784076E+02,  7.553432646781847E+01,  2.461095130241928E+06,  1.308599186254574E+01,  2.601507162195819E+02,  2.547575597340709E+02,  2.583707908109222E-03,  2.708587189110831E-03,  2.751033347578176E+01,
2461088.500000000, A.D. 2026-Feb-17 00:00:00.0000,  4.562695252747557E-02,  2.469334941548962E-03,  5.266003897417433E+00,  3.385701731059881E+02,  7.395927887913366E+01,  2.461095046037713E+06,  1.305807064267008E+01,  2.745213771216974E+02,  2.692929184276814E+02,  2.587389646101728E-03,  2.705444350654493E-03,  2.756915702566517E+01,
2461089.500000000, A.D. 2026-Feb-18 00:00:00.0000,  4.295274275141130E-02,  2.475707468719535E-03,  5.269635016114354E+00,  3.385629941185275E+02,  7.357825855465846E+01,  2.461095037805129E+06,  1.306239618365662E+01,  2.876629954141051E+02,  2.829008926214207E+02,  2.586818414627649E-03,  2.697929360535764E-03,  2.756002765024260E+01,
2461090.500000000, A.D. 2026-Feb-19 00:00:00.0000,  4.004043910187711E-02,  2.478637460544810E-03,  5.272818666800559E+00,  3.385648089751819E+02,  7.457889595884404E+01,  2.461095121656752E+06,  1.309880453952924E+01,  2.994618215558294E+02,  2.953696385617598E+02,  2.582022786695136E-03,  2.685408112845462E-03,  2.748342407229615E+01,
2461091.500000000, A.D. 2026-Feb-20 00:00:00.0000,  3.680181767529962E-02,  2.479133975321610E-03,  5.275306217512712E+00,  3.385728233964238E+02,  7.685638272551668E+01,  2.461095292148546E+06,  1.316119286530605E+01,  3.100908016060235E+02,  3.067680542908070E+02,  2.573856575744531E-03,  2.668579176167452E-03,  2.735314372217647E+01,
2461092.500000000, A.D. 2026-Feb-21 00:00:00.0000,  3.340367125517671E-02,  2.478218063029576E-03,  5.277001999806754E+00,  3.385835383260229E+02,  8.007977670018137E+01,  2.461095526835408E+06,  1.323823854118704E+01,  3.199300308424356E+02,  3.173856229500852E+02,  2.563860413423744E-03,  2.649502763817913E-03,  2.719395022834508E+01,
2461093.500000000, A.D. 2026-Feb-22 00:00:00.0000,  3.022684510905291E-02,  2.476756934469323E-03,  5.277967408666354E+00,  3.385936452307865E+02,  8.376894443544977E+01,  2.461095792144477E+06,  1.331532965618963E+01,  3.294793406664400E+02,  3.276614916283314E+02,  2.553954934695877E-03,  2.631152934922431E-03,  2.703650674038356E+01,
2461094.500000000, A.D. 2026-Feb-23 00:00:00.0000,  2.775277916972970E-02,  2.475387523041923E-03,  5.278384570716727E+00,  3.386008121078510E+02,  8.740056808163932E+01,  2.461096051330941E+06,  1.337740996905178E+01,  3.392472100081143E+02,  3.380826885876424E+02,  2.546047414697690E-03,  2.616707306353457E-03,  2.691103889563442E+01,
2461095.500000000, A.D. 2026-Feb-24 00:00:00.0000,  2.642504380764700E-02,  2.474488251890315E-03,  5.278489505215910E+00,  3.386041453593370E+02,  9.060518009051407E+01,  2.461096278718027E+06,  1.341213029713119E+01,  3.495557323502152E+02,  3.489884088132500E+02,  2.541651504233456E-03,  2.608814756576597E-03,  2.684137359424571E+01,
2461096.500000000, A.D. 2026-Feb-25 00:00:00.0000,  2.651834000550391E-02,  2.474200205200441E-03,  5.278494785580592E+00,  3.386041950010313E+02,  9.337913793268793E+01,  2.461096474813913E+06,  1.341254434170909E+01,  3.378095018528454E-01,  3.563390452250757E-01,  2.541599196860504E-03,  2.608998188520567E-03,  2.684054500237552E+01,
2461097.500000000, A.D. 2026-Feb-26 00:00:00.0000,  2.804372479669742E-02,  2.474492689114777E-03,  5.278526069361807E+00,  3.386025120461097E+02,  9.602329694048417E+01,  2.461096661872425E+06,  1.337865939118750E+01,  1.121302334982385E+01,  1.186013209446648E+01,  2.545888896696707E-03,  2.617285104278637E-03,  2.690852569556642E+01,
2461098.500000000, A.D. 2026-Feb-27 00:00:00.0000,  3.073280278827971E-02,  2.475203975644530E-03,  5.278592562090865E+00,  3.386009190282791E+02,  9.876812960379169E+01,  2.461096857106176E+06,  1.331743389057774E+01,  2.187912988681040E+01,  2.323980831926778E+01,  2.553685900817568E-03,  2.632167825990604E-03,  2.703223481024409E+01,
2461099.500000000, A.D. 2026-Feb-28 00:00:00.0000,  3.412008157757837E-02,  2.476009708563400E-03,  5.278599428265248E+00,  3.386007523000821E+02,  1.015187727618795E+02,  2.461097054471373E+06,  1.324121867573799E+01,  3.238177933161553E+01,  3.455333752159135E+01,  2.563475708872262E-03,  2.650941709181124E-03,  2.718782982261530E+01,
2461100.500000000, A.D. 2026-Mar-01 00:00:00.0000,  3.768794382325555E-02,  2.476369778424930E-03,  5.278395265184376E+00,  3.386023331176431E+02,  1.039260104892583E+02,  2.461097229743924E+06,  1.316504703255031E+01,  4.305307505351361E+01,  4.610486391412979E+01,  2.573354207224131E-03,  2.670338636023333E-03,  2.734513588215123E+01,
2461101.500000000, A.D. 2026-Mar-02 00:00:00.0000,  4.102235802584257E-02,  2.475514572521309E-03,  5.277836335566113E+00,  3.386048275915210E+02,  1.055724424704039E+02,  2.461097353935590E+06,  1.310346821972088E+01,  5.432782322466206E+01,  5.826106767638939E+01,  2.581410101934388E-03,  2.687305631347467E-03,  2.747364239478183E+01,
2461102.500000000, A.D. 2026-Mar-03 00:00:00.0000,  4.393508624407569E-02,  2.472497413922763E-03,  5.276845522087510E+00,  3.386065123592895E+02,  1.061181033435723E+02,  2.461097403983986E+06,  1.306769740195706E+01,  6.659319522496335E+01,  7.131107856566102E+01,  2.586118764895887E-03,  2.699740115869011E-03,  2.754884727787508E+01,
2461103.500000000, A.D. 2026-Mar-04 00:00:00.0000,  4.650794220022755E-02,  2.466346787779693E-03,  5.275448098136517E+00,  3.386053352036350E+02,  1.054111537292065E+02,  2.461097370968744E+06,  1.306369928640428E+01,  8.006782124714499E+01,  8.536295789613898E+01,  2.586646388508892E-03,  2.706945989238091E-03,  2.755727854013456E+01,
2461104.500000000, A.D. 2026-Mar-05 00:00:00.0000,  4.902207122475247E-02,  2.456359658081278E-03,  5.273775310798682E+00,  3.385995886823084E+02,  1.035774503364113E+02,  2.461097266368001E+06,  1.309150239998218E+01,  9.469911067551394E+01,  1.002610312231638E+02,  2.582982826157482E-03,  2.709605994233687E-03,  2.749875369541162E+01,
2461105.500000000, A.D. 2026-Mar-06 00:00:00.0000,  5.177799793818039E-02,  2.442505845675798E-03,  5.272036434971487E+00,  3.385885071583559E+02,  1.010306094992866E+02,  2.461097121592367E+06,  1.314569017307255E+01,  1.101399508888278E+02,  1.155807764755548E+02,  2.575879741626749E-03,  2.709253637577700E-03,  2.738540124256230E+01,
2461106.500000000, A.D. 2026-Mar-07 00:00:00.0000,  5.489078140116674E-02,  2.425752390514142E-03,  5.270467519923761E+00,  3.385726362599473E+02,  9.833127347723644E+01,  2.461096975852790E+06,  1.321676184697188E+01,  1.258783854663308E+02,  1.307717229852021E+02,  2.566637106884249E-03,  2.707521823254356E-03,  2.723813927860707E+01,
2461107.500000000, A.D. 2026-Mar-08 00:00:00.0000,  5.818847183768745E-02,  2.408042112914090E-03,  5.269269472311033E+00,  3.385538857003443E+02,  9.594958443018339E+01,  2.461096857688542E+06,  1.329295865794624E+01,  1.414678062426789E+02,  1.453944928954505E+02,  2.556819534384682E-03,  2.705596955855275E-03,  2.708200704324013E+01,
2461108.500000000, A.D. 2026-Mar-09 00:00:00.0000,  6.127209316123314E-02,  2.391860767862154E-03,  5.268549621546429E+00,  3.385352450303569E+02,  9.409847403228417E+01,  2.461096773567865E+06,  1.336218615643470E+01,  1.566907691395394E+02,  1.592851485038166E+02,  2.547980890348638E-03,  2.704101012835121E-03,  2.694169919393304E+01,
2461109.500000000, A.D. 2026-Mar-10 00:00:00.0000,  6.367646153647580E-02,  2.379614614943125E-03,  5.268280036568995E+00,  3.385202087725251E+02,  9.272352783750509E+01,  2.461096709358387E+06,  1.341376638246995E+01,  1.715706784772414E+02,  1.725619860522163E+02,  2.541444828833411E-03,  2.703275042723697E-03,  2.683809973539373E+01,
2461110.500000000, A.D. 2026-Mar-11 00:00:00.0000,  6.503400084042657E-02,  2.373087794935683E-03,  5.268282943869136E+00,  3.385120166335215E+02,  9.158917668152900E+01,  2.461123424906919E+06,  1.343986126178819E+01,  1.862910441886746E+02,  1.855356594987825E+02,  2.538154111560009E-03,  2.703220428184335E-03,  2.678599079170119E+01,
2461111.500000000, A.D. 2026-Mar-12 00:00:00.0000,  6.518655420275168E-02,  2.373098036858355E-03,  5.268248850689006E+00,  3.385128581488501E+02,  9.037671337441404E+01,  2.461123325571332E+06,  1.343648504624907E+01,  2.011058876357600E+02,  1.986073480873819E+02,  2.538579272182459E-03,  2.704060507506564E-03,  2.679272136729670E+01,
2461112.500000000, A.D. 2026-Mar-13 00:00:00.0000,  6.423205481311489E-02,  2.379350555568922E-03,  5.267786877914539E+00,  3.385232096730947E+02,  8.876725771680971E+01,  2.461123223094538E+06,  1.340406007029144E+01,  2.162669966716916E+02,  2.121816742304105E+02,  2.542671575583554E-03,  2.705992595598187E-03,  2.685753406894218E+01,
2461113.500000000, A.D. 2026-Mar-14 00:00:00.0000,  6.250219080812841E-02,  2.390481333473575E-03,  5.266500288450002E+00,  3.385414589148952E+02,  8.652576060725256E+01,  2.461123093529148E+06,  1.334747526550681E+01,  2.319506069885115E+02,  2.265778909022217E+02,  2.549852714359071E-03,  2.709224095244566E-03,  2.697139292929273E+01,
2461114.500000000, A.D. 2026-Mar-15 00:00:00.0000,  6.046170012232087E-02,  2.404323603291194E-03,  5.264074449057794E+00,  3.385639296879767E+02,  8.360040358078074E+01,  2.461122923896207E+06,  1.327559884539372E+01,  2.481677332393094E+02,  2.419246006053222E+02,  2.559047995812645E-03,  2.713772388334095E-03,  2.711742078022419E+01,
2461115.500000000, A.D. 2026-Mar-16 00:00:00.0000,  5.853198172249532E-02,  2.418427601013219E-03,  5.260360486212745E+00,  3.385853555223165E+02,  8.020485289607215E+01,  2.461122720402143E+06,  1.320019931835872E+01,  2.646892525552886E+02,  2.580704454844115E+02,  2.568783595472459E-03,  2.719139589931699E-03,  2.727231546415478E+01,
2461116.500000000, A.D. 2026-Mar-17 00:00:00.0000,  5.689616788192764E-02,  2.430729944045536E-03,  5.255436229792490E+00,  3.385997745435175E+02,  7.679313074648120E+01,  2.461122509116540E+06,  1.313427077141673E+01,  2.810746362710032E+02,  2.746014782342040E+02,  2.577372566270326E-03,  2.724015188495117E-03,  2.740921108337776E+01,
2461117.500000000, A.D. 2026-Mar-18 00:00:00.0000,  5.540632455825891E-02,  2.440072660256005E-03,  5.249626988686507E+00,  3.386017341133980E+02,  7.387307385812075E+01,  2.461122323783962E+06,  1.308986535646298E+01,  2.968573174295292E+02,  2.910205151371282E+02,  2.583198176840323E-03,  2.726323693424641E-03,  2.750219274197912E+01,
2461118.500000000, A.D. 2026-Mar-19 00:00:00.0000,  5.368248577586147E-02,  2.446289076996640E-03,  5.243472912863510E+00,  3.385876034404448E+02,  7.176257812927852E+01,  2.461122187595417E+06,  1.307571422699715E+01,  3.117820561462231E+02,  3.069863018010004E+02,  2.585061610111157E-03,  2.723834143225674E-03,  2.753195685913015E+01,
2461119.500000000, A.D. 2026-Mar-20 00:00:00.0000,  5.135177063104708E-02,  2.449890062437513E-03,  5.237638367162689E+00,  3.385567055458727E+02,  7.046534039736582E+01,  2.461122102640006E+06,  1.309512577962913E+01,  3.259181017604209E+02,  3.224380192644124E+02,  2.582506335427617E-03,  2.715122608417722E-03,  2.749114487773905E+01,
2461120.500000000, A.D. 2026-Mar-21 00:00:00.0000,  4.827712622234773E-02,  2.451636788195563E-03,  5.232772668295946E+00,  3.385119294981399E+02,  6.971715399948265E+01,  2.461122052038572E+06,  1.314478037463317E+01,  3.395987938413427E+02,  3.375554512905272E+02,  2.575998597642543E-03,  2.700360407089522E-03,  2.738729668657902E+01,
2461121.500000000, A.D. 2026-Mar-22 00:00:00.0000,  4.465841258786397E-02,  2.452238334251998E-03,  5.229348962103944E+00,  3.384595246548745E+02,  6.913777683339812E+01,  2.461122010376640E+06,  1.321495769847129E+01,  3.532553942931366E+02,  3.526192063787001E+02,  2.566870705267537E-03,  2.681503076283076E-03,  2.724185791693036E+01,
2461122.500000000, A.D. 2026-Mar-23 00:00:00.0000,  4.097322625652092E-02,  2.452253558506963E-03,  5.227522982640331E+00,  3.384079552401736E+02,  6.843972975308510E+01,  2.461121958508433E+06,  1.329137175403998E+01,  7.197165720207520E+00,  7.816803688007031E+00,  2.557023042156374E-03,  2.661792525805785E-03,  2.708524045989279E+01,
2461123.500000000, A.D. 2026-Mar-24 00:00:00.0000,  3.778739749876025E-02,  2.452180486426814E-03,  5.227057233020019E+00,  3.383659871959574E+02,  6.766687958010623E+01,  2.461121900404423E+06,  1.335825349025054E+01,  2.136780319891630E+01,  2.301771721384421E+01,  2.548480949067235E-03,  2.644781411707657E-03,  2.694963082282758E+01,
2461124.500000000, A.D. 2026-Mar-25 00:00:00.0000,  3.551813826540924E-02,  2.452628596957445E-03,  5.227342586543407E+00,  3.383404821322683E+02,  6.733210106677274E+01,  2.461121872721825E+06,  1.340186327529412E+01,  3.521042288624700E+01,  3.764460851895650E+01,  2.542949426282075E-03,  2.633270255606705E-03,  2.686193647891094E+01,
2461125.500000000, A.D. 2026-Mar-26 00:00:00.0000,  3.428727738730369E-02,  2.454342007014320E-03,  5.227520484528839E+00,  3.383345336474513E+02,  6.822324748046562E+01,  2.461121931102494E+06,  1.341346796073416E+01,  4.787129234572802E+01,  5.086999352607966E+01,  2.541482523264474E-03,  2.628623039514628E-03,  2.683869682723692E+01,
2461126.500000000, A.D. 2026-Mar-27 00:00:00.0000,  3.396692313222535E-02,  2.457897653412807E-03,  5.226675948650005E+00,  3.383465020084438E+02,  7.090519747857005E+01,  2.461122115571354E+06,  1.339103269792412E+01,  5.871202736754628E+01,  6.211121033121285E+01,  2.544320388471780E-03,  2.630743123530754E-03,  2.688366223284685E+01,
2461127.500000000, A.D. 2026-Mar-28 00:00:00.0000,  3.434544206631993E-02,  2.463280706040924E-03,  5.224048926260996E+00,  3.383702137759477E+02,  7.534389160944045E+01,  2.461122424719360E+06,  1.333931726172417E+01,  6.770077864378685E+01,  7.139982838361833E+01,  2.550892227249341E-03,  2.638503748457758E-03,  2.698788798081771E+01,
2461128.500000000, A.D. 2026-Mar-29 00:00:00.0000,  3.524422844412136E-02,  2.469733809284331E-03,  5.219208197502485E+00,  3.383962313744620E+02,  8.092887752973793E+01,  2.461122817197223E+06,  1.326852433044234E+01,  7.540240691396515E+01,  7.935145696211302E+01,  2.559957537544811E-03,  2.650181265805291E-03,  2.713187925307128E+01,
2461129.500000000, A.D. 2026-Mar-30 00:00:00.0000,  3.653250746199282E-02,  2.475968307654046E-03,  5.212147322318294E+00,  3.384138177161310E+02,  8.675854690439877E+01,  2.461123230961305E+06,  1.319197272326661E+01,  8.270098746640163E+01,  8.687391228750559E+01,  2.569851423976687E-03,  2.663734540299329E-03,  2.728932264733007E+01,
2461130.500000000, A.D. 2026-Mar-31 00:00:00.0000,  3.811494208726360E-02,  2.480504141022933E-03,  5.203286992128153E+00,  3.384131051538728E+02,  9.195777035790157E+01,  2.461123605150805E+06,  1.312340708053384E+01,  9.048391274766583E+01,  9.484543512538464E+01,  2.578794753715747E-03,  2.677085366408561E-03,  2.743190070922921E+01,
2461131.500000000, A.D. 2026-Apr-01 00:00:00.0000,  3.995323412933175E-02,  2.481930793877022E-03,  5.193392018980491E+00,  3.383870152511174E+02,  9.590306094527794E+01,  2.461123896445666E+06,  1.307452289276542E+01,  9.941284520133034E+01,  1.038883494510457E+02,  2.585218639454667E-03,  2.688506485032311E-03,  2.753446553672716E+01,
2461132.500000000, A.D. 2026-Apr-02 00:00:00.0000,  4.210052234804816E-02,  2.479084119001719E-03,  5.183427168103982E+00,  3.383326007265367E+02,  9.833299070922767E+01,  2.461124087827817E+06,  1.305313342832087E+01,  1.098052059329799E+02,  1.142601560746561E+02,  2.588042040777146E-03,  2.696999962552571E-03,  2.757958477762298E+01,
2461133.500000000, A.D. 2026-Apr-03 00:00:00.0000,  4.468701484148572E-02,  2.471246372973049E-03,  5.174382702175511E+00,  3.382516273166979E+02,  9.936412162817396E+01,  2.461124190091164E+06,  1.306219676938993E+01,  1.216078611218852E+02,  1.258409594381284E+02,  2.586844742367860E-03,  2.702443111762673E-03,  2.756044839591050E+01,
2461134.500000000, A.D. 2026-Apr-04 00:00:00.0000,  4.782936794539438E-02,  2.458411892882674E-03,  5.167100182889478E+00,  3.381503446170459E+02,  9.940914911137504E+01,  2.461124235026227E+06,  1.309971866932371E+01,  1.344682685691032E+02,  1.382194761401831E+02,  2.581902665468564E-03,  2.705393438054455E-03,  2.748150621303270E+01,
2461135.500000000, A.D. 2026-Apr-05 00:00:00.0000,  5.150948527822728E-02,  2.441500721517933E-03,  5.162125044568973E+00,  3.380385043508322E+02,  9.899252524187332E+01,  2.461124260162251E+06,  1.315939643080692E+01,  1.479094807562051E+02,  1.508814217941492E+02,  2.574090814428560E-03,  2.706680907339188E-03,  2.735687779397077E+01,
2461136.500000000, A.D. 2026-Apr-06 00:00:00.0000,  5.550883815899835E-02,  2.422330139667461E-03,  5.159606980909549E+00,  3.379277785701711E+02,  9.853706394614451E+01,  2.461124291773245E+06,  1.323179049205960E+01,  1.615366987047852E+02,  1.634261479013443E+02,  2.564693284102157E-03,  2.707056428536854E-03,  2.720720224644097E+01,
2461137.500000000, A.D. 2026-Apr-07 00:00:00.0000,  5.944433706346611E-02,  2.403283920452511E-03,  5.159262969172357E+00,  3.378298124084697E+02,  9.823888908070110E+01,  2.461124335910464E+06,  1.330579721556745E+01,  1.751587058949565E+02,  1.756938598369861E+02,  2.555174579406767E-03,  2.707065238361023E-03,  2.705587603415517E+01,
2461138.500000000, A.D. 2026-Apr-08 00:00:00.0000,  6.287818329193971E-02,  2.386811312382909E-03,  5.160410449321174E+00,  3.377542085986816E+02,  9.806807691293858E+01,  2.461151305539674E+06,  1.337022479737965E+01,  1.887870559028342E+02,  1.877659465300469E+02,  2.546959498571217E-03,  2.707107684759525E-03,  2.692550091383311E+01,
2461139.500000000, A.D. 2026-Apr-09 00:00:00.0000,  6.544457235399614E-02,  2.374938068895059E-03,  5.162069342782340E+00,  3.377067685242645E+02,  9.783963106016927E+01,  2.461151235226954E+06,  1.341531671664974E+01,  2.025682136654325E+02,  1.998936896818788E+02,  2.541249024551865E-03,  2.707559980208671E-03,  2.683499820419479E+01,
2461140.500000000, A.D. 2026-Apr-10 00:00:00.0000,  6.695286854879522E-02,  2.368894217793214E-03,  5.163121513127659E+00,  3.376882936810091E+02,  9.729466790269531E+01,  2.461151166265237E+06,  1.343410192072572E+01,  2.167083056916566E+02,  2.124152828132609E+02,  2.538879482013712E-03,  2.708864746234209E-03,  2.679747422822535E+01,
2461141.500000000, A.D. 2026-Apr-11 00:00:00.0000,  6.744694422282603E-02,  2.368890341660542E-03,  5.162506173404544E+00,  3.376941805477313E+02,  9.617499523798082E+01,  2.461151079747618E+06,  1.342346565662782E+01,  2.314065868486076E+02,  2.256776472388972E+02,  2.540220448568848E-03,  2.711550555477153E-03,  2.681870756843263E+01,
2461142.500000000, A.D. 2026-Apr-12 00:00:00.0000,  6.720335895260678E-02,  2.374067042111292E-03,  5.159421435458243E+00,  3.377149335202893E+02,  9.430358081780538E+01,  2.461150958518082E+06,  1.338482691358431E+01,  2.467841995285944E+02,  2.399501263241970E+02,  2.545106765656408E-03,  2.716146489201523E-03,  2.689612666075156E+01,
2461143.500000000, A.D. 2026-Apr-13 00:00:00.0000,  6.664669521140952E-02,  2.382674019934163E-03,  5.153497325179052E+00,  3.377375937528643E+02,  9.167685984298555E+01,  2.461150794865909E+06,  1.332428544081647E+01,  2.628011243765330E+02,  2.553237444502227E+02,  2.552810396352378E-03,  2.722946772770592E-03,  2.701833442393894E+01,
2461144.500000000, A.D. 2026-Apr-14 00:00:00.0000,  6.617634733203634E-02,  2.392525620106455E-03,  5.144905157916780E+00,  3.377479491078279E+02,  8.853073238954329E+01,  2.461150597297847E+06,  1.325208390333975E+01,  2.791980973447336E+02,  2.716341662871181E+02,  2.562074341628565E-03,  2.731623063150676E-03,  2.716553884097231E+01,
2461145.500000000, A.D. 2026-Apr-15 00:00:00.0000,  6.596091266643332E-02,  2.401642520629621E-03,  5.134372771369623E+00,  3.377332501256294E+02,  8.529800602215818E+01,  2.461150389957062E+06,  1.318125608995638E+01,  2.955442236921999E+02,  2.884914021004472E+02,  2.571244130141997E-03,  2.740845739654373E-03,  2.731150942999327E+01,
2461146.500000000, A.D. 2026-Apr-16 00:00:00.0000,  6.582917737598534E-02,  2.408784888785194E-03,  5.123085819174177E+00,  3.376850004868903E+02,  8.242400776550039E+01,  2.461150201042328E+06,  1.312544959645422E+01,  3.114221554677659E+02,  3.054516694899016E+02,  2.578527214133172E-03,  2.748269539481151E-03,  2.742763189592015E+01,
2461147.500000000, A.D. 2026-Apr-17 00:00:00.0000,  6.536166605491384E-02,  2.413582814900281E-03,  5.112474176317368E+00,  3.376012314765853E+02,  8.015003117591598E+01,  2.461150047289670E+06,  1.309615614516518E+01,  3.266402967433287E+02,  3.222253851682627E+02,  2.582370877848125E-03,  2.751158940795969E-03,  2.748898195848897E+01,
2461148.500000000, A.D. 2026-Apr-18 00:00:00.0000,  6.414153617229312E-02,  2.416270774556866E-03,  5.103910801911725E+00,  3.374875806144386E+02,  7.842114811661645E+01,  2.461149926291568E+06,  1.309991943496422E+01,  3.413156953746920E+02,  3.387690854052319E+02,  2.581876285730430E-03,  2.747481796903995E-03,  2.748108503928240E+01,
2461149.500000000, A.D. 2026-Apr-19 00:00:00.0000,  6.200777870692880E-02,  2.417298856295446E-03,  5.098384165415461E+00,  3.373566061539842E+02,  7.695649882264502E+01,  2.461149820401241E+06,  1.313636185378515E+01,  3.557910933675757E+02,  3.552260746968207E+02,  2.577099043490013E-03,  2.736899230684580E-03,  2.740484800944094E+01,
2461150.500000000, A.D. 2026-Apr-20 00:00:00.0000,  5.916814850063939E-02,  2.417081627609042E-03,  5.096231343814305E+00,  3.372251870274118E+02,  7.542036625137554E+01,  2.461149708153541E+06,  1.319783849474891E+01,  1.045066167495091E+01,  1.177652274444904E+01,  2.569089921601878E-03,  2.721098215594714E-03,  2.727719392408348E+01,
2461151.500000000, A.D. 2026-Apr-21 00:00:00.0000,  5.611611450445931E-02,  2.415995496130997E-03,  5.097018399326119E+00,  3.371105155955315E+02,  7.363142147672544E+01,  2.461149578498390E+06,  1.327105486303397E+01,  2.550035329145452E+01,  2.845401263809305E+01,  2.559632104390250E-03,  2.703268712649503E-03,  2.712670573028574E+01,
2461152.500000000, A.D. 2026-Apr-22 00:00:00.0000,  5.339035112405585E-02,  2.414587777809413E-03,  5.099617215853906E+00,  3.370257920567822E+02,  7.173871986272053E+01,  2.461149442559585E+06,  1.334024055834682E+01,  4.078699062968760E+01,  4.499203378132094E+01,  2.550774525356494E-03,  2.686961272903574E-03,  2.698602011151533E+01,
2461153.500000000, A.D. 2026-Apr-23 00:00:00.0000,  5.130780586983794E-02,  2.413796217345940E-03,  5.102464563135344E+00,  3.369769164188978E+02,  7.023660367558743E+01,  2.461149334098392E+06,  1.339087188047435E+01,  5.578505470491303E+01,  6.082204900697801E+01,  2.544340759079508E-03,  2.674885300813076E-03,  2.688398509173457E+01,
2461154.500000000, A.D. 2026-Apr-24 00:00:00.0000,  4.984642348015098E-02,  2.414876582804845E-03,  5.103928840452678E+00,  3.369611141767659E+02,  6.974066205543147E+01,  2.461149293916212E+06,  1.341281914033764E+01,  6.982826027807012E+01,  7.529916148610917E+01,  2.541564482291245E-03,  2.668252381777645E-03,  2.683999509971308E+01,
2461155.500000000, A.D. 2026-Apr-25 00:00:00.0000,  4.875287241905129E-02,  2.418938608568890E-03,  5.102680440833739E+00,  3.369677326717484E+02,  7.067563737934503E+01,  2.461149349286613E+06,  1.340215189268807E+01,  8.243279506261987E+01,  8.800678425595743E+01,  2.542912917614088E-03,  2.666887226659285E-03,  2.686135800299416E+01,
2461156.500000000, A.D. 2026-Apr-26 00:00:00.0000,  4.776074498064498E-02,  2.426384282344785E-03,  5.097971743456123E+00,  3.369807760350467E+02,  7.311777136579730E+01,  2.461149504700767E+06,  1.336138606764736E+01,  9.346689370342439E+01,  9.890204271703620E+01,  2.548082605873528E-03,  2.669780929402271E-03,  2.694331248100729E+01,
2461157.500000000, A.D. 2026-Apr-27 00:00:00.0000,  4.674834870488528E-02,  2.436625925487295E-03,  5.089770812499422E+00,  3.369823709026363E+02,  7.683036736752109E+01,  2.461149745285352E+06,  1.329841328993322E+01,  1.031254003313216E+02,  1.082671630788958E+02,  2.556120330006064E-03,  2.675614734524834E-03,  2.707089877199986E+01,
2461158.500000000, A.D. 2026-Apr-28 00:00:00.0000,  4.577202035550870E-02,  2.448190501269854E-03,  5.078738548203934E+00,  3.369563134178600E+02,  8.137186615312892E+01,  2.461150043912013E+06,  1.322458872809827E+01,  1.118282858841278E+02,  1.165903315108811E+02,  2.565624309383546E-03,  2.683058117497237E-03,  2.722201857477113E+01,
2461159.500000000, A.D. 2026-Apr-29 00:00:00.0000,  4.501408093652595E-02,  2.459080767636776E-03,  5.066075512267083E+00,  3.368910250485738E+02,  8.620036007927187E+01,  2.461150367244952E+06,  1.315249150470266E+01,  1.201184831774567E+02,  1.244535300717469E+02,  2.574991650189275E-03,  2.690902532741774E-03,  2.737123988038937E+01,
2461160.500000000, A.D. 2026-Apr-30 00:00:00.0000,  4.470790665621988E-02,  2.467215645733046E-03,  5.053284607617176E+00,  3.367814954099828E+02,  9.078045434667128E+01,  2.461150682113819E+06,  1.309379016459039E+01,  1.285533415124812E+02,  1.324218409289199E+02,  2.582681949242484E-03,  2.698148252751921E-03,  2.749394907622317E+01,
2461161.500000000, A.D. 2026-May-01 00:00:00.0000,  4.507705572007512E-02,  2.470827691292185E-03,  5.041900422325917E+00,  3.366300211095661E+02,  9.470641322540681E+01,  2.461150963797895E+06,  1.305751610942222E+01,  1.375766287140075E+02,  1.409200114588633E+02,  2.587462900637865E-03,  2.704098109983545E-03,  2.757032784667417E+01,
2461162.500000000, A.D. 2026-May-02 00:00:00.0000,  4.628965606709967E-02,  2.468774459802103E-03,  5.033230791953366E+00,  3.364457324206600E+02,  9.780794826810491E+01,  2.461151203587214E+06,  1.304891443578881E+01,  1.474059238710061E+02,  1.501292494846772E+02,  2.588599856872054E-03,  2.708425253942005E-03,  2.758850184599573E+01,
2461163.500000000, A.D. 2026-May-03 00:00:00.0000,  4.841255722198922E-02,  2.460763791780687E-03,  5.028146551070963E+00,  3.362430448770077E+02,  1.001697113758760E+02,  2.461151409827396E+06,  1.306892692039371E+01,  1.580055822185890E+02,  1.599722872889836E+02,  2.585956561802529E-03,  2.711149331824372E-03,  2.754625549540947E+01,
2461164.500000000, A.D. 2026-May-04 00:00:00.0000,  5.136638019515730E-02,  2.447466797268669E-03,  5.026944998481008E+00,  3.360392961173991E+02,  1.020324359702796E+02,  2.461151599675892E+06,  1.311427609247381E+01,  1.691784120368839E+02,  1.702177855300690E+02,  2.579991628140033E-03,  2.712516459011397E-03,  2.745100053266389E+01,
2461165.500000000, A.D. 2026-May-05 00:00:00.0000,  5.490839079773478E-02,  2.430453551372554E-03,  5.029302476606628E+00,  3.358519295528649E+02,  1.036346664783967E+02,  2.461179104581137E+06,  1.317806484496525E+01,  1.807179475871094E+02,  1.806441820765004E+02,  2.571659220870721E-03,  2.712864890368889E-03,  2.731812327798188E+01,
2461166.500000000, A.D. 2026-May-06 00:00:00.0000,  5.866648712267532E-02,  2.411924730445516E-03,  5.034321498510162E+00,  3.356956497474933E+02,  1.050959993630566E+02,  2.461179139184346E+06,  1.325077935987606E+01,  1.925209569417773E+02,  1.911612290654085E+02,  2.562242496894765E-03,  2.712560263344013E-03,  2.716821329695488E+01,
2461167.500000000, A.D. 2026-May-07 00:00:00.0000,  6.221857451941901E-02,  2.394302742058847E-03,  5.040667588455993E+00,  3.355799814127886E+02,  1.063876822449982E+02,  2.461179164183606E+06,  1.332157618991441E+01,  2.046146893918327E+02,  2.018427030206518E+02,  2.553156500014754E-03,  2.712010257970661E-03,  2.702382922769689E+01,
2461168.500000000, A.D. 2026-May-08 00:00:00.0000,  6.519191498903831E-02,  2.379789800241033E-03,  5.046780326287224E+00,  3.355076089269609E+02,  1.073650286358578E+02,  2.461179178491214E+06,  1.337973645977480E+01,  2.171246017677238E+02,  2.128953130905247E+02,  2.545752265517823E-03,  2.711714730794612E-03,  2.690635955964556E+01,
2461169.500000000, A.D. 2026-May-09 00:00:00.0000,  6.735709672457620E-02,  2.369977363240961E-03,  5.051132441567568E+00,  3.354737686136781E+02,  1.078215960486516E+02,  2.461179173201747E+06,  1.341617009201822E+01,  2.302226800269773E+02,  2.246034328852810E+02,  2.541141260945262E-03,  2.712305158649564E-03,  2.683329128438654E+01,
2461170.500000000, A.D. 2026-May-10 00:00:00.0000,  6.869541120229355E-02,  2.365557410923345E-03,  5.052501149355479E+00,  3.354668341733760E+02,  1.075500776103195E+02,  2.461179135386975E+06,  1.342484075937708E+01,  2.440713049574828E+02,  2.372642962491220E+02,  2.540046982885833E-03,  2.714536554848321E-03,  2.681596053558733E+01,
2461171.500000000, A.D. 2026-May-11 00:00:00.0000,  6.941491993822835E-02,  2.366185009084363E-03,  5.050208664002630E+00,  3.354700945946560E+02,  1.064160634840005E+02,  2.461179053283224E+06,  1.340395149797545E+01,  2.587561580167507E+02,  2.511070818333261E+02,  2.542685306030586E-03,  2.719185602976808E-03,  2.685775161558700E+01,
2461172.500000000, A.D. 2026-May-12 00:00:00.0000,  6.988463775185189E-02,  2.370567064656039E-03,  5.044285778145543E+00,  3.354645751142908E+02,  1.044445244542185E+02,  2.461178923180061E+06,  1.335668317300967E+01,  2.742076189611519E+02,  2.661957157598783E+02,  2.548680691528659E-03,  2.726794318401278E-03,  2.695279923442856E+01,
2461173.500000000, A.D. 2026-May-13 00:00:00.0000,  7.047213113350637E-02,  2.376840949089845E-03,  5.035515775912507E+00,  3.354325799031098E+02,  1.018791615139893E+02,  2.461178755389822E+06,  1.329123108610990E+01,  2.901493994273437E+02,  2.823553837147069E+02,  2.557041083650635E-03,  2.737241218211426E-03,  2.708552711691400E+01,
2461174.500000000, A.D. 2026-May-14 00:00:00.0000,  7.133417592994358E-02,  2.383172966814954E-03,  5.025328500930461E+00,  3.353614241265875E+02,  9.913735188278598E+01,  2.461178573394651E+06,  1.321988316032136E+01,  3.061501986522470E+02,  2.992012598929970E+02,  2.566233089498481E-03,  2.749293212182008E-03,  2.723170815007785E+01,
2461175.500000000, A.D. 2026-May-15 00:00:00.0000,  7.229136481881437E-02,  2.388296509782051E-03,  5.015539086067363E+00,  3.352465923405921E+02,  9.663394747601991E+01,  2.461178403131260E+06,  1.315699774522826E+01,  3.218035085550993E+02,  3.162992956201587E+02,  2.574403664266428E-03,  2.760510818750805E-03,  2.736186529564191E+01,
2461176.500000000, A.D. 2026-May-16 00:00:00.0000,  7.290405287802258E-02,  2.391685825406263E-03,  5.007963834891418E+00,  3.350934089682490E+02,  9.458080230741052E+01,  2.461178259114154E+06,  1.311603590723385E+01,  3.369273955944007E+02,  3.333573582756728E+02,  2.579760846577826E-03,  2.767835867749388E-03,  2.744731735611140E+01,
2461177.500000000, A.D. 2026-May-17 00:00:00.0000,  7.272289242972321E-02,  2.393342863466234E-03,  5.003991475533111E+00,  3.349164189981632E+02,  9.290932689690773E+01,  2.461178138127350E+06,  1.310625750649132E+01,  3.516365386259943E+02,  3.503052906479562E+02,  2.581043836763592E-03,  2.768744810060951E-03,  2.746779542685605E+01,
2461178.500000000, A.D. 2026-May-18 00:00:00.0000,  7.155518822342433E-02,  2.393455259006486E-03,  5.004224189038663E+00,  3.347362167761177E+02,  9.135061769696247E+01,  2.461178023780379E+06,  1.313009709862731E+01,  6.252809863509457E+00,  7.232599056378135E+00,  2.577918718105193E-03,  2.762382177203899E-03,  2.741792366772644E+01,
2461179.500000000, A.D. 2026-May-19 00:00:00.0000,  6.958680103336541E-02,  2.392198467044531E-03,  5.008303954780391E+00,  3.345743601171509E+02,  8.960903340601291E+01,  2.461177897803342E+06,  1.318225626374052E+01,  2.112056693617501E+01,  2.424504058355448E+01,  2.571114070287729E-03,  2.750029673530926E-03,  2.730943723118371E+01,
2461180.500000000, A.D. 2026-May-20 00:00:00.0000,  6.729108235170633E-02,  2.389801091272108E-03,  5.014990359353379E+00,  3.344478502323484E+02,  8.755410181056861E+01,  2.461177752698159E+06,  1.325099007167557E+01,  3.640446941239836E+01,  4.130602154851275E+01,  2.562215334337840E-03,  2.734629577403572E-03,  2.716778127918999E+01,
2461181.500000000, A.D. 2026-May-21 00:00:00.0000,  6.517281078929223E-02,  2.386809175666915E-03,  5.022470907769405E+00,  3.343649101448850E+02,  8.534956650872719E+01,  2.461177599926084E+06,  1.332116545217916E+01,  5.195352990981030E+01,  5.813298450646725E+01,  2.553208981525391E-03,  2.719608787383867E-03,  2.702466246608392E+01,
2461182.500000000, A.D. 2026-May-22 00:00:00.0000,  6.349962377906804E-02,  2.384305994915721E-03,  5.028805966553962E+00,  3.343232620340623E+02,  8.342361610624843E+01,  2.461177467186206E+06,  1.337798534251740E+01,  6.732890916068510E+01,  7.423797171983597E+01,  2.545974412244373E-03,  2.707642829573024E-03,  2.690988147937805E+01,
2461183.500000000, A.D. 2026-May-23 00:00:00.0000,  6.219796228757794E-02,  2.383795570837482E-03,  5.032376205286721E+00,  3.343111272700576E+02,  8.226706549954964E+01,  2.461177384589481E+06,  1.341019252694455E+01,  8.200883244417459E+01,  8.912570305392769E+01,  2.541896343765970E-03,  2.699997116694458E-03,  2.684525216745896E+01,
2461184.500000000, A.D. 2026-May-24 00:00:00.0000,  6.096798122519772E-02,  2.386707093693740E-03,  5.032218724972370E+00,  3.343103108273525E+02,  8.220725045348109E+01,  2.461177370439610E+06,  1.341200427427051E+01,  9.562169442586196E+01,  1.025063841661861E+02,  2.541667425577016E-03,  2.696627757460292E-03,  2.684162580313379E+01,
2461185.500000000, A.D. 2026-May-25 00:00:00.0000,  5.950040193967895E-02,  2.393817244679942E-03,  5.028188516143143E+00,  3.343003206565454E+02,  8.331748345528605E+01,  2.461177427023773E+06,  1.338360782547926E+01,  1.080455478075511E+02,  1.143694559277502E+02,  2.545261316024943E-03,  2.696705387369943E-03,  2.689857657922732E+01,
2461186.500000000, A.D. 2026-May-26 00:00:00.0000,  5.764246424840035E-02,  2.404916747245093E-03,  5.020936883111486E+00,  3.342624967324971E+02,  8.546324111145312E+01,  2.461177545266371E+06,  1.333046378410296E+01,  1.193707523416235E+02,  1.249216804535553E+02,  2.552021558703825E-03,  2.699126370162557E-03,  2.700581208804696E+01,
2461187.500000000, A.D. 2026-May-27 00:00:00.0000,  5.545276589537931E-02,  2.418813514600817E-03,  5.011739736993781E+00,  3.341833845031212E+02,  8.839143876524183E+01,  2.461177711174386E+06,  1.326183770611652E+01,  1.298178166266641E+02,  1.344856473612410E+02,  2.560817953052099E-03,  2.702822391503381E-03,  2.714555915836337E+01,
2461188.500000000, A.D. 2026-May-28 00:00:00.0000,  5.316804719494064E-02,  2.433585964548087E-03,  5.002230430273549E+00,  3.340568982752852E+02,  9.180320693179259E+01,  2.461177910164156E+06,  1.318897630994262E+01,  1.396690940650033E+02,  1.434190946616125E+02,  2.570240640209079E-03,  2.706895315870070E-03,  2.729552252881150E+01,
2461189.500000000, A.D. 2026-May-29 00:00:00.0000,  5.112633537908461E-02,  2.446968676772439E-03,  4.994096540662008E+00,  3.338850898974899E+02,  9.540698510298030E+01,  2.461178129558316E+06,  1.312326027716372E+01,  1.492172656810769E+02,  1.520581169487771E+02,  2.578813985474059E-03,  2.710659294175679E-03,  2.743220757622627E+01,
2461190.500000000, A.D. 2026-May-30 00:00:00.0000,  4.967931620764747E-02,  2.456781297903476E-03,  4.988793394991622E+00,  3.336775509149300E+02,  9.896733186119833E+01,  2.461178360747688E+06,  1.307456637699828E+01,  1.587154601156680E+02,  1.606683201913843E+02,  2.585212907393994E-03,  2.713644516884512E-03,  2.753437396083269E+01,
2461191.500000000, A.D. 2026-May-31 00:00:00.0000,  4.911161965836692E-02,  2.461334715781104E-03,  4.987314776645369E+00,  3.334496458917622E+02,  1.023493805265424E+02,  2.461178601165771E+06,  1.304998650129132E+01,  1.683296125646310E+02,  1.694032500757964E+02,  2.588458084740505E-03,  2.715581453699905E-03,  2.758623543130696E+01,
2461192.500000000, A.D. 2026-Jun-01 00:00:00.0000,  4.957662867017641E-02,  2.459754107954885E-03,  4.990047242113596E+00,  3.332199096867244E+02,  1.055332080964342E+02,  2.461178854125111E+06,  1.305298643549293E+01,  1.781194198245850E+02,  1.782949549163573E+02,  2.588061470451025E-03,  2.716368832947166E-03,  2.757989535797790E+01,
2461193.500000000, A.D. 2026-Jun-02 00:00:00.0000,  5.105816082725783E-02,  2.452157301479822E-03,  4.996721071788287E+00,  3.330070344573763E+02,  1.085727583555777E+02,  2.461206641146131E+06,  1.308304007141968E+01,  1.880738585866258E+02,  1.873010808568499E+02,  2.584096517040007E-03,  2.716035732600193E-03,  2.751654034802137E+01,
2461194.500000000, A.D. 2026-Jun-03 00:00:00.0000,  5.336807309140917E-02,  2.439641146911160E-03,  5.006459077987873E+00,  3.328269069198333E+02,  1.115157302107835E+02,  2.461206818648969E+06,  1.313574064186828E+01,  1.981854220832790E+02,  1.963910991585570E+02,  2.577180293166615E-03,  2.714719439422071E-03,  2.740614403214935E+01,
2461195.500000000, A.D. 2026-Jun-04 00:00:00.0000,  5.618330660923773E-02,  2.424073285868063E-03,  5.017914489421587E+00,  3.326901249525235E+02,  1.143368377651771E+02,  2.461206973497270E+06,  1.320336505468822E+01,  2.085112270902692E+02,  2.056183307869366E+02,  2.568372972043248E-03,  2.712672658218433E-03,  2.726577645235765E+01,
2461196.500000000, A.D. 2026-Jun-05 00:00:00.0000,  5.911486947885429E-02,  2.407740284804541E-03,  5.029480625619568E+00,  3.326003360722725E+02,  1.169184086105596E+02,  2.461207106659384E+06,  1.327584632449426E+01,  2.191876200088349E+02,  2.151430108931950E+02,  2.559016193051028E-03,  2.710292101297514E-03,  2.711691527611247E+01,
2461197.500000000, A.D. 2026-Jun-06 00:00:00.0000,  6.179493985164491E-02,  2.392928679353851E-03,  5.039547432990343E+00,  3.325536248121346E+02,  1.190701108411186E+02,  2.461207213087806E+06,  1.334208772716630E+01,  2.304071303925962E+02,  2.252139732730739E+02,  2.550539088944442E-03,  2.708149498535034E-03,  2.698228398446152E+01,
2461198.500000000, A.D. 2026-Jun-07 00:00:00.0000,  6.396710554599121E-02,  2.381509228955101E-03,  5.046772581260160E+00,  3.325390569857931E+02,  1.205661480984499E+02,  2.461207283162610E+06,  1.339152483579929E+01,  2.423800597743164E+02,  2.361301107710260E+02,  2.544258052324371E-03,  2.707006875693642E-03,  2.688267425958987E+01,
2461199.500000000, A.D. 2026-Jun-08 00:00:00.0000,  6.556146006396922E-02,  2.374583853640665E-03,  5.050327851872003E+00,  3.325403745113335E+02,  1.211934442063568E+02,  2.461207305148076E+06,  1.341580123416547E+01,  2.552876848143553E+02,  2.481876495246276E+02,  2.541187838638615E-03,  2.707791823636564E-03,  2.683402904652483E+01,
2461200.500000000, A.D. 2026-Jun-09 00:00:00.0000,  6.672656600254545E-02,  2.372264040063950E-03,  5.050076590022711E+00,  3.325387105747999E+02,  1.208189894151018E+02,  2.461207269456246E+06,  1.341036456976317E+01,  2.692191237970675E+02,  2.616046841889523E+02,  2.541874603569203E-03,  2.711485167074457E-03,  2.684490776721350E+01,
2461201.500000000, A.D. 2026-Jun-10 00:00:00.0000,  6.778050885528555E-02,  2.373675811420516E-03,  5.046638383271872E+00,  3.325160345636583E+02,  1.194750269967398E+02,  2.461207174989752E+06,  1.337571263913290E+01,  2.840929678446025E+02,  2.764241346683356E+02,  2.546262799660810E-03,  2.718849787901105E-03,  2.691445380986725E+01,
2461202.500000000, A.D. 2026-Jun-11 00:00:00.0000,  6.905762157877354E-02,  2.377273744496932E-03,  5.041307365955606E+00,  3.324588242912452E+02,  1.174177533897993E+02,  2.461207034693156E+06,  1.331794380053143E+01,  2.996072113982299E+02,  2.924399408625029E+02,  2.553620717673764E-03,  2.729967690850594E-03,  2.703119981521734E+01,
2461203.500000000, A.D. 2026-Jun-12 00:00:00.0000,  7.069568323922058E-02,  2.381406693680802E-03,  5.035814584211989E+00,  3.323612300970678E+02,  1.150764564192878E+02,  2.461206874096032E+06,  1.324824480033318E+01,  3.152991497918705E+02,  3.092314145496391E+02,  2.562569279761369E-03,  2.743731865841936E-03,  2.717341092541906E+01,
2461204.500000000, A.D. 2026-Jun-13 00:00:00.0000,  7.249927047777993E-02,  2.384853220325071E-03,  5.031963160395755E+00,  3.322268471498832E+02,  1.128679661857179E+02,  2.461206719965891E+06,  1.318107026603413E+01,  3.307384736066305E+02,  3.263347422373212E+02,  2.571268295986755E-03,  2.757683371648439E-03,  2.731189446183838E+01,
2461205.500000000, A.D. 2026-Jun-14 00:00:00.0000,  7.400726454143226E-02,  2.387010839740379E-03,  5.031210582153400E+00,  3.320683200270171E+02,  1.109944408295796E+02,  2.461206586463477E+06,  1.313111334881186E+01,  3.457335249272253E+02,  3.434393387308763E+02,  2.577785708608491E-03,  2.768560577476603E-03,  2.741580172503604E+01,
2461206.500000000, A.D. 2026-Jun-15 00:00:00.0000,  7.474283511541716E-02,  2.387710663875396E-03,  5.034308111624259E+00,  3.319045083301775E+02,  1.093767488382086E+02,  2.461206469722650E+06,  1.310970455143918E+01,  3.969271091070324E-01,  4.623476979502470E-01,  2.580591379882198E-03,  2.773472095889000E-03,  2.746057308823784E+01,
2461207.500000000, A.D. 2026-Jun-16 00:00:00.0000,  7.448340829122720E-02,  2.386917551604069E-03,  5.041109699770393E+00,  3.317557798966161E+02,  1.077486857392759E+02,  2.461206353432988E+06,  1.312175588037859E+01,  1.504497243454595E+01,  1.747768080907909E+01,  2.579011087415651E-03,  2.771104623227232E-03,  2.743535265263701E+01,
2461208.500000000, A.D. 2026-Jun-17 00:00:00.0000,  7.338455609967687E-02,  2.384587861464857E-03,  5.050617559758733E+00,  3.316387988910090E+02,  1.058353921610587E+02,  2.461206220474849E+06,  1.316440017926232E+01,  3.000858129803088E+01,  3.457094128395556E+01,  2.573438503709388E-03,  2.762289145953918E-03,  2.734647952795468E+01,
2461209.500000000, A.D. 2026-Jun-18 00:00:00.0000,  7.188814556097693E-02,  2.380792421013924E-03,  5.061251333340745E+00,  3.315624447687966E+02,  1.035336490089361E+02,  2.461206064772602E+06,  1.322787097994545E+01,  4.544074481220620E+01,  5.169168044618930E+01,  2.565199883642196E-03,  2.749607346270468E-03,  2.721526393368894E+01,
2461210.500000000, A.D. 2026-Jun-19 00:00:00.0000,  7.046693048195714E-02,  2.376020430806718E-03,  5.071251495545309E+00,  3.315260261807513E+02,  1.010159383379693E+02,  2.461205897750661E+06,  1.329822813506807E+01,  6.120176164191611E+01,  6.857049296058183E+01,  2.556144056325688E-03,  2.736267681844658E-03,  2.707127568752280E+01,
2461211.500000000, A.D. 2026-Jun-20 00:00:00.0000,  6.936027163730428E-02,  2.371409482272382E-03,  5.079093332581202E+00,  3.315200359753447E+02,  9.868296030111703E+01,  2.461205744362689E+06,  1.336085718940176E+01,  7.690024815042248E+01,  8.477166488034001E+01,  2.548149847894930E-03,  2.724890213517478E-03,  2.694437900927216E+01,
2461212.500000000, A.D. 2026-Jun-21 00:00:00.0000,  6.847120799039424E-02,  2.368624635080051E-03,  5.083804456185505E+00,  3.315288667099045E+02,  9.697430893303573E+01,  2.461205630101224E+06,  1.340361142287302E+01,  9.208145370275317E+01,  9.987411504307109E+01,  2.542728314355339E-03,  2.716831993630628E-03,  2.685843304780282E+01,
2461213.500000000, A.D. 2026-Jun-22 00:00:00.0000,  6.747346822818845E-02,  2.369361702406780E-03,  5.085126108863684E+00,  3.315345100460627E+02,  9.617488585244755E+01,  2.461205569022416E+06,  1.341888764256306E+01,  1.064248970941612E+02,  1.136492260156292E+02,  2.540798166787774E-03,  2.712234631168769E-03,  2.682785709138248E+01,
2461214.500000000, A.D. 2026-Jun-23 00:00:00.0000,  6.601993822548233E-02,  2.374758170332992E-03,  5.083509127707974E+00,  3.315202856737330E+02,  9.634530086662768E+01,  2.461205561066730E+06,  1.340445279389669E+01,  1.198215090378739E+02,  1.261132985994455E+02,  2.542621911886496E-03,  2.710485653439999E-03,  2.685674719701464E+01,
2461215.500000000, A.D. 2026-Jun-24 00:00:00.0000,  6.391191918453507E-02,  2.385013845815736E-03,  5.079972753633744E+00,  3.314738888432992E+02,  9.736967490474628E+01,  2.461205597066261E+06,  1.336320047756114E+01,  1.323348888664925E+02,  1.374650262879149E+02,  2.547851953993529E-03,  2.710690062171323E-03,  2.693965420967045E+01,
2461216.500000000, A.D. 2026-Jun-25 00:00:00.0000,  6.116889754858576E-02,  2.399314492422256E-03,  5.075874567384655E+00,  3.313893353412768E+02,  9.904176471477297E+01,  2.461205665371337E+06,  1.330216115652139E+01,  1.441239765462226E+02,  1.479886724170341E+02,  2.555640185074103E-03,  2.711965877725949E-03,  2.706327158151365E+01,
2461217.500000000, A.D. 2026-Jun-26 00:00:00.0000,  5.801242865115856E-02,  2.415994756873769E-03,  5.072645350627479E+00,  3.312676395359900E+02,  1.011390979374548E+02,  2.461205756735384E+06,  1.323108762146367E+01,  1.553761630989166E+02,  1.579734365686860E+02,  2.564784112187682E-03,  2.713573467501594E-03,  2.720864756545052E+01,
2461218.500000000, A.D. 2026-Jun-27 00:00:00.0000,  5.479922102327764E-02,  2.432850470065816E-03,  5.071537817098618E+00,  3.311162711992635E+02,  1.034786818731286E+02,  2.461205867366010E+06,  1.316087453036759E+01,  1.662565109254282E+02,  1.676549523934543E+02,  2.573898079834031E-03,  2.714945689602246E-03,  2.735380533940436E+01,
2461219.500000000, A.D. 2026-Jun-28 00:00:00.0000,  5.193190563904804E-02,  2.447535073098255E-03,  5.073426911027480E+00,  3.309476036399952E+02,  1.059606846493875E+02,  2.461206000815943E+06,  1.310200252405471E+01,  1.768663435824908E+02,  1.771718071522308E+02,  2.581602616580006E-03,  2.715670160061758E-03,  2.747671581798701E+01,
2461220.500000000, A.D. 2026-Jun-29 00:00:00.0000,  4.976755758262148E-02,  2.457984760620933E-03,  5.078685245425111E+00,  3.307766853920301E+02,  1.085929343087597E+02,  2.461233726651887E+06,  1.306314565922722E+01,  1.872183198179560E+02,  1.865435004024763E+02,  2.586719470835845E-03,  2.715454181050756E-03,  2.755844644093913E+01,
2461221.500000000, A.D. 2026-Jun-30 00:00:00.0000,  4.854188730653156E-02,  2.462801692414120E-03,  5.087143210520543E+00,  3.306187293988869E+02,  1.114714763486690E+02,  2.461233970993996E+06,  1.305004811367524E+01,  1.972529283308592E+02,  1.956938837536118E+02,  2.588449937582866E-03,  2.714098182751611E-03,  2.758610519012213E+01,
2461222.500000000, A.D. 2026-Jul-01 00:00:00.0000,  4.832610286096987E-02,  2.461511053380654E-03,  5.098131427919134E+00,  3.304867112111355E+02,  1.147030589354560E+02,  2.461234217716199E+06,  1.306475645800495E+01,  2.069108916150339E+02,  2.045335062249910E+02,  2.586506849437156E-03,  2.711502645493659E-03,  2.755504866525264E+01,
2461223.500000000, A.D. 2026-Jul-02 00:00:00.0000,  4.902480375247667E-02,  2.454630798336423E-03,  5.110594515405443E+00,  3.303894095783717E+02,  1.183037194997963E+02,  2.461234470552602E+06,  1.310527937397337E+01,  2.162278432569333E+02,  2.130659833382750E+02,  2.581172261928820E-03,  2.707713725521217E-03,  2.746984552766936E+01,
2461224.500000000, A.D. 2026-Jul-03 00:00:00.0000,  5.040873459549507E-02,  2.443550155341611E-03,  5.123259305084177E+00,  3.303301317356688E+02,  1.221398454355253E+02,  2.461234724603041E+06,  1.316573010878510E+01,  2.253856358920796E+02,  2.214513077150262E+02,  2.573265197738221E-03,  2.702980240134831E-03,  2.734371713725035E+01,
2461225.500000000, A.D. 2026-Jul-04 00:00:00.0000,  5.216989872039085E-02,  2.430257868441618E-03,  5.134836556900751E+00,  3.303062684047842E+02,  1.259425859495250E+02,  2.461234966635173E+06,  1.323698193515968E+01,  2.346903212315922E+02,  2.299945289018950E+02,  2.564022671532242E-03,  2.697787474622865E-03,  2.719653178975628E+01,
2461226.500000000, A.D. 2026-Jul-05 00:00:00.0000,  5.399193844441152E-02,  2.416969781017631E-03,  5.144231436479176E+00,  3.303097368380401E+02,  1.293673635562212E+02,  2.461235178642067E+06,  1.330782842051642E+01,  2.445061204533619E+02,  2.390873966357791E+02,  2.554914571280963E-03,  2.692859361544295E-03,  2.705174643257310E+01,
2461227.500000000, A.D. 2026-Jul-06 00:00:00.0000,  5.563188039231863E-02,  2.405704048661951E-03,  5.150733902292718E+00,  3.303282919553681E+02,  1.320582206506481E+02,  2.461235341436863E+06,  1.336658441041138E+01,  2.551867722658911E+02,  2.491426399343408E+02,  2.547421920237367E-03,  2.689139791812783E-03,  2.693283406938216E+01,
2461228.500000000, A.D. 2026-Jul-07 00:00:00.0000,  5.700018543663634E-02,  2.397866760830811E-03,  5.154156606600772E+00,  3.303475964153840E+02,  1.337078522347007E+02,  2.461235437674638E+06,  1.340298733775532E+01,  2.670144346732844E+02,  2.605295463944647E+02,  2.542807245345105E-03,  2.687747729859399E-03,  2.685968366066451E+01,
2461229.500000000, A.D. 2026-Jul-08 00:00:00.0000,  5.820751064263943E-02,  2.393942574345359E-03,  5.154887871228637E+00,  3.303538175123444E+02,  1.341309886179221E+02,  2.461235455991014E+06,  1.341016152932901E+01,  2.801291984310471E+02,  2.734928980725892E+02,  2.541900260830158E-03,  2.689857947314958E-03,  2.684531422031371E+01,
2461230.500000000, A.D. 2026-Jul-09 00:00:00.0000,  5.953071888906852E-02,  2.393419229188196E-03,  5.153834937563631E+00,  3.303363582165643E+02,  1.333567505946521E+02,  2.461235397264614E+06,  1.338629913437247E+01,  2.944437509366201E+02,  2.880497812402448E+02,  2.544920155564214E-03,  2.696421081940232E-03,  2.689316863356321E+01,
2461231.500000000, A.D. 2026-Jul-10 00:00:00.0000,  6.126535077401594E-02,  2.395053545904712E-03,  5.152251378536400E+00,  3.302901691947892E+02,  1.316863335499138E+02,  2.461235279638969E+06,  1.333561960800539E+01,  3.095961724475281E+02,  3.039188553607132E+02,  2.551363740413233E-03,  2.707673934921755E-03,  2.699537108751147E+01,
2461232.500000000, A.D. 2026-Jul-11 00:00:00.0000,  6.351027388896305E-02,  2.397417967073777E-03,  5.151471785358570E+00,  3.302170152021764E+02,  1.296144598736076E+02,  2.461235134821951E+06,  1.326815877343443E+01,  3.250407640112158E+02,  3.205858723875725E+02,  2.560004557689640E-03,  2.722591148305502E-03,  2.713262677567543E+01,
2461233.500000000, A.D. 2026-Jul-12 00:00:00.0000,  6.603201437960604E-02,  2.399416035844574E-03,  5.152609591581387E+00,  3.301251915404311E+02,  1.275991602041958E+02,  2.461234993415203E+06,  1.319810006709966E+01,  3.402897567078219E+02,  3.375246615001420E+02,  2.569055977064082E-03,  2.738695918283590E-03,  2.727665331901908E+01,
2461234.500000000, A.D. 2026-Jul-13 00:00:00.0000,  6.834008623244334E-02,  2.400444212248997E-03,  5.156296795194875E+00,  3.300275629438423E+02,  1.258406705073623E+02,  2.461234869682602E+06,  1.314075917808893E+01,  3.551420899559687E+02,  3.544174807204094E+02,  2.576524090793814E-03,  2.752603969338630E-03,  2.739567745829088E+01,
2461235.500000000, A.D. 2026-Jul-14 00:00:00.0000,  6.993909275712906E-02,  2.400205625839844E-03,  5.162542660603529E+00,  3.299383499054881E+02,  1.242358860115468E+02,  2.461234757733492E+06,  1.310889784250764E+01,  9.730295820414439E+00,  1.121183171458820E+01,  2.580697250199624E-03,  2.761188874559404E-03,  2.746226298542383E+01,
2461236.500000000, A.D. 2026-Jul-15 00:00:00.0000,  7.058944846509364E-02,  2.398454315984119E-03,  5.170755678438634E+00,  3.298695787400580E+02,  1.225022162349063E+02,  2.461234639462763E+06,  1.310949582314296E+01,  2.439070513901647E+01,  2.801940564101179E+01,  2.580618771782944E-03,  2.762783227581769E-03,  2.746101031318618E+01,
2461237.500000000, A.D. 2026-Jul-16 00:00:00.0000,  7.042148316249823E-02,  2.394919015865624E-03,  5.179919165395095E+00,  3.298282629104335E+02,  1.203681929968044E+02,  2.461234497366421E+06,  1.314209604016921E+01,  3.946089886961502E+01,  4.495390009879964E+01,  2.576349358861396E-03,  2.757779701857167E-03,  2.739289066977209E+01,
2461238.500000000, A.D. 2026-Jul-17 00:00:00.0000,  6.984411922270140E-02,  2.389484322163283E-03,  5.188860472919437E+00,  3.298150843751631E+02,  1.177479051382421E+02,  2.461234326236766E+06,  1.319924511084836E+01,  5.509052395893051E+01,  6.198153795458228E+01,  2.568907396646759E-03,  2.748330471130234E-03,  2.727428705025855E+01,
2461239.500000000, A.D. 2026-Jul-18 00:00:00.0000,  6.929863086461527E-02,  2.382534486875580E-03,  5.196530611728681E+00,  3.298247633881710E+02,  1.148303491492082E+02,  2.461234138638448E+06,  1.326870391901250E+01,  7.113831904585999E+01,  7.884579195146533E+01,  2.559934438571783E-03,  2.737334390267986E-03,  2.713151202990987E+01,
2461240.500000000, A.D. 2026-Jul-19 00:00:00.0000,  6.900125785087469E-02,  2.375210045941540E-03,  5.202221613450640E+00,  3.298477616295702E+02,  1.120187661565348E+02,  2.461233959796667E+06,  1.333651558419074E+01,  8.722352367911959E+01,  9.512916283874105E+01,  2.551249468348996E-03,  2.727288890756452E-03,  2.699355747964243E+01,
2461241.500000000, A.D. 2026-Jul-20 00:00:00.0000,  6.883632577248612E-02,  2.369305851299396E-03,  5.205680603501243E+00,  3.298726807127526E+02,  1.097386284459466E+02,  2.461233814043016E+06,  1.338995492745348E+01,  1.029146175897445E+02,  1.104363628061255E+02,  2.544456916518950E-03,  2.719607981738504E-03,  2.688582612491776E+01,
2461242.500000000, A.D. 2026-Jul-21 00:00:00.0000,  6.845141941910381E-02,  2.366780068520773E-03,  5.207113910288186E+00,  3.298887111344642E+02,  1.082514686008524E+02,  2.461233713070549E+06,  1.341971137589948E+01,  1.179180571193597E+02,  1.245668811977980E+02,  2.540694192293109E-03,  2.714608316065445E-03,  2.682621033463696E+01,
2461243.500000000, A.D. 2026-Jul-22 00:00:00.0000,  6.745783310127715E-02,  2.369143990334347E-03,  5.207099839158408E+00,  3.298876402505430E+02,  1.075936768821076E+02,  2.461233653805622E+06,  1.342107490244956E+01,  1.321465122527183E+02,  1.375623032140821E+02,  2.540522106590858E-03,  2.711900222847369E-03,  2.682348490092208E+01,
2461244.500000000, A.D. 2026-Jul-23 00:00:00.0000,  6.560366757886318E-02,  2.377029563742123E-03,  5.206442329743479E+00,  3.298651260535166E+02,  1.076284417136877E+02,  2.461233623904443E+06,  1.339419386454504E+01,  1.456765323826930E+02,  1.496428248245887E+02,  2.543920048982796E-03,  2.710810534223468E-03,  2.687731741384857E+01,
2461245.500000000, A.D. 2026-Jul-24 00:00:00.0000,  6.285714798604908E-02,  2.390037849243555E-03,  5.206001643791678E+00,  3.298211278956737E+02,  1.081342979030743E+02,  2.461233608891269E+06,  1.334360861896462E+01,  1.586703009533495E+02,  1.611103981763017E+02,  2.550345279918942E-03,  2.710652710594329E-03,  2.697920856943822E+01,
2461246.500000000, A.D. 2026-Jul-25 00:00:00.0000,  5.940568837252640E-02,  2.406822329637392E-03,  5.206535231874006E+00,  3.297595399256831E+02,  1.088845899768315E+02,  2.461233597842792E+06,  1.327728389571231E+01,  1.713056041219010E+02,  1.722640509088532E+02,  2.558831474828890E-03,  2.710840620020387E-03,  2.711397924663315E+01,
2461247.500000000, A.D. 2026-Jul-26 00:00:00.0000,  5.559769156299538E-02,  2.425336672687536E-03,  5.208574248254930E+00,  3.296871929431771E+02,  1.097149245247130E+02,  2.461260849475291E+06,  1.320533056148380E+01,  1.837157659568651E+02,  1.833297221880811E+02,  2.568118111339110E-03,  2.710899549990684E-03,  2.726171816175643E+01,
2461248.500000000, A.D. 2026-Jul-27 00:00:00.0000,  5.185056385682351E-02,  2.443201446994618E-03,  5.212350950285559E+00,  3.296124674504846E+02,  1.105865092596305E+02,  2.461260987596343E+06,  1.313856817439826E+01,  1.959308641164726E+02,  1.943960845365501E+02,  2.576810525704599E-03,  2.710419604414580E-03,  2.740024599495506E+01,
2461249.500000000, A.D. 2026-Jul-28 00:00:00.0000,  4.854604881782045E-02,  2.458146008042220E-03,  5.217781668198305E+00,  3.295437874258197E+02,  1.116333528203642E+02,  2.461261127381760E+06,  1.308705463667697E+01,  2.078318196287690E+02,  2.053678732534143E+02,  2.583568027635997E-03,  2.708990047229774E-03,  2.750809941536320E+01,
2461250.500000000, A.D. 2026-Jul-29 00:00:00.0000,  4.594124304731652E-02,  2.468442048914722E-03,  5.224501125929470E+00,  3.294882426935055E+02,  1.131506491856149E+02,  2.461261285149092E+06,  1.305870307260588E+01,  2.191599404105389E+02,  2.159790603561025E+02,  2.587306107643792E-03,  2.706170166372862E-03,  2.756782185783796E+01,
2461251.500000000, A.D. 2026-Jul-30 00:00:00.0000,  4.412877921798399E-02,  2.473205795492440E-03,  5.231937739005071E+00,  3.294505317151412E+02,  1.154846171144871E+02,  2.461261484452486E+06,  1.305811423416351E+01,  2.296218788784228E+02,  2.259053695101369E+02,  2.587383887830690E-03,  2.701561980168940E-03,  2.756906499241245E+01,
2461252.500000000, A.D. 2026-Jul-31 00:00:00.0000,  4.306001983535641E-02,  2.472481944745631E-03,  5.239416106028032E+00,  3.294323465382651E+02,  1.188525144654070E+02,  2.461261741963175E+06,  1.308576520204351E+01,  2.390618398858345E+02,  2.349471732745223E+02,  2.583737743217955E-03,  2.694993541690279E-03,  2.751080998639510E+01,
2461253.500000000, A.D. 2026-Aug-01 00:00:00.0000,  4.260447442372584E-02,  2.467135748305813E-03,  5.246271404505440E+00,  3.294322547400445E+02,  1.231949570641509E+02,  2.461262055547984E+06,  1.313769842824320E+01,  2.475997907008301E+02,  2.431802845009943E+02,  2.576924251678321E-03,  2.686712755050830E-03,  2.740205995489120E+01,
2461254.500000000, A.D. 2026-Aug-02 00:00:00.0000,  4.260191000520887E-02,  2.458648801340207E-03,  5.251959770952791E+00,  3.294460764177630E+02,  1.281455887081984E+02,  2.461262401672109E+06,  1.320583468402553E+01,  2.556518243977857E+02,  2.509890562340224E+02,  2.568052753639381E-03,  2.677456705938555E-03,  2.726067746671665E+01,
2461255.500000000, A.D. 2026-Aug-03 00:00:00.0000,  4.289385113395968E-02,  2.448865139236651E-03,  5.256148482410134E+00,  3.294677032478431E+02,  1.331180131567687E+02,  2.461262741955625E+06,  1.327897715703983E+01,  2.638342366833269E+02,  2.589811890886663E+02,  2.558613944898396E-03,  2.668362750560141E-03,  2.711052182277054E+01,
2461256.500000000, A.D. 2026-Aug-04 00:00:00.0000,  4.335756488191041E-02,  2.439662735640472E-03,  5.258770343458866E+00,  3.294902513148714E+02,  1.374521314244015E+02,  2.461263033729769E+06,  1.334447649304142E+01,  2.728107966900286E+02,  2.678413802860251E+02,  2.550234702205444E-03,  2.660806668770417E-03,  2.697745394416369E+01,
2461257.500000000, A.D. 2026-Aug-05 00:00:00.0000,  4.396100464443581E-02,  2.432546990774244E-03,  5.260029561346751E+00,  3.295073742232280E+02,  1.405677594397341E+02,  2.461263240169268E+06,  1.339039289610006E+01,  2.831368782102338E+02,  2.781753574234554E+02,  2.544401434033081E-03,  2.656255877291918E-03,  2.688494675199932E+01,
2461258.500000000, A.D. 2026-Aug-06 00:00:00.0000,  4.481439243535908E-02,  2.428266983451865E-03,  5.260353247302901E+00,  3.295144975462622E+02,  1.421125966643214E+02,  2.461263339372064E+06,  1.340783850456467E+01,  2.951144809023324E+02,  2.903569744229875E+02,  2.542193856587746E-03,  2.656120729723628E-03,  2.684996540474729E+01,
2461259.500000000, A.D. 2026-Aug-07 00:00:00.0000,  4.615356401946018E-02,  2.426648138928930E-03,  5.260294078128723E+00,  3.295096993903887E+02,  1.420977181520116E+02,  2.461263332945710E+06,  1.339304248574091E+01,  3.086651952594434E+02,  3.043854710315046E+02,  2.544065844765014E-03,  2.661483550601098E-03,  2.687962801456644E+01,
2461260.500000000, A.D. 2026-Aug-08 00:00:00.0000,  4.820393802282604E-02,  2.426803185775069E-03,  5.260403591327536E+00,  3.294939949048266E+02,  1.409400787149386E+02,  2.461263249306828E+06,  1.334860212382000E+01,  3.233005970324321E+02,  3.198344173517331E+02,  2.549709210535974E-03,  2.672615235296878E-03,  2.696911606628799E+01,
2461261.500000000, A.D. 2026-Aug-09 00:00:00.0000,  5.097664217725742E-02,  2.427641351952157E-03,  5.261107150696698E+00,  3.294709105210451E+02,  1.392856305737440E+02,  2.461263132554762E+06,  1.328343301960341E+01,  3.383140681732679E+02,  3.360206619463770E+02,  2.558041729891319E-03,  2.688442107830482E-03,  2.710142773097283E+01,
2461262.500000000, A.D. 2026-Aug-10 00:00:00.0000,  5.416139120419764E-02,  2.428308859322434E-03,  5.262614713785302E+00,  3.294454378333314E+02,  1.376638894511458E+02,  2.461263019274578E+06,  1.321117476902311E+01,  3.531397727928355E+02,  3.523452005032768E+02,  2.567360685787656E-03,  2.706412512252879E-03,  2.724965843644047E+01,
2461263.500000000, A.D. 2026-Aug-11 00:00:00.0000,  5.723143296159533E-02,  2.428266391571911E-03,  5.264892438944479E+00,  3.294226647573865E+02,  1.362461894252311E+02,  2.461262921706988E+06,  1.314724982176197E+01,  7.602962692011493E+00,  8.536629305800519E+00,  2.575676021104544E-03,  2.723085650637177E-03,  2.738215253231975E+01,
2461264.500000000, A.D. 2026-Aug-12 00:00:00.0000,  5.969245736989293E-02,  2.427094743186647E-03,  5.267700771197465E+00,  3.294064959500965E+02,  1.348641277642599E+02,  2.461262828720919E+06,  1.310528750194837E+01,  2.190259284924192E+01,  2.464232515740876E+01,  2.581171194690080E-03,  2.735247646193512E-03,  2.746982849071251E+01,
2461265.500000000, A.D. 2026-Aug-13 00:00:00.0000,  6.131200877450403E-02,  2.424311907708964E-03,  5.270682628164239E+00,  3.293988322048300E+02,  1.331913275066587E+02,  2.461262718359608E+06,  1.309395724483960E+01,  3.642268036446331E+01,  4.086308025868563E+01,  2.582659979003167E-03,  2.741008050297370E-03,  2.749359825058830E+01,
2461266.500000000, A.D. 2026-Aug-14 00:00:00.0000,  6.220830101934393E-02,  2.419385269219533E-03,  5.273470346736524E+00,  3.293993961943360E+02,  1.309509969122817E+02,  2.461262572347815E+06,  1.311516611943856E+01,  5.151181086707140E+01,  5.736447783898530E+01,  2.579874903829191E-03,  2.740364538438847E-03,  2.744913764122501E+01,
2461267.500000000, A.D. 2026-Aug-15 00:00:00.0000,  6.275830971906030E-02,  2.411975516221371E-03,  5.275778143274546E+00,  3.294061596149414E+02,  1.280833751106539E+02,  2.461262387579872E+06,  1.316405908855882E+01,  6.730020065329759E+01,  7.412532375676406E+01,  2.573482956672978E-03,  2.734990397124584E-03,  2.734718809587265E+01,
2461268.500000000, A.D. 2026-Aug-16 00:00:00.0000,  6.336661285111980E-02,  2.402321819495022E-03,  5.277456927800792E+00,  3.294161498375325E+02,  1.248186294359632E+02,  2.461262180361949E+06,  1.323059698440941E+01,  8.361258414113264E+01,  9.087341665728785E+01,  2.564847519270810E-03,  2.727373219046599E-03,  2.720965655776642E+01,
2461269.500000000, A.D. 2026-Aug-17 00:00:00.0000,  6.421966973080721E-02,  2.391533137009086E-03,  5.278503881497353E+00,  3.294263497192866E+02,  1.215934271234827E+02,  2.461261979218610E+06,  1.330203333283926E+01,  1.000416847410556E+02,  1.071695092951034E+02,  2.555656557048086E-03,  2.719779977087086E-03,  2.706353164153134E+01,
2461270.500000000, A.D. 2026-Aug-18 00:00:00.0000,  6.517769458115964E-02,  2.381512117771727E-03,  5.279033152703115E+00,  3.294344425585963E+02,  1.188393621674311E+02,  2.461261809316858E+06,  1.336552965021275E+01,  1.161555832208982E+02,  1.226132354643553E+02,  2.547555940810278E-03,  2.713599763848829E-03,  2.693495951312857E+01,
2461271.500000000, A.D. 2026-Aug-19 00:00:00.0000,  6.586009675120048E-02,  2.374468296571657E-03,  5.279222448376015E+00,  3.294392481793913E+02,  1.167940047304335E+02,  2.461261680104587E+06,  1.341034931814930E+01,  1.316882277603014E+02,  1.370233603882178E+02,  2.541876530821142E-03,  2.709284765070628E-03,  2.684493829797432E+01,
2461272.500000000, A.D. 2026-Aug-20 00:00:00.0000,  6.583827962610610E-02,  2.372282688949102E-03,  5.279252862737874E+00,  3.294408005500821E+02,  1.154511612076028E+02,  2.461261583957003E+06,  1.342935667466957E+01,  1.465954348774016E+02,  1.504784591309144E+02,  2.539477520016134E-03,  2.706672351083167E-03,  2.680694308157229E+01,
2461273.500000000, A.D. 2026-Aug-21 00:00:00.0000,  6.481083988553686E-02,  2.376022058492357E-03,  5.279257456996588E+00,  3.294401061539676E+02,  1.146244658783306E+02,  2.461261502732513E+06,  1.341977584169689E+01,  1.610006403965382E+02,  1.632454484753754E+02,  2.540686055644125E-03,  2.705350052795892E-03,  2.682608146713121E+01,
2461274.500000000, A.D. 2026-Aug-22 00:00:00.0000,  6.269869747797276E-02,  2.385714838375382E-03,  5.279289571165545E+00,  3.294386848572709E+02,  1.140414783636060E+02,  2.461261415660611E+06,  1.338328729193729E+01,  1.751114730715080E+02,  1.756792668225126E+02,  2.545301955684967E-03,  2.704889072994552E-03,  2.689922080779665E+01,
2461275.500000000, A.D. 2026-Aug-23 00:00:00.0000,  5.965896809490169E-02,  2.400356985581719E-03,  5.279316022371195E+00,  3.294380273765722E+02,  1.134266693485825E+02,  2.461288321420405E+06,  1.332557919719118E+01,  1.891471469735540E+02,  1.881351221009226E+02,  2.552645161850143E-03,  2.704933338118566E-03,  2.701571126273312E+01,
2461276.500000000, A.D. 2026-Aug-24 00:00:00.0000,  5.603486294365579E-02,  2.418097562814751E-03,  5.279234437795052E+00,  3.294391053355600E+02,  1.125779111687387E+02,  2.461288323749827E+06,  1.325546511765511E+01,  2.032706966135018E+02,  2.008882502722585E+02,  2.561638632497948E-03,  2.705179702181144E-03,  2.715860943427113E+01,
2461277.500000000, A.D. 2026-Aug-25 00:00:00.0000,  5.225571295802649E-02,  2.436585208585848E-03,  5.278909018607197E+00,  3.294420455873598E+02,  1.114500882438499E+02,  2.461288307967213E+06,  1.318366397519371E+01,  2.175113920170020E+02,  2.140471893004419E+02,  2.570931043214969E-03,  2.705276877844089E-03,  2.730652121272003E+01,
2461278.500000000, A.D. 2026-Aug-26 00:00:00.0000,  4.870485015524520E-02,  2.453453243474449E-03,  5.278215710835775E+00,  3.294460387886763E+02,  1.102306152864267E+02,  2.461288278591599E+06,  1.312133466848674E+01,  2.316918270372355E+02,  2.274756318112777E+02,  2.579066280191627E-03,  2.704679316908806E-03,  2.743623336310482E+01,
2461279.500000000, A.D. 2026-Aug-27 00:00:00.0000,  4.559653334562154E-02,  2.466844280554565E-03,  5.277086254172150E+00,  3.294495034141686E+02,  1.093459931101580E+02,  2.461288260945209E+06,  1.307847710757181E+01,  2.454201786427499E+02,  2.407838615903311E+02,  2.584697527558219E-03,  2.702550774561874E-03,  2.752614062317524E+01,
2461280.500000000, A.D. 2026-Aug-28 00:00:00.0000,  4.292713438232244E-02,  2.475778960908791E-03,  5.275540699215864E+00,  3.294504780001374E+02,  1.093411380114610E+02,  2.461288292935735E+06,  1.306235465050477E+01,  2.582059096607637E+02,  2.534483978283536E+02,  2.586823898001714E-03,  2.697868835094638E-03,  2.756011528029430E+01,
2461281.500000000, A.D. 2026-Aug-29 00:00:00.0000,  4.054087642504624E-02,  2.480205945710464E-03,  5.273699499070239E+00,  3.294471693537922E+02,  1.106701705561953E+02,  2.461288408710282E+06,  1.307614918049635E+01,  2.696606737059375E+02,  2.650215803355820E+02,  2.585004284986308E-03,  2.689802624262153E-03,  2.753104106038769E+01,
2461282.500000000, A.D. 2026-Aug-30 00:00:00.0000,  3.827031842656496E-02,  2.480771620832229E-03,  5.271769238983600E+00,  3.294385435998080E+02,  1.135221287092209E+02,  2.461288624215086E+06,  1.311810550961098E+01,  2.796619003421166E+02,  2.753078696585945E+02,  2.579489505589107E-03,  2.678207390345985E-03,  2.744298707890755E+01,
2461283.500000000, A.D. 2026-Aug-31 00:00:00.0000,  3.605811985054509E-02,  2.478509056132890E-03,  5.270000792864792E+00,  3.294248144792725E+02,  1.177505502455613E+02,  2.461288931008094E+06,  1.318142237774105E+01,  2.884115883705163E+02,  2.844377486289875E+02,  2.571222505394836E-03,  2.663935954656781E-03,  2.731116488672101E+01,
2461284.500000000, A.D. 2026-Sep-01 00:00:00.0000,  3.399653807288226E-02,  2.474600899026993E-03,  5.268625344571709E+00,  3.294076714843629E+02,  1.228776414059261E+02,  2.461289296539710E+06,  1.325507051045427E+01,  2.964215279350385E+02,  2.928678360797496E+02,  2.561689472717122E-03,  2.648778046407251E-03,  2.715941795376101E+01,
2461285.500000000, A.D. 2026-Sep-02 00:00:00.0000,  3.229079810207482E-02,  2.470221581311201E-03,  5.267781517775463E+00,  3.293901181571726E+02,  1.281495852766483E+02,  2.461289668640580E+06,  1.332555193608881E+01,  3.044505634438995E+02,  3.013295987693293E+02,  2.552648643276787E-03,  2.635075705242373E-03,  2.701576653084313E+01,
2461286.500000000, A.D. 2026-Sep-03 00:00:00.0000,  3.119760461373155E-02,  2.466374293240500E-03,  5.267453552314835E+00,  3.293758735055327E+02,  1.326945183974898E+02,  2.461289987132533E+06,  1.337938330008834E+01,  3.133443172266577E+02,  3.106739872036580E+02,  2.545797063452902E-03,  2.625219833665305E-03,  2.690706977485451E+01,
2461287.500000000, A.D. 2026-Sep-04 00:00:00.0000,  3.097951378135224E-02,  2.463681515305379E-03,  5.267442568753449E+00,  3.293684218238128E+02,  1.358350384746977E+02,  2.461290205784760E+06,  1.340585007042104E+01,  3.237266551824532E+02,  3.215592708778713E+02,  2.542445232421515E-03,  2.621208949537651E-03,  2.685394794876245E+01,
2461288.500000000, A.D. 2026-Sep-05 00:00:00.0000,  3.185569206106926E-02,  2.462241606986867E-03,  5.267387372878552E+00,  3.293699404941261E+02,  1.374383047323830E+02,  2.461290316524359E+06,  1.339941733145249E+01,  3.356596320153002E+02,  3.340987429810860E+02,  2.543258878656942E-03,  2.624276150327018E-03,  2.686683988526657E+01,
2461289.500000000, A.D. 2026-Sep-06 00:00:00.0000,  3.390142709222976E-02,  2.461725875637898E-03,  5.266837606888481E+00,  3.293804285654895E+02,  1.379777539971300E+02,  2.461290353510316E+06,  1.336116701004287E+01,  3.485961061192830E+02,  3.477947811617722E+02,  2.548110456501947E-03,  2.634495037365996E-03,  2.694375421917915E+01,
2461290.500000000, A.D. 2026-Sep-07 00:00:00.0000,  3.693660503678427E-02,  2.461658173997728E-03,  5.265364257430703E+00,  3.293973440751752E+02,  1.381372836070376E+02,  2.461290365322098E+06,  1.329880021716129E+01,  1.791054508581518E+00,  1.929730863448978E+00,  2.556070749726451E-03,  2.650483325455174E-03,  2.707011114697715E+01,
2461291.500000000, A.D. 2026-Sep-08 00:00:00.0000,  4.052582489862508E-02,  2.461588532098938E-03,  5.262677722020728E+00,  3.294159223816403E+02,  1.383197274457876E+02,  2.461290380454953E+06,  1.322508623320625E+01,  1.480607978517884E+01,  1.605370579898795E+01,  2.565559966050002E-03,  2.669531400001067E-03,  2.722099452902567E+01,
2461292.500000000, A.D. 2026-Sep-09 00:00:00.0000,  4.412565285972370E-02,  2.461045740143174E-03,  5.258718597797229E+00,  3.294301378432293E+02,  1.384974006664860E+02,  2.461290396921647E+06,  1.315507866248086E+01,  2.766616116799733E+01,  3.013350724889968E+01,  2.574654030109683E-03,  2.688262320076191E-03,  2.736585688588419E+01,
2461293.500000000, A.D. 2026-Sep-10 00:00:00.0000,  4.728936160826878E-02,  2.459419431143194E-03,  5.253693624373267E+00,  3.294340702359884E+02,  1.383674621474723E+02,  2.461290393473329E+06,  1.310280838199025E+01,  4.070422370726686E+01,  4.440110616277757E+01,  2.581496765161492E-03,  2.703574099179790E-03,  2.747502592610743E+01,
2461294.500000000, A.D. 2026-Sep-11 00:00:00.0000,  4.982625117572306E-02,  2.455929689692160E-03,  5.248045671789717E+00,  3.294233203291189E+02,  1.375727092710398E+02,  2.461290345554874E+06,  1.307833372222783E+01,  5.433321979390121E+01,  5.914073152921097E+01,  2.584716419213928E-03,  2.713503148735697E-03,  2.752644240819050E+01,
2461295.500000000, A.D. 2026-Sep-12 00:00:00.0000,  5.185135341197628E-02,  2.449752371548357E-03,  5.242365527616240E+00,  3.293961177373077E+02,  1.358850604812168E+02,  2.461290238564335E+06,  1.308588597325930E+01,  6.885054716412435E+01,  7.451534589578499E+01,  2.583721846109210E-03,  2.717691320670062E-03,  2.751055608582037E+01,
2461296.500000000, A.D. 2026-Sep-13 00:00:00.0000,  5.369597629086321E-02,  2.440318244992414E-03,  5.237267798546210E+00,  3.293538613169843E+02,  1.333381661685972E+02,  2.461290077038651E+06,  1.312345230821177E+01,  8.429142693475656E+01,  9.044330687571700E+01,  2.578788828802961E-03,  2.717259412613508E-03,  2.743180616999204E+01,
2461297.500000000, A.D. 2026-Sep-14 00:00:00.0000,  5.570195143359902E-02,  2.427723128866032E-03,  5.233259887051092E+00,  3.293009815101530E+02,  1.302621138571614E+02,  2.461289885938399E+06,  1.318368057808702E+01,  1.003813560500323E+02,  1.065699697097911E+02,  2.570928884743238E-03,  2.714134640620443E-03,  2.730648682420041E+01,
2461298.500000000, A.D. 2026-Sep-15 00:00:00.0000,  5.800165706509682E-02,  2.413034406198423E-03,  5.230631871432430E+00,  3.292441668240219E+02,  1.271577498189126E+02,  2.461289699807557E+06,  1.325567062835514E+01,  1.166524524882529E+02,  1.223957966436479E+02,  2.561612156004797E-03,  2.710189905811170E-03,  2.715818837788000E+01,
2461299.500000000, A.D. 2026-Sep-16 00:00:00.0000,  6.042124131821693E-02,  2.398226101068321E-03,  5.229388623531286E+00,  3.291911205625649E+02,  1.244622589376077E+02,  2.461289544864797E+06,  1.332712173228403E+01,  1.326732987129056E+02,  1.375097925013017E+02,  2.552448189051231E-03,  2.706670277034142E-03,  2.701258435479919E+01,
2461300.500000000, A.D. 2026-Sep-17 00:00:00.0000,  6.255933972727226E-02,  2.385700618703271E-03,  5.229236307384490E+00,  3.291490939668025E+02,  1.223744048803328E+02,  2.461289427258601E+06,  1.338639182017235E+01,  1.482240548820848E+02,  1.517610470697092E+02,  2.544908408399102E-03,  2.704116198094933E-03,  2.689298242843194E+01,
2461301.500000000, A.D. 2026-Sep-18 00:00:00.0000,  6.396497414358332E-02,  2.377650118832636E-03,  5.229625373951848E+00,  3.291234729095810E+02,  1.208350220257052E+02,  2.461289333855667E+06,  1.342418713452730E+01,  1.633205982347107E+02,  1.652739580822027E+02,  2.540129432290450E-03,  2.702608745748263E-03,  2.681726620705937E+01,
2461302.500000000, A.D. 2026-Sep-19 00:00:00.0000,  6.430541548005844E-02,  2.375539122051279E-03,  5.229842530738450E+00,  3.291166766742588E+02,  1.196091402079321E+02,  2.461289240346909E+06,  1.343475221529921E+01,  1.781401537438461E+02,  1.783614759100133E+02,  2.538797553552209E-03,  2.702055985053140E-03,  2.679617712562199E+01,
2461303.500000000, A.D. 2026-Sep-20 00:00:00.0000,  6.346830943267592E-02,  2.379816934263905E-03,  5.229136076648278E+00,  3.291275647198372E+02,  1.183838207442541E+02,  2.461315952329027E+06,  1.341652852587794E+01,  1.929329723872246E+02,  1.914225116612380E+02,  2.541096001591019E-03,  2.702375068918134E-03,  2.683257441040939E+01,
2461304.500000000, A.D. 2026-Sep-21 00:00:00.0000,  6.159100525159834E-02,  2.389843133756133E-03,  5.226853632944156E+00,  3.291514555331650E+02,  1.168511766674348E+02,  2.461315870583843E+06,  1.337229403413064E+01,  2.079492095163290E+02,  2.048539143411671E+02,  2.546696746440371E-03,  2.703550359124609E-03,  2.692133444576957E+01,
2461305.500000000, A.D. 2026-Sep-22 00:00:00.0000,  5.902156542165207E-02,  2.404002028309956E-03,  5.222569431575851E+00,  3.291807623509035E+02,  1.147904019732256E+02,  2.461315766444548E+06,  1.330880397837749E+01,  2.233659019574720E+02,  2.189629542859601E+02,  2.554789716713528E-03,  2.705577405117099E-03,  2.704976349376577E+01,
2461306.500000000, A.D. 2026-Sep-23 00:00:00.0000,  5.621159277103628E-02,  2.420020806539355E-03,  5.216179825243832E+00,  3.292061633304717E+02,  1.121628347498062E+02,  2.461315626744075E+06,  1.323594870759726E+01,  2.391988835564781E+02,  2.338661468795957E+02,  2.564156105333743E-03,  2.708291404128130E-03,  2.719865481145033E+01,
2461307.500000000, A.D. 2026-Sep-24 00:00:00.0000,  5.355194070092092E-02,  2.435496243117744E-03,  5.207949639637117E+00,  3.292181567543324E+02,  1.091906199188759E+02,  2.461315458093536E+06,  1.316545124785158E+01,  2.552281075339472E+02,  2.494039956965727E+02,  2.573301534287498E-03,  2.711106825457250E-03,  2.734429631181437E+01,
2461308.500000000, A.D. 2026-Sep-25 00:00:00.0000,  5.120701773697982E-02,  2.448514088271815E-03,  5.198497376695556E+00,  3.292087987941436E+02,  1.063353441984793E+02,  2.461315287672975E+06,  1.310916568471353E+01,  2.710192703557025E+02,  2.651558709274317E+02,  2.580662098102501E-03,  2.712810107933187E-03,  2.746170188540622E+01,
2461309.500000000, A.D. 2026-Sep-26 00:00:00.0000,  4.904917800197490E-02,  2.458090199600596E-03,  5.188713876026363E+00,  3.291733692916399E+02,  1.041241806519462E+02,  2.461315151562957E+06,  1.307712069195518E+01,  2.860938291150779E+02,  2.806085867635871E+02,  2.584876255152657E-03,  2.711662310704718E-03,  2.752899575374155E+01,
2461310.500000000, A.D. 2026-Sep-27 00:00:00.0000,  4.675825574958142E-02,  2.464206053912154E-03,  5.179617800245729E+00,  3.291116567079378E+02,  1.029163000176176E+02,  2.461315076866891E+06,  1.307557560897362E+01,  3.001548309130775E+02,  2.953873963783103E+02,  2.585079880077936E-03,  2.705953706243717E-03,  2.753224873350403E+01,
2461311.500000000, A.D. 2026-Sep-28 00:00:00.0000,  4.403057022304815E-02,  2.467496262030694E-03,  5.172163566112370E+00,  3.290285202823128E+02,  1.027739062290530E+02,  2.461315070635557E+06,  1.310548263300124E+01,  3.132050977237147E+02,  3.093864477283348E+02,  2.581145573458781E-03,  2.694794884886868E-03,  2.746941948505392E+01,
2461312.500000000, A.D. 2026-Sep-29 00:00:00.0000,  4.076817404315153E-02,  2.468848431998081E-03,  5.167032825017467E+00,  3.289334285326960E+02,  1.034879129346581E+02,  2.461315120503257E+06,  1.316180627771945E+01,  3.255094437747187E+02,  3.227493069190380E+02,  2.573776604561016E-03,  2.678704777123950E-03,  2.735186891554655E+01,
2461313.500000000, A.D. 2026-Sep-30 00:00:00.0000,  3.715851350466606E-02,  2.469110804159951E-03,  5.164455295709953E+00,  3.288388451641716E+02,  1.046941549152137E+02,  2.461315202625056E+06,  1.323405971446134E+01,  3.374673583349945E+02,  3.357628802798070E+02,  2.564400099903586E-03,  2.659689395647220E-03,  2.720253707232519E+01,
2461314.500000000, A.D. 2026-Oct-01 00:00:00.0000,  3.363046337404316E-02,  2.468952525878022E-03,  5.164110807802906E+00,  3.287576436485082E+02,  1.060321816423748E+02,  2.461315293001932E+06,  1.330814442400499E+01,  3.494466157562476E+02,  3.487104410546737E+02,  2.554874126618558E-03,  2.640795727359094E-03,  2.705110408560328E+01,
2461315.500000000, A.D. 2026-Oct-02 00:00:00.0000,  3.071728493315529E-02,  2.468851102254380E-03,  5.165153704153828E+00,  3.287000936641522E+02,  1.073466702728889E+02,  2.461315381833534E+06,  1.336919083590184E+01,  1.579790035737463E+00,  1.680698201910526E+00,  2.547090816619092E-03,  2.625330530983804E-03,  2.692758330842658E+01,
2461316.500000000, A.D. 2026-Oct-03 00:00:00.0000,  2.887674556720574E-02,  2.469163154401176E-03,  5.166371063159038E+00,  3.286712117174258E+02,  1.088657043867173E+02,  2.461315486160329E+06,  1.340474685475631E+01,  1.359026414624724E+01,  1.439601278733138E+01,  2.542584726635286E-03,  2.616006298869397E-03,  2.685615803869238E+01,
2461317.500000000, A.D. 2026-Oct-04 00:00:00.0000,  2.834154530489733E-02,  2.470185000037062E-03,  5.166445513699628E+00,  3.286692539096780E+02,  1.111241158375443E+02,  2.461315644412422E+06,  1.340750594743526E+01,  2.487880148939500E+01,  2.629027437211147E+01,  2.542235893796841E-03,  2.614286787556620E-03,  2.685063138598605E+01,
2461318.500000000, A.D. 2026-Oct-05 00:00:00.0000,  2.907643451637008E-02,  2.472083267183945E-03,  5.164257756634056E+00,  3.286858214138933E+02,  1.145194132654784E+02,  2.461315884968389E+06,  1.337687559705005E+01,  3.498095254655829E+01,  3.694931950877834E+01,  2.546115219638908E-03,  2.620147172093871E-03,  2.691211392287966E+01,
2461319.500000000, A.D. 2026-Oct-06 00:00:00.0000,  3.084228736900296E-02,  2.474728895534753E-03,  5.159148972877777E+00,  3.287075711461903E+02,  1.189101126771453E+02,  2.461316197772981E+06,  1.331901193511681E+01,  4.398240108375440E+01,  4.650585325971348E+01,  2.553484188674042E-03,  2.632239481813332E-03,  2.702903201481685E+01,
2461320.500000000, A.D. 2026-Oct-07 00:00:00.0000,  3.329049725986689E-02,  2.477619215228109E-03,  5.151075419834149E+00,  3.287190740037287E+02,  1.236804290260006E+02,  2.461316538976763E+06,  1.324536432370656E+01,  5.246519586438855E+01,  5.556735947959560E+01,  2.562940788525726E-03,  2.648262361823343E-03,  2.717932034196082E+01,
2461321.500000000, A.D. 2026-Oct-08 00:00:00.0000,  3.605011282361800E-02,  2.479943645791919E-03,  5.140620507210263E+00,  3.287060983613488E+02,  1.280839933107820E+02,  2.461316855411887E+06,  1.317015040906998E+01,  6.116992403649783E+01,  6.486667602476621E+01,  2.572689388507748E-03,  2.665435131223576E-03,  2.733453975985546E+01,
2461322.500000000, A.D. 2026-Oct-09 00:00:00.0000,  3.882231809759214E-02,  2.480695755915980E-03,  5.128869318540845E+00,  3.286585652172452E+02,  1.315047419794099E+02,  2.461317103454854E+06,  1.310741437574499E+01,  7.073475342009206E+01,  7.499868425945922E+01,  2.580891964746904E-03,  2.681088173577828E-03,  2.746537110066291E+01,
2461323.500000000, A.D. 2026-Oct-10 00:00:00.0000,  4.147204019411342E-02,  2.478783809943775E-03,  5.117182910716271E+00,  3.285725752095894E+02,  1.335620116196291E+02,  2.461317257069653E+06,  1.306835638677106E+01,  8.158483866802534E+01,  8.631655702867636E+01,  2.586031825765165E-03,  2.693279841586554E-03,  2.754745809996608E+01,
2461324.500000000, A.D. 2026-Oct-11 00:00:00.0000,  4.406826370642834E-02,  2.473191325230072E-03,  5.106927013154499E+00,  3.284511603986352E+02,  1.341538304129821E+02,  2.461317311364770E+06,  1.305946891593809E+01,  9.387975833212107E+01,  9.889292372361200E+01,  2.587204955470316E-03,  2.701218585710560E-03,  2.756620520461190E+01,
2461325.500000000, A.D. 2026-Oct-12 00:00:00.0000,  4.682676079198819E-02,  2.463254159663449E-03,  5.099211502230282E+00,  3.283036896996603E+02,  1.334830284704660E+02,  2.461317284233522E+06,  1.308174537120824E+01,  1.074765650956861E+02,  1.124999185014261E+02,  2.584267012899101E-03,  2.705279866134753E-03,  2.751926365975049E+01,
2461326.500000000, A.D. 2026-Oct-13 00:00:00.0000,  4.995781696818869E-02,  2.449026590211705E-03,  5.094687437725187E+00,  3.281441068754389E+02,  1.320129759525522E+02,  2.461317211725682E+06,  1.313094100948340E+01,  1.219637821543595E+02,  1.266597078259061E+02,  2.577808263624964E-03,  2.706589937038224E-03,  2.741616154851367E+01,
2461327.500000000, A.D. 2026-Oct-14 00:00:00.0000,  5.349724436705673E-02,  2.431550260855042E-03,  5.093432874288803E+00,  3.279883733683608E+02,  1.302998163598006E+02,  2.461317133708098E+06,  1.319865616126406E+01,  1.368211224907417E+02,  1.408173698598540E+02,  2.568983815825260E-03,  2.706417370795478E-03,  2.727550408173692E+01,
2461328.500000000, A.D. 2026-Oct-15 00:00:00.0000,  5.723092033789511E-02,  2.412794958735618E-03,  5.094941359905812E+00,  3.278516031437811E+02,  1.287723527121032E+02,  2.461317076490203E+06,  1.327391823116173E+01,  1.516347349590423E+02,  1.545642835270146E+02,  2.559263992408810E-03,  2.705733026082003E-03,  2.712085412390648E+01,
2461329.500000000, A.D. 2026-Oct-16 00:00:00.0000,  6.075554946800068E-02,  2.395237326228163E-03,  5.098210567007027E+00,  3.277453997500538E+02,  1.276044668695543E+02,  2.461317044095334E+06,  1.334494837025428E+01,  1.662234046738076E+02,  1.677669769849062E+02,  2.550174584339010E-03,  2.705111842449857E-03,  2.697650002171874E+01,
2461330.500000000, A.D. 2026-Oct-17 00:00:00.0000,  6.362156129252032E-02,  2.381281073420831E-03,  5.101914229097066E+00,  3.276758387358020E+02,  1.267279955939058E+02,  2.461343885135325E+06,  1.340086662474981E+01,  1.806275867561468E+02,  1.805536300976065E+02,  2.543075507705846E-03,  2.704869941990861E-03,  2.686393425743994E+01,
2461331.500000000, A.D. 2026-Oct-18 00:00:00.0000,  6.547886426623566E-02,  2.372746327985802E-03,  5.104629367076373E+00,  3.276424028835912E+02,  1.259189307608444E+02,  2.461343780952797E+06,  1.343316950377704E+01,  1.950278794143696E+02,  1.932255412221338E+02,  2.538996965673523E-03,  2.705247603361244E-03,  2.679933428211248E+01,
2461332.500000000, A.D. 2026-Oct-19 00:00:00.0000,  6.618029134697651E-02,  2.370529410358720E-03,  5.105083486392108E+00,  3.276380099807270E+02,  1.248873509239148E+02,  2.461343688478007E+06,  1.343687569032189E+01,  2.096618118527847E+02,  2.061632462307519E+02,  2.538530069983273E-03,  2.706530729607826E-03,  2.679194243489917E+01,
2461333.500000000, A.D. 2026-Oct-20 00:00:00.0000,  6.582775668782585E-02,  2.374442158679845E-03,  5.102383616012539E+00,  3.276501112298771E+02,  1.233549287935218E+02,  2.461343584485669E+06,  1.341126717070187E+01,  2.247542684203987E+02,  2.197434147832091E+02,  2.541760553986373E-03,  2.709078949292902E-03,  2.684310105956673E+01,
2461334.500000000, A.D. 2026-Oct-21 00:00:00.0000,  6.475092667729369E-02,  2.383238042026778E-03,  5.096190831093398E+00,  3.276627074666061E+02,  1.211366961317714E+02,  2.461343448702153E+06,  1.336015705593369E+01,  2.404439337885705E+02,  2.342497314216664E+02,  2.548238870271989E-03,  2.713239698517200E-03,  2.694579101823596E+01,
2461335.500000000, A.D. 2026-Oct-22 00:00:00.0000,  6.340402633921920E-02,  2.394869471010237E-03,  5.086809701512003E+00,  3.276590321289414E+02,  1.182348517378400E+02,  2.461343272053462E+06,  1.329160497549342E+01,  2.566969355297041E+02,  2.497699248805525E+02,  2.556993130826355E-03,  2.719116790642471E-03,  2.708476520809601E+01,
2461336.500000000, A.D. 2026-Oct-23 00:00:00.0000,  6.218406556976171E-02,  2.407004411730091E-03,  5.075171145149055E+00,  3.276245660915316E+02,  1.149034209296194E+02,  2.461343063686823E+06,  1.321699876886924E+01,  2.732477593443834E+02,  2.661204075051494E+02,  2.566606434547783E-03,  2.726208457365474E-03,  2.723765102013391E+01,
2461337.500000000, A.D. 2026-Oct-24 00:00:00.0000,  6.123514952917376E-02,  2.417683259167196E-03,  5.062699258684849E+00,  3.275499561366738E+02,  1.115967067456174E+02,  2.461342849770491E+06,  1.314945923436890E+01,  2.896534110101194E+02,  2.828865485434814E+02,  2.575387497683404E-03,  2.733091736199612E-03,  2.737755169878496E+01,
2461338.500000000, A.D. 2026-Oct-25 00:00:00.0000,  6.036563967150309E-02,  2.425807540464244E-03,  5.051068928976299E+00,  3.274333029955442E+02,  1.087715422100152E+02,  2.461342660549957E+06,  1.310163781279344E+01,  3.054899813653298E+02,  2.996105738228532E+02,  2.581650525866445E-03,  2.737493511268645E-03,  2.747748068935843E+01,
2461339.500000000, A.D. 2026-Oct-26 00:00:00.0000,  5.916263802662690E-02,  2.431197091386793E-03,  5.041882964429384E+00,  3.272812143528578E+02,  1.066644767041248E+02,  2.461342513777656E+06,  1.308318099857213E+01,  3.205702014337706E+02,  3.160089724589171E+02,  2.584077960389927E-03,  2.736958829393061E-03,  2.751624395009818E+01,
2461340.500000000, A.D. 2026-Oct-27 00:00:00.0000,  5.724253637031644E-02,  2.434272874062796E-03,  5.036324152035866E+00,  3.271080894960007E+02,  1.052028972620850E+02,  2.461342406834734E+06,  1.309838788627581E+01,  3.350235390147908E+02,  3.320636110906885E+02,  2.582077541651774E-03,  2.729882209240752E-03,  2.748429830645036E+01,
2461341.500000000, A.D. 2026-Oct-28 00:00:00.0000,  5.448340817815226E-02,  2.435651766426825E-03,  5.034861530080947E+00,  3.269334289136293E+02,  1.040786774946521E+02,  2.461342320728323E+06,  1.314476133589457E+01,  3.492117220712641E+02,  3.479596675581138E+02,  2.576001085008718E-03,  2.716350403590610E-03,  2.738733635406093E+01,
2461342.500000000, A.D. 2026-Oct-29 00:00:00.0000,  5.111868882273918E-02,  2.435886722258763E-03,  5.037096823640526E+00,  3.267775475830133E+02,  1.029194615679896E+02,  2.461342231570764E+06,  1.321307727600545E+01,  3.546776242798871E+00,  3.933767149480186E+00,  2.567114236064571E-03,  2.698341749870379E-03,  2.724573484889468E+01,
2461343.500000000, A.D. 2026-Oct-30 00:00:00.0000,  4.765420115745737E-02,  2.435436954005935E-03,  5.041812744657122E+00,  3.266567120435442E+02,  1.015083543896004E+02,  2.461342125708980E+06,  1.328918770799617E+01,  1.826321133532490E+01,  2.007656026363593E+01,  2.557303194875122E-03,  2.679169435744310E-03,  2.708969185403155E+01,
2461344.500000000, A.D. 2026-Oct-31 00:00:00.0000,  4.464361423482855E-02,  2.434839815768945E-03,  5.047229688605992E+00,  3.265790741134213E+02,  9.999742754774607E+01,  2.461342014374850E+06,  1.335716502040630E+01,  3.320090530063622E+01,  3.613781880267843E+01,  2.548619396958147E-03,  2.662398978147348E-03,  2.695182693707931E+01,
2461345.500000000, A.D. 2026-Nov-01 00:00:00.0000,  4.243303608980568E-02,  2.434919013760189E-03,  5.051410918002866E+00,  3.265425934013412E+02,  9.896555792513577E+01,  2.461341937406058E+06,  1.340289816489977E+01,  4.774908380304115E+01,  5.147857475892662E+01,  2.542818523957086E-03,  2.650718034153984E-03,  2.685986236490159E+01,
2461346.500000000, A.D. 2026-Nov-02 00:00:00.0000,  4.104049346036193E-02,  2.436735693184062E-03,  5.052708113212740E+00,  3.265354902292128E+02,  9.917124776251170E+01,  2.461341946096036E+06,  1.341712709164904E+01,  6.110030824455958E+01,  6.531827408450816E+01,  2.541020425332569E-03,  2.645305157481076E-03,  2.683137735380533E+01,
2461347.500000000, A.D. 2026-Nov-03 00:00:00.0000,  4.025643853662429E-02,  2.441148955575984E-03,  5.050129817971839E+00,  3.265389782029571E+02,  1.011375208534520E+02,  2.461342075295687E+06,  1.339717277201960E+01,  7.267570091611928E+01,  7.714189115831316E+01,  2.543542935421025E-03,  2.645936915266066E-03,  2.687134114981862E+01,
2461348.500000000, A.D. 2026-Nov-04 00:00:00.0000,  3.985296919435526E-02,  2.448280119882437E-03,  5.043545144315770E+00,  3.265314360993906E+02,  1.049055050883733E+02,  2.461342327690556E+06,  1.334709412929513E+01,  8.238239514111687E+01,  8.693419205030587E+01,  2.549901256090041E-03,  2.651522392297645E-03,  2.697216311750189E+01,
2461349.500000000, A.D. 2026-Nov-05 00:00:00.0000,  3.971974033130581E-02,  2.457298301660937E-03,  5.033687529178886E+00,  3.264929502103672E+02,  1.100588335565467E+02,  2.461342675987435E+06,  1.327644952632103E+01,  9.059865838285049E+01,  9.514282891813004E+01,  2.558938681618561E-03,  2.660579061576184E-03,  2.711568324696202E+01,
2461350.500000000, A.D. 2026-Nov-06 00:00:00.0000,  3.986965489595810E-02,  2.466625506254836E-03,  5.021976724113238E+00,  3.264092478643887E+02,  1.158842758630246E+02,  2.461343073227496E+06,  1.319812491237266E+01,  9.801947120760995E+01,  1.025076820392022E+02,  2.569052752923403E-03,  2.671479999591970E-03,  2.727660197112665E+01,
2461351.500000000, A.D. 2026-Nov-07 00:00:00.0000,  4.038079151461432E-02,  2.474361297438938E-03,  5.010215483898039E+00,  3.262743161175958E+02,  1.215695200309112E+02,  2.461343465375146E+06,  1.312579132045992E+01,  1.054608091743463E+02,  1.098571037531271E+02,  2.578482460083666E-03,  2.682603622728394E-03,  2.742691783000141E+01,
2461352.500000000, A.D. 2026-Nov-08 00:00:00.0000,  4.135416265348157E-02,  2.478689789721547E-03,  5.000234406324629E+00,  3.260913359929289E+02,  1.264113798430961E+02,  2.461343805556300E+06,  1.307151083120503E+01,  1.136495149937919E+02,  1.178982285798400E+02,  2.585615764610662E-03,  2.692541739499778E-03,  2.754081028954880E+01,
2461353.500000000, A.D. 2026-Nov-09 00:00:00.0000,  4.290634331465896E-02,  2.478170268455186E-03,  4.993556249869892E+00,  3.258718938749879E+02,  1.299954335075912E+02,  2.461344067324819E+06,  1.304387748455284E+01,  1.230386594103252E+02,  1.270398795198391E+02,  2.589266213546666E-03,  2.700362158638147E-03,  2.759915526854101E+01,
2461354.500000000, A.D. 2026-Nov-10 00:00:00.0000,  4.515656320739490E-02,  2.471960868684388E-03,  4.991136172898153E+00,  3.256337255215200E+02,  1.322846121692593E+02,  2.461344251432056E+06,  1.304690893808085E+01,  1.337121327071815E+02,  1.373094450024433E+02,  2.588865120116342E-03,  2.705769371548295E-03,  2.759274259585311E+01,
2461355.500000000, A.D. 2026-Nov-11 00:00:00.0000,  4.816898384711765E-02,  2.460037090306170E-03,  4.993213412814462E+00,  3.253974781182978E+02,  1.335679543563162E+02,  2.461344381390394E+06,  1.307973857418005E+01,  1.454285069607531E+02,  1.484110566060808E+02,  2.584531338607945E-03,  2.709025586909719E-03,  2.752348588301719E+01,
2461356.500000000, A.D. 2026-Nov-12 00:00:00.0000,  5.186948370973364E-02,  2.443343701384408E-03,  4.999288131351508E+00,  3.251831091842965E+02,  1.342802314162000E+02,  2.461344488569427E+06,  1.313702755225596E+01,  1.577944943730456E+02,  1.599128847119481E+02,  2.577011982426677E-03,  2.710680263468945E-03,  2.740345931132488E+01,
2461357.500000000, A.D. 2026-Nov-13 00:00:00.0000,  5.600163384082831E-02,  2.423735600677481E-03,  5.008217821388238E+00,  3.250065528762326E+02,  1.347905400418298E+02,  2.461344595272058E+06,  1.320993767578905E+01,  1.704706518350939E+02,  1.714642388826097E+02,  2.567520969913209E-03,  2.711306339148936E-03,  2.725221033099965E+01,
2461358.500000000, A.D. 2026-Nov-14 00:00:00.0000,  6.016278349299412E-02,  2.403654927090926E-03,  5.018412542317165E+00,  3.248771789863829E+02,  1.352778120087870E+02,  2.461371798845156E+06,  1.328747761644200E+01,  1.832918926720740E+02,  1.829237301148732E+02,  2.557522605908646E-03,  2.711390284726365E-03,  2.709317828347902E+01,
2461359.500000000, A.D. 2026-Nov-15 00:00:00.0000,  6.390307900749868E-02,  2.385650242077984E-03,  5.028097739271287E+00,  3.247963881406225E+02,  1.357239510330291E+02,  2.461371756852235E+06,  1.335804290411889E+01,  1.962724419767207E+02,  1.943674187329039E+02,  2.548507733097323E-03,  2.711365224116662E-03,  2.695005567686833E+01,
2461360.500000000, A.D. 2026-Nov-16 00:00:00.0000,  6.684317323451945E-02,  2.371893345954608E-03,  5.035606959518416E+00,  3.247574865677479E+02,  1.359723619081944E+02,  2.461371718580059E+06,  1.341099463982947E+01,  2.095476829585628E+02,  2.060291113960049E+02,  2.541794988711697E-03,  2.711696631468786E-03,  2.684364655033355E+01,
2461361.500000000, A.D. 2026-Nov-17 00:00:00.0000,  6.877574233852823E-02,  2.363791938836929E-03,  5.039663548454275E+00,  3.247468122170848E+02,  1.357983462238004E+02,  2.461371672053165E+06,  1.343814483203813E+01,  2.233064763240935E+02,  2.182263684607013E+02,  2.538370236158774E-03,  2.712948533480618E-03,  2.678941211749091E+01,
2461362.500000000, A.D. 2026-Nov-18 00:00:00.0000,  6.972907558140359E-02,  2.361737651795260E-03,  5.039609953681637E+00,  3.247459568936754E+02,  1.349771541787343E+02,  2.461371600987848E+06,  1.343502437064654E+01,  2.377280064638450E+02,  2.312864171435635E+02,  2.538763267562410E-03,  2.715788883329561E-03,  2.679563431135596E+01,
2461363.500000000, A.D. 2026-Nov-19 00:00:00.0000,  6.997090796593586E-02,  2.365024773418413E-03,  5.035545992992123E+00,  3.247348309217234E+02,  1.333612479165969E+02,  2.461371490632529E+06,  1.340179674212965E+01,  2.529111670057866E+02,  2.454602978763371E+02,  2.542957842583047E-03,  2.720890911747680E-03,  2.686206983488343E+01,
2461364.500000000, A.D. 2026-Nov-20 00:00:00.0000,  6.992556711239749E-02,  2.372006016689931E-03,  5.028344522093682E+00,  3.246952154701162E+02,  1.309701858204401E+02,  2.461371335286625E+06,  1.334365016181755E+01,  2.687923265158655E+02,  2.608217357883412E+02,  2.550339986581034E-03,  2.728673956472137E-03,  2.697912457493295E+01,
2461365.500000000, A.D. 2026-Nov-21 00:00:00.0000,  6.999504004260021E-02,  2.380540314994703E-03,  5.019525971465277E+00,  3.246143169082487E+02,  1.280521378534514E+02,  2.461371144758074E+06,  1.327047150063531E+01,  2.850913988514125E+02,  2.771919998919533E+02,  2.559707117157469E-03,  2.738873919320234E-03,  2.712789820488032E+01,
2461366.500000000, A.D. 2026-Nov-22 00:00:00.0000,  7.034190430579634E-02,  2.388643194245624E-03,  5.010993824701345E+00,  3.244876840595771E+02,  1.250349604530428E+02,  2.461370943370106E+06,  1.319561782248027E+01,  3.013669862409693E+02,  2.941740547084328E+02,  2.569378145910677E-03,  2.750113097575730E-03,  2.728178436531392E+01,
2461367.500000000, A.D. 2026-Nov-23 00:00:00.0000,  7.077180312556365E-02,  2.395034609653908E-03,  5.004661981752190E+00,  3.243207392490256E+02,  1.223396515731914E+02,  2.461370758299465E+06,  1.313371678121620E+01,  3.172064176403291E+02,  3.113260081402640E+02,  2.577445042789142E-03,  2.759855475924375E-03,  2.741036722482631E+01,
2461368.500000000, A.D. 2026-Nov-24 00:00:00.0000,  7.082834828476638E-02,  2.399277481285984E-03,  5.002039459805704E+00,  3.241282398231547E+02,  1.201715893087715E+02,  2.461370604631839E+06,  1.309769816055737E+01,  3.324341674303226E+02,  3.283629678232388E+02,  2.582168189114425E-03,  2.765058896942865E-03,  2.748574563155762E+01,
2461369.500000000, A.D. 2026-Nov-25 00:00:00.0000,  7.005936055854939E-02,  2.401512508010004E-03,  5.003868442498061E+00,  3.239313708246322E+02,  1.184429378307653E+02,  2.461370478586176E+06,  1.309565813224510E+01,  3.471847699790572E+02,  3.452388660442234E+02,  2.582436347176334E-03,  2.763360186342664E-03,  2.749002733307320E+01,
2461370.500000000, A.D. 2026-Nov-26 00:00:00.0000,  6.828751381063018E-02,  2.402073413273022E-03,  5.009920866830395E+00,  3.237528861054662E+02,  1.168570888373868E+02,  2.461370362147620E+06,  1.312850356814975E+01,  1.809795457027610E+00,  2.079881073176050E+00,  2.578127318114317E-03,  2.754181222955611E-03,  2.742125164008590E+01,
2461371.500000000, A.D. 2026-Nov-27 00:00:00.0000,  6.572923760848777E-02,  2.401258890691278E-03,  5.019029442844516E+00,  3.236115161980868E+02,  1.150886489233329E+02,  2.461370234818449E+06,  1.318932062497178E+01,  1.668688512366587E+01,  1.903302756876467E+01,  2.570195908244653E-03,  2.739132925798029E-03,  2.729480996302417E+01,
2461372.500000000, A.D. 2026-Nov-28 00:00:00.0000,  6.289852109052813E-02,  2.399378472046109E-03,  5.029360985614056E+00,  3.235172971729674E+02,  1.129901328374571E+02,  2.461370087458768E+06,  1.326488733495218E+01,  3.200208763188240E+01,  3.609029697079058E+01,  2.560425445959519E-03,  2.721472419872928E-03,  2.713931833038805E+01,
2461373.500000000, A.D. 2026-Nov-29 00:00:00.0000,  6.034114239446371E-02,  2.397017551463180E-03,  5.038859333083681E+00,  3.234692191405215E+02,  1.107464467277404E+02,  2.461369932457670E+06,  1.333890761011659E+01,  4.758711754149714E+01,  5.295726229565345E+01,  2.550944454002513E-03,  2.704871356541847E-03,  2.698871680668709E+01,
2461374.500000000, A.D. 2026-Nov-30 00:00:00.0000,  5.835055575498418E-02,  2.395279443058018E-03,  5.045730874134547E+00,  3.234557524676970E+02,  1.088590936996707E+02,  2.461369802159356E+06,  1.339588369731944E+01,  6.293172689487798E+01,  6.907805821262551E+01,  2.543706108145665E-03,  2.692132773233313E-03,  2.687392695653495E+01,
2461375.500000000, A.D. 2026-Dec-01 00:00:00.0000,  5.685559425998141E-02,  2.395678787705488E-03,  5.048841603709778E+00,  3.234578531711751E+02,  1.079173777361071E+02,  2.461369733303591E+06,  1.342443993344507E+01,  7.741466956409278E+01,  8.385960634865947E+01,  2.540097542990533E-03,  2.684516298275578E-03,  2.681676120454840E+01,
2461376.500000000, A.D. 2026-Dec-02 00:00:00.0000,  5.554755700151535E-02,  2.399612225684624E-03,  5.047934915180426E+00,  3.234534202747752E+02,  1.083211157422212E+02,  2.461369749437900E+06,  1.341931384810625E+01,  9.058791147052838E+01,  9.693531964208694E+01,  2.540744368309580E-03,  2.681876510934535E-03,  2.682700502237703E+01,
2461377.500000000, A.D. 2026-Dec-03 00:00:00.0000,  5.411802818068452E-02,  2.407733153064216E-03,  5.043639322164476E+00,  3.234220159508747E+02,  1.101614319081951E+02,  2.461369854877453E+06,  1.338180387478350E+01,  1.023055305193130E+02,  1.082676029004688E+02,  2.545490055628364E-03,  2.683246958192513E-03,  2.690220267525961E+01,
2461378.500000000, A.D. 2026-Dec-04 00:00:00.0000,  5.243298448793483E-02,  2.419610231593138E-03,  5.037290534168337E+00,  3.233488407535233E+02,  1.132685542762129E+02,  2.461370039390784E+06,  1.331890591832467E+01,  1.126860581647882E+02,  1.180848016893154E+02,  2.553497738928345E-03,  2.687385246263551E-03,  2.702924716246384E+01,
2461379.500000000, A.D. 2026-Dec-05 00:00:00.0000,  5.057811254115870E-02,  2.433775429481008E-03,  5.030628955570955E+00,  3.232272928030350E+02,  1.173090202951183E+02,  2.461370284795455E+06,  1.324158197258457E+01,  1.220238863758542E+02,  1.267727333952677E+02,  2.563428820874446E-03,  2.693082212267883E-03,  2.718708389566636E+01,
2461380.500000000, A.D. 2026-Dec-06 00:00:00.0000,  4.880831699865401E-02,  2.448052780011300E-03,  5.025448353287538E+00,  3.230598045880810E+02,  1.218623239070200E+02,  2.461370568970828E+06,  1.316262985043833E+01,  1.307184610263647E+02,  1.347916405941255E+02,  2.573669244338668E-03,  2.699285708666036E-03,  2.735015753618656E+01,
2461381.500000000, A.D. 2026-Dec-07 00:00:00.0000,  4.745793773377859E-02,  2.460017879388900E-03,  5.023267263320642E+00,  3.228569882314127E+02,  1.264847037976052E+02,  2.461370868626279E+06,  1.309455112897405E+01,  1.392130667581608E+02,  1.426106791412892E+02,  2.582581889912764E-03,  2.705145900436628E-03,  2.749235131881956E+01,
2461382.500000000, A.D. 2026-Dec-08 00:00:00.0000,  4.685209939476250E-02,  2.467470391549942E-03,  5.025077802555397E+00,  3.226354031701551E+02,  1.307898167954064E+02,  2.461371163639244E+06,  1.304770971597704E+01,  1.479135443792813E+02,  1.506294028233837E+02,  2.588759194646631E-03,  2.710047997743320E-03,  2.759104914475349E+01,
2461383.500000000, A.D. 2026-Dec-09 00:00:00.0000,  4.723560510553801E-02,  2.468842212643586E-03,  5.031203704861181E+00,  3.224144614767482E+02,  1.345425416220167E+02,  2.461371442933742E+06,  1.302896881468360E+01,  1.570911402716715E+02,  1.590888686344225E+02,  2.591241051694695E-03,  2.713639890745804E-03,  2.763073617877428E+01,
2461384.500000000, A.D. 2026-Dec-10 00:00:00.0000,  4.871869723542454E-02,  2.463495189954848E-03,  5.041276551590439E+00,  3.222130761382335E+02,  1.377106454900572E+02,  2.461371707526917E+06,  1.304090199039863E+01,  1.668253876916930E+02,  1.680263465672974E+02,  2.589660054071847E-03,  2.715824918188847E-03,  2.760545246525509E+01,
2461385.500000000, A.D. 2026-Dec-11 00:00:00.0000,  5.123980325960042E-02,  2.451867993623326E-03,  5.054320502651078E+00,  3.220466250068984E+02,  1.404187779440242E+02,  2.461371966234847E+06,  1.308159880187719E+01,  1.770432860051957E+02,  1.773279052537060E+02,  2.584286316022813E-03,  2.716704638422299E-03,  2.751957199209783E+01,
2461386.500000000, A.D. 2026-Dec-12 00:00:00.0000,  5.455825530696652E-02,  2.435425935638893E-03,  5.068923331627427E+00,  3.219246703401941E+02,  1.428265551066673E+02,  2.461399612651826E+06,  1.314502870227639E+01,  1.876338153775264E+02,  1.868560295078749E+02,  2.575966154773110E-03,  2.716506373907326E-03,  2.738677930293579E+01,
2461387.500000000, A.D. 2026-Dec-13 00:00:00.0000,  5.829083991888917E-02,  2.416400862553275E-03,  5.083464994969896E+00,  3.218496928396953E+02,  1.450176951349422E+02,  2.461399710685051E+06,  1.322188838873672E+01,  1.985516851118279E+02,  1.965645239538131E+02,  2.565973620077293E-03,  2.715546377601311E-03,  2.722757819576451E+01,
2461388.500000000, A.D. 2026-Dec-14 00:00:00.0000,  6.198884022174224E-02,  2.397378403074246E-03,  5.096372464651144E+00,  3.218169269579523E+02,  1.469578280226256E+02,  2.461399788496534E+06,  1.330083459233939E+01,  2.098535748070530E+02,  2.065426094721154E+02,  2.555810107462877E-03,  2.714241811851507E-03,  2.706597074798162E+01,
2461389.500000000, A.D. 2026-Dec-15 00:00:00.0000,  6.523707395978247E-02,  2.380831109278027E-03,  5.106368788590244E+00,  3.218152558974059E+02,  1.485106935030770E+02,  2.461399845707329E+06,  1.336999065465921E+01,  2.216779896929116E+02,  2.169982669356176E+02,  2.546989234332977E-03,  2.713147359387927E-03,  2.692597244819661E+01,
2461390.500000000, A.D. 2026-Dec-16 00:00:00.0000,  6.775369007577908E-02,  2.368683219791820E-03,  5.112683830325897E+00,  3.218290403010449E+02,  1.494793269649122E+02,  2.461399874834094E+06,  1.341860293242102E+01,  2.342028237395994E+02,  2.282141031070238E+02,  2.540834106368694E-03,  2.712984992945568E-03,  2.682842631330830E+01,
2461391.500000000, A.D. 2026-Dec-17 00:00:00.0000,  6.946975907345736E-02,  2.361964910658572E-03,  5.115194195253483E+00,  3.218406866021309E+02,  1.496580633647879E+02,  2.461399864255923E+06,  1.343870259621864E+01,  2.475952522153457E+02,  2.404897676927638E+02,  2.538300000123294E-03,  2.714635089588017E-03,  2.678830024122241E+01,
2461392.500000000, A.D. 2026-Dec-18 00:00:00.0000,  7.056132627946386E-02,  2.360612705528456E-03,  5.114462685655085E+00,  3.218336745299582E+02,  1.489021017622201E+02,  2.461399802872039E+06,  1.342659120472646E+01,  2.619473225104435E+02,  2.540639805797954E+02,  2.539826211533614E-03,  2.719039717538771E-03,  2.681246449756152E+01,
2461393.500000000, A.D. 2026-Dec-19 00:00:00.0000,  7.139715304888759E-02,  2.363501074461929E-03,  5.111656477856545E+00,  3.217956401200403E+02,  1.472170768788607E+02,  2.461399686945383E+06,  1.338391216271491E+01,  2.771944664439162E+02,  2.690135834766436E+02,  2.545222731356066E-03,  2.726944388250203E-03,  2.689796493157607E+01,
2461394.500000000, A.D. 2026-Dec-20 00:00:00.0000,  7.237670091588706E-02,  2.368790379364790E-03,  5.108340762081095E+00,  3.217209696686627E+02,  1.448304152856186E+02,  2.461399526706621E+06,  1.331800869861174E+01,  2.930542775033117E+02,  2.851681157052256E+02,  2.553612421878160E-03,  2.738434464391530E-03,  2.703106809334988E+01,
2461395.500000000, A.D. 2026-Dec-21 00:00:00.0000,  7.369900468632677E-02,  2.374546764511030E-03,  5.106171066973627E+00,  3.216122686110851E+02,  1.421599799130488E+02,  2.461399346424716E+06,  1.324124658029093E+01,  3.090685418812544E+02,  3.021257438040074E+02,  2.563472107364990E-03,  2.752397450218951E-03,  2.718777252708561E+01,
2461396.500000000, A.D. 2026-Dec-22 00:00:00.0000,  7.520152705902786E-02,  2.379348429643166E-03,  5.106538897140427E+00,  3.214801330601837E+02,  1.396384752817615E+02,  2.461399173842914E+06,  1.316907760545330E+01,  3.247879551602384E+02,  3.194152039956667E+02,  2.572829107380063E-03,  2.766309785116960E-03,  2.733676653639921E+01,
2461397.500000000, A.D. 2026-Dec-23 00:00:00.0000,  7.641385777397236E-02,  2.382523603604720E-03,  5.110252181583648E+00,  3.213409676495634E+02,  1.374986558638047E+02,  2.461399025349806E+06,  1.311692579960190E+01,  3.399920997749929E+02,  3.367038297746931E+02,  2.579644166013969E-03,  2.776764728423219E-03,  2.744545524614663E+01,
2461398.500000000, A.D. 2026-Dec-24 00:00:00.0000,  7.681889941035448E-02,  2.383955430887378E-03,  5.117340336571160E+00,  3.212131607644750E+02,  1.356833965101231E+02,  2.461398898686185E+06,  1.309649035411939E+01,  3.547786102232248E+02,  3.538932546011149E+02,  2.582326944696679E-03,  2.780698458505981E-03,  2.748828046796256E+01,
2461399.500000000, A.D. 2026-Dec-25 00:00:00.0000,  7.615359650476515E-02,  2.383723271242038E-03,  5.127050588759821E+00,  3.211125659920524E+02,  1.339251339161842E+02,  2.461398777314593E+06,  1.311256553681662E+01,  9.476259767349235E+00,  1.106096631855141E+01,  2.580215999351816E-03,  2.776708727461594E-03,  2.745458156065759E+01,
2461400.500000000, A.D. 2026-Dec-26 00:00:00.0000,  7.456450722719127E-02,  2.381891114444292E-03,  5.138046808648760E+00,  3.210486145705480E+02,  1.319241109216143E+02,  2.461398642036543E+06,  1.316158336190258E+01,  2.445374092787445E+01,  2.831440451499163E+01,  2.573805665598173E-03,  2.765720216752054E-03,  2.735233217015919E+01,
2461401.500000000, A.D. 2026-Dec-27 00:00:00.0000,  7.253032682446464E-02,  2.378586855153977E-03,  5.148754219025184E+00,  3.210222240603516E+02,  1.295432436138016E+02,  2.461398483987718E+06,  1.323252802689899E+01,  3.990946704681799E+01,  4.562949268377024E+01,  2.564597985193419E-03,  2.750609115232861E-03,  2.720568581212861E+01,
2461402.500000000, A.D. 2026-Dec-28 00:00:00.0000,  7.059254339356165E-02,  2.374312022200134E-03,  5.157745768142813E+00,  3.210260098416571E+02,  1.269396610252092E+02,  2.461398313152791E+06,  1.330988518205458E+01,  5.572645562477641E+01,  6.274221416137755E+01,  2.554651359124555E-03,  2.734990696048975E-03,  2.704756615672236E+01,
2461403.500000000, A.D. 2026-Dec-29 00:00:00.0000,  6.905394094871470E-02,  2.370222069415431E-03,  5.164061473940213E+00,  3.210465073200241E+02,  1.245401829041196E+02,  2.461398156060495E+06,  1.337750087161112E+01,  7.148855538813356E+01,  7.918008052573884E+01,  2.546035880780131E-03,  2.721849692144830E-03,  2.691085603021482E+01,
2461404.500000000, A.D. 2026-Dec-30 00:00:00.0000,  6.784239859666945E-02,  2.368047799122066E-03,  5.167386838189610E+00,  3.210675689240284E+02,  1.228438323818678E+02,  2.461398042241100E+06,  1.342208822616877E+01,  8.667660969476611E+01,  9.445209013139615E+01,  2.540394237580698E-03,  2.712740676039329E-03,  2.682145981562805E+01,
2461405.500000000, A.D. 2026-Dec-31 00:00:00.0000,  6.661628588451225E-02,  2.369578331904345E-03,  5.168067375899126E+00,  3.210739619224543E+02,  1.221935595882132E+02,  2.461397989930058E+06,  1.343555129113913E+01,  1.009019299056015E+02,  1.082612881630471E+02,  2.538696889681490E-03,  2.707815447458634E-03,  2.679458343011376E+01,
2461406.500000000, A.D. 2027-Jan-01 00:00:00.0000,  6.499850805276307E-02,  2.376004283898341E-03,  5.166980884031235E+00,  3.210543606112528E+02,  1.226808263435089E+02,  2.461398001758282E+06,  1.341588708631116E+01,  1.140114513216894E+02,  1.205828081589818E+02,  2.541176997429242E-03,  2.706349710960143E-03,  2.683385732780387E+01,
2461407.500000000, A.D. 2027-Jan-02 00:00:00.0000,  6.277165089864220E-02,  2.387483836647245E-03,  5.165316568949223E+00,  3.210032251882377E+02,  1.241918568643578E+02,  2.461398069717034E+06,  1.336685485866686E+01,  1.260532236886491E+02,  1.316028777832036E+02,  2.547387559218023E-03,  2.707291281788802E-03,  2.693228914403761E+01,
2461408.500000000, A.D. 2027-Jan-03 00:00:00.0000,  5.995796275081782E-02,  2.403056898332083E-03,  5.164319820933971E+00,  3.209213714428692E+02,  1.265025345706359E+02,  2.461398182247915E+06,  1.329678355195094E+01,  1.371929162169015E+02,  1.416135992805225E+02,  2.556329188601054E-03,  2.709601478870024E-03,  2.707421675275596E+01,
2461409.500000000, A.D. 2027-Jan-04 00:00:00.0000,  5.679981670287648E-02,  2.420836087513832E-03,  5.165056799482770E+00,  3.208153086492068E+02,  1.293571067238226E+02,  2.461398329116273E+06,  1.321689698960696E+01,  1.476444195051320E+02,  1.509284472556651E+02,  2.566619610962511E-03,  2.712403134411189E-03,  2.723786076891454E+01,
2461410.500000000, A.D. 2027-Jan-05 00:00:00.0000,  5.368394924640032E-02,  2.438365633241285E-03,  5.168238786087048E+00,  3.206956326922374E+02,  1.325215165331466E+02,  2.461398503881870E+06,  1.313946959066762E+01,  1.576226293777445E+02,  1.598269586820217E+02,  2.576692671861046E-03,  2.715019710480806E-03,  2.739836623661673E+01,
2461411.500000000, A.D. 2027-Jan-06 00:00:00.0000,  5.104410282246476E-02,  2.453067783888155E-03,  5.174127584225904E+00,  3.205748860108238E+02,  1.358232312074830E+02,  2.461398705151852E+06,  1.307604744677803E+01,  1.673060414598056E+02,  1.685158012611274E+02,  2.585017692797186E-03,  2.716967601706216E-03,  2.753125525624372E+01,
2461412.500000000, A.D. 2027-Jan-07 00:00:00.0000,  4.926395942374161E-02,  2.462712200407387E-03,  5.182525033305450E+00,  3.204653228384138E+02,  1.391794709715974E+02,  2.461398936904091E+06,  1.303590572462839E+01,  1.768072395996527E+02,  1.771034012293753E+02,  2.590321703713570E-03,  2.717931207019751E-03,  2.761603279470345E+01,
2461413.500000000, A.D. 2027-Jan-08 00:00:00.0000,  4.859601458326535E-02,  2.465834699963602E-03,  5.192835678825939E+00,  3.203769567139933E+02,  1.425956966477748E+02,  2.461426846025220E+06,  1.302486640342343E+01,  1.861698044919825E+02,  1.856054736124146E+02,  2.591785127832437E-03,  2.717735555701273E-03,  2.763943896617459E+01,
2461414.500000000, A.D. 2027-Jan-09 00:00:00.0000,  4.911033433591156E-02,  2.462020021034384E-03,  5.204183449846241E+00,  3.203161499300178E+02,  1.461161939719748E+02,  2.461427117477531E+06,  1.304456461771110E+01,  1.954104990325039E+02,  1.939989230232466E+02,  2.589175284931656E-03,  2.716330548828929E-03,  2.759770146036261E+01,
2461415.500000000, A.D. 2027-Jan-10 00:00:00.0000,  5.068323384987349E-02,  2.451979198156324E-03,  5.215560320956546E+00,  3.202848743183780E+02,  1.497456682216022E+02,  2.461427370503703E+06,  1.309222083334444E+01,  2.045887441138190E+02,  2.023045788310024E+02,  2.582888331468238E-03,  2.713797464780152E-03,  2.749724470604100E+01,
2461416.500000000, A.D. 2027-Jan-11 00:00:00.0000,  5.302666575938510E-02,  2.437404143375343E-03,  5.225985447838721E+00,  3.202806641148993E+02,  1.533939874971532E+02,  2.461427604648157E+06,  1.316094502106973E+01,  2.138523361337336E+02,  2.106460533785730E+02,  2.573888889205012E-03,  2.710373635034681E-03,  2.735365883100840E+01,
2461417.500000000, A.D. 2027-Jan-12 00:00:00.0000,  5.575056972928254E-02,  2.420640137969539E-03,  5.234654959758553E+00,  3.202972084479611E+02,  1.568735466234745E+02,  2.461427814429690E+06,  1.324056505225620E+01,  2.234311227089418E+02,  2.192547302154234E+02,  2.563560072549410E-03,  2.706480007129280E-03,  2.718917195596994E+01,
2461418.500000000, A.D. 2027-Jan-13 00:00:00.0000,  5.844808815286966E-02,  2.404247440236912E-03,  5.241064041808714E+00,  3.203254854619400E+02,  1.599314772558818E+02,  2.461427990427656E+06,  1.331893282276058E+01,  2.335976315894291E+02,  2.284382005143035E+02,  2.553494300192409E-03,  2.702741160147905E-03,  2.702919256299573E+01,
2461419.500000000, A.D. 2027-Jan-14 00:00:00.0000,  6.079298466385968E-02,  2.390526316644309E-03,  5.245084118314053E+00,  3.203553016660873E+02,  1.622884345595558E+02,  2.461428120683154E+06,  1.338361594818538E+01,  2.446240874549383E+02,  2.385400283519828E+02,  2.545260286188073E-03,  2.699994255731836E-03,  2.689856025410014E+01,
2461420.500000000, A.D. 2027-Jan-15 00:00:00.0000,  6.263292881185414E-02,  2.381076293466123E-03,  5.246980265452838E+00,  3.203770495222887E+02,  1.636795814556178E+02,  2.461428192204619E+06,  1.342382681666955E+01,  2.567411773494752E+02,  2.498948883219274E+02,  2.540174886288703E-03,  2.699273479111283E-03,  2.681798602712576E+01,
2461421.500000000, A.D. 2027-Jan-16 00:00:00.0000,  6.404938179094047E-02,  2.376470058116456E-03,  5.247359630569760E+00,  3.203834296998339E+02,  1.639147852703635E+02,  2.461428194115315E+06,  1.343237013791864E+01,  2.700821653460211E+02,  2.627617768626620E+02,  2.539097695841934E-03,  2.701725333567411E-03,  2.680092912149176E+01,
2461422.500000000, A.D. 2027-Jan-17 00:00:00.0000,  6.533931358311561E-02,  2.376151733049737E-03,  5.247052304556611E+00,  3.203708225699578E+02,  1.629689858043468E+02,  2.461428123695206E+06,  1.340730461526921E+01,  2.846014053089401E+02,  2.772241904169549E+02,  2.542261344230657E-03,  2.708370955411576E-03,  2.685103459124856E+01,
2461423.500000000, A.D. 2027-Jan-18 00:00:00.0000,  6.687778772283769E-02,  2.378676297897191E-03,  5.246941393687750E+00,  3.203399798024568E+02,  1.610663055421366E+02,  2.461427993185540E+06,  1.335292904895458E+01,  3.000028122866950E+02,  2.930939678244305E+02,  2.549158370255000E-03,  2.719640442612808E-03,  2.696037690907861E+01,
2461424.500000000, A.D. 2027-Jan-19 00:00:00.0000,  6.888370936901905E-02,  2.382284837217840E-03,  5.247775460951539E+00,  3.202957896108961E+02,  1.586597682410732E+02,  2.461427830318706E+06,  1.327966518185717E+01,  3.157744826358281E+02,  3.099181683553723E+02,  2.558525568920569E-03,  2.734766300623298E-03,  2.710911721568374E+01,
2461425.500000000, A.D. 2027-Jan-20 00:00:00.0000,  7.122543729485582E-02,  2.385542910216504E-03,  5.250007811625885E+00,  3.202460699992896E+02,  1.562442247427317E+02,  2.461427667095785E+06,  1.320250640760229E+01,  3.313889040093072E+02,  3.271542708720863E+02,  2.568484329790842E-03,  2.751425749365179E-03,  2.726754972773232E+01,
2461426.500000000, A.D. 2027-Jan-21 00:00:00.0000,  7.343537431003901E-02,  2.387646910125964E-03,  5.253706506868701E+00,  3.201996278845164E+02,  1.541119312674533E+02,  2.461427523299539E+06,  1.313802811380011E+01,  3.465558618852638E+02,  3.444089386374599E+02,  2.576881141289003E-03,  2.766115372452042E-03,  2.740137232785017E+01,
2461427.500000000, A.D. 2027-Jan-22 00:00:00.0000,  7.495337073555743E-02,  2.388284037950676E-03,  5.258562710370258E+00,  3.201640882294150E+02,  1.522433460189305E+02,  2.461427398279199E+06,  1.310051114754798E+01,  1.332594479590239E+00,  1.552887416146417E+00,  2.581798541171635E-03,  2.775313044392595E-03,  2.747984379734536E+01,
2461428.500000000, A.D. 2027-Jan-23 00:00:00.0000,  7.543662160691400E-02,  2.387305771364583E-03,  5.263995716398490E+00,  3.201441159620292E+02,  1.503869444950682E+02,  2.461427275692475E+06,  1.309829376634474E+01,  1.603633962000147E+01,  1.866031560513351E+01,  2.582089910930476E-03,  2.776874050496368E-03,  2.748449579936875E+01,
2461429.500000000, A.D. 2027-Jan-24 00:00:00.0000,  7.494224099791559E-02,  2.384537730446509E-03,  5.269321242152373E+00,  3.201405375734564E+02,  1.482421119990856E+02,  2.461427135726441E+06,  1.313163324975542E+01,  3.104677328484024E+01,  3.585508068192721E+01,  2.577717669239220E-03,  2.770897608031930E-03,  2.741471629256057E+01,
2461430.500000000, A.D. 2027-Jan-25 00:00:00.0000,  7.388272200141181E-02,  2.379877435926593E-03,  5.273929695540341E+00,  3.201505492001278E+02,  1.456522811871197E+02,  2.461426968161379E+06,  1.319285716500590E+01,  4.659504245811080E+01,  5.314711265072737E+01,  2.569736568428671E-03,  2.759595700930748E-03,  2.728749318645708E+01,
2461431.500000000, A.D. 2027-Jan-26 00:00:00.0000,  7.278038762134456E-02,  2.373629534359510E-03,  5.277422669080145E+00,  3.201688247340902E+02,  1.427346786280232E+02,  2.461426780764414E+06,  1.326863586152685E+01,  6.261781853766330E+01,  7.032280174711379E+01,  2.559943192174600E-03,  2.746256849989690E-03,  2.713165119285850E+01,
2461432.500000000, A.D. 2027-Jan-27 00:00:00.0000,  7.196309951172969E-02,  2.366837771052033E-03,  5.279676392604654E+00,  3.201890860983619E+02,  1.398667995352447E+02,  2.461426597446600E+06,  1.334341206847904E+01,  7.876020227066650E+01,  8.696445597444391E+01,  2.550370324506238E-03,  2.733902877960442E-03,  2.697960597727646E+01,
2461433.500000000, A.D. 2027-Jan-28 00:00:00.0000,  7.139383409106410E-02,  2.361286083655628E-03,  5.280828166996431E+00,  3.202056491278658E+02,  1.375104190552087E+02,  2.461426445620408E+06,  1.340282048593032E+01,  9.454858331273797E+01,  1.026198686032386E+02,  2.542828348920514E-03,  2.724370614185399E-03,  2.686001803709241E+01,
2461434.500000000, A.D. 2027-Jan-29 00:00:00.0000,  7.073308441180937E-02,  2.359043665321688E-03,  5.281203644235021E+00,  3.202145721714016E+02,  1.359949023544249E+02,  2.461426342122329E+06,  1.343626346784625E+01,  1.096113937261685E+02,  1.170058262465507E+02,  2.538607181369954E-03,  2.718170697418220E-03,  2.679316320802286E+01,
2461435.500000000, A.D. 2027-Jan-30 00:00:00.0000,  6.955350984899203E-02,  2.361797326005020E-03,  5.281213693182669E+00,  3.202142170897534E+02,  1.354151327724632E+02,  2.461426288239367E+06,  1.343831852139357E+01,  1.237905735263995E+02,  1.300957464420596E+02,  2.538348363936231E-03,  2.714899401867443E-03,  2.678906586615626E+01,
2461436.500000000, A.D. 2027-Jan-31 00:00:00.0000,  6.754830175278548E-02,  2.370331032773162E-03,  5.281250275291723E+00,  3.202052089632595E+02,  1.356669619427193E+02,  2.461426274189974E+06,  1.340904290504242E+01,  1.371183253794887E+02,  1.420719256080577E+02,  2.542041627709849E-03,  2.713752222646536E-03,  2.684755374036602E+01,
2461437.500000000, A.D. 2027-Feb-01 00:00:00.0000,  6.464207200110669E-02,  2.384316604333067E-03,  5.281604574509883E+00,  3.201899147532241E+02,  1.365399270857876E+02,  2.461426286623770E+06,  1.335342373089980E+01,  1.497369642559615E+02,  1.532238457970730E+02,  2.549095413596460E-03,  2.713874222859853E-03,  2.695937815310695E+01,
2461438.500000000, A.D. 2027-Feb-02 00:00:00.0000,  6.100212301668186E-02,  2.402379312317285E-03,  5.282420967347483E+00,  3.201716394583837E+02,  1.378033899467610E+02,  2.461426314709479E+06,  1.328025194005882E+01,  1.618237280864273E+02,  1.638562160581102E+02,  2.558450206549258E-03,  2.714521100781231E-03,  2.710791946002837E+01,
2461439.500000000, A.D. 2027-Feb-03 00:00:00.0000,  5.698282159530885E-02,  2.422350851516699E-03,  5.283690137721218E+00,  3.201537592968299E+02,  1.392738932803864E+02,  2.461426354339396E+06,  1.320065875399164E+01,  1.735313797312313E+02,  1.742182596987855E+02,  2.568723992509455E-03,  2.715097133502210E-03,  2.727136627868229E+01,
2461440.500000000, A.D. 2027-Feb-04 00:00:00.0000,  5.303323396439701E-02,  2.441649050766362E-03,  5.285275993920182E+00,  3.201389828147612E+02,  1.408731451047327E+02,  2.461453836804153E+06,  1.312650210627832E+01,  1.849344121947894E+02,  1.844441471896636E+02,  2.578389377895616E-03,  2.715129705024871E-03,  2.742543269221847E+01,
2461441.500000000, A.D. 2027-Feb-05 00:00:00.0000,  4.959087199251037E-02,  2.457738346316301E-03,  5.286965426166468E+00,  3.201288696175350E+02,  1.426730682439656E+02,  2.461454050226787E+06,  1.306875443286541E+01,  1.959841680428954E+02,  1.945076661145333E+02,  2.585979315527926E-03,  2.714220284739551E-03,  2.754661906376242E+01,
2461442.500000000, A.D. 2027-Feb-06 00:00:00.0000,  4.698568537992317E-02,  2.468598370763740E-03,  5.288527655620838E+00,  3.201236640795886E+02,  1.448939550983340E+02,  2.461454274521397E+06,  1.303602685605454E+01,  2.065070228501731E+02,  2.042248422893232E+02,  2.590305657421166E-03,  2.712012944078592E-03,  2.761577618511880E+01,
2461443.500000000, A.D. 2027-Feb-07 00:00:00.0000,  4.538206978405536E-02,  2.473089250584910E-03,  5.289770348352620E+00,  3.201224357380129E+02,  1.478130948144857E+02,  2.461454526409053E+06,  1.303336218020704E+01,  2.162888172605288E+02,  2.133470166421695E+02,  2.590658704708669E-03,  2.708228158832429E-03,  2.762142224104764E+01,
2461444.500000000, A.D. 2027-Feb-08 00:00:00.0000,  4.477456734214298E-02,  2.471116638965789E-03,  5.290581794002295E+00,  3.201234678443902E+02,  1.515984240942338E+02,  2.461454818025260E+06,  1.306142964783698E+01,  2.252318389583343E+02,  2.217296737627186E+02,  2.586946028111978E-03,  2.702775417258167E-03,  2.756206707124263E+01,
2461445.500000000, A.D. 2027-Feb-09 00:00:00.0000,  4.502276580067101E-02,  2.463586533807969E-03,  5.290951470160783E+00,  3.201248006857789E+02,  1.561669434442332E+02,  2.461455145615831E+06,  1.311624629221173E+01,  2.334857271262987E+02,  2.294769898732545E+02,  2.579733260210633E-03,  2.695879986613298E-03,  2.744687710033042E+01,
2461446.500000000, A.D. 2027-Feb-10 00:00:00.0000,  4.589555036012650E-02,  2.452210360262268E-03,  5.290964935069398E+00,  3.201248129538242E+02,  1.611651892712691E+02,  2.461455487713215E+06,  1.318952225826988E+01,  2.414563564982274E+02,  2.369643406542830E+02,  2.570169713795857E-03,  2.688129067329447E-03,  2.729439269676949E+01,
2461447.500000000, A.D. 2027-Feb-11 00:00:00.0000,  4.711592599387855E-02,  2.439201954185619E-03,  5.290773349984704E+00,  3.201227113403763E+02,  1.660667687043218E+02,  2.461455812245125E+06,  1.326967332137629E+01,  2.496992226239928E+02,  2.447431511008371E+02,  2.559809761465222E-03,  2.680417568744825E-03,  2.712952996514777E+01,
2461448.500000000, A.D. 2027-Feb-12 00:00:00.0000,  4.842227797156824E-02,  2.426869652339516E-03,  5.290543171319776E+00,  3.201188009726430E+02,  1.703052047933276E+02,  2.461456085688049E+06,  1.334346098639456E+01,  2.587806674667459E+02,  2.534091698728855E+02,  2.550364091297005E-03,  2.673858530254494E-03,  2.697950706844858E+01,
2461449.500000000, A.D. 2027-Feb-13 00:00:00.0000,  4.965326841091296E-02,  2.417134645184843E-03,  5.290397237589531E+00,  3.201144383045248E+02,  1.733817886751987E+02,  2.461456279412719E+06,  1.339811283427900E+01,  2.691686634360597E+02,  2.634938266138681E+02,  2.543423957636095E-03,  2.669713270087346E-03,  2.686945575491363E+01,
2461450.500000000, A.D. 2027-Feb-14 00:00:00.0000,  5.082930684537739E-02,  2.411080439521898E-03,  5.290363172067480E+00,  3.201116334132819E+02,  1.749548664996816E+02,  2.461456374136448E+06,  1.342365242472824E+01,  2.811476340243823E+02,  2.753716977191492E+02,  2.540196886514201E-03,  2.669313333506503E-03,  2.681833443011604E+01,
2461451.500000000, A.D. 2027-Feb-15 00:00:00.0000,  5.217106362269746E-02,  2.408701884721371E-03,  5.290346429416982E+00,  3.201123676441802E+02,  1.749430966910727E+02,  2.461456365821312E+06,  1.341504499695962E+01,  2.947247881484528E+02,  2.891512141215491E+02,  2.541283339510262E-03,  2.673864794299152E-03,  2.683554174299006E+01,
2461452.500000000, A.D. 2027-Feb-16 00:00:00.0000,  5.399316406907930E-02,  2.409027079397984E-03,  5.290141229450211E+00,  3.201178013758519E+02,  1.736159237865767E+02,  2.461456272073559E+06,  1.337367166983198E+01,  3.095535267075358E+02,  3.045755140883100E+02,  2.546521851533319E-03,  2.684016623668653E-03,  2.691856125136374E+01,
2461453.500000000, A.D. 2027-Feb-17 00:00:00.0000,  5.648052377938845E-02,  2.410635215267275E-03,  5.289482462929175E+00,  3.201276228507979E+02,  1.715476248387924E+02,  2.461456130439146E+06,  1.330763335106362E+01,  3.249950802923511E+02,  3.210581705531511E+02,  2.554939538633992E-03,  2.699243862000708E-03,  2.705214296960073E+01,
2461454.500000000, A.D. 2027-Feb-18 00:00:00.0000,  5.948753103037373E-02,  2.412279118117183E-03,  5.288127671873795E+00,  3.201397887357438E+02,  1.693585030226345E+02,  2.461455982076016E+06,  1.323053079604767E+01,  3.403913476322915E+02,  3.379326985274147E+02,  2.564856073370237E-03,  2.717433028623291E-03,  2.720979267948509E+01,
2461455.500000000, A.D. 2027-Feb-19 00:00:00.0000,  6.254121064010335E-02,  2.413185809347542E-03,  5.285945344391835E+00,  3.201508100709277E+02,  1.674073590018721E+02,  2.461455851007835E+06,  1.315872774125273E+01,  3.553811834662666E+02,  3.547555016399605E+02,  2.574178019062878E-03,  2.735170228778213E-03,  2.735826799359916E+01,
2461456.500000000, A.D. 2027-Feb-20 00:00:00.0000,  6.506856628375415E-02,  2.412929708688909E-03,  5.282979843658031E+00,  3.201565642154160E+02,  1.656809840882395E+02,  2.461455736188448E+06,  1.310763695505478E+01,  1.001176453213564E+01,  1.142033520166755E+01,  2.580862747439980E-03,  2.748795786191050E-03,  2.746490471428345E+01,
2461457.500000000, A.D. 2027-Feb-21 00:00:00.0000,  6.668776722785334E-02,  2.411152436986726E-03,  5.279468155679636E+00,  3.201534245472420E+02,  1.639075332197230E+02,  2.461455619077983E+06,  1.308805775200079E+01,  2.461761598679854E+01,  2.805889527443716E+01,  2.583436016717645E-03,  2.755719596448564E-03,  2.750599109672833E+01,
2461458.500000000, A.D. 2027-Feb-22 00:00:00.0000,  6.738702467728845E-02,  2.407426078240665E-03,  5.275798607354836E+00,  3.201393722610084E+02,  1.617615700496385E+02,  2.461455477848737E+06,  1.310371705078411E+01,  3.960141504260463E+01,  4.485691282753545E+01,  2.581377422298488E-03,  2.755328766356311E-03,  2.747312068818351E+01,
2461459.500000000, A.D. 2027-Feb-23 00:00:00.0000,  6.750379790535491E-02,  2.401381636502213E-03,  5.272421040752749E+00,  3.201147455471594E+02,  1.590610508898861E+02,  2.461455300994526E+06,  1.315075228655842E+01,  5.522008084303811E+01,  6.187898648561526E+01,  2.575218677682595E-03,  2.749055718862977E-03,  2.737485979170647E+01,
2461460.500000000, A.D. 2027-Feb-24 00:00:00.0000,  6.751654515018191E-02,  2.393062429706106E-03,  5.269733531236208E+00,  3.200823942865066E+02,  1.558981965918352E+02,  2.461455095819436E+06,  1.321911640859901E+01,  7.143849196881888E+01,  7.895344014358203E+01,  2.566332321779932E-03,  2.739602213853758E-03,  2.723328767767115E+01,
2461461.500000000, A.D. 2027-Feb-25 00:00:00.0000,  6.775847256298316E-02,  2.383302282022491E-03,  5.267976787855357E+00,  3.200471909801942E+02,  1.526333804263984E+02,  2.461454886716729E+06,  1.329522654451429E+01,  8.792509929882523E+01,  9.568462843033112E+01,  2.556528766289602E-03,  2.729755250556712E-03,  2.707738742131767E+01,
2461462.500000000, A.D. 2027-Feb-26 00:00:00.0000,  6.822584572777153E-02,  2.373816203848971E-03,  5.267163253396711E+00,  3.200150273109566E+02,  1.497251080411850E+02,  2.461454702135010E+06,  1.336494334732654E+01,  1.042180238202885E+02,  1.116204466636861E+02,  2.547630445601985E-03,  2.721444687355001E-03,  2.693614111518196E+01,
2461463.500000000, A.D. 2027-Feb-27 00:00:00.0000,  6.859712093957310E-02,  2.366829370179008E-03,  5.267057132650510E+00,  3.199915461023353E+02,  1.475073924799737E+02,  2.461454559263256E+06,  1.341614387304146E+01,  1.199502104925102E+02,  1.264671193959141E+02,  2.541144571688032E-03,  2.715459773197055E-03,  2.683334372430128E+01,
2461464.500000000, A.D. 2027-Feb-28 00:00:00.0000,  6.841828664646686E-02,  2.364422803961167E-03,  5.267208600152427E+00,  3.199809006230895E+02,  1.460749761504372E+02,  2.461454457833009E+06,  1.344050203616555E+01,  1.349717658940493E+02,  1.401943382492686E+02,  2.538073440116868E-03,  2.711724076272568E-03,  2.678471377269361E+01,
2461465.500000000, A.D. 2027-Mar-01 00:00:00.0000,  6.731244288382245E-02,  2.367946479092416E-03,  5.267033680458723E+00,  3.199848032600428E+02,  1.453109075868716E+02,  2.461454384285295E+06,  1.343439826278381E+01,  1.493329383225424E+02,  1.529985286436593E+02,  2.538842146038687E-03,  2.709737812984957E-03,  2.679688311736878E+01,
2461466.500000000, A.D. 2027-Mar-02 00:00:00.0000,  6.511359139102446E-02,  2.377700971250431E-03,  5.265922846167604E+00,  3.200020437581306E+02,  1.449785439616200E+02,  2.461454319768653E+06,  1.339905543552016E+01,  1.632035950347908E+02,  1.652030834169507E+02,  2.543304672476980E-03,  2.708908373703530E-03,  2.686756553343751E+01,
2461467.500000000, A.D. 2027-Mar-03 00:00:00.0000,  6.190649836845651E-02,  2.392886948267741E-03,  5.263357302529060E+00,  3.200285511689383E+02,  1.448109824014863E+02,  2.461454247101601E+06,  1.334005707103211E+01,  1.767944210042340E+02,  1.771625804618232E+02,  2.550797915246191E-03,  2.708708882224642E-03,  2.698639129376282E+01,
2461468.500000000, A.D. 2027-Mar-04 00:00:00.0000,  5.799289635669736E-02,  2.411755853591047E-03,  5.259012247982959E+00,  3.200579721206796E+02,  1.445861079051848E+02,  2.461481292446570E+06,  1.326639800486155E+01,  1.902903123441982E+02,  1.891824808062580E+02,  2.560231068601660E-03,  2.708706283612273E-03,  2.713622792472198E+01,
2461469.500000000, A.D. 2027-Mar-05 00:00:00.0000,  5.380522284132493E-02,  2.431921531275864E-03,  5.252830081869565E+00,  3.200826619316855E+02,  1.442024569887515E+02,  2.461481344555511E+06,  1.318919382610168E+01,  2.037798615848719E+02,  2.014388284359848E+02,  2.570212381195627E-03,  2.708503231115389E-03,  2.729507237110677E+01,
2461470.500000000, A.D. 2027-Mar-06 00:00:00.0000,  4.978539269050760E-02,  2.450812610040987E-03,  5.245051895565210E+00,  3.200949404003467E+02,  1.437584679650869E+02,  2.461481385700988E+06,  1.312016092431104E+01,  2.171778512703328E+02,  2.138953138016691E+02,  2.579220095321834E-03,  2.707627580602681E-03,  2.743868783902924E+01,
2461471.500000000, A.D. 2027-Mar-07 00:00:00.0000,  4.625796137912285E-02,  2.466202196745254E-03,  5.236201124591609E+00,  3.200884420545359E+02,  1.435952638157761E+02,  2.461481432645753E+06,  1.306998640308605E+01,  2.301804550579538E+02,  2.262577357750555E+02,  2.585816810918195E-03,  2.705431425091135E-03,  2.754402253356574E+01,
2461472.500000000, A.D. 2027-Mar-08 00:00:00.0000,  4.335021050876030E-02,  2.476659076691244E-03,  5.227018364614104E+00,  3.200593759439554E+02,  1.442322983799566E+02,  2.461481519571953E+06,  1.304673664094729E+01,  2.423240201177284E+02,  2.380368962428896E+02,  2.588887912689937E-03,  2.701116748688631E-03,  2.759310698969252E+01,
2461473.500000000, A.D. 2027-Mar-09 00:00:00.0000,  4.100883553416947E-02,  2.481736835211553E-03,  5.218351593978336E+00,  3.200074930873329E+02,  1.461765111329095E+02,  2.461481683588611E+06,  1.305449530190480E+01,  2.531673809267472E+02,  2.487396863777175E+02,  2.587862044165872E-03,  2.693987253120190E-03,  2.757670761484529E+01,
2461474.500000000, A.D. 2027-Mar-10 00:00:00.0000,  3.910309088450686E-02,  2.481859585240876E-03,  5.211012539011158E+00,  3.199365468966452E+02,  1.496967230001538E+02,  2.461481946502064E+06,  1.309245686388954E+01,  2.625069929405811E+02,  2.580968722722170E+02,  2.582857288536218E-03,  2.683854991831560E-03,  2.749674898627470E+01,
2461475.500000000, A.D. 2027-Mar-11 00:00:00.0000,  3.753586361339123E-02,  2.478059237728984E-03,  5.205618316787916E+00,  3.198540486470200E+02,  1.546805347942441E+02,  2.461482302960696E+06,  1.315470384788052E+01,  2.705090667561294E+02,  2.662101866636913E+02,  2.574702935978886E-03,  2.671346634228787E-03,  2.736663661630080E+01,
2461476.500000000, A.D. 2027-Mar-12 00:00:00.0000,  3.628928345841347E-02,  2.471740888367258E-03,  5.202446715265650E+00,  3.197702009759511E+02,  1.606107555915763E+02,  2.461482718544053E+06,  1.323083908106778E+01,  2.777234443190017E+02,  2.735810685786328E+02,  2.564816231615078E-03,  2.657891574862898E-03,  2.720915867801081E+01,
2461477.500000000, A.D. 2027-Mar-13 00:00:00.0000,  3.540408577039306E-02,  2.464498749569901E-03,  5.201340058422993E+00,  3.196960585409042E+02,  1.666516627091788E+02,  2.461483136605569E+06,  1.330751583011522E+01,  2.849907821673885E+02,  2.810296463859597E+02,  2.554954580683892E-03,  2.645410411797882E-03,  2.705238187170226E+01,
2461478.500000000, A.D. 2027-Mar-14 00:00:00.0000,  3.495273649156204E-02,  2.457875557029739E-03,  5.201691452015520E+00,  3.196411965308278E+02,  1.718458383623147E+02,  2.461483492708361E+06,  1.337072039416453E+01,  2.932438925014208E+02,  2.895018452616482E+02,  2.546896561412040E-03,  2.635917565794340E-03,  2.692450289792292E+01,
2461479.500000000, A.D. 2027-Mar-15 00:00:00.0000,  3.505391865432526E-02,  2.453005099032889E-03,  5.202534070892131E+00,  3.196113918741819E+02,  1.754031618180434E+02,  2.461483734452548E+06,  1.340845260859024E+01,  3.032225436925639E+02,  2.997817279861436E+02,  2.542116234735133E-03,  2.631227370437378E-03,  2.684873568254721E+01,
2461480.500000000, A.D. 2027-Mar-16 00:00:00.0000,  3.589566882533322E-02,  2.450277640721166E-03,  5.202729031735716E+00,  3.196069348576177E+02,  1.770043718094765E+02,  2.461483841533971E+06,  1.341327636929073E+01,  3.151790813496922E+02,  3.121857999870217E+02,  2.541506724418240E-03,  2.632735808115315E-03,  2.683908018358649E+01,
2461481.500000000, A.D. 2027-Mar-17 00:00:00.0000,  3.767446159428514E-02,  2.449305659818737E-03,  5.201216637925322E+00,  3.196221094515909E+02,  1.769625169342569E+02,  2.461483836344777E+06,  1.338413490877657E+01,  3.287300463165109E+02,  3.263959569928562E+02,  2.545194491955916E-03,  2.641083324093096E-03,  2.689751728099604E+01,
2461482.500000000, A.D. 2027-Mar-18 00:00:00.0000,  4.042704666177119E-02,  2.449287993952121E-03,  5.197270684931809E+00,  3.196461039738468E+02,  1.760441799634283E+02,  2.461483771918711E+06,  1.332689526698907E+01,  3.430492725533972E+02,  3.416303333889147E+02,  2.552477104978177E-03,  2.655666216004233E-03,  2.701304338240924E+01,
2461483.500000000, A.D. 2027-Mar-19 00:00:00.0000,  4.389224089715419E-02,  2.449465431350410E-03,  5.190687318262266E+00,  3.196652230885624E+02,  1.749875186505645E+02,  2.461483699029282E+06,  1.325333145484631E+01,  3.573621989523093E+02,  3.571173348282794E+02,  2.561913558414003E-03,  2.674361685477595E-03,  2.716298171720135E+01,
2461484.500000000, A.D. 2027-Mar-20 00:00:00.0000,  4.755872286706415E-02,  2.449281150008284E-03,  5.181853926826601E+00,  3.196658998366036E+02,  1.741174866603405E+02,  2.461483639665554E+06,  1.317865595953626E+01,  1.133805167917698E+01,  1.247553742548181E+01,  2.571582320939697E-03,  2.693883491871109E-03,  2.731689795267012E+01,
2461485.500000000, A.D. 2027-Mar-21 00:00:00.0000,  5.087690378103718E-02,  2.448245862851899E-03,  5.171676011110631E+00,  3.196377736022055E+02,  1.733243344935600E+02,  2.461483585709692E+06,  1.311816340481880E+01,  2.511197305789760E+01,  2.773604641884485E+01,  2.579481916102365E-03,  2.710717969352830E-03,  2.744286596306295E+01,
2461486.500000000, A.D. 2027-Mar-22 00:00:00.0000,  5.349022092233621E-02,  2.445768268426521E-03,  5.161379702468424E+00,  3.195760746986115E+02,  1.722677523966877E+02,  2.461483513523144E+06,  1.308387741299313E+01,  3.907469708381488E+01,  4.314592574686178E+01,  2.583986264579142E-03,  2.722204260731763E-03,  2.751477934534124E+01,
2461487.500000000, A.D. 2027-Mar-23 00:00:00.0000,  5.536806993093418E-02,  2.441135531385312E-03,  5.152240900437675E+00,  3.194827408907336E+02,  1.706044927894426E+02,  2.461483400225884E+06,  1.308211195888797E+01,  5.363370399116596E+01,  5.895328873293315E+01,  2.584218735022889E-03,  2.727301938660467E-03,  2.751849251339090E+01,
2461488.500000000, A.D. 2027-Mar-24 00:00:00.0000,  5.678589710844210E-02,  2.433700831212914E-03,  5.145308294349358E+00,  3.193660266740566E+02,  1.681719937037864E+02,  2.461483236615891E+06,  1.311252745412172E+01,  6.901626863117734E+01,  7.523791746439537E+01,  2.580220995161179E-03,  2.726741159109444E-03,  2.745466129695993E+01,
2461489.500000000, A.D. 2027-Mar-25 00:00:00.0000,  5.815319907783469E-02,  2.423252653075754E-03,  5.141183552423393E+00,  3.192387485185094E+02,  1.651008836404452E+02,  2.461483034336084E+06,  1.316873695598298E+01,  8.514462735271465E+01,  9.181059577449714E+01,  2.572873476560242E-03,  2.722494300044731E-03,  2.733747368508568E+01,
2461490.500000000, A.D. 2027-Mar-26 00:00:00.0000,  5.976372583678054E-02,  2.410413314829834E-03,  5.139902159237719E+00,  3.191156237107402E+02,  1.617906896518558E+02,  2.461482822442504E+06,  1.324006125630716E+01,  1.016513315531684E+02,  1.082443390489401E+02,  2.563625102610538E-03,  2.716836890391243E-03,  2.719020652782153E+01,
2461491.500000000, A.D. 2027-Mar-27 00:00:00.0000,  6.161150973431860E-02,  2.396782430327393E-03,  5.140931613049562E+00,  3.190103249804588E+02,  1.587228260385118E+02,  2.461482632380641E+06,  1.331382540774435E+01,  1.180619359266820E+02,  1.240630486381109E+02,  2.554147301666928E-03,  2.711512173006462E-03,  2.703956143142723E+01,
2461492.500000000, A.D. 2027-Mar-28 00:00:00.0000,  6.338759845219773E-02,  2.384632381899697E-03,  5.143278378527904E+00,  3.189328662347189E+02,  1.562307633923149E+02,  2.461482481400876E+06,  1.337763886499950E+01,  1.340252010085201E+02,  1.389688277647309E+02,  2.546018372123798E-03,  2.707404362347899E-03,  2.691057843861250E+01,
2461493.500000000, A.D. 2027-Mar-29 00:00:00.0000,  6.463542221988039E-02,  2.376289109933708E-03,  5.145676169186751E+00,  3.188877910849507E+02,  1.543905186498635E+02,  2.461482366425747E+06,  1.342128905188739E+01,  1.494269182356132E+02,  1.529464390084284E+02,  2.540495082220564E-03,  2.704701054507420E-03,  2.682305690669663E+01,
2461494.500000000, A.D. 2027-Mar-30 00:00:00.0000,  6.494565594467488E-02,  2.373522224285624E-03,  5.146817451224551E+00,  3.188734206791358E+02,  1.530565428819149E+02,  2.461482269000906E+06,  1.343807597340628E+01,  1.643610950471310E+02,  1.662211563933492E+02,  2.538378907467209E-03,  2.703235590648794E-03,  2.678954939028726E+01,
2461495.500000000, A.D. 2027-Mar-31 00:00:00.0000,  6.409693570222647E-02,  2.377153660254781E-03,  5.145587148601999E+00,  3.188821981611496E+02,  1.519574732147836E+02,  2.461482164032982E+06,  1.342555314397297E+01,  1.790427339209113E+02,  1.791563186180710E+02,  2.539957129041356E-03,  2.702760597827931E-03,  2.681453763129394E+01,
2461496.500000000, A.D. 2027-Apr-01 00:00:00.0000,  6.211654017749755E-02,  2.386908956183167E-03,  5.141261069261964E+00,  3.189019929715059E+02,  1.507860021417549E+02,  2.461508921703309E+06,  1.338570661080768E+01,  1.937267238950587E+02,  1.921566347180809E+02,  2.544995256270856E-03,  2.703081556358545E-03,  2.689435907024395E+01,
2461497.500000000, A.D. 2027-Apr-02 00:00:00.0000,  5.926835075104310E-02,  2.401469325534851E-03,  5.133639671583768E+00,  3.189181196155857E+02,  1.492765878141874E+02,  2.461508859570959E+06,  1.332462008367842E+01,  2.086380326576488E+02,  2.055835716839843E+02,  2.552767654253038E-03,  2.704065982971225E-03,  2.701765586855049E+01,
2461498.500000000, A.D. 2027-Apr-03 00:00:00.0000,  5.597561419428270E-02,  2.418711149645578E-03,  5.123098232244089E+00,  3.189157746389020E+02,  1.472909949090422E+02,  2.461508770987787E+06,  1.325166893067783E+01,  2.238922702553789E+02,  2.196628548479826E+02,  2.562127828489544E-03,  2.705544507333510E-03,  2.716638952295240E+01,
2461499.500000000, A.D. 2027-Apr-04 00:00:00.0000,  5.268451054393179E-02,  2.436145510278312E-03,  5.110545294651351E+00,  3.188825759784224E+02,  1.449125019664666E+02,  2.461508651038458E+06,  1.317828476375361E+01,  2.394050093124234E+02,  2.343834215826552E+02,  2.571630610280745E-03,  2.707115710283179E-03,  2.731766739402739E+01,
2461500.500000000, A.D. 2027-Apr-05 00:00:00.0000,  4.969805812545861E-02,  2.451511943340106E-03,  5.097291531887204E+00,  3.188108717030833E+02,  1.424943505626846E+02,  2.461508517187421E+06,  1.311635530426160E+01,  2.548437212466515E+02,  2.494427374151311E+02,  2.579718966483764E-03,  2.707925989627422E-03,  2.744664898510589E+01,
2461501.500000000, A.D. 2027-Apr-06 00:00:00.0000,  4.705715668601985E-02,  2.463331945280054E-03,  5.084841374569397E+00,  3.186994577404640E+02,  1.405762864039756E+02,  2.461508404949686E+06,  1.307638318273383E+01,  2.697082320422620E+02,  2.643254918810504E+02,  2.584973445745710E-03,  2.706614946211366E-03,  2.753054839164908E+01,
2461502.500000000, A.D. 2027-Apr-07 00:00:00.0000,  4.455713711206279E-02,  2.471150496594253E-03,  5.074631403681445E+00,  3.185543260182934E+02,  1.396692986363510E+02,  2.461508352014884E+06,  1.306562097695219E+01,  2.835397915709602E+02,  2.785167281842872E+02,  2.586392753120697E-03,  2.701635009647142E-03,  2.755322541768519E+01,
2461503.500000000, A.D. 2027-Apr-08 00:00:00.0000,  4.190541557466235E-02,  2.475371871269652E-03,  5.067753309296960E+00,  3.183881102511111E+02,  1.400501207836191E+02,  2.461508381522277E+06,  1.308650478530155E+01,  2.961179353610326E+02,  2.917089569170902E+02,  2.583640395748999E-03,  2.691908920228347E-03,  2.750925521414575E+01,
2461504.500000000, A.D. 2027-Apr-09 00:00:00.0000,  3.891847630499640E-02,  2.476876041618415E-03,  5.064712884740884E+00,  3.182180731006950E+02,  1.416934531938680E+02,  2.461508495313266E+06,  1.313577501852880E+01,  3.075184638115584E+02,  3.038757994359559E+02,  2.577175796799985E-03,  2.677475551981557E-03,  2.740607230956669E+01,
2461505.500000000, A.D. 2027-Apr-10 00:00:00.0000,  3.564532583865940E-02,  2.476663494711322E-03,  5.065283677303241E+00,  3.180628118369718E+02,  1.443243022251397E+02,  2.461508676775441E+06,  1.320463643177415E+01,  3.180518352740463E+02,  3.152291122948234E+02,  2.568208109599483E-03,  2.659752724487644E-03,  2.726315123177012E+01,
2461506.500000000, A.D. 2027-Apr-11 00:00:00.0000,  3.237604026718477E-02,  2.475633358665462E-03,  5.068506086973666E+00,  3.179382805530568E+02,  1.475107465092067E+02,  2.461508897305102E+06,  1.328012609961656E+01,  3.281634859498495E+02,  3.261373065578944E+02,  2.558466368845440E-03,  2.641299379025418E-03,  2.710817633052403E+01,
2461507.500000000, A.D. 2027-Apr-12 00:00:00.0000,  2.955789663896317E-02,  2.474475419877778E-03,  5.072854741926742E+00,  3.178540668697601E+02,  1.507753605738353E+02,  2.461509124311657E+06,  1.334754817851161E+01,  3.383194219060052E+02,  3.370238130312537E+02,  2.549843428379354E-03,  2.625211436880930E-03,  2.697124559397122E+01,
2461508.500000000, A.D. 2027-Apr-13 00:00:00.0000,  2.766307585375855E-02,  2.473633361666566E-03,  5.076552760400729E+00,  3.178109330017539E+02,  1.537620608715937E+02,  2.461509333148306E+06,  1.339349563973304E+01,  3.488412317939911E+02,  3.482062571946926E+02,  2.544008460687159E-03,  2.614383559707751E-03,  2.687871857232153E+01,
2461509.500000000, A.D. 2027-Apr-14 00:00:00.0000,  2.704669185510234E-02,  2.473324146820664E-03,  5.077965128653719E+00,  3.178003523737226E+02,  1.564274692040619E+02,  2.461509520782309E+06,  1.340874741699508E+01,  3.597213352652524E+02,  3.597057347311780E+02,  2.542078973487928E-03,  2.610833800155191E-03,  2.684814537886765E+01,
2461510.500000000, A.D. 2027-Apr-15 00:00:00.0000,  2.783099440335856E-02,  2.473598815464112E-03,  5.075973518810071E+00,  3.178062303338772E+02,  1.590433574495177E+02,  2.461509706091609E+06,  1.339030679590174E+01,  1.063067691817650E+01,  1.123979822423117E+01,  2.544412341088791E-03,  2.615225866713469E-03,  2.688511962326226E+01,
2461511.500000000, A.D. 2027-Apr-16 00:00:00.0000,  2.986110077639097E-02,  2.474381681950289E-03,  5.070235021737391E+00,  3.178083972057448E+02,  1.618859281628204E+02,  2.461509907970511E+06,  1.334205134857463E+01,  2.124093918467270E+01,  2.252514509497608E+01,  2.550543725161942E-03,  2.626705768373594E-03,  2.698235755466943E+01,
2461512.500000000, A.D. 2027-Apr-17 00:00:00.0000,  3.275797162453815E-02,  2.475438629513001E-03,  5.061258693108851E+00,  3.177870111336824E+02,  1.649309105117987E+02,  2.461510123918495E+06,  1.327383028222073E+01,  3.153970263821622E+01,  3.357373519640076E+01,  2.559275297073930E-03,  2.643111964634859E-03,  2.712103381961965E+01,
2461513.500000000, A.D. 2027-Apr-18 00:00:00.0000,  3.604104327987154E-02,  2.476319830624718E-03,  5.050284863059195E+00,  3.177268229158528E+02,  1.678575124014899E+02,  2.461510330637953E+06,  1.319925681080152E+01,  4.183322358710927E+01,  4.468214346872305E+01,  2.568905878576406E-03,  2.661491926528095E-03,  2.727426287405791E+01,
2461514.500000000, A.D. 2027-Apr-19 00:00:00.0000,  3.927262707559058E-02,  2.476340219146003E-03,  5.039004477354027E+00,  3.176203446904728E+02,  1.702288996763035E+02,  2.461510497203392E+06,  1.313277633592303E+01,  5.256783257555833E+01,  5.624863692796969E+01,  2.577568089486343E-03,  2.678795959826682E-03,  2.741233009620869E+01,
2461515.500000000, A.D. 2027-Apr-20 00:00:00.0000,  4.218587496603037E-02,  2.474617002470590E-03,  5.029192746828840E+00,  3.174692692392680E+02,  1.716495681442540E+02,  2.461510596599021E+06,  1.308674484226124E+01,  6.416955747624891E+01,  6.861844716589111E+01,  2.583608800280352E-03,  2.692600598090115E-03,  2.750875059758527E+01,
2461516.500000000, A.D. 2027-Apr-21 00:00:00.0000,  4.475792478731551E-02,  2.470182339216614E-03,  5.022344347261042E+00,  3.172839171376083E+02,  1.718740533735472E+02,  2.461510613735778E+06,  1.306918224875446E+01,  7.692865988209414E+01,  8.198206973168874E+01,  2.585922881031626E-03,  2.701663422846637E-03,  2.754571733317968E+01,
2461517.500000000, A.D. 2027-Apr-22 00:00:00.0000,  4.718833905889024E-02,  2.462211189460230E-03,  5.019386832732799E+00,  3.170809418587339E+02,  1.708980306485478E+02,  2.461510551858414E+06,  1.308261051427301E+01,  9.089983016351850E+01,  9.629356845482882E+01,  2.584153081237754E-03,  2.706094973015277E-03,  2.751744383181347E+01,
2461518.500000000, A.D. 2027-Apr-23 00:00:00.0000,  4.976742633710839E-02,  2.450374097253248E-03,  5.020522176660177E+00,  3.168798900021144E+02,  1.690044226195399E+02,  2.461510434864758E+06,  1.312405521774452E+01,  1.058472802533177E+02,  1.112338273218676E+02,  2.578709849745218E-03,  2.707045602237189E-03,  2.743054597280710E+01,
2461519.500000000, A.D. 2027-Apr-24 00:00:00.0000,  5.268248336449564E-02,  2.435199295526113E-03,  5.025213675484730E+00,  3.166994055551046E+02,  1.666879866606092E+02,  2.461510299889797E+06,  1.318600861567033E+01,  1.213127323992160E+02,  1.262932335668449E+02,  2.570626271300223E-03,  2.706053247074333E-03,  2.730166576504234E+01,
2461520.500000000, A.D. 2027-Apr-25 00:00:00.0000,  5.587377830211986E-02,  2.418201698532112E-03,  5.032306017323304E+00,  3.165538484576784E+02,  1.644520703342623E+02,  2.461510180682727E+06,  1.325800182086634E+01,  1.368135272012154E+02,  1.409789928613278E+02,  2.561311870126128E-03,  2.704422041720143E-03,  2.715341307567236E+01,
2461521.500000000, A.D. 2027-Apr-26 00:00:00.0000,  5.903131576070802E-02,  2.401617920670896E-03,  5.040245629335958E+00,  3.164509061521823E+02,  1.626082054906469E+02,  2.461510092752565E+06,  1.332841938476099E+01,  1.520405778458191E+02,  1.550162657198644E+02,  2.552282515769839E-03,  2.702947110868783E-03,  2.700995441452007E+01,
2461522.500000000, A.D. 2027-Apr-27 00:00:00.0000,  6.171757493486794E-02,  2.387858167750602E-03,  5.047357721064967E+00,  3.163905015775963E+02,  1.612076764727478E+02,  2.461510029973679E+06,  1.338626286990528E+01,  1.669270503245500E+02,  1.684144910932410E+02,  2.544924751824959E-03,  2.701991335899316E-03,  2.689324148932894E+01,
2461523.500000000, A.D. 2027-Apr-28 00:00:00.0000,  6.352892982651012E-02,  2.378936962482947E-03,  5.052134016275977E+00,  3.163650366790231E+02,  1.600957442950205E+02,  2.461536791182624E+06,  1.342267004885658E+01,  1.815968410810458E+02,  1.814089346698783E+02,  2.540320825973008E-03,  2.701704689463069E-03,  2.682029720537360E+01,
2461524.500000000, A.D. 2027-Apr-29 00:00:00.0000,  6.422481889274584E-02,  2.376058856596847E-03,  5.053488332988412E+00,  3.163608160627375E+02,  1.590049371919052E+02,  2.461536689027933E+06,  1.343207970150263E+01,  1.962760053132191E+02,  1.943616734392111E+02,  2.539134296963700E-03,  2.702209737330554E-03,  2.680150862712102E+01,
2461525.500000000, A.D. 2027-Apr-30 00:00:00.0000,  6.379846687270843E-02,  2.379397463247942E-03,  5.050943785653722E+00,  3.163603819140030E+02,  1.576386102452768E+02,  2.461536592587397E+06,  1.341298065624157E+01,  2.112153398218858E+02,  2.076712009512526E+02,  2.541544078976022E-03,  2.703690694704102E-03,  2.683967189891371E+01,
2461526.500000000, A.D. 2027-May-01 00:00:00.0000,  6.248333528612078E-02,  2.388058141190294E-03,  5.044724299687132E+00,  3.163454341817488E+02,  1.557477942968805E+02,  2.461536477382058E+06,  1.336819948573713E+01,  2.266203663025543E+02,  2.216878068706260E+02,  2.547216738722298E-03,  2.706375336254302E-03,  2.692958018647859E+01,
2461527.500000000, A.D. 2027-May-02 00:00:00.0000,  6.068744345477843E-02,  2.400242229817687E-03,  5.035733957073043E+00,  3.162999721199085E+02,  1.532197730865279E+02,  2.461536326262442E+06,  1.330467746838927E+01,  2.425694249591024E+02,  2.366163923524253E+02,  2.555317942991995E-03,  2.710393656166303E-03,  2.705815310858366E+01,
2461528.500000000, A.D. 2027-May-03 00:00:00.0000,  5.885010555960566E-02,  2.413652105534250E-03,  5.025420473376862E+00,  3.162132459220219E+02,  1.501678306987922E+02,  2.461536137942534E+06,  1.323268441869840E+01,  2.589295168323865E+02,  2.524175344357781E+02,  2.564577778515719E-03,  2.715503451497188E-03,  2.720536427901984E+01,
2461529.500000000, A.D. 2027-May-04 00:00:00.0000,  5.725178839045957E-02,  2.426099590417510E-03,  5.015534190509770E+00,  3.160820472441551E+02,  1.469535565766803E+02,  2.461535931142400E+06,  1.316444052256548E+01,  2.753376083775777E+02,  2.687761010998938E+02,  2.573433246057783E-03,  2.720766901698058E-03,  2.734639572285016E+01,
2461530.500000000, A.D. 2027-May-05 00:00:00.0000,  5.587337834431401E-02,  2.436096523438673E-03,  5.007811735150321E+00,  3.159118298242093E+02,  1.440631094143618E+02,  2.461535737471758E+06,  1.311219487435537E+01,  2.913252496637945E+02,  2.852173723829088E+02,  2.580264625063283E-03,  2.724432726687894E-03,  2.745535766129304E+01,
2461531.500000000, A.D. 2027-May-06 00:00:00.0000,  5.441630233794752E-02,  2.443116340702926E-03,  5.003633233925918E+00,  3.157162099264868E+02,  1.418764850395085E+02,  2.461535584758361E+06,  1.308595760968528E+01,  3.065470252355810E+02,  3.013336406234654E+02,  2.583712416725785E-03,  2.724308492748645E-03,  2.751040548484995E+01,
2461532.500000000, A.D. 2027-May-07 00:00:00.0000,  5.249181576249384E-02,  2.447424782907095E-03,  5.003719898886358E+00,  3.155146350162249E+02,  1.404941448290720E+02,  2.461535483014701E+06,  1.309128242949500E+01,  3.209485120611039E+02,  3.169591197569896E+02,  2.583011760343396E-03,  2.718598737779697E-03,  2.749921575207259E+01,
2461533.500000000, A.D. 2027-May-08 00:00:00.0000,  4.986029680613634E-02,  2.449684947774058E-03,  5.007946714691053E+00,  3.153284549600093E+02,  1.397275118268380E+02,  2.461535422058734E+06,  1.312766895544051E+01,  3.347678492283528E+02,  3.321879605761155E+02,  2.578236589355777E-03,  2.706788230937496E-03,  2.742299499034861E+01,
2461534.500000000, A.D. 2027-May-09 00:00:00.0000,  4.658486565883219E-02,  2.450606140745458E-03,  5.015332575055057E+00,  3.151761786870577E+02,  1.392199254706092E+02,  2.461535379154646E+06,  1.318817051920762E+01,  3.484055586165607E+02,  3.472680069231764E+02,  2.570345332769323E-03,  2.690084524793189E-03,  2.729719027181867E+01,
2461535.500000000, A.D. 2027-May-10 00:00:00.0000,  4.303516709652675E-02,  2.450771594339624E-03,  5.024232177292154E+00,  3.150691118652016E+02,  1.386340673335569E+02,  2.461535331955563E+06,  1.326054819098433E+01,  2.228361348366074E+00,  2.430974332879789E+00,  2.560983967304081E-03,  2.671196340268538E-03,  2.714819891418660E+01,
2461536.500000000, A.D. 2027-May-11 00:00:00.0000,  3.974782103969297E-02,  2.450661221264208E-03,  5.032697581617468E+00,  3.150085993152361E+02,  1.378759744393739E+02,  2.461535274264018E+06,  1.332983585889096E+01,  1.633885945429842E+01,  1.768408405947137E+01,  2.552101703031395E-03,  2.653542184798583E-03,  2.700708424401799E+01,
2461537.500000000, A.D. 2027-May-12 00:00:00.0000,  3.720286912230904E-02,  2.450806361414232E-03,  5.038922952814151E+00,  3.149856647298360E+02,  1.372777402975955E+02,  2.461535228934128E+06,  1.338167414824020E+01,  3.039066347250294E+01,  3.263674562732949E+01,  2.545506506838117E-03,  2.640206652262001E-03,  2.690246347444822E+01,
2461538.500000000, A.D. 2027-May-13 00:00:00.0000,  3.563211953832437E-02,  2.451896406494436E-03,  5.041657004733118E+00,  3.149831229905325E+02,  1.375423991279305E+02,  2.461535244152774E+06,  1.340549014489848E+01,  4.364622789916067E+01,  4.655689327979783E+01,  2.542490740484461E-03,  2.633085074474487E-03,  2.685466895345111E+01,
2461539.500000000, A.D. 2027-May-14 00:00:00.0000,  3.498713606933990E-02,  2.454612094389990E-03,  5.040476781657252E+00,  3.149795428614304E+02,  1.393538808740066E+02,  2.461535366590174E+06,  1.339667794216378E+01,  5.537396023797597E+01,  5.875508400829806E+01,  2.543605568522622E-03,  2.632599042655253E-03,  2.687233369005317E+01,
2461540.500000000, A.D. 2027-May-15 00:00:00.0000,  3.507053424827333E-02,  2.459221258517366E-03,  5.035859112453586E+00,  3.149540048125564E+02,  1.429384270352020E+02,  2.461535611551198E+06,  1.335730103469780E+01,  6.529648224627111E+01,  6.901295256879651E+01,  2.548602095596194E-03,  2.637982932675021E-03,  2.695155249289063E+01,
2461541.500000000, A.D. 2027-May-16 00:00:00.0000,  3.568497872183647E-02,  2.465290241615280E-03,  5.029044683081728E+00,  3.148905103560489E+02,  1.479379174574940E+02,  2.461535954636131E+06,  1.329529813658704E+01,  7.372726590987673E+01,  7.769911569853768E+01,  2.556519588741479E-03,  2.647748935867677E-03,  2.707724161591563E+01,
2461542.500000000, A.D. 2027-May-17 00:00:00.0000,  3.668979993274256E-02,  2.471746089496701E-03,  5.021743180055538E+00,  3.147811004858111E+02,  1.535944495286033E+02,  2.461536344293695E+06,  1.322255013291565E+01,  8.139413522513810E+01,  8.557613806670525E+01,  2.565888007128053E-03,  2.660029924759404E-03,  2.722621554701701E+01,
2461543.500000000, A.D. 2027-May-18 00:00:00.0000,  3.799363501002846E-02,  2.477173848452158E-03,  5.015760891739915E+00,  3.146271225799237E+02,  1.590408647712162E+02,  2.461536721486289E+06,  1.315236812990403E+01,  8.915350770274432E+01,  9.350564969677028E+01,  2.575007753174255E-03,  2.672841657896351E-03,  2.737149663424353E+01,
2461544.500000000, A.D. 2027-May-19 00:00:00.0000,  3.955558718775513E-02,  2.480118893710393E-03,  5.012638874598319E+00,  3.144385377043438E+02,  1.635509867608084E+02,  2.461537037128210E+06,  1.309698614425035E+01,  9.774112843741472E+01,  1.021983380038255E+02,  2.582261774472132E-03,  2.684404655233871E-03,  2.748723989129683E+01,
2461545.500000000, A.D. 2027-May-20 00:00:00.0000,  4.140942965336401E-02,  2.479303218670222E-03,  5.013373931152439E+00,  3.142315848722689E+02,  1.666978786710244E+02,  2.461537263722959E+06,  1.306552995852964E+01,  1.076113244351355E+02,  1.120598483226837E+02,  2.586404764834773E-03,  2.693506310999324E-03,  2.755341736176413E+01,
2461546.500000000, A.D. 2027-May-21 00:00:00.0000,  4.366622644532438E-02,  2.473817510730475E-03,  5.018265485128480E+00,  3.140254276927452E+02,  1.684194612445586E+02,  2.461537400360796E+06,  1.306274709984413E+01,  1.188662856288463E+02,  1.231317934541767E+02,  2.586772086418468E-03,  2.699726662106461E-03,  2.755928728072029E+01,
2461547.500000000, A.D. 2027-May-22 00:00:00.0000,  4.645321988136430E-02,  2.463361146874855E-03,  5.026899523292278E+00,  3.138385394771301E+02,  1.689884288712152E+02,  2.461537469924059E+06,  1.308858334099295E+01,  1.312794848730067E+02,  1.351291492429562E+02,  2.583366855445073E-03,  2.703372564015292E-03,  2.750488655808100E+01,
2461548.500000000, A.D. 2027-May-23 00:00:00.0000,  4.980447984734369E-02,  2.448478813898287E-03,  5.038254435780053E+00,  3.136855231679346E+02,  1.688729137621595E+02,  2.461537507304640E+06,  1.313852796078331E+01,  1.444278353539312E+02,  1.475859660218345E+02,  2.576815783666208E-03,  2.705152753434128E-03,  2.740032985997748E+01,
2461549.500000000, A.D. 2027-May-24 00:00:00.0000,  5.357492837534227E-02,  2.430627117679277E-03,  5.050897056695272E+00,  3.135748613359482E+02,  1.685296805144427E+02,  2.461537542625307E+06,  1.320455026854628E+01,  1.578917552133529E+02,  1.600665143999528E+02,  2.568219281751275E-03,  2.705811445823272E-03,  2.726332913113544E+01,
2461550.500000000, A.D. 2027-May-25 00:00:00.0000,  5.744066992298905E-02,  2.411955687741567E-03,  5.063230459225026E+00,  3.135078370185933E+02,  1.682407187107372E+02,  2.461537588902651E+06,  1.327641519281463E+01,  1.714130889957656E+02,  1.723305330756529E+02,  2.558943093316471E-03,  2.705930498891375E-03,  2.711575336954186E+01,
2461551.500000000, A.D. 2027-May-26 00:00:00.0000,  6.098375195941685E-02,  2.394867119836533E-03,  5.073755188367642E+00,  3.134786420336238E+02,  1.680671895908068E+02,  2.461564619993849E+06,  1.334317850522369E+01,  1.849375800818810E+02,  1.843786728002570E+02,  2.550400086083526E-03,  2.705933052330519E-03,  2.698007823691067E+01,
2461552.500000000, A.D. 2027-May-27 00:00:00.0000,  6.381263932216477E-02,  2.381526117455806E-03,  5.081308999171723E+00,  3.134755393079644E+02,  1.678950080553545E+02,  2.461564551929247E+06,  1.339469733800296E+01,  1.985680554018083E+02,  1.964041742049865E+02,  2.543856302152479E-03,  2.706186486849151E-03,  2.687630716213504E+01,
2461553.500000000, A.D. 2027-May-28 00:00:00.0000,  6.567247674575578E-02,  2.373449654264500E-03,  5.085254370170004E+00,  3.134828659127891E+02,  1.675091849149500E+02,  2.461564489221080E+06,  1.342302643317451E+01,  2.124913949630058E+02,  2.087139994879022E+02,  2.540275861721189E-03,  2.707102069177879E-03,  2.681958512055622E+01,
2461554.500000000, A.D. 2027-May-29 00:00:00.0000,  6.651969625067103E-02,  2.371231093164345E-03,  5.085587650307305E+00,  3.134836200778280E+02,  1.666652965383596E+02,  2.461564414571961E+06,  1.342359016493021E+01,  2.269108493328454E+02,  2.216512698953535E+02,  2.540204740946630E-03,  2.709178388728915E-03,  2.681845881592227E+01,
2461555.500000000, A.D. 2027-May-30 00:00:00.0000,  6.654393790661536E-02,  2.374421908610589E-03,  5.082949904653836E+00,  3.134623307102655E+02,  1.651627592715454E+02,  2.461564310178428E+06,  1.339601891513538E+01,  2.419786831299240E+02,  2.355143978252283E+02,  2.543688990872982E-03,  2.712956073135374E-03,  2.687365569432402E+01,
2461556.500000000, A.D. 2027-May-31 00:00:00.0000,  6.611667900658665E-02,  2.381616554297378E-03,  5.078529193908657E+00,  3.134078414195054E+02,  1.629313287824772E+02,  2.461564164787031E+06,  1.334451934607580E+01,  2.577171011759473E+02,  2.504615092086371E+02,  2.550229242518161E-03,  2.718841930738945E-03,  2.697736731191181E+01,
2461557.500000000, A.D. 2027-Jun-01 00:00:00.0000,  6.565166875964584E-02,  2.390798783521448E-03,  5.073858474757778E+00,  3.133155620595572E+02,  1.601112711902632E+02,  2.461563981120406E+06,  1.327762656082952E+01,  2.739461035557320E+02,  2.664199099021977E+02,  2.558787449588147E-03,  2.726776115654847E-03,  2.711327949695770E+01,
2461558.500000000, A.D. 2027-Jun-02 00:00:00.0000,  6.540629222340515E-02,  2.399921448691695E-03,  5.070532453777506E+00,  3.131886925703208E+02,  1.570574704861758E+02,  2.461563778425184E+06,  1.320719244440217E+01,  2.902868227962440E+02,  2.830710772725678E+02,  2.567876745501662E-03,  2.735832042311630E-03,  2.725787494317801E+01,
2461559.500000000, A.D. 2027-Jun-03 00:00:00.0000,  6.532865041182989E-02,  2.407496748034146E-03,  5.069888365524577E+00,  3.130379765649011E+02,  1.542055970996297E+02,  2.461563584660926E+06,  1.314654400996061E+01,  3.063008253698761E+02,  2.999747408308664E+02,  2.575768208894949E-03,  2.744039669755752E-03,  2.738362262563016E+01,
2461560.500000000, A.D. 2027-Jun-04 00:00:00.0000,  6.507433522274599E-02,  2.412877416265605E-03,  5.072714748209576E+00,  3.128797657782726E+02,  1.518582143625144E+02,  2.461563421428785E+06,  1.310794174125585E+01,  3.217060816910873E+02,  3.167769648354534E+02,  2.580822740426612E-03,  2.748768064587620E-03,  2.746426609960726E+01,
2461561.500000000, A.D. 2027-Jun-05 00:00:00.0000,  6.420814874289857E-02,  2.416116341592589E-03,  5.079060746045824E+00,  3.127325889414433E+02,  1.500465684872510E+02,  2.461563292949228E+06,  1.309977668400051E+01,  3.365127655106884E+02,  3.333498201427848E+02,  2.581895042521352E-03,  2.747673743450116E-03,  2.748138450632430E+01,
2461562.500000000, A.D. 2027-Jun-06 00:00:00.0000,  6.246638786357391E-02,  2.417602458263188E-03,  5.088206958718173E+00,  3.126129266660547E+02,  1.485523368356608E+02,  2.461563186185559E+06,  1.312425636054177E+01,  3.509943248178050E+02,  3.497806534008517E+02,  2.578683502081618E-03,  2.739764545900047E-03,  2.743012557133097E+01,
2461563.500000000, A.D. 2027-Jun-07 00:00:00.0000,  5.992474228405260E-02,  2.417753698648257E-03,  5.098822512057978E+00,  3.125312842724209E+02,  1.470504542634500E+02,  2.461563080032353E+06,  1.317642567928426E+01,  5.533672489559300E+00,  6.248988355441272E+00,  2.571872495104859E-03,  2.725991291561460E-03,  2.732152169051319E+01,
2461564.500000000, A.D. 2027-Jun-08 00:00:00.0000,  5.698512331613667E-02,  2.416928477039031E-03,  5.109278771191969E+00,  3.124896909426777E+02,  1.453056784084272E+02,  2.461562958734656E+06,  1.324505864713848E+01,  2.041414986806105E+01,  2.285351969782235E+01,  2.562980220988902E-03,  2.709031964938774E-03,  2.717994760089461E+01,
2461565.500000000, A.D. 2027-Jun-09 00:00:00.0000,  5.418634260816934E-02,  2.415570376109971E-03,  5.118038350523187E+00,  3.124813488994899E+02,  1.433620776756676E+02,  2.461562824937451E+06,  1.331528898780297E+01,  3.561923090376645E+01,  3.944282840605641E+01,  2.553960134992268E-03,  2.692349893874566E-03,  2.703658931696983E+01,
2461566.500000000, A.D. 2027-Jun-10 00:00:00.0000,  5.193544128494235E-02,  2.414448155629155E-03,  5.124012695782773E+00,  3.124924709633180E+02,  1.416200023304046E+02,  2.461562704853039E+06,  1.337216752067827E+01,  5.074934093072626E+01,  5.554939421109005E+01,  2.546712809201025E-03,  2.678977462772896E-03,  2.692158914725739E+01,
2461567.500000000, A.D. 2027-Jun-11 00:00:00.0000,  5.032637393676529E-02,  2.414711127936097E-03,  5.126794252924567E+00,  3.125056911724101E+02,  1.406890917007141E+02,  2.461562638117610E+06,  1.340403515022180E+01,  6.516884244294945E+01,  7.053662949509987E+01,  2.542674727049134E-03,  2.670638326162171E-03,  2.685758400104188E+01,
2461568.500000000, A.D. 2027-Jun-12 00:00:00.0000,  4.917060421667110E-02,  2.417557475142535E-03,  5.126712461471255E+00,  3.125040637114772E+02,  1.410830914796615E+02,  2.461562657531308E+06,  1.340480361259973E+01,  7.831714543039342E+01,  8.389561802373792E+01,  2.542577549520186E-03,  2.667597623897836E-03,  2.685604432590278E+01,
2461569.500000000, A.D. 2027-Jun-13 00:00:00.0000,  4.819006340582431E-02,  2.423675887611173E-03,  5.124716508782224E+00,  3.124746459547694E+02,  1.429961760471523E+02,  2.461562775203908E+06,  1.337473869506443E+01,  8.994239051235152E+01,  9.545637343199337E+01,  2.546386410173146E-03,  2.669096932735119E-03,  2.691641371153276E+01,
2461570.500000000, A.D. 2027-Jun-14 00:00:00.0000,  4.720492773221870E-02,  2.432846413017148E-03,  5.122132195563744E+00,  3.124109071040012E+02,  1.462823101055441E+02,  2.461562982374530E+06,  1.331983921218647E+01,  1.001335625195750E+02,  1.053963297691769E+02,  2.553378458629771E-03,  2.673910504242393E-03,  2.702735327845640E+01,
2461571.500000000, A.D. 2027-Jun-15 00:00:00.0000,  4.620975018815741E-02,  2.443911288818394E-03,  5.120363851636081E+00,  3.123135823952325E+02,  1.505517525041174E+02,  2.461563256024678E+06,  1.325021512022709E+01,  1.092344464576001E+02,  1.141347101711810E+02,  2.562315235766473E-03,  2.680719182714551E-03,  2.716937021274792E+01,
2461572.500000000, A.D. 2027-Jun-16 00:00:00.0000,  4.534735455076085E-02,  2.455053344218350E-03,  5.120612973691165E+00,  3.121899881477531E+02,  1.552813422991601E+02,  2.461563565315672E+06,  1.317796769597712E+01,  1.177409814442662E+02,  1.222172446358914E+02,  2.571671859834479E-03,  2.688290375450608E-03,  2.731832466928101E+01,
2461573.500000000, A.D. 2027-Jun-17 00:00:00.0000,  4.483915135211936E-02,  2.464212635825366E-03,  5.123668277103619E+00,  3.120521374028246E+02,  1.599198599553148E+02,  2.461563877468918E+06,  1.311502933818036E+01,  1.261997774498803E+02,  1.302098224614457E+02,  2.579892841413767E-03,  2.695573047002168E-03,  2.744942391794511E+01,
2461574.500000000, A.D. 2027-Jun-18 00:00:00.0000,  4.491829431196900E-02,  2.469500109518648E-03,  5.129796009917201E+00,  3.119141898236633E+02,  1.640057742927426E+02,  2.461564165123975E+06,  1.307130602692209E+01,  1.350903272720653E+02,  1.385829152544192E+02,  2.585642772562212E-03,  2.701785435605777E-03,  2.754124180541197E+01,
2461575.500000000, A.D. 2027-Jun-19 00:00:00.0000,  4.577867475391365E-02,  2.469539565147369E-03,  5.138733677037680E+00,  3.117898093020884E+02,  1.672831280862625E+02,  2.461564414280779E+06,  1.305333434287950E+01,  1.447055994245761E+02,  1.475998417143163E+02,  2.588015484259371E-03,  2.706491403371374E-03,  2.757916027764794E+01,
2461576.500000000, A.D. 2027-Jun-20 00:00:00.0000,  4.752861036047061E-02,  2.463725978615260E-03,  5.149771140549436E+00,  3.116899086940631E+02,  1.697559182717270E+02,  2.461564627918268E+06,  1.306354579412955E+01,  1.550914833776246E+02,  1.572673132774115E+02,  2.586666649953315E-03,  2.709607321291371E-03,  2.755760232890029E+01,
2461577.500000000, A.D. 2027-Jun-21 00:00:00.0000,  5.014356881778106E-02,  2.452384587024791E-03,  5.161892847587354E+00,  3.116210895379003E+02,  1.716291432000173E+02,  2.461564820900164E+06,  1.310013743724553E+01,  1.660979504380460E+02,  1.673990501100407E+02,  2.581847641935195E-03,  2.711310696845597E-03,  2.748062772047485E+01,
2461578.500000000, A.D. 2027-Jun-22 00:00:00.0000,  5.343748908652256E-02,  2.436773958496957E-03,  5.173952602872685E+00,  3.115849026605219E+02,  1.731627620250287E+02,  2.461565008302992E+06,  1.315748399802325E+01,  1.775167874904881E+02,  1.777654616522333E+02,  2.574340236806290E-03,  2.711906515115623E-03,  2.736085410053210E+01,
2461579.500000000, A.D. 2027-Jun-23 00:00:00.0000,  5.707957830601116E-02,  2.418886601447975E-03,  5.184854758192468E+00,  3.115779133640515E+02,  1.745332637897228E+02,  2.461592412061822E+06,  1.322699126959762E+01,  1.892122710113270E+02,  1.882342386213637E+02,  2.565313621166845E-03,  2.711740640885715E-03,  2.721707398624083E+01,
2461580.500000000, A.D. 2027-Jun-24 00:00:00.0000,  6.066034210046072E-02,  2.401081602065256E-03,  5.193719658285501E+00,  3.115924700525587E+02,  1.757731504866704E+02,  2.461592443244055E+06,  1.329827699525098E+01,  2.011754323271933E+02,  1.988313553823020E+02,  2.556137795176586E-03,  2.711193988287915E-03,  2.707117622294689E+01,
2461581.500000000, A.D. 2027-Jun-25 00:00:00.0000,  6.378607550185750E-02,  2.385648263655711E-03,  5.200014570846090E+00,  3.116180352711317E+02,  1.767836036808095E+02,  2.461592464549051E+06,  1.336056405102632E+01,  2.135074401094392E+02,  2.097271771558578E+02,  2.548187119663423E-03,  2.710725975671136E-03,  2.694497018427496E+01,
2461582.500000000, A.D. 2027-Jun-26 00:00:00.0000,  6.617580465563933E-02,  2.374395179200715E-03,  5.203633820006024E+00,  3.116429152452395E+02,  1.773807679223498E+02,  2.461592469116298E+06,  1.340417065156883E+01,  2.263722638927012E+02,  2.211872489840524E+02,  2.542657591266548E-03,  2.710920003332381E-03,  2.685731250055859E+01,
2461583.500000000, A.D. 2027-Jun-27 00:00:00.0000,  6.773892799745486E-02,  2.368324180969127E-03,  5.204914693474716E+00,  3.116561921960532E+02,  1.773521250207785E+02,  2.461592444847198E+06,  1.342197324402781E+01,  2.399425002334877E+02,  2.335112533214919E+02,  2.540408746105684E-03,  2.712493311242242E-03,  2.682168958727318E+01,
2461584.500000000, A.D. 2027-Jun-28 00:00:00.0000,  6.861078610506606E-02,  2.367436045871587E-03,  5.204580928898243E+00,  3.116496129083943E+02,  1.765245931804013E+02,  2.461592379028359E+06,  1.341069206160823E+01,  2.543367769281552E+02,  2.469583733468905E+02,  2.541833221335379E-03,  2.716230396799171E-03,  2.684425220907117E+01,
2461585.500000000, A.D. 2027-Jun-29 00:00:00.0000,  6.911662519676029E-02,  2.370735399819481E-03,  5.203614857496999E+00,  3.116191302666442E+02,  1.748497193022912E+02,  2.461592264755265E+06,  1.337180552534785E+01,  2.695430081705545E+02,  2.616535323848119E+02,  2.546758771280648E-03,  2.722782142741814E-03,  2.692231795605889E+01,
2461586.500000000, A.D. 2027-Jun-30 00:00:00.0000,  6.964003951209320E-02,  2.376511513077046E-03,  5.203072735458237E+00,  3.115657667249391E+02,  1.724812011875409E+02,  2.461592107683248E+06,  1.331184956549727E+01,  2.853513641892366E+02,  2.774992984965543E+02,  2.554400032252825E-03,  2.732288551428604E-03,  2.704357484125100E+01,
2461587.500000000, A.D. 2027-Jul-01 00:00:00.0000,  7.041986093152262E-02,  2.382881984744919E-03,  5.203873324625174E+00,  3.114955157087991E+02,  1.697739717417214E+02,  2.461591927922621E+06,  1.324183649656491E+01,  3.013661726326151E+02,  2.941648784345120E+02,  2.563395972651459E-03,  2.743909960558000E-03,  2.718656132730444E+01,
2461588.500000000, A.D. 2027-Jul-02 00:00:00.0000,  7.138409421108831E-02,  2.388381601517288E-03,  5.206603027037230E+00,  3.114181540048245E+02,  1.671488453783955E+02,  2.461591752180050E+06,  1.317559902495912E+01,  3.171505797001484E+02,  3.112100979187935E+02,  2.571980069077347E-03,  2.755578536637406E-03,  2.732323587853849E+01,
2461589.500000000, A.D. 2027-Jul-03 00:00:00.0000,  7.215722903267131E-02,  2.392267173400607E-03,  5.211386005754806E+00,  3.113451028988400E+02,  1.648869718429533E+02,  2.461591599682557E+06,  1.312710106367051E+01,  3.324372548755485E+02,  3.282836479530014E+02,  2.578310946914564E-03,  2.764354720428522E-03,  2.742418133705900E+01,
2461590.500000000, A.D. 2027-Jul-04 00:00:00.0000,  7.226669534197434E-02,  2.394408984991592E-03,  5.217859184686153E+00,  3.112867860647556E+02,  1.630066311634925E+02,  2.461591472709287E+06,  1.310717170434901E+01,  3.472505323494875E+02,  3.452475805636509E+02,  2.580923820422940E-03,  2.767438655854289E-03,  2.746587960547969E+01,
2461591.500000000, A.D. 2027-Jul-05 00:00:00.0000,  7.142079291433404E-02,  2.394960578346236E-03,  5.225267503129220E+00,  3.112501670365273E+02,  1.612984666424314E+02,  2.461591357998115E+06,  1.312056828262520E+01,  1.863145432186166E+00,  2.155185746758400E+00,  2.579166709819822E-03,  2.763372841293408E-03,  2.743783594165864E+01,
2461592.500000000, A.D. 2027-Jul-06 00:00:00.0000,  6.968637538082563E-02,  2.394099223452276E-03,  5.232659016552595E+00,  3.112371730063213E+02,  1.594751126605725E+02,  2.461591236528676E+06,  1.316444701711072E+01,  1.663290130021310E+01,  1.912515992108787E+01,  2.573432399673072E-03,  2.752765575893869E-03,  2.734638223178563E+01,
2461593.500000000, A.D. 2027-Jul-07 00:00:00.0000,  6.746504516948462E-02,  2.392009198555446E-03,  5.239125580982980E+00,  3.112444616245428E+02,  1.573595343484617E+02,  2.461591096307764E+06,  1.322894403279862E+01,  3.179831005808450E+01,  3.618110802880340E+01,  2.565061165980834E-03,  2.738113133406222E-03,  2.721305639418001E+01,
2461594.500000000, A.D. 2027-Jul-08 00:00:00.0000,  6.527857481371717E-02,  2.389101979171944E-03,  5.244019238878652E+00,  3.112645460374358E+02,  1.550381414175971E+02,  2.461590942677358E+06,  1.329973634987121E+01,  4.731145325424955E+01,  5.312107040667667E+01,  2.555950805017457E-03,  2.722799630862969E-03,  2.706820575458144E+01,
2461595.500000000, A.D. 2027-Jul-09 00:00:00.0000,  6.348614462047961E-02,  2.386282941886324E-03,  5.247085437864834E+00,  3.112878613442474E+02,  1.528840958228798E+02,  2.461590799501561E+06,  1.336165250726355E+01,  6.280642675822325E+01,  6.950504453505199E+01,  2.548048732198721E-03,  2.709814522511119E-03,  2.694277521468993E+01,
2461596.500000000, A.D. 2027-Jul-10 00:00:00.0000,  6.211579341710002E-02,  2.384961601399986E-03,  5.248485651189032E+00,  3.113051198913189E+02,  1.513977212906422E+02,  2.461590698063016E+06,  1.340212039078004E+01,  7.775825795486750E+01,  8.481281136224025E+01,  2.542916902385410E-03,  2.700872203370834E-03,  2.686142114106520E+01,
2461597.500000000, A.D. 2027-Jul-11 00:00:00.0000,  6.091658044599677E-02,  2.386655617414506E-03,  5.248718040635518E+00,  3.113093209646292E+02,  1.509666296460038E+02,  2.461590661450939E+06,  1.341353946036907E+01,  9.172914768716754E+01,  9.867346436300315E+01,  2.541473491830998E-03,  2.696291366247489E-03,  2.683855376603893E+01,
2461598.500000000, A.D. 2027-Jul-12 00:00:00.0000,  5.956098768000890E-02,  2.392397452824567E-03,  5.248471226048943E+00,  3.112969834650016E+02,  1.517270882713495E+02,  2.461590696771391E+06,  1.339422918191830E+01,  1.045182323471840E+02,  1.109905732654377E+02,  2.543915577175712E-03,  2.695433701526858E-03,  2.687724654480203E+01,
2461599.500000000, A.D. 2027-Jul-13 00:00:00.0000,  5.783773306744200E-02,  2.402301695174787E-03,  5.248456767578666E+00,  3.112684440758536E+02,  1.535804765801242E+02,  2.461590797775183E+06,  1.334808631993830E+01,  1.161580480293237E+02,  1.219133453214345E+02,  2.549774894929802E-03,  2.697248094684817E-03,  2.697015822127708E+01,
2461600.500000000, A.D. 2027-Jul-14 00:00:00.0000,  5.574116365661324E-02,  2.415465872847787E-03,  5.249261835140963E+00,  3.112273143770554E+02,  1.562829292140173E+02,  2.461590951426223E+06,  1.328333101552731E+01,  1.268368662081619E+02,  1.317377974570779E+02,  2.558054825519668E-03,  2.700643778191549E-03,  2.710163584564627E+01,
2461601.500000000, A.D. 2027-Jul-15 00:00:00.0000,  5.346074729196836E-02,  2.430157760922023E-03,  5.251249912925006E+00,  3.111793620314029E+02,  1.595292640527723E+02,  2.461591143005711E+06,  1.321076626274626E+01,  1.368238307281694E+02,  1.408172739491180E+02,  2.567413611183463E-03,  2.704669461444902E-03,  2.725050105648929E+01,
2461602.500000000, A.D. 2027-Jul-16 00:00:00.0000,  5.131350684344167E-02,  2.444170722469359E-03,  5.254520479639671E+00,  3.111311512271849E+02,  1.630129798027181E+02,  2.461591358999284E+06,  1.314191147212336E+01,  1.464140451218279E+02,  1.495000544480532E+02,  2.576373480702656E-03,  2.708576238935953E-03,  2.739327538186759E+01,
2461603.500000000, A.D. 2027-Jul-17 00:00:00.0000,  4.965707380826372E-02,  2.455248076315610E-03,  5.258923717951764E+00,  3.110887534653254E+02,  1.664762267289565E+02,  2.461591589234687E+06,  1.308727469413822E+01,  1.558794574717038E+02,  1.580793785320221E+02,  2.583539066423536E-03,  2.711830056531462E-03,  2.750763687731287E+01,
2461604.500000000, A.D. 2027-Jul-18 00:00:00.0000,  4.880533021550980E-02,  2.461504841269672E-03,  5.264116593704242E+00,  3.110567524206341E+02,  1.697570665683233E+02,  2.461591829040386E+06,  1.305493873697285E+01,  1.654186015008572E+02,  1.667478131021201E+02,  2.587803442829814E-03,  2.714102044389956E-03,  2.757577092111854E+01,
2461605.500000000, A.D. 2027-Jul-19 00:00:00.0000,  4.895794715109179E-02,  2.461785402272505E-03,  5.269642754629957E+00,  3.110376568736160E+02,  1.728153560473117E+02,  2.461592080040554E+06,  1.304956577458502E+01,  1.751246434900987E+02,  1.755739779224158E+02,  2.588513720185209E-03,  2.715242038097912E-03,  2.758712482994079E+01,
2461606.500000000, A.D. 2027-Jul-20 00:00:00.0000,  5.015277414178947E-02,  2.455894659634644E-03,  5.275019351056759E+00,  3.110317383454433E+02,  1.757069709649425E+02,  2.461619887292190E+06,  1.307187250916999E+01,  1.850030232471444E+02,  1.845313589344809E+02,  2.585568071134474E-03,  2.715241482634304E-03,  2.754004827904021E+01,
2461607.500000000, A.D. 2027-Jul-21 00:00:00.0000,  5.225144956875924E-02,  2.444647321706476E-03,  5.279816991106330E+00,  3.110372432044791E+02,  1.785075348293774E+02,  2.461620074628197E+06,  1.311858940763776E+01,  1.950386157303691E+02,  1.935775582722287E+02,  2.579426073080378E-03,  2.714204824454280E-03,  2.744197480488296E+01,
2461608.500000000, A.D. 2027-Jul-22 00:00:00.0000,  5.496466892536552E-02,  2.429715921833638E-03,  5.283722763379257E+00,  3.110508933341648E+02,  1.812326543409104E+02,  2.461620237449549E+06,  1.318288872332663E+01,  2.052665087053683E+02,  2.027365465100722E+02,  2.571031835466637E-03,  2.712347749099635E-03,  2.730812703918173E+01,
2461609.500000000, A.D. 2027-Jul-23 00:00:00.0000,  5.791292205217145E-02,  2.413313623169658E-03,  5.286579575250219E+00,  3.110685746281355E+02,  1.838005058608715E+02,  2.461620378592010E+06,  1.325524292072696E+01,  2.158016202777629E+02,  2.121377013491546E+02,  2.561667259492231E-03,  2.710020895814805E-03,  2.715906469258856E+01,
2461610.500000000, A.D. 2027-Jul-24 00:00:00.0000,  6.071010160917698E-02,  2.397784880715466E-03,  5.288397866014614E+00,  3.110861059840190E+02,  1.860403676992109E+02,  2.461620494663458E+06,  1.332465334152060E+01,  2.268245741538666E+02,  2.220077254607988E+02,  2.552763406508804E-03,  2.707741932302143E-03,  2.701758843348017E+01,
2461611.500000000, A.D. 2027-Jul-25 00:00:00.0000,  6.305518400595102E-02,  2.385178687554240E-03,  5.289338598825753E+00,  3.110999753951251E+02,  1.877255626573236E+02,  2.461620577148157E+06,  1.338016307055912E+01,  2.385462774388871E+02,  2.326366962415551E+02,  2.545698153016292E-03,  2.706217618478344E-03,  2.690550168197290E+01,
2461612.500000000, A.D. 2027-Jul-26 00:00:00.0000,  6.481517432143583E-02,  2.376866532759267E-03,  5.289669994604280E+00,  3.111079252915346E+02,  1.886186490696919E+02,  2.461620614495766E+06,  1.341253138353050E+01,  2.511640708717136E+02,  2.443300996410576E+02,  2.541600833861507E-03,  2.706335134963748E-03,  2.684057093369047E+01,
2461613.500000000, A.D. 2027-Jul-27 00:00:00.0000,  6.607452928941962E-02,  2.373269185834656E-03,  5.289705003084324E+00,  3.111092760979356E+02,  1.885346120311994E+02,  2.461620595759612E+06,  1.341589334110588E+01,  2.648040458796740E+02,  2.573407140455408E+02,  2.541176207592824E-03,  2.709083229350993E-03,  2.683384481724904E+01,
2461614.500000000, A.D. 2027-Jul-28 00:00:00.0000,  6.711464267296127E-02,  2.373781133857445E-03,  5.289731392334509E+00,  3.111049083149293E+02,  1.874272977419644E+02,  2.461620516507169E+06,  1.338915506775986E+01,  2.794440525464263E+02,  2.717746923922890E+02,  2.544558251679446E-03,  2.715335369501447E-03,  2.688743226724251E+01,
2461615.500000000, A.D. 2027-Jul-29 00:00:00.0000,  6.829031509209961E-02,  2.376990568884586E-03,  5.289949993952584E+00,  3.110968874399040E+02,  1.854696132185152E+02,  2.461620385293807E+06,  1.333679558066653E+01,  2.948458351381122E+02,  2.875011434861956E+02,  2.551213760453238E-03,  2.725436952021890E-03,  2.699299076922708E+01,
2461616.500000000, A.D. 2027-Jul-30 00:00:00.0000,  6.982163539193491E-02,  2.381195918396694E-03,  5.290436986617220E+00,  3.110878066626761E+02,  1.830477694746641E+02,  2.461620225004436E+06,  1.326870150491347E+01,  3.105740280287620E+02,  3.041455593886123E+02,  2.559934749073659E-03,  2.738673579750624E-03,  2.713151696619976E+01,
2461617.500000000, A.D. 2027-Jul-31 00:00:00.0000,  7.161543341532045E-02,  2.384995880648696E-03,  5.291141527566785E+00,  3.110800152449586E+02,  1.806105997776038E+02,  2.461620064022476E+06,  1.319873125077227E+01,  3.261581564152382E+02,  3.212282626498297E+02,  2.568974072266804E-03,  2.752952263884911E-03,  2.727534890741382E+01,
2461618.500000000, A.D. 2027-Aug-01 00:00:00.0000,  7.326585945421706E-02,  2.387604692500687E-03,  5.291920509031669E+00,  3.110749586296211E+02,  1.784511577222481E+02,  2.461619921603308E+06,  1.314198223611582E+01,  3.413173145803118E+02,  3.383748750877493E+02,  2.576364232243080E-03,  2.765123771985473E-03,  2.739312788071457E+01,
2461619.500000000, A.D. 2027-Aug-02 00:00:00.0000,  7.426550195864107E-02,  2.388756740688860E-03,  5.292599990725328E+00,  3.110728438899441E+02,  1.765866178126772E+02,  2.461619799051462E+06,  1.311123349369704E+01,  3.560790664511974E+02,  3.554380324524344E+02,  2.580390755387122E-03,  2.772024770085384E-03,  2.745737082426782E+01,
2461620.500000000, A.D. 2027-Aug-03 00:00:00.0000,  7.429233340311152E-02,  2.388403257970942E-03,  5.293042427052301E+00,  3.110727465361088E+02,  1.748072701564383E+02,  2.461619682436499E+06,  1.311357414181898E+01,  1.072117959123423E+01,  1.246292630504955E+01,  2.580083696131906E-03,  2.771764134292870E-03,  2.745246994501413E+01,
2461621.500000000, A.D. 2027-Aug-04 00:00:00.0000,  7.339113410951568E-02,  2.386501344262347E-03,  5.293195410050314E+00,  3.110731162510347E+02,  1.728360871778048E+02,  2.461619553255484E+06,  1.314843063331211E+01,  2.559663522079481E+01,  2.955326279663625E+01,  2.575521810887148E-03,  2.764542277511950E-03,  2.737969344325586E+01,
2461622.500000000, A.D. 2027-Aug-05 00:00:00.0000,  7.194508583346609E-02,  2.383059920476389E-03,  5.293104265717206E+00,  3.110724845389867E+02,  1.705137624536085E+02,  2.461619400986560E+06,  1.320778029116404E+01,  4.093108863491075E+01,  4.671490516571507E+01,  2.567800551561719E-03,  2.752541182647048E-03,  2.725666176025345E+01,
2461623.500000000, A.D. 2027-Aug-06 00:00:00.0000,  7.045363511120185E-02,  2.378414938418575E-03,  5.292885286367439E+00,  3.110701020520556E+02,  1.679335186507631E+02,  2.461619231930809E+06,  1.327843576453892E+01,  5.667328258971605E+01,  6.374317438686566E+01,  2.558683491493300E-03,  2.738952044568025E-03,  2.711162718137385E+01,
2461624.500000000, A.D. 2027-Aug-07 00:00:00.0000,  6.924742029367471E-02,  2.373519957707239E-03,  5.292671730607541E+00,  3.110662743460652E+02,  1.654434471577804E+02,  2.461619068614231E+06,  1.334546801570896E+01,  7.248438505520078E+01,  8.023009298120473E+01,  2.550108384825688E-03,  2.726696811944137E-03,  2.697544961152683E+01,
2461625.500000000, A.D. 2027-Aug-08 00:00:00.0000,  6.832277532270502E-02,  2.369948461444231E-03,  5.292553786283777E+00,  3.110622943406453E+02,  1.634882979197002E+02,  2.461618938449055E+06,  1.339558343579102E+01,  8.789580314819237E+01,  9.571995029238091E+01,  2.543744119391895E-03,  2.717539777339560E-03,  2.687452933465616E+01,
2461626.500000000, A.D. 2027-Aug-09 00:00:00.0000,  6.739407197189663E-02,  2.369481264671014E-03,  5.292533544006191E+00,  3.110600198139630E+02,  1.623988939899809E+02,  2.461618859942226E+06,  1.341958564807802E+01,  1.025264096502851E+02,  1.099095642842379E+02,  2.540710061409358E-03,  2.711938858147702E-03,  2.682646166884890E+01,
2461627.500000000, A.D. 2027-Aug-10 00:00:00.0000,  6.609247512436577E-02,  2.373495675109490E-03,  5.292508635800532E+00,  3.110612531016105E+02,  1.622831080847591E+02,  2.461618836933403E+06,  1.341358645039769E+01,  1.162027927268033E+02,  1.227444882976852E+02,  2.541467556357424E-03,  2.709439437605359E-03,  2.683845974611262E+01,
2461628.500000000, A.D. 2027-Aug-11 00:00:00.0000,  6.416048003312400E-02,  2.382496123848479E-03,  5.292287866588170E+00,  3.110671195316684E+02,  1.630520322938635E+02,  2.461618862104801E+06,  1.337905796661139E+01,  1.289459585350741E+02,  1.343810612104695E+02,  2.545838333406573E-03,  2.709180542964667E-03,  2.690772406386246E+01,
2461629.500000000, A.D. 2027-Aug-12 00:00:00.0000,  6.155274751652766E-02,  2.395948808832562E-03,  5.291632909598464E+00,  3.110776156571575E+02,  1.645072563853199E+02,  2.461618923831766E+06,  1.332202566985695E+01,  1.408959847079426E+02,  1.450899014963522E+02,  2.553099071356447E-03,  2.710249333880331E-03,  2.702291745425422E+01,
2461630.500000000, A.D. 2027-Aug-13 00:00:00.0000,  5.844108945711159E-02,  2.412386190577039E-03,  5.290314352829559E+00,  3.110914323535621E+02,  1.664230559443910E+02,  2.461619011768432E+06,  1.325173564226481E+01,  1.522390077297807E+02,  1.551672184896917E+02,  2.562119229678465E-03,  2.711852268779891E-03,  2.716625276253049E+01,
2461631.500000000, A.D. 2027-Aug-14 00:00:00.0000,  5.515773515232977E-02,  2.429687719527862E-03,  5.288168666068792E+00,  3.111060809763572E+02,  1.686067610127657E+02,  2.461619120356369E+06,  1.317907858589500E+01,  1.631522962785282E+02,  1.648702812457790E+02,  2.571527343687978E-03,  2.713366967848093E-03,  2.731602195507753E+01,
2461632.500000000, A.D. 2027-Aug-15 00:00:00.0000,  5.210886191084371E-02,  2.445463238069520E-03,  5.285144189222077E+00,  3.111182863693032E+02,  1.709441540606041E+02,  2.461619251009355E+06,  1.311498367377893E+01,  1.737602959976796E+02,  1.743697328722164E+02,  2.579898829942966E-03,  2.714334421816411E-03,  2.744951949271243E+01,
2461633.500000000, A.D. 2027-Aug-16 00:00:00.0000,  4.968062381930605E-02,  2.457483217033721E-03,  5.281327533186015E+00,  3.111245691481560E+02,  1.734289713009240E+02,  2.461646959178556E+06,  1.306893816487179E+01,  1.841028277045520E+02,  1.837193254569633E+02,  2.585955078502424E-03,  2.714426939971127E-03,  2.754623179468780E+01,
2461634.500000000, A.D. 2027-Aug-17 00:00:00.0000,  4.815586719272844E-02,  2.464090090836559E-03,  5.276945465306974E+00,  3.111219194503944E+02,  1.761554652764053E+02,  2.461647211993079E+06,  1.304775069912527E+01,  1.941370834127072E+02,  1.928638784028163E+02,  2.588753773760442E-03,  2.713417456684325E-03,  2.759096248092284E+01,
2461635.500000000, A.D. 2027-Aug-18 00:00:00.0000,  4.765930267118840E-02,  2.464506492730754E-03,  5.272340699663486E+00,  3.111084565619397E+02,  1.792521057617511E+02,  2.461647465376323E+06,  1.305465302840363E+01,  2.037961637559044E+02,  2.017071782707888E+02,  2.587841199733840E-03,  2.711175906736926E-03,  2.757637443268166E+01,
2461636.500000000, A.D. 2027-Aug-19 00:00:00.0000,  4.814289338463994E-02,  2.458966595871778E-03,  5.267923047471973E+00,  3.110839654460104E+02,  1.827759892658659E+02,  2.461647724423735E+06,  1.308881891128137E+01,  2.130855503451463E+02,  2.102199993120638E+02,  2.583335858693580E-03,  2.707705121515382E-03,  2.750439152991205E+01,
2461637.500000000, A.D. 2027-Aug-20 00:00:00.0000,  4.940916911436042E-02,  2.448648373469417E-03,  5.264100590294226E+00,  3.110502003806816E+02,  1.866338221121204E+02,  2.461647986381132E+06,  1.314536234705628E+01,  2.221527203068571E+02,  2.185220372390279E+02,  2.575922567218619E-03,  2.703196760967821E-03,  2.738608419421904E+01,
2461638.500000000, A.D. 2027-Aug-21 00:00:00.0000,  5.116054117316273E-02,  2.435438117524614E-03,  5.261199386194238E+00,  3.110108540784051E+02,  1.905777877000315E+02,  2.461648239608965E+06,  1.321585377663125E+01,  2.312827520787300E+02,  2.268890039342493E+02,  2.566754675797142E-03,  2.698071234069670E-03,  2.724001082976304E+01,
2461639.500000000, A.D. 2027-Aug-22 00:00:00.0000,  5.306604300653436E-02,  2.421576637783402E-03,  5.259384636316841E+00,  3.109711202403986E+02,  1.942601924714757E+02,  2.461648466781901E+06,  1.328935724732906E+01,  2.408372319620125E+02,  2.357004603999771E+02,  2.557281444919301E-03,  2.692986252055201E-03,  2.708934625655835E+01,
2461640.500000000, A.D. 2027-Aug-23 00:00:00.0000,  5.484216994605182E-02,  2.409235404194813E-03,  5.258600233516470E+00,  3.109368404351171E+02,  1.973015560623576E+02,  2.461648648685434E+06,  1.335393990686313E+01,  2.511829443962224E+02,  2.453731148954792E+02,  2.549029725603921E-03,  2.688824047013028E-03,  2.695833607989965E+01,
2461641.500000000, A.D. 2027-Aug-24 00:00:00.0000,  5.633853099619150E-02,  2.400080829449864E-03,  5.258545240409581E+00,  3.109133244658734E+02,  1.993522620632305E+02,  2.461648767127068E+06,  1.339853451710928E+01,  2.626311471430243E+02,  2.562987787783342E+02,  2.543370592404868E-03,  2.686660355359871E-03,  2.686861011107577E+01,
2461642.500000000, A.D. 2027-Aug-25 00:00:00.0000,  5.760198968733692E-02,  2.394912313347838E-03,  5.258702753859894E+00,  3.109040504873321E+02,  2.001621337002670E+02,  2.461648808374015E+06,  1.341494458597550E+01,  2.753735121678586E+02,  2.687718656715289E+02,  2.541296020513953E-03,  2.687679727680068E-03,  2.683574260726785E+01,
2461643.500000000, A.D. 2027-Aug-26 00:00:00.0000,  5.887387539238193E-02,  2.393496703279142E-03,  5.258427209687058E+00,  3.109095505948451E+02,  1.996739162560571E+02,  2.461648768899840E+06,  1.339967487238794E+01,  2.893984552066144E+02,  2.828897868503273E+02,  2.543226291031988E-03,  2.692955878784835E-03,  2.686632350623928E+01,
2461644.500000000, A.D. 2027-Aug-27 00:00:00.0000,  6.047556913851058E-02,  2.394728814742216E-03,  5.257080975298144E+00,  3.109268232109846E+02,  1.981077497287913E+02,  2.461648661720981E+06,  1.335516857812940E+01,  3.044195147161648E+02,  2.984589512002757E+02,  2.548873383256663E-03,  2.703017951771111E-03,  2.695585592154492E+01,
2461645.500000000, A.D. 2027-Aug-28 00:00:00.0000,  6.259648960637894E-02,  2.397128695616630E-03,  5.254193481133250E+00,  3.109495484553168E+02,  1.959362869952539E+02,  2.461648516266787E+06,  1.328998848714777E+01,  3.199138491273963E+02,  3.150075957701486E+02,  2.557200468142116E-03,  2.717272240667601E-03,  2.708805958320747E+01,
2461646.500000000, A.D. 2027-Aug-29 00:00:00.0000,  6.510930711263638E-02,  2.399426236123851E-03,  5.249602061077556E+00,  3.109692079029081E+02,  1.936857364666496E+02,  2.461648366262438E+06,  1.321757907068304E+01,  3.353325286607015E+02,  3.319728075252888E+02,  2.566531311498398E-03,  2.733636386872945E-03,  2.723645518402761E+01,
2461647.500000000, A.D. 2027-Aug-30 00:00:00.0000,  6.757377004351915E-02,  2.400858026985891E-03,  5.243529830220481E+00,  3.109769546922014E+02,  1.916784521858545E+02,  2.461648232586491E+06,  1.315357399008277E+01,  3.503638693870216E+02,  3.489505788610874E+02,  2.574850374059024E-03,  2.748842721132158E-03,  2.736898733921477E+01,
2461648.500000000, A.D. 2027-Aug-31 00:00:00.0000,  6.945399945478523E-02,  2.401060088494654E-03,  5.236567243675839E+00,  3.109658119100177E+02,  1.899175715509223E+02,  2.461648115078196E+06,  1.311215259562213E+01,  5.047153423486587E+00,  5.813317444079789E+00,  2.580270171585125E-03,  2.759480254675597E-03,  2.745544618815651E+01,
2461649.500000000, A.D. 2027-Sep-01 00:00:00.0000,  7.040328302012767E-02,  2.399790597477651E-03,  5.229550370763045E+00,  3.109325960560446E+02,  1.881657405688064E+02,  2.461647997647220E+06,  1.310248340787512E+01,  1.968455236726545E+01,  2.264526134635449E+01,  2.581539450003900E-03,  2.763288302530149E-03,  2.747570737495654E+01,
2461650.500000000, A.D. 2027-Sep-02 00:00:00.0000,  7.043910249914494E-02,  2.396775494964564E-03,  5.223362767206482E+00,  3.108789688601938E+02,  1.861260145080676E+02,  2.461647860641036E+06,  1.312645650640388E+01,  3.464543064292346E+01,  3.958511809967732E+01,  2.578395349253982E-03,  2.760015203543402E-03,  2.742552796517249E+01,
2461651.500000000, A.D. 2027-Sep-03 00:00:00.0000,  6.991454525824324E-02,  2.391813474985843E-03,  5.218715238456449E+00,  3.108112549835961E+02,  1.836310803428750E+02,  2.461647693724851E+06,  1.317847278928316E+01,  5.016089348075171E+01,  5.666242202362444E+01,  2.571606149512297E-03,  2.751398824038751E-03,  2.731727763574812E+01,
2461652.500000000, A.D. 2027-Sep-04 00:00:00.0000,  6.930311997020649E-02,  2.385098102023424E-03,  5.215965781443914E+00,  3.107390508166317E+02,  1.807718061540844E+02,  2.461647504095297E+06,  1.324722108718322E+01,  6.618185412693711E+01,  7.368839516156713E+01,  2.562701297491265E-03,  2.740304492959107E-03,  2.717551082077905E+01,
2461653.500000000, A.D. 2027-Sep-05 00:00:00.0000,  6.891853101721655E-02,  2.377545250736374E-03,  5.215027315523912E+00,  3.106730248092110E+02,  1.778910335493993E+02,  2.461647314856315E+06,  1.331864689926595E+01,  8.237774476251005E+01,  9.027080986923903E+01,  2.553530845516523E-03,  2.729516440296673E-03,  2.702977282323184E+01,
2461654.500000000, A.D. 2027-Sep-06 00:00:00.0000,  6.874363428379014E-02,  2.370824994309951E-03,  5.215381865507568E+00,  3.106225174228505E+02,  1.754215897024109E+02,  2.461647152867885E+06,  1.337908471338724E+01,  9.829790296121904E+01,  1.059743539229391E+02,  2.545834940399682E-03,  2.720844886489412E-03,  2.690767027132885E+01,
2461655.500000000, A.D. 2027-Sep-07 00:00:00.0000,  6.846952556365433E-02,  2.366962637949117E-03,  5.216189882701516E+00,  3.105935347639172E+02,  1.736789284850266E+02,  2.461647034781427E+06,  1.341776756137059E+01,  1.135843351654205E+02,  1.205197276569487E+02,  2.540939564410201E-03,  2.714916490871286E-03,  2.683009661282482E+01,
2461656.500000000, A.D. 2027-Sep-08 00:00:00.0000,  6.768495043488199E-02,  2.367710897459859E-03,  5.216462288164436E+00,  3.105875463627807E+02,  1.727573086132995E+02,  2.461646961608335E+06,  1.342835457329401E+01,  1.280849053363631E+02,  1.338765728008814E+02,  2.539603858764575E-03,  2.711496820069291E-03,  2.680894357049220E+01,
2461657.500000000, A.D. 2027-Sep-09 00:00:00.0000,  6.607397059097575E-02,  2.374028341136444E-03,  5.215254129453654E+00,  3.106012457834577E+02,  1.725582038872926E+02,  2.461646922706892E+06,  1.340947078417370E+01,  1.418359029023057E+02,  1.462242863710161E+02,  2.541987551882131E-03,  2.709946762627817E-03,  2.684669706912550E+01,
2461658.500000000, A.D. 2027-Sep-10 00:00:00.0000,  6.353093371835999E-02,  2.385837079239711E-03,  5.211841104908186E+00,  3.106272053509131E+02,  1.728777741402593E+02,  2.461646903171911E+06,  1.336443940324967E+01,  1.549851062594091E+02,  1.578551758196365E+02,  2.547694488951948E-03,  2.709551898664186E-03,  2.693715681874865E+01,
2461659.500000000, A.D. 2027-Sep-11 00:00:00.0000,  6.018273468454518E-02,  2.402042585804839E-03,  5.205849854493985E+00,  3.106552069951280E+02,  1.734912482542430E+02,  2.461646890186964E+06,  1.330043491237088E+01,  1.677159975397899E+02,  1.690824228291787E+02,  2.555861308845588E-03,  2.709680031886336E-03,  2.706678408426780E+01,
2461660.500000000, A.D. 2027-Sep-12 00:00:00.0000,  5.634409884361893E-02,  2.420740247692407E-03,  5.197325463999782E+00,  3.106739702637094E+02,  1.742216106143073E+02,  2.461674094284957E+06,  1.322726247128803E+01,  1.801848247662465E+02,  1.801653708474224E+02,  2.565278556225810E-03,  2.709816864759214E-03,  2.721651594813665E+01,
2461661.500000000, A.D. 2027-Sep-13 00:00:00.0000,  5.243185802709686E-02,  2.439555093136896E-03,  5.186731374296564E+00,  3.106730037596668E+02,  1.750026687753714E+02,  2.461674234942677E+06,  1.315592831896728E+01,  1.924600069916617E+02,  1.912419107189854E+02,  2.574543175393773E-03,  2.709531257650650E-03,  2.736408950183909E+01,
2461662.500000000, A.D. 2027-Sep-14 00:00:00.0000,  4.885929296768043E-02,  2.456075640422549E-03,  5.174885702966945E+00,  3.106443415315824E+02,  1.759342084811477E+02,  2.461674375411456E+06,  1.309713531672912E+01,  2.044661292159326E+02,  2.022702156036063E+02,  2.582242166972139E-03,  2.708408693521728E-03,  2.748692681980371E+01,
2461663.500000000, A.D. 2027-Sep-15 00:00:00.0000,  4.593651602268719E-02,  2.468312723100071E-03,  5.162843652633478E+00,  3.105839598027191E+02,  1.772938007585181E+02,  2.461674528613476E+06,  1.305982645046753E+01,  2.159682220148327E+02,  2.130153474305248E+02,  2.587157735887906E-03,  2.706002748675740E-03,  2.756545053377124E+01,
2461664.500000000, A.D. 2027-Sep-16 00:00:00.0000,  4.381170975749091E-02,  2.475063675341957E-03,  5.151739494190385E+00,  3.104926879816212E+02,  1.794541994818910E+02,  2.461674718625142E+06,  1.304990452640099E+01,  2.266479175079052E+02,  2.231319506383722E+02,  2.588468924582029E-03,  2.701874173822102E-03,  2.758640871829304E+01,
2461665.500000000, A.D. 2027-Sep-17 00:00:00.0000,  4.247731035723187E-02,  2.476068826096379E-03,  5.142605421647541E+00,  3.103764397401707E+02,  1.827064140138879E+02,  2.461674967080116E+06,  1.306926938787624E+01,  2.362721796428280E+02,  2.323430498437039E+02,  2.585911386622231E-03,  2.695753947148084E-03,  2.754553367259805E+01,
2461666.500000000, A.D. 2027-Sep-18 00:00:00.0000,  4.182514120111987E-02,  2.471951732267535E-03,  5.136189593723835E+00,  3.102456221638657E+02,  1.870791370350578E+02,  2.461675278668336E+06,  1.311532162207896E+01,  2.448649413605528E+02,  2.406241732128932E+02,  2.579854511488905E-03,  2.687757290710275E-03,  2.744881218878832E+01,
2461667.500000000, A.D. 2027-Sep-19 00:00:00.0000,  4.170362878248447E-02,  2.464037233094489E-03,  5.132801482741723E+00,  3.101136660636385E+02,  1.922643627327414E+02,  2.461675634923826E+06,  1.318106901729851E+01,  2.527730076055259E+02,  2.482825409408716E+02,  2.571268458383005E-03,  2.678499683671521E-03,  2.731189704928674E+01,
2461668.500000000, A.D. 2027-Sep-20 00:00:00.0000,  4.195039686937578E-02,  2.454120021190796E-03,  5.132216770700173E+00,  3.099947761548189E+02,  1.976803220326056E+02,  2.461675998806288E+06,  1.325592574982159E+01,  2.605963806290890E+02,  2.558993806178880E+02,  2.561579288975700E-03,  2.669038556760604E-03,  2.715766569564899E+01,
2461669.500000000, A.D. 2027-Sep-21 00:00:00.0000,  4.241879801590955E-02,  2.444165950897750E-03,  5.133672502136432E+00,  3.099012089381457E+02,  2.026209014533011E+02,  2.461676325506119E+06,  1.332720723480089E+01,  2.690350654781503E+02,  2.641850523349939E+02,  2.552437271986422E-03,  2.660708593075093E-03,  2.701241105187769E+01,
2461670.500000000, A.D. 2027-Sep-22 00:00:00.0000,  4.302785775360111E-02,  2.435915215157289E-03,  5.135972235188325E+00,  3.098405903982107E+02,  2.064231456114898E+02,  2.461676573612147E+06,  1.338219822883965E+01,  2.787217182828699E+02,  2.738140569860345E+02,  2.545440047438805E-03,  2.654964879720322E-03,  2.690140990619707E+01,
2461671.500000000, A.D. 2027-Sep-23 00:00:00.0000,  4.382723572615903E-02,  2.430452252796843E-03,  5.137699270189971E+00,  3.098139021518496E+02,  2.086225501807407E+02,  2.461676714495888E+06,  1.341052193322775E+01,  2.900708885258746E+02,  2.852689874926262E+02,  2.541854718736561E-03,  2.653257184676278E-03,  2.684459276025749E+01,
2461672.500000000, A.D. 2027-Sep-24 00:00:00.0000,  4.501825495914909E-02,  2.427923620548779E-03,  5.137506939652610E+00,  3.098147224021461E+02,  2.090989345265723E+02,  2.461676741128778E+06,  1.340638978288153E+01,  3.031417744796140E+02,  2.986898543128750E+02,  2.542376996373812E-03,  2.656830372198845E-03,  2.685286686649078E+01,
2461673.500000000, A.D. 2027-Sep-25 00:00:00.0000,  4.686043380543577E-02,  2.427610002731594E-03,  5.134426485406572E+00,  3.098300837560683E+02,  2.081675752849236E+02,  2.461676674326887E+06,  1.337020719122038E+01,  3.175585918251901E+02,  3.137742123474439E+02,  2.546961734495918E-03,  2.666313466260241E-03,  2.692553636987736E+01,
2461674.500000000, A.D. 2027-Sep-26 00:00:00.0000,  4.946896838056464E-02,  2.428381806063755E-03,  5.128115971921839E+00,  3.098429415357758E+02,  2.064808169723177E+02,  2.461676557163095E+06,  1.330901031186920E+01,  3.326211951565956E+02,  3.298643007572806E+02,  2.554763311542266E-03,  2.681144817020776E-03,  2.704934413334595E+01,
2461675.500000000, A.D. 2027-Sep-27 00:00:00.0000,  5.264483517669386E-02,  2.429235888765705E-03,  5.118977351541767E+00,  3.098358193560287E+02,  2.046981715977110E+02,  2.461676433468673E+06,  1.323538184716052E+01,  3.476451856731776E+02,  3.462661346055781E+02,  2.564229318598573E-03,  2.699222748431441E-03,  2.719981970729718E+01,
2461676.500000000, A.D. 2027-Sep-28 00:00:00.0000,  5.590242323297319E-02,  2.429518696526790E-03,  5.108096811409718E+00,  3.097948241386934E+02,  2.031583620347420E+02,  2.461676325643717E+06,  1.316487450963311E+01,  2.295378589194399E+00,  2.571138446183644E+00,  2.573376689352861E-03,  2.717234682178932E-03,  2.734549423441733E+01,
2461677.500000000, A.D. 2027-Sep-29 00:00:00.0000,  5.869169653480875E-02,  2.428788500519375E-03,  5.097010760876605E+00,  3.097130194659729E+02,  2.018034321187485E+02,  2.461676229390965E+06,  1.311248653399663E+01,  1.666084385728873E+01,  1.873393772662828E+01,  2.580226363220633E-03,  2.731664225921891E-03,  2.745474697469707E+01,
2461678.500000000, A.D. 2027-Sep-30 00:00:00.0000,  6.065984004670600E-02,  2.426588126447143E-03,  5.087352124594422E+00,  3.095922201843337E+02,  2.003270938465489E+02,  2.461676124032172E+06,  1.308916675804087E+01,  3.109943911012194E+01,  3.493551422984310E+01,  2.583290090107293E-03,  2.739992053767442E-03,  2.750366059618322E+01,
2461679.500000000, A.D. 2027-Oct-01 00:00:00.0000,  6.180299985444402E-02,  2.422372009313383E-03,  5.080469643939058E+00,  3.094426628970290E+02,  1.983908013582096E+02,  2.461675987605511E+06,  1.309940495911037E+01,  4.601027778217335E+01,  5.138583723090365E+01,  2.581943886984893E-03,  2.741515764656404E-03,  2.748216435202481E+01,
2461680.500000000, A.D. 2027-Oct-02 00:00:00.0000,  6.243803744001435E-02,  2.415673589802183E-03,  5.077120568999894E+00,  3.092806234813606E+02,  1.958180158919824E+02,  2.461675810194650E+06,  1.314057471531120E+01,  6.162673760617004E+01,  6.815000559593349E+01,  2.576548202964908E-03,  2.737422816127634E-03,  2.739606202919978E+01,
2461681.500000000, A.D. 2027-Oct-03 00:00:00.0000,  6.300547700844440E-02,  2.406470338170973E-03,  5.077311207543402E+00,  3.091246636893727E+02,  1.927170155316708E+02,  2.461675601595015E+06,  1.320403225653887E+01,  7.788272968321512E+01,  8.504163821736996E+01,  2.568286451117986E-03,  2.730102564064999E-03,  2.726439870833560E+01,
2461682.500000000, A.D. 2027-Oct-04 00:00:00.0000,  6.380204128345937E-02,  2.395558242665832E-03,  5.080312768642405E+00,  3.089915406389918E+02,  1.894622366231605E+02,  2.461675388341333E+06,  1.327740494959585E+01,  9.442437198071899E+01,  1.016499934777951E+02,  2.558815921741561E-03,  2.722073600817288E-03,  2.711373204075982E+01,
2461683.500000000, A.D. 2027-Oct-05 00:00:00.0000,  6.480303148102250E-02,  2.384637244557728E-03,  5.084832134026416E+00,  3.088927865565797E+02,  1.865132577280469E+02,  2.461675199527741E+06,  1.334728454502168E+01,  1.107887650972737E+02,  1.175214921711007E+02,  2.549877004342896E-03,  2.715116764128063E-03,  2.697177832582240E+01,
2461684.500000000, A.D. 2027-Oct-06 00:00:00.0000,  6.568308107835791E-02,  2.375944275678134E-03,  5.089284610134409E+00,  3.088326370855311E+02,  1.841924467550918E+02,  2.461675051284819E+06,  1.340166357369240E+01,  1.266285020635934E+02,  1.323767021425070E+02,  2.542974688310654E-03,  2.710005100943174E-03,  2.686233675546696E+01,
2461685.500000000, A.D. 2027-Oct-07 00:00:00.0000,  6.599242731385455E-02,  2.371611205062577E-03,  5.092103576953783E+00,  3.088075453317153E+02,  1.825793440638713E+02,  2.461674941217273E+06,  1.343173526290371E+01,  1.418227742893445E+02,  1.462074066387676E+02,  2.539177705210651E-03,  2.706744205358724E-03,  2.680219591539018E+01,
2461686.500000000, A.D. 2027-Oct-08 00:00:00.0000,  6.535615581330408E-02,  2.373084884818333E-03,  5.092026667137874E+00,  3.088071421706692E+02,  1.815449749059916E+02,  2.461674853217112E+06,  1.343294024491459E+01,  1.564505385841525E+02,  1.592327199524034E+02,  2.539025854156599E-03,  2.704966823494866E-03,  2.679979166409885E+01,
2461687.500000000, A.D. 2027-Oct-09 00:00:00.0000,  6.360384808848342E-02,  2.380800352100186E-03,  5.088312743196472E+00,  3.088162778680458E+02,  1.808438984060580E+02,  2.461674765742271E+06,  1.340530596817077E+01,  1.707066211313094E+02,  1.717977154024353E+02,  2.542514028106724E-03,  2.704227704113263E-03,  2.685503791220993E+01,
2461688.500000000, A.D. 2027-Oct-10 00:00:00.0000,  6.081169214230203E-02,  2.394108591266668E-03,  5.080862162052652E+00,  3.088177025664266E+02,  1.802009120650071E+02,  2.461701618761122E+06,  1.335318961214741E+01,  1.848226952677576E+02,  1.842781987209490E+02,  2.549125208689687E-03,  2.704141826112705E-03,  2.695985082639038E+01,
2461689.500000000, A.D. 2027-Oct-11 00:00:00.0000,  5.727281982544501E-02,  2.411401463734956E-03,  5.070230276382805E+00,  3.087949609230319E+02,  1.793855423406902E+02,  2.461701619419850E+06,  1.328454028773296E+01,  1.989990787385201E+02,  1.969986534612009E+02,  2.557899585846737E-03,  2.704397707958518E-03,  2.709916882351033E+01,
2461690.500000000, A.D. 2027-Oct-12 00:00:00.0000,  5.341157058583099E-02,  2.430404967203977E-03,  5.057538486051515E+00,  3.087351283880425E+02,  1.782919534922760E+02,  2.461701603210974E+06,  1.320978012243227E+01,  2.133290243875335E+02,  2.101457858182696E+02,  2.567541385127772E-03,  2.704677803051566E-03,  2.725253536875028E+01,
2461691.500000000, A.D. 2027-Oct-13 00:00:00.0000,  4.965539659015161E-02,  2.448631157103434E-03,  5.044297879635687E+00,  3.086310608415491E+02,  1.770247637893764E+02,  2.461701567083146E+06,  1.314039378163347E+01,  2.277145632269263E+02,  2.236773527533431E+02,  2.576571854375470E-03,  2.704512551647506E-03,  2.739643925307456E+01,
2461692.500000000, A.D. 2027-Oct-14 00:00:00.0000,  4.629565398091787E-02,  2.463925824174622E-03,  5.032168533284270E+00,  3.084828534511090E+02,  1.759431644457649E+02,  2.461701530008667E+06,  1.308732737084692E+01,  2.418213204121000E+02,  2.372742727113163E+02,  2.583532133893959E-03,  2.703138443613296E-03,  2.750752615862036E+01,
2461693.500000000, A.D. 2027-Oct-15 00:00:00.0000,  4.340029402316908E-02,  2.474936384977720E-03,  5.022684552108972E+00,  3.082982290304047E+02,  1.755877701047910E+02,  2.461701528893521E+06,  1.305933526867145E+01,  2.551479876696539E+02,  2.504121865670924E+02,  2.587222606816967E-03,  2.699508828656212E-03,  2.756648731299655E+01,
2461694.500000000, A.D. 2027-Oct-16 00:00:00.0000,  4.084069866144457E-02,  2.481288146972445E-03,  5.016982116548579E+00,  3.080916454290128E+02,  1.764846214260196E+02,  2.461701603606543E+06,  1.306147069066380E+01,  2.672164513380676E+02,  2.625586689552466E+02,  2.586940608832841E-03,  2.692593070693237E-03,  2.756198046344996E+01,
2461695.500000000, A.D. 2027-Oct-17 00:00:00.0000,  3.842413511963003E-02,  2.483421572745548E-03,  5.015574360800660E+00,  3.078820717682779E+02,  1.789399646575801E+02,  2.461701780014832E+06,  1.309397251089381E+01,  2.777696584302840E+02,  2.733827870370460E+02,  2.582657971614659E-03,  2.681894370483770E-03,  2.749356619623956E+01,
2461696.500000000, A.D. 2027-Oct-18 00:00:00.0000,  3.604244737520455E-02,  2.482266634027007E-03,  5.018219480883537E+00,  3.076896477660945E+02,  1.829345448331589E+02,  2.461702060488533E+06,  1.315182400926992E+01,  2.868694334045543E+02,  2.828679300675635E+02,  2.575078775271745E-03,  2.667890916516482E-03,  2.737262905481839E+01,
2461697.500000000, A.D. 2027-Oct-19 00:00:00.0000,  3.374768675511854E-02,  2.478962544838762E-03,  5.023922028427542E+00,  3.075317592738774E+02,  1.881086845195325E+02,  2.461702422105950E+06,  1.322521192797655E+01,  2.949041056838936E+02,  2.913354266761820E+02,  2.565543710331597E-03,  2.652124875824433E-03,  2.722073581584412E+01,
2461698.500000000, A.D. 2027-Oct-20 00:00:00.0000,  3.173354611322790E-02,  2.474687852106640E-03,  5.031087941931287E+00,  3.074193265929976E+02,  1.937881025510714E+02,  2.461702818689196E+06,  1.330097436937251E+01,  3.025572256975614E+02,  2.994270419805034E+02,  2.555792201798233E-03,  2.636896551489825E-03,  2.706568631760949E+01,
2461699.500000000, A.D. 2027-Oct-21 00:00:00.0000,  3.026540974155869E-02,  2.470530006527100E-03,  5.037821838395136E+00,  3.073541873633864E+02,  1.990793862112116E+02,  2.461703188044079E+06,  1.336490569362498E+01,  3.107096386896623E+02,  3.080152435333305E+02,  2.547635230654901E-03,  2.624740454782702E-03,  2.693621700388944E+01,
2461700.500000000, A.D. 2027-Oct-22 00:00:00.0000,  2.961855836890925E-02,  2.467302658402025E-03,  5.042316850439673E+00,  3.073282942523712E+02,  2.031281044478787E+02,  2.461703470426807E+06,  1.340453801871276E+01,  3.201828009286635E+02,  3.179464971111866E+02,  2.542611134704714E-03,  2.617919611007404E-03,  2.685657644429367E+01,
2461701.500000000, A.D. 2027-Oct-23 00:00:00.0000,  3.003779850045855E-02,  2.465343910669708E-03,  5.043254332876892E+00,  3.073250635812884E+02,  2.055211701767653E+02,  2.461703636775789E+06,  1.341182002209339E+01,  3.313419476933757E+02,  3.296352838480813E+02,  2.541690703883447E-03,  2.618037497097186E-03,  2.684199455457718E+01,
2461702.500000000, A.D. 2027-Oct-24 00:00:00.0000,  3.166635495736814E-02,  2.464486309386482E-03,  5.040115915904117E+00,  3.073227057719492E+02,  2.065383043886330E+02,  2.461703706306957E+06,  1.338504037215997E+01,  3.438535326754755E+02,  3.428046552356560E+02,  2.545079706776046E-03,  2.625673104165610E-03,  2.689569773347693E+01,
2461703.500000000, A.D. 2027-Oct-25 00:00:00.0000,  3.442810675523518E-02,  2.464285889086232E-03,  5.033322684233005E+00,  3.072988721934117E+02,  2.069056555775196E+02,  2.461703729404042E+06,  1.332944464572939E+01,  3.569421715195844E+02,  3.567222895281112E+02,  2.552151638139653E-03,  2.640017387193074E-03,  2.700787688970523E+01,
2461704.500000000, A.D. 2027-Oct-26 00:00:00.0000,  3.796921470873019E-02,  2.464274534549621E-03,  5.024156271320248E+00,  3.072355857343201E+02,  2.072237280036254E+02,  2.461703747709179E+06,  1.325627755702063E+01,  9.972575932002691E+00,  1.076290560922477E+01,  2.561533967755018E-03,  2.658793400960413E-03,  2.715694496071720E+01,
2461705.500000000, A.D. 2027-Oct-27 00:00:00.0000,  4.175266726851715E-02,  2.463995008470610E-03,  5.014474458509106E+00,  3.071232820395301E+02,  2.076365644354474E+02,  2.461703771129337E+06,  1.318039606104483E+01,  2.278720007736934E+01,  2.473337841880813E+01,  2.571355979094660E-03,  2.678716949718711E-03,  2.731329152270270E+01,
2461706.500000000, A.D. 2027-Oct-28 00:00:00.0000,  4.525594323977312E-02,  2.462887430881774E-03,  5.006291353963791E+00,  3.069629437734998E+02,  2.079065395565201E+02,  2.461703783401566E+06,  1.311702570043894E+01,  3.563369147311152E+01,  3.879872162228365E+01,  2.579631068078280E-03,  2.696374705274786E-03,  2.744524621827592E+01,
2461707.500000000, A.D. 2027-Oct-29 00:00:00.0000,  4.816139934892506E-02,  2.460210930509793E-03,  5.001329518820519E+00,  3.067657708747351E+02,  2.076450327359126E+02,  2.461703758626273E+06,  1.307850858276654E+01,  4.893158839912290E+01,  5.325932330347936E+01,  2.584693380607767E-03,  2.709175830705741E-03,  2.752607437780554E+01,
2461708.500000000, A.D. 2027-Oct-30 00:00:00.0000,  5.045950826011668E-02,  2.455100467789509E-03,  5.000655167263681E+00,  3.065504961444602E+02,  2.065219122058926E+02,  2.461703676189289E+06,  1.307188137347430E+01,  6.305628138150359E+01,  6.835474413779751E+01,  2.585566902250713E-03,  2.716033336711917E-03,  2.754002960358242E+01,
2461709.500000000, A.D. 2027-Oct-31 00:00:00.0000,  5.241950319043209E-02,  2.446797620772800E-03,  5.004477473673444E+00,  3.063391090851137E+02,  2.044286218039019E+02,  2.461703532045298E+06,  1.309781534890402E+01,  7.816716870222436E+01,  8.411566057303448E+01,  2.582152787030742E-03,  2.717507953288683E-03,  2.748549971199002E+01,
2461710.500000000, A.D. 2027-Nov-01 00:00:00.0000,  5.442135432634201E-02,  2.435042171429998E-03,  5.012142427561348E+00,  3.061521390280730E+02,  2.015704946895201E+02,  2.461703344169932E+06,  1.315099222192914E+01,  9.410626555753221E+01,  1.002843408101152E+02,  2.575187354929323E-03,  2.715332538428648E-03,  2.737436034671999E+01,
2461711.500000000, A.D. 2027-Nov-02 00:00:00.0000,  5.671703676819435E-02,  2.420475445169504E-03,  5.022300786517851E+00,  3.060046324755882E+02,  1.984128608728331E+02,  2.461703146671779E+06,  1.322159140441786E+01,  1.104442926096719E+02,  1.163763272812493E+02,  2.566012044653761E-03,  2.711548644138018E-03,  2.722818978354676E+01,
2461712.500000000, A.D. 2027-Nov-03 00:00:00.0000,  5.926115218861838E-02,  2.404767407994263E-03,  5.033194935447720E+00,  3.059036018201872E+02,  1.954672806792384E+02,  2.461702972627085E+06,  1.329737050306790E+01,  1.266890075751513E+02,  1.318962095695987E+02,  2.556253963136451E-03,  2.707740518278639E-03,  2.707302168627570E+01,
2461713.500000000, A.D. 2027-Nov-04 00:00:00.0000,  6.171853105037420E-02,  2.390287609416253E-03,  5.042996528948099E+00,  3.058472306716807E+02,  1.930615618259950E+02,  2.461702837542743E+06,  1.336583932219738E+01,  1.425126904694558E+02,  1.465647041123597E+02,  2.547516591254966E-03,  2.704745573093679E-03,  2.693433545936230E+01,
2461714.500000000, A.D. 2027-Nov-05 00:00:00.0000,  6.362009584626629E-02,  2.379473600939855E-03,  5.050131346427285E+00,  3.058257026373415E+02,  1.912514316429818E+02,  2.461702735018159E+06,  1.341617017173101E+01,  1.578409984443928E+02,  1.604008126486052E+02,  2.541141250879724E-03,  2.702808900819594E-03,  2.683329112495532E+01,
2461715.500000000, A.D. 2027-Nov-06 00:00:00.0000,  6.455165739144075E-02,  2.374218973556923E-03,  5.053541541647365E+00,  3.058232768123463E+02,  1.898734095670806E+02,  2.461702643232628E+06,  1.344065165228039E+01,  1.728033316260743E+02,  1.736611065123541E+02,  2.538054604849967E-03,  2.701890236143011E-03,  2.678441561566110E+01,
2461716.500000000, A.D. 2027-Nov-07 00:00:00.0000,  6.429068764084983E-02,  2.375474636500976E-03,  5.052851736540044E+00,  3.058211516464565E+02,  1.886440076473107E+02,  2.461729328665502E+06,  1.343561648525959E+01,  1.876389702976769E+02,  1.867321237548776E+02,  2.538688677268615E-03,  2.701902718036253E-03,  2.679445341380212E+01,
2461717.500000000, A.D. 2027-Nov-08 00:00:00.0000,  6.286820769037180E-02,  2.383081565059834E-03,  5.048421049267008E+00,  3.058006691884723E+02,  1.872471676265503E+02,  2.461729243441803E+06,  1.340183955890316E+01,  2.026162770874188E+02,  2.000345600628566E+02,  2.542952426346095E-03,  2.702823287632355E-03,  2.686198401478724E+01,
2461718.500000000, A.D. 2027-Nov-09 00:00:00.0000,  6.055941957278958E-02,  2.395800492885435E-03,  5.041277585901955E+00,  3.057464455492059E+02,  1.854121510428602E+02,  2.461729144007839E+06,  1.334442198543215E+01,  2.179618677778623E+02,  2.139372713187170E+02,  2.550241646785095E-03,  2.704682800684755E-03,  2.697756413825979E+01,
2461719.500000000, A.D. 2027-Nov-10 00:00:00.0000,  5.780397848827488E-02,  2.411539684794268E-03,  5.032945494322928E+00,  3.056490344320194E+02,  1.830041181121285E+02,  2.461729010376496E+06,  1.327217339725483E+01,  2.337766340761793E+02,  2.286589757986537E+02,  2.559488290902592E-03,  2.707436897010917E-03,  2.712441958258782E+01,
2461720.500000000, A.D. 2027-Nov-11 00:00:00.0000,  5.505690609761205E-02,  2.427807619130294E-03,  5.025187624648884E+00,  3.055067399240201E+02,  1.801216539811263E+02,  2.461728839820666E+06,  1.319650253715986E+01,  2.499435354176276E+02,  2.441636507897779E+02,  2.569263307808339E-03,  2.710718996486383E-03,  2.727995535076667E+01,
2461721.500000000, A.D. 2027-Nov-12 00:00:00.0000,  5.260335773944581E-02,  2.442342334466452E-03,  5.019699043578557E+00,  3.053262243057392E+02,  1.771329126255437E+02,  2.461728652042435E+06,  1.312984875188016E+01,  2.660947645574136E+02,  2.601185248414982E+02,  2.577951224989414E-03,  2.713560115512375E-03,  2.741844226868561E+01,
2461722.500000000, A.D. 2027-Nov-13 00:00:00.0000,  5.042985106271405E-02,  2.453691749248362E-03,  5.017797400791142E+00,  3.051216550614432E+02,  1.745614891718360E+02,  2.461728482488735E+06,  1.308375321959623E+01,  2.817265937582197E+02,  2.760045180750674E+02,  2.584002616335842E-03,  2.714313483423322E-03,  2.751504052069776E+01,
2461723.500000000, A.D. 2027-Nov-14 00:00:00.0000,  4.825432802541525E-02,  2.461441989176105E-03,  5.020163589468389E+00,  3.049123438457185E+02,  1.728493286330595E+02,  2.461728364684437E+06,  1.306678442428277E+01,  2.964342171673504E+02,  2.913530376353456E+02,  2.586239225096087E-03,  2.711036461016070E-03,  2.755077211888420E+01,
2461724.500000000, A.D. 2027-Nov-15 00:00:00.0000,  4.571425256242231E-02,  2.466012332163457E-03,  5.026686809217912E+00,  3.047191490529067E+02,  1.721655742003807E+02,  2.461728314386456E+06,  1.308267515084162E+01,  3.100976210951331E+02,  3.059412556335354E+02,  2.584144569679603E-03,  2.702276807195748E-03,  2.751730787849156E+01,
2461725.500000000, A.D. 2027-Nov-16 00:00:00.0000,  4.259231344014175E-02,  2.468239645927042E-03,  5.036457592267536E+00,  3.045602742093761E+02,  1.723789965259007E+02,  2.461728325681735E+06,  1.312913598890618E+01,  3.229012402445654E+02,  3.198284024700788E+02,  2.578044526460699E-03,  2.687849406994355E-03,  2.741993077870408E+01,
2461726.500000000, A.D. 2027-Nov-17 00:00:00.0000,  3.895502896963061E-02,  2.469016549543202E-03,  5.047927648062617E+00,  3.044473660260830E+02,  1.731574750494999E+02,  2.461728377211537E+06,  1.319779359145117E+01,  3.352249496077046E+02,  3.332683370069885E+02,  2.569095748866033E-03,  2.669174948188863E-03,  2.727728673019928E+01,
2461727.500000000, A.D. 2027-Nov-18 00:00:00.0000,  3.515771323376861E-02,  2.469090636064834E-03,  5.059218450082612E+00,  3.043828627688736E+02,  1.741227195192443E+02,  2.461728443099777E+06,  1.327549467832340E+01,  3.474798839342111E+02,  3.465674803784100E+02,  2.559061382291033E-03,  2.649032128517232E-03,  2.711763355890745E+01,
2461728.500000000, A.D. 2027-Nov-19 00:00:00.0000,  3.173307937205726E-02,  2.469016057479995E-03,  5.068519945798591E+00,  3.043593047151628E+02,  1.750489112552427E+02,  2.461728507304372E+06,  1.334684259380930E+01,  3.599025096916175E+02,  3.598960672390407E+02,  2.549933293062189E-03,  2.630850528644384E-03,  2.697267143668718E+01,
2461729.500000000, A.D. 2027-Nov-20 00:00:00.0000,  2.920936610463522E-02,  2.469216510649976E-03,  5.074489912519351E+00,  3.043608513017083E+02,  1.760844706545716E+02,  2.461728579695325E+06,  1.339742627106433E+01,  1.232971403358980E+01,  1.307082957343808E+01,  2.543510850266523E-03,  2.617805189883070E-03,  2.687083270445201E+01,
2461730.500000000, A.D. 2027-Nov-21 00:00:00.0000,  2.792924491275079E-02,  2.470074429333802E-03,  5.076555916958410E+00,  3.043666997894715E+02,  1.778053317546957E+02,  2.461728700211090E+06,  1.341694143786052E+01,  2.414766241040828E+01,  2.549983197709867E+01,  2.541043865795652E-03,  2.612013302257503E-03,  2.683174862671278E+01,
2461731.500000000, A.D. 2027-Nov-22 00:00:00.0000,  2.796339195691945E-02,  2.471896037213026E-03,  5.075041688180025E+00,  3.043556274021627E+02,  1.808432013697910E+02,  2.461728912903312E+06,  1.340140702231029E+01,  3.467073572662170E+01,  3.654712146585071E+01,  2.543007142693408E-03,  2.614118248173790E-03,  2.686285099771107E+01,
2461732.500000000, A.D. 2027-Nov-23 00:00:00.0000,  2.915528093049344E-02,  2.474712438844930E-03,  5.071084299975309E+00,  3.043106002945177E+02,  1.853158723330903E+02,  2.461729225916710E+06,  1.335393674208791E+01,  4.372190114352697E+01,  4.609274179648606E+01,  2.549030128336884E-03,  2.623347817828838E-03,  2.695834246880769E+01,
2461733.500000000, A.D. 2027-Nov-24 00:00:00.0000,  3.121651065269360E-02,  2.478127056792365E-03,  5.066364811010226E+00,  3.042223715195057E+02,  1.906757967050120E+02,  2.461729600863068E+06,  1.328392779865479E+01,  5.179585348612849E+01,  5.467504783286039E+01,  2.557978210861067E-03,  2.637829364929769E-03,  2.710041829920632E+01,
2461734.500000000, A.D. 2027-Nov-25 00:00:00.0000,  3.379972376021811E-02,  2.481365755666709E-03,  5.062724682194350E+00,  3.040912397164104E+02,  1.960515806413176E+02,  2.461729976867602E+06,  1.320493680025450E+01,  5.972767745421532E+01,  6.314339213078240E+01,  2.568169163978699E-03,  2.654972572290689E-03,  2.726253108557563E+01,
2461735.500000000, A.D. 2027-Nov-26 00:00:00.0000,  3.657136373694020E-02,  2.483424349049885E-03,  5.061766905636364E+00,  3.039266136861031E+02,  2.006356870732254E+02,  2.461730297997888E+06,  1.313181305641178E+01,  6.831171925734441E+01,  7.226953059862940E+01,  2.577694139010206E-03,  2.671963928970527E-03,  2.741434091800639E+01,
2461736.500000000, A.D. 2027-Nov-27 00:00:00.0000,  3.930695248854622E-02,  2.483188865048471E-03,  5.064536563802080E+00,  3.037446024920632E+02,  2.038695961738380E+02,  2.461730526635112E+06,  1.307778252399473E+01,  7.811836694654083E+01,  8.256665669346872E+01,  2.584789045242743E-03,  2.686389225437015E-03,  2.752760258396121E+01,
2461737.500000000, A.D. 2027-Nov-28 00:00:00.0000,  4.197039676809727E-02,  2.479550950261386E-03,  5.071344682010102E+00,  3.035643452427239E+02,  2.054942760947378E+02,  2.461730647398521E+06,  1.305210642065306E+01,  8.944088375956576E+01,  9.424692898665677E+01,  2.588177799408961E-03,  2.696804648556537E-03,  2.758175488290169E+01,
2461738.500000000, A.D. 2027-Nov-29 00:00:00.0000,  4.471488436085870E-02,  2.471613125715913E-03,  5.081755452705340E+00,  3.034040417429003E+02,  2.055741652089424E+02,  2.461730668836772E+06,  1.305871803951517E+01,  1.022649525135497E+02,  1.072070438044538E+02,  2.587304130727777E-03,  2.702995135739641E-03,  2.756779026169751E+01,
2461739.500000000, A.D. 2027-Nov-30 00:00:00.0000,  4.777370352505905E-02,  2.459026480670425E-03,  5.094716511589824E+00,  3.032775797884565E+02,  2.044891054586897E+02,  2.461730621847163E+06,  1.309595624212063E+01,  1.162679010647896E+02,  1.210449917062165E+02,  2.582397156824515E-03,  2.705767832978604E-03,  2.748940156367728E+01,
2461740.500000000, A.D. 2027-Dec-01 00:00:00.0000,  5.128245722249643E-02,  2.442349201803005E-03,  5.108786401544759E+00,  3.031923507297017E+02,  2.028173116516902E+02,  2.461730549134016E+06,  1.315726211448181E+01,  1.309261520147668E+02,  1.351830900260881E+02,  2.574369179105390E-03,  2.706389156407775E-03,  2.736131551288005E+01,
2461741.500000000, A.D. 2027-Dec-02 00:00:00.0000,  5.514265969407488E-02,  2.423176214349675E-03,  5.122405448334338E+00,  3.031484624611585E+02,  2.011114587497858E+02,  2.461730486979926E+06,  1.323255273897817E+01,  1.457303689410677E+02,  1.490944041183218E+02,  2.564594792230858E-03,  2.706013370112041E-03,  2.720563500492040E+01,
2461742.500000000, A.D. 2027-Dec-03 00:00:00.0000,  5.901712279206555E-02,  2.403875863517810E-03,  5.134161435469629E+00,  3.031392465049668E+02,  1.997040379189480E+02,  2.461730450859673E+06,  1.330994599869114E+01,  1.603734070789363E+02,  1.624965637408156E+02,  2.554643577203597E-03,  2.705411290889383E-03,  2.704744256929376E+01,
2461743.500000000, A.D. 2027-Dec-04 00:00:00.0000,  6.244541711726172E-02,  2.387041518427199E-03,  5.143012461943080E+00,  3.031527798744887E+02,  1.986554542488888E+02,  2.461730433451937E+06,  1.337755206434281E+01,  1.747984270175482E+02,  1.754002402246319E+02,  2.546029385390728E-03,  2.705017252354257E-03,  2.691075304872568E+01,
2461744.500000000, A.D. 2027-Dec-05 00:00:00.0000,  6.499946107217842E-02,  2.374911922413007E-03,  5.148440684637547E+00,  3.031740851184906E+02,  1.978175921388418E+02,  2.461757227270741E+06,  1.342512375650931E+01,  1.891348152117122E+02,  1.880404347175622E+02,  2.540011287198136E-03,  2.705110651983265E-03,  2.681539526408092E+01,
2461745.500000000, A.D. 2027-Dec-06 00:00:00.0000,  6.641361213069796E-02,  2.368931793234236E-03,  5.150520347937158E+00,  3.031876746391551E+02,  1.969274476767975E+02,  2.461757131664762E+06,  1.344543009289047E+01,  2.036072645721483E+02,  2.007766813691875E+02,  2.537453227698384E-03,  2.705974662162532E-03,  2.677489656432463E+01,
2461746.500000000, A.D. 2027-Dec-07 00:00:00.0000,  6.666261384772261E-02,  2.369494552934172E-03,  5.149892463121956E+00,  3.031801153424815E+02,  1.956885960710971E+02,  2.461757034972780E+06,  1.343526352559048E+01,  2.184598644662438E+02,  2.140048058474769E+02,  2.538733139901867E-03,  2.707971726869561E-03,  2.679515733459929E+01,
2461747.500000000, A.D. 2027-Dec-08 00:00:00.0000,  6.597700001652210E-02,  2.375865444828209E-03,  5.147648457665690E+00,  3.031422853973042E+02,  1.938482400919835E+02,  2.461756914237533E+06,  1.339600688384914E+01,  2.338868092012014E+02,  2.280726363249169E+02,  2.543690513906227E-03,  2.711515582984246E-03,  2.687367983022113E+01,
2461748.500000000, A.D. 2027-Dec-09 00:00:00.0000,  6.478136224707376E-02,  2.386314482305953E-03,  5.145136937428951E+00,  3.030709881974911E+02,  1.912892019445656E+02,  2.461756753574659E+06,  1.333367858410856E+01,  2.499494883323512E+02,  2.431803090095943E+02,  2.551611340894159E-03,  2.716908199482365E-03,  2.699930088528290E+01,
2461749.500000000, A.D. 2027-Dec-10 00:00:00.0000,  6.354307331064653E-02,  2.398514760868045E-03,  5.143720608772119E+00,  3.029696129378022E+02,  1.881234033008527E+02,  2.461756552733419E+06,  1.325836234277218E+01,  2.664923048235322E+02,  2.592786922950747E+02,  2.561265438387529E-03,  2.724016115907013E-03,  2.715267471900514E+01,
2461750.500000000, A.D. 2027-Dec-11 00:00:00.0000,  6.256090390585783E-02,  2.410179583823637E-03,  5.144522133387581E+00,  3.028476234196974E+02,  1.847123137761085E+02,  2.461756330991622E+06,  1.318293939476179E+01,  2.831303908398628E+02,  2.760408645139852E+02,  2.571025247256804E-03,  2.731870910689971E-03,  2.730802207457959E+01,
2461751.500000000, A.D. 2027-Dec-12 00:00:00.0000,  6.180171876164369E-02,  2.419702546104075E-03,  5.148205189215045E+00,  3.027188374722750E+02,  1.815340750678550E+02,  2.461756119425287E+06,  1.312111509158570E+01,  2.993879891606128E+02,  2.929880199130185E+02,  2.579095053244221E-03,  2.738487560384367E-03,  2.743669249809877E+01,
2461752.500000000, A.D. 2027-Dec-13 00:00:00.0000,  6.091644133842977E-02,  2.426452511601250E-03,  5.154837128420971E+00,  3.025987159853914E+02,  1.789459810851827E+02,  2.461755943867507E+06,  1.308490063580975E+01,  3.149373358662680E+02,  3.097230397079106E+02,  2.583851553166956E-03,  2.741250594732661E-03,  2.751262772410971E+01,
2461753.500000000, A.D. 2027-Dec-14 00:00:00.0000,  5.945119750223792E-02,  2.430601729977559E-03,  5.163869630366417E+00,  3.025011579752661E+02,  1.770166034705701E+02,  2.461755811371646E+06,  1.308196749928857E+01,  3.297627112510028E+02,  3.260998476468307E+02,  2.584237759404666E-03,  2.737873788831774E-03,  2.751879639049537E+01,
2461754.500000000, A.D. 2027-Dec-15 00:00:00.0000,  5.712118753353535E-02,  2.432709725385595E-03,  5.174252287886924E+00,  3.024355052949370E+02,  1.755310097659944E+02,  2.461755708969687E+06,  1.311354605252758E+01,  3.441461203364713E+02,  3.422268685278682E+02,  2.580087380500046E-03,  2.727465035614497E-03,  2.745252874836335E+01,
2461755.500000000, A.D. 2027-Dec-16 00:00:00.0000,  5.398911382488292E-02,  2.433365349612482E-03,  5.184663095167116E+00,  3.024044985842677E+02,  1.741287233374810E+02,  2.461755612631892E+06,  1.317361567938771E+01,  3.585162307432702E+02,  3.583444814964058E+02,  2.572238211180626E-03,  2.711111072748769E-03,  2.732734951143895E+01,
2461756.500000000, A.D. 2027-Dec-17 00:00:00.0000,  5.046554999368214E-02,  2.433048652704956E-03,  5.193806633718772E+00,  3.024037368930532E+02,  1.725073990516942E+02,  2.461755501479575E+06,  1.324987150060385E+01,  1.323026732563552E+01,  1.463997915784553E+01,  2.562359535969198E-03,  2.691670419233439E-03,  2.717007481797791E+01,
2461757.500000000, A.D. 2027-Dec-18 00:00:00.0000,  4.713250739216166E-02,  2.432235683901349E-03,  5.200707291120755E+00,  3.024228078816389E+02,  1.706510438801227E+02,  2.461755373875489E+06,  1.332637562982446E+01,  2.833353386109779E+01,  3.103572219944432E+01,  2.552543457269938E-03,  2.672851230638527E-03,  2.701409670565785E+01,
2461758.500000000, A.D. 2027-Dec-19 00:00:00.0000,  4.446886250976248E-02,  2.431644346052324E-03,  5.204922223106759E+00,  3.024477978122486E+02,  1.689815858419656E+02,  2.461755258016645E+06,  1.338717531244765E+01,  4.340099953129360E+01,  4.704691602480995E+01,  2.544809112593851E-03,  2.657973879135378E-03,  2.689140850088555E+01,
2461759.500000000, A.D. 2027-Dec-20 00:00:00.0000,  4.263722366669516E-02,  2.432350896101010E-03,  5.206620352675952E+00,  3.024645209959886E+02,  1.682506489444680E+02,  2.461755204423817E+06,  1.341983675102650E+01,  5.764593112077135E+01,  6.189043017223572E+01,  2.540678367940002E-03,  2.649005839778994E-03,  2.682595971016288E+01,
2461760.500000000, A.D. 2027-Dec-21 00:00:00.0000,  4.148789265301136E-02,  2.435498873002782E-03,  5.206512411212806E+00,  3.024616442871085E+02,  1.691559550205659E+02,  2.461755259933984E+06,  1.341795319746768E+01,  7.031096055552422E+01,  7.486191353614420E+01,  2.540916128585856E-03,  2.646333384168931E-03,  2.682972542100843E+01,
2461761.500000000, A.D. 2027-Dec-22 00:00:00.0000,  4.075774807590309E-02,  2.441703726404643E-03,  5.205658947697883E+00,  3.024329574920320E+02,  1.719863062876368E+02,  2.461755444485359E+06,  1.338211533504256E+01,  8.103559533896042E+01,  8.568084725766205E+01,  2.545450559029222E-03,  2.649197391653802E-03,  2.690157654353044E+01,
2461762.500000000, A.D. 2027-Dec-23 00:00:00.0000,  4.027246205829663E-02,  2.450610239835093E-03,  5.205214118448020E+00,  3.023783141831759E+02,  1.765372642021082E+02,  2.461755746283926E+06,  1.331932869013836E+01,  8.995496427544045E+01,  9.456505053438671E+01,  2.553443704544352E-03,  2.656277169253612E-03,  2.702838922103816E+01,
2461763.500000000, A.D. 2027-Dec-24 00:00:00.0000,  4.001460069502691E-02,  2.460897391908092E-03,  5.206173834434839E+00,  3.023031481467025E+02,  1.822230263109022E+02,  2.461756129001123E+06,  1.324123368840806E+01,  9.760111865173415E+01,  1.021116222694715E+02,  2.563473771257120E-03,  2.666050150606149E-03,  2.718779899754803E+01,
2461764.500000000, A.D. 2027-Dec-25 00:00:00.0000,  4.007608467340887E-02,  2.470647468274279E-03,  5.209186397200571E+00,  3.022168407712935E+02,  1.882457441064006E+02,  2.461756541800644E+06,  1.316166441665021E+01,  1.047431492830384E+02,  1.091241333316906E+02,  2.573795098576850E-03,  2.676942728879420E-03,  2.735216372365341E+01,
2461765.500000000, A.D. 2027-Dec-26 00:00:00.0000,  4.058565528780304E-02,  2.477823339207474E-03,  5.214458666625888E+00,  3.021304629062293E+02,  1.937897931417716E+02,  2.461756931466965E+06,  1.309409748536410E+01,  1.121972068630889E+02,  1.164184550363943E+02,  2.582641538417653E-03,  2.687459737627833E-03,  2.749330378839696E+01,
2461766.500000000, A.D. 2027-Dec-27 00:00:00.0000,  4.167377109153027E-02,  2.480655558625199E-03,  5.221761801661623E+00,  3.020544788451051E+02,  1.982310921131943E+02,  2.461757256996265E+06,  1.304944767571627E+01,  1.206160936094355E+02,  1.246162924239718E+02,  2.588529337708576E-03,  2.696403116791954E-03,  2.758737449631102E+01,
2461767.500000000, A.D. 2027-Dec-28 00:00:00.0000,  4.346702836113393E-02,  2.477904393560587E-03,  5.230517534879938E+00,  3.019968926856265E+02,  2.013011015476110E+02,  2.461757501964680E+06,  1.303451469821995E+01,  1.303195383330640E+02,  1.339856171518776E+02,  2.590505990938394E-03,  2.703107588316201E-03,  2.761897994170531E+01,
2461768.500000000, A.D. 2027-Dec-29 00:00:00.0000,  4.606161288409842E-02,  2.469074152133782E-03,  5.239933907349039E+00,  3.019621123019384E+02,  2.031256460065730E+02,  2.461757677531746E+06,  1.305121837021695E+01,  1.412463964825475E+02,  1.444066468038831E+02,  2.588295203842966E-03,  2.707516255552149E-03,  2.758363164174195E+01,
2461769.500000000, A.D. 2027-Dec-30 00:00:00.0000,  4.945406330598327E-02,  2.454605207744782E-03,  5.249158066071703E+00,  3.019505943883778E+02,  2.041032916173457E+02,  2.461757812572186E+06,  1.309661181713168E+01,  1.530657052215864E+02,  1.554976200915434E+02,  2.582310978343517E-03,  2.710016748942253E-03,  2.748802553108309E+01,
2461770.500000000, A.D. 2027-Dec-31 00:00:00.0000,  5.347253549702715E-02,  2.435934288578713E-03,  5.257419276847682E+00,  3.019591792512985E+02,  2.046827508451178E+02,  2.461757935860854E+06,  1.316355658517277E+01,  1.653887565913724E+02,  1.668402119764638E+02,  2.573548449392154E-03,  2.711162610205595E-03,  2.734823204281270E+01,
2461771.500000000, A.D. 2028-Jan-01 00:00:00.0000,  5.777040822378020E-02,  2.415301311022892E-03,  5.264143248126598E+00,  3.019819446325787E+02,  2.051715574436394E+02,  2.461758061481092E+06,  1.324188772911628E+01,  1.779513586281163E+02,  1.781720419588444E+02,  2.563389360834815E-03,  2.711477410646737E-03,  2.718645614313974E+01,
2461772.500000000, A.D. 2028-Jan-02 00:00:00.0000,  6.189687708406951E-02,  2.395326886195737E-03,  5.269026141476401E+00,  3.020113863278887E+02,  2.056649871836691E+02,  2.461785211941632E+06,  1.331988441978649E+01,  1.906784067182760E+02,  1.894573178649029E+02,  2.553372681193384E-03,  2.711418476191032E-03,  2.702726154779731E+01,
2461773.500000000, A.D. 2028-Jan-03 00:00:00.0000,  6.541027999521458E-02,  2.378506297618315E-03,  5.272062301270531E+00,  3.020397388642667E+02,  2.060764358128512E+02,  2.461785180198180E+06,  1.338587634232130E+01,  2.036503115093329E+02,  2.008546071943446E+02,  2.544973742709406E-03,  2.711441187800498E-03,  2.689401805258056E+01,
2461774.500000000, A.D. 2028-Jan-04 00:00:00.0000,  6.799251347402593E-02,  2.366755347916808E-03,  5.273524415987451E+00,  3.020602580413104E+02,  2.062052238074383E+02,  2.461785145270031E+06,  1.342983937242621E+01,  2.170357334003802E+02,  2.126459908794800E+02,  2.539416670072907E-03,  2.712077992229005E-03,  2.680597958149392E+01,
2461775.500000000, A.D. 2028-Jan-05 00:00:00.0000,  6.953702508184205E-02,  2.361074247105510E-03,  5.273899728585123E+00,  3.020682917526435E+02,  2.058058871835046E+02,  2.461785092770739E+06,  1.344484951751825E+01,  2.310266409511393E+02,  2.251636403398851E+02,  2.537526275361131E-03,  2.713978303616751E-03,  2.677605275766979E+01,
2461776.500000000, A.D. 2028-Jan-06 00:00:00.0000,  7.018944669161579E-02,  2.361361415317459E-03,  5.273791744882883E+00,  3.020619757563617E+02,  2.046610817407684E+02,  2.461785006442744E+06,  1.342826120163276E+01,  2.457732649367594E+02,  2.387115777500761E+02,  2.539615631286862E-03,  2.717869847256265E-03,  2.680912998298150E+01,
2461777.500000000, A.D. 2028-Jan-07 00:00:00.0000,  7.031443635238849E-02,  2.366428962231000E-03,  5.273803194520729E+00,  3.020424246079648E+02,  2.026710427035592E+02,  2.461784874937251E+06,  1.338245188267144E+01,  2.613052571062303E+02,  2.534693609721261E+02,  2.545407882796783E-03,  2.724386803362565E-03,  2.690090001116716E+01,
2461778.500000000, A.D. 2028-Jan-08 00:00:00.0000,  7.036315683832907E-02,  2.374297013026439E-03,  5.274421178230833E+00,  3.020133582449387E+02,  1.999450116452785E+02,  2.461784699625737E+06,  1.331493924955045E+01,  2.774523599427808E+02,  2.693919352147309E+02,  2.554004857371527E-03,  2.733712701716614E-03,  2.703729947638736E+01,
2461779.500000000, A.D. 2028-Jan-09 00:00:00.0000,  7.065693295166690E-02,  2.382775438915660E-03,  5.275927388643832E+00,  3.019802102663730E+02,  1.968255462098778E+02,  2.461784498480443E+06,  1.323765902909969E+01,  2.938318202335686E+02,  2.861747839559112E+02,  2.563935239204552E-03,  2.745095039493444E-03,  2.719514071246508E+01,
2461780.500000000, A.D. 2028-Jan-10 00:00:00.0000,  7.119114428428423E-02,  2.390130209888651E-03,  5.278353359115286E+00,  3.019488848511967E+02,  1.937694843776777E+02,  2.461784299666025E+06,  1.316524504886690E+01,  3.099764656773959E+02,  3.033617212088294E+02,  2.573328403557133E-03,  2.756526597225615E-03,  2.734472458839528E+01,
2461781.500000000, A.D. 2028-Jan-11 00:00:00.0000,  7.161094820305589E-02,  2.395471021317599E-03,  5.281492358472486E+00,  3.019244323112770E+02,  1.911256155257661E+02,  2.461784126456134E+06,  1.311234601016179E+01,  3.255609983814329E+02,  3.205580765932602E+02,  2.580244797890543E-03,  2.765018574463488E-03,  2.745504120475524E+01,
2461782.500000000, A.D. 2028-Jan-12 00:00:00.0000,  7.140977123598199E-02,  2.398670521601421E-03,  5.284966695834127E+00,  3.019099620868928E+02,  1.889717641046793E+02,  2.461783984908530E+06,  1.309037340011098E+01,  3.405619928848448E+02,  3.375908962762975E+02,  2.583131339637426E-03,  2.767592157673430E-03,  2.750112536873454E+01,
2461783.500000000, A.D. 2028-Jan-13 00:00:00.0000,  7.023004822639080E-02,  2.399991322340501E-03,  5.288334279583219E+00,  3.019060770387202E+02,  1.871186541569607E+02,  2.461783862940695E+06,  1.310450196673398E+01,  3.552438429439505E+02,  3.545128807876537E+02,  2.581274344005556E-03,  2.762557365670612E-03,  2.747147513990739E+01,
2461784.500000000, A.D. 2028-Jan-14 00:00:00.0000,  6.808140190733235E-02,  2.399745997721142E-03,  5.291205580885081E+00,  3.019109832426291E+02,  1.852490301600651E+02,  2.461783739366202E+06,  1.315197037613172E+01,  1.000383317807127E+01,  1.148236968320185E+01,  2.575059670053412E-03,  2.750373342385681E-03,  2.737232442777777E+01,
2461785.500000000, A.D. 2028-Jan-15 00:00:00.0000,  6.535624556539918E-02,  2.398201414361852E-03,  5.293337247393882E+00,  3.019212293962385E+02,  1.831160670711181E+02,  2.461783597485429E+06,  1.322246566089997E+01,  2.515593358210887E+01,  2.859073974600373E+01,  2.565898935271449E-03,  2.733596456181046E-03,  2.722638948230000E+01,
2461786.500000000, A.D. 2028-Jan-16 00:00:00.0000,  6.263207144069349E-02,  2.395760873624850E-03,  5.294675525480505E+00,  3.019328274254024E+02,  1.807338835933098E+02,  2.461783438101208E+06,  1.330061434610471E+01,  4.072513499648087E+01,  4.569595836714568E+01,  2.555838321999165E-03,  2.715915770373479E-03,  2.706641893616226E+01,
2461787.500000000, A.D. 2028-Jan-17 00:00:00.0000,  6.036410066173105E-02,  2.393270760518084E-03,  5.295340064445072E+00,  3.019423883979599E+02,  1.784592127253204E+02,  2.461783284716476E+06,  1.336975400555275E+01,  5.635730377488465E+01,  6.235568308018931E+01,  2.547019289283781E-03,  2.700767818049477E-03,  2.692644904689227E+01,
2461788.500000000, A.D. 2028-Jan-18 00:00:00.0000,  5.866044547499221E-02,  2.392127880821466E-03,  5.295559284299962E+00,  3.019479289190836E+02,  1.768612794452346E+02,  2.461783174204459E+06,  1.341574021997810E+01,  7.144948943848249E+01,  7.796021444881690E+01,  2.541195543438641E-03,  2.690263206055817E-03,  2.683415108649053E+01,
2461789.500000000, A.D. 2028-Jan-19 00:00:00.0000,  5.729421325191000E-02,  2.393935374776832E-03,  5.295583282924013E+00,  3.019491465696253E+02,  1.764409739700794E+02,  2.461783138072817E+06,  1.342973347143008E+01,  8.543898643414346E+01,  9.200668407961763E+01,  2.539430019873783E-03,  2.684924664970733E-03,  2.680619096170826E+01,
2461790.500000000, A.D. 2028-Jan-20 00:00:00.0000,  5.591495252018657E-02,  2.399853481049833E-03,  5.295603968973022E+00,  3.019471579118276E+02,  1.774237633047530E+02,  2.461783189935233E+06,  1.340946204705174E+01,  9.802403604897519E+01,  1.042948349447603E+02,  2.541988656060298E-03,  2.684123831070763E-03,  2.684671456146528E+01,
2461791.500000000, A.D. 2028-Jan-21 00:00:00.0000,  5.427710041918889E-02,  2.410066807986953E-03,  5.295705221396808E+00,  3.019438592178866E+02,  1.797439283528482E+02,  2.461783326110287E+06,  1.335900163312378E+01,  1.091950060260085E+02,  1.149310736789719E+02,  2.548385799958115E-03,  2.686704791929277E-03,  2.694812156526550E+01,
2461792.500000000, A.D. 2028-Jan-22 00:00:00.0000,  5.235413941428151E-02,  2.423630098445363E-03,  5.295852959550174E+00,  3.019411560051739E+02,  1.831375983668038E+02,  2.461783532492237E+06,  1.328744153412142E+01,  1.191552351082242E+02,  1.242258112836686E+02,  2.557527235910018E-03,  2.691424373374672E-03,  2.709325185556149E+01,
2461793.500000000, A.D. 2028-Jan-23 00:00:00.0000,  5.033088775168157E-02,  2.438667742353192E-03,  5.295921724975808E+00,  3.019403012524061E+02,  1.872350259358465E+02,  2.461783790030434E+06,  1.320691207447238E+01,  1.282387142998024E+02,  1.325945245461008E+02,  2.567913087727687E-03,  2.697158433102183E-03,  2.725845360141705E+01,
2461794.500000000, A.D. 2028-Jan-24 00:00:00.0000,  4.852634195593735E-02,  2.452782590547695E-03,  5.295745035554805E+00,  3.019415075882762E+02,  1.916238899687039E+02,  2.461784077506341E+06,  1.313041156206322E+01,  1.368516312518846E+02,  1.404906883414280E+02,  2.577877558470575E-03,  2.702972526393455E-03,  2.741726702917087E+01,
2461795.500000000, A.D. 2028-Jan-25 00:00:00.0000,  4.729778899395598E-02,  2.463539759111260E-03,  5.295173098369799E+00,  3.019438969110169E+02,  1.959098525186665E+02,  2.461784374220046E+06,  1.306977658088669E+01,  1.454114582896786E+02,  1.483439148505867E+02,  2.585844485980343E-03,  2.708149212849425E-03,  2.754446472531642E+01,
2461796.500000000, A.D. 2028-Jan-26 00:00:00.0000,  4.695550490566019E-02,  2.468928132288132E-03,  5.294122743680575E+00,  3.019457593190436E+02,  1.997962529257035E+02,  2.461784664645735E+06,  1.303403434144289E+01,  1.542624139368366E+02,  1.564808823813309E+02,  2.590569637615649E-03,  2.712211142943165E-03,  2.761999781259955E+01,
2461797.500000000, A.D. 2028-Jan-27 00:00:00.0000,  4.769668985496713E-02,  2.467734420491888E-03,  5.292608644413352E+00,  3.019450320960790E+02,  2.031588465685263E+02,  2.461784943270682E+06,  1.302827989865679E+01,  1.635925841622633E+02,  1.650525951367958E+02,  2.591332398199960E-03,  2.714930375908032E-03,  2.763219725092916E+01,
2461798.500000000, A.D. 2028-Jan-28 00:00:00.0000,  4.955789646319284E-02,  2.459783292932297E-03,  5.290749991315656E+00,  3.019398804141641E+02,  2.060538082216894E+02,  2.461785214623645E+06,  1.305314002189371E+01,  1.734158778016665E+02,  1.740291930350251E+02,  2.588041169239972E-03,  2.716299045547647E-03,  2.757957084626235E+01,
2461799.500000000, A.D. 2028-Jan-29 00:00:00.0000,  5.239176189754519E-02,  2.445997142460531E-03,  5.288751585267208E+00,  3.019292554149873E+02,  2.086316867126899E+02,  2.461812957067975E+06,  1.310482093434895E+01,  1.836475338829968E+02,  1.832890763787886E+02,  2.581232458846639E-03,  2.716467775232747E-03,  2.747080649201444E+01,
2461800.500000000, A.D. 2028-Jan-30 00:00:00.0000,  5.588186352912056E-02,  2.428241927058624E-03,  5.286862467356815E+00,  3.019133127786234E+02,  2.110141217825505E+02,  2.461813082439904E+06,  1.317568939045707E+01,  1.942176800581687E+02,  1.927450485731623E+02,  2.571968309109504E-03,  2.715694691160384E-03,  2.732304848205832E+01,
2461801.500000000, A.D. 2028-Jan-31 00:00:00.0000,  5.960105680999829E-02,  2.408981735245018E-03,  5.285318923182079E+00,  3.018935919015244E+02,  2.132149034903357E+02,  2.461813182679429E+06,  1.325530439705910E+01,  2.051425279918599E+02,  2.024255175495643E+02,  2.561659339038941E-03,  2.714336942832863E-03,  2.715893873247240E+01,
2461802.500000000, A.D. 2028-Feb-01 00:00:00.0000,  6.310157677442892E-02,  2.390825613894022E-03,  5.284282116316185E+00,  3.018728851871169E+02,  2.151296658626387E+02,  2.461813261497884E+06,  1.333179661950772E+01,  2.165298988972259E+02,  2.124861870929820E+02,  2.551851465031656E-03,  2.712877316169290E-03,  2.700311220418940E+01,
2461803.500000000, A.D. 2028-Feb-02 00:00:00.0000,  6.601689799516726E-02,  2.376063020155460E-03,  5.283783395406032E+00,  3.018547743993652E+02,  2.165675224282104E+02,  2.461813314738526E+06,  1.339347782858236E+01,  2.285465171594474E+02,  2.231786827304126E+02,  2.544010716098765E-03,  2.711958412042069E-03,  2.687875431665268E+01,
2461804.500000000, A.D. 2028-Feb-03 00:00:00.0000,  6.815518828222474E-02,  2.366259340318026E-03,  5.283691540773567E+00,  3.018428785969837E+02,  2.172989377355288E+02,  2.461813332612907E+06,  1.343054520628619E+01,  2.413731930609933E+02,  2.348014816771002E+02,  2.539327697662481E-03,  2.712396055006935E-03,  2.680457081008903E+01,
2461805.500000000, A.D. 2028-Feb-04 00:00:00.0000,  6.956116724398939E-02,  2.361965692557312E-03,  5.283714602363882E+00,  3.018399381994552E+02,  2.171177491115369E+02,  2.461813303250055E+06,  1.343671579979791E+01,  2.551499466988450E+02,  2.476347033706753E+02,  2.538550208143226E-03,  2.715134723729141E-03,  2.679226124626483E+01,
2461806.500000000, A.D. 2028-Feb-05 00:00:00.0000,  7.051338956514396E-02,  2.362613280414033E-03,  5.283443568339893E+00,  3.018469331450206E+02,  2.159257704119556E+02,  2.461813218425226E+06,  1.341057852144333E+01,  2.699020309620607E+02,  2.618496075909125E+02,  2.541847568206168E-03,  2.721081855998303E-03,  2.684447948493534E+01,
2461807.500000000, A.D. 2028-Feb-06 00:00:00.0000,  7.142010053012465E-02,  2.366688432862952E-03,  5.282435933201196E+00,  3.018624742382641E+02,  2.138259622954021E+02,  2.461813080881811E+06,  1.335638880972109E+01,  2.854595726373778E+02,  2.774061255118433E+02,  2.548718138540465E-03,  2.730747844217978E-03,  2.695339325087509E+01,
2461808.500000000, A.D. 2028-Feb-07 00:00:00.0000,  7.261187505095688E-02,  2.372232222354836E-03,  5.280325722272999E+00,  3.018826927979328E+02,  2.111575152534166E+02,  2.461812908658246E+06,  1.328398150829505E+01,  3.014354653839981E+02,  2.940049807356341E+02,  2.557971315931161E-03,  2.743710409507485E-03,  2.710030872710879E+01,
2461809.500000000, A.D. 2028-Feb-08 00:00:00.0000,  7.412172384229128E-02,  2.377503920689911E-03,  5.276935341864529E+00,  3.019017724451153E+02,  2.083905532677904E+02,  2.461812729891575E+06,  1.320750386671596E+01,  3.173411945295597E+02,  3.111780877016325E+02,  2.567836379698081E-03,  2.758168838706251E-03,  2.725723222441984E+01,
2461810.500000000, A.D. 2028-Feb-09 00:00:00.0000,  7.561586971504576E-02,  2.381443589305564E-03,  5.272357302270493E+00,  3.019131197765470E+02,  2.059058474536250E+02,  2.461812568618154E+06,  1.314286482548072E+01,  3.328124312261681E+02,  3.284955746186817E+02,  2.576248889702867E-03,  2.771054190100170E-03,  2.739128833631845E+01,
2461811.500000000, A.D. 2028-Feb-10 00:00:00.0000,  7.656128571666639E-02,  2.383683114063181E-03,  5.266974430581067E+00,  3.019109758493967E+02,  2.038197240970740E+02,  2.461812432365688E+06,  1.310421785840150E+01,  3.477820768927486E+02,  3.457351344903278E+02,  2.581311653056608E-03,  2.778940192050036E-03,  2.747207074012384E+01,
2461812.500000000, A.D. 2028-Feb-11 00:00:00.0000,  7.653164101902592E-02,  2.384229212853617E-03,  5.261399147594229E+00,  3.018920736302828E+02,  2.019759049118946E+02,  2.461812310804796E+06,  1.310034671366910E+01,  2.478522770874912E+00,  2.897656911122982E+00,  2.581820145396815E-03,  2.779411077940013E-03,  2.748018872083519E+01,
2461813.500000000, A.D. 2028-Feb-12 00:00:00.0000,  7.545533488712974E-02,  2.383148688088615E-03,  5.256335918013074E+00,  3.018568306673897E+02,  2.000800905091646E+02,  2.461812184517622E+06,  1.313218232746896E+01,  1.727515444122448E+01,  2.009470311088896E+01,  2.577645816384302E-03,  2.772142944679989E-03,  2.741357003907704E+01,
2461814.500000000, A.D. 2028-Feb-13 00:00:00.0000,  7.366028646999284E-02,  2.380496382507849E-03,  5.252399449249367E+00,  3.018096251503022E+02,  1.978921932940479E+02,  2.461812037974653E+06,  1.319246357644965E+01,  3.248017971045102E+01,  3.738722123701569E+01,  2.569787679118798E-03,  2.759078975729746E-03,  2.728830729103919E+01,
2461815.500000000, A.D. 2028-Feb-14 00:00:00.0000,  7.169048243990497E-02,  2.376528580588326E-03,  5.249941589281453E+00,  3.017579678352579E+02,  1.953997269033104E+02,  2.461811871033215E+06,  1.326772343005664E+01,  4.814812764281438E+01,  5.464138792580952E+01,  2.560060556994644E-03,  2.743592533400962E-03,  2.713351705722607E+01,
2461816.500000000, A.D. 2028-Feb-15 00:00:00.0000,  6.999775487850356E-02,  2.372039325232294E-03,  5.248940438902927E+00,  3.017107590409362E+02,  1.928841336705904E+02,  2.461811702665207E+06,  1.334181566332619E+01,  6.400515648490179E+01,  7.148050401068518E+01,  2.550573762241195E-03,  2.729108199250097E-03,  2.698283420221157E+01,
2461817.500000000, A.D. 2028-Feb-16 00:00:00.0000,  6.870210866183095E-02,  2.368497212628737E-03,  5.248984747638166E+00,  3.016761321433919E+02,  1.908088737868862E+02,  2.461811562485901E+06,  1.339970940613935E+01,  7.956096351683144E+01,  8.740105340765085E+01,  2.543221921425674E-03,  2.717946630222611E-03,  2.686625426630958E+01,
2461818.500000000, A.D. 2028-Feb-17 00:00:00.0000,  6.757646203591003E-02,  2.367738638643079E-03,  5.249355516655052E+00,  3.016594924963978E+02,  1.895906691670425E+02,  2.461811475300055E+06,  1.343046248080603E+01,  9.434496904800542E+01,  1.019945258293759E+02,  2.539338125046632E-03,  2.710937611450184E-03,  2.680473591393366E+01,
2461819.500000000, A.D. 2028-Feb-18 00:00:00.0000,  6.623431198680992E-02,  2.371337345721300E-03,  5.249178803147923E+00,  3.016622448665611E+02,  1.894312899517954E+02,  2.461811451153932E+06,  1.342884382948595E+01,  1.080866968552773E+02,  1.151030655612776E+02,  2.539542174404467E-03,  2.707747003087634E-03,  2.680796683401304E+01,
2461820.500000000, A.D. 2028-Feb-19 00:00:00.0000,  6.435909517414853E-02,  2.380028331985560E-03,  5.247608288751260E+00,  3.016814508960569E+02,  1.903035975977740E+02,  2.461811486343092E+06,  1.339560637850925E+01,  1.207433999650559E+02,  1.268198675727872E+02,  2.543741214936032E-03,  2.707454097886505E-03,  2.687448330652301E+01,
2461821.500000000, A.D. 2028-Feb-20 00:00:00.0000,  6.184468367821801E-02,  2.393444722190689E-03,  5.243995198874687E+00,  3.017103914870086E+02,  1.920333024531911E+02,  2.461811570216199E+06,  1.333671225033888E+01,  1.324306692634985E+02,  1.373954981826851E+02,  2.551224387423022E-03,  2.709004052655355E-03,  2.699315942659349E+01,
2461822.500000000, A.D. 2028-Feb-21 00:00:00.0000,  5.882266101009053E-02,  2.410176938056772E-03,  5.238013054766733E+00,  3.017398171325628E+02,  1.943884026036913E+02,  2.461811691426267E+06,  1.326189456253343E+01,  1.433421652119520E+02,  1.471391532423877E+02,  2.560810633884814E-03,  2.711444329712855E-03,  2.714544277987600E+01,
2461823.500000000, A.D. 2028-Feb-22 00:00:00.0000,  5.561169688726571E-02,  2.428050889299822E-03,  5.229719528530318E+00,  3.017595843915519E+02,  1.971423596141354E+02,  2.461811841603538E+06,  1.318290096430717E+01,  1.536914859694668E+02,  1.563488890504218E+02,  2.571030243912263E-03,  2.714009598524705E-03,  2.730810168222484E+01,
2461824.500000000, A.D. 2028-Feb-23 00:00:00.0000,  5.262921245321476E-02,  2.444530413856217E-03,  5.219551828532136E+00,  3.017603809532061E+02,  2.001170318615590E+02,  2.461812017242934E+06,  1.311168731462883E+01,  1.636700074766181E+02,  1.652645815845566E+02,  2.580331213490680E-03,  2.716132013125142E-03,  2.745642047140223E+01,
2461825.500000000, A.D. 2028-Feb-24 00:00:00.0000,  5.029276600703942E-02,  2.457176354180918E-03,  5.208262309469377E+00,  3.017352924787365E+02,  2.032144697264831E+02,  2.461812220636286E+06,  1.305875865825158E+01,  1.734120058705752E+02,  1.740342428721879E+02,  2.587298765588986E-03,  2.717421176997055E-03,  2.756770451320984E+01,
2461826.500000000, A.D. 2028-Feb-25 00:00:00.0000,  4.892927582670161E-02,  2.464096417479106E-03,  5.196806825448387E+00,  3.016810214793508E+02,  2.064284683984230E+02,  2.461840083928816E+06,  1.303180106895658E+01,  1.829769419351264E+02,  1.827025518067647E+02,  2.590865594796832E-03,  2.717634772114558E-03,  2.762473107862014E+01,
2461827.500000000, A.D. 2028-Feb-26 00:00:00.0000,  4.870729778130851E-02,  2.464304925511984E-03,  5.186201126931391E+00,  3.015986111112642E+02,  2.098134745112676E+02,  2.461840360102523E+06,  1.303470923000915E+01,  1.923723029435508E+02,  1.912437434601124E+02,  2.590480216829696E-03,  2.716655508147409E-03,  2.761856775225874E+01,
2461828.500000000, A.D. 2028-Feb-27 00:00:00.0000,  4.960543590371288E-02,  2.457910144235415E-03,  5.177362374941850E+00,  3.014935573162191E+02,  2.134095242826989E+02,  2.461840620574825E+06,  1.306708391518084E+01,  2.016194316592672E+02,  1.996398528567155E+02,  2.586199708089236E-03,  2.714489271943057E-03,  2.755014066924035E+01,
2461829.500000000, A.D. 2028-Feb-28 00:00:00.0000,  5.142232226709779E-02,  2.446083062620380E-03,  5.170955035308385E+00,  3.013752301727685E+02,  2.171665244884564E+02,  2.461840866735562E+06,  1.312424465367794E+01,  2.108201815665021E+02,  2.079605711914424E+02,  2.578685035543437E-03,  2.711287008466494E-03,  2.743015003908155E+01,
2461830.500000000, A.D. 2028-Feb-29 00:00:00.0000,  5.382312109108640E-02,  2.430821697621180E-03,  5.167263088177823E+00,  3.012555925350441E+02,  2.209175894686617E+02,  2.461841094529881E+06,  1.319777159979332E+01,  2.201758144232427E+02,  2.163944525740085E+02,  2.569098602815457E-03,  2.707375508009733E-03,  2.727733218277831E+01,
2461831.500000000, A.D. 2028-Mar-01 00:00:00.0000,  5.641264435233993E-02,  2.414569471534274E-03,  5.166112210118367E+00,  3.011473132231899E+02,  2.244045834304357E+02,  2.461841295009251E+06,  1.327655437400607E+01,  2.299560270913359E+02,  2.252276546174369E+02,  2.558925209290199E-03,  2.703280947046123E-03,  2.711546910882522E+01,
2461832.500000000, A.D. 2028-Mar-02 00:00:00.0000,  5.882559569289507E-02,  2.399759361041426E-03,  5.166863919418151E+00,  3.010615131303657E+02,  2.273239721377207E+02,  2.461841456144261E+06,  1.334828244692526E+01,  2.404508567680476E+02,  2.348013214761964E+02,  2.549749918887919E-03,  2.699740476734412E-03,  2.696976194738260E+01,
2461833.500000000, A.D. 2028-Mar-03 00:00:00.0000,  6.082204030306312E-02,  2.388353834892227E-03,  5.168496227091453E+00,  3.010055208269355E+02,  2.293724743901083E+02,  2.461841564426130E+06,  1.340125909765861E+01,  2.519265359546817E+02,  2.454672122621221E+02,  2.543025855997435E-03,  2.697697877102642E-03,  2.686314751297489E+01,
2461834.500000000, A.D. 2028-Mar-04 00:00:00.0000,  6.236636601363106E-02,  2.381454318480446E-03,  5.169771087255944E+00,  3.009811005833270E+02,  2.303001398926267E+02,  2.461841607079729E+06,  1.342635577973323E+01,  2.645778190113188E+02,  2.575329547079185E+02,  2.539855901238999E-03,  2.698257483997551E-03,  2.681293464183421E+01,
2461835.500000000, A.D. 2028-Mar-05 00:00:00.0000,  6.365239517645113E-02,  2.379075453533682E-03,  5.169469309313489E+00,  3.009836072132746E+02,  2.299886555486529E+02,  2.461841576634994E+06,  1.341884385303597E+01,  2.784585838640855E+02,  2.711781687643191E+02,  2.540803694352386E-03,  2.702531935171091E-03,  2.682794463835654E+01,
2461836.500000000, A.D. 2028-Mar-06 00:00:00.0000,  6.502808314371143E-02,  2.380204907629223E-03,  5.166652649252755E+00,  3.010024000891876E+02,  2.285458017628384E+02,  2.461841477765543E+06,  1.337975305290408E+01,  2.933987262715261E+02,  2.863499387298706E+02,  2.545750160745284E-03,  2.711295413861345E-03,  2.690632619126418E+01,
2461837.500000000, A.D. 2028-Mar-07 00:00:00.0000,  6.680357535928100E-02,  2.383220945546129E-03,  5.160896421814927E+00,  3.010226231679289E+02,  2.263442433091264E+02,  2.461841331580597E+06,  1.331634094971496E+01,  3.089773663941296E+02,  3.027097882220420E+02,  2.553825628365078E-03,  2.724430311184029E-03,  2.703445348534019E+01,
2461838.500000000, A.D. 2028-Mar-08 00:00:00.0000,  6.902256035074555E-02,  2.386530403429111E-03,  5.152430449212390E+00,  3.010281580264841E+02,  2.239079156455599E+02,  2.461841169931856E+06,  1.324128233119924E+01,  3.246466784844558E+02,  3.197309830298905E+02,  2.563467493184620E-03,  2.740404582940130E-03,  2.718769912123725E+01,
2461839.500000000, A.D. 2028-Mar-09 00:00:00.0000,  7.136603478497651E-02,  2.389056946962469E-03,  5.142136816029357E+00,  3.010052238348946E+02,  2.216682442016436E+02,  2.461841019964030E+06,  1.317039683700022E+01,  3.399814705386240E+02,  3.369283541546172E+02,  2.572657297118446E-03,  2.756257647274425E-03,  2.733402831026587E+01,
2461840.500000000, A.D. 2028-Mar-10 00:00:00.0000,  7.329344038539132E-02,  2.390299047152107E-03,  5.131382566253443E+00,  3.009457997557528E+02,  2.197702431362929E+02,  2.461840890845174E+06,  1.311918226643027E+01,  3.548724309241956E+02,  3.540467967264979E+02,  2.579348362599447E-03,  2.768397678046786E-03,  2.744073469587949E+01,
2461841.500000000, A.D. 2028-Mar-11 00:00:00.0000,  7.433651359625260E-02,  2.390060133030188E-03,  5.121711381423809E+00,  3.008499022958054E+02,  2.180643546510647E+02,  2.461840772715518E+06,  1.309900251067428E+01,  9.526701254647447E+00,  1.107793947330424E+01,  2.581996771111390E-03,  2.773933409192593E-03,  2.748300870288700E+01,
2461842.500000000, A.D. 2028-Mar-12 00:00:00.0000,  7.435290347955834E-02,  2.388175308651916E-03,  5.114467830448642E+00,  3.007259148526819E+02,  2.162496744281040E+02,  2.461840646144352E+06,  1.311416448929857E+01,  2.431176790168629E+01,  2.813993168513238E+01,  2.580006265486272E-03,  2.771837222320628E-03,  2.745123414410178E+01,
2461843.500000000, A.D. 2028-Mar-13 00:00:00.0000,  7.359246320534128E-02,  2.384470383116438E-03,  5.110459087338033E+00,  3.005887032330195E+02,  2.140690088083934E+02,  2.461840495228234E+06,  1.316094239421676E+01,  3.954562812005235E+01,  4.531364375790161E+01,  2.573889231694542E-03,  2.763308080272647E-03,  2.735366429065086E+01,
2461844.500000000, A.D. 2028-Mar-14 00:00:00.0000,  7.254346419469247E-02,  2.378994899497072E-03,  5.109752469683017E+00,  3.004559964055873E+02,  2.114781230515311E+02,  2.461840318621473E+06,  1.322884263554253E+01,  5.531479852829874E+01,  6.250244346572567E+01,  2.565074273191033E-03,  2.751153646884993E-03,  2.721326497850777E+01,
2461845.500000000, A.D. 2028-Mar-15 00:00:00.0000,  7.164518137161915E-02,  2.372381881865062E-03,  5.111662058535924E+00,  3.003441084914071E+02,  2.087128511644130E+02,  2.461840133028478E+06,  1.330349845860424E+01,  7.139949737424351E+01,  7.938311692191198E+01,  2.555468915829179E-03,  2.738555949793295E-03,  2.706055111143826E+01,
2461846.500000000, A.D. 2028-Mar-16 00:00:00.0000,  7.104103601031518E-02,  2.366036328655978E-03,  5.114915867214066E+00,  3.002642227933080E+02,  2.061932112776983E+02,  2.461839965411835E+06,  1.337009365550661E+01,  8.736805576504352E+01,  9.550600338582205E+01,  2.546976153278446E-03,  2.727915977900913E-03,  2.692576501524582E+01,
2461847.500000000, A.D. 2028-Mar-17 00:00:00.0000,  7.052805534516715E-02,  2.361902295419692E-03,  5.117945104254923E+00,  3.002201315971328E+02,  2.043150844929825E+02,  2.461839838478156E+06,  1.341631676203023E+01,  1.027894039315627E+02,  1.104965869262152E+02,  2.541122740715755E-03,  2.720343186011819E-03,  2.683299793717175E+01,
2461848.500000000, A.D. 2028-Mar-18 00:00:00.0000,  6.970843043683082E-02,  2.361875621582279E-03,  5.119215333244879E+00,  3.002077644608921E+02,  2.032859769567443E+02,  2.461839760772062E+06,  1.343429437117769E+01,  1.174053606892242E+02,  1.242071098957162E+02,  2.538855235129486E-03,  2.715834848676694E-03,  2.679709034605897E+01,
2461849.500000000, A.D. 2028-Mar-19 00:00:00.0000,  6.820898733888775E-02,  2.367197223925446E-03,  5.117524795190837E+00,  3.002163266915317E+02,  2.030988967857867E+02,  2.461839727058726E+06,  1.342140183418682E+01,  1.311665719327823E+02,  1.367286060596289E+02,  2.540480850062012E-03,  2.713764476198578E-03,  2.682283150803315E+01,
2461850.500000000, A.D. 2028-Mar-20 00:00:00.0000,  6.583913556328977E-02,  2.378096482394439E-03,  5.112217088560253E+00,  3.002305680433437E+02,  2.036024502065999E+02,  2.461839724905421E+06,  1.338012175711112E+01,  1.441720774073430E+02,  1.483079008254411E+02,  2.545703393203490E-03,  2.713310304012541E-03,  2.690558475737868E+01,
2461851.500000000, A.D. 2028-Mar-21 00:00:00.0000,  6.264704643044997E-02,  2.393731416299724E-03,  5.103282221551127E+00,  3.002336183822508E+02,  2.045886265298810E+02,  2.461839741564536E+06,  1.331721362248873E+01,  1.565895969484163E+02,  1.592492122489892E+02,  2.553714059559010E-03,  2.713696702818296E-03,  2.703268192620034E+01,
2461852.500000000, A.D. 2028-Mar-22 00:00:00.0000,  5.889448804772979E-02,  2.412352088004772E-03,  5.091343756066945E+00,  3.002098858429408E+02,  2.058640456601138E+02,  2.461839768979547E+06,  1.324244572761970E+01,  1.685898474082495E+02,  1.698347952393566E+02,  2.563317351101774E-03,  2.714282614198775E-03,  2.718531058421857E+01,
2461853.500000000, A.D. 2028-Mar-23 00:00:00.0000,  5.498210842501264E-02,  2.431613809059944E-03,  5.077546601173146E+00,  3.001476242923108E+02,  2.073081884649196E+02,  2.461867148348351E+06,  1.316709328255480E+01,  1.802909241141861E+02,  1.802609950491268E+02,  2.573087589915746E-03,  2.714561370771547E-03,  2.734088627419138E+01,
2461854.500000000, A.D. 2028-Mar-24 00:00:00.0000,  5.134988820542723E-02,  2.448992615460765E-03,  5.063369681560934E+00,  3.000408793320345E+02,  2.089244708773791E+02,  2.461867344489004E+06,  1.310236361055803E+01,  1.917068346735100E+02,  1.905837212111163E+02,  2.581555185639494E-03,  2.714117755818223E-03,  2.747595859039570E+01,
2461855.500000000, A.D. 2028-Mar-25 00:00:00.0000,  4.837485076454499E-02,  2.462248424835689E-03,  5.050392111241058E+00,  2.998905945058149E+02,  2.108657149435811E+02,  2.461867544913438E+06,  1.305788476150485E+01,  2.027189083645349E+02,  2.006917529228668E+02,  2.587414200658614E-03,  2.712579976481539E-03,  2.756954947720889E+01,
2461856.500000000, A.D. 2028-Mar-26 00:00:00.0000,  4.629287550364610E-02,  2.469842354458931E-03,  5.040043322341400E+00,  2.997047154594155E+02,  2.133911669164133E+02,  2.461867763970622E+06,  1.304038631041767E+01,  2.131134716964462E+02,  2.103507419516820E+02,  2.589728325415664E-03,  2.709614296372397E-03,  2.760654411843644E+01,
2461857.500000000, A.D. 2028-Mar-27 00:00:00.0000,  4.516961064356372E-02,  2.471195591137749E-03,  5.033368848904624E+00,  2.994972027166919E+02,  2.167343920674707E+02,  2.461868018343364E+06,  1.305270239705798E+01,  2.227071943562760E+02,  2.193385202020616E+02,  2.588099015997340E-03,  2.705002440856930E-03,  2.758049552107635E+01,
2461858.500000000, A.D. 2028-Mar-28 00:00:00.0000,  4.492229768343094E-02,  2.466732795342169E-03,  5.030844478155939E+00,  2.992859849024615E+02,  2.209408433454275E+02,  2.461868314070432E+06,  1.309322601746225E+01,  2.315021576854634E+02,  2.276126096191509E+02,  2.582756135295627E-03,  2.698779475249085E-03,  2.749513370653444E+01,
2461859.500000000, A.D. 2028-Mar-29 00:00:00.0000,  4.536579669256953E-02,  2.457746937693424E-03,  5.032270699708665E+00,  2.990900610495508E+02,  2.257830046494390E+02,  2.461868639329105E+06,  1.315592860343751E+01,  2.397636388118266E+02,  2.354013625419250E+02,  2.574543138280927E-03,  2.691339338868430E-03,  2.736408891014622E+01,
2461860.500000000, A.D. 2028-Mar-30 00:00:00.0000,  4.625814983558083E-02,  2.446150251268449E-03,  5.036774105883078E+00,  2.989261632467940E+02,  2.308027565203737E+02,  2.461868967083207E+06,  1.323102022469714E+01,  2.479718508462558E+02,  2.431680256835704E+02,  2.564792821922146E-03,  2.683435392575843E-03,  2.720878616208453E+01,
2461861.500000000, A.D. 2028-Mar-31 00:00:00.0000,  4.734943807016859E-02,  2.434132333278040E-03,  5.042930201554593E+00,  2.988055586374097E+02,  2.354335098492092E+02,  2.461869263569750E+06,  1.330625774888730E+01,  2.566959398514482E+02,  2.514938410130280E+02,  2.555115622193198E-03,  2.676098911108356E-03,  2.705493962268272E+01,
2461862.500000000, A.D. 2028-Apr-01 00:00:00.0000,  4.844948672534520E-02,  2.423731432131903E-03,  5.049002327418116E+00,  2.987316373090401E+02,  2.391272567513093E+02,  2.461869496445595E+06,  1.336881140994868E+01,  2.664658382980876E+02,  2.609536189069300E+02,  2.547139009773534E-03,  2.670546587415166E-03,  2.692834755168276E+01,
2461863.500000000, A.D. 2028-Apr-02 00:00:00.0000,  4.950746607393747E-02,  2.416379196663305E-03,  5.053266208515709E+00,  2.986988606932833E+02,  2.414584752292719E+02,  2.461869640558867E+06,  1.340748131060097E+01,  2.776705717478299E+02,  2.720106136318969E+02,  2.542239008109107E-03,  2.668098819554909E-03,  2.685068072519755E+01,
2461864.500000000, A.D. 2028-Apr-03 00:00:00.0000,  5.066020577800000E-02,  2.412555411601209E-03,  5.054364059876136E+00,  2.986934352084784E+02,  2.422253780313031E+02,  2.461869683579845E+06,  1.341492815120612E+01,  2.904626488161484E+02,  2.849094359147154E+02,  2.541298096092494E-03,  2.670040780583779E-03,  2.683577548401799E+01,
2461865.500000000, A.D. 2028-Apr-04 00:00:00.0000,  5.218563790930926E-02,  2.411730892964773E-03,  5.051613489391651E+00,  2.986957609975021E+02,  2.415521198784421E+02,  2.461869632770029E+06,  1.338947120784991E+01,  3.046643946921399E+02,  2.995633951352639E+02,  2.544518198315726E-03,  2.677305503666678E-03,  2.688679742549811E+01,
2461866.500000000, A.D. 2028-Apr-05 00:00:00.0000,  5.433057843472686E-02,  2.412706336301965E-03,  5.045192582586636E+00,  2.986843307497700E+02,  2.399082595464279E+02,  2.461869517511483E+06,  1.333595403231331E+01,  3.197586055761809E+02,  3.155211716792344E+02,  2.551321086715958E-03,  2.689935837129951E-03,  2.699469412744765E+01,
2461867.500000000, A.D. 2028-Apr-06 00:00:00.0000,  5.709207137753657E-02,  2.414201464568882E-03,  5.036139774097530E+00,  2.986403698146263E+02,  2.379305749670374E+02,  2.461869378865564E+06,  1.326524988511501E+01,  3.350763787975519E+02,  3.321305116082706E+02,  2.560378793394916E-03,  2.706556122220950E-03,  2.713857659055164E+01,
2461868.500000000, A.D. 2028-Apr-07 00:00:00.0000,  6.012783846067046E-02,  2.415298947332299E-03,  5.026146918976875E+00,  2.985521920019971E+02,  2.361077878341011E+02,  2.461869248983780E+06,  1.319224198207816E+01,  3.501192247265791E+02,  3.488427795518497E+02,  2.569816456076862E-03,  2.724333964821423E-03,  2.728876566159602E+01,
2461869.500000000, A.D. 2028-Apr-08 00:00:00.0000,  6.289396659996659E-02,  2.415479480851416E-03,  5.017179988343750E+00,  2.984181202482612E+02,  2.345737333949410E+02,  2.461869136930821E+06,  1.313257349005307E+01,  4.768032681216813E+00,  5.417819396768976E+00,  2.577594631514118E-03,  2.739709782176820E-03,  2.741275350735123E+01,
2461870.500000000, A.D. 2028-Apr-09 00:00:00.0000,  6.491676080797656E-02,  2.414384695936589E-03,  5.011017878017324E+00,  2.982470375558434E+02,  2.331378281781936E+02,  2.461869030470165E+06,  1.309897979217894E+01,  1.924934160838819E+01,  2.190356419267129E+01,  2.581999756538021E-03,  2.749614817139453E-03,  2.748305636863006E+01,
2461871.500000000, A.D. 2028-Apr-10 00:00:00.0000,  6.602175342882559E-02,  2.411613967342174E-03,  5.008832912806705E+00,  2.980562542212607E+02,  2.314640706967427E+02,  2.461868908175332E+06,  1.309830875812966E+01,  3.394851975273801E+01,  3.847821138897581E+01,  2.582087940694233E-03,  2.752561914046292E-03,  2.748446434174647E+01,
2461872.500000000, A.D. 2028-Apr-11 00:00:00.0000,  6.639841403247233E-02,  2.406741916362266E-03,  5.010927777657001E+00,  2.978672378090880E+02,  2.292766838841199E+02,  2.461868753371833E+06,  1.313015509679189E+01,  4.919380892158448E+01,  5.527100722939011E+01,  2.577911126691227E-03,  2.749080337020188E-03,  2.741780255801847E+01,
2461873.500000000, A.D. 2028-Apr-12 00:00:00.0000,  6.647255012159957E-02,  2.399579476943776E-03,  5.016692522954319E+00,  2.977004662833509E+02,  2.265254096033858E+02,  2.461868564936535E+06,  1.318741575767082E+01,  6.508073369670498E+01,  7.222042551105622E+01,  2.570443405018611E-03,  2.741307333093445E-03,  2.729875258468257E+01,
2461874.500000000, A.D. 2028-Apr-13 00:00:00.0000,  6.665043834831284E-02,  2.390555713012483E-03,  5.024774864499443E+00,  2.975708666681178E+02,  2.234478251318504E+02,  2.461868360353841E+06,  1.325836451558555E+01,  8.140166678005963E+01,  8.902600809441886E+01,  2.561265158556538E-03,  2.731974604100592E-03,  2.715267026915807E+01,
2461875.500000000, A.D. 2028-Apr-14 00:00:00.0000,  6.707941008500151E-02,  2.380956226669500E-03,  5.033399116907999E+00,  2.974849309775201E+02,  2.204716631158640E+02,  2.461868167437148E+06,  1.332943276436129E+01,  9.773890352907860E+01,  1.052490196228396E+02,  2.552153154735751E-03,  2.723350082802001E-03,  2.700790096353739E+01,
2461876.500000000, A.D. 2028-Apr-15 00:00:00.0000,  6.757329231160950E-02,  2.372762892419765E-03,  5.040743475952158E+00,  2.974399290912414E+02,  2.180034184540260E+02,  2.461868009093937E+06,  1.338789543921904E+01,  1.136753625508345E+02,  1.205178182906961E+02,  2.544717855950479E-03,  2.716672819481194E-03,  2.688996202834103E+01,
2461877.500000000, A.D. 2028-Apr-16 00:00:00.0000,  6.773082593035311E-02,  2.368113142332117E-03,  5.045291074348038E+00,  2.974250240108869E+02,  2.162572255269516E+02,  2.461867892647977E+06,  1.342394246342302E+01,  1.289685407821097E+02,  1.346878775520834E+02,  2.540160297261103E-03,  2.712207452190088E-03,  2.681775499119669E+01,
2461878.500000000, A.D. 2028-Apr-17 00:00:00.0000,  6.713923517555781E-02,  2.368675467914874E-03,  5.046093841561218E+00,  2.974237426264348E+02,  2.152217056992060E+02,  2.461867809873461E+06,  1.343193760226090E+01,  1.435891126267851E+02,  1.478622978207138E+02,  2.539152204949516E-03,  2.709628941984157E-03,  2.680179216581558E+01,
2461879.500000000, A.D. 2028-Apr-18 00:00:00.0000,  6.554005629549532E-02,  2.375218000140951E-03,  5.042916130975092E+00,  2.974171647049474E+02,  2.147265745725655E+02,  2.461867743790011E+06,  1.341088963659532E+01,  1.576612347108669E+02,  1.603132636955554E+02,  2.541808256354799E-03,  2.708398512568648E-03,  2.684385672801605E+01,
2461880.500000000, A.D. 2028-Apr-19 00:00:00.0000,  6.290712937548915E-02,  2.387447407950597E-03,  5.036249660305096E+00,  2.973872571585964E+02,  2.145309110074025E+02,  2.461867676134828E+06,  1.336426252041366E+01,  1.713815006901689E+02,  1.723835691133343E+02,  2.547716968927018E-03,  2.707986529903439E-03,  2.693751334576875E+01,
2461881.500000000, A.D. 2028-Apr-20 00:00:00.0000,  5.944407961164738E-02,  2.404070868026572E-03,  5.027210155203318E+00,  2.973198920683250E+02,  2.143994257148522E+02,  2.461894662436409E+06,  1.329926993939797E+01,  1.849492051379995E+02,  1.844021485760114E+02,  2.556010563448411E-03,  2.707950258870251E-03,  2.706915504688947E+01,
2461882.500000000, A.D. 2028-Apr-21 00:00:00.0000,  5.552234741287580E-02,  2.423028960781962E-03,  5.017339401517497E+00,  2.972071861174835E+02,  2.141737492674573E+02,  2.461894710987962E+06,  1.322578291023563E+01,  1.985001240999116E+02,  1.966065824681410E+02,  2.565469870192029E-03,  2.707910779602097E-03,  2.721956064479107E+01,
2461883.500000000, A.D. 2028-Apr-22 00:00:00.0000,  5.157686116595123E-02,  2.441876043661030E-03,  5.008345184127135E+00,  2.970488762242391E+02,  2.138495213996611E+02,  2.461894748037055E+06,  1.315496078609660E+01,  2.120325136179104E+02,  2.090617897602899E+02,  2.574669410388878E-03,  2.707462777116727E-03,  2.736610210047010E+01,
2461884.500000000, A.D. 2028-Apr-23 00:00:00.0000,  4.798076454854552E-02,  2.458271768861693E-03,  5.001816867082128E+00,  2.968525233209630E+02,  2.136395688669432E+02,  2.461894780819205E+06,  1.309771427523082E+01,  2.253447675434762E+02,  2.215947399285971E+02,  2.582166071146622E-03,  2.706060373431551E-03,  2.748571181467889E+01,
2461885.500000000, A.D. 2028-Apr-24 00:00:00.0000,  4.494075496597753E-02,  2.470472399874472E-03,  4.998956890274698E+00,  2.966324463331436E+02,  2.139629397745305E+02,  2.461894835824956E+06,  1.306312936031013E+01,  2.380449109172642E+02,  2.338056229434654E+02,  2.586721622475331E-03,  2.702970845076191E-03,  2.755848082571949E+01,
2461886.500000000, A.D. 2028-Apr-25 00:00:00.0000,  4.246809906493360E-02,  2.477641177139600E-03,  5.000368241405122E+00,  2.964074538331330E+02,  2.153112901977553E+02,  2.461894949052565E+06,  1.305701881720920E+01,  2.496805616680672E+02,  2.452041210073847E+02,  2.587528597971607E-03,  2.697416018803613E-03,  2.757137789565860E+01,
2461887.500000000, A.D. 2028-Apr-26 00:00:00.0000,  4.044685867188066E-02,  2.479859842375560E-03,  5.005934081910653E+00,  2.961976545377528E+02,  2.180383819113432E+02,  2.461895149075239E+06,  1.308080920305681E+01,  2.599439062137860E+02,  2.554248761887178E+02,  2.584390312081290E-03,  2.688920781787019E-03,  2.752123316009173E+01,
2461888.500000000, A.D. 2028-Apr-27 00:00:00.0000,  3.874962975035156E-02,  2.477912653693749E-03,  5.014816627268821E+00,  2.960208458856916E+02,  2.221895184785039E+02,  2.461895442706228E+06,  1.313099263014968E+01,  2.688353756826253E+02,  2.644046982126427E+02,  2.577801507686499E-03,  2.677690361679249E-03,  2.741605376987379E+01,
2461889.500000000, A.D. 2028-Apr-28 00:00:00.0000,  3.731939183695984E-02,  2.473024595994063E-03,  5.025586890327107E+00,  2.958891346583033E+02,  2.274392933029199E+02,  2.461895809521269E+06,  1.319934709794668E+01,  2.767184387539665E+02,  2.724519659506410E+02,  2.568894163883719E-03,  2.664763731773376E-03,  2.727407631063830E+01,
2461890.500000000, A.D. 2028-Apr-29 00:00:00.0000,  3.618116816592058E-02,  2.466652280107000E-03,  5.036475195322494E+00,  2.958064738734000E+02,  2.331317798501668E+02,  2.461896204935285E+06,  1.327403569068323E+01,  2.842724854141156E+02,  2.802125195639115E+02,  2.559248894746261E-03,  2.651845509385522E-03,  2.712061413641343E+01,
2461891.500000000, A.D. 2028-Apr-30 00:00:00.0000,  3.541538370014322E-02,  2.460279061825341E-03,  5.045706864939782E+00,  2.957676803666436E+02,  2.384141527764006E+02,  2.461896570320664E+06,  1.334153219893441E+01,  2.923541536069829E+02,  2.885394228443502E+02,  2.550609889739857E-03,  2.640940717654374E-03,  2.698340750013355E+01,
2461892.500000000, A.D. 2028-May-01 00:00:00.0000,  3.514693250502231E-02,  2.455129715160208E-03,  5.051863033947248E+00,  2.957592445994945E+02,  2.424670569110547E+02,  2.461896849421103E+06,  1.338911514287548E+01,  3.017651000524885E+02,  2.982620258900187E+02,  2.544563310074141E-03,  2.633996904988072E-03,  2.688751244263969E+01,
2461893.500000000, A.D. 2028-May-02 00:00:00.0000,  3.555652252194200E-02,  2.451846606374770E-03,  5.054190132177362E+00,  2.957619021062336E+02,  2.447964597712017E+02,  2.461897008313852E+06,  1.340747493880327E+01,  3.129623699540105E+02,  3.098891237688734E+02,  2.542239813561860E-03,  2.632633020748950E-03,  2.685069348577377E+01,
2461894.500000000, A.D. 2028-May-03 00:00:00.0000,  3.685000693469700E-02,  2.450340116072149E-03,  5.052781004776579E+00,  2.957545568806070E+02,  2.454664572318853E+02,  2.461897051215230E+06,  1.339285297091484E+01,  3.258319495223973E+02,  3.233673428698784E+02,  2.544089844483872E-03,  2.637839572895596E-03,  2.688000837325769E+01,
2461895.500000000, A.D. 2028-May-04 00:00:00.0000,  3.913054009192725E-02,  2.449994784657747E-03,  5.048571680716524E+00,  2.957187916331320E+02,  2.450694846567859E+02,  2.461897018710503E+06,  1.334813569317914E+01,  3.397280461208668E+02,  3.381000952809998E+02,  2.549768607373722E-03,  2.649542430089698E-03,  2.697005846171903E+01,
2461896.500000000, A.D. 2028-May-05 00:00:00.0000,  4.224639899489541E-02,  2.450088227877201E-03,  5.043140197798108E+00,  2.956429530078813E+02,  2.443475806281102E+02,  2.461896962073696E+06,  1.328250146527913E+01,  3.538625054565522E+02,  3.533163173113705E+02,  2.558161332211104E-03,  2.666234436545007E-03,  2.710332846121274E+01,
2461897.500000000, A.D. 2028-May-06 00:00:00.0000,  4.577177797819390E-02,  2.450047473151321E-03,  5.038348193594610E+00,  2.955247726719450E+02,  2.437486015500806E+02,  2.461896912694174E+06,  1.320956158153906E+01,  7.758052470907081E+00,  8.508503330198103E+00,  2.567569703566503E-03,  2.685091933981686E-03,  2.725298623862851E+01,
2461898.500000000, A.D. 2028-May-07 00:00:00.0000,  4.916474261007434E-02,  2.449400242747651E-03,  5.035914339069341E+00,  2.953717720040252E+02,  2.432783194145229E+02,  2.461896871758764E+06,  1.314437826427571E+01,  2.140221871857138E+01,  2.358200363009360E+01,  2.576051133685699E-03,  2.702702024623746E-03,  2.738813451362865E+01,
2461899.500000000, A.D. 2028-May-08 00:00:00.0000,  5.199350921572551E-02,  2.447609616762762E-03,  5.037031351925013E+00,  2.951992897970601E+02,  2.426421507934131E+02,  2.461896820113412E+06,  1.310012704865723E+01,  3.510685477793404E+01,  3.872285922207047E+01,  2.581849006896444E-03,  2.716088397030126E-03,  2.748064951300608E+01,
2461900.500000000, A.D. 2028-May-09 00:00:00.0000,  5.410414765832320E-02,  2.444003094286333E-03,  5.042123825714233E+00,  2.950266899386236E+02,  2.414703708703484E+02,  2.461896734004919E+06,  1.308531320470086E+01,  4.927922516080666E+01,  5.418851348934950E+01,  2.583797241774468E-03,  2.723591389262602E-03,  2.751176027415767E+01,
2461901.500000000, A.D. 2028-May-10 00:00:00.0000,  5.565791007650681E-02,  2.437884999988362E-03,  5.050797425492873E+00,  2.948728480120936E+02,  2.395156123269623E+02,  2.461896598789499E+06,  1.310225251434339E+01,  6.421689761200396E+01,  7.012832227247129E+01,  2.581569778580842E-03,  2.725254557173323E-03,  2.747619156369474E+01,
2461902.500000000, A.D. 2028-May-11 00:00:00.0000,  5.701848196173076E-02,  2.428837030727757E-03,  5.061971495858401E+00,  2.947521357697874E+02,  2.367933322035620E+02,  2.461896418223135E+06,  1.314707000532165E+01,  7.995754620180836E+01,  8.645820757302367E+01,  2.575699506582681E-03,  2.722561982437604E-03,  2.738252704627568E+01,
2461903.500000000, A.D. 2028-May-12 00:00:00.0000,  5.853052218228558E-02,  2.417114767669982E-03,  5.074140961805481E+00,  2.946718032622522E+02,  2.336145178980144E+02,  2.461896215421061E+06,  1.321098584728871E+01,  9.623646926800456E+01,  1.028366786733977E+02,  2.567385161835251E-03,  2.717655556000521E-03,  2.725004811612017E+01,
2461904.500000000, A.D. 2028-May-13 00:00:00.0000,  6.030529350561661E-02,  2.403907597668735E-03,  5.085693545859908E+00,  2.946311144800405E+02,  2.304576729577342E+02,  2.461896022093003E+06,  1.328236110350173E+01,  1.126066221341095E+02,  1.187942891698853E+02,  2.558179354480702E-03,  2.712451111292670E-03,  2.710361487650644E+01,
2461905.500000000, A.D. 2028-May-14 00:00:00.0000,  6.214621248504696E-02,  2.391214642007110E-03,  5.095213242174750E+00,  2.946220979395860E+02,  2.277411902413953E+02,  2.461895861680115E+06,  1.334893537618577E+01,  1.286613092813547E+02,  1.339567802002696E+02,  2.549666775183743E-03,  2.708118908360377E-03,  2.696844278999452E+01,
2461906.500000000, A.D. 2028-May-15 00:00:00.0000,  6.364789307410518E-02,  2.381337342991994E-03,  5.101719542311830E+00,  2.946314865470317E+02,  2.256586000325584E+02,  2.461895738848034E+06,  1.339982640376543E+01,  1.441975682432282E+02,  1.482017889204057E+02,  2.543207117683624E-03,  2.705076892375254E-03,  2.686601968954149E+01,
2461907.500000000, A.D. 2028-May-16 00:00:00.0000,  6.437989703002568E-02,  2.376257989038921E-03,  5.104813012378949E+00,  2.946433401388151E+02,  2.241610642724059E+02,  2.461895640679454E+06,  1.342705288722027E+01,  1.592357241793934E+02,  1.616669718154096E+02,  2.539767990764495E-03,  2.703277992490069E-03,  2.681154256438837E+01,
2461908.500000000, A.D. 2028-May-17 00:00:00.0000,  6.404759691874244E-02,  2.377167569686877E-03,  5.104715821123597E+00,  2.946418816575829E+02,  2.230335993805578E+02,  2.461895544423698E+06,  1.342649696330687E+01,  1.739480058773408E+02,  1.746645672837719E+02,  2.539838096318767E-03,  2.702508622950658E-03,  2.681265269592211E+01,
2461909.500000000, A.D. 2028-May-18 00:00:00.0000,  6.258133033679447E-02,  2.384229527145226E-03,  5.102210042674578E+00,  2.946141482130468E+02,  2.219859972262901E+02,  2.461922294569632E+06,  1.339831155852971E+01,  1.885743698149977E+02,  1.875821920517724E+02,  2.543398808135353E-03,  2.702568089125481E-03,  2.686905722615583E+01,
2461910.500000000, A.D. 2028-May-19 00:00:00.0000,  6.015185934100879E-02,  2.396553914159898E-03,  5.098488285924529E+00,  2.945521202835220E+02,  2.207318533539930E+02,  2.461922236800222E+06,  1.334681043287990E+01,  2.033511523523923E+02,  2.007967197367922E+02,  2.549937389331336E-03,  2.703320864502774E-03,  2.697273643095574E+01,
2461911.500000000, A.D. 2028-May-20 00:00:00.0000,  5.712010787798878E-02,  2.412356249394815E-03,  5.094941257643085E+00,  2.944540480001238E+02,  2.190690455540619E+02,  2.461922159866947E+06,  1.327988039206070E+01,  2.184382419529863E+02,  2.145879242342362E+02,  2.558497926990100E-03,  2.704639604585385E-03,  2.710867789255269E+01,
2461912.500000000, A.D. 2028-May-21 00:00:00.0000,  5.392580341880526E-02,  2.429308820318963E-03,  5.092914885993665E+00,  2.943247665277412E+02,  2.169728573102926E+02,  2.461922052378266E+06,  1.320795174370457E+01,  2.338326488316666E+02,  2.290407006691696E+02,  2.567778329752252E-03,  2.706247839185540E-03,  2.725630794128167E+01,
2461913.500000000, A.D. 2028-May-22 00:00:00.0000,  5.093182167817958E-02,  2.445071670050068E-03,  5.093474504796179E+00,  2.941749061753329E+02,  2.146703176020772E+02,  2.461921923081002E+06,  1.314257593874311E+01,  2.492990182951930E+02,  2.439674152788741E+02,  2.576286641886507E-03,  2.707501613722946E-03,  2.739189042376031E+01,
2461914.500000000, A.D. 2028-May-23 00:00:00.0000,  4.828111976527137E-02,  2.457872862918174E-03,  5.097214180050474E+00,  2.940190634393610E+02,  2.126159980431148E+02,  2.461921800963789E+06,  1.309470361673850E+01,  2.643960430611642E+02,  2.589304383942443E+02,  2.582561840437560E-03,  2.707250817956946E-03,  2.749203117051269E+01,
2461915.500000000, A.D. 2028-May-24 00:00:00.0000,  4.585582735707162E-02,  2.466883372242188E-03,  5.104144789926819E+00,  2.938731886583890E+02,  2.113252637828514E+02,  2.461921723427526E+06,  1.307283694814218E+01,  2.786421466966340E+02,  2.734092910276997E+02,  2.585440903976863E-03,  2.703998435711537E-03,  2.753801653214689E+01,
2461916.500000000, A.D. 2028-May-25 00:00:00.0000,  4.338334541020188E-02,  2.472204677225327E-03,  5.113684636612219E+00,  2.937516243116928E+02,  2.111564724698038E+02,  2.461921718989697E+06,  1.308133412004629E+01,  2.917286520026693E+02,  2.870212939804131E+02,  2.584321175429902E-03,  2.696437673634476E-03,  2.752012881073984E+01,
2461917.500000000, A.D. 2028-May-26 00:00:00.0000,  4.062590681558442E-02,  2.474553714867047E-03,  5.124761291265093E+00,  2.936643454714718E+02,  2.121908214053256E+02,  2.461921796593315E+06,  1.311923221986638E+01,  3.036319945502415E+02,  2.996470490642043E+02,  2.579341815092538E-03,  2.684129915318028E-03,  2.744063021118371E+01,
2461918.500000000, A.D. 2028-May-27 00:00:00.0000,  3.753695493979299E-02,  2.474888839865593E-03,  5.136013877131452E+00,  2.936149682417935E+02,  2.142467967332836E+02,  2.461921945454784E+06,  1.317996680818313E+01,  3.145890203027888E+02,  3.114231461946809E+02,  2.571411809074473E-03,  2.667934778283353E-03,  2.731418107794357E+01,
2461919.500000000, A.D. 2028-May-28 00:00:00.0000,  3.431408919240043E-02,  2.474139020272684E-03,  5.146063304225414E+00,  2.935999830179017E+02,  2.169621219580270E+02,  2.461922140743112E+06,  1.325224518446128E+01,  3.250042248086748E+02,  3.226677506630845E+02,  2.562053554455994E-03,  2.649968088639304E-03,  2.716520823370461E+01,
2461920.500000000, A.D. 2028-May-29 00:00:00.0000,  3.134922014542963E-02,  2.473056443681283E-03,  5.153798391879406E+00,  2.936094454390650E+02,  2.198971842944487E+02,  2.461922351271699E+06,  1.332206577106663E+01,  3.353372366664511E+02,  3.337831542704968E+02,  2.553093947906158E-03,  2.633131452131032E-03,  2.702283611163830E+01,
2461921.500000000, A.D. 2028-May-30 00:00:00.0000,  2.911275826527579E-02,  2.472155871891145E-03,  5.158614584399616E+00,  2.936290542021480E+02,  2.226795560324835E+02,  2.461922550185532E+06,  1.337553566925257E+01,  3.459532059570867E+02,  3.451139370989225E+02,  2.546285259114170E-03,  2.620414646337196E-03,  2.691480991131900E+01,
2461922.500000000, A.D. 2028-May-31 00:00:00.0000,  2.801174157374070E-02,  2.471718571914482E-03,  5.160545497009871E+00,  2.936432187471671E+02,  2.251903097238808E+02,  2.461922728552179E+06,  1.340185036154944E+01,  3.569369778893616E+02,  3.567592537791668E+02,  2.542951059837316E-03,  2.614183547760148E-03,  2.686196236251506E+01,
2461923.500000000, A.D. 2028-Jun-01 00:00:00.0000,  2.825866705288358E-02,  2.471848373793525E-03,  5.160249215447068E+00,  2.936384467662144E+02,  2.276377496382215E+02,  2.461922900873234E+06,  1.339568852179100E+01,  8.025715550893839E+00,  8.494182351407760E+00,  2.543730815994884E-03,  2.615613258196243E-03,  2.687431851034620E+01,
2461924.500000000, A.D. 2028-Jun-02 00:00:00.0000,  2.979749610316283E-02,  2.472524978905111E-03,  5.158848103347101E+00,  2.936062478076780E+02,  2.303311111648877E+02,  2.461923089187406E+06,  1.335839627525816E+01,  1.884619369544098E+01,  1.998935224691985E+01,  2.548462788927226E-03,  2.624400598949340E-03,  2.694934276405441E+01,
2461925.500000000, A.D. 2028-Jun-03 00:00:00.0000,  3.232540028196145E-02,  2.473587058078604E-03,  5.157662246520698E+00,  2.935448282441768E+02,  2.333362806317922E+02,  2.461923298690708E+06,  1.329765250868467E+01,  2.927224603253635E+01,  3.114919405990482E+01,  2.556217822395419E-03,  2.638848586712234E-03,  2.707244754402214E+01,
2461926.500000000, A.D. 2028-Jun-04 00:00:00.0000,  3.539686783872018E-02,  2.474668593609028E-03,  5.157907496307907E+00,  2.934591614397231E+02,  2.363842665453147E+02,  2.461923511231155E+06,  1.322571620047835E+01,  3.952860853347008E+01,  4.220032905273499E+01,  2.565478496907128E-03,  2.656288400205228E-03,  2.721969793870061E+01,
2461927.500000000, A.D. 2028-Jun-05 00:00:00.0000,  3.856192952581036E-02,  2.475163324084494E-03,  5.160436831863446E+00,  2.933594770134346E+02,  2.390277982697567E+02,  2.461923696392613E+06,  1.315672958044042E+01,  5.004303382131794E+01,  5.353610477073786E+01,  2.574438645708842E-03,  2.673713967333189E-03,  2.736242299417611E+01,
2461928.500000000, A.D. 2028-Jun-06 00:00:00.0000,  4.149840354003136E-02,  2.474247375394678E-03,  5.165585530210930E+00,  2.932586608587882E+02,  2.408235328781823E+02,  2.461923824442483E+06,  1.310377269853695E+01,  6.126744294495325E+01,  6.553984957388116E+01,  2.581370114074728E-03,  2.688492852754778E-03,  2.747300401816297E+01,
2461929.500000000, A.D. 2028-Jun-07 00:00:00.0000,  4.410362206648022E-02,  2.470968362603103E-03,  5.173145119428091E+00,  2.931693183558569E+02,  2.414571236444781E+02,  2.461923875313932E+06,  1.307637041237730E+01,  7.355047847897980E+01,  7.846828395188282E+01,  2.584975128731948E-03,  2.698981894860793E-03,  2.753057527792620E+01,
2461930.500000000, A.D. 2028-Jun-08 00:00:00.0000,  4.650673659040982E-02,  2.464431772864599E-03,  5.182453671290773E+00,  2.931012400562855E+02,  2.408376874640820E+02,  2.461923845350764E+06,  1.307895399546317E+01,  8.703585121370772E+01,  9.236634346626496E+01,  2.584634697944328E-03,  2.704837623024058E-03,  2.752513695857306E+01,
2461931.500000000, A.D. 2028-Jun-09 00:00:00.0000,  4.897523478846398E-02,  2.454111231456209E-03,  5.192564189506576E+00,  2.930597696734230E+02,  2.391603427854542E+02,  2.461923751256846E+06,  1.311046642331831E+01,  1.015896369404455E+02,  1.070124418906151E+02,  2.580491403828314E-03,  2.706871576200419E-03,  2.745897730684113E+01,
2461932.500000000, A.D. 2028-Jun-10 00:00:00.0000,  5.173873692161225E-02,  2.440218114832146E-03,  5.202444127118429E+00,  2.930452482095820E+02,  2.368728960980150E+02,  2.461923626273060E+06,  1.316499844542246E+01,  1.168226013753376E+02,  1.219564897295961E+02,  2.573360538751045E-03,  2.706502962669944E-03,  2.734523680290854E+01,
2461933.500000000, A.D. 2028-Jun-11 00:00:00.0000,  5.482201708073793E-02,  2.423925699480673E-03,  5.211164428681373E+00,  2.930534341806064E+02,  2.345069105751546E+02,  2.461923506211833E+06,  1.323314915391777E+01,  1.322492894274783E+02,  1.366899151136426E+02,  2.564517734526753E-03,  2.705109769572834E-03,  2.720440885330908E+01,
2461934.500000000, A.D. 2028-Jun-12 00:00:00.0000,  5.799278011763563E-02,  2.407240006287871E-03,  5.218048757801281E+00,  2.930766461354709E+02,  2.324612676238748E+02,  2.461923413107761E+06,  1.330374849773655E+01,  1.474972259648540E+02,  1.508600303911461E+02,  2.555436896320690E-03,  2.703633786353508E-03,  2.706004251818567E+01,
2461935.500000000, A.D. 2028-Jun-13 00:00:00.0000,  6.084685013293407E-02,  2.392533625024165E-03,  5.222766339821518E+00,  2.931053304351099E+02,  2.308834773305332E+02,  2.461923347797146E+06,  1.336562652811214E+01,  1.624218048415612E+02,  1.643844742207818E+02,  2.547543630517366E-03,  2.702553636010567E-03,  2.693476428080691E+01,
2461936.500000000, A.D. 2028-Jun-14 00:00:00.0000,  6.296140409045524E-02,  2.381971743358077E-03,  5.225362081911949E+00,  2.931297757581723E+02,  2.296870329624801E+02,  2.461923293489694E+06,  1.340920650283034E+01,  1.770888238755230E+02,  1.774284760825070E+02,  2.542020951704764E-03,  2.702070160051451E-03,  2.684722618926132E+01,
2461937.500000000, A.D. 2028-Jun-15 00:00:00.0000,  6.403611483296787E-02,  2.377044458202591E-03,  5.226225353701611E+00,  2.931417308906313E+02,  2.286357330577751E+02,  2.461950034192123E+06,  1.342778714161279E+01,  1.916935361817258E+02,  1.903148077197845E+02,  2.539675404012394E-03,  2.702306349822196E-03,  2.681007646333310E+01,
2461938.500000000, A.D. 2028-Jun-16 00:00:00.0000,  6.398297958473476E-02,  2.378283469268384E-03,  5.226005331590110E+00,  2.931357143146112E+02,  2.274307611121777E+02,  2.461949940982572E+06,  1.341843790314431E+01,  2.064798858098359E+02,  2.034310576560515E+02,  2.540854938955336E-03,  2.703426408642288E-03,  2.682875626794398E+01,
2461939.500000000, A.D. 2028-Jun-17 00:00:00.0000,  6.295481989686272E-02,  2.385161679561880E-03,  5.225487027982409E+00,  2.931098376902381E+02,  2.257887222499048E+02,  2.461949836597952E+06,  1.338245616147847E+01,  2.216709310481162E+02,  2.171461287151981E+02,  2.545407340230226E-03,  2.705653000898573E-03,  2.690089141007340E+01,
2461940.500000000, A.D. 2028-Jun-18 00:00:00.0000,  6.130580950312002E-02,  2.396182308842305E-03,  5.225447757055306E+00,  2.930660162557772E+02,  2.235272185854095E+02,  2.461949701054703E+06,  1.332533624416459E+01,  2.373928522757771E+02,  2.317192618946286E+02,  2.552676189008832E-03,  2.709170069175358E-03,  2.701620382432379E+01,
2461941.500000000, A.D. 2028-Jun-19 00:00:00.0000,  5.947550753174677E-02,  2.409195418453068E-03,  5.226517580846345E+00,  2.930095188630472E+02,  2.206605195185799E+02,  2.461949527284507E+06,  1.325619515786519E+01,  2.535887499898800E+02,  2.471988663320695E+02,  2.561544582566401E-03,  2.713893746679734E-03,  2.715711376551393E+01,
2461942.500000000, A.D. 2028-Jun-20 00:00:00.0000,  5.781045611510911E-02,  2.421943293618895E-03,  5.229067818763301E+00,  2.929479160649151E+02,  2.174564094571064E+02,  2.461949327399628E+06,  1.318661213468421E+01,  2.699697292138863E+02,  2.633600820997054E+02,  2.570547836513444E-03,  2.719152379407994E-03,  2.730041623451612E+01,
2461943.500000000, A.D. 2028-Jun-21 00:00:00.0000,  5.639675507312641E-02,  2.432680791431155E-03,  5.233148190275373E+00,  2.928895985848479E+02,  2.143686809153674E+02,  2.461949129771475E+06,  1.312889627701035E+01,  2.860873142409736E+02,  2.797670500476761E+02,  2.578075906913271E-03,  2.723471022395387E-03,  2.742043142121445E+01,
2461944.500000000, A.D. 2028-Jun-22 00:00:00.0000,  5.501938273338979E-02,  2.440568151807607E-03,  5.238485695960340E+00,  2.928421347137547E+02,  2.118335896166573E+02,  2.461948964853524E+06,  1.309392078351406E+01,  3.015375616412334E+02,  2.959726332047916E+02,  2.582664773450101E-03,  2.724761395092596E-03,  2.749367480924882E+01,
2461945.500000000, A.D. 2028-Jun-23 00:00:00.0000,  5.330050892649182E-02,  2.445638906672814E-03,  5.244547696878729E+00,  2.928107888379866E+02,  2.100631135630846E+02,  2.461948849167876E+06,  1.308884970633098E+01,  3.161632450302515E+02,  3.117243204326741E+02,  2.583331806695687E-03,  2.721024706718561E-03,  2.750432681841174E+01,
2461946.500000000, A.D. 2028-Jun-24 00:00:00.0000,  5.093455476313578E-02,  2.448456331770743E-03,  5.250659003810976E+00,  2.927975160807091E+02,  2.089773437486242E+02,  2.461948778874260E+06,  1.311527693886475E+01,  3.301119329724224E+02,  3.270354667853770E+02,  2.579860371125055E-03,  2.711264410479368E-03,  2.744890570577317E+01,
2461947.500000000, A.D. 2028-Jun-25 00:00:00.0000,  4.787872027275363E-02,  2.449731776290748E-03,  5.256149973236962E+00,  2.928006697307113E+02,  2.082841763018647E+02,  2.461948734535483E+06,  1.316838064341266E+01,  3.437431668366868E+02,  3.421140995277127E+02,  2.572919887887099E-03,  2.696107999483450E-03,  2.733821338769441E+01,
2461948.500000000, A.D. 2028-Jun-26 00:00:00.0000,  4.440841208690172E-02,  2.450088980215647E-03,  5.260502712200791E+00,  2.928155104054089E+02,  2.076418955870239E+02,  2.461948692502700E+06,  1.323754529479613E+01,  3.574517367903644E+02,  3.572122333594520E+02,  2.563949925057795E-03,  2.677810869899943E-03,  2.719537436759677E+01,
2461949.500000000, A.D. 2028-Jun-27 00:00:00.0000,  4.102264842096979E-02,  2.450023739807458E-03,  5.263459663439206E+00,  2.928354114919767E+02,  2.068674151006176E+02,  2.461948639827199E+06,  1.330849220270659E+01,  1.144760301733678E+01,  1.242979986563659E+01,  2.554829616959468E-03,  2.659635494111477E-03,  2.705039718374601E+01,
2461950.500000000, A.D. 2028-Jun-28 00:00:00.0000,  3.824075125470339E-02,  2.450024874558735E-03,  5.265066382536260E+00,  2.928534642940542E+02,  2.061417806928742E+02,  2.461948588946417E+06,  1.336643479664263E+01,  2.554397311861555E+01,  2.751814859272005E+01,  2.547440929478992E-03,  2.644856984399249E-03,  2.693313553517087E+01,
2461951.500000000, A.D. 2028-Jun-29 00:00:00.0000,  3.638694894251667E-02,  2.450720217683413E-03,  5.265637928907360E+00,  2.928640649857053E+02,  2.060525033343644E+02,  2.461948580776366E+06,  1.339939461388673E+01,  3.911582943254402E+01,  4.184146003216468E+01,  2.543261753246239E-03,  2.635803288809066E-03,  2.686688543577237E+01,
2461952.500000000, A.D. 2028-Jun-30 00:00:00.0000,  3.549695673663385E-02,  2.452815917999362E-03,  5.265660753637491E+00,  2.928640680696413E+02,  2.073072644950773E+02,  2.461948664827359E+06,  1.340076949897511E+01,  5.139426454654399E+01,  5.466158933328931E+01,  2.543087795451982E-03,  2.633359672904603E-03,  2.686412896121621E+01,
2461953.500000000, A.D. 2028-Jul-01 00:00:00.0000,  3.540410118843844E-02,  2.456748885875876E-03,  5.265660905424664E+00,  2.928532282287080E+02,  2.102780301837255E+02,  2.461948867758816E+06,  1.337053338097847E+01,  6.193553538075656E+01,  6.558908979432076E+01,  2.546920310259181E-03,  2.637091734642485E-03,  2.692487949000991E+01,
2461954.500000000, A.D. 2028-Jul-02 00:00:00.0000,  3.589774465495690E-02,  2.462326711075939E-03,  5.266077336903661E+00,  2.928338785681834E+02,  2.147664274684424E+02,  2.461949177340460E+06,  1.331489976491294E+01,  7.087067825104231E+01,  7.481196065531329E+01,  2.554009906547409E-03,  2.645693102018878E-03,  2.703737965408213E+01,
2461955.500000000, A.D. 2028-Jul-03 00:00:00.0000,  3.681390725702130E-02,  2.468671302762734E-03,  5.267173441345491E+00,  2.928100223589067E+02,  2.201117357492472E+02,  2.461949549632839E+06,  1.324470133920896E+01,  7.881083590170715E+01,  8.298279182647140E+01,  2.563026315851808E-03,  2.657381328940882E-03,  2.718068084587713E+01,
2461956.500000000, A.D. 2028-Jul-04 00:00:00.0000,  3.804385905583677E-02,  2.474457135930780E-03,  5.269004133652590E+00,  2.927861615936270E+02,  2.254656647684626E+02,  2.461949927360026E+06,  1.317300243587528E+01,  8.658140239426142E+01,  9.094131110798779E+01,  2.572318040926577E-03,  2.670178945922374E-03,  2.732862168305519E+01,
2461957.500000000, A.D. 2028-Jul-05 00:00:00.0000,  3.952973521680478E-02,  2.478224045772331E-03,  5.271437171363615E+00,  2.927662055276969E+02,  2.300585880969598E+02,  2.461950258158007E+06,  1.311253933250163E+01,  9.495893796786848E+01,  9.944796545378225E+01,  2.580219436914827E-03,  2.682214828057322E-03,  2.745463642634645E+01,
2461958.500000000, A.D. 2028-Jul-06 00:00:00.0000,  4.128328048003894E-02,  2.478620691379320E-03,  5.274213152494608E+00,  2.927527121931641E+02,  2.333824653464891E+02,  2.461950507832224E+06,  1.307350728792710E+01,  1.044856636593447E+02,  1.090029152562398E+02,  2.585352524800432E-03,  2.692084358221545E-03,  2.753660452940938E+01,
2461959.500000000, A.D. 2028-Jul-07 00:00:00.0000,  4.339809661087881E-02,  2.474600194470221E-03,  5.277022396386418E+00,  2.927465733306645E+02,  2.352810429328361E+02,  2.461950667376149E+06,  1.306204165956153E+01,  1.153721007094887E+02,  1.197590334780491E+02,  2.586865221261866E-03,  2.699130248053511E-03,  2.756077567219186E+01,
2461960.500000000, A.D. 2028-Jul-08 00:00:00.0000,  4.600769698132919E-02,  2.465648247674204E-03,  5.279578228381394E+00,  2.927471200283205E+02,  2.359486795441786E+02,  2.461950752845292E+06,  1.307953770576771E+01,  1.274882775239929E+02,  1.315265896115352E+02,  2.584557799756114E-03,  2.703467351838024E-03,  2.752390857371434E+01,
2461961.500000000, A.D. 2028-Jul-09 00:00:00.0000,  4.918522548869337E-02,  2.452034896630534E-03,  5.281672045002706E+00,  2.927525394489447E+02,  2.358227073875245E+02,  2.461950796433467E+06,  1.312277492024118E+01,  1.404604944488037E+02,  1.438838416608774E+02,  2.578877571492108E-03,  2.705720246353681E-03,  2.743322217961074E+01,
2461962.500000000, A.D. 2028-Jul-10 00:00:00.0000,  5.284324821330309E-02,  2.434948163638711E-03,  5.283202650002911E+00,  2.927604580191622E+02,  2.353878026640258E+02,  2.461950830643420E+06,  1.318469162413296E+01,  1.538568679549722E+02,  1.563745010349114E+02,  2.570797451473027E-03,  2.706646739307343E-03,  2.730439287188667E+01,
2461963.500000000, A.D. 2028-Jul-11 00:00:00.0000,  5.670594170314985E-02,  2.416361779352108E-03,  5.284178597952646E+00,  2.927685492316595E+02,  2.349885871812610E+02,  2.461950873885910E+06,  1.325560271754818E+01,  1.673667522434153E+02,  1.686956599084015E+02,  2.561620905060011E-03,  2.706880030767914E-03,  2.715832751410245E+01,
2461964.500000000, A.D. 2028-Jul-12 00:00:00.0000,  6.037240035003619E-02,  2.398646790511914E-03,  5.284696951021798E+00,  2.927750467045007E+02,  2.347465802126762E+02,  2.461977942838303E+06,  1.332465468823832E+01,  1.808788215867959E+02,  1.807801762045613E+02,  2.552763234504258E-03,  2.706879678496602E-03,  2.701758570282291E+01,
2461965.500000000, A.D. 2028-Jul-13 00:00:00.0000,  6.343152783582390E-02,  2.384080484148497E-03,  5.284905128549626E+00,  2.927790736164916E+02,  2.345841246236456E+02,  2.461977871277479E+06,  1.338134289569111E+01,  1.944556939972227E+02,  1.927711461285444E+02,  2.545548515678178E-03,  2.707016547207858E-03,  2.690312943971585E+01,
2461966.500000000, A.D. 2028-Jul-14 00:00:00.0000,  6.557846155270219E-02,  2.374404796316487E-03,  5.284954768094162E+00,  2.927807348125511E+02,  2.342955732597079E+02,  2.461977809203836E+06,  1.341695264329968E+01,  2.082649477061487E+02,  2.049483893377920E+02,  2.541042450992697E-03,  2.707680105668906E-03,  2.683172621763566E+01,
2461967.500000000, A.D. 2028-Jul-15 00:00:00.0000,  6.670155481376409E-02,  2.370507770955500E-03,  5.284957772877241E+00,  2.927809591082854E+02,  2.336220232223210E+02,  2.461977740720639E+06,  1.342581028606923E+01,  2.225100275060239E+02,  2.176506866022856E+02,  2.539924697380670E-03,  2.709341623805840E-03,  2.681402405734424E+01,
2461968.500000000, A.D. 2028-Jul-16 00:00:00.0000,  6.692202151867969E-02,  2.372254234967288E-03,  5.284954647584431E+00,  2.927811268380426E+02,  2.323251889263194E+02,  2.461977647618733E+06,  1.340623510640944E+01,  2.373648725971732E+02,  2.311979609715422E+02,  2.542396551709829E-03,  2.712538868452372E-03,  2.685317668551749E+01,
2461969.500000000, A.D. 2028-Jul-17 00:00:00.0000,  6.656693294022309E-02,  2.378502363829126E-03,  5.284903334561745E+00,  2.927825664754463E+02,  2.302728545574689E+02,  2.461977515911798E+06,  1.336106753704166E+01,  2.528988611033037E+02,  2.458005419578504E+02,  2.548123103589180E-03,  2.717743843349235E-03,  2.694395481513367E+01,
2461970.500000000, A.D. 2028-Jul-18 00:00:00.0000,  6.605616050536441E-02,  2.387367090081044E-03,  5.284692825566441E+00,  2.927860437639208E+02,  2.275287503113746E+02,  2.461977343487829E+06,  1.329762575220099E+01,  2.689978600077342E+02,  2.614622314166538E+02,  2.556221251347262E-03,  2.725075412613480E-03,  2.707250201716750E+01,
2461971.500000000, A.D. 2028-Jul-19 00:00:00.0000,  6.571415422800031E-02,  2.396742860492710E-03,  5.284180157279489E+00,  2.927913847588434E+02,  2.243904293242731E+02,  2.461977144839347E+06,  1.322693618489265E+01,  2.853360701876889E+02,  2.779335023252231E+02,  2.565320743473625E-03,  2.733898626454539E-03,  2.721718733406906E+01,
2461972.500000000, A.D. 2028-Jul-20 00:00:00.0000,  6.558906269277212E-02,  2.404924853556453E-03,  5.283242909244556E+00,  2.927973604318574E+02,  2.212988211868182E+02,  2.461976946615539E+06,  1.316213593050744E+01,  3.014730418383614E+02,  2.947919239448228E+02,  2.573733629966844E-03,  2.742542406377236E-03,  2.735118387324852E+01,
2461973.500000000, A.D. 2028-Jul-21 00:00:00.0000,  6.540997782316342E-02,  2.411010404479449E-03,  5.281833400608254E+00,  2.928019100493204E+02,  2.186330554371845E+02,  2.461976773804892E+06,  1.311610398146654E+01,  3.170604346187244E+02,  3.116383162378818E+02,  2.579751920380822E-03,  2.748493436282196E-03,  2.744717490107512E+01,
2461974.500000000, A.D. 2028-Jul-22 00:00:00.0000,  6.474125955730965E-02,  2.414877057646917E-03,  5.280017234480320E+00,  2.928026949133491E+02,  2.165313122071356E+02,  2.461976636357341E+06,  1.309866070297422E+01,  3.320165800512760E+02,  3.282712397110179E+02,  2.582041688809957E-03,  2.749206319972996E-03,  2.748372586811545E+01,
2461975.500000000, A.D. 2028-Jul-23 00:00:00.0000,  6.324442027268755E-02,  2.416854597650379E-03,  5.277979789442154E+00,  2.927978649888555E+02,  2.148591881568867E+02,  2.461976525816053E+06,  1.311400713683011E+01,  3.465474409659052E+02,  3.447218350021457E+02,  2.580026903446810E-03,  2.743199209243242E-03,  2.745156352622045E+01,
2461976.500000000, A.D. 2028-Jul-24 00:00:00.0000,  6.088780247265883E-02,  2.417376334023876E-03,  5.275991454030718E+00,  2.927868175343517E+02,  2.133184870554449E+02,  2.461976422271809E+06,  1.315926371995377E+01,  1.022845771941043E+00,  1.157617993770820E+00,  2.574108120828125E-03,  2.730839907632375E-03,  2.735715368741502E+01,
2461977.500000000, A.D. 2028-Jul-25 00:00:00.0000,  5.799115578786206E-02,  2.416816481178184E-03,  5.274335542067726E+00,  2.927706766087351E+02,  2.116302032503024E+02,  2.461976306966775E+06,  1.322478825491896E+01,  1.577761178152140E+01,  1.771917183571998E+01,  2.565598503695070E-03,  2.714380526211957E-03,  2.722160786703696E+01,
2461978.500000000, A.D. 2028-Jul-26 00:00:00.0000,  5.508225349300312E-02,  2.415571733944950E-03,  5.273217934344738E+00,  2.927522713989583E+02,  2.097337547636874E+02,  2.461976176084662E+06,  1.329636313076195E+01,  3.089962221704262E+01,  3.434192825944353E+01,  2.556383074478603E-03,  2.697194415012256E-03,  2.707507281950792E+01,
2461979.500000000, A.D. 2028-Jul-27 00:00:00.0000,  5.263535219438960E-02,  2.414297437878414E-03,  5.272687616295459E+00,  2.927355467900092E+02,  2.079138627851507E+02,  2.461976049272868E+06,  1.335861301539815E+01,  4.609692837585994E+01,  5.064528075789068E+01,  2.548435223407032E-03,  2.682573008935650E-03,  2.694890551773876E+01,
2461980.500000000, A.D. 2028-Jul-28 00:00:00.0000,  5.084508374360616E-02,  2.414048697745338E-03,  5.272596429288987E+00,  2.927245462370476E+02,  2.067280927849546E+02,  2.461975964262570E+06,  1.339856785097504E+01,  6.077238570744679E+01,  6.601231187246327E+01,  2.543366374023221E-03,  2.672684050301103E-03,  2.686854326552536E+01,
2461981.500000000, A.D. 2028-Jul-29 00:00:00.0000,  4.959067175796195E-02,  2.416063405792188E-03,  5.272613862527805E+00,  2.927222702529625E+02,  2.067305707877790E+02,  2.461975957976509E+06,  1.340834919410352E+01,  7.430938621035646E+01,  7.986477966858639E+01,  2.542129305760450E-03,  2.668195205728713E-03,  2.684894275861448E+01,
2461982.500000000, A.D. 2028-Jul-30 00:00:00.0000,  4.859744003484338E-02,  2.421230386854731E-03,  5.272294098180818E+00,  2.927297577735778E+02,  2.082042294559636E+02,  2.461976049167575E+06,  1.338640830504355E+01,  8.635347674253023E+01,  9.192381870548751E+01,  2.544906319091053E-03,  2.668582251327374E-03,  2.689294931070974E+01,
2461983.500000000, A.D. 2028-Jul-31 00:00:00.0000,  4.764325204261518E-02,  2.429607206903873E-03,  5.271176043855808E+00,  2.927456507718762E+02,  2.110855118334144E+02,  2.461976234475366E+06,  1.333727671909966E+01,  9.690231255727349E+01,  1.022758526962637E+02,  2.551152403881104E-03,  2.672697600858334E-03,  2.699201700482540E+01,
2461984.500000000, A.D. 2028-Aug-01 00:00:00.0000,  4.667069861061971E-02,  2.440280902948899E-03,  5.268888970057898E+00,  2.927663373667360E+02,  2.150417089111095E+02,  2.461976494031475E+06,  1.327016882966158E+01,  1.062405539714535E+02,  1.112862155813510E+02,  2.559746038847688E-03,  2.679211174746476E-03,  2.712851694812844E+01,
2461985.500000000, A.D. 2028-Aug-02 00:00:00.0000,  4.578497611889068E-02,  2.451576102604473E-03,  5.265238038620721E+00,  2.927866028951631E+02,  2.195829015254642E+02,  2.461976798308682E+06,  1.319693488593562E+01,  1.148356537241091E+02,  1.194800593437836E+02,  2.569207192560329E-03,  2.686838282516186E-03,  2.727906162389747E+01,
2461986.500000000, A.D. 2028-Aug-03 00:00:00.0000,  4.519062868406432E-02,  2.461451664200515E-03,  5.260252527896415E+00,  2.928006096563779E+02,  2.241661997203562E+02,  2.461977114053905E+06,  1.312985134601463E+01,  1.232360769643094E+02,  1.274334785382123E+02,  2.577950885429725E-03,  2.694450106658934E-03,  2.741843685147833E+01,
2461987.500000000, A.D. 2028-Aug-04 00:00:00.0000,  4.512142076220615E-02,  2.467926904093397E-03,  5.254190230813252E+00,  2.928029902838134E+02,  2.283075397199885E+02,  2.461977411258317E+06,  1.307963290920726E+01,  1.319570377321388E+02,  1.356596052652052E+02,  2.584545258166073E-03,  2.701163612238749E-03,  2.752370823393537E+01,
2461988.500000000, A.D. 2028-Aug-05 00:00:00.0000,  4.578603405819773E-02,  2.469446895403011E-03,  5.247500535282299E+00,  2.927898586012261E+02,  2.317000964314875E+02,  2.461977671391640E+06,  1.305391810270914E+01,  1.413557667020575E+02,  1.444902621082003E+02,  2.587938327821145E-03,  2.706429760239279E-03,  2.757792696165970E+01,
2461989.500000000, A.D. 2028-Aug-06 00:00:00.0000,  4.732217421797317E-02,  2.465164855968046E-03,  5.240754516291741E+00,  2.927595850094116E+02,  2.342899949419175E+02,  2.461977892850607E+06,  1.305635353858672E+01,  1.515470460541265E+02,  1.540019276528240E+02,  2.587616494531570E-03,  2.710068133095095E-03,  2.757278277859564E+01,
2461990.500000000, A.D. 2028-Aug-07 00:00:00.0000,  4.974812926276544E-02,  2.455134932581786E-03,  5.234553352500764E+00,  2.927132281100431E+02,  2.362479569794980E+02,  2.461978088403980E+06,  1.308629839921407E+01,  1.624218491244519E+02,  1.640467374532107E+02,  2.583667560345887E-03,  2.712200188109989E-03,  2.750968906697258E+01,
2461991.500000000, A.D. 2028-Aug-08 00:00:00.0000,  5.292459020315069E-02,  2.440368356479826E-03,  5.229427789282148E+00,  2.926545530382797E+02,  2.378378525036924E+02,  2.461978274626981E+06,  1.313909736794698E+01,  1.737694638188628E+02,  1.743869437851012E+02,  2.576741335733015E-03,  2.713114314986205E-03,  2.739914241584246E+01,
2461992.500000000, A.D. 2028-Aug-09 00:00:00.0000,  5.655590442822059E-02,  2.422692831514720E-03,  5.225742295319074E+00,  2.925896052809727E+02,  2.392654641941274E+02,  2.462005718850204E+06,  1.320682710767403E+01,  1.854209307893133E+02,  1.848490353831260E+02,  2.567924101582758E-03,  2.713155371650796E-03,  2.725862897007386E+01,
2461993.500000000, A.D. 2028-Aug-10 00:00:00.0000,  6.024337488596949E-02,  2.404422996495544E-03,  5.223618304476998E+00,  2.925258567597304E+02,  2.405941607432897E+02,  2.462005749948597E+06,  1.327940303904576E+01,  1.973279953781873E+02,  1.954104639851153E+02,  2.558559239956186E-03,  2.712695483416828E-03,  2.710965236475487E+01,
2461994.500000000, A.D. 2028-Aug-11 00:00:00.0000,  6.357497684098699E-02,  2.387930158539085E-03,  5.222890910071681E+00,  2.924710046864187E+02,  2.417427575886247E+02,  2.462005772130856E+06,  1.334593030130043E+01,  2.095629272452309E+02,  2.062034221906791E+02,  2.550049496203599E-03,  2.712168833868113E-03,  2.697451521719109E+01,
2461995.500000000, A.D. 2028-Aug-12 00:00:00.0000,  6.622483974999080E-02,  2.375214038334505E-03,  5.223111427673802E+00,  2.924315787398090E+02,  2.425289422729259E+02,  2.462005780824769E+06,  1.339618436320587E+01,  2.222761759834079E+02,  2.174719969248242E+02,  2.543668047133065E-03,  2.712122055931624E-03,  2.687332379425745E+01,
2461996.500000000, A.D. 2028-Aug-13 00:00:00.0000,  6.803939896948075E-02,  2.367545728640337E-03,  5.223603257521401E+00,  2.924115823935472E+02,  2.427266834304741E+02,  2.462005765056601E+06,  1.342210193318777E+01,  2.356434658838579E+02,  2.295138544758661E+02,  2.540392508033508E-03,  2.713239287426680E-03,  2.682143242481689E+01,
2461997.500000000, A.D. 2028-Aug-14 00:00:00.0000,  6.908860622632707E-02,  2.365227990326309E-03,  5.223570089065714E+00,  2.924114370524263E+02,  2.421327677795658E+02,  2.462005711639514E+06,  1.341914271168600E+01,  2.498068374623844E+02,  2.426107076500717E+02,  2.540765969936504E-03,  2.716303949546700E-03,  2.682734715135682E+01,
2461998.500000000, A.D. 2028-Aug-15 00:00:00.0000,  6.965439935469317E-02,  2.367532179430177E-03,  5.222244510355836E+00,  2.924274929584942E+02,  2.406496486298916E+02,  2.462005611069099E+06,  1.338734310642121E+01,  2.648016781174682E+02,  2.569396526126068E+02,  2.544787848502759E-03,  2.722043517575340E-03,  2.689107144996731E+01,
2461999.500000000, A.D. 2028-Aug-16 00:00:00.0000,  7.012736181014435E-02,  2.372892774843246E-03,  5.219053455503250E+00,  2.924523090328231E+02,  2.383719589916970E+02,  2.462005464587057E+06,  1.333183099734425E+01,  2.804811333861809E+02,  2.724774069748265E+02,  2.551847078178855E-03,  2.730801381514464E-03,  2.700304257320043E+01,
2462000.500000000, A.D. 2028-Aug-17 00:00:00.0000,  7.081542361926869E-02,  2.379389366742032E-03,  5.213767243034758E+00,  2.924757865789496E+02,  2.356172885726113E+02,  2.462005288259555E+06,  1.326253311865784E+01,  2.964955490760395E+02,  2.889568434215907E+02,  2.560728435689275E-03,  2.742067504636519E-03,  2.714413579812660E+01,
2462001.500000000, A.D. 2028-Aug-18 00:00:00.0000,  7.174882637225659E-02,  2.385363058426062E-03,  5.206594057223764E+00,  2.924870759162759E+02,  2.328283895715801E+02,  2.462005108195591E+06,  1.319283996822385E+01,  3.123976529905387E+02,  3.059500042749859E+02,  2.569738801518245E-03,  2.754114544610428E-03,  2.728752875552894E+01,
2462002.500000000, A.D. 2028-Aug-19 00:00:00.0000,  7.262464989370304E-02,  2.389839618580646E-03,  5.198184704115180E+00,  2.924769697634366E+02,  2.303687633968594E+02,  2.462004947299972E+06,  1.313717408295850E+01,  3.278493942317587E+02,  3.230590519837636E+02,  2.576992819904821E-03,  2.764146021228996E-03,  2.740315365592900E+01,
2462003.500000000, A.D. 2028-Aug-20 00:00:00.0000,  7.296345403515817E-02,  2.392536684703247E-03,  5.189526693905879E+00,  2.924402786445597E+02,  2.283547924840554E+02,  2.462004813279598E+06,  1.310777996436766E+01,  3.427858200038462E+02,  3.400773217456002E+02,  2.580843975480106E-03,  2.769151266256964E-03,  2.746460506497882E+01,
2462004.500000000, A.D. 2028-Aug-21 00:00:00.0000,  7.238870391398065E-02,  2.393563545196409E-03,  5.181733996915245E+00,  2.923775242026574E+02,  2.266395469226061E+02,  2.462004696705327E+06,  1.311152984806859E+01,  3.574208922295875E+02,  3.570106968152970E+02,  2.580351872919029E-03,  2.767140200641650E-03,  2.745675021691158E+01,
2462005.500000000, A.D. 2028-Aug-22 00:00:00.0000,  7.085292936482271E-02,  2.393110089769562E-03,  5.175775005490032E+00,  2.922953103486428E+02,  2.249346183954110E+02,  2.462004578866500E+06,  1.314784101437852E+01,  1.211091680378771E+01,  1.397482834063766E+01,  2.575598810351520E-03,  2.758087530933478E-03,  2.738092129394499E+01,
2462006.500000000, A.D. 2028-Aug-23 00:00:00.0000,  6.867870764702833E-02,  2.391348432710576E-03,  5.172212480992848E+00,  2.922050433621145E+02,  2.229960105669617E+02,  2.462004444272990E+06,  1.320859962170554E+01,  2.715327500012920E+01,  3.103788033684493E+01,  2.567694363208280E-03,  2.744040293705984E-03,  2.725497102724018E+01,
2462007.500000000, A.D. 2028-Aug-24 00:00:00.0000,  6.638996720212591E-02,  2.388596601850412E-03,  5.171036741270751E+00,  2.921202233614798E+02,  2.208015684113020E+02,  2.462004292438497E+06,  1.328023675663373E+01,  4.259717616481062E+01,  4.807207136676425E+01,  2.558452156616382E-03,  2.728307711382352E-03,  2.710795045277887E+01,
2462008.500000000, A.D. 2028-Aug-25 00:00:00.0000,  6.442650583558809E-02,  2.385606033272433E-03,  5.171647186611080E+00,  2.920530754744267E+02,  2.186290094056841E+02,  2.462004142500719E+06,  1.334721157639767E+01,  5.816046485459749E+01,  6.469579593679909E+01,  2.549886297712066E-03,  2.714166562151699E-03,  2.697192577935905E+01,
2462009.500000000, A.D. 2028-Aug-26 00:00:00.0000,  6.292041786744472E-02,  2.383679072226461E-03,  5.172987380860367E+00,  2.920115322576838E+02,  2.169525584925303E+02,  2.462004025446698E+06,  1.339568125447041E+01,  7.333537104932827E+01,  8.038405649036031E+01,  2.543731735998146E-03,  2.703784399769830E-03,  2.687433308999203E+01,
2462010.500000000, A.D. 2028-Aug-27 00:00:00.0000,  6.168237568612215E-02,  2.384383224927815E-03,  5.173789470175454E+00,  2.919973994788440E+02,  2.162090402160296E+02,  2.462003968315792E+06,  1.341629167995412E+01,  8.763098049263230E+01,  9.469783024194290E+01,  2.541125907841002E-03,  2.697868590754189E-03,  2.683304810209904E+01,
2462011.500000000, A.D. 2028-Aug-28 00:00:00.0000,  6.037897529282318E-02,  2.388969015314786E-03,  5.172856077562540E+00,  2.920060707472673E+02,  2.166154759787524E+02,  2.462003983150723E+06,  1.340556370694271E+01,  1.007676018516383E+02,  1.074549540302270E+02,  2.542481439322076E-03,  2.695993863329365E-03,  2.685452159043165E+01,
2462012.500000000, A.D. 2028-Aug-29 00:00:00.0000,  5.874647978166746E-02,  2.397852666321923E-03,  5.169308432744964E+00,  2.920276615363099E+02,  2.181442292590284E+02,  2.462004067046050E+06,  1.336589193892142E+01,  1.127139512207427E+02,  1.187412111982756E+02,  2.547509905477665E-03,  2.697167144633407E-03,  2.693422942854128E+01,
2462013.500000000, A.D. 2028-Aug-30 00:00:00.0000,  5.671542042512161E-02,  2.410413920046651E-03,  5.162750862057720E+00,  2.920491081045469E+02,  2.205999576364028E+02,  2.462004208369801E+06,  1.330449607733525E+01,  1.236204575361432E+02,  1.288206021557068E+02,  2.555341168762647E-03,  2.700268417478642E-03,  2.705852201446957E+01,
2462014.500000000, A.D. 2028-Aug-31 00:00:00.0000,  5.442544765852930E-02,  2.425112502297648E-03,  5.153330675733981E+00,  2.920566761672248E+02,  2.237064184040955E+02,  2.462004392563274E+06,  1.323175940598494E+01,  1.337391709767452E+02,  1.380383785990522E+02,  2.564697301013954E-03,  2.704282099730261E-03,  2.720726616576523E+01,
2462015.500000000, A.D. 2028-Sep-01 00:00:00.0000,  5.216896438084437E-02,  2.439809529584923E-03,  5.141697793792114E+00,  2.920383898189325E+02,  2.271684993096995E+02,  2.462004605508117E+06,  1.315934491775423E+01,  1.433643763840597E+02,  1.467519890580758E+02,  2.574097532047108E-03,  2.708385534509293E-03,  2.735698488412579E+01,
2462016.500000000, A.D. 2028-Sep-02 00:00:00.0000,  5.030580130123423E-02,  2.452184436537376E-03,  5.128884598129270E+00,  2.919860277837286E+02,  2.307196342439212E+02,  2.462004835664174E+06,  1.309838488455380E+01,  1.527839600794249E+02,  1.552797124971285E+02,  2.582077936136984E-03,  2.711971435736592E-03,  2.748430460495385E+01,
2462017.500000000, A.D. 2028-Sep-03 00:00:00.0000,  4.917576029920073E-02,  2.460168625239825E-03,  5.116133336039544E+00,  2.918964671984538E+02,  2.341683098202261E+02,  2.462005076259258E+06,  1.305794459196133E+01,  1.622285182372821E+02,  1.638529574385998E+02,  2.587406297102794E-03,  2.714643968965764E-03,  2.756942315574087E+01,
2462018.500000000, A.D. 2028-Sep-04 00:00:00.0000,  4.902263033650851E-02,  2.462332796468140E-03,  5.104698946297497E+00,  2.917722534666756E+02,  2.374337942476647E+02,  2.462005326849911E+06,  1.304388365584421E+01,  1.718290371421226E+02,  1.725816724396775E+02,  2.589265396861599E-03,  2.716197997255058E-03,  2.759914221089397E+01,
2462019.500000000, A.D. 2028-Sep-05 00:00:00.0000,  4.993829369127806E-02,  2.458166047567972E-03,  5.095653077471251E+00,  2.916213439444405E+02,  2.405398762065169E+02,  2.462033160753430E+06,  1.305818040044310E+01,  1.816154173015763E+02,  1.814635917007538E+02,  2.587375147577196E-03,  2.716584247586419E-03,  2.756892529894779E+01,
2462020.500000000, A.D. 2028-Sep-06 00:00:00.0000,  5.183679554573269E-02,  2.448186742679396E-03,  5.089712810000421E+00,  2.914560372856606E+02,  2.435525906800843E+02,  2.462033358417598E+06,  1.309874239504555E+01,  1.915709002739096E+02,  1.904507846727867E+02,  2.582030953298272E-03,  2.715875163917148E-03,  2.748355446215707E+01,
2462021.500000000, A.D. 2028-Sep-07 00:00:00.0000,  5.446704603480482E-02,  2.433850871876716E-03,  5.087115833995239E+00,  2.912911813299814E+02,  2.464969708158218E+02,  2.462033528524010E+06,  1.315969504794957E+01,  2.017082921603954E+02,  1.995378478992746E+02,  2.574051873781975E-03,  2.714252875687234E-03,  2.735625701722411E+01,
2462022.500000000, A.D. 2028-Sep-08 00:00:00.0000,  5.746375758292472E-02,  2.417276709804868E-03,  5.087561634523116E+00,  2.911418562881097E+02,  2.493059646024929E+02,  2.462033676169134E+06,  1.323211614165089E+01,  2.121156320055224E+02,  2.088179143590434E+02,  2.564651204929705E-03,  2.712025700054540E-03,  2.720653266236257E+01,
2462023.500000000, A.D. 2028-Sep-09 00:00:00.0000,  6.042605810645206E-02,  2.400851719971233E-03,  5.090233850350368E+00,  2.910208412924770E+02,  2.518191210256390E+02,  2.462033800187620E+06,  1.330516319009194E+01,  2.229543228294835E+02,  2.184881350415010E+02,  2.555255752551772E-03,  2.709659785132311E-03,  2.705716531670080E+01,
2462024.500000000, A.D. 2028-Sep-10 00:00:00.0000,  6.300926524213536E-02,  2.386799669904293E-03,  5.093910813631084E+00,  2.909362606464586E+02,  2.538126703809156E+02,  2.462033893775077E+06,  1.336751741837106E+01,  2.344285480350936E+02,  2.288222172107549E+02,  2.547303384511144E-03,  2.707807099117996E-03,  2.693095424773861E+01,
2462025.500000000, A.D. 2028-Sep-11 00:00:00.0000,  6.501410555807736E-02,  2.376773814445505E-03,  5.097158756643323E+00,  2.908898396249046E+02,  2.550427571700160E+02,  2.462033946209792E+06,  1.340903656276363E+01,  2.467444640894343E+02,  2.401274213514013E+02,  2.542042429275537E-03,  2.707311044105568E-03,  2.684756643886750E+01,
2462026.500000000, A.D. 2028-Sep-12 00:00:00.0000,  6.645183261626599E-02,  2.371536436607873E-03,  5.098586195882919E+00,  2.908761593245877E+02,  2.553023998578246E+02,  2.462033945833500E+06,  1.342246132665488E+01,  2.600585877934435E+02,  2.526845744356309E+02,  2.540347160933428E-03,  2.709157885258982E-03,  2.682071426684591E+01,
2462027.500000000, A.D. 2028-Sep-13 00:00:00.0000,  6.755185616671852E-02,  2.370804180406388E-03,  5.097121047912362E+00,  2.908831842483137E+02,  2.545008915150630E+02,  2.462033885230294E+06,  1.340495234042289E+01,  2.744062922292754E+02,  2.666615840531791E+02,  2.542558742902361E-03,  2.714313305398334E-03,  2.685574635833751E+01,
2462028.500000000, A.D. 2028-Sep-14 00:00:00.0000,  6.867301919249284E-02,  2.373362702230950E-03,  5.092257827641038E+00,  2.908941540875877E+02,  2.527516543849471E+02,  2.462033768035099E+06,  1.335915150471671E+01,  2.896235209782430E+02,  2.820139770409340E+02,  2.548366740296867E-03,  2.723370778362785E-03,  2.694781924382660E+01,
2462029.500000000, A.D. 2028-Sep-15 00:00:00.0000,  7.011212654801834E-02,  2.377503573866453E-03,  5.084215371362916E+00,  2.908906901433847E+02,  2.504026734351065E+02,  2.462033612861738E+06,  1.329339397901278E+01,  3.053261085410552E+02,  2.984387757411652E+02,  2.556763715006361E-03,  2.736023856146269E-03,  2.708112018408222E+01,
2462030.500000000, A.D. 2028-Sep-16 00:00:00.0000,  7.189280213371228E-02,  2.381639644664785E-03,  5.073950913556533E+00,  2.908566712299631E+02,  2.479285803277589E+02,  2.462033447979651E+06,  1.322071375892006E+01,  3.210256048627162E+02,  3.154648215786544E+02,  2.566125605038037E-03,  2.750611565411289E-03,  2.722999730306593E+01,
2462031.500000000, A.D. 2028-Sep-17 00:00:00.0000,  7.369176553382405E-02,  2.384753244366092E-03,  5.062998857018913E+00,  2.907821094646783E+02,  2.457102077819720E+02,  2.462033297319275E+06,  1.315648522371309E+01,  3.363535955179129E+02,  3.326583395600819E+02,  2.574470522482623E-03,  2.764187800599154E-03,  2.736293119921879E+01,
2462032.500000000, A.D. 2028-Sep-18 00:00:00.0000,  7.499107615488507E-02,  2.386429270871642E-03,  5.053144420101938E+00,  2.906659997251044E+02,  2.438607975594002E+02,  2.462033168416701E+06,  1.311498507057989E+01,  3.512337249454244E+02,  3.497911144429377E+02,  2.579898646762926E-03,  2.773368022654209E-03,  2.744951656922338E+01,
2462033.500000000, A.D. 2028-Sep-19 00:00:00.0000,  7.536794357116225E-02,  2.386578964514806E-03,  5.045997451238226E+00,  2.905171187909351E+02,  2.422197881044285E+02,  2.462033051318364E+06,  1.310573777467398E+01,  5.880303868371215E+00,  6.856139973383373E+00,  2.581112073631080E-03,  2.775645182747353E-03,  2.746888471213558E+01,
2462034.500000000, A.D. 2028-Sep-20 00:00:00.0000,  7.473443461229716E-02,  2.385164007232216E-03,  5.042580184378135E+00,  2.903522032963226E+02,  2.404892928583650E+02,  2.462032927368930E+06,  1.313088496549842E+01,  2.065003767144940E+01,  2.395638761845476E+01,  2.577815598522560E-03,  2.770467189812903E-03,  2.741627856354731E+01,
2462035.500000000, A.D. 2028-Sep-21 00:00:00.0000,  7.338477654099383E-02,  2.382149562613756E-03,  5.043055626318178E+00,  2.901918118706962E+02,  2.384258429209129E+02,  2.462032781878234E+06,  1.318461268998452E+01,  3.583738273191116E+01,  4.114737423837666E+01,  2.570807712095767E-03,  2.759465861577779E-03,  2.730455633888041E+01,
2462036.500000000, A.D. 2028-Sep-22 00:00:00.0000,  7.182417038325839E-02,  2.377724230416958E-03,  5.046683158557432E+00,  2.900550903096261E+02,  2.360087180088016E+02,  2.462032614963103E+06,  1.325485327501551E+01,  5.149559403568683E+01,  5.830062374227366E+01,  2.561717461872238E-03,  2.745710693327518E-03,  2.715986307283953E+01,
2462037.500000000, A.D. 2028-Sep-23 00:00:00.0000,  7.047729440222512E-02,  2.372628358391992E-03,  5.052009121278856E+00,  2.899550752631478E+02,  2.335006996478610E+02,  2.462032444664036E+06,  1.332653353421942E+01,  6.737010425453744E+01,  7.506232373394725E+01,  2.552523294055693E-03,  2.732418229719394E-03,  2.701377661907384E+01,
2462038.500000000, A.D. 2028-Sep-24 00:00:00.0000,  6.945891074749584E-02,  2.368286836364059E-03,  5.057222810697443E+00,  2.898958543928514E+02,  2.313401372732108E+02,  2.462032298639569E+06,  1.338516250351024E+01,  8.300621711358016E+01,  9.096507066720169E+01,  2.545064225231026E-03,  2.721841614097993E-03,  2.689545232682759E+01,
2462039.500000000, A.D. 2028-Sep-25 00:00:00.0000,  6.855292037229802E-02,  2.366521551881507E-03,  5.060568073339303E+00,  2.898721039516554E+02,  2.299263551904750E+02,  2.462032199666895E+06,  1.341971676661917E+01,  9.796840257648755E+01,  1.056338729877317E+02,  2.540693511892703E-03,  2.714865471903898E-03,  2.682619955850937E+01,
2462040.500000000, A.D. 2028-Sep-26 00:00:00.0000,  6.738299187126609E-02,  2.368954180283888E-03,  5.060705556623367E+00,  2.898707316684989E+02,  2.294612770473779E+02,  2.462032156429489E+06,  1.342430385019063E+01,  1.120066257407357E+02,  1.189294599842666E+02,  2.540114709077758E-03,  2.711275237871629E-03,  2.681703304822678E+01,
2462041.500000000, A.D. 2028-Sep-27 00:00:00.0000,  6.562850836651470E-02,  2.376447316775736E-03,  5.056954941484535E+00,  2.898738911534555E+02,  2.299326331663899E+02,  2.462032164510048E+06,  1.339858236243706E+01,  1.250823310158640E+02,  1.309487635866630E+02,  2.543364537611467E-03,  2.710281758447198E-03,  2.686851416529410E+01,
2462042.500000000, A.D. 2028-Sep-28 00:00:00.0000,  6.316351938203467E-02,  2.388827746297219E-03,  5.049388567837992E+00,  2.898625410494761E+02,  2.311876074275437E+02,  2.462032212942522E+06,  1.334720117410381E+01,  1.373034256542012E+02,  1.419368812280889E+02,  2.549887622567257E-03,  2.710947498837294E-03,  2.697194680023783E+01,
2462043.500000000, A.D. 2028-Sep-29 00:00:00.0000,  6.009147654350391E-02,  2.404908700636915E-03,  5.038782959893934E+00,  2.898198585017847E+02,  2.330179190539779E+02,  2.462032290536902E+06,  1.327859910283301E+01,  1.488459666298935E+02,  1.521908400389291E+02,  2.558662508765117E-03,  2.712416316893318E-03,  2.711129368482804E+01,
2462044.500000000, A.D. 2028-Sep-30 00:00:00.0000,  5.670463435070209E-02,  2.422721336101729E-03,  5.026457166335965E+00,  2.897340244881238E+02,  2.352246296765857E+02,  2.462032390038278E+06,  1.320347120906165E+01,  1.598935309314882E+02,  1.619870978697229E+02,  2.568359205744744E-03,  2.713997075387759E-03,  2.726555723868501E+01,
2462045.500000000, A.D. 2028-Oct-01 00:00:00.0000,  5.340355866594784E-02,  2.439872082448764E-03,  5.014037125106248E+00,  2.896000831799612E+02,  2.376663953974613E+02,  2.462032510694140E+06,  1.313313722545146E+01,  1.705903363299654E+02,  1.715288448826060E+02,  2.577520869411063E-03,  2.715169656373361E-03,  2.741157682433526E+01,
2462046.500000000, A.D. 2028-Oct-02 00:00:00.0000,  5.060214228273203E-02,  2.453967976417978E-03,  5.003186934937256E+00,  2.894207131058603E+02,  2.402959123292923E+02,  2.462060186853088E+06,  1.307798401601361E+01,  1.810035540838941E+02,  1.809080492859373E+02,  2.584762496008047E-03,  2.715557015598116E-03,  2.752717846720033E+01,
2462047.500000000, A.D. 2028-Oct-03 00:00:00.0000,  4.863709928420011E-02,  2.463050757781199E-03,  4.995344934118882E+00,  2.892058523207680E+02,  2.431697185993654E+02,  2.462060445612640E+06,  1.304611019671726E+01,  1.911101109363089E+02,  1.900967834887051E+02,  2.588970786992023E-03,  2.714890816202847E-03,  2.759443194727769E+01,
2462048.500000000, A.D. 2028-Oct-04 00:00:00.0000,  4.770026106271522E-02,  2.465959524107070E-03,  4.991497783556164E+00,  2.889712241389789E+02,  2.464039928499078E+02,  2.462060703703706E+06,  1.304227489594032E+01,  2.008359415143373E+02,  1.989948449436588E+02,  2.589478315786317E-03,  2.712997107465564E-03,  2.760254655513032E+01,
2462049.500000000, A.D. 2028-Oct-05 00:00:00.0000,  4.780879428636877E-02,  2.462537449756953E-03,  4.992020569155626E+00,  2.887359340577160E+02,  2.500764968700465E+02,  2.462060967751367E+06,  1.306723648765110E+01,  2.101481808969031E+02,  2.075330287716629E+02,  2.586179577148452E-03,  2.709821704539950E-03,  2.754981899502698E+01,
2462050.500000000, A.D. 2028-Oct-06 00:00:00.0000,  4.881594228008389E-02,  2.453638218174842E-03,  4.996605004199958E+00,  2.885194469784010E+02,  2.541304712320572E+02,  2.462061237894263E+06,  1.311755277646233E+01,  2.191451053000099E+02,  2.157755213293314E+02,  2.579561966226031E-03,  2.705485714277220E-03,  2.744414344160073E+01,
2462051.500000000, A.D. 2028-Oct-07 00:00:00.0000,  5.045175116651148E-02,  2.440947765476049E-03,  5.004290073836965E+00,  2.883383775395153E+02,  2.583462772856000E+02,  2.462061504734672E+06,  1.318589443510930E+01,  2.280786247665712E+02,  2.239546717435445E+02,  2.570641111154417E-03,  2.700334456832784E-03,  2.730190217824354E+01,
2462052.500000000, A.D. 2028-Oct-08 00:00:00.0000,  5.238317790015330E-02,  2.426667439421443E-03,  5.013598926660086E+00,  2.882035979350660E+02,  2.623864915420889E+02,  2.462061751753186E+06,  1.326189288579679E+01,  2.373042402382825E+02,  2.324313371889507E+02,  2.560810849731575E-03,  2.694954260041707E-03,  2.714544621194705E+01,
2462053.500000000, A.D. 2028-Oct-09 00:00:00.0000,  5.429037704925997E-02,  2.413105180640718E-03,  5.022772095610291E+00,  2.881181619537379E+02,  2.658682443157498E+02,  2.462061959494559E+06,  1.333349805288349E+01,  2.472053457765992E+02,  2.416258848234589E+02,  2.551634372833713E-03,  2.690163565026708E-03,  2.699966644703164E+01,
2462054.500000000, A.D. 2028-Oct-10 00:00:00.0000,  5.595449301179544E-02,  2.402226372430286E-03,  5.030070699048664E+00,  2.880764591936066E+02,  2.684273507805941E+02,  2.462062108770180E+06,  1.338875721468182E+01,  2.581280233646086E+02,  2.519542656104294E+02,  2.544608659908913E-03,  2.686990947387540E-03,  2.688823123965768E+01,
2462055.500000000, A.D. 2028-Oct-11 00:00:00.0000,  5.733770097761143E-02,  2.395239168690957E-03,  5.034105738348077E+00,  2.880648638240161E+02,  2.697789853807793E+02,  2.462062183476992E+06,  1.341784119303074E+01,  2.703221670956266E+02,  2.637635575977951E+02,  2.540930268639151E-03,  2.686621368587344E-03,  2.682994938015698E+01,
2462056.500000000, A.D. 2028-Oct-12 00:00:00.0000,  5.861534120127704E-02,  2.392325809745881E-03,  5.034134166393143E+00,  2.880639405893606E+02,  2.697984370090412E+02,  2.462062175297692E+06,  1.341503944323054E+01,  2.838656576046028E+02,  2.772429067351675E+02,  2.541284040892134E-03,  2.690242272038386E-03,  2.683555285270982E+01,
2462057.500000000, A.D. 2028-Oct-13 00:00:00.0000,  6.010807252583680E-02,  2.392660774281463E-03,  5.030254192915613E+00,  2.880520159552732E+02,  2.686155701086050E+02,  2.462062090495524E+06,  1.338033393565310E+01,  2.985776369497339E+02,  2.923163022742830E+02,  2.545676480817774E-03,  2.698692187354085E-03,  2.690515810227634E+01,
2462058.500000000, A.D. 2028-Oct-14 00:00:00.0000,  6.209424942610548E-02,  2.394799268447077E-03,  5.023437929818980E+00,  2.880096091357830E+02,  2.666434739016873E+02,  2.462061953483811E+06,  1.332008175409756E+01,  3.139993133069360E+02,  3.085978821653047E+02,  2.553347462665332E-03,  2.711895656883586E-03,  2.702686114439620E+01,
2462059.500000000, A.D. 2028-Oct-15 00:00:00.0000,  6.458534058137934E-02,  2.397291692279758E-03,  5.015365018235255E+00,  2.879238728852023E+02,  2.644383547316414E+02,  2.462061799241210E+06,  1.324636460038031E+01,  3.295434126253034E+02,  3.255156589021121E+02,  2.562811762827968E-03,  2.728331833376178E-03,  2.717726794185208E+01,
2462060.500000000, A.D. 2028-Oct-16 00:00:00.0000,  6.723779900382014E-02,  2.399143072441830E-03,  5.008067864188941E+00,  2.877919239268978E+02,  2.624307412203913E+02,  2.462061655996469E+06,  1.317479765166117E+01,  3.447699804327254E+02,  3.425685711273975E+02,  2.572084363924236E-03,  2.745025655406643E-03,  2.732489784802188E+01,
2462061.500000000, A.D. 2028-Oct-17 00:00:00.0000,  6.950108564214627E-02,  2.399850323992629E-03,  5.003459281324532E+00,  2.876219461334417E+02,  2.607333883125334E+02,  2.462061531920646E+06,  1.312107263458281E+01,  3.595811668832537E+02,  3.595174335162846E+02,  2.579100616843587E-03,  2.758350909694545E-03,  2.743678127740555E+01,
2462062.500000000, A.D. 2028-Oct-18 00:00:00.0000,  7.090861466459197E-02,  2.399142381076935E-03,  5.002865315405655E+00,  2.874314212849156E+02,  2.591562392117853E+02,  2.462061415513654E+06,  1.309710723878116E+01,  1.420363397059178E+01,  1.638348490645456E+01,  2.582245857559887E-03,  2.765349334042839E-03,  2.748698574705282E+01,
2462063.500000000, A.D. 2028-Oct-19 00:00:00.0000,  7.132100550358846E-02,  2.396743527746872E-03,  5.006700921617640E+00,  2.872427647542761E+02,  2.573709229703130E+02,  2.462061286355973E+06,  1.310804297215372E+01,  2.901654102728612E+01,  3.331072635468399E+01,  2.580809452944003E-03,  2.764875378141136E-03,  2.746405399835595E+01,
2462064.500000000, A.D. 2028-Oct-20 00:00:00.0000,  7.098385852058481E-02,  2.392373281617147E-03,  5.014386090541564E+00,  2.870776376114560E+02,  2.551152644987954E+02,  2.462061128699839E+06,  1.315113518760785E+01,  4.433642417255384E+01,  5.039383827116201E+01,  2.575168691695069E-03,  2.757964101772991E-03,  2.737406276069791E+01,
2462065.500000000, A.D. 2028-Oct-21 00:00:00.0000,  7.037221987238929E-02,  2.386009610628907E-03,  5.024517707663773E+00,  2.869517059844487E+02,  2.523615014694003E+02,  2.462060942335286E+06,  1.321682454139037E+01,  6.023785484905465E+01,  6.753733415169766E+01,  2.566628990262508E-03,  2.747248369896109E-03,  2.723801007364580E+01,
2462066.500000000, A.D. 2028-Oct-22 00:00:00.0000,  6.990660540019163E-02,  2.378264804007241E-03,  5.035228604749062E+00,  2.868713238054877E+02,  2.493736580640453E+02,  2.462060745384481E+06,  1.329141733544908E+01,  7.648699646913406E+01,  8.441274311701966E+01,  2.557017196139252E-03,  2.735769588271263E-03,  2.708514757413090E+01,
2462067.500000000, A.D. 2028-Oct-23 00:00:00.0000,  6.971096174604988E-02,  2.370576743050724E-03,  5.044619348802428E+00,  2.868327620375098E+02,  2.465971549099698E+02,  2.462060565536044E+06,  1.336034257209566E+01,  9.264681400934748E+01,  1.005692877281337E+02,  2.548215281027104E-03,  2.725853819003484E-03,  2.694541686018546E+01,
2462068.500000000, A.D. 2028-Oct-24 00:00:00.0000,  6.956503985567433E-02,  2.364969374231018E-03,  5.051151146834078E+00,  2.868237309313353E+02,  2.444404705857303E+02,  2.462060424951848E+06,  1.341104180395325E+01,  1.082948083432854E+02,  1.156420197000291E+02,  2.541789029363398E-03,  2.718608684495779E-03,  2.684355214625316E+01,
2462069.500000000, A.D. 2028-Oct-25 00:00:00.0000,  6.905540605448185E-02,  2.363456290163977E-03,  5.053922937837190E+00,  2.868264275250565E+02,  2.431106726013213E+02,  2.462060330558838E+06,  1.343495316473578E+01,  1.231910125526127E+02,  1.295011439104693E+02,  2.538772237934383E-03,  2.714088185704787E-03,  2.679577632953214E+01,
2462070.500000000, A.D. 2028-Oct-26 00:00:00.0000,  6.779275127305175E-02,  2.367424316247471E-03,  5.052798328683526E+00,  2.868212343449267E+02,  2.425917069575676E+02,  2.462060274992051E+06,  1.342846356174447E+01,  1.373061466581565E+02,  1.422581696877192E+02,  2.539590117412732E-03,  2.711755918577994E-03,  2.680872598303667E+01,
2462071.500000000, A.D. 2028-Oct-27 00:00:00.0000,  6.556956043931625E-02,  2.377262441512115E-03,  5.048383372958221E+00,  2.867903327080718E+02,  2.427173671093135E+02,  2.462060243599599E+06,  1.339295902728263E+01,  1.507565093701576E+02,  1.541795337100415E+02,  2.544076413681225E-03,  2.710890385850335E-03,  2.687979551543826E+01,
2462072.500000000, A.D. 2028-Oct-28 00:00:00.0000,  6.241902329373279E-02,  2.392280272940216E-03,  5.041879929110600E+00,  2.867207003128312E+02,  2.432604015051659E+02,  2.462060221588650E+06,  1.333419676951672E+01,  1.637227529551313E+02,  1.655871855978033E+02,  2.551545234358662E-03,  2.710810195777108E-03,  2.699825165494747E+01,
2462073.500000000, A.D. 2028-Oct-29 00:00:00.0000,  5.859357522856010E-02,  2.410845648957376E-03,  5.034852720608720E+00,  2.866061469930190E+02,  2.440069055445353E+02,  2.462060199387351E+06,  1.326121741258245E+01,  1.763823160596849E+02,  1.767770480998650E+02,  2.560897807280946E-03,  2.710949965604517E-03,  2.714682889207641E+01,
2462074.500000000, A.D. 2028-Oct-30 00:00:00.0000,  5.449149027120630E-02,  2.430675962573175E-03,  5.028953718006705E+00,  2.864481905374763E+02,  2.448228416758629E+02,  2.462087480839068E+06,  1.318497562403535E+01,  1.888479533070952E+02,  1.879482455252654E+02,  2.570760535270466E-03,  2.710845107967759E-03,  2.730380474452630E+01,
2462075.500000000, A.D. 2028-Oct-31 00:00:00.0000,  5.055364230582513E-02,  2.449245648438293E-03,  5.025647134228993E+00,  2.862557075396477E+02,  2.457201965935948E+02,  2.462087613868259E+06,  1.311683027745953E+01,  2.011044460394347E+02,  1.991353039960735E+02,  2.579656690017253E-03,  2.710067731596214E-03,  2.744565511521774E+01,
2462076.500000000, A.D. 2028-Nov-01 00:00:00.0000,  4.715339717077489E-02,  2.464259994378811E-03,  5.025973751645921E+00,  2.860434337656507E+02,  2.469010776444940E+02,  2.462087752375749E+06,  1.306701719512849E+01,  2.129650125973749E+02,  2.101647834088439E+02,  2.586208511487415E-03,  2.708157028596020E-03,  2.755028133996881E+01,
2462077.500000000, A.D. 2028-Nov-02 00:00:00.0000,  4.451362595104760E-02,  2.474090509808635E-03,  5.030385742288142E+00,  2.858295374003771E+02,  2.487251678271343E+02,  2.462087919046912E+06,  1.304322961162690E+01,  2.241019787865698E+02,  2.206906765964760E+02,  2.589351954151342E-03,  2.704613398494049E-03,  2.760052615182757E+01,
2462078.500000000, A.D. 2028-Nov-03 00:00:00.0000,  4.268642874768332E-02,  2.478034394929165E-03,  5.038673575511662E+00,  2.856326276609271E+02,  2.515643628615126E+02,  2.462088141174813E+06,  1.304944664602509E+01,  2.341880036707802E+02,  2.303443891724824E+02,  2.588529473877099E-03,  2.699024552825032E-03,  2.758737667314479E+01,
2462079.500000000, A.D. 2028-Nov-04 00:00:00.0000,  4.159877027226140E-02,  2.476333053627626E-03,  5.049995714544886E+00,  2.854686592750477E+02,  2.555983457965182E+02,  2.462088434208658E+06,  1.308516577924676E+01,  2.430943986109005E+02,  2.389449596332790E+02,  2.583816648827860E-03,  2.691300244028095E-03,  2.751207023841949E+01,
2462080.500000000, A.D. 2028-Nov-05 00:00:00.0000,  4.111997488389772E-02,  2.470021548984016E-03,  5.063009980971519E+00,  2.853482238278511E+02,  2.606726248619746E+02,  2.462088790058348E+06,  1.314519587882016E+01,  2.510255591699618E+02,  2.466471391649418E+02,  2.575944314498514E-03,  2.681867080013012E-03,  2.738643100632987E+01,
2462081.500000000, A.D. 2028-Nov-06 00:00:00.0000,  4.110335671642847E-02,  2.460720807733665E-03,  5.076092840007599E+00,  2.852746747923067E+02,  2.662977249286397E+02,  2.462089176797222E+06,  1.322013690587684E+01,  2.585116897306719E+02,  2.539475558596930E+02,  2.566200252101585E-03,  2.671679696469505E-03,  2.723118546828109E+01,
2462082.500000000, A.D. 2028-Nov-07 00:00:00.0000,  4.140293549252698E-02,  2.450389355384808E-03,  5.087619454069463E+00,  2.852434268957184E+02,  2.717729770351699E+02,  2.462089548070590E+06,  1.329759996750197E+01,  2.662775767587942E+02,  2.615643345436376E+02,  2.556224555771843E-03,  2.662059756158878E-03,  2.707255451207772E+01,
2462083.500000000, A.D. 2028-Nov-08 00:00:00.0000,  4.190429336654100E-02,  2.440975848806936E-03,  5.096263668623950E+00,  2.852426211886003E+02,  2.763643262018797E+02,  2.462089855876109E+06,  1.336410517705958E+01,  2.750594031890834E+02,  2.702596633928268E+02,  2.547736966053211E-03,  2.654498083299486E-03,  2.693783049672231E+01,
2462084.500000000, A.D. 2028-Nov-09 00:00:00.0000,  4.258860213585478E-02,  2.433972967879343E-03,  5.101265126664087E+00,  2.852551628439514E+02,  2.794773530179804E+02,  2.462090061851899E+06,  1.340744524039421E+01,  2.854297752305979E+02,  2.806633435164190E+02,  2.542243567717291E-03,  2.650514167555239E-03,  2.685075296189800E+01,
2462085.500000000, A.D. 2028-Nov-10 00:00:00.0000,  4.359023441440596E-02,  2.430013399706912E-03,  5.102604813813056E+00,  2.852619130561206E+02,  2.808146406294076E+02,  2.462090146884768E+06,  1.341914259578429E+01,  2.976427906775652E+02,  2.931079821713683E+02,  2.540765984566307E-03,  2.651518569425701E-03,  2.682734738306576E+01,
2462086.500000000, A.D. 2028-Nov-11 00:00:00.0000,  4.516637268304377E-02,  2.428742410354044E-03,  5.101036786738956E+00,  2.852455481247154E+02,  2.805073103132291E+02,  2.462090119640690E+06,  1.339649361063354E+01,  3.115095066207573E+02,  3.074866274113992E+02,  2.543628901276458E-03,  2.658515392198871E-03,  2.687270344489605E+01,
2462087.500000000, A.D. 2028-Nov-12 00:00:00.0000,  4.753035566487678E-02,  2.429122884239671E-03,  5.097948044608549E+00,  2.851943268750667E+02,  2.791154271216955E+02,  2.462090017436521E+06,  1.334363809639271E+01,  3.264082381349256E+02,  3.232398712910505E+02,  2.550341523939415E-03,  2.671560163639159E-03,  2.697914896967429E+01,
2462088.500000000, A.D. 2028-Nov-13 00:00:00.0000,  5.063310731464178E-02,  2.430014112364005E-03,  5.095060299483814E+00,  2.851048367365080E+02,  2.773702438489952E+02,  2.462089889870778E+06,  1.327118482870583E+01,  3.415547680120184E+02,  3.396024314367612E+02,  2.559615393254889E-03,  2.689216674145773E-03,  2.712644007649664E+01,
2462089.500000000, A.D. 2028-Nov-14 00:00:00.0000,  5.408486990115124E-02,  2.430585127685391E-03,  5.094036922062225E+00,  2.849828678634121E+02,  2.757828910032816E+02,  2.462089772458447E+06,  1.319422152881322E+01,  3.564051228896022E+02,  3.559884964977283E+02,  2.569559414311719E-03,  2.708533700938046E-03,  2.728467149151928E+01,
2462090.500000000, A.D. 2028-Nov-15 00:00:00.0000,  5.730933393361088E-02,  2.430312291280559E-03,  5.096096494440836E+00,  2.848419946713892E+02,  2.744401966118928E+02,  2.462089672263871E+06,  1.312902432890842E+01,  1.086736777357475E+01,  1.219878155257501E+01,  2.578059143644266E-03,  2.725805996007974E-03,  2.742016398029871E+01,
2462091.500000000, A.D. 2028-Nov-16 00:00:00.0000,  5.981923650083921E-02,  2.428743229512654E-03,  5.101740751801066E+00,  2.847001532728045E+02,  2.730881544758655E+02,  2.462089573251763E+06,  1.308929949405701E+01,  2.521978472501036E+01,  2.835022110792121E+01,  2.583272625652718E-03,  2.737802021792782E-03,  2.750338168696135E+01,
2462092.500000000, A.D. 2028-Nov-17 00:00:00.0000,  6.143836509717050E-02,  2.425330900561410E-03,  5.110670542977072E+00,  2.845752030862034E+02,  2.713506990530805E+02,  2.462089451235662E+06,  1.308306395120443E+01,  3.988717880761464E+01,  4.467829162898706E+01,  2.584093372634507E-03,  2.742855844707606E-03,  2.751649012361958E+01,
2462093.500000000, A.D. 2028-Nov-18 00:00:00.0000,  6.236023259372277E-02,  2.419495331482881E-03,  5.121901147286308E+00,  2.844807889667233E+02,  2.689488276929706E+02,  2.462089288946831E+06,  1.311108438666137E+01,  5.521147345601202E+01,  6.134102856913970E+01,  2.580410319173802E-03,  2.741325306864723E-03,  2.745768308579021E+01,
2462094.500000000, A.D. 2028-Nov-19 00:00:00.0000,  6.301693484619010E-02,  2.410926360104755E-03,  5.134026521961605E+00,  2.844236041146369E+02,  2.658660646798496E+02,  2.462089087063591E+06,  1.316720090120211E+01,  7.127322116718449E+01,  7.827189717505657E+01,  2.573073569594336E-03,  2.735220779083916E-03,  2.734066281066110E+01,
2462095.500000000, A.D. 2028-Nov-20 00:00:00.0000,  6.381651353729802E-02,  2.400008038646149E-03,  5.145547487809551E+00,  2.844025524978343E+02,  2.623999095698164E+02,  2.462088866595468E+06,  1.324018908804108E+01,  8.782753030337895E+01,  9.513738345694479E+01,  2.563608601679566E-03,  2.727209164712984E-03,  2.718994401108383E+01,
2462096.500000000, A.D. 2028-Nov-21 00:00:00.0000,  6.489441466597781E-02,  2.388088018734756E-03,  5.155179452438399E+00,  2.844096742720388E+02,  2.590380214188395E+02,  2.462088658673787E+06,  1.331641280115844E+01,  1.044183367532492E+02,  1.114600485020359E+02,  2.553816441895943E-03,  2.719544865057130E-03,  2.703430761538741E+01,
2462097.500000000, A.D. 2028-Nov-22 00:00:00.0000,  6.603622904922929E-02,  2.377312604966620E-03,  5.162079770946931E+00,  2.844323004307922E+02,  2.562181107536642E+02,  2.462088487216349E+06,  1.338250372676309E+01,  1.206136107936360E+02,  1.268507136629386E+02,  2.545401308817928E-03,  2.713490012669237E-03,  2.690079579653331E+01,
2462098.500000000, A.D. 2028-Nov-23 00:00:00.0000,  6.680269973094199E-02,  2.370046919681548E-03,  5.165965811880646E+00,  2.844557946687472E+02,  2.541477273187178E+02,  2.462088357741363E+06,  1.342754333002943E+01,  1.361856173164327E+02,  1.411772927650529E+02,  2.539706146811847E-03,  2.709365373942147E-03,  2.681056326922393E+01,
2462099.500000000, A.D. 2028-Nov-24 00:00:00.0000,  6.674285285441013E-02,  2.368203819055629E-03,  5.167120686360575E+00,  2.844663164725151E+02,  2.527818941975506E+02,  2.462088258418806E+06,  1.344451496082514E+01,  1.511376065486324E+02,  1.545754008340397E+02,  2.537568371481419E-03,  2.706932923907208E-03,  2.677671905970385E+01,
2462100.500000000, A.D. 2028-Nov-25 00:00:00.0000,  6.556771502030971E-02,  2.372775236530006E-03,  5.166301390959407E+00,  2.844531760236344E+02,  2.519033732449515E+02,  2.462088168019087E+06,  1.343100832908895E+01,  1.656309383636901E+02,  1.673577721336933E+02,  2.539269323920651E-03,  2.705763411311295E-03,  2.680364654530889E+01,
2462101.500000000, A.D. 2028-Nov-26 00:00:00.0000,  6.323459351431054E-02,  2.383641106920744E-03,  5.164575333226615E+00,  2.844104831860965E+02,  2.512185853437197E+02,  2.462088063994071E+06,  1.338926492191184E+01,  1.798982428706518E+02,  1.799101668465241E+02,  2.544544333530701E-03,  2.705447560140657E-03,  2.688721166543293E+01,
2462102.500000000, A.D. 2028-Nov-27 00:00:00.0000,  5.994900189016394E-02,  2.399604622534132E-03,  5.163117654351009E+00,  2.843379115477584E+02,  2.504385381664810E+02,  2.462114944247484E+06,  1.332567923628837E+01,  1.941719496867867E+02,  1.926044287382221E+02,  2.552632386284389E-03,  2.705660150034646E-03,  2.701550844925422E+01,
2462103.500000000, A.D. 2028-Nov-28 00:00:00.0000,  5.610201418659268E-02,  2.418607558968779E-03,  5.163003964253944E+00,  2.842405185402237E+02,  2.493582954872994E+02,  2.462114925519886E+06,  1.324985873036579E+01,  2.086134755883706E+02,  2.057148755773511E+02,  2.562361182373470E-03,  2.706114805778160E-03,  2.717010100454568E+01,
2462104.500000000, A.D. 2028-Nov-29 00:00:00.0000,  5.215499812732863E-02,  2.438118503566905E-03,  5.165030910629944E+00,  2.841276911591873E+02,  2.479497403065656E+02,  2.462114882547295E+06,  1.317332900228003E+01,  2.232272886027870E+02,  2.193229470332065E+02,  2.572275528962940E-03,  2.706432554358975E-03,  2.732794420739749E+01,
2462105.500000000, A.D. 2028-Nov-30 00:00:00.0000,  4.849122730241246E-02,  2.455671767210377E-03,  5.169590678701344E+00,  2.840114128564105E+02,  2.464431687733592E+02,  2.462114823835168E+06,  1.310797145492429E+01,  2.377834347722275E+02,  2.332343625018989E+02,  2.580818840217723E-03,  2.705965913225069E-03,  2.746420384252198E+01,
2462106.500000000, A.D. 2028-Dec-01 00:00:00.0000,  4.528591277447055E-02,  2.469430879973536E-03,  5.176616212999364E+00,  2.839041478550531E+02,  2.453214830461583E+02,  2.462114780262979E+06,  1.306430924046867E+01,  2.518240838482696E+02,  2.469849883607267E+02,  2.586565876648879E-03,  2.703700873324222E-03,  2.755599192989444E+01,
2462107.500000000, A.D. 2028-Dec-02 00:00:00.0000,  4.247247262452886E-02,  2.478541803140135E-03,  5.185603342628545E+00,  2.838166931440038E+02,  2.451699542516080E+02,  2.462114794299881E+06,  1.304981327535672E+01,  2.648107485714191E+02,  2.599925587510021E+02,  2.588480991177015E-03,  2.698420179213895E-03,  2.758660161673151E+01,
2462108.500000000, A.D. 2028-Dec-03 00:00:00.0000,  3.984187835188582E-02,  2.483111817219094E-03,  5.195705511360447E+00,  2.837563471477130E+02,  2.464502772962026E+02,  2.462114901888554E+06,  1.306746941321526E+01,  2.763435171304517E+02,  2.717856413769297E+02,  2.586148844897365E-03,  2.689185872575636E-03,  2.754932792388466E+01,
2462109.500000000, A.D. 2028-Dec-04 00:00:00.0000,  3.721302590746942E-02,  2.483903531770402E-03,  5.205887123073775E+00,  2.837256933416942E+02,  2.493419598435003E+02,  2.462115118808690E+06,  1.311490016694725E+01,  2.863098849703648E+02,  2.821666722717138E+02,  2.579909781300885E-03,  2.675916030831369E-03,  2.744969427272408E+01,
2462110.500000000, A.D. 2028-Dec-05 00:00:00.0000,  3.456323298181450E-02,  2.481988005746131E-03,  5.215112646323024E+00,  2.837222094348072E+02,  2.536970297387704E+02,  2.462115436279171E+06,  1.318432807128231E+01,  2.949184759602667E+02,  2.912624675383647E+02,  2.570844710432888E-03,  2.659701415119646E-03,  2.730514578017370E+01,
2462111.500000000, A.D. 2028-Dec-06 00:00:00.0000,  3.205572404066267E-02,  2.478513664424262E-03,  5.222540801908056E+00,  2.837387973898378E+02,  2.590449254213478E+02,  2.462115821411561E+06,  1.326356668241872E+01,  3.026826696030653E+02,  2.995242264494951E+02,  2.560595404077148E-03,  2.642677143730034E-03,  2.714202059067501E+01,
2462112.500000000, A.D. 2028-Dec-07 00:00:00.0000,  2.997853965633041E-02,  2.474580288967059E-03,  5.227687767190808E+00,  2.837651885257445E+02,  2.646189871628056E+02,  2.462116219818106E+06,  1.333802286228749E+01,  3.103849810514246E+02,  3.077042295973423E+02,  2.551057260207767E-03,  2.627534231448475E-03,  2.699050704268019E+01,
2462113.500000000, A.D. 2028-Dec-08 00:00:00.0000,  2.865544561332091E-02,  2.471116846884503E-03,  5.230523278833576E+00,  2.837900131400910E+02,  2.694935057747788E+02,  2.462116566022122E+06,  1.339342993062324E+01,  3.189354475450169E+02,  3.167191253100473E+02,  2.544016781403383E-03,  2.616916715922264E-03,  2.687885044120643E+01,
2462114.500000000, A.D. 2028-Dec-09 00:00:00.0000,  2.838067093279484E-02,  2.468701350296290E-03,  5.231472307080671E+00,  2.838031529865834E+02,  2.729369264860262E+02,  2.462116808704955E+06,  1.341878376674540E+01,  3.290199874304603E+02,  3.272937786850651E+02,  2.540811279111075E-03,  2.612921207925860E-03,  2.682806476784853E+01,
2462115.500000000, A.D. 2028-Dec-10 00:00:00.0000,  2.936357747325521E-02,  2.467426680127710E-03,  5.231314344753886E+00,  2.837978642379875E+02,  2.748364828124884E+02,  2.462116940560774E+06,  1.340881067625200E+01,  3.406837933160417E+02,  3.395309760691563E+02,  2.542070978239767E-03,  2.616715276351825E-03,  2.684801871634945E+01,
2462116.500000000, A.D. 2028-Dec-11 00:00:00.0000,  3.163286454998376E-02,  2.466995077822488E-03,  5.230999430465246E+00,  2.837721388805022E+02,  2.757404908206760E+02,  2.462117001125888E+06,  1.336532137382110E+01,  3.533022914629065E+02,  3.528622731995491E+02,  2.547582407034120E-03,  2.628169736245752E-03,  2.693537924985018E+01,
2462117.500000000, A.D. 2028-Dec-12 00:00:00.0000,  3.494333280096371E-02,  2.466973090033446E-03,  5.231426248015392E+00,  2.837289224227972E+02,  2.763496253484735E+02,  2.462117040828114E+06,  1.329702154705151E+01,  6.105618460511701E+00,  6.550807908509730E+00,  2.556298685748212E-03,  2.645624281462978E-03,  2.707373216822580E+01,
2462118.500000000, A.D. 2028-Dec-13 00:00:00.0000,  3.880421683379365E-02,  2.466920843402305E-03,  5.233241604314862E+00,  2.836751181504673E+02,  2.769929163681082E+02,  2.462117083927813E+06,  1.321772558805044E+01,  1.871725358414837E+01,  2.021256858847406E+01,  2.566512344942045E-03,  2.666103846481784E-03,  2.723615327023130E+01,
2462119.500000000, A.D. 2028-Dec-14 00:00:00.0000,  4.264419548147852E-02,  2.466324226062145E-03,  5.236714360934413E+00,  2.836196811101971E+02,  2.775476755083859E+02,  2.462117122825568E+06,  1.314336523403679E+01,  3.124407178516753E+01,  3.389853949549498E+01,  2.576183498780291E-03,  2.686042771498436E-03,  2.739024546527277E+01,
2462120.500000000, A.D. 2028-Dec-15 00:00:00.0000,  4.601678396697359E-02,  2.464492510550671E-03,  5.241711779000645E+00,  2.835713796415259E+02,  2.776493894549051E+02,  2.462117132979308E+06,  1.308855235530270E+01,  4.406942661019234E+01,  4.789202007454810E+01,  2.583370932665708E-03,  2.702249354780745E-03,  2.750495167283718E+01,
2462121.500000000, A.D. 2028-Dec-16 00:00:00.0000,  4.875260549919801E-02,  2.460554476931553E-03,  5.247773028479722E+00,  2.835368558117941E+02,  2.769220333924471E+02,  2.462117089394290E+06,  1.306358907156230E+01,  5.761834054682923E+01,  6.248930526656417E+01,  2.586660937161157E-03,  2.712767397390760E-03,  2.755751103528448E+01,
2462122.500000000, A.D. 2028-Dec-17 00:00:00.0000,  5.099901272407529E-02,  2.453610212032404E-03,  5.254247465714440E+00,  2.835194413784121E+02,  2.751571918030877E+02,  2.462116979473927E+06,  1.307264320960945E+01,  7.216786768319982E+01,  7.783257539415706E+01,  2.585466448328372E-03,  2.717322684624341E-03,  2.753842464968146E+01,
2462123.500000000, A.D. 2028-Dec-18 00:00:00.0000,  5.311585484964775E-02,  2.443062362654787E-03,  5.260453610080372E+00,  2.835188898452767E+02,  2.724414524669680E+02,  2.462116811731821E+06,  1.311339686689615E+01,  8.770591498667082E+01,  9.379239962248052E+01,  2.580106948846273E-03,  2.717151535037759E-03,  2.745284106430078E+01,
2462124.500000000, A.D. 2028-Dec-19 00:00:00.0000,  5.545256653912795E-02,  2.429059175122423E-03,  5.265819074142430E+00,  2.835319103097343E+02,  2.691749354131854E+02,  2.462116615754445E+06,  1.317802368165644E+01,  1.038987746336684E+02,  1.099547670796085E+02,  2.571664576147564E-03,  2.714269977172705E-03,  2.731820860977153E+01,
2462125.500000000, A.D. 2028-Dec-20 00:00:00.0000,  5.812009978611259E-02,  2.412806842341150E-03,  5.269975672845135E+00,  2.835532268877849E+02,  2.659147764779916E+02,  2.462116429024611E+06,  1.325504564574380E+01,  1.202361928385794E+02,  1.257782482120716E+02,  2.561692676309619E-03,  2.710578510278088E-03,  2.715946890123280E+01,
2462126.500000000, A.D. 2028-Dec-21 00:00:00.0000,  6.090393060363873E-02,  2.396464636128466E-03,  5.272799739510639E+00,  2.835768487806008E+02,  2.631178357834984E+02,  2.462116277517819E+06,  1.333153830594260E+01,  1.362814127829058E+02,  1.408479315315605E+02,  2.551884428255442E-03,  2.707304220382418E-03,  2.700363541989210E+01,
2462127.500000000, A.D. 2028-Dec-22 00:00:00.0000,  6.336206018360968E-02,  2.382607375549941E-03,  5.274400307535396E+00,  2.835972777086109E+02,  2.609707426689005E+02,  2.462116164726527E+06,  1.339524505605414E+01,  1.518387659425385E+02,  1.550396743137815E+02,  2.543786957868699E-03,  2.704966540187457E-03,  2.687520821706010E+01,
2462128.500000000, A.D. 2028-Dec-23 00:00:00.0000,  6.501672594467560E-02,  2.373548165493395E-03,  5.275065980884227E+00,  2.836104524657418E+02,  2.593894670562323E+02,  2.462116074245864E+06,  1.343632365799599E+01,  1.669564542702430E+02,  1.685140647771179E+02,  2.538599599967762E-03,  2.703651034442129E-03,  2.679304318378509E+01,
2462129.500000000, A.D. 2028-Dec-24 00:00:00.0000,  6.552668556331544E-02,  2.370810200415579E-03,  5.275185833079012E+00,  2.836143069496387E+02,  2.581137748464899E+02,  2.462142747598188E+06,  1.344859585281598E+01,  1.818384059503680E+02,  1.816157956899023E+02,  2.537055006054123E-03,  2.703299811692667E-03,  2.676859383239032E+01,
2462130.500000000, A.D. 2028-Dec-25 00:00:00.0000,  6.478890078042852E-02,  2.374840469011994E-03,  5.275161564559274E+00,  2.836088918705065E+02,  2.568076793054458E+02,  2.462142655160077E+06,  1.343026508436596E+01,  1.967529780210600E+02,  1.947677643576421E+02,  2.539363006912327E-03,  2.703885544812661E-03,  2.680512988675648E+01,
2462131.500000000, A.D. 2028-Dec-26 00:00:00.0000,  6.296563377655763E-02,  2.384937995242007E-03,  5.275327768580555E+00,  2.835960828127027E+02,  2.551428259015943E+02,  2.462142560860111E+06,  1.338410723441734E+01,  2.119602621628006E+02,  2.083828853873200E+02,  2.545198000425634E-03,  2.705458005609261E-03,  2.689757289707430E+01,
2462132.500000000, A.D. 2028-Dec-27 00:00:00.0000,  6.044015387491117E-02,  2.399375635024392E-03,  5.275894429746944E+00,  2.835789654425463E+02,  2.528846403153871E+02,  2.462142439311637E+06,  1.331714330453718E+01,  2.276367625843424E+02,  2.227734284275713E+02,  2.553723049063710E-03,  2.708070463103027E-03,  2.703282466573347E+01,
2462133.500000000, A.D. 2028-Dec-28 00:00:00.0000,  5.769783507096628E-02,  2.415741802420729E-03,  5.276920845431884E+00,  2.835610422987304E+02,  2.499953923772718E+02,  2.462142277940517E+06,  1.323979556584006E+01,  2.437818620644428E+02,  2.380433388814946E+02,  2.563659399639246E-03,  2.711576996857764E-03,  2.719075216907688E+01,
2462134.500000000, A.D. 2028-Dec-29 00:00:00.0000,  5.514369995968772E-02,  2.431512984714069E-03,  5.278323751353906E+00,  2.835454328358371E+02,  2.467163132321850E+02,  2.462142085337872E+06,  1.316453497607501E+01,  2.601425542809573E+02,  2.540012460530218E+02,  2.573420936718449E-03,  2.715328888722829E-03,  2.734619951667549E+01,
2462135.500000000, A.D. 2028-Dec-30 00:00:00.0000,  5.292201998555051E-02,  2.444721646998770E-03,  5.279915723188786E+00,  2.835342327110958E+02,  2.435329154372498E+02,  2.462141891061311E+06,  1.310407135746809E+01,  2.762510765375838E+02,  2.701903240844921E+02,  2.581330892057560E-03,  2.717940137116349E-03,  2.747237787245671E+01,
2462136.500000000, A.D. 2028-Dec-31 00:00:00.0000,  5.085524708411195E-02,  2.454408485501867E-03,  5.281464073305097E+00,  2.835281616215480E+02,  2.409754888188113E+02,  2.462141731935201E+06,  1.306923535127394E+01,  2.916226075203152E+02,  2.860839503084193E+02,  2.585915876331430E-03,  2.717423267160993E-03,  2.754560541025903E+01,
2462137.500000000, A.D. 2029-Jan-01 00:00:00.0000,  4.856938841933988E-02,  2.460619233254024E-03,  5.282756289259974E+00,  2.835265687922088E+02,  2.393735788280412E+02,  2.462141633058319E+06,  1.306684762595019E+01,  3.059939567209094E+02,  3.013297356708452E+02,  2.586230885682848E-03,  2.711842538111672E-03,  2.755063886143860E+01,
2462138.500000000, A.D. 2029-Jan-02 00:00:00.0000,  4.573188994719420E-02,  2.464040159689194E-03,  5.283656161703711E+00,  2.835277897689839E+02,  2.387407477669197E+02,  2.462141597602895E+06,  1.309802186198969E+01,  3.194275295591975E+02,  3.158669510275645E+02,  2.582125645540899E-03,  2.700211131392603E-03,  2.748506635530330E+01,
2462139.500000000, A.D. 2029-Jan-03 00:00:00.0000,  4.225492122635716E-02,  2.465570227507959E-03,  5.284135818519771E+00,  2.835297657228866E+02,  2.388240272549083E+02,  2.462141609246374E+06,  1.315741568076452E+01,  3.322477686839280E+02,  3.298834165253650E+02,  2.574349147964331E-03,  2.683128068420703E-03,  2.736099616631417E+01,
2462140.500000000, A.D. 2029-Jan-04 00:00:00.0000,  3.837013395924747E-02,  2.466032133255755E-03,  5.284273721215023E+00,  2.835307600916826E+02,  2.392432563058723E+02,  2.462141641962418E+06,  1.323383103040385E+01,  3.448874623199648E+02,  3.436856694166224E+02,  2.564429642154279E-03,  2.662827151052804E-03,  2.720300713927235E+01,
2462141.500000000, A.D. 2029-Jan-05 00:00:00.0000,  3.456385511571418E-02,  2.466061840384204E-03,  5.284217470445233E+00,  2.835299599760631E+02,  2.396800695446697E+02,  2.462141673726374E+06,  1.331224048586980E+01,  3.576873127304420E+02,  3.575202884177346E+02,  2.554350024547483E-03,  2.642638208710762E-03,  2.704278069361202E+01,
2462142.500000000, A.D. 2029-Jan-06 00:00:00.0000,  3.140825628671645E-02,  2.466146775675849E-03,  5.284121450868822E+00,  2.835277597715389E+02,  2.401168285413914E+02,  2.462141703743425E+06,  1.337687075277080E+01,  1.065142129650591E+01,  1.134329466962961E+01,  2.546115834336352E-03,  2.626084892996855E-03,  2.691212366879091E+01,
2462143.500000000, A.D. 2029-Jan-07 00:00:00.0000,  2.935347014537860E-02,  2.466742454345408E-03,  5.284079202080497E+00,  2.835256090894073E+02,  2.410133006762617E+02,  2.462141765123690E+06,  1.341459960166220E+01,  2.327267106282281E+01,  2.464783622338021E+01,  2.541339590133666E-03,  2.615936725921923E-03,  2.683643274417170E+01,
2462144.500000000, A.D. 2029-Jan-08 00:00:00.0000,  2.858400657982668E-02,  2.468306377635680E-03,  5.284074298519773E+00,  2.835254513293203E+02,  2.431251570051281E+02,  2.462141912106001E+06,  1.341779164469287E+01,  3.472382247477776E+01,  3.664562604794935E+01,  2.540936523955341E-03,  2.613566670275002E-03,  2.683004845602819E+01,
2462145.500000000, A.D. 2029-Jan-09 00:00:00.0000,  2.902621024333799E-02,  2.471104518982180E-03,  5.283968539823756E+00,  2.835289314786536E+02,  2.469146089319325E+02,  2.462142178446102E+06,  1.338586237312669E+01,  4.446186334173741E+01,  4.685278896799115E+01,  2.544975513295234E-03,  2.618846507608288E-03,  2.689404611859241E+01,
2462146.500000000, A.D. 2029-Jan-10 00:00:00.0000,  3.045682890611300E-02,  2.474942454651502E-03,  5.283533503619222E+00,  2.835366444162342E+02,  2.521160856442038E+02,  2.462142546663190E+06,  1.332523377747519E+01,  5.267913719018465E+01,  5.551899177080958E+01,  2.552689275155379E-03,  2.630436095659256E-03,  2.701641157009488E+01,
2462147.500000000, A.D. 2029-Jan-11 00:00:00.0000,  3.258704680091344E-02,  2.479120702863997E-03,  5.282516160664335E+00,  2.835476839471488E+02,  2.578877826514088E+02,  2.462142958371995E+06,  1.324777997620194E+01,  6.016648854776956E+01,  6.347091883737963E+01,  2.562629221229594E-03,  2.646137739595190E-03,  2.717436435740155E+01,
2462148.500000000, A.D. 2029-Jan-12 00:00:00.0000,  3.510673867029582E-02,  2.482612911099367E-03,  5.280717817885697E+00,  2.835596449913916E+02,  2.632665306338987E+02,  2.462143346091561E+06,  1.316822271519474E+01,  6.786781418676651E+01,  7.165416786641330E+01,  2.572940459422547E-03,  2.663268007745726E-03,  2.733854125846443E+01,
2462149.500000000, A.D. 2029-Jan-13 00:00:00.0000,  3.775045560340221E-02,  2.484255086425318E-03,  5.278062373512270E+00,  2.835690794112821E+02,  2.674984481815535E+02,  2.462143656849015E+06,  1.310113908624634E+01,  7.655193375839049E+01,  8.080196338953445E+01,  2.581716043298447E-03,  2.679177000171576E-03,  2.747852668612078E+01,
2462150.500000000, A.D. 2029-Jan-14 00:00:00.0000,  4.038773467088692E-02,  2.482867347646463E-03,  5.274634746886634E+00,  2.835722737417562E+02,  2.701548051608129E+02,  2.462143861098616E+06,  1.305825596879063E+01,  8.669247362653633E+01,  9.132131146665306E+01,  2.587365165445157E-03,  2.691862983243851E-03,  2.756876575711212E+01,
2462151.500000000, A.D. 2029-Jan-15 00:00:00.0000,  4.307521311290975E-02,  2.477394880133374E-03,  5.270680037761295E+00,  2.835661447629728E+02,  2.711513428366729E+02,  2.462143954781212E+06,  1.304654811260233E+01,  9.843905992984860E+01,  1.032776273673658E+02,  2.588912853007420E-03,  2.700430825881465E-03,  2.759350572219617E+01,
2462152.500000000, A.D. 2029-Jan-16 00:00:00.0000,  4.601008084505882E-02,  2.467169101792075E-03,  5.266564297687786E+00,  2.835490411719309E+02,  2.707438521568096E+02,  2.462143958944733E+06,  1.306739652495429E+01,  1.116093559102992E+02,  1.164038245666218E+02,  2.586158461692688E-03,  2.705147821593301E-03,  2.754948159050063E+01,
2462153.500000000, A.D. 2029-Jan-17 00:00:00.0000,  4.938276182658299E-02,  2.452270758525760E-03,  5.262705882664799E+00,  2.835212776483659E+02,  2.694561719410132E+02,  2.462143913186010E+06,  1.311679304605819E+01,  1.257482550739891E+02,  1.301764647154013E+02,  2.579661571504559E-03,  2.707052384483358E-03,  2.744573301842145E+01,
2462154.500000000, A.D. 2029-Jan-18 00:00:00.0000,  5.320929502594637E-02,  2.433799841896843E-03,  5.259491263601028E+00,  2.834852882337337E+02,  2.678907843617453E+02,  2.462143859762397E+06,  1.318637609299964E+01,  1.403061747576573E+02,  1.440079491513368E+02,  2.570578512347711E-03,  2.707357182798579E-03,  2.730090492346234E+01,
2462155.500000000, A.D. 2029-Jan-19 00:00:00.0000,  5.725668205959356E-02,  2.413811642395557E-03,  5.257191268554521E+00,  2.834453543251332E+02,  2.665003060921243E+02,  2.462143825684511E+06,  1.326498903756235E+01,  1.548596669847917E+02,  1.574761906352281E+02,  2.560412358762687E-03,  2.707013075129816E-03,  2.713911025335876E+01,
2462156.500000000, A.D. 2029-Jan-20 00:00:00.0000,  6.110420251964723E-02,  2.394885713329675E-03,  5.255893663638433E+00,  2.834069332996357E+02,  2.654648743465011E+02,  2.462143814512117E+06,  1.334045586938259E+01,  1.692301912829877E+02,  1.704469720372386E+02,  2.550747079448708E-03,  2.706608445567740E-03,  2.698558456508436E+01,
2462157.500000000, A.D. 2029-Jan-21 00:00:00.0000,  6.428637039040705E-02,  2.379535675674399E-03,  5.255465998221422E+00,  2.833756842717113E+02,  2.647133238062691E+02,  2.462170673068507E+06,  1.340132903073183E+01,  1.834633745952682E+02,  1.830514861231455E+02,  2.543017009025732E-03,  2.706498342377066E-03,  2.686300733117220E+01,
2462158.500000000, A.D. 2029-Jan-22 00:00:00.0000,  6.643940754928933E-02,  2.369687881605197E-03,  5.255558591325194E+00,  2.833563509671614E+02,  2.640139842130897E+02,  2.462170574123970E+06,  1.343843863919421E+01,  1.977426259039383E+02,  1.955935156079721E+02,  2.538333238107745E-03,  2.706978594610293E-03,  2.678882641544628E+01,
2462159.500000000, A.D. 2029-Jan-23 00:00:00.0000,  6.740701475389120E-02,  2.366328867494877E-03,  5.255651352624892E+00,  2.833517053536965E+02,  2.630661708873797E+02,  2.462170484177051E+06,  1.344613079814036E+01,  2.123053186608324E+02,  2.084551994587747E+02,  2.537365072363705E-03,  2.708401277232534E-03,  2.677350126995560E+01,
2462160.500000000, A.D. 2029-Jan-24 00:00:00.0000,  6.728982008625273E-02,  2.369331055382215E-03,  5.255140360631184E+00,  2.833617656632160E+02,  2.615791426665700E+02,  2.462170380440220E+06,  1.342311226830430E+01,  2.273737416719030E+02,  2.220143340023915E+02,  2.540265032382642E-03,  2.711199009383069E-03,  2.681941362064444E+01,
2462161.500000000, A.D. 2029-Jan-25 00:00:00.0000,  6.642615271970960E-02,  2.377467090274262E-03,  5.253452041755636E+00,  2.833834720001433E+02,  2.593568143757517E+02,  2.462170243011703E+06,  1.337282040836664E+01,  2.430812746718836E+02,  2.365544500955048E+02,  2.546629918137013E-03,  2.715792745999764E-03,  2.692027478173324E+01,
2462162.500000000, A.D. 2029-Jan-26 00:00:00.0000,  6.528666965860769E-02,  2.388663824261736E-03,  5.250165992811119E+00,  2.834109366151654E+02,  2.563956708605862E+02,  2.462170063211660E+06,  1.330322307878730E+01,  2.593849080980067E+02,  2.521597609696030E+02,  2.555504181575442E-03,  2.722344538889149E-03,  2.706111127115048E+01,
2462163.500000000, A.D. 2029-Jan-27 00:00:00.0000,  6.428407361270025E-02,  2.400531237122564E-03,  5.245123213596991E+00,  2.834362968115929E+02,  2.529519862118358E+02,  2.462169850664706E+06,  1.322594637055084E+01,  2.760064491726377E+02,  2.686387536552408E+02,  2.565448732277927E-03,  2.730366227433289E-03,  2.721922423650403E+01,
2462164.500000000, A.D. 2029-Jan-28 00:00:00.0000,  6.356565307542103E-02,  2.411045153306294E-03,  5.238495393044911E+00,  2.834510973459476E+02,  2.494877108387927E+02,  2.462169631907100E+06,  1.315466382041892E+01,  2.924914873452773E+02,  2.855677015589117E+02,  2.574708158905753E-03,  2.738371164505212E-03,  2.736671988843996E+01,
2462165.500000000, A.D. 2029-Jan-29 00:00:00.0000,  6.292454743410349E-02,  2.419058245614295E-03,  5.230793375205478E+00,  2.834480186131453E+02,  2.464661795547742E+02,  2.462169437049727E+06,  1.310280028891440E+01,  3.084136236963799E+02,  3.024847637518263E+02,  2.581497828152940E-03,  2.743937410691585E-03,  2.747504289633242E+01,
2462166.500000000, A.D. 2029-Jan-30 00:00:00.0000,  6.192108460537184E-02,  2.424359639236457E-03,  5.222800123335547E+00,  2.834226470050092E+02,  2.441256826573683E+02,  2.462169283066233E+06,  1.308082880256510E+01,  3.235951870596601E+02,  3.191096845173767E+02,  2.584387730553122E-03,  2.744415821869788E-03,  2.752119192397085E+01,
2462167.500000000, A.D. 2029-Jan-31 00:00:00.0000,  6.014901205552783E-02,  2.427344136196848E-03,  5.215427189784191E+00,  2.833748733717061E+02,  2.423932962216069E+02,  2.462169166265319E+06,  1.309372580010919E+01,  3.381823788066233E+02,  3.354302105254806E+02,  2.582690412983063E-03,  2.738036689769277E-03,  2.749408422750062E+01,
2462168.500000000, A.D. 2029-Feb-01 00:00:00.0000,  5.748144071321342E-02,  2.428594795893794E-03,  5.209514404711213E+00,  2.833094620498205E+02,  2.409642016068271E+02,  2.462169066895131E+06,  1.313935491033175E+01,  3.525513636777627E+02,  3.516322139798235E+02,  2.576707664761038E-03,  2.724820533628282E-03,  2.739860536965362E+01,
2462169.500000000, A.D. 2029-Feb-02 00:00:00.0000,  5.416667039801151E-02,  2.428626530143961E-03,  5.205616061567361E+00,  2.832354397719695E+02,  2.394782338733269E+02,  2.462168961206603E+06,  1.320847218318290E+01,  7.116637594866241E+00,  7.940809694671953E+00,  2.567710879004380E-03,  2.706795227864799E-03,  2.725523398976863E+01,
2462170.500000000, A.D. 2029-Feb-03 00:00:00.0000,  5.073282949699393E-02,  2.427880289516548E-03,  5.203833066705516E+00,  2.831642551670541E+02,  2.377412710877423E+02,  2.462168836837375E+06,  1.328659067703773E+01,  2.209776103346145E+01,  2.442026552935057E+01,  2.557636422030735E-03,  2.687392554544922E-03,  2.709498687441034E+01,
2462171.500000000, A.D. 2029-Feb-04 00:00:00.0000,  4.774238807828438E-02,  2.426929594089170E-03,  5.203747487315369E+00,  2.831070833398011E+02,  2.359289030312922E+02,  2.462168706750856E+06,  1.335726926026929E+01,  3.731018093077052E+01,  4.078898190807505E+01,  2.548606137357594E-03,  2.670282680626017E-03,  2.695161660555924E+01,
2462172.500000000, A.D. 2029-Feb-05 00:00:00.0000,  4.552305962147876E-02,  2.426704368638333E-03,  5.204489224605100E+00,  2.830720059699971E+02,  2.346207084437036E+02,  2.462168611156635E+06,  1.340585817360735E+01,  5.213328260259193E+01,  5.639631704573242E+01,  2.542444207898792E-03,  2.658184047159253E-03,  2.685393171686289E+01,
2462173.500000000, A.D. 2029-Feb-06 00:00:00.0000,  4.405432895549332E-02,  2.428413710764838E-03,  5.204922892240460E+00,  2.830618899322048E+02,  2.345421906113966E+02,  2.462168599479723E+06,  1.342262847682190E+01,  6.577786301789243E+01,  7.048268698528081E+01,  2.540326071157841E-03,  2.652238431550844E-03,  2.682038027213860E+01,
2462174.500000000, A.D. 2029-Feb-07 00:00:00.0000,  4.308916685615130E-02,  2.433052728682729E-03,  5.203904431917219E+00,  2.830735581716502E+02,  2.361791949184579E+02,  2.462168704530216E+06,  1.340453314780111E+01,  7.768556682855620E+01,  8.255975482893656E+01,  2.542611750657208E-03,  2.652170772631687E-03,  2.685658620338110E+01,
2462175.500000000, A.D. 2029-Feb-08 00:00:00.0000,  4.238174493143323E-02,  2.440824291099713E-03,  5.200537924486870E+00,  2.830984156772449E+02,  2.395753533398794E+02,  2.462168929886607E+06,  1.335536055365886E+01,  8.774623324671229E+01,  9.260337169376218E+01,  2.548848957484574E-03,  2.656873623869435E-03,  2.695546844681581E+01,
2462176.500000000, A.D. 2029-Feb-09 00:00:00.0000,  4.183337822835381E-02,  2.450899704533529E-03,  5.194368993227826E+00,  2.831242679301262E+02,  2.443701091561878E+02,  2.462169253029524E+06,  1.328449394825164E+01,  9.627233543081367E+01,  1.010049334289002E+02,  2.557905534218908E-03,  2.664911363904287E-03,  2.709926335187041E+01,
2462177.500000000, A.D. 2029-Feb-10 00:00:00.0000,  4.149961948499547E-02,  2.461613521016762E-03,  5.185475650976288E+00,  2.831378086967658E+02,  2.499342241441727E+02,  2.462169633791797E+06,  1.320475655783769E+01,  1.038713643578543E+02,  1.084266476315992E+02,  2.568192533939456E-03,  2.674771546862150E-03,  2.726290321394238E+01,
2462178.500000000, A.D. 2029-Feb-11 00:00:00.0000,  4.152111400528134E-02,  2.470905590705107E-03,  5.174447784074871E+00,  2.831271995657195E+02,  2.555231299184884E+02,  2.462170023554933E+06,  1.312989838982866E+01,  1.112948624332155E+02,  1.156417395294782E+02,  2.577944727640794E-03,  2.684983864576481E-03,  2.741833861249690E+01,
2462179.500000000, A.D. 2029-Feb-12 00:00:00.0000,  4.205874248723986E-02,  2.476778032915132E-03,  5.162271530645117E+00,  2.830842584186781E+02,  2.604522255511109E+02,  2.462170376817260E+06,  1.307222319130845E+01,  1.192602809867065E+02,  1.233560004396925E+02,  2.585521829747625E-03,  2.694265626580118E-03,  2.753930947563375E+01,
2462180.500000000, A.D. 2029-Feb-13 00:00:00.0000,  4.326498864489782E-02,  2.477641247331970E-03,  5.150149349050139E+00,  2.830059300881388E+02,  2.642768141473974E+02,  2.462170664338786E+06,  1.304072193324843E+01,  1.282641229214161E+02,  1.320278117041364E+02,  2.589683891491212E-03,  2.701726535650454E-03,  2.760583362199829E+01,
2462181.500000000, A.D. 2029-Feb-14 00:00:00.0000,  4.526540491812932E-02,  2.472562172916149E-03,  5.139291167402682E+00,  2.828948658295946E+02,  2.669054159457895E+02,  2.462170881893651E+06,  1.303991996607101E+01,  1.384592569781360E+02,  1.417572670349508E+02,  2.589790069044393E-03,  2.707017965172638E-03,  2.760753140638100E+01,
2462182.500000000, A.D. 2029-Feb-15 00:00:00.0000,  4.811184120086018E-02,  2.461470293339610E-03,  5.130710224693947E+00,  2.827590668592280E+02,  2.685733031671358E+02,  2.462171048042952E+06,  1.306949346659181E+01,  1.496712778212433E+02,  1.523166643352855E+02,  2.585881829273822E-03,  2.710293365208034E-03,  2.754506139968091E+01,
2462183.500000000, A.D. 2029-Feb-16 00:00:00.0000,  5.171509328868236E-02,  2.445285039842451E-03,  5.125052592256191E+00,  2.826106581977578E+02,  2.696751529076222E+02,  2.462171190546076E+06,  1.312459130842654E+01,  1.615565519772515E+02,  1.633225528171363E+02,  2.578639628803939E-03,  2.711994217765428E-03,  2.742942553714910E+01,
2462184.500000000, A.D. 2029-Feb-17 00:00:00.0000,  5.580983824425571E-02,  2.425846072204983E-03,  5.122483765479640E+00,  2.824639651898243E+02,  2.705563115987234E+02,  2.462171329787861E+06,  1.319672339456009E+01,  1.738036466511556E+02,  1.744490461031981E+02,  2.569234641985746E-03,  2.712623211766509E-03,  2.727949879955793E+01,
2462185.500000000, A.D. 2029-Feb-18 00:00:00.0000,  5.999009091459753E-02,  2.405597363955298E-03,  5.122649253712972E+00,  2.823331668418996E+02,  2.713843402930020E+02,  2.462198587921166E+06,  1.327504513707565E+01,  1.862572557734122E+02,  1.855601225332254E+02,  2.559119154707488E-03,  2.712640945459678E-03,  2.711855186048009E+01,
2462186.500000000, A.D. 2029-Feb-19 00:00:00.0000,  6.380306053982310E-02,  2.387117362837393E-03,  5.124718002526325E+00,  2.822298812932256E+02,  2.721357465200779E+02,  2.462198567086969E+06,  1.334786899932928E+01,  1.989301039352001E+02,  1.967255549747586E+02,  2.549802570614934E-03,  2.712487778392475E-03,  2.697059733041205E+01,
2462187.500000000, A.D. 2029-Feb-20 00:00:00.0000,  6.686276626692536E-02,  2.372638935227221E-03,  5.127507200383177E+00,  2.821610749142500E+02,  2.726497522486597E+02,  2.462198544927374E+06,  1.340425146023314E+01,  2.119510161187155E+02,  2.081682423209135E+02,  2.542647372171967E-03,  2.712655809116713E-03,  2.685715058897728E+01,
2462188.500000000, A.D. 2029-Feb-21 00:00:00.0000,  6.895073341837867E-02,  2.363655421531032E-03,  5.129674974586586E+00,  2.821276600964269E+02,  2.726971066119501E+02,  2.462198510710374E+06,  1.343552107107698E+01,  2.255008898258785E+02,  2.201945399101126E+02,  2.538700696483305E-03,  2.713745971435578E-03,  2.679464369826206E+01,
2462189.500000000, A.D. 2029-Feb-22 00:00:00.0000,  7.008161272633229E-02,  2.360656015858534E-03,  5.129955217006235E+00,  2.821240580962892E+02,  2.720488356841234E+02,  2.462198449337961E+06,  1.343661761146234E+01,  2.397511679446548E+02,  2.331222304700469E+02,  2.538562575130382E-03,  2.716469134402231E-03,  2.679245703121712E+01,
2462190.500000000, A.D. 2029-Feb-23 00:00:00.0000,  7.051057431783428E-02,  2.363029462481951E-03,  5.127398496400021E+00,  2.821388703535856E+02,  2.705548971917332E+02,  2.462198347032268E+06,  1.340709673681515E+01,  2.547940792939143E+02,  2.471956399128227E+02,  2.542287622850243E-03,  2.721545783218536E-03,  2.685145091938211E+01,
2462191.500000000, A.D. 2029-Feb-24 00:00:00.0000,  7.065402499624990E-02,  2.369204771756604E-03,  5.121576791177574E+00,  2.821566481027385E+02,  2.682350476303321E+02,  2.462198198715968E+06,  1.335162122156799E+01,  2.705612817273177E+02,  2.624851312726016E+02,  2.549324832172478E-03,  2.729444892588353E-03,  2.696301775086773E+01,
2462192.500000000, A.D. 2029-Feb-25 00:00:00.0000,  7.091249408184777E-02,  2.377086784079684E-03,  5.112709075101107E+00,  2.821605887372330E+02,  2.653408562433317E+02,  2.462198014376038E+06,  1.327972682012171E+01,  2.867705926351040E+02,  2.788119883286347E+02,  2.558517651930509E-03,  2.739948519781333E-03,  2.710899138787409E+01,
2462193.500000000, A.D. 2029-Feb-26 00:00:00.0000,  7.145203050875890E-02,  2.384701665605688E-03,  5.101670719589738E+00,  2.821358127820761E+02,  2.623075100467298E+02,  2.462197818133451E+06,  1.320465935419176E+01,  3.029805187340141E+02,  2.957810038096249E+02,  2.568205137438710E-03,  2.751708609271732E-03,  2.726310390473796E+01,
2462194.500000000, A.D. 2029-Feb-27 00:00:00.0000,  7.208201875263148E-02,  2.390750220297201E-03,  5.089863932787907E+00,  2.820726773543400E+02,  2.595681221149442E+02,  2.462197636836748E+06,  1.314119460775284E+01,  3.187782178478112E+02,  3.129507778779782E+02,  2.576467175561569E-03,  2.762184130825937E-03,  2.739476971048071E+01,
2462195.500000000, A.D. 2029-Feb-28 00:00:00.0000,  7.234555208846445E-02,  2.394758464256345E-03,  5.078951570591846E+00,  2.819693858962027E+02,  2.573442730663926E+02,  2.462197485403653E+06,  1.310263186413409E+01,  3.339859868308939E+02,  3.300327822604876E+02,  2.581519950287262E-03,  2.768281436318179E-03,  2.747539606797854E+01,
2462196.500000000, A.D. 2029-Mar-01 00:00:00.0000,  7.178487062080963E-02,  2.396823161577711E-03,  5.070493336663310E+00,  2.818330652717989E+02,  2.555654975578941E+02,  2.462197360199200E+06,  1.309757043780179E+01,  3.487334803873315E+02,  3.469722281158870E+02,  2.582184975998783E-03,  2.767546790419854E-03,  2.748601366257817E+01,
2462197.500000000, A.D. 2029-Mar-02 00:00:00.0000,  7.021462344680864E-02,  2.397233737315245E-03,  5.065564514511905E+00,  2.816786729483423E+02,  2.539502138081804E+02,  2.462197243698027E+06,  1.312744668442728E+01,  3.364590484609134E+00,  3.881950499264786E+00,  2.578265692026727E-03,  2.759297646738209E-03,  2.742345931041243E+01,
2462198.500000000, A.D. 2029-Mar-03 00:00:00.0000,  6.784314504064366E-02,  2.396250508732827E-03,  5.064464158775947E+00,  2.815256768351118E+02,  2.521824992669547E+02,  2.462197116135504E+06,  1.318581374884369E+01,  1.824737950315930E+01,  2.089310426697849E+01,  2.570651597940893E-03,  2.745052687148958E-03,  2.730206924328576E+01,
2462199.500000000, A.D. 2029-Mar-04 00:00:00.0000,  6.517617774818316E-02,  2.394158347490404E-03,  5.066609497579289E+00,  2.813932716512987E+02,  2.501138159760146E+02,  2.462196968943187E+06,  1.325980440640840E+01,  3.356131828251388E+01,  3.798552561282919E+01,  2.561079735562710E-03,  2.728001123635016E-03,  2.714972174295526E+01,
2462200.500000000, A.D. 2029-Mar-05 00:00:00.0000,  6.275069013594026E-02,  2.391535761910952E-03,  5.070659208109084E+00,  2.812955377806629E+02,  2.479095786523776E+02,  2.462196814151045E+06,  1.333334578974190E+01,  4.914469863739929E+01,  5.486737695626334E+01,  2.551653798771881E-03,  2.711771835632811E-03,  2.699997477579623E+01,
2462201.500000000, A.D. 2029-Mar-06 00:00:00.0000,  6.085297563187395E-02,  2.389492366562325E-03,  5.074831553512811E+00,  2.812380057798044E+02,  2.460300683146897E+02,  2.462196682296563E+06,  1.339102055357476E+01,  6.451396573779880E+01,  7.100735537444091E+01,  2.544321926771813E-03,  2.699151486981300E-03,  2.688368661370602E+01,
2462202.500000000, A.D. 2029-Mar-07 00:00:00.0000,  5.940863892322082E-02,  2.389557391575018E-03,  5.077321564833007E+00,  2.812165236707517E+02,  2.450143097775531E+02,  2.462196607473620E+06,  1.342137612919917E+01,  7.908581289641018E+01,  8.584990308667403E+01,  2.540484093793375E-03,  2.691410796011731E-03,  2.682288287985567E+01,
2462203.500000000, A.D. 2029-Mar-08 00:00:00.0000,  5.810720717701032E-02,  2.393157184677288E-03,  5.076701004847543E+00,  2.812184882345869E+02,  2.452253571543745E+02,  2.462196611087546E+06,  1.341890695909685E+01,  9.244167526758733E+01,  9.905896617908282E+01,  2.540795728465708E-03,  2.688434272254127E-03,  2.682781847264776E+01,
2462204.500000000, A.D. 2029-Mar-09 00:00:00.0000,  5.663510007557594E-02,  2.401001505509244E-03,  5.072206280559562E+00,  2.812258273314192E+02,  2.467446559268401E+02,  2.462196696622484E+06,  1.338451654786156E+01,  1.044444354926348E+02,  1.106081819279861E+02,  2.545146110165425E-03,  2.689290714821607E-03,  2.689675033929538E+01,
2462205.500000000, A.D. 2029-Mar-10 00:00:00.0000,  5.484889773030832E-02,  2.412741253995890E-03,  5.063864284537397E+00,  2.812188231732882E+02,  2.494204004378288E+02,  2.462196854398311E+06,  1.332470216288976E+01,  1.152000675311104E+02,  1.207171149392873E+02,  2.552757170998286E-03,  2.692773088000682E-03,  2.701748944172467E+01,
2462206.500000000, A.D. 2029-Mar-11 00:00:00.0000,  5.282519515259090E-02,  2.426998718245352E-03,  5.052452752814973E+00,  2.811799060251092E+02,  2.529613972127788E+02,  2.462197068155419E+06,  1.324990159688037E+01,  1.249710125758337E+02,  1.297447214087819E+02,  2.562355655814076E-03,  2.697712593382799E-03,  2.717001310294714E+01,
2462207.500000000, A.D. 2029-Mar-12 00:00:00.0000,  5.081647183544378E-02,  2.441669557673962E-03,  5.039326072765817E+00,  2.810967641646977E+02,  2.570103107617816E+02,  2.462197319167528E+06,  1.317245502227626E+01,  1.341065578258799E+02,  1.381072993152440E+02,  2.572389306413100E-03,  2.703109055152238E-03,  2.732975739079733E+01,
2462208.500000000, A.D. 2029-Mar-13 00:00:00.0000,  4.916503358766317E-02,  2.454358955782055E-03,  5.026155207419560E+00,  2.809643660675738E+02,  2.611993060344947E+02,  2.462197588747056E+06,  1.310455761593228E+01,  1.429871428685165E+02,  1.462180895540009E+02,  2.581267036321531E-03,  2.708175116861008E-03,  2.747135848083254E+01,
2462209.500000000, A.D. 2029-Mar-14 00:00:00.0000,  4.821264385572772E-02,  2.462845287352987E-03,  5.014634058911407E+00,  2.807857045921883E+02,  2.652127018109672E+02,  2.462197861444202E+06,  1.305647579823624E+01,  1.519585220972394E+02,  1.544235977585354E+02,  2.587600341036331E-03,  2.712355394719676E-03,  2.757252458957043E+01,
2462210.500000000, A.D. 2029-Mar-15 00:00:00.0000,  4.822335725764981E-02,  2.465496360075261E-03,  5.006199490060186E+00,  2.805712437780476E+02,  2.688569395177497E+02,  2.462198129161823E+06,  1.303520252626877E+01,  1.612563810638161E+02,  1.629357532596255E+02,  2.590414861381171E-03,  2.715333362687080E-03,  2.761752257201386E+01,
2462211.500000000, A.D. 2029-Mar-16 00:00:00.0000,  4.932407679808701E-02,  2.461582323085770E-03,  5.001803193219170E+00,  2.803371976541112E+02,  2.720974497927939E+02,  2.462198393015756E+06,  1.304364479290132E+01,  1.709628467839642E+02,  1.717995612375348E+02,  2.589297007538664E-03,  2.717011691991558E-03,  2.759964762271976E+01,
2462212.500000000, A.D. 2029-Mar-17 00:00:00.0000,  5.146729288770499E-02,  2.451433528512286E-03,  5.001763436510707E+00,  2.801029117541556E+02,  2.750188011291292E+02,  2.462226181610439E+06,  1.308037067122117E+01,  1.810394640762201E+02,  1.809389535269698E+02,  2.584448074516491E-03,  2.717462620520696E-03,  2.752215583554184E+01,
2462213.500000000, A.D. 2029-Mar-18 00:00:00.0000,  5.442730669750785E-02,  2.436397865006336E-03,  5.005714262416793E+00,  2.798877431271735E+02,  2.777241168771278E+02,  2.462226329522656E+06,  1.313989319509791E+01,  1.914214425566647E+02,  1.902638497421810E+02,  2.576637293212234E-03,  2.716876721418132E-03,  2.739748296693195E+01,
2462214.500000000, A.D. 2029-Mar-19 00:00:00.0000,  5.783869675753214E-02,  2.418592336992485E-03,  5.012658785107271E+00,  2.797079160881164E+02,  2.802440341740197E+02,  2.462226449694689E+06,  1.321343257668664E+01,  2.021035149130497E+02,  1.997671546083031E+02,  2.567068217160745E-03,  2.715544097329004E-03,  2.724500222865424E+01,
2462215.500000000, A.D. 2029-Mar-20 00:00:00.0000,  6.127151047731531E-02,  2.400506653262161E-03,  5.021121594157750E+00,  2.795738422059653E+02,  2.825037793706657E+02,  2.462226548146746E+06,  1.329007385410108E+01,  2.131693137989272E+02,  2.095622160612390E+02,  2.557189517581113E-03,  2.713872381900066E-03,  2.708788558679907E+01,
2462216.500000000, A.D. 2029-Mar-21 00:00:00.0000,  6.432637600947690E-02,  2.384550480716879E-03,  5.029383086794984E+00,  2.794883275710507E+02,  2.843407077843120E+02,  2.462226623181944E+06,  1.335821924440294E+01,  2.247723161423941E+02,  2.198676513692538E+02,  2.548485304680375E-03,  2.712420128643872E-03,  2.694969991234715E+01,
2462217.500000000, A.D. 2029-Mar-22 00:00:00.0000,  6.673059015699083E-02,  2.372625139900226E-03,  5.035766424355145E+00,  2.794459662683813E+02,  2.855444644781840E+02,  2.462226666965291E+06,  1.340721650051047E+01,  2.370965116913966E+02,  2.309667840728499E+02,  2.542272483032888E-03,  2.711919826165551E-03,  2.685121106131860E+01,
2462218.500000000, A.D. 2029-Mar-23 00:00:00.0000,  6.841514230157164E-02,  2.365778539523453E-03,  5.038936771187548E+00,  2.794338657996141E+02,  2.859082736587791E+02,  2.462226668247469E+06,  1.342901833862783E+01,  2.503084549401074E+02,  2.431526677329621E+02,  2.539520173576395E-03,  2.713261807629337E-03,  2.680761846638335E+01,
2462219.500000000, A.D. 2029-Mar-24 00:00:00.0000,  6.954533165517802E-02,  2.364003736875927E-03,  5.038164105310451E+00,  2.794336888554885E+02,  2.852976961150236E+02,  2.462226616838461E+06,  1.341968613036881E+01,  2.644942616177303E+02,  2.566518864826377E+02,  2.540697378714035E-03,  2.717391020552144E-03,  2.682626080093769E+01,
2462220.500000000, A.D. 2029-Mar-25 00:00:00.0000,  7.046873001460233E-02,  2.366267238564540E-03,  5.033497486984788E+00,  2.794248254975772E+02,  2.837370252742106E+02,  2.462226510176953E+06,  1.338049215458468E+01,  2.795808744280581E+02,  2.715266381491625E+02,  2.545656413045375E-03,  2.725045587526211E-03,  2.690483995961613E+01,
2462221.500000000, A.D. 2029-Mar-26 00:00:00.0000,  7.155719978819285E-02,  2.370846864593715E-03,  5.025803261932990E+00,  2.793883114810593E+02,  2.814731442110973E+02,  2.462226359416709E+06,  1.331831375044126E+01,  2.952807636298250E+02,  2.875954800510110E+02,  2.553573428597702E-03,  2.736299992601689E-03,  2.703044895515189E+01,
2462222.500000000, A.D. 2029-Mar-27 00:00:00.0000,  7.298558893332471E-02,  2.375927216309641E-03,  5.016635737866824E+00,  2.793108689787790E+02,  2.789350867793964E+02,  2.462226188916988E+06,  1.324499496047075E+01,  3.111403130794013E+02,  3.044559507325183E+02,  2.562988436798694E-03,  2.750049657287747E-03,  2.718007829179310E+01,
2462223.500000000, A.D. 2029-Mar-28 00:00:00.0000,  7.458261148336048E-02,  2.380172146284581E-03,  5.007939333227003E+00,  2.791882006377791E+02,  2.765556207917548E+02,  2.462226025621163E+06,  1.317545730829481E+01,  3.267237861861012E+02,  3.216463189874908E+02,  2.571998512044152E-03,  2.763824877803723E-03,  2.732352977026130E+01,
2462224.500000000, A.D. 2029-Mar-29 00:00:00.0000,  7.588909332489707E-02,  2.382941408822912E-03,  5.001625597239718E+00,  2.790265429257539E+02,  2.745625557474563E+02,  2.462225884909018E+06,  1.312465406797742E+01,  3.418235482185901E+02,  3.388446440345966E+02,  2.578631408427584E-03,  2.774321408032256E-03,  2.742929437495476E+01,
2462225.500000000, A.D. 2029-Mar-30 00:00:00.0000,  7.641069664816513E-02,  2.384101932685756E-03,  4.999117819639417E+00,  2.788416834882314E+02,  2.728962342154276E+02,  2.462225764101841E+06,  1.310396968141854E+01,  3.565392174780455E+02,  3.559552306250661E+02,  2.581344244713008E-03,  2.778586556740261E-03,  2.747259103556083E+01,
2462226.500000000, A.D. 2029-Mar-31 00:00:00.0000,  7.590246563183276E-02,  2.383694678000473E-03,  5.000988977332071E+00,  2.786553107612848E+02,  2.712913389112620E+02,  2.462225647138154E+06,  1.311814855103152E+01,  1.118796839318121E+01,  1.304764613275071E+01,  2.579483863281028E-03,  2.775273048561584E-03,  2.744289703684534E+01,
2462227.500000000, A.D. 2029-Apr-01 00:00:00.0000,  7.451058577906659E-02,  2.381748977219779E-03,  5.006809266959181E+00,  2.784895456473066E+02,  2.694528674170357E+02,  2.462225515955197E+06,  1.316391198784222E+01,  2.611779116829561E+01,  3.021459152140697E+01,  2.573502128303335E-03,  2.765255279386892E-03,  2.734749368823528E+01,
2462228.500000000, A.D. 2029-Apr-02 00:00:00.0000,  7.269156484093132E-02,  2.378373452897615E-03,  5.015257450770454E+00,  2.783613065626254E+02,  2.672447793414433E+02,  2.462225362807360E+06,  1.323085805064863E+01,  4.150775050140719E+01,  4.741929798852571E+01,  2.564813780098564E-03,  2.751254107299513E-03,  2.720911966721246E+01,
2462229.500000000, A.D. 2029-Apr-03 00:00:00.0000,  7.095354539232604E-02,  2.374055303207019E-03,  5.024459582223427E+00,  2.782782545794907E+02,  2.648120592856548E+02,  2.462225197839883E+06,  1.330428886499125E+01,  5.723718094304998E+01,  6.439957720699965E+01,  2.555367701402570E-03,  2.736680099598120E-03,  2.705894344697368E+01,
2462230.500000000, A.D. 2029-Apr-04 00:00:00.0000,  6.957452890772037E-02,  2.369915157487191E-03,  5.032445566109671E+00,  2.782373784471177E+02,  2.625515975218937E+02,  2.462225046258457E+06,  1.336887788091953E+01,  7.291040467791977E+01,  8.070648972512174E+01,  2.547130566734176E-03,  2.724345975981161E-03,  2.692821366210570E+01,
2462231.500000000, A.D. 2029-Apr-05 00:00:00.0000,  6.848011382257316E-02,  2.367616031069705E-03,  5.037591662190064E+00,  2.782262635705484E+02,  2.609252426062911E+02,  2.462224935398796E+06,  1.341198489994595E+01,  8.804433222002783E+01,  9.588542547538263E+01,  2.541669873292157E-03,  2.715723715514609E-03,  2.684166457728794E+01,
2462232.500000000, A.D. 2029-Apr-06 00:00:00.0000,  6.734517003407264E-02,  2.368868623472099E-03,  5.038944023874974E+00,  2.782263053390398E+02,  2.602504561802628E+02,  2.462224881645239E+06,  1.342584780525728E+01,  1.022828715406095E+02,  1.096701807232055E+02,  2.539919965415974E-03,  2.710971307359848E-03,  2.681394912424313E+01,
2462233.500000000, A.D. 2029-Apr-07 00:00:00.0000,  6.581222049844558E-02,  2.374815714340233E-03,  5.036369486771162E+00,  2.782168246835802E+02,  2.606141499058821E+02,  2.462224886694248E+06,  1.340843741681039E+01,  1.154909711270915E+02,  1.220509863268643E+02,  2.542118154882460E-03,  2.709420595424686E-03,  2.684876610220530E+01,
2462234.500000000, A.D. 2029-Apr-08 00:00:00.0000,  6.367352618757621E-02,  2.385626268298995E-03,  5.030529777347132E+00,  2.781791291593170E+02,  2.619146277296642E+02,  2.462224942269422E+06,  1.336315819356764E+01,  1.277214656892443E+02,  1.332160762617756E+02,  2.547857328636114E-03,  2.710088388973233E-03,  2.693973945270558E+01,
2462235.500000000, A.D. 2029-Apr-09 00:00:00.0000,  6.094722276211623E-02,  2.400412570712864E-03,  5.022710962891282E+00,  2.780998213298089E+02,  2.639482865605171E+02,  2.462225036841124E+06,  1.329774287268089E+01,  1.391363963717614E+02,  1.434522990364229E+02,  2.556206241968000E-03,  2.711999913223135E-03,  2.707226357486503E+01,
2462236.500000000, A.D. 2029-Apr-10 00:00:00.0000,  5.786078516529567E-02,  2.417406192792444E-03,  5.014558966808297E+00,  2.779729310479394E+02,  2.664835691896792E+02,  2.462225160467918E+06,  1.322269387427544E+01,  1.499391613987256E+02,  1.530628235110146E+02,  2.565869411577960E-03,  2.714332630363477E-03,  2.722591957606875E+01,
2462237.500000000, A.D. 2029-Apr-11 00:00:00.0000,  5.478069389153860E-02,  2.434293481646854E-03,  5.007777170115407E+00,  2.778006815072732E+02,  2.693137415670991E+02,  2.462225307550966E+06,  1.314956053260573E+01,  1.603253466068203E+02,  1.623101214357149E+02,  2.575374271256712E-03,  2.716455060866571E-03,  2.737734079457194E+01,
2462238.500000000, A.D. 2029-Apr-12 00:00:00.0000,  5.211999680720489E-02,  2.448636362288547E-03,  5.003837687260985E+00,  2.775928932923472E+02,  2.722975215682095E+02,  2.462225478409010E+06,  1.308926824156991E+01,  1.704430974045432E+02,  1.713746633721543E+02,  2.583276737604626E-03,  2.717917112920705E-03,  2.750344735519164E+01,
2462239.500000000, A.D. 2029-Apr-13 00:00:00.0000,  5.024467041658706E-02,  2.458317641225300E-03,  5.003747722663472E+00,  2.773652018088246E+02,  2.753854583383555E+02,  2.462253264415747E+06,  1.305065713149152E+01,  1.803653294620984E+02,  1.803307920723374E+02,  2.588369409102006E-03,  2.718421176978712E-03,  2.758481786570824E+01,
2462240.500000000, A.D. 2029-Apr-14 00:00:00.0000,  4.939515795639140E-02,  2.461939155927099E-03,  5.007899532148430E+00,  2.771364126720044E+02,  2.786115954734556E+02,  2.462253530207703E+06,  1.303934653528494E+01,  1.900946063312303E+02,  1.891595204847159E+02,  2.589865995879451E-03,  2.717792835831804E-03,  2.760874550161137E+01,
2462241.500000000, A.D. 2029-Apr-15 00:00:00.0000,  4.963835504550908E-02,  2.459088836419624E-03,  5.016019069238062E+00,  2.769254291533048E+02,  2.820348189275246E+02,  2.462253783306392E+06,  1.305701163570110E+01,  1.996167255149693E+02,  1.978130264289399E+02,  2.587529546752047E-03,  2.715970257084470E-03,  2.757139306023677E+01,
2462242.500000000, A.D. 2029-Apr-16 00:00:00.0000,  5.085993656169014E-02,  2.450410836060650E-03,  5.027215749764757E+00,  2.767482317723826E+02,  2.856548750967274E+02,  2.462254027358667E+06,  1.310113341671971E+01,  2.089785361575658E+02,  2.063049331310598E+02,  2.581716788124936E-03,  2.713022740189221E-03,  2.747853857747657E+01,
2462243.500000000, A.D. 2029-Apr-17 00:00:00.0000,  5.279560527507030E-02,  2.437466529246819E-03,  5.040124622957824E+00,  2.766153613635772E+02,  2.893589180705013E+02,  2.462254260539281E+06,  1.316525674521916E+01,  2.183347376541290E+02,  2.147695542594328E+02,  2.573326879416205E-03,  2.709187229585591E-03,  2.734470029463957E+01,
2462244.500000000, A.D. 2029-Apr-18 00:00:00.0000,  5.509153985984330E-02,  2.422427783587173E-03,  5.053122656779860E+00,  2.765302654566670E+02,  2.929269216125538E+02,  2.462254474797932E+06,  1.323976008419380E+01,  2.279360684916353E+02,  2.234608547821007E+02,  2.563663979924424E-03,  2.704900176261675E-03,  2.719082503842222E+01,
2462245.500000000, A.D. 2029-Apr-19 00:00:00.0000,  5.738424261929931E-02,  2.407666810886155E-03,  5.064592346787905E+00,  2.764887427679432E+02,  2.960745325326270E+02,  2.462254657807483E+06,  1.331310114541197E+01,  2.380811827047226E+02,  2.327117545643059E+02,  2.554239935025565E-03,  2.700813059164975E-03,  2.704103244374921E+01,
2462246.500000000, A.D. 2029-Apr-20 00:00:00.0000,  5.939073734577419E-02,  2.395308120554021E-03,  5.073197881308609E+00,  2.764795896115371E+02,  2.985017246803393E+02,  2.462254795181504E+06,  1.337345325718527E+01,  2.490647779041149E+02,  2.428847580512127E+02,  2.546549577658744E-03,  2.697791034763466E-03,  2.691900088008904E+01,
2462247.500000000, A.D. 2029-Apr-21 00:00:00.0000,  6.099356377343352E-02,  2.386810504849342E-03,  5.078131900302370E+00,  2.764864233789920E+02,  2.999412174138251E+02,  2.462254872621756E+06,  1.341058460306294E+01,  2.611288321964931E+02,  2.543194211156923E+02,  2.541846799731034E-03,  2.696883094612727E-03,  2.684446731112505E+01,
2462248.500000000, A.D. 2029-Apr-22 00:00:00.0000,  6.229083353138821E-02,  2.382663850145423E-03,  5.079286456089299E+00,  2.764905168954242E+02,  3.002225840530336E+02,  2.462254879491656E+06,  1.341775464441257E+01,  2.744015462051392E+02,  2.672603666179029E+02,  2.540941195145263E-03,  2.699218540145103E-03,  2.683012244153022E+01,
2462249.500000000, A.D. 2029-Apr-23 00:00:00.0000,  6.356746159602895E-02,  2.382314022579526E-03,  5.077304038932343E+00,  2.764742997539095E+02,  2.993589952492964E+02,  2.462254814812223E+06,  1.339331245665454E+01,  2.888170592518753E+02,  2.817588704496445E+02,  2.544031657250905E-03,  2.705749291922284E-03,  2.687908619806237E+01,
2462250.500000000, A.D. 2029-Apr-24 00:00:00.0000,  6.515359920032149E-02,  2.384420303638569E-03,  5.073478227096068E+00,  2.764249653363334E+02,  2.976135176473999E+02,  2.462254693023921E+06,  1.334160078298942E+01,  3.040583487710339E+02,  2.975917948447360E+02,  2.550601148593937E-03,  2.716781993549307E-03,  2.698326878877990E+01,
2462251.500000000, A.D. 2029-Apr-25 00:00:00.0000,  6.720500683571648E-02,  2.387408793751802E-03,  5.069501734008596E+00,  2.763374148515819E+02,  2.954505330657145E+02,  2.462254542601876E+06,  1.327274935846193E+01,  3.196163078974021E+02,  3.142943512628802E+02,  2.559414245624421E-03,  2.731419697497041E-03,  2.712324253832799E+01,
2462252.500000000, A.D. 2029-Apr-26 00:00:00.0000,  6.954341470243160E-02,  2.390036840191021E-03,  5.067100274542748E+00,  2.762156907221928E+02,  2.933348189075416E+02,  2.462254393759815E+06,  1.320106731669021E+01,  3.350003492043243E+02,  3.313480748459693E+02,  2.568670992238360E-03,  2.747305144285700E-03,  2.727052225124625E+01,
2462253.500000000, A.D. 2029-Apr-27 00:00:00.0000,  7.170158949373924E-02,  2.391621111468873E-03,  5.067633434377561E+00,  2.760722536794643E+02,  2.915059567241075E+02,  2.462254263161304E+06,  1.314209524287194E+01,  3.499704614577773E+02,  3.484018129122535E+02,  2.576349463061741E-03,  2.761077814654609E-03,  2.739289233162863E+01,
2462254.500000000, A.D. 2029-Apr-28 00:00:00.0000,  7.316546714315419E-02,  2.391876689718105E-03,  5.071770141375320E+00,  2.759250189980047E+02,  2.899011572009345E+02,  2.462254147903772E+06,  1.310891955071483E+01,  4.615601130961148E+00,  5.357621523268271E+00,  2.580694401130543E-03,  2.769512112542982E-03,  2.746221750825903E+01,
2462255.500000000, A.D. 2029-Apr-29 00:00:00.0000,  7.365247342132328E-02,  2.390629098823413E-03,  5.079336998784247E+00,  2.757928510078493E+02,  2.882530164437111E+02,  2.462254031446143E+06,  1.310884368590386E+01,  1.925104295410480E+01,  2.229607259687422E+01,  2.580704357956066E-03,  2.770779617088719E-03,  2.746237644035023E+01,
2462256.500000000, A.D. 2029-Apr-30 00:00:00.0000,  7.325577191350098E-02,  2.387679463313406E-03,  5.089386707729842E+00,  2.756908477196529E+02,  2.862727678648723E+02,  2.462253895672227E+06,  1.314157949104599E+01,  3.422498045369606E+01,  3.932496683183371E+01,  2.576416869888019E-03,  2.765154276462632E-03,  2.739396738765578E+01,
2462257.500000000, A.D. 2029-May-01 00:00:00.0000,  7.237743206373427E-02,  2.382935852089998E-03,  5.100459841488914E+00,  2.756268392861394E+02,  2.838321624050030E+02,  2.462253732930961E+06,  1.319958264078667E+01,  4.972373909714871E+01,  5.642800191689489E+01,  2.568863602996906E-03,  2.754791353903814E-03,  2.727358961241706E+01,
2462258.500000000, A.D. 2029-May-02 00:00:00.0000,  7.148898619685673E-02,  2.376739402209909E-03,  5.110952240674732E+00,  2.756000006073663E+02,  2.810728007418106E+02,  2.462253552845255E+06,  1.327027759960992E+01,  6.565011679086395E+01,  7.337489544802958E+01,  2.559732051507801E-03,  2.742724700805694E-03,  2.712829458899807E+01,
2462259.500000000, A.D. 2029-May-03 00:00:00.0000,  7.085905495932912E-02,  2.370146697936369E-03,  5.119479926879885E+00,  2.756016670735773E+02,  2.783724705921620E+02,  2.462253379092581E+06,  1.333924733421088E+01,  8.164829797809219E+01,  8.975946717003298E+01,  2.550901142164844E-03,  2.731655586393318E-03,  2.698802945775777E+01,
2462260.500000000, A.D. 2029-May-04 00:00:00.0000,  7.041895485108890E-02,  2.364880237843143E-03,  5.125154202099983E+00,  2.756177882674053E+02,  2.761681498804397E+02,  2.462253236884981E+06,  1.339334107672949E+01,  9.727737672489295E+01,  1.051685044396846E+02,  2.544028033041820E-03,  2.723175828240496E-03,  2.687902876045535E+01,
2462261.500000000, A.D. 2029-May-05 00:00:00.0000,  6.983821179658656E-02,  2.362872804792509E-03,  5.127720985762154E+00,  2.756321817904731E+02,  2.747596015648036E+02,  2.462253140481774E+06,  1.342298155432911E+01,  1.122096589464494E+02,  1.193632567428305E+02,  2.540281523880211E-03,  2.717690242967912E-03,  2.681967479005398E+01,
2462262.500000000, A.D. 2029-May-06 00:00:00.0000,  6.872480269154828E-02,  2.365651228177380E-03,  5.127558793448120E+00,  2.756298000330740E+02,  2.742261237218828E+02,  2.462253089569430E+06,  1.342340668291302E+01,  1.263200366008577E+02,  1.323464858440572E+02,  2.540227888613942E-03,  2.714804549050503E-03,  2.681882539238363E+01,
2462263.500000000, A.D. 2029-May-07 00:00:00.0000,  6.681012908695826E-02,  2.373875160519064E-03,  5.125558387236837E+00,  2.755994239281922E+02,  2.744642863533397E+02,  2.462253073889230E+06,  1.339491548255403E+01,  1.396568725773448E+02,  1.443106964120402E+02,  2.543828683220107E-03,  2.713782205921149E-03,  2.687586946471410E+01,
2462264.500000000, A.D. 2029-May-08 00:00:00.0000,  6.404393890003302E-02,  2.387162205977453E-03,  5.122923009311004E+00,  2.755354209606853E+02,  2.752729688143245E+02,  2.462253080240545E+06,  1.334234186483537E+01,  1.523663346615567E+02,  1.555426593450534E+02,  2.550506701320978E-03,  2.713851196664504E-03,  2.698177004059564E+01,
2462265.500000000, A.D. 2029-May-09 00:00:00.0000,  6.059993991451003E-02,  2.404162443168319E-03,  5.120933814979698E+00,  2.754384039432951E+02,  2.764326236710542E+02,  2.462253098180072E+06,  1.327400357618813E+01,  1.646218020703373E+02,  1.663374332205550E+02,  2.559253022561579E-03,  2.714343601954839E-03,  2.712067975074183E+01,
2462266.500000000, A.D. 2029-May-10 00:00:00.0000,  5.682081239504903E-02,  2.422806144005359E-03,  5.120723148454443E+00,  2.753148016910440E+02,  2.777702278081945E+02,  2.462253124145011E+06,  1.320033891007481E+01,  1.765658190692767E+02,  1.769299653660981E+02,  2.568765485758521E-03,  2.714724827511683E-03,  2.727202706327787E+01,
2462267.500000000, A.D. 2029-May-11 00:00:00.0000,  5.312898161813374E-02,  2.440671100237894E-03,  5.123090632935029E+00,  2.751755055859015E+02,  2.792171840075662E+02,  2.462280577835834E+06,  1.313240039377577E+01,  1.882566235481403E+02,  1.874363911923228E+02,  2.577617281399977E-03,  2.714563462562060E-03,  2.741311483090521E+01,
2462268.500000000, A.D. 2029-May-12 00:00:00.0000,  4.992463555674176E-02,  2.455423669559337E-03,  5.128385757670071E+00,  2.750338768695552E+02,  2.808523936311028E+02,  2.462280760638329E+06,  1.308034491497613E+01,  1.996266217748732E+02,  1.978122184928652E+02,  2.584451467171984E-03,  2.713479264784632E-03,  2.752221002886735E+01,
2462269.500000000, A.D. 2029-May-13 00:00:00.0000,  4.749568604760300E-02,  2.465257892077472E-03,  5.136468114921943E+00,  2.749034705906741E+02,  2.828951008172365E+02,  2.462280955055202E+06,  1.305204786815318E+01,  2.104880711719311E+02,  2.078622702801121E+02,  2.588185539914181E-03,  2.711113187750891E-03,  2.758187861679508E+01,
2462270.500000000, A.D. 2029-May-14 00:00:00.0000,  4.596794318098914E-02,  2.469221857254690E-03,  5.146744879520615E+00,  2.747958422632209E+02,  2.856111291670012E+02,  2.462281178657657E+06,  1.305196950604253E+01,  2.206224859011214E+02,  2.173382744136677E+02,  2.588195899294739E-03,  2.707169941334788E-03,  2.758204421434900E+01,
2462271.500000000, A.D. 2029-May-15 00:00:00.0000,  4.530982972373323E-02,  2.467342863958837E-03,  5.158275919044937E+00,  2.747187574952133E+02,  2.891551689946145E+02,  2.462281443764096E+06,  1.308040493183492E+01,  2.299315390846131E+02,  2.261009256712053E+02,  2.584443561668642E-03,  2.701544259378447E-03,  2.752208374863356E+01,
2462272.500000000, A.D. 2029-May-16 00:00:00.0000,  4.537499527874440E-02,  2.460552609750294E-03,  5.169930277666535E+00,  2.746750431156063E+02,  2.934430355912462E+02,  2.462281747046297E+06,  1.313324340702350E+01,  2.385562901791084E+02,  2.342519013916806E+02,  2.577506976646562E-03,  2.694461343542831E-03,  2.741135520319956E+01,
2462273.500000000, A.D. 2029-May-17 00:00:00.0000,  4.595162617143256E-02,  2.450479318001017E-03,  5.180572912189820E+00,  2.746622246896030E+02,  2.981349368775042E+02,  2.462282067819602E+06,  1.320233653335064E+01,  2.468847622532512E+02,  2.421540909784403E+02,  2.568506362174611E-03,  2.686533406348204E-03,  2.726790057885573E+01,
2462274.500000000, A.D. 2029-May-18 00:00:00.0000,  4.680790175883825E-02,  2.439151512163583E-03,  5.189256438813925E+00,  2.746730045279501E+02,  3.027225931453311E+02,  2.462282374326048E+06,  1.327651989730982E+01,  2.554563535457362E+02,  2.503464284530257E+02,  2.558929639329078E-03,  2.678707766494573E-03,  2.711553952274389E+01,
2462275.500000000, A.D. 2029-May-19 00:00:00.0000,  4.774720917070013E-02,  2.428617426139561E-03,  5.195388976009299E+00,  2.746965445632783E+02,  3.066541913803337E+02,  2.462282632404696E+06,  1.334324586541653E+01,  2.648305705304365E+02,  2.594186036391175E+02,  2.550391502685460E-03,  2.672165579231358E-03,  2.697994203442358E+01,
2462276.500000000, A.D. 2029-May-20 00:00:00.0000,  4.867941791518113E-02,  2.420508017188599E-03,  5.198847213473043E+00,  2.747204153458167E+02,  3.094489615742875E+02,  2.462282812626543E+06,  1.339067035271320E+01,  2.754696988966851E+02,  2.698932829441521E+02,  2.544366287002912E-03,  2.668224556817224E-03,  2.688438969204087E+01,
2462277.500000000, A.D. 2029-May-21 00:00:00.0000,  4.968109899966008E-02,  2.415646625519950E-03,  5.200006538917438E+00,  2.747329440622660E+02,  3.108030242335919E+02,  2.462282896398347E+06,  1.340990536307040E+01,  2.876348088683192E+02,  2.821139350445058E+02,  2.541932632274443E-03,  2.668218639028935E-03,  2.684582704001816E+01,
2462278.500000000, A.D. 2029-May-22 00:00:00.0000,  5.098694653846392E-02,  2.413873336889818E-03,  5.199670870757913E+00,  2.747255525945154E+02,  3.106991811539708E+02,  2.462282882856437E+06,  1.339702384328964E+01,  3.012827678198722E+02,  2.961258699805701E+02,  2.543561785673218E-03,  2.673250234456619E-03,  2.687163986651545E+01,
2462279.500000000, A.D. 2029-May-23 00:00:00.0000,  5.286324143643063E-02,  2.414233713456787E-03,  5.198905316101486E+00,  2.746945709374210E+02,  3.094687972282832E+02,  2.462282793657397E+06,  1.335432188898344E+01,  3.160154389251334E+02,  3.116034281702915E+02,  2.548981117698590E-03,  2.683728521940393E-03,  2.695756497355209E+01,
2462280.500000000, A.D. 2029-May-24 00:00:00.0000,  5.539793579015478E-02,  2.415491206577014E-03,  5.198801796599184E+00,  2.746420211965104E+02,  3.076874173981209E+02,  2.462282667166653E+06,  1.329036510696302E+01,  3.311975639346615E+02,  3.279438263614521E+02,  2.557152157609946E-03,  2.698813108642877E-03,  2.708729196697469E+01,
2462281.500000000, A.D. 2029-May-25 00:00:00.0000,  5.835735836952363E-02,  2.416638097006007E-03,  5.200232602250584E+00,  2.745750602481652E+02,  3.058907518342090E+02,  2.462282539917165E+06,  1.321854082557619E+01,  3.462538124913670E+02,  3.445442578433189E+02,  2.566406819493159E-03,  2.716175541980310E-03,  2.723447351340367E+01,
2462282.500000000, A.D. 2029-May-26 00:00:00.0000,  6.124880006665132E-02,  2.417062674275001E-03,  5.203657654886512E+00,  2.745041379455135E+02,  3.043162692092027E+02,  2.462282428808995E+06,  1.315423685999348E+01,  9.364633466601318E-01,  1.060646758397813E+00,  2.574763871882788E-03,  2.732465069490573E-03,  2.736760815786149E+01,
2462283.500000000, A.D. 2029-May-27 00:00:00.0000,  6.355801631542249E-02,  2.416380159222115E-03,  5.209039490785431E+00,  2.744403525174035E+02,  3.028619123263389E+02,  2.462282327764223E+06,  1.311128296593130E+01,  1.536951496834320E+01,  1.745897071328644E+01,  2.580384264398836E-03,  2.744388369575557E-03,  2.745726722056365E+01,
2462284.500000000, A.D. 2029-May-28 00:00:00.0000,  6.500059942157534E-02,  2.414204790969712E-03,  5.215886869202426E+00,  2.743927698192900E+02,  3.012298747183714E+02,  2.462282217308338E+06,  1.309868219133945E+01,  2.990025261847464E+01,  3.389043343224078E+01,  2.582038864919269E-03,  2.749872938868825E-03,  2.748368078111124E+01,
2462285.500000000, A.D. 2029-May-29 00:00:00.0000,  6.564440541318510E-02,  2.410093826107975E-03,  5.223406475893716E+00,  2.743664637852788E+02,  2.991270913353154E+02,  2.462282078324571E+06,  1.311864946859822E+01,  4.488776054643721E+01,  5.051407461442794E+01,  2.579418200170088E-03,  2.748742574232201E-03,  2.744184916760852E+01,
2462286.500000000, A.D. 2029-May-30 00:00:00.0000,  6.584581812334624E-02,  2.403733724446873E-03,  5.230710820634969E+00,  2.743617348162164E+02,  2.964415058353535E+02,  2.462281904070175E+06,  1.316649189411340E+01,  6.051227278100060E+01,  6.734079016859006E+01,  2.573165940999087E-03,  2.742598157551302E-03,  2.734213508770337E+01,
2462287.500000000, A.D. 2029-May-31 00:00:00.0000,  6.603181232155371E-02,  2.395296876318620E-03,  5.237021577725369E+00,  2.743745373491159E+02,  2.933380316029301E+02,  2.462281706153626E+06,  1.323216388389626E+01,  7.666512474061004E+01,  8.414918874722633E+01,  2.564645036007684E-03,  2.733993195696747E-03,  2.720643449996302E+01,
2462288.500000000, A.D. 2029-Jun-01 00:00:00.0000,  6.644514242363642E-02,  2.385753035965217E-03,  5.241820526881641E+00,  2.743978046256976E+02,  2.902112441868379E+02,  2.462281510089916E+06,  1.330280743460222E+01,  9.298542783105006E+01,  1.005345045183481E+02,  2.555557412189958E-03,  2.725361788414700E-03,  2.706195679143609E+01,
2462289.500000000, A.D. 2029-Jun-02 00:00:00.0000,  6.700762654825296E-02,  2.376858145750487E-03,  5.244923994066495E+00,  2.744232078921214E+02,  2.874990510253756E+02,  2.462281341581180E+06,  1.336546316699243E+01,  1.090410462443930E+02,  1.160884142726157E+02,  2.547564388931647E-03,  2.718270632112807E-03,  2.693509349448226E+01,
2462290.500000000, A.D. 2029-Jun-03 00:00:00.0000,  6.737768268824235E-02,  2.370729725721423E-03,  5.246479507609245E+00,  2.744429090484151E+02,  2.854849512664157E+02,  2.462281213443552E+06,  1.340934008646802E+01,  1.245265936389228E+02,  1.305860222562647E+02,  2.542004069294574E-03,  2.713278412867724E-03,  2.684695873761099E+01,
2462291.500000000, A.D. 2029-Jun-04 00:00:00.0000,  6.713430866970355E-02,  2.369228049348499E-03,  5.246899175576121E+00,  2.744509774074003E+02,  2.842194794149044E+02,  2.462281122145595E+06,  1.342734509132474E+01,  1.393470324043667E+02,  1.440529648038832E+02,  2.539731143901224E-03,  2.710234238453948E-03,  2.681095909515218E+01,
2462292.500000000, A.D. 2029-Jun-05 00:00:00.0000,  6.596011088143845E-02,  2.373449836994556E-03,  5.246752558484790E+00,  2.744442734247914E+02,  2.835631092852757E+02,  2.462281052946085E+06,  1.341682691245698E+01,  1.535831410385642E+02,  1.567125507339574E+02,  2.541058325929038E-03,  2.708666814863520E-03,  2.683197766125719E+01,
2462293.500000000, A.D. 2029-Jun-06 00:00:00.0000,  6.374824848408796E-02,  2.383478056237925E-03,  5.246644313607030E+00,  2.744227249247947E+02,  2.832746828916122E+02,  2.462280987458340E+06,  1.337962666995616E+01,  1.674131360956892E+02,  1.688897139573620E+02,  2.545766192029833E-03,  2.708054327821741E-03,  2.690658034639911E+01,
2462294.500000000, A.D. 2029-Jun-07 00:00:00.0000,  6.062547279799837E-02,  2.398370895805241E-03,  5.247100188870416E+00,  2.743890284136011E+02,  2.830946010288898E+02,  2.462307933878520E+06,  1.332157022670004E+01,  1.810396438779502E+02,  1.809224935370441E+02,  2.553157261937867E-03,  2.707943628070494E-03,  2.702384132453563E+01,
2462295.500000000, A.D. 2029-Jun-08 00:00:00.0000,  5.690973049083626E-02,  2.416334563655510E-03,  5.248480035321585E+00,  2.743478961843413E+02,  2.828189445976607E+02,  2.462307979728190E+06,  1.325153122777835E+01,  1.946244921814965E+02,  1.930844227677615E+02,  2.562145577976438E-03,  2.707956592297365E-03,  2.716667182169518E+01,
2462296.500000000, A.D. 2029-Jun-09 00:00:00.0000,  5.301996457004049E-02,  2.435049887974082E-03,  5.250929396692096E+00,  2.743050305147627E+02,  2.823767608629420E+02,  2.462308015932332E+06,  1.318017593632955E+01,  2.082179857941747E+02,  2.055050903527494E+02,  2.571384608830207E-03,  2.707719329686332E-03,  2.731374768736613E+01,
2462297.500000000, A.D. 2029-Jun-10 00:00:00.0000,  4.935597483738012E-02,  2.452127831552985E-03,  5.254373311143231E+00,  2.742660304391114E+02,  2.819028264079863E+02,  2.462308043165527E+06,  1.311849433907241E+01,  2.216895427169334E+02,  2.180962040218751E+02,  2.579438534980028E-03,  2.706749238407071E-03,  2.744217367444130E+01,
2462298.500000000, A.D. 2029-Jun-11 00:00:00.0000,  4.618198678180465E-02,  2.465612732037897E-03,  5.258548733266315E+00,  2.742354228930395E+02,  2.817574482484542E+02,  2.462308081683171E+06,  1.307623604426896E+01,  2.347076491613119E+02,  2.305314560599118E+02,  2.584992837070550E-03,  2.704372942103202E-03,  2.753085817518416E+01,
2462299.500000000, A.D. 2029-Jun-12 00:00:00.0000,  4.356753177306964E-02,  2.474368781545122E-03,  5.263066537049260E+00,  2.742159670734919E+02,  2.824334069878066E+02,  2.462308165204725E+06,  1.306040343051756E+01,  2.468289304809603E+02,  2.423401313089233E+02,  2.587081538681134E-03,  2.699794295817147E-03,  2.756423275247432E+01,
2462300.500000000, A.D. 2029-Jun-13 00:00:00.0000,  4.142452489846648E-02,  2.478193536805694E-03,  5.267490716427255E+00,  2.742083228378957E+02,  2.843612225870941E+02,  2.462308325801018E+06,  1.307399780961170E+01,  2.576854946289012E+02,  2.531033737188629E+02,  2.585287858051241E-03,  2.692382179296787E-03,  2.753557138699659E+01,
2462301.500000000, A.D. 2029-Jun-14 00:00:00.0000,  3.961544080085515E-02,  2.477661861276187E-03,  5.271420861434502E+00,  2.742111132715268E+02,  2.877163756172650E+02,  2.462308578194226E+06,  1.311524679854117E+01,  2.671677358370517E+02,  2.626494400919622E+02,  2.579864323664558E-03,  2.682066786052929E-03,  2.744896878646945E+01,
2462302.500000000, A.D. 2029-Jun-15 00:00:00.0000,  3.805484498228283E-02,  2.473861371352127E-03,  5.274563834545885E+00,  2.742213537989108E+02,  2.923203450211507E+02,  2.462308911512964E+06,  1.317753553781005E+01,  2.755120600636294E+02,  2.711557430017309E+02,  2.571728084961936E-03,  2.669594798571746E-03,  2.731922057558175E+01,
2462303.500000000, A.D. 2029-Jun-16 00:00:00.0000,  3.674694861437755E-02,  2.468160405307594E-03,  5.276781776277375E+00,  2.742351651031111E+02,  2.976460735831583E+02,  2.462309289748995E+06,  1.325019550514581E+01,  2.832846938958653E+02,  2.791463920642450E+02,  2.562317764534656E-03,  2.656475123761718E-03,  2.716941043324165E+01,
2462304.500000000, A.D. 2029-Jun-17 00:00:00.0000,  3.576810460623476E-02,  2.462009135993469E-03,  5.278106667108896E+00,  2.742486344373431E+02,  3.029129624973285E+02,  2.462309659207551E+06,  1.332016231979796E+01,  2.912785179813060E+02,  2.873992384476780E+02,  2.553337166873176E-03,  2.644665197752884E-03,  2.702669767506710E+01,
2462305.500000000, A.D. 2029-Jun-18 00:00:00.0000,  3.524473426399057E-02,  2.456691603560171E-03,  5.278717377088175E+00,  2.742586469188864E+02,  3.072777690008091E+02,  2.462309962396170E+06,  1.337431481882262E+01,  3.003185087820927E+02,  2.967552085071913E+02,  2.546440212156777E-03,  2.636188820753382E-03,  2.691726678164824E+01,
2462306.500000000, A.D. 2029-Jun-19 00:00:00.0000,  3.535408028409082E-02,  2.453017262597420E-03,  5.278883464577496E+00,  2.742634929182958E+02,  3.101112378900885E+02,  2.462310157090082E+06,  1.340209704622717E+01,  3.109873238114239E+02,  3.078396121076148E+02,  2.542919855318354E-03,  2.632822448039287E-03,  2.686146792985235E+01,
2462307.500000000, A.D. 2029-Jun-20 00:00:00.0000,  3.630731840358528E-02,  2.451109168046782E-03,  5.278889369551058E+00,  2.742630918569703E+02,  3.112714657643029E+02,  2.462310234743902E+06,  1.339786592491666E+01,  3.233602678688027E+02,  3.207845359419024E+02,  2.543455206058401E-03,  2.635801244070020E-03,  2.686995093229664E+01,
2462308.500000000, A.D. 2029-Jun-21 00:00:00.0000,  3.824972547144417E-02,  2.450499465973573E-03,  5.278959781597390E+00,  2.742587670461158E+02,  3.111803437137735E+02,  2.462310225589624E+06,  1.336236491309112E+01,  3.369420417580753E+02,  3.351468024040782E+02,  2.547958166349153E-03,  2.645416866724732E-03,  2.694133877808618E+01,
2462309.500000000, A.D. 2029-Jun-22 00:00:00.0000,  4.110713127214289E-02,  2.450500959859841E-03,  5.279208068601296E+00,  2.742526422854235E+02,  3.105450880046564E+02,  2.462310179511454E+06,  1.330284666972122E+01,  3.509605633139545E+02,  3.501810224643334E+02,  2.555552387318167E-03,  2.660603814776493E-03,  2.706187697550484E+01,
2462310.500000000, A.D. 2029-Jun-23 00:00:00.0000,  4.452273910652456E-02,  2.450521215216504E-03,  5.279622807154970E+00,  2.742468592551612E+02,  3.099009170887356E+02,  2.462310134345469E+06,  1.323166818287958E+01,  4.838219426906629E+00,  5.293724292924348E+00,  2.564709088864135E-03,  2.678896962511766E-03,  2.720745374085203E+01,
2462311.500000000, A.D. 2029-Jun-24 00:00:00.0000,  4.797100242967919E-02,  2.450086318401320E-03,  5.280094470082921E+00,  2.742428764239560E+02,  3.093678351290432E+02,  2.462310098854855E+06,  1.316360842151049E+01,  1.844412603608027E+01,  2.028759131362832E+01,  2.573541693219640E-03,  2.696997068037960E-03,  2.734812434953083E+01,
2462312.500000000, A.D. 2029-Jun-25 00:00:00.0000,  5.097421529218295E-02,  2.448690077779597E-03,  5.280470429364870E+00,  2.742410726240897E+02,  3.087271140743380E+02,  2.462310058102854E+06,  1.311257706909728E+01,  3.201956452382763E+01,  3.529127519317159E+01,  2.580214486515234E-03,  2.711738895250871E-03,  2.745455741483652E+01,
2462313.500000000, A.D. 2029-Jun-26 00:00:00.0000,  5.329196275426567E-02,  2.445691075358940E-03,  5.280617561170832E+00,  2.742407579406113E+02,  3.076325795545074E+02,  2.462309988457428E+06,  1.308860814484632E+01,  4.596120470743594E+01,  5.055895381601519E+01,  2.583363591666771E-03,  2.721036107974602E-03,  2.750483443434367E+01,
2462314.500000000, A.D. 2029-Jun-27 00:00:00.0000,  5.499761454544259E-02,  2.440374558695324E-03,  5.280471221056998E+00,  2.742405472862479E+02,  3.058117695190941E+02,  2.462309871942023E+06,  1.309593140678897E+01,  6.060872980851301E+01,  6.628195012005182E+01,  2.582400421689385E-03,  2.724426284683446E-03,  2.748945369501362E+01,
2462315.500000000, A.D. 2029-Jun-28 00:00:00.0000,  5.640835125693811E-02,  2.432203605920955E-03,  5.280056331873747E+00,  2.742389399154339E+02,  3.032179915348919E+02,  2.462309706838078E+06,  1.313251810967150E+01,  7.607880385240237E+01,  8.244788739700948E+01,  2.577601878059053E-03,  2.723000150197151E-03,  2.741286910808646E+01,
2462316.500000000, A.D. 2029-Jun-29 00:00:00.0000,  5.788972820297315E-02,  2.421201941578806E-03,  5.279476842019528E+00,  2.742349058770027E+02,  3.000948808764168E+02,  2.462309511372579E+06,  1.319100411269958E+01,  9.218701304993733E+01,  9.878300520158204E+01,  2.569977224598653E-03,  2.718752507618501E-03,  2.729132649222749E+01,
2462317.500000000, A.D. 2029-Jun-30 00:00:00.0000,  5.962895254721841E-02,  2.408276866803220E-03,  5.278879472614656E+00,  2.742283054819314E+02,  2.968927093804269E+02,  2.462309316230709E+06,  1.326053422474421E+01,  1.085211527650122E+02,  1.148374566567296E+02,  2.560985765487581E-03,  2.713694664171942E-03,  2.714822750717227E+01,
2462318.500000000, A.D. 2029-Jul-01 00:00:00.0000,  6.151329251083933E-02,  2.395218417413706E-03,  5.278403795962870E+00,  2.742200342549021E+02,  2.940573533244334E+02,  2.462309148445874E+06,  1.332896024525252E+01,  1.246464931720622E+02,  1.301935664145861E+02,  2.552213471218898E-03,  2.709208525024091E-03,  2.700885840875879E+01,
2462319.500000000, A.D. 2029-Jul-02 00:00:00.0000,  6.318328365710921E-02,  2.384287558276837E-03,  5.278132738197048E+00,  2.742118649948715E+02,  2.918377396024400E+02,  2.462309018232137E+06,  1.338491958009521E+01,  1.402976199047285E+02,  1.446530432115852E+02,  2.545095018782893E-03,  2.705902479288948E-03,  2.689594045341581E+01,
2462320.500000000, A.D. 2029-Jul-03 00:00:00.0000,  6.420139697874352E-02,  2.377602695295049E-03,  5.278056305368447E+00,  2.742060311754311E+02,  2.902311465601222E+02,  2.462308917083006E+06,  1.341950294013106E+01,  1.554369886504556E+02,  1.582855173792533E+02,  2.540720500777497E-03,  2.703838306259945E-03,  2.682662700742954E+01,
2462321.500000000, A.D. 2029-Jul-04 00:00:00.0000,  6.422475999592372E-02,  2.376612631843703E-03,  5.278057698753735E+00,  2.742046515483758E+02,  2.890443222899511E+02,  2.462308824326636E+06,  1.342738652306432E+01,  1.702011656925508E+02,  1.713615535661965E+02,  2.539725919477578E-03,  2.702839207111452E-03,  2.681087636686598E+01,
2462322.500000000, A.D. 2029-Jul-05 00:00:00.0000,  6.311539142588603E-02,  2.381792983169607E-03,  5.277925916922582E+00,  2.742091282338326E+02,  2.879875344172981E+02,  2.462335566185578E+06,  1.340741050865660E+01,  1.848162861703907E+02,  1.842534217973125E+02,  2.542247958149898E-03,  2.702702933130188E-03,  2.685082251845449E+01,
2462323.500000000, A.D. 2029-Jul-06 00:00:00.0000,  6.097614741058231E-02,  2.392561585071852E-03,  5.277393339524008E+00,  2.742196559704659E+02,  2.867587709360578E+02,  2.462335509304657E+06,  1.336263222586120E+01,  1.995240785854569E+02,  1.973462928173114E+02,  2.547924185817232E-03,  2.703286786562612E-03,  2.694079983008727E+01,
2462324.500000000, A.D. 2029-Jul-07 00:00:00.0000,  5.811945694460006E-02,  2.407381672210013E-03,  5.276191622913553E+00,  2.742349589731849E+02,  2.851233279375357E+02,  2.462335439048992E+06,  1.329989098309712E+01,  2.145118409478823E+02,  2.109542822222154E+02,  2.555930993542580E-03,  2.704480314875147E-03,  2.706789104192849E+01,
2462325.500000000, A.D. 2029-Jul-08 00:00:00.0000,  5.497357413168635E-02,  2.424053750505796E-03,  5.274115377583591E+00,  2.742523300672922E+02,  2.830040982963120E+02,  2.462335339821586E+06,  1.322891812654676E+01,  2.298298058573545E+02,  2.252257242450895E+02,  2.565064514760543E-03,  2.706075279015291E-03,  2.721310968563483E+01,
2462326.500000000, A.D. 2029-Jul-09 00:00:00.0000,  5.193674193024434E-02,  2.440198614866841E-03,  5.271081028013704E+00,  2.742679940311577E+02,  2.805659240479164E+02,  2.462335214249748E+06,  1.316103297126662E+01,  2.453114717496117E+02,  2.400542426515230E+02,  2.573877422309408E-03,  2.707556229751974E-03,  2.735347603687020E+01,
2462327.500000000, A.D. 2029-Jul-10 00:00:00.0000,  4.922274096232745E-02,  2.453842694337431E-03,  5.267168011864777E+00,  2.742777616568239E+02,  2.782245429532592E+02,  2.462335086071131E+06,  1.310750005844943E+01,  2.605655722076961E+02,  2.550653847621584E+02,  2.580880717341813E-03,  2.707918740346195E-03,  2.746519156167653E+01,
2462328.500000000, A.D. 2029-Jul-11 00:00:00.0000,  4.678286671377474E-02,  2.463876255945728E-03,  5.262630914492233E+00,  2.742778862549341E+02,  2.765145250290304E+02,  2.462334991597981E+06,  1.307769453053457E+01,  2.751048645914348E+02,  2.697451156866103E+02,  2.584800639757167E-03,  2.705725023568607E-03,  2.752778780384042E+01,
2462329.500000000, A.D. 2029-Jul-12 00:00:00.0000,  4.437141375316120E-02,  2.470156096446628E-03,  5.257874375758261E+00,  2.742659800436415E+02,  2.758679716394294E+02,  2.462334962886278E+06,  1.307732354620797E+01,  2.885600686530862E+02,  2.836593601110200E+02,  2.584849524173387E-03,  2.699542951900147E-03,  2.752856872646460E+01,
2462330.500000000, A.D. 2029-Jul-13 00:00:00.0000,  4.172225820525324E-02,  2.473256973391592E-03,  5.253388219625668E+00,  2.742417976609352E+02,  2.764544882366953E+02,  2.462335014422530E+06,  1.310705148658372E+01,  3.008292314659707E+02,  2.966149803213029E+02,  2.580939601873106E-03,  2.688622230354619E-03,  2.746613152229495E+01,
2462331.500000000, A.D. 2029-Jul-14 00:00:00.0000,  3.872468380371232E-02,  2.474093835125024E-03,  5.249648805840248E+00,  2.742076638773393E+02,  2.781601762534002E+02,  2.462335140325259E+06,  1.316191866695390E+01,  3.120863350215537E+02,  3.086848245514781E+02,  2.573761952938596E-03,  2.673430070752169E-03,  2.735163535874635E+01,
2462332.500000000, A.D. 2029-Jul-15 00:00:00.0000,  3.550869259094600E-02,  2.473615168830302E-03,  5.247003516562697E+00,  2.741683422966022E+02,  2.806579386204273E+02,  2.462335319020335E+06,  1.323186438977501E+01,  3.226991052184834E+02,  3.201440315237763E+02,  2.564683735175653E-03,  2.655752301521004E-03,  2.720705029883709E+01,
2462333.500000000, A.D. 2029-Jul-16 00:00:00.0000,  3.242196270553670E-02,  2.472623231905095E-03,  5.245565731552035E+00,  2.741302414622825E+02,  2.835089791286230E+02,  2.462335520625684E+06,  1.330343684895629E+01,  3.331187338150173E+02,  3.313762625474417E+02,  2.555476805590825E-03,  2.638330379276555E-03,  2.706067643176309E+01,
2462334.500000000, A.D. 2029-Jul-17 00:00:00.0000,  2.992826285935694E-02,  2.471693016995521E-03,  5.245152580221364E+00,  2.741000370524874E+02,  2.862989463717934E+02,  2.462335716816531E+06,  1.336243941756855E+01,  3.437403628160659E+02,  3.427444638546537E+02,  2.547948695300634E-03,  2.624204373605747E-03,  2.694118856222334E+01,
2462335.500000000, A.D. 2029-Jul-18 00:00:00.0000,  2.846785824179169E-02,  2.471162022962419E-03,  5.245292139017998E+00,  2.740830053764067E+02,  2.888236425897843E+02,  2.462335894069924E+06,  1.339694257496157E+01,  3.547206678660686E+02,  3.544095025511606E+02,  2.543572072139877E-03,  2.615982121317336E-03,  2.687180287484607E+01,
2462336.500000000, A.D. 2029-Jul-19 00:00:00.0000,  2.831763362598978E-02,  2.471178167021918E-03,  5.245309152715532E+00,  2.740815212872486E+02,  2.912127339555336E+02,  2.462336062404186E+06,  1.339991866623376E+01,  5.863748318555251E+00,  6.207342563748630E+00,  2.543195443839862E-03,  2.615212720657806E-03,  2.686583470891941E+01,
2462337.500000000, A.D. 2029-Jul-20 00:00:00.0000,  2.949657215572744E-02,  2.471760349499794E-03,  5.244473614005267E+00,  2.740941826593240E+02,  2.937796349219059E+02,  2.462336244646423E+06,  1.337081365528914E+01,  1.678509874390165E+01,  1.779681085183526E+01,  2.546884718367438E-03,  2.622009087235083E-03,  2.692431510012058E+01,
2462338.500000000, A.D. 2029-Jul-21 00:00:00.0000,  3.176231056683195E-02,  2.472796532858271E-03,  5.242174498091009E+00,  2.741158572617256E+02,  2.966699681309549E+02,  2.462336451430622E+06,  1.331564379174700E+01,  2.727802011573361E+01,  2.900678210352347E+01,  2.553914766843987E-03,  2.635033000829704E-03,  2.703586890955487E+01,
2462339.500000000, A.D. 2029-Jul-22 00:00:00.0000,  3.469850297409408E-02,  2.473980681711014E-03,  5.238071386079403E+00,  2.741386690809219E+02,  2.996916332199916E+02,  2.462336669178329E+06,  1.324560443126016E+01,  3.749594406217338E+01,  4.000157590048032E+01,  2.562909815568865E-03,  2.651838949426716E-03,  2.717882765322400E+01,
2462340.500000000, A.D. 2029-Jul-23 00:00:00.0000,  3.784747684619519E-02,  2.474765342102854E-03,  5.232183587206640E+00,  2.741536667401018E+02,  3.024314660832767E+02,  2.462336868539601E+06,  1.317457500433672E+01,  4.784294740210608E+01,  5.116142633573000E+01,  2.572113342270216E-03,  2.669461342437578E-03,  2.732535963258759E+01,
2462341.500000000, A.D. 2029-Jul-24 00:00:00.0000,  4.084550513547633E-02,  2.474371651802699E-03,  5.224895843064702E+00,  2.741527483161161E+02,  3.044446037059760E+02,  2.462337018124672E+06,  1.311617552829689E+01,  5.878506349568889E+01,  6.289314766513389E+01,  2.579742538924549E-03,  2.685113426046399E-03,  2.744702518072700E+01,
2462342.500000000, A.D. 2029-Jul-25 00:00:00.0000,  4.352775096923551E-02,  2.471861606770203E-03,  5.216883068084647E+00,  2.741303921630886E+02,  3.053884449745860E+02,  2.462337094421955E+06,  1.308109502466400E+01,  7.071088007252270E+01,  7.549929895198903E+01,  2.584352666034011E-03,  2.696843725297819E-03,  2.752063182181853E+01,
2462343.500000000, A.D. 2029-Jul-26 00:00:00.0000,  4.596513902255277E-02,  2.466295770672677E-03,  5.208975484498080E+00,  2.740848358065296E+02,  3.051168558914149E+02,  2.462337088847993E+06,  1.307526190826932E+01,  8.382749161744195E+01,  8.908930582875320E+01,  2.585121227274501E-03,  2.703946683876326E-03,  2.753290928515333E+01,
2462344.500000000, A.D. 2029-Jul-27 00:00:00.0000,  4.840031479931060E-02,  2.457010984654090E-03,  5.201995576325208E+00,  2.740184979337097E+02,  3.037510307360706E+02,  2.462337012649280E+06,  1.309913309988296E+01,  9.807780363967473E+01,  1.035145760889906E+02,  2.581979610613169E-03,  2.706948236572247E-03,  2.748273471648414E+01,
2462345.500000000, A.D. 2029-Jul-28 00:00:00.0000,  5.108861866805151E-02,  2.443987408132344E-03,  5.196599600029418E+00,  2.739376003390532E+02,  3.016770607776043E+02,  2.462336895573175E+06,  1.314806386847247E+01,  1.131315534497960E+02,  1.183760319365477E+02,  2.575569706732590E-03,  2.707152005332836E-03,  2.738045719896738E+01,
2462346.500000000, A.D. 2029-Jul-29 00:00:00.0000,  5.411856156632703E-02,  2.428134700120311E-03,  5.193151630378723E+00,  2.738510870523895E+02,  2.994118266699675E+02,  2.462336774309305E+06,  1.321349361487579E+01,  1.285103518943421E+02,  1.331614990993318E+02,  2.567060311640291E-03,  2.705985923160271E-03,  2.724487637355126E+01,
2462347.500000000, A.D. 2029-Jul-30 00:00:00.0000,  5.732258199244449E-02,  2.411267987897820E-03,  5.191650262228845E+00,  2.737690452393194E+02,  2.973882155463351E+02,  2.462336675660211E+06,  1.328459143563922E+01,  1.437969316581048E+02,  1.474617464331317E+02,  2.557893020280767E-03,  2.704518052663712E-03,  2.709906448716296E+01,
2462348.500000000, A.D. 2029-Jul-31 00:00:00.0000,  6.032893273178612E-02,  2.395717189895212E-03,  5.191719035584559E+00,  2.737009032181793E+02,  2.958049005304523E+02,  2.462336606108333E+06,  1.335002953617788E+01,  1.587838050614258E+02,  1.611202498861340E+02,  2.549527460561253E-03,  2.703337731227295E-03,  2.696623247345025E+01,
2462349.500000000, A.D. 2029-Aug-01 00:00:00.0000,  6.270452177491311E-02,  2.383758976240055E-03,  5.192662177956532E+00,  2.736537110945598E+02,  2.946149765307715E+02,  2.462336552868997E+06,  1.339963715205442E+01,  1.734868576042736E+02,  1.742428472207172E+02,  2.543231063862667E-03,  2.702703151485279E-03,  2.686639913565161E+01,
2462350.500000000, A.D. 2029-Aug-02 00:00:00.0000,  6.410432850384055E-02,  2.377108200191700E-03,  5.193577761233535E+00,  2.736307943817121E+02,  2.936027449130260E+02,  2.462363305665499E+06,  1.342577919417612E+01,  1.880739625811212E+02,  1.871183120514106E+02,  2.539928618743970E-03,  2.702749037296239E-03,  2.681408615420712E+01,
2462351.500000000, A.D. 2029-Aug-03 00:00:00.0000,  6.437670276958748E-02,  2.376582622901526E-03,  5.193511588609971E+00,  2.736310110279611E+02,  2.924747083374872E+02,  2.462363211412318E+06,  1.342437058715826E+01,  2.027816609409278E+02,  2.001238542649084E+02,  2.540106290572897E-03,  2.703629958244267E-03,  2.681689973192305E+01,
2462352.500000000, A.D. 2029-Aug-04 00:00:00.0000,  6.360934792703837E-02,  2.381951643564880E-03,  5.191628259286613E+00,  2.736487482343586E+02,  2.909394370523236E+02,  2.462363112229045E+06,  1.339547015407898E+01,  2.178442025533201E+02,  2.136407358383348E+02,  2.543758460522610E-03,  2.705565277480340E-03,  2.687475660496906E+01,
2462353.500000000, A.D. 2029-Aug-05 00:00:00.0000,  6.210974529674504E-02,  2.391968511420516E-03,  5.187372080535126E+00,  2.736746865084613E+02,  2.887889424171234E+02,  2.462362986246147E+06,  1.334340338135472E+01,  2.334211910833072E+02,  2.279671197372009E+02,  2.550371431439306E-03,  2.708774351458095E-03,  2.697962354214987E+01,
2462354.500000000, A.D. 2029-Aug-06 00:00:00.0000,  6.031043812571028E-02,  2.404619127468169E-03,  5.180590355438579E+00,  2.736972533257059E+02,  2.859920363212563E+02,  2.462362822148651E+06,  1.327635711039630E+01,  2.495121825831927E+02,  2.432175023175447E+02,  2.558950556683798E-03,  2.713281985899428E-03,  2.711587199760506E+01,
2462355.500000000, A.D. 2029-Aug-07 00:00:00.0000,  5.860288057155322E-02,  2.417611336463994E-03,  5.171594832910407E+00,  2.737045956909927E+02,  2.827668852208829E+02,  2.462362626645464E+06,  1.320539328794688E+01,  2.658898438218907E+02,  2.592416493894149E+02,  2.568109978849103E-03,  2.718608621234211E-03,  2.726158866685078E+01,
2462356.500000000, A.D. 2029-Aug-08 00:00:00.0000,  5.715506681848230E-02,  2.429002508201420E-03,  5.161143288878195E+00,  2.736868139072822E+02,  2.795502839378497E+02,  2.462362424653830E+06,  1.314287053985736E+01,  2.821330417276902E+02,  2.756462084209299E+02,  2.576248142952883E-03,  2.723493777704346E-03,  2.739127642688528E+01,
2462357.500000000, A.D. 2029-Aug-09 00:00:00.0000,  5.582540542527027E-02,  2.437686422291003E-03,  5.150332517313166E+00,  2.736381073631052E+02,  2.768194580024184E+02,  2.462362247711691E+06,  1.310036740462505E+01,  2.978032325242018E+02,  2.919646808921540E+02,  2.581817426880643E-03,  2.725948431470283E-03,  2.748014531813076E+01,
2462358.500000000, A.D. 2029-Aug-10 00:00:00.0000,  5.425519616683850E-02,  2.443480451877662E-03,  5.140407707492606E+00,  2.735583936571170E+02,  2.748656849346425E+02,  2.462362117149941E+06,  1.308637646905918E+01,  3.126646141334518E+02,  3.078787180232847E+02,  2.583657284686194E-03,  2.723834117494725E-03,  2.750952495147661E+01,
2462359.500000000, A.D. 2029-Aug-11 00:00:00.0000,  5.209263098764974E-02,  2.446841038358366E-03,  5.132512363816347E+00,  2.734539212622662E+02,  2.736806325832056E+02,  2.462362034462861E+06,  1.310424436276841E+01,  3.267877793410013E+02,  3.233322879028096E+02,  2.581308172451276E-03,  2.715775306544185E-03,  2.747201517569582E+01,
2462360.500000000, A.D. 2029-Aug-12 00:00:00.0000,  4.920953155299638E-02,  2.448467007434391E-03,  5.127425538498247E+00,  2.733364876865299E+02,  2.730026604884159E+02,  2.462361983443209E+06,  1.315096470114411E+01,  3.404912907282402E+02,  3.384929573194304E+02,  2.575190947626613E-03,  2.701914887818836E-03,  2.737441763254681E+01,
2462361.500000000, A.D. 2029-Aug-13 00:00:00.0000,  4.579894181771198E-02,  2.449014549897877E-03,  5.125351313377802E+00,  2.732211707058929E+02,  2.724654573975022E+02,  2.462361940230114E+06,  1.321735517305077E+01,  3.541813222240669E+02,  3.536172192555170E+02,  2.566560295545202E-03,  2.684106041192526E-03,  2.723691656058498E+01,
2462362.500000000, A.D. 2029-Aug-14 00:00:00.0000,  4.231886056441413E-02,  2.449005841074789E-03,  5.125826945461662E+00,  2.731229491012491E+02,  2.718012526691817E+02,  2.462361887506142E+06,  1.328979977743168E+01,  8.139920736354684E+00,  8.864383094405285E+00,  2.557224675551324E-03,  2.665443510027859E-03,  2.708844422256388E+01,
2462363.500000000, A.D. 2029-Aug-15 00:00:00.0000,  3.930928399530186E-02,  2.448918083394647E-03,  5.127791870615713E+00,  2.730530518852369E+02,  2.710626583614114E+02,  2.462361829985606E+06,  1.335321282856377E+01,  2.230005763163148E+01,  2.409027594154105E+01,  2.549122254016527E-03,  2.649326424638406E-03,  2.695980395294281E+01,
2462364.500000000, A.D. 2029-Aug-16 00:00:00.0000,  3.716473049414445E-02,  2.449347198061467E-03,  5.129813261772140E+00,  2.730160803852378E+02,  2.707345780100359E+02,  2.462361802092956E+06,  1.339442967601299E+01,  3.613692616680523E+01,  3.874522476622008E+01,  2.543890191432763E-03,  2.638433184804059E-03,  2.687684423359175E+01,
2462365.500000000, A.D. 2029-Aug-17 00:00:00.0000,  3.599529908063061E-02,  2.451022749680738E-03,  5.130412803970840E+00,  2.730087493309076E+02,  2.715411288567983E+02,  2.462361854386215E+06,  1.340508221192788E+01,  4.886975250623683E+01,  5.206955038252543E+01,  2.542542320948438E-03,  2.634061892216137E-03,  2.685548617371932E+01,
2462366.500000000, A.D. 2029-Aug-18 00:00:00.0000,  3.567051726729083E-02,  2.454516850613080E-03,  5.128406471088014E+00,  2.730205703403075E+02,  2.739986957291391E+02,  2.462362022695508E+06,  1.338322895862337E+01,  5.992079112757621E+01,  6.353624402795379E+01,  2.545309351796950E-03,  2.636101852980820E-03,  2.689933805309644E+01,
2462367.500000000, A.D. 2029-Aug-19 00:00:00.0000,  3.597813777161370E-02,  2.459838181648899E-03,  5.123168137762381E+00,  2.730362049030957E+02,  2.780900793222293E+02,  2.462362306020431E+06,  1.333344226137802E+01,  6.925362668440718E+01,  7.316840536745870E+01,  2.551641490746751E-03,  2.643444799844604E-03,  2.699977942251153E+01,
2462368.500000000, A.D. 2029-Aug-20 00:00:00.0000,  3.674242728303717E-02,  2.466272899436256E-03,  5.114756332182094E+00,  2.730387927711699E+02,  2.832831484979216E+02,  2.462362667984477E+06,  1.326550291697029E+01,  7.736461892920329E+01,  8.151107396106313E+01,  2.560346234787328E-03,  2.654419570138399E-03,  2.713805893777758E+01,
2462369.500000000, A.D. 2029-Aug-21 00:00:00.0000,  3.784788735212484E-02,  2.472563835046032E-03,  5.103886271331294E+00,  2.730134246239749E+02,  2.887718932167254E+02,  2.462363053166956E+06,  1.319216593025757E+01,  8.504769124772542E+01,  8.938212531284961E+01,  2.569826332596675E-03,  2.667088830147318E-03,  2.728892297922841E+01,
2462370.500000000, A.D. 2029-Aug-22 00:00:00.0000,  3.922853305861040E-02,  2.477232152526051E-03,  5.091769026775097E+00,  2.729500335601395E+02,  2.937504497426035E+02,  2.462363405911657E+06,  1.312658788763438E+01,  9.312117412343801E+01,  9.759326785518211E+01,  2.578378144817628E-03,  2.679524137109205E-03,  2.742525346888738E+01,
2462371.500000000, A.D. 2029-Aug-23 00:00:00.0000,  4.087834340565227E-02,  2.478851119235906E-03,  5.079864962528764E+00,  2.728452154527160E+02,  2.976217449197692E+02,  2.462363685340630E+06,  1.307996699411587E+01,  1.022154866244006E+02,  1.067400503474195E+02,  2.584501248817401E-03,  2.690151378398896E-03,  2.752300523097260E+01,
2462372.500000000, A.D. 2029-Aug-24 00:00:00.0000,  4.287051914944468E-02,  2.476248811532111E-03,  5.069607056890690E+00,  2.727027518622451E+02,  3.001158583364830E+02,  2.462363874458140E+06,  1.305979582755256E+01,  1.126478155916652E+02,  1.170854369077273E+02,  2.587161780171672E-03,  2.698074748811234E-03,  2.756551516988491E+01,
2462373.500000000, A.D. 2029-Aug-25 00:00:00.0000,  4.533546351740804E-02,  2.468720870573673E-03,  5.062145240964987E+00,  2.725328464033026E+02,  3.013187139665559E+02,  2.462363982400649E+06,  1.306892812629861E+01,  1.243848218548738E+02,  1.285353842127735E+02,  2.585956402727116E-03,  2.703191934880558E-03,  2.754625295364291E+01,
2462374.500000000, A.D. 2029-Aug-26 00:00:00.0000,  4.837482454077908E-02,  2.456284382145268E-03,  5.058151280512755E+00,  2.723502794564016E+02,  3.015982187654166E+02,  2.462364038121511E+06,  1.310547244554910E+01,  1.371078602702714E+02,  1.407180889644179E+02,  2.581146911082877E-03,  2.706009440020485E-03,  2.746944083822509E+01,
2462375.500000000, A.D. 2029-Aug-27 00:00:00.0000,  5.195335779579520E-02,  2.439864814556049E-03,  5.057709662510598E+00,  2.721718326515394E+02,  3.014291698992488E+02,  2.462364075837962E+06,  1.316338786233343E+01,  1.503806759050920E+02,  1.531644289470477E+02,  2.573570440462056E-03,  2.707276066368064E-03,  2.734858258109428E+01,
2462376.500000000, A.D. 2029-Aug-28 00:00:00.0000,  5.584487388535812E-02,  2.421249294871005E-03,  5.060305970794357E+00,  2.720134253925561E+02,  3.011935526883829E+02,  2.462364119092442E+06,  1.323358587245761E+01,  1.638438033514857E+02,  1.655120883994521E+02,  2.564461313507724E-03,  2.707673332144442E-03,  2.720351108683624E+01,
2462377.500000000, A.D. 2029-Aug-29 00:00:00.0000,  5.967110082546622E-02,  2.402760693606808E-03,  5.064911275306997E+00,  2.718874293616204E+02,  3.010652218605462E+02,  2.462364172475937E+06,  1.330533043771400E+01,  1.773271115737545E+02,  1.776238169980489E+02,  2.555234339512556E-03,  2.707707985418303E-03,  2.705682520890867E+01,
2462378.500000000, A.D. 2029-Aug-30 00:00:00.0000,  6.300718921842807E-02,  2.386776945869206E-03,  5.070149350292137E+00,  2.718005796215514E+02,  3.010104123882838E+02,  2.462391153648246E+06,  1.336775274993700E+01,  1.908491588619217E+02,  1.895880872009319E+02,  2.547273488553587E-03,  2.707770031237968E-03,  2.693048014384443E+01,
2462379.500000000, A.D. 2029-Aug-31 00:00:00.0000,  6.550222432794357E-02,  2.375261714715251E-03,  5.074523303324348E+00,  2.717527949015347E+02,  3.008527766389768E+02,  2.462391090603866E+06,  1.341133381833662E+01,  2.045545423937199E+02,  2.016533132159600E+02,  2.541752133125250E-03,  2.708242551535250E-03,  2.684296766275332E+01,
2462380.500000000, A.D. 2029-Sep-01 00:00:00.0000,  6.697774738560537E-02,  2.369403132108437E-03,  5.076669936656927E+00,  2.717370811054466E+02,  3.003488876831248E+02,  2.462391026062679E+06,  1.342923683509179E+01,  2.186430113397323E+02,  2.141495795761933E+02,  2.539492627822328E-03,  2.709582123536219E-03,  2.680718230088012E+01,
2462381.500000000, A.D. 2029-Sep-02 00:00:00.0000,  6.748419922650295E-02,  2.369394056005593E-03,  5.075604612760015E+00,  2.717405494328520E+02,  2.992596019724380E+02,  2.462390941936867E+06,  1.341838117491916E+01,  2.333044920881449E+02,  2.274123218863256E+02,  2.540862100181299E-03,  2.712330144357005E-03,  2.682886969054736E+01,
2462382.500000000, A.D. 2029-Sep-03 00:00:00.0000,  6.729692969893271E-02,  2.374383400277083E-03,  5.070917351523481E+00,  2.717464507847580E+02,  2.974287319378046E+02,  2.462390822192357E+06,  1.338013841453303E+01,  2.486479143509541E+02,  2.416962901201849E+02,  2.545701280377104E-03,  2.717019160477124E-03,  2.690555126163575E+01,
2462383.500000000, A.D. 2029-Sep-04 00:00:00.0000,  6.682978654243139E-02,  2.382657276731966E-03,  5.062883051824779E+00,  2.717370093785988E+02,  2.948722375581758E+02,  2.462390660409875E+06,  1.332050539951680E+01,  2.646197216036704E+02,  2.570764330337649E+02,  2.553293324594855E-03,  2.723929372457743E-03,  2.702600158197144E+01,
2462384.500000000, A.D. 2029-Sep-05 00:00:00.0000,  6.646239122997140E-02,  2.392092754998170E-03,  5.052455827843302E+00,  2.716967128000755E+02,  2.918373653723550E+02,  2.462390466110192E+06,  1.324959099701167E+01,  2.809514801186261E+02,  2.733764913941815E+02,  2.562395700532991E-03,  2.732698646067811E-03,  2.717065002845710E+01,
2462385.500000000, A.D. 2029-Sep-06 00:00:00.0000,  6.634017066194903E-02,  2.400785900697036E-03,  5.041130638921737E+00,  2.716155655468120E+02,  2.887519642190097E+02,  2.462390263552202E+06,  1.318027981451138E+01,  2.972150490587329E+02,  2.902061478426347E+02,  2.571371098185892E-03,  2.741956295674747E-03,  2.731353241860942E+01,
2462386.500000000, A.D. 2029-Sep-07 00:00:00.0000,  6.627532017431602E-02,  2.407560040769853E-03,  5.030676451374566E+00,  2.714916517214912E+02,  2.860391478240652E+02,  2.462390079983368E+06,  1.312605848145908E+01,  3.130089289495434E+02,  3.071340213077218E+02,  2.578447472566879E-03,  2.749334904363905E-03,  2.742635959671442E+01,
2462387.500000000, A.D. 2029-Sep-08 00:00:00.0000,  6.584598186570774E-02,  2.412075891604585E-03,  5.022775152970352E+00,  2.713322580761699E+02,  2.839106284155824E+02,  2.462389930728489E+06,  1.309824305179623E+01,  3.281617274598152E+02,  3.238870982085472E+02,  2.582096575917987E-03,  2.752117260231389E-03,  2.748460221545754E+01,
2462388.500000000, A.D. 2029-Sep-09 00:00:00.0000,  6.464688995672561E-02,  2.414564072437245E-03,  5.018635797202840E+00,  2.711529260508142E+02,  2.822874065487669E+02,  2.462389812337552E+06,  1.310319059440135E+01,  3.428041909381202E+02,  3.404322598980880E+02,  2.581446564416229E-03,  2.748329056395212E-03,  2.747422449565974E+01,
2462389.500000000, A.D. 2029-Sep-10 00:00:00.0000,  6.253562142337613E-02,  2.415449789716351E-03,  5.018682003224844E+00,  2.709742605302248E+02,  2.808781837882952E+02,  2.462389706946807E+06,  1.314034924812963E+01,  3.572806466752711E+02,  3.569119773324302E+02,  2.576577675819309E-03,  2.737705561922267E-03,  2.739653210140071E+01,
2462390.500000000, A.D. 2029-Sep-11 00:00:00.0000,  5.973592346752525E-02,  2.415120783424203E-03,  5.022411751036038E+00,  2.708170773628688E+02,  2.793536232943325E+02,  2.462389593780509E+06,  1.320195507458610E+01,  1.196386900309870E+01,  1.349410037869964E+01,  2.568555838409498E-03,  2.721990893394793E-03,  2.726868846062078E+01,
2462391.500000000, A.D. 2029-Sep-12 00:00:00.0000,  5.674574277982122E-02,  2.413942715917625E-03,  5.028489229246914E+00,  2.706972010795521E+02,  2.775541300728133E+02,  2.462389463174103E+06,  1.327469308444407E+01,  2.703823864694263E+01,  3.019137871310836E+01,  2.559164400732888E-03,  2.704386085548152E-03,  2.711927106035058E+01,
2462392.500000000, A.D. 2029-Sep-13 00:00:00.0000,  5.409254789027948E-02,  2.412477479416423E-03,  5.035055777075100E+00,  2.706214878761365E+02,  2.756560414830916E+02,  2.462389327634637E+06,  1.334288786732908E+01,  4.232851530972844E+01,  4.671731030340486E+01,  2.550437121555299E-03,  2.688396763694176E-03,  2.698066592326562E+01,
2462393.500000000, A.D. 2029-Sep-14 00:00:00.0000,  5.207154599328999E-02,  2.411693201917209E-03,  5.040173142962886E+00,  2.705862375928161E+02,  2.741695139543160E+02,  2.462389221231944E+06,  1.339220283386815E+01,  5.730212968158915E+01,  6.249906138706130E+01,  2.544172180636048E-03,  2.676651159354886E-03,  2.688131328847408E+01,
2462394.500000000, A.D. 2029-Sep-15 00:00:00.0000,  5.064109242301582E-02,  2.412867130025190E-03,  5.042272618773245E+00,  2.705782943622937E+02,  2.737053879478801E+02,  2.462389183596029E+06,  1.341273367627005E+01,  7.130751057685640E+01,  7.690922692251556E+01,  2.541575278609295E-03,  2.670283427193400E-03,  2.684016612041704E+01,
2462395.500000000, A.D. 2029-Sep-16 00:00:00.0000,  4.953998638052277E-02,  2.417105054797588E-03,  5.040492704077874E+00,  2.705782861368538E+02,  2.746729702610315E+02,  2.462389240276337E+06,  1.340075457889161E+01,  8.388502053642775E+01,  8.955776650635092E+01,  2.543089683060872E-03,  2.669074311324157E-03,  2.686415887110262E+01,
2462396.500000000, A.D. 2029-Sep-17 00:00:00.0000,  4.850542114592474E-02,  2.424784583327947E-03,  5.034833946168241E+00,  2.705649699580504E+02,  2.771380017821830E+02,  2.462389394711970E+06,  1.335892469637001E+01,  9.491900774164782E+01,  1.004197431918673E+02,  2.548395584395464E-03,  2.672006585462981E-03,  2.694827676495714E+01,
2462397.500000000, A.D. 2029-Sep-18 00:00:00.0000,  4.742549523013519E-02,  2.435286695935898E-03,  5.026117511408477E+00,  2.705195931041398E+02,  2.808639071282212E+02,  2.462389632077931E+06,  1.329520547837134E+01,  1.046056405884365E+02,  1.097800502594295E+02,  2.556531466821324E-03,  2.677776237706749E-03,  2.707743032521374E+01,
2462398.500000000, A.D. 2029-Sep-19 00:00:00.0000,  4.636864495730068E-02,  2.447107264538653E-03,  5.015782113869923E+00,  2.704294063503951E+02,  2.854168322106057E+02,  2.462389926163947E+06,  1.322096152297509E+01,  1.133543565566514E+02,  1.181173483833390E+02,  2.566093545056603E-03,  2.685079825574554E-03,  2.722948700625141E+01,
2462399.500000000, A.D. 2029-Sep-20 00:00:00.0000,  4.553006181144961E-02,  2.458218676007770E-03,  5.005581500679556E+00,  2.702897967087872E+02,  2.902650506725975E+02,  2.462390245009194E+06,  1.314874728914226E+01,  1.216915352675573E+02,  1.259978642626541E+02,  2.575480460571784E-03,  2.692742245135798E-03,  2.737903406944892E+01,
2462400.500000000, A.D. 2029-Sep-21 00:00:00.0000,  4.515552846790316E-02,  2.466510559570667E-03,  4.997251549631923E+00,  2.701048303317144E+02,  2.948814363880098E+02,  2.462390556857930E+06,  1.309019921136269E+01,  1.301577104770766E+02,  1.339705084384866E+02,  2.583154255072582E-03,  2.699797950574497E-03,  2.750149132088907E+01,
2462401.500000000, A.D. 2029-Sep-22 00:00:00.0000,  4.547833896094404E-02,  2.470191669149465E-03,  4.992207858101140E+00,  2.698862707174569E+02,  2.988636559696272E+02,  2.462390838073910E+06,  1.305432651430200E+01,  1.391842644553307E+02,  1.424481248758925E+02,  2.587884350849103E-03,  2.705577032548741E-03,  2.757706417145249E+01,
2462402.500000000, A.D. 2029-Sep-23 00:00:00.0000,  4.667124942871264E-02,  2.468108048766138E-03,  4.991318535587417E+00,  2.696513569553357E+02,  3.020388689457850E+02,  2.462391080444628E+06,  1.304636579758193E+01,  1.489836966329344E+02,  1.516071261117770E+02,  2.588936971938706E-03,  2.709765895111274E-03,  2.759389132464184E+01,
2462403.500000000, A.D. 2029-Sep-24 00:00:00.0000,  4.879973217883810E-02,  2.459972401591217E-03,  4.994778411141322E+00,  2.694197862824923E+02,  3.044838209517764E+02,  2.462391292119395E+06,  1.306725485231663E+01,  1.595234870701794E+02,  1.613734367369826E+02,  2.586177154077215E-03,  2.712381906563213E-03,  2.754978027662614E+01,
2462404.500000000, A.D. 2029-Sep-25 00:00:00.0000,  5.177850019404591E-02,  2.446475289447888E-03,  5.002093530447418E+00,  2.692104296930336E+02,  3.064281754613552E+02,  2.462391489445343E+06,  1.311369910835035E+01,  1.706164990069286E+02,  1.715256567252772E+02,  2.580067304895048E-03,  2.713659320342208E-03,  2.745220833767372E+01,
2462405.500000000, A.D. 2029-Sep-26 00:00:00.0000,  5.535714706458353E-02,  2.429215107602183E-03,  5.012170360398668E+00,  2.690383055745880E+02,  3.080999922172290E+02,  2.462419001304596E+06,  1.317875159769435E+01,  1.820696604868509E+02,  1.818554217453407E+02,  2.571569879614877E-03,  2.713924651627571E-03,  2.731669971402927E+01,
2462406.500000000, A.D. 2029-Sep-27 00:00:00.0000,  5.915638206291676E-02,  2.410424340245386E-03,  5.023493031904937E+00,  2.689122502745984E+02,  3.096126160328550E+02,  2.462419041332843E+06,  1.325280098596718E+01,  1.937922117286847E+02,  1.922848441906754E+02,  2.561981921640220E-03,  2.713539503035054E-03,  2.716406896784978E+01,
2462407.500000000, A.D. 2029-Sep-28 00:00:00.0000,  6.274847705647423E-02,  2.392557321072235E-03,  5.034363856230955E+00,  2.688335860326165E+02,  3.109365161018446E+02,  2.462419070822243E+06,  1.332485441326730E+01,  2.058204781736385E+02,  2.028969455660556E+02,  2.552737725683481E-03,  2.712918130294726E-03,  2.701718073869197E+01,
2462408.500000000, A.D. 2029-Sep-29 00:00:00.0000,  6.575720194921514E-02,  2.377845327305688E-03,  5.043176339012158E+00,  2.687959366310582E+02,  3.119302476488864E+02,  2.462419088353564E+06,  1.338400232350242E+01,  2.182854512998877E+02,  2.139046005902650E+02,  2.545211300816931E-03,  2.712577274328175E-03,  2.689778373452886E+01,
2462409.500000000, A.D. 2029-Sep-30 00:00:00.0000,  6.795269298244418E-02,  2.367901467150095E-03,  5.048685133347448E+00,  2.687862096765900E+02,  3.123920849400706E+02,  2.462419084866496E+06,  1.342095010114701E+01,  2.313619850280516E+02,  2.255962494323806E+02,  2.540537856095639E-03,  2.713174245041183E-03,  2.682373433228344E+01,
2462410.500000000, A.D. 2029-Oct-01 00:00:00.0000,  6.931999350158512E-02,  2.363425773089464E-03,  5.050233749936853E+00,  2.687866567177247E+02,  3.121190272437050E+02,  2.462419047380280E+06,  1.342948607244105E+01,  2.452130755772608E+02,  2.382714699106685E+02,  2.539461207490212E-03,  2.715496641890961E-03,  2.680668478734746E+01,
2462411.500000000, A.D. 2029-Oct-02 00:00:00.0000,  7.007539680617883E-02,  2.364062489796343E-03,  5.047899610524807E+00,  2.687778185749150E+02,  3.109803530434996E+02,  2.462418964212404E+06,  1.340772045365071E+01,  2.599219266881143E+02,  2.521589760370411E+02,  2.542208778729999E-03,  2.720355067663654E-03,  2.685020181055293E+01,
2462412.500000000, A.D. 2029-Oct-03 00:00:00.0000,  7.059808344773200E-02,  2.368489440579808E-03,  5.042519709134901E+00,  2.687420324563373E+02,  3.090053176520594E+02,  2.462418831992507E+06,  1.335887646945632E+01,  2.754116942960764E+02,  2.673172729403491E+02,  2.548401717704665E-03,  2.728313994829522E-03,  2.694837405099916E+01,
2462413.500000000, A.D. 2029-Oct-04 00:00:00.0000,  7.126132164870197E-02,  2.374807403446553E-03,  5.035571963424995E+00,  2.686670011384628E+02,  3.064427860306520E+02,  2.462418661686321E+06,  1.329136165658918E+01,  2.913941603432504E+02,  2.835604811628225E+02,  2.557024337203576E-03,  2.739241270960599E-03,  2.708526103655680E+01,
2462414.500000000, A.D. 2029-Oct-05 00:00:00.0000,  7.221584843944168E-02,  2.381155560413965E-03,  5.028910148314825E+00,  2.685487261040948E+02,  3.037125203933895E+02,  2.462418477485449E+06,  1.321784147590730E+01,  3.074262278645831E+02,  3.004910676517306E+02,  2.566497343599582E-03,  2.751839126785200E-03,  2.723591447636792E+01,
2462415.500000000, A.D. 2029-Oct-06 00:00:00.0000,  7.326327904856050E-02,  2.386258946763054E-03,  5.024384653098539E+00,  2.683929788556429E+02,  3.012231226040946E+02,  2.462418305594923E+06,  1.315315599408833E+01,  3.230975723275096E+02,  3.176678064740159E+02,  2.574904924791573E-03,  2.763550902820091E-03,  2.736985710211311E+01,
2462416.500000000, A.D. 2029-Oct-07 00:00:00.0000,  7.394062668885476E-02,  2.389594822954635E-03,  5.023422168187980E+00,  2.682145867197524E+02,  2.991705453066080E+02,  2.462418160108441E+06,  1.311123532802031E+01,  3.382339275686389E+02,  3.348002998505864E+02,  2.580390514714610E-03,  2.771186206474585E-03,  2.745736698285295E+01,
2462417.500000000, A.D. 2029-Oct-08 00:00:00.0000,  7.378395780653632E-02,  2.391164111096248E-03,  5.026670766391059E+00,  2.680342858632322E+02,  2.974671557388691E+02,  2.462418036957613E+06,  1.310165442540837E+01,  3.529649669109827E+02,  3.518256391875075E+02,  2.581648343547900E-03,  2.772132575999553E-03,  2.747744584850620E+01,
2462418.500000000, A.D. 2029-Oct-09 00:00:00.0000,  7.260336335573933E-02,  2.391141329894360E-03,  5.033821194708544E+00,  2.678737099889014E+02,  2.958309261115817E+02,  2.462417918962172E+06,  1.312689989128812E+01,  7.627225403144596E+00,  8.840051440987095E+00,  2.578337288936682E-03,  2.765533247979004E-03,  2.742460161815660E+01,
2462419.500000000, A.D. 2029-Oct-10 00:00:00.0000,  7.060346835723652E-02,  2.389683513019457E-03,  5.043674018055685E+00,  2.677499020110055E+02,  2.939658315588295E+02,  2.462417787562185E+06,  1.318143698604256E+01,  2.257239115792872E+01,  2.595042962308304E+01,  2.571220605692976E-03,  2.752757698366494E-03,  2.731113461917647E+01,
2462420.500000000, A.D. 2029-Oct-11 00:00:00.0000,  6.828102523263908E-02,  2.387015551020681E-03,  5.054442794089022E+00,  2.676710573551294E+02,  2.917567218359935E+02,  2.462417635730830E+06,  1.325306430652933E+01,  3.796034349263849E+01,  4.311242234984822E+01,  2.561947986104597E-03,  2.736880421188514E-03,  2.716352925433556E+01,
2462421.500000000, A.D. 2029-Oct-12 00:00:00.0000,  6.615328083329358E-02,  2.383717756614078E-03,  5.064201530691469E+00,  2.676347658374566E+02,  2.893952429369012E+02,  2.462417476053284E+06,  1.332609534535207E+01,  5.362349760987816E+01,  6.002756606482055E+01,  2.552579248488581E-03,  2.721440740363084E-03,  2.701466488648246E+01,
2462422.500000000, A.D. 2029-Oct-13 00:00:00.0000,  6.447993333396630E-02,  2.380953553368874E-03,  5.071341900062216E+00,  2.676290581045672E+02,  2.873388923358903E+02,  2.462417337368301E+06,  1.338520551247283E+01,  6.910288628300091E+01,  7.619160589055201E+01,  2.545058773409334E-03,  2.709163993449794E-03,  2.689536590712326E+01,
2462423.500000000, A.D. 2029-Oct-14 00:00:00.0000,  6.316343262098388E-02,  2.380332052951751E-03,  5.074918189421848E+00,  2.676356356396776E+02,  2.860961122587143E+02,  2.462417250221648E+06,  1.341872342559844E+01,  8.386404717047240E+01,  9.110248533635787E+01,  2.540818896097531E-03,  2.701305739243310E-03,  2.682818540795321E+01,
2462424.500000000, A.D. 2029-Oct-15 00:00:00.0000,  6.187793897952221E-02,  2.383374556537352E-03,  5.074809170405988E+00,  2.676341756266552E+02,  2.859965584522107E+02,  2.462417232611189E+06,  1.342061268704661E+01,  9.753281048130246E+01,  1.044747178023944E+02,  2.540580437842754E-03,  2.697786319148156E-03,  2.682440872073352E+01,
2462425.500000000, A.D. 2029-Oct-16 00:00:00.0000,  6.029830768869777E-02,  2.390907788882401E-03,  5.071686155647810E+00,  2.676065910363047E+02,  2.871072805407382E+02,  2.462417286392994E+06,  1.339098553303903E+01,  1.099882925853502E+02,  1.163057106252800E+02,  2.544326362764862E-03,  2.697744936647322E-03,  2.688375692078726E+01,
2462426.500000000, A.D. 2029-Oct-17 00:00:00.0000,  5.827046303582954E-02,  2.402720193249304E-03,  5.066823468732708E+00,  2.675403984810530E+02,  2.892868842814303E+02,  2.462417402509292E+06,  1.333540648552707E+01,  1.213187365948888E+02,  1.268063416610428E+02,  2.551390923762348E-03,  2.700061654275393E-03,  2.699580251945888E+01,
2462427.500000000, A.D. 2029-Oct-18 00:00:00.0000,  5.586495065972452E-02,  2.417566842465297E-03,  5.061813290064519E+00,  2.674307017758682E+02,  2.922784928639489E+02,  2.462417567603447E+06,  1.326341053388057E+01,  1.317374530655046E+02,  1.362970416731149E+02,  2.560615501092346E-03,  2.703664159719395E-03,  2.714234013042137E+01,
2462428.500000000, A.D. 2029-Oct-19 00:00:00.0000,  5.334002016563327E-02,  2.433429923012830E-03,  5.058252741121496E+00,  2.672806311485086E+02,  2.957823228123103E+02,  2.462417768178646E+06,  1.318665147673466E+01,  1.415167878985152E+02,  1.451289952962817E+02,  2.570542723733391E-03,  2.707655524453952E-03,  2.730033478439554E+01,
2462429.500000000, A.D. 2029-Oct-20 00:00:00.0000,  5.106020463009620E-02,  2.447916410474506E-03,  5.057462439428067E+00,  2.671003535365644E+02,  2.995064244566870E+02,  2.462417992730580E+06,  1.311701097059221E+01,  1.509409792266147E+02,  1.536314541168529E+02,  2.579632999288739E-03,  2.711349588102970E-03,  2.744527703812286E+01,
2462430.500000000, A.D. 2029-Oct-21 00:00:00.0000,  4.940391482647651E-02,  2.458705003897122E-03,  5.060278731918842E+00,  2.669049791220807E+02,  3.032126266461032E+02,  2.462418233487596E+06,  1.306490217078839E+01,  1.602607845399901E+02,  1.620672768907637E+02,  2.586487617870113E-03,  2.714270231843104E-03,  2.755474134394349E+01,
2462431.500000000, A.D. 2029-Oct-22 00:00:00.0000,  4.867850735594784E-02,  2.463974853771442E-03,  5.066942008879363E+00,  2.667118213831179E+02,  3.067596427161616E+02,  2.462418488095773E+06,  1.303792035108265E+01,  1.696481709224412E+02,  1.705937504707503E+02,  2.590054858240616E-03,  2.716134862709791E-03,  2.761176555048566E+01,
2462432.500000000, A.D. 2029-Oct-23 00:00:00.0000,  4.905318889884151E-02,  2.462751200355469E-03,  5.077085290353045E+00,  2.665375101286548E+02,  3.101187881497718E+02,  2.462418759431436E+06,  1.303993114264924E+01,  1.791760679358463E+02,  1.792522188264838E+02,  2.589788589231086E-03,  2.716825978106703E-03,  2.760750774385309E+01,
2462433.500000000, A.D. 2029-Oct-24 00:00:00.0000,  5.051917128289804E-02,  2.455101464584838E-03,  5.089813355294959E+00,  2.663954105605478E+02,  3.133355703138777E+02,  2.462446594192179E+06,  1.307064140307136E+01,  1.888505095645845E+02,  1.880122748102041E+02,  2.585730422700652E-03,  2.716359380816466E-03,  2.754264223907226E+01,
2462434.500000000, A.D. 2029-Oct-25 00:00:00.0000,  5.288655755669353E-02,  2.442131264823120E-03,  5.103853895105178E+00,  2.662936900197310E+02,  3.164513108055007E+02,  2.462446790296125E+06,  1.312566340934101E+01,  1.986817098627772E+02,  1.968554702744524E+02,  2.578499211797750E-03,  2.714867158772380E-03,  2.742718510851059E+01,
2462435.500000000, A.D. 2029-Oct-26 00:00:00.0000,  5.582115859511817E-02,  2.425776221495579E-03,  5.117757700803779E+00,  2.662342374925704E+02,  3.194368013954206E+02,  2.462446961428300E+06,  1.319705605972661E+01,  2.087428882064104E+02,  2.058458121197963E+02,  2.569191465767405E-03,  2.712606710039232E-03,  2.727881115081493E+01,
2462436.500000000, A.D. 2029-Oct-27 00:00:00.0000,  5.891421221130924E-02,  2.408440371813475E-03,  5.130122857365619E+00,  2.662125173989075E+02,  3.221723668465550E+02,  2.462447108211864E+06,  1.327430346981664E+01,  2.191833764476832E+02,  2.151521096646904E+02,  2.559214476581024E-03,  2.709988581348574E-03,  2.712006703919154E+01,
2462437.500000000, A.D. 2029-Oct-28 00:00:00.0000,  6.177207013689722E-02,  2.392559057189789E-03,  5.139816329311906E+00,  2.662183476953660E+02,  3.244658325422646E+02,  2.462447225594360E+06,  1.334566759615745E+01,  2.302054504942886E+02,  2.250302564510212E+02,  2.550082960692599E-03,  2.707606864195408E-03,  2.697504620178409E+01,
2462438.500000000, A.D. 2029-Oct-29 00:00:00.0000,  6.411149451014907E-02,  2.380158858791340E-03,  5.146164152764961E+00,  2.662375256013820E+02,  3.260867219279191E+02,  2.462447304038698E+06,  1.339982175688718E+01,  2.420274507060870E+02,  2.357867830440258E+02,  2.543207705650309E-03,  2.706256552509277E-03,  2.686602900631635E+01,
2462439.500000000, A.D. 2029-Oct-30 00:00:00.0000,  6.584224697294250E-02,  2.372476093856645E-03,  5.149079464961339E+00,  2.662541551828158E+02,  3.268114446830661E+02,  2.462447331676435E+06,  1.342762902048416E+01,  2.548391542248156E+02,  2.477286032701448E+02,  2.539695341786590E-03,  2.706914589716534E-03,  2.681039217354095E+01,
2462440.500000000, A.D. 2029-Oct-31 00:00:00.0000,  6.710768847153024E-02,  2.369704953258805E-03,  5.149098527475516E+00,  2.662534298135159E+02,  3.264902301959031E+02,  2.462447298409331E+06,  1.342386648221837E+01,  2.687390608448825E+02,  2.610879102312902E+02,  2.540169882391069E-03,  2.710634811523332E-03,  2.681790678392593E+01,
2462441.500000000, A.D. 2029-Nov-01 00:00:00.0000,  6.824165530631565E-02,  2.370977408584508E-03,  5.147302629867374E+00,  2.662244789641749E+02,  3.251378107784859E+02,  2.462447202493580E+06,  1.338861274598442E+01,  2.836515217739578E+02,  2.759201093938935E+02,  2.544626964799512E-03,  2.718276521014517E-03,  2.688852137485066E+01,
2462442.500000000, A.D. 2029-Nov-02 00:00:00.0000,  6.961107069016831E-02,  2.374673575803234E-03,  5.145121554410516E+00,  2.661627332773662E+02,  3.230037899093662E+02,  2.462447056819545E+06,  1.332792957544327E+01,  2.992670300170246E+02,  2.920193164176930E+02,  2.552345047317772E-03,  2.730016518832310E-03,  2.701094704636649E+01,
2462443.500000000, A.D. 2029-Nov-03 00:00:00.0000,  7.138460746454808E-02,  2.379020139574903E-03,  5.144042260958549E+00,  2.660711752638093E+02,  3.205306501244517E+02,  2.462446888093346E+06,  1.325343361267690E+01,  3.150961297631150E+02,  3.089451465677313E+02,  2.561900393530337E-03,  2.744780647485772E-03,  2.716277234419164E+01,
2462444.500000000, A.D. 2029-Nov-04 00:00:00.0000,  7.337235082470989E-02,  2.382681134362094E-03,  5.145279207150123E+00,  2.659599380898825E+02,  3.181618135773201E+02,  2.462446725102413E+06,  1.318046585856245E+01,  3.306721136059554E+02,  3.262019401147487E+02,  2.571346901296016E-03,  2.760012668229938E-03,  2.731314688442006E+01,
2462445.500000000, A.D. 2029-Nov-05 00:00:00.0000,  7.508473034313314E-02,  2.384983168841567E-03,  5.149488438435736E+00,  2.658440750337943E+02,  3.161216838425237E+02,  2.462446583609586E+06,  1.312492148048064E+01,  3.457777092713827E+02,  3.434538512640651E+02,  2.578596382916641E-03,  2.772209596991716E-03,  2.742873551932416E+01,
2462446.500000000, A.D. 2029-Nov-06 00:00:00.0000,  7.599787035393663E-02,  2.385724467388168E-03,  5.156610802453799E+00,  2.657399062544400E+02,  3.143377288473777E+02,  2.462446460057612E+06,  1.309938175642954E+01,  5.232205965438465E-01,  6.110544571356868E-01,  2.581946935882078E-03,  2.778169404375988E-03,  2.748221303064947E+01,
2462447.500000000, A.D. 2029-Nov-07 00:00:00.0000,  7.585093470303508E-02,  2.384847400999781E-03,  5.165899474891460E+00,  2.656609327566051E+02,  3.125362232620623E+02,  2.462446337235812E+06,  1.310973514792825E+01,  1.524353054332482E+01,  1.775706098632119E+01,  2.580587364694718E-03,  2.776327328389655E-03,  2.746050899868036E+01,
2462448.500000000, A.D. 2029-Nov-08 00:00:00.0000,  7.479124344763440E-02,  2.382276515238187E-03,  5.176128339710432E+00,  2.656145606153588E+02,  3.104284661299249E+02,  2.462446196556140E+06,  1.315355409350308E+01,  3.029847341460590E+01,  3.499516794794489E+01,  2.574852970604535E-03,  2.767429425970882E-03,  2.736902873861403E+01,
2462449.500000000, A.D. 2029-Nov-09 00:00:00.0000,  7.328562855967416E-02,  2.378046406165522E-03,  5.185915370778849E+00,  2.656006014557512E+02,  3.079008325733403E+02,  2.462446030736236E+06,  1.322087279618670E+01,  4.586669492063532E+01,  5.228993591643732E+01,  2.566105025941807E-03,  2.754163645718091E-03,  2.722966974645084E+01,
2462450.500000000, A.D. 2029-Nov-10 00:00:00.0000,  7.184769054402335E-02,  2.372637782088165E-03,  5.194060313639024E+00,  2.656118355603634E+02,  3.051289848073655E+02,  2.462445851048000E+06,  1.329699419866531E+01,  6.181708777007771E+01,  6.937291890203487E+01,  2.556302190832077E-03,  2.739966599575989E-03,  2.707378785170375E+01,
2462451.500000000, A.D. 2029-Nov-11 00:00:00.0000,  7.074510564474346E-02,  2.367249976611880E-03,  5.199803566021756E+00,  2.656362210645551E+02,  3.025338211297045E+02,  2.462445683545686E+06,  1.336619743848929E+01,  7.774387674688035E+01,  8.579074998554748E+01,  2.547471087848664E-03,  2.727692199085447E-03,  2.693361381624846E+01,
2462452.500000000, A.D. 2029-Nov-12 00:00:00.0000,  6.987704389880184E-02,  2.363696250706594E-03,  5.202952123396030E+00,  2.656599335747251E+02,  3.005818506046015E+02,  2.462445555277642E+06,  1.341512775645479E+01,  9.316433766765444E+01,  1.010956897833748E+02,  2.541272887849703E-03,  2.718849524992812E-03,  2.683537619138836E+01,
2462453.500000000, A.D. 2029-Nov-13 00:00:00.0000,  6.888415654684651E-02,  2.363874733581870E-03,  5.203864750306053E+00,  2.656703918052609E+02,  2.995757953975783E+02,  2.462445481233780E+06,  1.343509229638492E+01,  1.077328642674080E+02,  1.150392495788034E+02,  2.538754710493552E-03,  2.713634687405234E-03,  2.679549883679383E+01,
2462454.500000000, A.D. 2029-Nov-14 00:00:00.0000,  6.737607136405548E-02,  2.369119601439280E-03,  5.203323866240820E+00,  2.656586316625451E+02,  2.995787733815658E+02,  2.462445461360719E+06,  1.342304727667279E+01,  1.213260823867737E+02,  1.276315208597719E+02,  2.540273232002907E-03,  2.711426862566534E-03,  2.681954347472389E+01,
2462455.500000000, A.D. 2029-Nov-15 00:00:00.0000,  6.511955150284465E-02,  2.379770771013892E-03,  5.202340091191783E+00,  2.656206725614062E+02,  3.004671648927674E+02,  2.462445486029807E+06,  1.338145057818110E+01,  1.340014472235937E+02,  1.390747077584732E+02,  2.545534859392381E-03,  2.711298947770869E-03,  2.690291294629835E+01,
2462456.500000000, A.D. 2029-Nov-16 00:00:00.0000,  6.211863156080742E-02,  2.395069313117395E-03,  5.201939013827771E+00,  2.655577835729839E+02,  3.020247852972561E+02,  2.462445543249086E+06,  1.331730973449798E+01,  1.459144456012320E+02,  1.496595204259094E+02,  2.553701772648743E-03,  2.712334232180092E-03,  2.703248682933564E+01,
2462457.500000000, A.D. 2029-Nov-17 00:00:00.0000,  5.860090129251670E-02,  2.413310094306271E-03,  5.202972811557928E+00,  2.654757703513647E+02,  3.040227536807732E+02,  2.462445623917285E+06,  1.324075472678944E+01,  1.572482983423085E+02,  1.596798805507027E+02,  2.563535590399102E-03,  2.713761086491933E-03,  2.718878246959954E+01,
2462458.500000000, A.D. 2029-Nov-18 00:00:00.0000,  5.494796911183220E-02,  2.432156357772092E-03,  5.205986123867350E+00,  2.653835536759918E+02,  3.062786328249512E+02,  2.462445725073832E+06,  1.316340096226042E+01,  1.681614754170064E+02,  1.693716009418856E+02,  2.573568733021325E-03,  2.714981108270557E-03,  2.734855536438668E+01,
2462459.500000000, A.D. 2029-Nov-19 00:00:00.0000,  5.160065267766197E-02,  2.449051163667086E-03,  5.211150088389410E+00,  2.652913865643673E+02,  3.087031866293091E+02,  2.462445851972912E+06,  1.309669911277649E+01,  1.787441042625404E+02,  1.788658355630058E+02,  2.582299503454542E-03,  2.715547843241998E-03,  2.748784231049500E+01,
2462460.500000000, A.D. 2029-Nov-20 00:00:00.0000,  4.896035736768886E-02,  2.461671948509212E-03,  5.218264292481356E+00,  2.652090568746959E+02,  3.113280666398054E+02,  2.462473603807121E+06,  1.305041831888298E+01,  1.889898354980902E+02,  1.881632580777519E+02,  2.588400985784078E-03,  2.715130023058945E-03,  2.758532264663937E+01,
2462461.500000000, A.D. 2029-Nov-21 00:00:00.0000,  4.730622084818743E-02,  2.468354754544285E-03,  5.226816069229900E+00,  2.651443599685897E+02,  3.142854491742021E+02,  2.462473869189985E+06,  1.303137960667093E+01,  1.988123898821335E+02,  1.971573818162981E+02,  2.590921457198840E-03,  2.713488159853396E-03,  2.762562452065409E+01,
2462462.500000000, A.D. 2029-Nov-22 00:00:00.0000,  4.674679701557082E-02,  2.468395017078639E-03,  5.236080919425543E+00,  2.651020297072888E+02,  3.177184678187098E+02,  2.462474144319858E+06,  1.304254025649784E+01,  2.081284894847556E+02,  2.057277165045458E+02,  2.589443192375992E-03,  2.710491367673344E-03,  2.760198495999633E+01,
2462463.500000000, A.D. 2029-Nov-23 00:00:00.0000,  4.721466966282592E-02,  2.462154737236583E-03,  5.245246129438875E+00,  2.650832174033301E+02,  3.216587186262608E+02,  2.462474432781276E+06,  1.308251813882942E+01,  2.169716906434167E+02,  2.138660421762084E+02,  2.584165245664802E-03,  2.706175754093021E-03,  2.751763813202798E+01,
2462464.500000000, A.D. 2029-Nov-24 00:00:00.0000,  4.849538017408813E-02,  2.450969054652398E-03,  5.253540225485096E+00,  2.650855293449950E+02,  3.259540178672945E+02,  2.462474727358398E+06,  1.314562918746105E+01,  2.255549389293462E+02,  2.217521303350883E+02,  2.575887708354826E-03,  2.700806362057254E-03,  2.738552828976689E+01,
2462465.500000000, A.D. 2029-Nov-25 00:00:00.0000,  5.027694689113606E-02,  2.436891068067912E-03,  5.260352099607141E+00,  2.651035796958641E+02,  3.302897804613767E+02,  2.462475011098348E+06,  1.322248440248641E+01,  2.342396504412153E+02,  2.297349921917679E+02,  2.565896510662650E-03,  2.694901953257387E-03,  2.722635089153927E+01,
2462466.500000000, A.D. 2029-Nov-26 00:00:00.0000,  5.221629944028468E-02,  2.422316837485535E-03,  5.265324575642579E+00,  2.651299774965540E+02,  3.342668928945080E+02,  2.462475262418990E+06,  1.330115024744129E+01,  2.434497484780784E+02,  2.382562008357980E+02,  2.555769671977933E-03,  2.689222506470330E-03,  2.706532843422713E+01,
2462467.500000000, A.D. 2029-Nov-27 00:00:00.0000,  5.402401723561685E-02,  2.409531900195255E-03,  5.268408162713195E+00,  2.651566277194693E+02,  3.374783124916331E+02,  2.462475459585449E+06,  1.336881497040063E+01,  2.535897748924184E+02,  2.477725060106801E+02,  2.547138557528689E-03,  2.684745214862124E-03,  2.692834037998594E+01,
2462468.500000000, A.D. 2029-Nov-28 00:00:00.0000,  5.555702476997332E-02,  2.400243151506009E-03,  5.269863212893720E+00,  2.651761747944377E+02,  3.395688647184033E+02,  2.462475583451335E+06,  1.341382140708033E+01,  2.649838488507786E+02,  2.586928053218386E+02,  2.541437878683369E-03,  2.682632605860729E-03,  2.683798964327779E+01,
2462469.500000000, A.D. 2029-Nov-29 00:00:00.0000,  5.688661754392138E-02,  2.395197445662071E-03,  5.270204579639528E+00,  2.651833563298397E+02,  3.403036763455899E+02,  2.462475620803663E+06,  1.342782426785750E+01,  2.778109240318089E+02,  2.713037158030878E+02,  2.539670722754924E-03,  2.684143999847778E-03,  2.681000233684473E+01,
2462470.500000000, A.D. 2029-Nov-30 00:00:00.0000,  5.828799027920932E-02,  2.394029346918910E-03,  5.270093305115390E+00,  2.651759903321665E+02,  3.396658588728675E+02,  2.462475570519336E+06,  1.340771365938697E+01,  2.920159286355939E+02,  2.856630859366847E+02,  2.542209637560765E-03,  2.690389928202619E-03,  2.685021541670215E+01,
2462471.500000000, A.D. 2029-Dec-01 00:00:00.0000,  6.010268298074239E-02,  2.395479114189170E-03,  5.270193741058832E+00,  2.651553327599654E+02,  3.379392583877078E+02,  2.462475450026238E+06,  1.335684233182440E+01,  3.072401223293440E+02,  3.015061430402973E+02,  2.548660444936762E-03,  2.701841775684354E-03,  2.695247806753349E+01,
2462472.500000000, A.D. 2029-Dec-02 00:00:00.0000,  6.250067164716480E-02,  2.397966374428517E-03,  5.271027707463950E+00,  2.651256502411875E+02,  3.356569558356042E+02,  2.462475293524607E+06,  1.328506189640798E+01,  3.228878526861325E+02,  3.182851360365323E+02,  2.557832631882189E-03,  2.717698889335860E-03,  2.709810483437318E+01,
2462473.500000000, A.D. 2029-Dec-03 00:00:00.0000,  6.529490756552855E-02,  2.400205554087457E-03,  5.272863627093017E+00,  2.650930555403739E+02,  3.333611913134490E+02,  2.462475136928942E+06,  1.320720826425168E+01,  3.383807385574347E+02,  3.353998335901056E+02,  2.567874694932965E-03,  2.735543835778473E-03,  2.725784229316820E+01,
2462474.500000000, A.D. 2029-Dec-04 00:00:00.0000,  6.797919404168862E-02,  2.401459037381829E-03,  5.275672680418913E+00,  2.650638939018222E+02,  3.313348539818665E+02,  2.462474999589741E+06,  1.314006168853214E+01,  3.534353599810781E+02,  3.524630689773961E+02,  2.576615266557950E-03,  2.751771495734070E-03,  2.739713165229556E+01,
2462475.500000000, A.D. 2029-Dec-05 00:00:00.0000,  6.998613699707866E-02,  2.401366283490660E-03,  5.279165048007644E+00,  2.650431439987864E+02,  3.295175093522888E+02,  2.462474877904633E+06,  1.309840118661929E+01,  8.148454699984562E+00,  9.392386640773422E+00,  2.582075793727299E-03,  2.762785303963938E-03,  2.748427039841771E+01,
2462476.500000000, A.D. 2029-Dec-06 00:00:00.0000,  7.098808092745951E-02,  2.399644833982912E-03,  5.282893100328097E+00,  2.650333100117327E+02,  3.276230200057735E+02,  2.462474752916919E+06,  1.309131416813315E+01,  2.287161349188911E+01,  2.631158700179381E+01,  2.583007585498524E-03,  2.766370337014135E-03,  2.749914908285611E+01,
2462477.500000000, A.D. 2029-Dec-07 00:00:00.0000,  7.105815668168215E-02,  2.395963099912084E-03,  5.286386018918786E+00,  2.650341041641493E+02,  3.253422258640642E+02,  2.462474604134424E+06,  1.312001611125276E+01,  3.799380301984679E+01,  4.337428003181992E+01,  2.579239074163512E-03,  2.762515048414940E-03,  2.743899069538761E+01,
2462478.500000000, A.D. 2029-Dec-08 00:00:00.0000,  7.060861239371767E-02,  2.390099002714487E-03,  5.289272293102415E+00,  2.650429280822046E+02,  3.225372990363966E+02,  2.462474422782320E+06,  1.317789057972683E+01,  5.372912845445239E+01,  6.059441889734079E+01,  2.571681892674267E-03,  2.753264782634047E-03,  2.731848453453031E+01,
2462479.500000000, A.D. 2029-Dec-09 00:00:00.0000,  7.014012436840562E-02,  2.382313838913005E-03,  5.291355921720727E+00,  2.650558966918372E+02,  3.193593497147423E+02,  2.462474219281239E+06,  1.325255359015367E+01,  6.998300838186184E+01,  7.774440386296436E+01,  2.562013805891830E-03,  2.741713772870654E-03,  2.716457606083339E+01,
2462480.500000000, A.D. 2029-Dec-10 00:00:00.0000,  6.994408466281694E-02,  2.373692128381557E-03,  5.292632565153883E+00,  2.650690222014761E+02,  3.162127056771403E+02,  2.462474019627683E+06,  1.332903695907973E+01,  8.637712212552239E+01,  9.439427660067832E+01,  2.552203678550873E-03,  2.730715228720189E-03,  2.700870296220224E+01,
2462481.500000000, A.D. 2029-Dec-11 00:00:00.0000,  6.994526595146085E-02,  2.366122533225105E-03,  5.293252609971330E+00,  2.650792072548368E+02,  3.135599825306804E+02,  2.462473851182871E+06,  1.339302507537803E+01,  1.024407996083434E+02,  1.101001141916978E+02,  2.544068049549456E-03,  2.722013565873807E-03,  2.687966295693946E+01,
2462482.500000000, A.D. 2029-Dec-12 00:00:00.0000,  6.977409285474552E-02,  2.361815778512536E-03,  5.293451379229344E+00,  2.650848268431271E+02,  3.117057256099068E+02,  2.462473728508626E+06,  1.343338259582619E+01,  1.178307995620427E+02,  1.246086737853187E+02,  2.538970115077368E-03,  2.716124451642200E-03,  2.679890916766217E+01,
2462483.500000000, A.D. 2029-Dec-13 00:00:00.0000,  6.898186174001787E-02,  2.362622590897443E-03,  5.293470714351096E+00,  2.650858329063041E+02,  3.107093890425502E+02,  2.462473649481305E+06,  1.344365789479299E+01,  1.324270034179403E+02,  1.379319571635252E+02,  2.537676221123945E-03,  2.712729851350448E-03,  2.677842614095644E+01,
2462484.500000000, A.D. 2029-Dec-14 00:00:00.0000,  6.724482237352367E-02,  2.369506862721710E-03,  5.293492990470268E+00,  2.650834444365665E+02,  3.104333831987058E+02,  2.462473600764001E+06,  1.342258967066087E+01,  1.462959725358114E+02,  1.502885589315550E+02,  2.540330967394088E-03,  2.711155072066464E-03,  2.682045781276388E+01,
2462485.500000000, A.D. 2029-Dec-15 00:00:00.0000,  6.447322606589380E-02,  2.382322928874403E-03,  5.293601423436529E+00,  2.650795690970417E+02,  3.106398268282330E+02,  2.462473565746154E+06,  1.337381013485467E+01,  1.596064450439956E+02,  1.619989852920915E+02,  2.546504274651793E-03,  2.710685620429183E-03,  2.691828255149010E+01,
2462486.500000000, A.D. 2029-Dec-16 00:00:00.0000,  6.082461973946540E-02,  2.399856389235290E-03,  5.293771973463409E+00,  2.650761361146455E+02,  3.110776235746386E+02,  2.462473530918115E+06,  1.330497111762018E+01,  1.725532598971462E+02,  1.733930850865144E+02,  2.555280344518348E-03,  2.710704299801406E-03,  2.705755591782089E+01,
2462487.500000000, A.D. 2029-Dec-17 00:00:00.0000,  5.665021834434572E-02,  2.420049266422926E-03,  5.293894303242403E+00,  2.650745094737509E+02,  3.115546719820617E+02,  2.462500708831609E+06,  1.322648935132704E+01,  1.852935293779879E+02,  1.847341733728003E+02,  2.565378519699815E-03,  2.710707772976704E-03,  2.721810681863819E+01,
2462488.500000000, A.D. 2029-Dec-18 00:00:00.0000,  5.239952239813560E-02,  2.440363369874521E-03,  5.293813503219340E+00,  2.650751072228695E+02,  3.120089978052002E+02,  2.462500828423374E+06,  1.315006585294280E+01,  1.978804207725423E+02,  1.961455098515040E+02,  2.575308294536174E-03,  2.710253219197827E-03,  2.737628875975834E+01,
2462489.500000000, A.D. 2029-Dec-19 00:00:00.0000,  4.850412684638407E-02,  2.458247656689998E-03,  5.293381248370127E+00,  2.650772935780410E+02,  3.125745032964735E+02,  2.462500946496605E+06,  1.308710781775129E+01,  2.101984647875866E+02,  2.075431347800161E+02,  2.583561028533355E-03,  2.708874400376712E-03,  2.750798763281355E+01,
2462490.500000000, A.D. 2029-Dec-20 00:00:00.0000,  4.527086167138971E-02,  2.471631073308248E-03,  5.292504491270745E+00,  2.650795511089171E+02,  3.135968324796482E+02,  2.462501081223299E+06,  1.304717729624973E+01,  2.219449036101943E+02,  2.186195140750515E+02,  2.588829620969976E-03,  2.706028168631705E-03,  2.759217506023147E+01,
2462491.500000000, A.D. 2029-Dec-21 00:00:00.0000,  4.282701493609663E-02,  2.479297239000180E-03,  5.291181033962411E+00,  2.650798899896061E+02,  3.155375977105168E+02,  2.462501263339275E+06,  1.303660544022282E+01,  2.327191980960908E+02,  2.289398472821619E+02,  2.590229015745420E-03,  2.701160792490660E-03,  2.761455055541260E+01,
2462492.500000000, A.D. 2029-Dec-22 00:00:00.0000,  4.114475564769091E-02,  2.481012862934619E-03,  5.289513684887361E+00,  2.650764117868025E+02,  3.187684274236630E+02,  2.462501520154790E+06,  1.305743328793839E+01,  2.422199305800232E+02,  2.381496623663389E+02,  2.587473841904575E-03,  2.693934820874530E-03,  2.757050272143029E+01,
2462493.500000000, A.D. 2029-Dec-23 00:00:00.0000,  4.011773489930275E-02,  2.477423065858853E-03,  5.287697937604969E+00,  2.650679140603115E+02,  3.233597808744344E+02,  2.462501858589722E+06,  1.310685376636130E+01,  2.504451868241195E+02,  2.461886561440442E+02,  2.580965557894703E-03,  2.684508049930553E-03,  2.746654585587419E+01,
2462494.500000000, A.D. 2029-Dec-24 00:00:00.0000,  3.962486723487019E-02,  2.469851091565235E-03,  5.285982403441557E+00,  2.650543986607391E+02,  3.289855578508638E+02,  2.462502257516270E+06,  1.317731633103049E+01,  2.577767541726267E+02,  2.533893747945274E+02,  2.571756605623466E-03,  2.673662119681696E-03,  2.731967503521616E+01,
2462495.500000000, A.D. 2029-Dec-25 00:00:00.0000,  3.954820351505539E-02,  2.460091075979979E-03,  5.284606884973705E+00,  2.650373377337259E+02,  3.349821736725078E+02,  2.462502672513204E+06,  1.325739966798896E+01,  2.649111258374756E+02,  2.604214060682534E+02,  2.561389426292297E-03,  2.662687776604616E-03,  2.715464638734912E+01,
2462496.500000000, A.D. 2029-Dec-26 00:00:00.0000,  3.977663412548521E-02,  2.450144531685606E-03,  5.283729730064125E+00,  2.650195716320281E+02,  3.405200361336898E+02,  2.462503048852514E+06,  1.333345245730444E+01,  2.726811863485673E+02,  2.681223123927630E+02,  2.551640189940763E-03,  2.653135848195921E-03,  2.699975877611368E+01,
2462497.500000000, A.D. 2029-Dec-27 00:00:00.0000,  4.024486080193089E-02,  2.441824683540971E-03,  5.283362508955049E+00,  2.650047779537866E+02,  3.448134899321802E+02,  2.462503336071243E+06,  1.339185436489844E+01,  2.818441838572293E+02,  2.772883899531538E+02,  2.544216314987650E-03,  2.646607946434329E-03,  2.688201276617827E+01,
2462498.500000000, A.D. 2029-Dec-28 00:00:00.0000,  4.100551447469009E-02,  2.436285497372239E-03,  5.283333358856798E+00,  2.649965642992775E+02,  3.473182795379003E+02,  2.462503500302251E+06,  1.342158055976651E+01,  2.928880405080225E+02,  2.884755094592355E+02,  2.540458296835472E-03,  2.644631096298706E-03,  2.682247432758864E+01,
2462499.500000000, A.D. 2029-Dec-29 00:00:00.0000,  4.226198025387434E-02,  2.433695944731004E-03,  5.283297377290110E+00,  2.649973765946199E+02,  3.479057814031577E+02,  2.462503534792634E+06,  1.341659722519525E+01,  3.058668123477407E+02,  3.018204383516809E+02,  2.541087327175464E-03,  2.648478709619924E-03,  2.683243701494968E+01,
2462500.500000000, A.D. 2029-Dec-30 00:00:00.0000,  4.427301329751979E-02,  2.433312914102690E-03,  5.282801535343263E+00,  2.650075292378783E+02,  3.469567157780475E+02,  2.462503466075470E+06,  1.337751972529533E+01,  3.203212668980973E+02,  3.169401866252592E+02,  2.546033488599381E-03,  2.658754063096071E-03,  2.691081810324541E+01,
2462501.500000000, A.D. 2029-Dec-31 00:00:00.0000,  4.713503162353812E-02,  2.433981174998100E-03,  5.281394492606797E+00,  2.650246923034923E+02,  3.452178178174939E+02,  2.462503345075510E+06,  1.331199010382831E+01,  3.354383730676271E+02,  3.330670810466607E+02,  2.554382053886645E-03,  2.674782932775190E-03,  2.704328933481327E+01,
2462502.500000000, A.D. 2030-Jan-01 00:00:00.0000,  5.060777684235666E-02,  2.434697617467033E-03,  5.278754103753498E+00,  2.650440778630627E+02,  3.434007490369503E+02,  2.462503220390985E+06,  1.323343919947421E+01,  3.504667496954462E+02,  3.494426157224497E+02,  2.564480262298041E-03,  2.694262907129048E-03,  2.720381259728034E+01,
2462503.500000000, A.D. 2030-Jan-02 00:00:00.0000,  5.416045443829518E-02,  2.434810647216252E-03,  5.274794876070346E+00,  2.650593669960660E+02,  3.418303510916619E+02,  2.462503114137895E+06,  1.315831204011141E+01,  5.077293974523378E+00,  5.666132866861376E+00,  2.574232234887465E-03,  2.713653822558679E-03,  2.735913230379297E+01,
2462504.500000000, A.D. 2030-Jan-03 00:00:00.0000,  5.721589813669138E-02,  2.433849109909755E-03,  5.269719864290414E+00,  2.650641786172105E+02,  3.404049776085209E+02,  2.462503019063807E+06,  1.310236423390590E+01,  1.940376541093898E+01,  2.173838815441914E+01,  2.581555103760789E-03,  2.729261097611822E-03,  2.747595728322091E+01,
2462505.500000000, A.D. 2030-Jan-04 00:00:00.0000,  5.941997712172135E-02,  2.431291197217773E-03,  5.263996970440350E+00,  2.650536923833506E+02,  3.387852179313123E+02,  2.462502911751342E+06,  1.307705429222055E+01,  3.384666821824313E+01,  3.788435465677289E+01,  2.584885005082028E-03,  2.738478812946283E-03,  2.752913553430466E+01,
2462506.500000000, A.D. 2030-Jan-05 00:00:00.0000,  6.078834334461242E-02,  2.426511771459568E-03,  5.258262816412747E+00,  2.650259747065305E+02,  3.366265874151507E+02,  2.462502769083836E+06,  1.308709861302336E+01,  4.882686775975927E+01,  5.433714055886220E+01,  2.583562239954072E-03,  2.740612708448576E-03,  2.750800698038245E+01,
2462507.500000000, A.D. 2030-Jan-06 00:00:00.0000,  6.166615397850776E-02,  2.418980610136311E-03,  5.253179174607093E+00,  2.649826414974357E+02,  3.337753631867991E+02,  2.462502581932690E+06,  1.312983472902521E+01,  6.457341095927372E+01,  7.115889608021146E+01,  2.577953060515420E-03,  2.736925510894529E-03,  2.741847155198177E+01,
2462508.500000000, A.D. 2030-Jan-07 00:00:00.0000,  6.251482140617438E-02,  2.408663010901709E-03,  5.249279378560522E+00,  2.649286848945820E+02,  3.303846158310026E+02,  2.462502362514421E+06,  1.319636496617318E+01,  8.099249967664544E+01,  8.813683278036798E+01,  2.569281164012178E-03,  2.729899317122647E-03,  2.728023974198984E+01,
2462509.500000000, A.D. 2030-Jan-08 00:00:00.0000,  6.363031370520975E-02,  2.396420092385806E-03,  5.246842222738078E+00,  2.648715174975973E+02,  3.268768622296406E+02,  2.462502140116425E+06,  1.327389437995559E+01,  9.769431721998194E+01,  1.048255654840571E+02,  2.559267058151388E-03,  2.722114023916970E-03,  2.712090285603164E+01,
2462510.500000000, A.D. 2030-Jan-09 00:00:00.0000,  6.496352516101524E-02,  2.384086312453432E-03,  5.245821057659295E+00,  2.648194734197131E+02,  3.237378942381293E+02,  2.462501945110181E+06,  1.334847446273750E+01,  1.141947282808416E+02,  1.207518230852310E+02,  2.549725466981356E-03,  2.715364621509281E-03,  2.696937399138353E+01,
2462511.500000000, A.D. 2030-Jan-10 00:00:00.0000,  6.615319986550770E-02,  2.374060109337176E-03,  5.245841115131790E+00,  2.647801093870805E+02,  3.212828559921750E+02,  2.462501792685245E+06,  1.340749531832139E+01,  1.301507771359767E+02,  1.356427921499487E+02,  2.542237237409032E-03,  2.710414365480888E-03,  2.685065267246886E+01,
2462512.500000000, A.D. 2030-Jan-11 00:00:00.0000,  6.671747021543163E-02,  2.368616506476757E-03,  5.246263061521481E+00,  2.647586631651614E+02,  3.195599398306347E+02,  2.462501678074226E+06,  1.344154978278986E+01,  1.454634540331348E+02,  1.495151743633516E+02,  2.537941545979125E-03,  2.707266585481493E-03,  2.678262594845520E+01,
2462513.500000000, A.D. 2030-Jan-12 00:00:00.0000,  6.626182208911259E-02,  2.369302763295784E-03,  5.246298267628242E+00,  2.647569643218902E+02,  3.184004079442027E+02,  2.462501582505887E+06,  1.344555088277525E+01,  1.602372734913663E+02,  1.626178671583227E+02,  2.537438030644499E-03,  2.705573297993213E-03,  2.677465602849986E+01,
2462514.500000000, A.D. 2030-Jan-13 00:00:00.0000,  6.461109453457869E-02,  2.376604360662307E-03,  5.245152973931185E+00,  2.647729796235201E+02,  3.175203417230788E+02,  2.462501482073118E+06,  1.341914219504817E+01,  1.746894119079791E+02,  1.753235227404250E+02,  2.540766035149605E-03,  2.704927709636903E-03,  2.682734818421140E+01,
2462515.500000000, A.D. 2030-Jan-14 00:00:00.0000,  6.185109661952388E-02,  2.389870807705734E-03,  5.242175231631376E+00,  2.648010451366706E+02,  3.166112236153057E+02,  2.462528287963446E+06,  1.336650280738355E+01,  1.890696506944335E+02,  1.880319005352044E+02,  2.547432288301142E-03,  2.704993768896551E-03,  2.693299849539842E+01,
2462516.500000000, A.D. 2030-Jan-15 00:00:00.0000,  5.829647409681613E-02,  2.407440787570078E-03,  5.236980016655559E+00,  2.648327214670386E+02,  3.154175535982852E+02,  2.462528263875865E+06,  1.329565205186245E+01,  2.035915997193559E+02,  2.010865863199323E+02,  2.556474220759778E-03,  2.705507653949479E-03,  2.707652085025581E+01,
2462517.500000000, A.D. 2030-Jan-16 00:00:00.0000,  5.439854371467857E-02,  2.426944714937797E-03,  5.229532941811284E+00,  2.648581279290435E+02,  3.138227164426646E+02,  2.462528216753643E+06,  1.321734241428802E+01,  2.183529975369791E+02,  2.146836856624451E+02,  2.566561947220079E-03,  2.706179179502361E-03,  2.723694285250853E+01,
2462518.500000000, A.D. 2030-Jan-17 00:00:00.0000,  5.060479618456106E-02,  2.445784656675154E-03,  5.220179600565323E+00,  2.648675674582069E+02,  3.119424880979690E+02,  2.462528143840814E+06,  1.314361996680043E+01,  2.332450213197112E+02,  2.287731510788879E+02,  2.576150213152552E-03,  2.706515769629950E-03,  2.738971462270871E+01,
2462519.500000000, A.D. 2030-Jan-18 00:00:00.0000,  4.720415941785552E-02,  2.461726667560296E-03,  5.209614161850289E+00,  2.648532318555843E+02,  3.101703089335497E+02,  2.462528065844084E+06,  1.308614719438711E+01,  2.479061034705704E+02,  2.430089710673661E+02,  2.583687462422398E-03,  2.705648257284500E-03,  2.751000692964928E+01,
2462520.500000000, A.D. 2030-Jan-19 00:00:00.0000,  4.423185727120427E-02,  2.473404396118525E-03,  5.198786987507169E+00,  2.648107565689490E+02,  3.090902193177066E+02,  2.462528022019065E+06,  1.305442961901924E+01,  2.618043315273127E+02,  2.568329826170060E+02,  2.587870724647460E-03,  2.702337053176395E-03,  2.757684636604186E+01,
2462521.500000000, A.D. 2030-Jan-20 00:00:00.0000,  4.150686841640262E-02,  2.480490624055527E-03,  5.188757727869378E+00,  2.647403666774159E+02,  3.092610864452557E+02,  2.462528053834270E+06,  1.305415877526777E+01,  2.744452068502471E+02,  2.696895037880754E+02,  2.587906519431522E-03,  2.695322414807517E-03,  2.757741852213801E+01,
2462522.500000000, A.D. 2030-Jan-21 00:00:00.0000,  3.878988291207405E-02,  2.483490664224272E-03,  5.180509125083106E+00,  2.646473362162799E+02,  3.110092012872063E+02,  2.462528187883312E+06,  1.308595642710955E+01,  2.855686068210111E+02,  2.812344177852393E+02,  2.583712572385561E-03,  2.683934480546851E-03,  2.751040797096079E+01,
2462523.500000000, A.D. 2030-Jan-22 00:00:00.0000,  3.595718125134432E-02,  2.483365705772941E-03,  5.174748163552115E+00,  2.645415124946135E+02,  3.143433965683346E+02,  2.462528427997631E+06,  1.314483788500259E+01,  2.952222700395405E+02,  2.914247710767240E+02,  2.575991084085242E-03,  2.668616462397542E-03,  2.738717686360642E+01,
2462524.500000000, A.D. 2030-Jan-23 00:00:00.0000,  3.309026766942500E-02,  2.481218558457598E-03,  5.171733066821251E+00,  2.644357845198680E+02,  3.189631674333112E+02,  2.462528755215758E+06,  1.322065991715826E+01,  3.037432395906457E+02,  3.005178031509108E+02,  2.566132572145109E-03,  2.651046585832620E-03,  2.723010819851578E+01,
2462525.500000000, A.D. 2030-Jan-24 00:00:00.0000,  3.045644940289274E-02,  2.478115770678586E-03,  5.171171459107134E+00,  2.643436193306333E+02,  3.242826138272187E+02,  2.462529129678475E+06,  1.329965462294501E+01,  3.117265298876615E+02,  3.090551264169121E+02,  2.555961275955477E-03,  2.633806781232369E-03,  2.706837208982223E+01,
2462526.500000000, A.D. 2030-Jan-25 00:00:00.0000,  2.841978716213490E-02,  2.474986546392377E-03,  5.172229792133274E+00,  2.642761036166020E+02,  3.294856367458978E+02,  2.462529494907619E+06,  1.336689374893663E+01,  3.199673880654305E+02,  3.178146271555979E+02,  2.547382618222791E-03,  2.619778690053206E-03,  2.693221078596804E+01,
2462527.500000000, A.D. 2030-Jan-26 00:00:00.0000,  2.734258051862758E-02,  2.472510399341680E-03,  5.173672570881913E+00,  2.642391904310724E+02,  3.337363001368940E+02,  2.462529792877476E+06,  1.340924831508543E+01,  3.292542365630445E+02,  3.276042517360352E+02,  2.542015667407379E-03,  2.611520935473078E-03,  2.684714247516762E+01,
2462528.500000000, A.D. 2030-Jan-27 00:00:00.0000,  2.750751121706116E-02,  2.470991262050577E-03,  5.174114804570090E+00,  2.642319222176077E+02,  3.365870101202202E+02,  2.462529992791975E+06,  1.341820234319624E+01,  3.399694152228863E+02,  3.388538212368048E+02,  2.540884675770595E-03,  2.610778089490613E-03,  2.682922725357020E+01,
2462529.500000000, A.D. 2030-Jan-28 00:00:00.0000,  2.903566667131063E-02,  2.470346418368045E-03,  5.172333601755456E+00,  2.642462072601755E+02,  3.382651159106154E+02,  2.462530111154860E+06,  1.339182899245629E+01,  3.518155186279722E+02,  3.513242326570870E+02,  2.544219528537292E-03,  2.618092638706539E-03,  2.688206369740762E+01,
2462530.500000000, A.D. 2030-Jan-29 00:00:00.0000,  3.179572031500016E-02,  2.470270861281476E-03,  5.167560228682428E+00,  2.642683142677602E+02,  3.394107673058545E+02,  2.462530193164126E+06,  1.333538017060284E+01,  4.091773030043278E+00,  4.362465888248757E+00,  2.551394280228926E-03,  2.632517699176376E-03,  2.699585579071841E+01,
2462531.500000000, A.D. 2030-Jan-30 00:00:00.0000,  3.538761003190834E-02,  2.470392669567181E-03,  5.159673893589161E+00,  2.642817682317809E+02,  3.404968110970033E+02,  2.462530271784676E+06,  1.326025990793986E+01,  1.628645442316001E+01,  1.747391833409198E+01,  2.561021085006901E-03,  2.651649500446619E-03,  2.714878912625554E+01,
2462532.500000000, A.D. 2030-Jan-31 00:00:00.0000,  3.925733064962741E-02,  2.470264004192967E-03,  5.149244439588262E+00,  2.642709498992124E+02,  3.415564015827268E+02,  2.462530348753464E+06,  1.318157580887589E+01,  2.835681929377886E+01,  3.058913908511710E+01,  2.571202552982570E-03,  2.672141101772173E-03,  2.731084698975004E+01,
2462533.500000000, A.D. 2030-Feb-01 00:00:00.0000,  4.288620838121528E-02,  2.469271137762607E-03,  5.137413463019532E+00,  2.642245327948873E+02,  3.423034991234319E+02,  2.462530403536437E+06,  1.311486905677065E+01,  4.060971417020889E+01,  4.394208165401031E+01,  2.579913861220495E-03,  2.690556584678383E-03,  2.744975938697209E+01,
2462534.500000000, A.D. 2030-Feb-02 00:00:00.0000,  4.596505553145970E-02,  2.466597611314035E-03,  5.125646718852203E+00,  2.641379602902791E+02,  3.423572833090676E+02,  2.462530409705717E+06,  1.307286364349388E+01,  5.347185942843647E+01,  5.784977159300221E+01,  2.585437384254399E-03,  2.704277157194764E-03,  2.753796029832876E+01,
2462535.500000000, A.D. 2030-Feb-03 00:00:00.0000,  4.848788766717330E-02,  2.461308061672348E-03,  5.115421081311975E+00,  2.640144264498587E+02,  3.414268866523876E+02,  2.462530348440836E+06,  1.306304093934331E+01,  6.729502826079920E+01,  7.253606886920142E+01,  2.586733295110608E-03,  2.712158528548868E-03,  2.755866736325925E+01,
2462536.500000000, A.D. 2030-Feb-04 00:00:00.0000,  5.072044744764439E-02,  2.452592239510169E-03,  5.107919505536785E+00,  2.638641958011331E+02,  3.394553694870688E+02,  2.462530218752428E+06,  1.308654287740321E+01,  8.219981567328881E+01,  8.799821121588104E+01,  2.583635382133549E-03,  2.714678524756928E-03,  2.750917514064155E+01,
2462537.500000000, A.D. 2030-Feb-05 00:00:00.0000,  5.303338746322205E-02,  2.440165188530595E-03,  5.103798017601951E+00,  2.637024807192645E+02,  3.366978437689930E+02,  2.462530042068936E+06,  1.313847405282837E+01,  9.798583377342861E+01,  1.039384247619737E+02,  2.576822832215560E-03,  2.713480475900525E-03,  2.740044228519075E+01,
2462538.500000000, A.D. 2030-Feb-06 00:00:00.0000,  5.566586549335965E-02,  2.424675647160320E-03,  5.103066176631637E+00,  2.635463965638294E+02,  3.336526381772525E+02,  2.462529855213227E+06,  1.320930062441123E+01,  1.141915873248536E+02,  1.198396260053266E+02,  2.567603519306302E-03,  2.710531391452284E-03,  2.725352463662671E+01,
2462539.500000000, A.D. 2030-Feb-07 00:00:00.0000,  5.855952737131104E-02,  2.407830012778224E-03,  5.105095138414819E+00,  2.634116670353657E+02,  3.308372146182302E+02,  2.462529692301382E+06,  1.328685909808395E+01,  1.303135096129425E+02,  1.351926961145052E+02,  2.557601975677851E-03,  2.707373938577478E-03,  2.709443950165123E+01,
2462540.500000000, A.D. 2030-Feb-08 00:00:00.0000,  6.136891270294802E-02,  2.392054224113927E-03,  5.108742434042471E+00,  2.633097354779449E+02,  3.285621479399977E+02,  2.462529568300103E+06,  1.335849825700061E+01,  1.460310940146423E+02,  1.497223028126766E+02,  2.548449818556782E-03,  2.704845412999637E-03,  2.694913702678665E+01,
2462541.500000000, A.D. 2030-Feb-09 00:00:00.0000,  6.361739560733827E-02,  2.379854845990736E-03,  5.112563919731808E+00,  2.632457824506577E+02,  3.268567369784577E+02,  2.462529475542785E+06,  1.341300447864441E+01,  1.612840984794413E+02,  1.634585213535539E+02,  2.541541069672382E-03,  2.703227293354028E-03,  2.683962422984172E+01,
2462542.500000000, A.D. 2030-Feb-10 00:00:00.0000,  6.488451447550478E-02,  2.373202263165845E-03,  5.115072440382211E+00,  2.632179202184019E+02,  3.255334928709214E+02,  2.462529390920125E+06,  1.344211202239427E+01,  1.762137201919663E+02,  1.766678424426062E+02,  2.537870776286786E-03,  2.702539289407726E-03,  2.678150571876262E+01,
2462543.500000000, A.D. 2030-Feb-11 00:00:00.0000,  6.494253217170558E-02,  2.373125116353641E-03,  5.114999330124983E+00,  2.632176018811053E+02,  3.242923872076111E+02,  2.462556068087831E+06,  1.344151647063750E+01,  1.910658404180540E+02,  1.897432637614253E+02,  2.537945739169714E-03,  2.702766361985786E-03,  2.678269232392094E+01,
2462544.500000000, A.D. 2030-Feb-12 00:00:00.0000,  6.382009777425286E-02,  2.379532601203930E-03,  5.111517839554289E+00,  2.632310989154464E+02,  3.228097581486601E+02,  2.462555974559328E+06,  1.341137323401078E+01,  2.061104021619348E+02,  2.031088517572105E+02,  2.541747153027579E-03,  2.703961704851227E-03,  2.684288877197545E+01,
2462545.500000000, A.D. 2030-Feb-13 00:00:00.0000,  6.179498484978361E-02,  2.391232803288015E-03,  5.104395279628888E+00,  2.632417857850540E+02,  3.208171323329348E+02,  2.462555864361910E+06,  1.335628271059556E+01,  2.215706522185454E+02,  2.171335983601348E+02,  2.548731636128756E-03,  2.706230468969497E-03,  2.695360736220501E+01,
2462546.500000000, A.D. 2030-Feb-14 00:00:00.0000,  5.931409419673333E-02,  2.406153574992259E-03,  5.094051148897525E+00,  2.632329123011982E+02,  3.181925460899207E+02,  2.462555718180114E+06,  1.328475986573395E+01,  2.375386907891718E+02,  2.320320286889673E+02,  2.557871400164761E-03,  2.709589225337264E-03,  2.709872091316954E+01,
2462547.500000000, A.D. 2030-Feb-15 00:00:00.0000,  5.683966177263747E-02,  2.421798434222295E-03,  5.081510026437802E+00,  2.631905126334257E+02,  3.150559136777259E+02,  2.462555534045013E+06,  1.320818279718405E+01,  2.538848648741570E+02,  2.477602173056680E+02,  2.567748383879226E-03,  2.713698333536158E-03,  2.725583114103712E+01,
2462548.500000000, A.D. 2030-Feb-16 00:00:00.0000,  5.465620587882171E-02,  2.435889149665659E-03,  5.068249822872641E+00,  2.631060630554109E+02,  3.117962662917043E+02,  2.462555332025602E+06,  1.313923718883388E+01,  2.702323951327383E+02,  2.639800025436924E+02,  2.576723055478604E-03,  2.717556961291549E-03,  2.739885084850579E+01,
2462549.500000000, A.D. 2030-Feb-17 00:00:00.0000,  5.273678069796581E-02,  2.446958853872171E-03,  5.055958814903055E+00,  2.629784494253308E+02,  3.089439455534759E+02,  2.462555146805516E+06,  1.308994373028570E+01,  2.860836335385775E+02,  2.801795373524920E+02,  2.583187865855435E-03,  2.719416877838699E-03,  2.750202807725459E+01,
2462550.500000000, A.D. 2030-Feb-18 00:00:00.0000,  5.077641542572826E-02,  2.454581330338117E-03,  5.046230331487061E+00,  2.628147725981473E+02,  3.069256472474724E+02,  2.462555009743560E+06,  1.306948299534990E+01,  3.010599832365856E+02,  2.959141003168325E+02,  2.585883210475644E-03,  2.717185090613171E-03,  2.754508346872538E+01,
2462551.500000000, A.D. 2030-Feb-19 00:00:00.0000,  4.839045700664166E-02,  2.459156816034726E-03,  5.040242278018793E+00,  2.626295827259672E+02,  3.058774686804931E+02,  2.462554933609261E+06,  1.308219489445157E+01,  3.150808544578431E+02,  3.109939938600886E+02,  2.584207813111317E-03,  2.709258810187907E-03,  2.751831805782709E+01,
2462552.500000000, A.D. 2030-Feb-20 00:00:00.0000,  4.535102855369717E-02,  2.461487241658347E-03,  5.038485897279839E+00,  2.624423786052548E+02,  3.056282907520230E+02,  2.462554909635623E+06,  1.312625834108805E+01,  3.283705003069171E+02,  3.255084258974433E+02,  2.578421299641866E-03,  2.695355357625385E-03,  2.742594200459407E+01,
2462553.500000000, A.D. 2030-Feb-21 00:00:00.0000,  4.173114153463814E-02,  2.462412673218362E-03,  5.040614982010284E+00,  2.622736551112710E+02,  3.058133663226088E+02,  2.462554914739510E+06,  1.319354714655708E+01,  3.413345675747264E+02,  3.397249399567584E+02,  2.569646974818571E-03,  2.676881276418779E-03,  2.728606613528823E+01,
2462554.500000000, A.D. 2030-Feb-22 00:00:00.0000,  3.790554824284589E-02,  2.462623059195985E-03,  5.045472348868463E+00,  2.621403090187889E+02,  3.060505728343991E+02,  2.462554923793967E+06,  1.327093188894818E+01,  3.543758591222382E+02,  3.539291540430661E+02,  2.559647916790590E-03,  2.656672774385196E-03,  2.712695709785100E+01,
2462555.500000000, A.D. 2030-Feb-23 00:00:00.0000,  3.442304845100358E-02,  2.462643911845599E-03,  5.051310630979363E+00,  2.620515767533186E+02,  3.061660661143979E+02,  2.462554925584333E+06,  1.334288290246545E+01,  7.664360985610355E+00,  8.213831450567815E+00,  2.550437754230753E-03,  2.638231596615906E-03,  2.698067596272471E+01,
2462556.500000000, A.D. 2030-Feb-24 00:00:00.0000,  3.180143530283372E-02,  2.462947136149011E-03,  5.056168690118948E+00,  2.620066514567601E+02,  3.064213510668114E+02,  2.462554938894331E+06,  1.339478612997104E+01,  2.091067655806511E+01,  2.226128050255788E+01,  2.543845060253084E-03,  2.624742984357155E-03,  2.687612900324660E+01,
2462557.500000000, A.D. 2030-Feb-25 00:00:00.0000,  3.033751397415366E-02,  2.464055658716453E-03,  5.058314153939469E+00,  2.619946732473546E+02,  3.075196223996175E+02,  2.462555013055754E+06,  1.341611858781821E+01,  3.336513892178579E+01,  3.533913402428084E+01,  2.541147764533374E-03,  2.618239870350295E-03,  2.683339429683327E+01,
2462558.500000000, A.D. 2030-Feb-26 00:00:00.0000,  3.004819548300811E-02,  2.466440105212105E-03,  5.056638434145465E+00,  2.619970937231434E+02,  3.101799834028592E+02,  2.462555198200041E+06,  1.340266431418142E+01,  4.425291647500666E+01,  4.672131040210962E+01,  2.542848102066598E-03,  2.619256098921091E-03,  2.686033101784712E+01,
2462559.500000000, A.D. 2030-Feb-27 00:00:00.0000,  3.076335593549069E-02,  2.470204539298416E-03,  5.050903382351890E+00,  2.619917689958884E+02,  3.145704318936818E+02,  2.462555505754382E+06,  1.335725239189507E+01,  5.335214683109555E+01,  5.624564575228909E+01,  2.548608283050024E-03,  2.627012026801631E-03,  2.695165064174734E+01,
2462560.500000000, A.D. 2030-Feb-28 00:00:00.0000,  3.224474060212083E-02,  2.474876125901240E-03,  5.041782618831051E+00,  2.619577464297494E+02,  3.201565736618014E+02,  2.462555898001213E+06,  1.328892586503989E+01,  6.115562071091641E+01,  6.445447456200823E+01,  2.557336787237990E-03,  2.639797448574740E-03,  2.709022562516336E+01,
2462561.500000000, A.D. 2030-Mar-01 00:00:00.0000,  3.423824599960638E-02,  2.479499392915155E-03,  5.030697935553416E+00,  2.618796393195670E+02,  3.260150269171809E+02,  2.462556309962037E+06,  1.321085001468475E+01,  6.856481309470585E+01,  7.227224608325554E+01,  2.567402760198915E-03,  2.655306127482674E-03,  2.725032829831810E+01,
2462562.500000000, A.D. 2030-Mar-02 00:00:00.0000,  3.650292310949434E-02,  2.482879671027790E-03,  5.019502099067802E+00,  2.617506755431494E+02,  3.312380943472637E+02,  2.462556677877632E+06,  1.313753423510610E+01,  7.648833192191799E+01,  8.059576702408606E+01,  2.576945722597092E-03,  2.671011774166394E-03,  2.740240242632506E+01,
2462563.500000000, A.D. 2030-Mar-03 00:00:00.0000,  3.887217653558320E-02,  2.483775148860439E-03,  5.010089922151223E+00,  2.615738638810170E+02,  3.351754154981697E+02,  2.462556956758041E+06,  1.308202804960538E+01,  8.559887484161594E+01,  9.005229272185335E+01,  2.584229785282451E-03,  2.684684421704462E-03,  2.751866901943079E+01,
2462564.500000000, A.D. 2030-Mar-04 00:00:00.0000,  4.132233058008262E-02,  2.481030719736281E-03,  5.004025243313793E+00,  2.613611529748872E+02,  3.375172355255457E+02,  2.462557126983942E+06,  1.305366527563743E+01,  9.624488369668128E+01,  1.009204789497856E+02,  2.587971743659700E-03,  2.694912767583119E-03,  2.757846109872927E+01,
2462565.500000000, A.D. 2030-Mar-05 00:00:00.0000,  4.398108425799500E-02,  2.473763982969957E-03,  5.002256291875630E+00,  2.611308795277453E+02,  3.383102141168959E+02,  2.462557195663641E+06,  1.305672034976000E+01,  1.084273975266019E+02,  1.131218656758959E+02,  2.587568030544635E-03,  2.701372078119313E-03,  2.757200815797646E+01,
2462566.500000000, A.D. 2030-Mar-06 00:00:00.0000,  4.703666139709062E-02,  2.461665618701733E-03,  5.004964163219117E+00,  2.609041314978181E+02,  3.379225627443299E+02,  2.462557193196380E+06,  1.309008502368440E+01,  1.218268506901765E+02,  1.262641388796765E+02,  2.583169277330914E-03,  2.704672935960095E-03,  2.750173122242049E+01,
2462567.500000000, A.D. 2030-Mar-07 00:00:00.0000,  5.058276740635681E-02,  2.445316571830737E-03,  5.011557950444638E+00,  2.607008166328631E+02,  3.369085902921142E+02,  2.462557161350421E+06,  1.314785168424343E+01,  1.359310312863641E+02,  1.397841706018233E+02,  2.575597416902321E-03,  2.705878261973904E-03,  2.738089907352917E+01,
2462568.500000000, A.D. 2030-Mar-08 00:00:00.0000,  5.449924461497550E-02,  2.426293312823584E-03,  5.020802889614172E+00,  2.605361961951614E+02,  3.357883737839800E+02,  2.462557135165265E+06,  1.322055343921202E+01,  1.502494049464421E+02,  1.531737400675971E+02,  2.566146350497155E-03,  2.705999388170726E-03,  2.723032750900154E+01,
2462569.500000000, A.D. 2030-Mar-09 00:00:00.0000,  5.844974513725513E-02,  2.406913976377652E-03,  5.031048902312303E+00,  2.604184512895073E+02,  3.348687055255165E+02,  2.462557129460340E+06,  1.329677048116267E+01,  1.644882265807751E+02,  1.661611483731456E+02,  2.556330863856567E-03,  2.705747751335484E-03,  2.707424336683908E+01,
2462570.500000000, A.D. 2030-Mar-10 00:00:00.0000,  6.198702903217424E-02,  2.389722459436255E-03,  5.040516949058756E+00,  2.603475784306534E+02,  3.342003628922589E+02,  2.462557137201288E+06,  1.336484220758055E+01,  1.785916962348471E+02,  1.787536888794470E+02,  2.547643298546907E-03,  2.705564137657559E-03,  2.693634495705514E+01,
2462571.500000000, A.D. 2030-Mar-11 00:00:00.0000,  6.469632350485736E-02,  2.376937605485014E-03,  5.047597954064852E+00,  2.603156529118851E+02,  3.336405804339662E+02,  2.462583973055626E+06,  1.341448664185734E+01,  1.926803619198427E+02,  1.911724671325502E+02,  2.541353856741050E-03,  2.705770107997086E-03,  2.683665872659552E+01,
2462572.500000000, A.D. 2030-Mar-12 00:00:00.0000,  6.631808101190828E-02,  2.370025148127227E-03,  5.051121241913303E+00,  2.603083100476875E+02,  3.329423571513552E+02,  2.462583888066095E+06,  1.343818944173747E+01,  2.069650104435099E+02,  2.037583798356982E+02,  2.538364618537134E-03,  2.706704088947041E-03,  2.678932318678895E+01,
2462573.500000000, A.D. 2030-Mar-13 00:00:00.0000,  6.682394467375102E-02,  2.369437602422335E-03,  5.050554604547881E+00,  2.603071834193344E+02,  3.318330401480150E+02,  2.462583798095285E+06,  1.343226443483415E+01,  2.216732609520702E+02,  2.168871242278538E+02,  2.539111016510119E-03,  2.708784430597903E-03,  2.680114002717257E+01,
2462574.500000000, A.D. 2030-Mar-14 00:00:00.0000,  6.643320140289968E-02,  2.374528532019908E-03,  5.046105652163529E+00,  2.602929776696412E+02,  3.300894882676027E+02,  2.462583682236085E+06,  1.339750032136726E+01,  2.369809891069251E+02,  2.308860618490258E+02,  2.543501477974779E-03,  2.712474423929651E-03,  2.687068418470923E+01,
2462575.500000000, A.D. 2030-Mar-15 00:00:00.0000,  6.555331126687415E-02,  2.383674900904753E-03,  5.038704263997298E+00,  2.602488016874623E+02,  3.276261523941885E+02,  2.462583526548665E+06,  1.333929958497504E+01,  2.529314627286316E+02,  2.459366383565901E+02,  2.550894480814541E-03,  2.718114060724328E-03,  2.698792374417413E+01,
2462576.500000000, A.D. 2030-Mar-16 00:00:00.0000,  6.463205960463229E-02,  2.394661282953115E-03,  5.029859383610685E+00,  2.601633188530267E+02,  3.245799055630276E+02,  2.462583332081333E+06,  1.326720224178201E+01,  2.693573952259852E+02,  2.619787211503161E+02,  2.560127602770866E-03,  2.725593922588617E-03,  2.713458296929118E+01,
2462577.500000000, A.D. 2030-Mar-17 00:00:00.0000,  6.395167341026585E-02,  2.405295465498824E-03,  5.021400727821064E+00,  2.600331877222936E+02,  3.213195839966498E+02,  2.462583118069490E+06,  1.319369759409811E+01,  2.858768900810988E+02,  2.786896237304259E+02,  2.569627440350155E-03,  2.733959415201486E-03,  2.728575499267449E+01,
2462578.500000000, A.D. 2030-Mar-18 00:00:00.0000,  6.347159541794559E-02,  2.414023941296924E-03,  5.015137359265225E+00,  2.598642165305231E+02,  3.183097350886830E+02,  2.462582914098140E+06,  1.313230132149527E+01,  3.020327331674181E+02,  2.956099959637610E+02,  2.577630245367981E-03,  2.741236549439038E-03,  2.741332164003451E+01,
2462579.500000000, A.D. 2030-Mar-19 00:00:00.0000,  6.284621218726186E-02,  2.420215053905985E-03,  5.012488929179880E+00,  2.596707286120696E+02,  3.158829026291352E+02,  2.462582743985246E+06,  1.309504900463989E+01,  3.175198542366624E+02,  3.123650296884449E+02,  2.582516429405492E-03,  2.744817804905000E-03,  2.749130605562785E+01,
2462580.500000000, A.D. 2030-Mar-20 00:00:00.0000,  6.163146518308936E-02,  2.423996837439970E-03,  5.014166220001241E+00,  2.594729295832071E+02,  3.140858462116508E+02,  2.462582613463162E+06,  1.308982526793600E+01,  3.323351365014012E+02,  3.288189232172038E+02,  2.583203450990529E-03,  2.742410064541088E-03,  2.750227696941326E+01,
2462581.500000000, A.D. 2030-Mar-21 00:00:00.0000,  5.955202259677596E-02,  2.425862103333096E-03,  5.019984824934386E+00,  2.592925988577052E+02,  3.126931906677284E+02,  2.462582509564699E+06,  1.311821570268897E+01,  3.467563125102278E+02,  3.450714778684364E+02,  2.579475060418988E-03,  2.733088017504880E-03,  2.744275655767782E+01,
2462582.500000000, A.D. 2030-Mar-22 00:00:00.0000,  5.667426644289659E-02,  2.426331422257964E-03,  5.028877341461405E+00,  2.591480494539828E+02,  3.113488130430628E+02,  2.462582409621505E+06,  1.317465061318975E+01,  1.190705097109908E+00,  1.335912563988359E+00,  2.572103501415916E-03,  2.717875580573869E-03,  2.732520281331692E+01,
2462583.500000000, A.D. 2030-Mar-23 00:00:00.0000,  5.340180444171962E-02,  2.425834322713552E-03,  5.039121310617960E+00,  2.590497103127512E+02,  3.097682169882705E+02,  2.462582295043828E+06,  1.324733659544379E+01,  1.596245999849937E+01,  1.776010899881176E+01,  2.562686400730835E-03,  2.699538478748118E-03,  2.717527386779138E+01,
2462584.500000000, A.D. 2030-Mar-24 00:00:00.0000,  5.029564132264630E-02,  2.424829221416742E-03,  5.048735134230829E+00,  2.589976097481398E+02,  3.079513090075598E+02,  2.462582165974316E+06,  1.332087272641028E+01,  3.109125907340020E+01,  3.423487497315049E+01,  2.553246385847680E-03,  2.681663550278618E-03,  2.702525633221129E+01,
2462585.500000000, A.D. 2030-Mar-25 00:00:00.0000,  4.780380939331137E-02,  2.424046663880775E-03,  5.055939221349946E+00,  2.589814550094643E+02,  3.063013231657772E+02,  2.462582049353844E+06,  1.337981052365115E+01,  4.616899175576517E+01,  5.028738960434468E+01,  2.545742870842932E-03,  2.667439077805089E-03,  2.690621061962254E+01,
2462586.500000000, A.D. 2030-Mar-26 00:00:00.0000,  4.606172020122540E-02,  2.424582725957478E-03,  5.059559544120854E+00,  2.589831852571432E+02,  3.055000022468428E+02,  2.462581990227447E+06,  1.341209659099498E+01,  6.048550507689224E+01,  6.520739397052739E+01,  2.541655762539399E-03,  2.658728799121321E-03,  2.684144104969448E+01,
2462587.500000000, A.D. 2030-Mar-27 00:00:00.0000,  4.490519306493975E-02,  2.427597055442657E-03,  5.059272722536172E+00,  2.589811916960684E+02,  3.061627446810211E+02,  2.462582028607274E+06,  1.341147641297403E+01,  7.337945448625200E+01,  7.838424043767215E+01,  2.541734116671537E-03,  2.655871177900416E-03,  2.684268226067507E+01,
2462588.500000000, A.D. 2030-Mar-28 00:00:00.0000,  4.406399138902264E-02,  2.433739663939463E-03,  5.055643091634605E+00,  2.589550698098869E+02,  3.085461900923506E+02,  2.462582180842759E+06,  1.337838898400786E+01,  8.454014362141984E+01,  8.958653595430425E+01,  2.545923201989020E-03,  2.658106740038577E-03,  2.690906957708687E+01,
2462589.500000000, A.D. 2030-Mar-29 00:00:00.0000,  4.335781676456264E-02,  2.442726154794103E-03,  5.049961106667690E+00,  2.588898001279056E+02,  3.124914685036955E+02,  2.462582436998373E+06,  1.331937617311665E+01,  9.407477557779623E+01,  9.900555035680965E+01,  2.553437635932607E-03,  2.664149117071110E-03,  2.702829286604360E+01,
2462590.500000000, A.D. 2030-Mar-30 00:00:00.0000,  4.277124402792901E-02,  2.453318986188768E-03,  5.043939628299932E+00,  2.587785302928366E+02,  3.175241064653355E+02,  2.462582767653255E+06,  1.324537757632767E+01,  1.024178521934073E+02,  1.071446245508366E+02,  2.562939078963847E-03,  2.672559171738925E-03,  2.717929314777685E+01,
2462591.500000000, A.D. 2030-Mar-31 00:00:00.0000,  4.241901965307996E-02,  2.463648135774381E-03,  5.039349383332660E+00,  2.586235262585348E+02,  3.229890095073518E+02,  2.462583131932895E+06,  1.316943106714926E+01,  1.102026829061085E+02,  1.146778571615183E+02,  2.572783071445122E-03,  2.681918007115864E-03,  2.733603282969520E+01,
2462592.500000000, A.D. 2030-Apr-01 00:00:00.0000,  4.247486226934387E-02,  2.471661566834875E-03,  5.037675645327785E+00,  2.584352791094684E+02,  3.281961475050940E+02,  2.462583486264749E+06,  1.310429125598641E+01,  1.181186120296163E+02,  1.223028038041815E+02,  2.581302014370857E-03,  2.690942461906838E-03,  2.747191686811309E+01,
2462593.500000000, A.D. 2030-Apr-02 00:00:00.0000,  4.311878503956148E-02,  2.475533207311105E-03,  5.039860207416094E+00,  2.582301224353020E+02,  3.325856357481128E+02,  2.462583795434913E+06,  1.306037587999150E+01,  1.267452677893640E+02,  1.305778708934324E+02,  2.587085176934374E-03,  2.698637146557643E-03,  2.756429089851236E+01,
2462594.500000000, A.D. 2030-Apr-03 00:00:00.0000,  4.450759523691940E-02,  2.473969924241982E-03,  5.046164815751895E+00,  2.580269687576877E+02,  3.358759722929402E+02,  2.462584043285172E+06,  1.304430674360615E+01,  1.364005957408670E+02,  1.397793874824972E+02,  2.589209408582809E-03,  2.704448892923636E-03,  2.759824704187205E+01,
2462595.500000000, A.D. 2030-Apr-04 00:00:00.0000,  4.673877679574868E-02,  2.466446380186687E-03,  5.056163400385610E+00,  2.578438666507237E+02,  3.381185734499728E+02,  2.462584236521898E+06,  1.305816465945918E+01,  1.470803516904311E+02,  1.498536762958352E+02,  2.587377226880246E-03,  2.708308073573806E-03,  2.756895853194961E+01,
2462596.500000000, A.D. 2030-Apr-05 00:00:00.0000,  4.979328787072317E-02,  2.453374500602706E-03,  5.068847409416503E+00,  2.576950088482983E+02,  3.396091881317414E+02,  2.462584397248100E+06,  1.309945230162604E+01,  1.585394212394102E+02,  1.605120634629284E+02,  2.581937666073782E-03,  2.710500831544858E-03,  2.748206502918546E+01,
2462597.500000000, A.D. 2030-Apr-06 00:00:00.0000,  5.348787632386192E-02,  2.436127592235173E-03,  5.082814474412682E+00,  2.575886322221811E+02,  3.407011174634912E+02,  2.462584547918200E+06,  1.316166986602394E+01,  1.704710247354762E+02,  1.714227505604611E+02,  2.573794388151679E-03,  2.711461184068186E-03,  2.735215239893826E+01,
2462598.500000000, A.D. 2030-Apr-07 00:00:00.0000,  5.748116616623049E-02,  2.416837107618871E-03,  5.096505101790770E+00,  2.575260207241045E+02,  3.416381550146087E+02,  2.462611898437939E+06,  1.323535982765582E+01,  1.826668527518007E+02,  1.823809503434752E+02,  2.564232162648884E-03,  2.711627217678897E-03,  2.719986495930132E+01,
2462599.500000000, A.D. 2030-Apr-08 00:00:00.0000,  6.134266632894069E-02,  2.397992978304026E-03,  5.108452325582756E+00,  2.575016238775137E+02,  3.424882547223464E+02,  2.462611891334381E+06,  1.330946269891470E+01,  1.950779972674229E+02,  1.933760370488636E+02,  2.554705420481349E-03,  2.711417862658672E-03,  2.704842472937361E+01,
2462600.500000000, A.D. 2030-Apr-09 00:00:00.0000,  6.465690932722115E-02,  2.381971234086382E-03,  5.117511989945126E+00,  2.575041716511307E+02,  3.431653993956226E+02,  2.462611882037382E+06,  1.337283274000659E+01,  2.077899178532216E+02,  2.045682889072682E+02,  2.546628352568536E-03,  2.711285471050691E-03,  2.692024995743890E+01,
2462601.500000000, A.D. 2030-Apr-10 00:00:00.0000,  6.712851576549422E-02,  2.370604622970571E-03,  5.123044442162139E+00,  2.575185947811281E+02,  3.434869698674534E+02,  2.462611863572752E+06,  1.341577617321776E+01,  2.209646276035480E+02,  2.162280745067914E+02,  2.541191003298635E-03,  2.711777383626699E-03,  2.683407917304680E+01,
2462602.500000000, A.D. 2030-Apr-11 00:00:00.0000,  6.866337475496526E-02,  2.364859006273379E-03,  5.125021779407282E+00,  2.575285148160904E+02,  3.432362670278011E+02,  2.462611822824785E+06,  1.343148128308657E+01,  2.347806534033026E+02,  2.286679284158263E+02,  2.539209714480180E-03,  2.713560422686980E-03,  2.680270272597005E+01,
2462603.500000000, A.D. 2030-Apr-12 00:00:00.0000,  6.940445465800484E-02,  2.364653650710761E-03,  5.124039993691863E+00,  2.575190154669203E+02,  3.422315815957086E+02,  2.462611745440665E+06,  1.341720060785936E+01,  2.493692684990795E+02,  2.421660997900591E+02,  2.541011143398228E-03,  2.717368636085695E-03,  2.683123033795318E+01,
2462604.500000000, A.D. 2030-Apr-13 00:00:00.0000,  6.969544812650205E-02,  2.368881893481126E-03,  5.121224640771557E+00,  2.574793303501050E+02,  3.404106095113775E+02,  2.462611622402220E+06,  1.337501795969783E+01,  2.647377423989137E+02,  2.568726980613000E+02,  2.546350965079707E-03,  2.723820036678288E-03,  2.691585170836907E+01,
2462605.500000000, A.D. 2030-Apr-14 00:00:00.0000,  6.994937125798888E-02,  2.375703800897666E-03,  5.118033573265869E+00,  2.574049973275746E+02,  3.379109433276689E+02,  2.462611457180981E+06,  1.331199711675125E+01,  2.806980239560035E+02,  2.727178007420430E+02,  2.554381156766755E-03,  2.733058512635844E-03,  2.704327508807760E+01,
2462606.500000000, A.D. 2030-Apr-15 00:00:00.0000,  7.044292214178167E-02,  2.383103857067623E-03,  5.115980526412696E+00,  2.572989855875867E+02,  3.350789478746757E+02,  2.462611268516074E+06,  1.323949458519206E+01,  2.968672572531044E+02,  2.893899160134527E+02,  2.563698253536518E-03,  2.744292650005413E-03,  2.719137031126915E+01,
2462607.500000000, A.D. 2030-Apr-16 00:00:00.0000,  7.114059445222261E-02,  2.389505840006544E-03,  5.116325964684990E+00,  2.571713704697099E+02,  3.323439681882317E+02,  2.462611083387769E+06,  1.317148063871596E+01,  3.128014773844901E+02,  3.064497311922983E+02,  2.572516169546000E-03,  2.755526499085456E-03,  2.733177915790452E+01,
2462608.500000000, A.D. 2030-Apr-17 00:00:00.0000,  7.168727974060841E-02,  2.394109309790475E-03,  5.119800510620744E+00,  2.570373765671156E+02,  3.300095930409751E+02,  2.462610922752786E+06,  1.312191609979140E+01,  3.282088412136678E+02,  3.235308545657981E+02,  2.578990094115598E-03,  2.763870878440721E-03,  2.743501766527245E+01,
2462609.500000000, A.D. 2030-Apr-18 00:00:00.0000,  7.160541678332867E-02,  2.396795347214343E-03,  5.126432628126876E+00,  2.569140343331787E+02,  3.281149487322687E+02,  2.462610790855259E+06,  1.310159695286503E+01,  3.430877346694504E+02,  3.404790242212996E+02,  2.581655893456427E-03,  2.766516439698511E-03,  2.747756638333130E+01,
2462610.500000000, A.D. 2030-Apr-19 00:00:00.0000,  7.057666269917928E-02,  2.397780552728656E-03,  5.135536986943163E+00,  2.568161879516805E+02,  3.264550174394628E+02,  2.462610675368478E+06,  1.311529238961193E+01,  3.576999911338216E+02,  3.573441867519479E+02,  2.579858344951995E-03,  2.761936137175334E-03,  2.744887336901013E+01,
2462611.500000000, A.D. 2030-Apr-20 00:00:00.0000,  6.863589537796720E-02,  2.397319066200641E-03,  5.145880048629177E+00,  2.567529308412645E+02,  3.247236620023424E+02,  2.462610556524542E+06,  1.316019281720479E+01,  1.241631894284392E+01,  1.426111886686249E+01,  2.573986966325617E-03,  2.750654866450593E-03,  2.735522229806231E+01,
2462612.500000000, A.D. 2030-Apr-21 00:00:00.0000,  6.616973662653002E-02,  2.395640754275369E-03,  5.155984864562004E+00,  2.567255083456366E+02,  3.227053875519319E+02,  2.462610420034936E+06,  1.322638454310844E+01,  2.751041777518429E+01,  3.128639822961497E+01,  2.565392072025054E-03,  2.735143389774740E-03,  2.721832249974742E+01,
2462613.500000000, A.D. 2030-Apr-22 00:00:00.0000,  6.371795027871073E-02,  2.393142201250514E-03,  5.164490531246676E+00,  2.567272682448738E+02,  3.204461683240795E+02,  2.462610268621909E+06,  1.329930835277443E+01,  4.297509363320680E+01,  4.825206139391295E+01,  2.556005641636406E-03,  2.718869082022298E-03,  2.706907686104583E+01,
2462614.500000000, A.D. 2030-Apr-23 00:00:00.0000,  6.168588789118277E-02,  2.390666207758455E-03,  5.170465760875455E+00,  2.567455631127687E+02,  3.183068287013078E+02,  2.462610125323664E+06,  1.336336176621181E+01,  5.846038248912490E+01,  6.472505866561646E+01,  2.547831453142641E-03,  2.704996698526827E-03,  2.693932906240938E+01,
2462615.500000000, A.D. 2030-Apr-24 00:00:00.0000,  6.014972672745698E-02,  2.389564934193626E-03,  5.173596954762928E+00,  2.567649354159719E+02,  3.168214382081264E+02,  2.462610023625950E+06,  1.340545381764319E+01,  7.341327940931788E+01,  8.014829789800179E+01,  2.542495333722892E-03,  2.695425733252158E-03,  2.685474172654989E+01,
2462616.500000000, A.D. 2030-Apr-25 00:00:00.0000,  5.888347699339438E-02,  2.391346587515478E-03,  5.174215901633027E+00,  2.567706584438377E+02,  3.164394657566079E+02,  2.462609990588562E+06,  1.341754554031655E+01,  8.734032441517839E+01,  9.408806482002691E+01,  2.540967594401371E-03,  2.690588601287265E-03,  2.683054057228910E+01,
2462617.500000000, A.D. 2030-Apr-26 00:00:00.0000,  5.755829349334982E-02,  2.397072481358766E-03,  5.173179778044774E+00,  2.567517702720766E+02,  3.173506178752788E+02,  2.462610036627796E+06,  1.339774673516295E+01,  9.999237058684257E+01,  1.063945564085464E+02,  2.543470290851195E-03,  2.689868100343625E-03,  2.687018997419655E+01,
2462618.500000000, A.D. 2030-Apr-27 00:00:00.0000,  5.594863211509796E-02,  2.406883292824289E-03,  5.171650657812756E+00,  2.567030047037438E+02,  3.194794078855703E+02,  2.462610156815094E+06,  1.335004279626993E+01,  1.113818755489914E+02,  1.171933159577257E+02,  2.549525772328243E-03,  2.692168251832197E-03,  2.696620568891253E+01,
2462619.500000000, A.D. 2030-Apr-28 00:00:00.0000,  5.403395286985100E-02,  2.419871427711747E-03,  5.170836953328240E+00,  2.566253640112078E+02,  3.225722981006806E+02,  2.462610337374326E+06,  1.328301470240902E+01,  1.217072915355802E+02,  1.267875048595127E+02,  2.558095435933562E-03,  2.696319444155377E-03,  2.710228122646811E+01,
2462620.500000000, A.D. 2030-Apr-29 00:00:00.0000,  5.199202855209612E-02,  2.434268921995823E-03,  5.171756219759756E+00,  2.565254035471046E+02,  3.262857849699396E+02,  2.462610561006058E+06,  1.320799572167898E+01,  1.312741894627503E+02,  1.355635322190813E+02,  2.567772629884045E-03,  2.701276337772267E-03,  2.725621718737485E+01,
2462621.500000000, A.D. 2030-Apr-30 00:00:00.0000,  5.012966532514568E-02,  2.447822729532598E-03,  5.175062813931104E+00,  2.564135492979457E+02,  3.302513981108310E+02,  2.462610809944744E+06,  1.313706381596149E+01,  1.404359381000164E+02,  1.439237676071603E+02,  2.577007240015030E-03,  2.706191750497461E-03,  2.740338366649337E+01,
2462622.500000000, A.D. 2030-May-01 00:00:00.0000,  4.879395923928201E-02,  2.458241674996526E-03,  5.180962051186095E+00,  2.563019083638095E+02,  3.341352332191234E+02,  2.462611068622575E+06,  1.308117638023775E+01,  1.495358643637238E+02,  1.522278508803641E+02,  2.584341950804445E-03,  2.710442226612363E-03,  2.752046066314542E+01,
2462623.500000000, A.D. 2030-May-02 00:00:00.0000,  4.828886095031704E-02,  2.463631695719614E-03,  5.189211535408481E+00,  2.562020472760830E+02,  3.377038045197057E+02,  2.462611327155530E+06,  1.304865720064810E+01,  1.588392746522269E+02,  1.607297866085300E+02,  2.588633877060257E-03,  2.713636058400899E-03,  2.758904571285078E+01,
2462624.500000000, A.D. 2030-May-03 00:00:00.0000,  4.880669314930469E-02,  2.462857013804540E-03,  5.199194991735289E+00,  2.561231250008157E+02,  3.408735802468228E+02,  2.462611583983583E+06,  1.304416092575674E+01,  1.684785966659894E+02,  1.695324754646814E+02,  2.589228704687600E-03,  2.715600395570659E-03,  2.759855555669749E+01,
2462625.500000000, A.D. 2030-May-04 00:00:00.0000,  5.037968984071521E-02,  2.455771512220063E-03,  5.210045940921629E+00,  2.560706233851545E+02,  3.437001420431283E+02,  2.462611844178021E+06,  1.306817145684236E+01,  1.784566230035275E+02,  1.786028851360478E+02,  2.586056222626644E-03,  2.716340933033226E-03,  2.754784792875577E+01,
2462626.500000000, A.D. 2030-May-05 00:00:00.0000,  5.286121851107108E-02,  2.443267235521866E-03,  5.220796911922150E+00,  2.560457703502220E+02,  3.462969984633546E+02,  2.462639557910250E+06,  1.311703690202052E+01,  1.887189093945356E+02,  1.878571316864219E+02,  2.579629599456355E-03,  2.715991963390845E-03,  2.744522278080549E+01,
2462627.500000000, A.D. 2030-May-06 00:00:00.0000,  5.594720872120430E-02,  2.427114315278383E-03,  5.230532055746368E+00,  2.560456374645040E+02,  3.487360527943197E+02,  2.462639693688687E+06,  1.318350356488700E+01,  1.992444617244500E+02,  1.972629378350695E+02,  2.570951897711845E-03,  2.714789480145306E-03,  2.730685346487298E+01,
2462628.500000000, A.D. 2030-May-07 00:00:00.0000,  5.923729303738703E-02,  2.409625385559434E-03,  5.238524375906700E+00,  2.560638248500074E+02,  3.509909158106400E+02,  2.462639807057180E+06,  1.325768244794053E+01,  2.100946264898858E+02,  2.068979017330876E+02,  2.561353004031436E-03,  2.713080622503437E-03,  2.715406719188110E+01,
2462629.500000000, A.D. 2030-May-08 00:00:00.0000,  6.232222849177989E-02,  2.393225677820761E-03,  5.244341712835483E+00,  2.560916111238542E+02,  3.529357323542653E+02,  2.462639898238667E+06,  1.332836010448631E+01,  2.214085305950815E+02,  2.169506585973823E+02,  2.552290083587399E-03,  2.711354489354037E-03,  2.701007454614199E+01,
2462630.500000000, A.D. 2030-May-09 00:00:00.0000,  6.487952917659888E-02,  2.380014760686365E-03,  5.247907965000850E+00,  2.561194219731495E+02,  3.543761518069499E+02,  2.462639960963108E+06,  1.338454580381906E+01,  2.333693059323649E+02,  2.276881275597478E+02,  2.545142401374971E-03,  2.710270042063577E-03,  2.689669154834375E+01,
2462631.500000000, A.D. 2030-May-10 00:00:00.0000,  6.675870191187669E-02,  2.371385822792603E-03,  5.249508943500000E+00,  2.561384391108259E+02,  3.550943244886774E+02,  2.462639984691665E+06,  1.341712180782369E+01,  2.461598584327813E+02,  2.394067860247804E+02,  2.541021092455640E-03,  2.710656362118677E-03,  2.683138792032726E+01,
2462632.500000000, A.D. 2030-May-11 00:00:00.0000,  6.803249903075649E-02,  2.367760384670714E-03,  5.249737462560891E+00,  2.561421275544998E+02,  3.549095887758481E+02,  2.462639958271003E+06,  1.342042578594366E+01,  2.599068275160770E+02,  2.523660832787518E+02,  2.540604025578414E-03,  2.713447666486114E-03,  2.682478229394616E+01,
2462633.500000000, A.D. 2030-May-12 00:00:00.0000,  6.898088754231765E-02,  2.368515237538041E-03,  5.249381001165697E+00,  2.561274191299319E+02,  3.537607920796260E+02,  2.462639875713659E+06,  1.339354026988720E+01,  2.746066223650438E+02,  2.666978099282709E+02,  2.544002809228792E-03,  2.719490380919543E-03,  2.687862900665560E+01,
2462634.500000000, A.D. 2030-May-13 00:00:00.0000,  6.997570424279589E-02,  2.372192060894524E-03,  5.249267205222771E+00,  2.560952860787524E+02,  3.517880907214957E+02,  2.462639742870364E+06,  1.334100161208626E+01,  2.900548580186808E+02,  2.823135271864391E+02,  2.550677516400946E-03,  2.729162971907368E-03,  2.698448066102162E+01,
2462635.500000000, A.D. 2030-May-14 00:00:00.0000,  7.127763972706222E-02,  2.377002735882617E-03,  5.250095157180971E+00,  2.560505060176836E+02,  3.493433301496374E+02,  2.462639579949647E+06,  1.327260281057606E+01,  3.058484488442087E+02,  2.988815707682352E+02,  2.559433085237714E-03,  2.741863434592811E-03,  2.712354201642648E+01,
2462636.500000000, A.D. 2030-May-15 00:00:00.0000,  7.284739342793406E-02,  2.381435687210768E-03,  5.252289402313902E+00,  2.560005759097334E+02,  3.468635017958184E+02,  2.462639414446015E+06,  1.320201788606638E+01,  3.215234315834857E+02,  3.159411262832166E+02,  2.568547691426529E-03,  2.755659695642290E-03,  2.726855872388643E+01,
2462637.500000000, A.D. 2030-May-16 00:00:00.0000,  7.432000133833036E-02,  2.384619856389767E-03,  5.255914312396230E+00,  2.559539579508737E+02,  3.446604515398573E+02,  2.462639267130053E+06,  1.314420590192073E+01,  3.367724787331423E+02,  3.331040769318598E+02,  2.576073653786843E-03,  2.767527451183919E-03,  2.738849365920188E+01,
2462638.500000000, A.D. 2030-May-17 00:00:00.0000,  7.519309306590186E-02,  2.386271098471937E-03,  5.260675050887276E+00,  2.559180680441390E+02,  3.427837359481730E+02,  2.462639141954394E+06,  1.311199251480276E+01,  3.515826987966350E+02,  3.501928424991291E+02,  2.580291172762600E-03,  2.774311247053263E-03,  2.745578138437606E+01,
2462639.500000000, A.D. 2030-May-18 00:00:00.0000,  7.511308910292981E-02,  2.386386753177517E-03,  5.266008573325840E+00,  2.558975497838040E+02,  3.410457367688118E+02,  2.462639026909194E+06,  1.311274069766498E+01,  6.203517061204518E+00,  7.228882816229783E+00,  2.580193021504545E-03,  2.773999289831573E-03,  2.745421482056045E+01,
2462640.500000000, A.D. 2030-May-19 00:00:00.0000,  7.407832117413216E-02,  2.384992017197951E-03,  5.271239989253145E+00,  2.558933270781482E+02,  3.391672647005886E+02,  2.462638903537149E+06,  1.314627617641108E+01,  2.098754154517922E+01,  2.431253858225623E+01,  2.575803193443192E-03,  2.766614369688433E-03,  2.738418052147445E+01,
2462641.500000000, A.D. 2030-May-20 00:00:00.0000,  7.244160110094841E-02,  2.382130018779591E-03,  5.275757656186162E+00,  2.559026834015340E+02,  3.369614921144284E+02,  2.462638759358247E+06,  1.320491068337482E+01,  3.618992956501026E+01,  4.146905544134152E+01,  2.568172550221114E-03,  2.754215081662637E-03,  2.726258500583767E+01,
2462642.500000000, A.D. 2030-May-21 00:00:00.0000,  7.071071067674480E-02,  2.378099487813246E-03,  5.279155553968023E+00,  2.559202703749763E+02,  3.344819045380938E+02,  2.462638597713405E+06,  1.327556874678060E+01,  5.180507396042667E+01,  5.852491072946622E+01,  2.559051863758239E-03,  2.740004239703232E-03,  2.711748226133829E+01,
2462643.500000000, A.D. 2030-May-22 00:00:00.0000,  6.926196807937504E-02,  2.373754731080056E-03,  5.281306359702795E+00,  2.559396621415218E+02,  3.320509379003032E+02,  2.462638439140127E+06,  1.334317534883287E+01,  6.752794070426118E+01,  7.509065092782411E+01,  2.550400488289593E-03,  2.727046245499130E-03,  2.698008461917495E+01,
2462644.500000000, A.D. 2030-May-23 00:00:00.0000,  6.814830259106221E-02,  2.370564931341751E-03,  5.282354906395189E+00,  2.559549622273285E+02,  3.301231021705466E+02,  2.462638311585273E+06,  1.339411999692676E+01,  8.288836944072058E+01,  9.069581014154672E+01,  2.543929401999514E-03,  2.717293872657278E-03,  2.687746564034076E+01,
2462645.500000000, A.D. 2030-May-24 00:00:00.0000,  6.712140351434782E-02,  2.370259328418641E-03,  5.282646605599061E+00,  2.559620433876126E+02,  3.290685262444853E+02,  2.462638236178923E+06,  1.341886131188505E+01,  9.747220762142562E+01,  1.049944558806293E+02,  2.540801490513236E-03,  2.711343652607832E-03,  2.682790973338019E+01,
2462646.500000000, A.D. 2030-May-25 00:00:00.0000,  6.581977200300565E-02,  2.374226899378036E-03,  5.282620216054617E+00,  2.559591821747236E+02,  3.290381486214030E+02,  2.462638219681473E+06,  1.341326308069746E+01,  1.110660907912237E+02,  1.178859320650607E+02,  2.541508403007727E-03,  2.708789906637418E-03,  2.683910677321038E+01,
2462647.500000000, A.D. 2030-May-26 00:00:00.0000,  6.397221589838324E-02,  2.383016547725705E-03,  5.282697255696705E+00,  2.559470501747102E+02,  3.299699920514819E+02,  2.462638256682546E+06,  1.337871155936292E+01,  1.236636780645016E+02,  1.294956324873341E+02,  2.545882278497623E-03,  2.708748009269541E-03,  2.690842077001492E+01,
2462648.500000000, A.D. 2030-May-27 00:00:00.0000,  6.151252222799543E-02,  2.396137678069603E-03,  5.283194181685558E+00,  2.559281841333675E+02,  3.316714994398481E+02,  2.462638336155294E+06,  1.332130704472708E+01,  1.353956960767469E+02,  1.400828297168394E+02,  2.553190889406538E-03,  2.710244100743474E-03,  2.702437522018512E+01,
2462649.500000000, A.D. 2030-May-28 00:00:00.0000,  5.859348248966865E-02,  2.412148190403213E-03,  5.284272470392285E+00,  2.559061505677969E+02,  3.339039248464285E+02,  2.462638447137485E+06,  1.325047938785376E+01,  1.464557269254803E+02,  1.499498787779762E+02,  2.562281167101375E-03,  2.712414143799537E-03,  2.716882834669356E+01,
2462650.500000000, A.D. 2030-May-29 00:00:00.0000,  5.553379259244498E-02,  2.428934848966035E-03,  5.285929946320082E+00,  2.558846425651179E+02,  3.364444603570869E+02,  2.462638582206362E+06,  1.317733552564161E+01,  1.570447654864018E+02,  1.593766074811432E+02,  2.571754108210146E-03,  2.714573367454256E-03,  2.731963524033221E+01,
2462651.500000000, A.D. 2030-May-30 00:00:00.0000,  5.273258183496223E-02,  2.444103309403551E-03,  5.288027167903230E+00,  2.558667097873242E+02,  3.391318888117437E+02,  2.462638739496083E+06,  1.311297788016425E+01,  1.673282055957745E+02,  1.685734004711302E+02,  2.580161908384910E-03,  2.716220507366270E-03,  2.745371823928454E+01,
2462652.500000000, A.D. 2030-May-31 00:00:00.0000,  5.057550531331991E-02,  2.455415565632953E-03,  5.290336975791179E+00,  2.558542513191888E+02,  3.418990166765125E+02,  2.462638923627235E+06,  1.306697044555948E+01,  1.774020616811484E+02,  1.776491163979922E+02,  2.586214679918559E-03,  2.717013794204166E-03,  2.755037990633384E+01,
2462653.500000000, A.D. 2030-Jun-01 00:00:00.0000,  4.934983515051174E-02,  2.461208850409290E-03,  5.292603534524345E+00,  2.558478218120422E+02,  3.447767511067935E+02,  2.462666738909950E+06,  1.304608360078368E+01,  1.872840740138934E+02,  1.866085191821350E+02,  2.588974305599537E-03,  2.716739760789785E-03,  2.759448820168335E+01,
2462654.500000000, A.D. 2030-Jun-02 00:00:00.0000,  4.918463984536661E-02,  2.460714606761719E-03,  5.294598359027849E+00,  2.558467346100207E+02,  3.478486625784758E+02,  2.462666990855111E+06,  1.305341604576017E+01,  1.969516714648190E+02,  1.954000174666092E+02,  2.588004685117337E-03,  2.715294763472954E-03,  2.757898765640969E+01,
2462655.500000000, A.D. 2030-Jun-03 00:00:00.0000,  5.002889461859896E-02,  2.454201008389688E-03,  5.296163565671227E+00,  2.558493997923065E+02,  3.511654646022139E+02,  2.462667234568437E+06,  1.308796623994899E+01,  2.064183644564660E+02,  2.040039246503209E+02,  2.583448059090553E-03,  2.712695109791418E-03,  2.750618342070259E+01,
2462656.500000000, A.D. 2030-Jun-04 00:00:00.0000,  5.167018927595354E-02,  2.442906191268357E-03,  5.297235866255883E+00,  2.558538087314534E+02,  3.546709797700732E+02,  2.462667470343809E+06,  1.314470023791996E+01,  2.157981191214561E+02,  2.125092738049529E+02,  2.576009067355170E-03,  2.709111943441984E-03,  2.738746365333372E+01,
2462657.500000000, A.D. 2030-Jun-05 00:00:00.0000,  5.378594910409943E-02,  2.428787620252154E-03,  5.297848166747106E+00,  2.558580636630248E+02,  3.581846061499126E+02,  2.462667691808603E+06,  1.321513323462094E+01,  2.253138914048987E+02,  2.211337343531544E+02,  2.566847974781725E-03,  2.704908329311295E-03,  2.724149606429043E+01,
2462658.500000000, A.D. 2030-Jun-06 00:00:00.0000,  5.601658277502634E-02,  2.414146585326734E-03,  5.298109090385995E+00,  2.558608462179569E+02,  1.434559443322619E+00,  2.462667887336645E+06,  1.328840513891882E+01,  2.352572674866684E+02,  2.301918973626759E+02,  2.557403595524586E-03,  2.700660605722439E-03,  2.709128719635731E+01,
2462659.500000000, A.D. 2030-Jun-07 00:00:00.0000,  5.805188110086597E-02,  2.401192378991478E-03,  5.298164534056886E+00,  2.558617236054463E+02,  4.108218971219256E+00,  2.462668042484524E+06,  1.335278351322645E+01,  2.459340534844611E+02,  2.400451415650948E+02,  2.549176892882147E-03,  2.697161406772816E-03,  2.696067075777915E+01,
2462660.500000000, A.D. 2030-Jun-08 00:00:00.0000,  5.971846154079207E-02,  2.391611357031526E-03,  5.298149416449932E+00,  2.558612113464396E+02,  5.902760028174536E+00,  2.462668142219719E+06,  1.339746776681817E+01,  2.576136076505455E+02,  2.510494256640580E+02,  2.543505598281275E-03,  2.695399839531025E-03,  2.687074947786930E+01,
2462661.500000000, A.D. 2030-Jun-09 00:00:00.0000,  6.104398442727183E-02,  2.386218565931286E-03,  5.298141363051410E+00,  2.558605546820478E+02,  6.586312412519002E+00,  2.462668173957072E+06,  1.341449444657537E+01,  2.704722399232397E+02,  2.634902699991652E+02,  2.541352871013646E-03,  2.696487176096006E-03,  2.683664311269707E+01,
2462662.500000000, A.D. 2030-Jun-10 00:00:00.0000,  6.225826439837678E-02,  2.384796705107722E-03,  5.298129782849516E+00,  2.558612586272916E+02,  6.083082389452069E+00,  2.462668132857946E+06,  1.340045643479258E+01,  2.845171324872487E+02,  2.774910316234201E+02,  2.543127403386518E-03,  2.701458101665314E-03,  2.686475656644841E+01,
2462663.500000000, A.D. 2030-Jun-11 00:00:00.0000,  6.369009898279712E-02,  2.386238250227957E-03,  5.298011991000800E+00,  2.558644778615696E+02,  4.558214990302565E+00,  2.462668028189072E+06,  1.335766313893290E+01,  2.995139757399638E+02,  2.929185380591248E+02,  2.548556036452844E-03,  2.710873822677731E-03,  2.695082188071701E+01,
2462664.500000000, A.D. 2030-Jun-12 00:00:00.0000,  6.556612022549108E-02,  2.389015074285510E-03,  5.297621779175840E+00,  2.558704466240299E+02,  2.417939069553288E+00,  2.462667884849424E+06,  1.329432516367524E+01,  3.150007111211834E+02,  3.093712279720486E+02,  2.556644323365085E-03,  2.724273572444659E-03,  2.707922332031159E+01,
2462665.500000000, A.D. 2030-Jun-13 00:00:00.0000,  6.781836060367545E-02,  2.391768722554799E-03,  5.296785837614853E+00,  2.558781528099718E+02,  1.530276378052810E-01,  2.462667734186803E+06,  1.322342058029171E+01,  3.304564082529072E+02,  3.263240111422140E+02,  2.565775404140866E-03,  2.739782085726933E-03,  2.722442334901961E+01,
2462666.500000000, A.D. 2030-Jun-14 00:00:00.0000,  7.005799265924272E-02,  2.393660736984118E-03,  5.295392480147265E+00,  2.558854142723093E+02,  3.581010116414268E+02,  2.462667598267390E+06,  1.316017524594096E+01,  3.455466086782046E+02,  3.433585109784480E+02,  2.573989257490346E-03,  2.754317777996575E-03,  2.735525882233492E+01,
2462667.500000000, A.D. 2030-Jun-15 00:00:00.0000,  7.176415310206394E-02,  2.394317218708949E-03,  5.293449580516307E+00,  2.558893969637332E+02,  3.563095323522639E+02,  2.462667480163425E+06,  1.311857729959770E+01,  2.602276369131902E-01,  3.012418176957014E-01,  2.579427660233655E-03,  2.764538101758362E-03,  2.744200013297478E+01,
2462668.500000000, A.D. 2030-Jun-16 00:00:00.0000,  7.256508184986260E-02,  2.393553260626754E-03,  5.291108818056666E+00,  2.558874556146033E+02,  3.545812406438772E+02,  2.462667366568123E+06,  1.310787492762644E+01,  1.485688327376109E+01,  1.719233968877773E+01,  2.580831510421171E-03,  2.768109760215587E-03,  2.746440609081922E+01,
2462669.500000000, A.D. 2030-Jun-17 00:00:00.0000,  7.243319476813456E-02,  2.391175387581325E-03,  5.288643041001616E+00,  2.558780398790051E+02,  3.526342111967988E+02,  2.462667238625474E+06,  1.313023252430394E+01,  2.969237335642037E+01,  3.414895338488245E+01,  2.577900992245620E-03,  2.764626596909914E-03,  2.741764087830457E+01,
2462670.500000000, A.D. 2030-Jun-18 00:00:00.0000,  7.168563644067187E-02,  2.387029438820208E-03,  5.286379918770383E+00,  2.558613592063030E+02,  3.502857995667287E+02,  2.462667084459757E+06,  1.318037328744267E+01,  4.501809537457817E+01,  5.120812924862775E+01,  2.571358941024997E-03,  2.755688443229787E-03,  2.731333871575418E+01,
2462671.500000000, A.D. 2030-Jun-19 00:00:00.0000,  7.079254745319018E-02,  2.381279414579256E-03,  5.284611057489197E+00,  2.558395695658729E+02,  3.475893810897980E+02,  2.462666908142384E+06,  1.324723552085425E+01,  6.082941932214388E+01,  6.821089488855014E+01,  2.562699436011355E-03,  2.744119457443453E-03,  2.717548121140261E+01,
2462672.500000000, A.D. 2030-Jun-20 00:00:00.0000,  7.010194709549325E-02,  2.374730628131910E-03,  5.283504213639642E+00,  2.558164050797038E+02,  3.448512479447264E+02,  2.462666729940681E+06,  1.331690325698868E+01,  7.683932173541655E+01,  8.479483154980188E+01,  2.553753737535545E-03,  2.732776846939180E-03,  2.703331195344329E+01,
2462673.500000000, A.D. 2030-Jun-21 00:00:00.0000,  6.965083971859982E-02,  2.368906303718561E-03,  5.283044287175091E+00,  2.557963551185059E+02,  3.424942548040457E+02,  2.462666576112231E+06,  1.337577322865503E+01,  9.261235266440833E+01,  1.005286912287705E+02,  2.546255110287888E-03,  2.723603916857215E-03,  2.691433189288594E+01,
2462674.500000000, A.D. 2030-Jun-22 00:00:00.0000,  6.917669856010966E-02,  2.365711486171975E-03,  5.283018791474228E+00,  2.557836136630365E+02,  3.408553872053531E+02,  2.462666465230845E+06,  1.341312493032167E+01,  1.077713624550288E+02,  1.151058524133093E+02,  2.541525854061083E-03,  2.717340221950192E-03,  2.683938320638356E+01,
2462675.500000000, A.D. 2030-Jun-23 00:00:00.0000,  6.829055483825579E-02,  2.366838321708650E-03,  5.283050430177413E+00,  2.557810703069752E+02,  3.400644179200273E+02,  2.462666401380603E+06,  1.342269204373719E+01,  1.221279661884352E+02,  1.284540515141092E+02,  2.540318050868066E-03,  2.713797780027483E-03,  2.682025325672060E+01,
2462676.500000000, A.D. 2030-Jun-24 00:00:00.0000,  6.667569322538708E-02,  2.373237467622352E-03,  5.282667731476100E+00,  2.557895761892146E+02,  3.400535218439896E+02,  2.462666376722085E+06,  1.340321048934538E+01,  1.356844247346684E+02,  1.407147046951472E+02,  2.542779021606968E-03,  2.712320575591584E-03,  2.685923647070788E+01,
2462677.500000000, A.D. 2030-Jun-25 00:00:00.0000,  6.421175889082585E-02,  2.384853762764915E-03,  5.281397095912343E+00,  2.558076306026404E+02,  3.406373628527758E+02,  2.462666378297255E+06,  1.335812529429907E+01,  1.485650987458366E+02,  1.521537192114342E+02,  2.548497253970821E-03,  2.712140745176728E-03,  2.694988945444608E+01,
2462678.500000000, A.D. 2030-Jun-26 00:00:00.0000,  6.100551328132768E-02,  2.400630046359016E-03,  5.278857001189222E+00,  2.558315295502213E+02,  3.415975083190167E+02,  2.462666394286296E+06,  1.329469795493955E+01,  1.609418072261968E+02,  1.630701519457568E+02,  2.556596529920049E-03,  2.712563013481083E-03,  2.707846400273009E+01,
2462679.500000000, A.D. 2030-Jun-27 00:00:00.0000,  5.735219065822032E-02,  2.418705945111275E-03,  5.274836884816897E+00,  2.558559264258707E+02,  3.427506255141040E+02,  2.462666418558529E+06,  1.322273680082203E+01,  1.729724575426100E+02,  1.737229681441545E+02,  2.565863858316478E-03,  2.713021771521683E-03,  2.722583118932078E+01,
2462680.500000000, A.D. 2030-Jun-28 00:00:00.0000,  5.365535540879698E-02,  2.436750492777186E-03,  5.269347788036379E+00,  2.558746947828721E+02,  3.440064879238382E+02,  2.462693824102605E+06,  1.315313164825945E+01,  1.847463243410119E+02,  1.842695270395616E+02,  2.574908102142640E-03,  2.713065711508094E-03,  2.736990776243304E+01,
2462681.500000000, A.D. 2030-Jun-29 00:00:00.0000,  5.032739894470466E-02,  2.452383840954153E-03,  5.262637306377422E+00,  2.558819551923278E+02,  3.454152264270226E+02,  2.462694004529395E+06,  1.309634060189000E+01,  1.962364239819991E+02,  1.947161509230507E+02,  2.582346630016508E-03,  2.712309419078862E-03,  2.748859478716112E+01,
2462682.500000000, A.D. 2030-Jun-30 00:00:00.0000,  4.769366269695564E-02,  2.463624120107236E-03,  5.255166370429214E+00,  2.558731215997330E+02,  3.471766268554716E+02,  2.462694192368619E+06,  1.306096026389142E+01,  2.072864380787923E+02,  2.049079178005081E+02,  2.587008007406821E-03,  2.710391894706405E-03,  2.756305759502713E+01,
2462683.500000000, A.D. 2030-Jul-01 00:00:00.0000,  4.592831608747827E-02,  2.469256494264967E-03,  5.247549462752577E+00,  2.558458230911832E+02,  3.495704797501940E+02,  2.462694404131325E+06,  1.305250807091886E+01,  2.176737378763793E+02,  2.145986863308414E+02,  2.588124703731771E-03,  2.706992913198575E-03,  2.758090614033667E+01,
2462684.500000000, A.D. 2030-Jul-02 00:00:00.0000,  4.504293538702452E-02,  2.469021383582358E-03,  5.240463566630353E+00,  2.558005563121199E+02,  3.528083009758155E+02,  2.462694654943356E+06,  1.307254843442668E+01,  2.272490111348338E+02,  2.236010112904010E+02,  2.585478944629832E-03,  2.701936505677305E-03,  2.753862430158886E+01,
2462685.500000000, A.D. 2030-Jul-03 00:00:00.0000,  4.492076213598202E-02,  2.463593562699051E-03,  5.234535339277807E+00,  2.557409255798256E+02,  3.568845768985300E+02,  2.462694946702772E+06,  1.311829167818980E+01,  2.360753976331657E+02,  2.319376308601738E+02,  2.579465100936277E-03,  2.695336639173503E-03,  2.744259762103999E+01,
2462686.500000000, A.D. 2030-Jul-04 00:00:00.0000,  4.536637917370685E-02,  2.454407553417052E-03,  5.230221238632174E+00,  2.556733476587236E+02,  1.523434832656377E+00,  2.462695263519149E+06,  1.318277493871637E+01,  2.444724993864133E+02,  2.398982484979556E+02,  2.571046629692985E-03,  2.687685705968919E-03,  2.730836274407744E+01,
2462687.500000000, A.D. 2030-Jul-05 00:00:00.0000,  4.615167315817072E-02,  2.443387363941882E-03,  5.227701041959354E+00,  2.556061571512914E+02,  6.241395933995169E+00,  2.462695576079855E+06,  1.325568775883551E+01,  2.529460071238716E+02,  2.479803440237940E+02,  2.561609949070083E-03,  2.679832534198285E-03,  2.715815328103544E+01,
2462688.500000000, A.D. 2030-Jul-06 00:00:00.0000,  4.706643234913159E-02,  2.432592766378566E-03,  5.226809337860993E+00,  2.555481596617290E+02,  1.047000498590139E+01,  2.462695850149249E+06,  1.332482731405361E+01,  2.620605305268585E+02,  2.567694081909237E+02,  2.552741186749556E-03,  2.672889607120546E-03,  2.701723568457133E+01,
2462689.500000000, A.D. 2030-Jul-07 00:00:00.0000,  4.798524687929344E-02,  2.423796062226618E-03,  5.227028995913959E+00,  2.555068336958090E+02,  1.367876783595702E+01,  2.462696054288155E+06,  1.337806100823228E+01,  2.723163331998948E+02,  2.668172283495852E+02,  2.545964812290365E-03,  2.668133562354113E-03,  2.690972927829163E+01,
2462690.500000000, A.D. 2030-Jul-08 00:00:00.0000,  4.893459077020711E-02,  2.418068145527143E-03,  5.227562349865592E+00,  2.554865381671116E+02,  1.548591292102124E+01,  2.462696166083965E+06,  1.340554711695466E+01,  2.840430444358269E+02,  2.785297681286598E+02,  2.542483536947665E-03,  2.666898928368187E-03,  2.685455482415113E+01,
2462691.500000000, A.D. 2030-Jul-09 00:00:00.0000,  5.010970536724490E-02,  2.415526264537316E-03,  5.227479047734592E+00,  2.554871774240734E+02,  1.577233596308832E+01,  2.462696178855584E+06,  1.340183593837918E+01,  2.972947450924163E+02,  2.920485770385188E+02,  2.542952884334083E-03,  2.670379504130849E-03,  2.686199127158829E+01,
2462692.500000000, A.D. 2030-Jul-10 00:00:00.0000,  5.178410044743344E-02,  2.415410477359003E-03,  5.225917187140617E+00,  2.555037507671059E+02,  1.477028159281425E+01,  2.462696107767927E+06,  1.336737706542727E+01,  3.117736057483878E+02,  3.071540920894595E+02,  2.547321215029995E-03,  2.679231952700986E-03,  2.693123701366115E+01,
2462693.500000000, A.D. 2030-Jul-11 00:00:00.0000,  5.411481926408778E-02,  2.416520595665622E-03,  5.222293261125738E+00,  2.555270446733523E+02,  1.301679415569293E+01,  2.462695987817952E+06,  1.330894555195313E+01,  3.268897663304158E+02,  3.233018397994703E+02,  2.554771599006904E-03,  2.693022602348187E-03,  2.704947575258273E+01,
2462694.500000000, A.D. 2030-Jul-12 00:00:00.0000,  5.696437759627528E-02,  2.417762925449590E-03,  5.216465100228313E+00,  2.555454420312364E+02,  1.110658132743419E+01,  2.462695858156560E+06,  1.323863914004509E+01,  3.420198554116994E+02,  3.398594514930106E+02,  2.563808691857154E-03,  2.709854458264719E-03,  2.719312734426370E+01,
2462695.500000000, A.D. 2030-Jul-13 00:00:00.0000,  5.989953450438738E-02,  2.418428896762471E-03,  5.208797118102686E+00,  2.555474983803502E+02,  9.396619978053000E+00,  2.462695742275537E+06,  1.317143776322855E+01,  3.568088828492119E+02,  3.563960286336963E+02,  2.572521752223042E-03,  2.726614607683614E-03,  2.733186812794518E+01,
2462696.500000000, A.D. 2030-Jul-14 00:00:00.0000,  6.239002760220456E-02,  2.418100048823410E-03,  5.200100278866921E+00,  2.555246699810223E+02,  7.891923190808914E+00,  2.462695640048139E+06,  1.312180850902910E+01,  1.128412364372656E+01,  1.279832175077199E+01,  2.579004191518447E-03,  2.739908334213484E-03,  2.743524261554986E+01,
2462697.500000000, A.D. 2030-Jul-15 00:00:00.0000,  6.407003358789935E-02,  2.416410201491093E-03,  5.191454750404979E+00,  2.554734711086854E+02,  6.344242830176892E+00,  2.462695534465590E+06,  1.310028686520550E+01,  2.574906461951632E+01,  2.918364524507472E+01,  2.581828008728508E-03,  2.747245815965922E-03,  2.748031426366423E+01,
2462698.500000000, A.D. 2030-Jul-16 00:00:00.0000,  6.490511678482239E-02,  2.412928135988620E-03,  5.183959211944201E+00,  2.553964525640332E+02,  4.443326109865936E+00,  2.462695404933700E+06,  1.311108723988613E+01,  4.057968427495162E+01,  4.572767800143831E+01,  2.580409944809178E-03,  2.747891753629735E-03,  2.745767711047026E+01,
2462699.500000000, A.D. 2030-Jul-17 00:00:00.0000,  6.518273565736624E-02,  2.407274562905732E-03,  5.178473195190913E+00,  2.553017175634047E+02,  2.004375160857071E+00,  2.462695240183289E+06,  1.315144321384293E+01,  5.602273758266340E+01,  6.249782161872082E+01,  2.575128482033902E-03,  2.742982401162073E-03,  2.737342161969507E+01,
2462700.500000000, A.D. 2030-Jul-18 00:00:00.0000,  6.533241337479005E-02,  2.399442582661977E-03,  5.175418772669093E+00,  2.552011156541572E+02,  3.590955197158021E+02,  2.462695046479651E+06,  1.321271288333337E+01,  7.205579857584434E+01,  7.934205692737895E+01,  2.567161434714567E-03,  2.734880286767158E-03,  2.724648625749728E+01,
2462701.500000000, A.D. 2030-Jul-19 00:00:00.0000,  6.566838056402782E-02,  2.390148839373573E-03,  5.174686984082892E+00,  2.551076170908111E+02,  3.560404454615735E+02,  2.462694846483794E+06,  1.328268636103337E+01,  8.837656896546238E+01,  9.589448793681812E+01,  2.558137592321272E-03,  2.726126345268971E-03,  2.710295118132961E+01,
2462702.500000000, A.D. 2030-Jul-20 00:00:00.0000,  6.620682681299596E-02,  2.380938092667518E-03,  5.175663120132576E+00,  2.550325421695405E+02,  3.532684484281099E+02,  2.462694667512857E+06,  1.334829064551983E+01,  1.045503148562102E+02,  1.117252971475779E+02,  2.549748874840730E-03,  2.718559657013943E-03,  2.696974538240438E+01,
2462703.500000000, A.D. 2030-Jul-21 00:00:00.0000,  6.666820709888162E-02,  2.373870670640590E-03,  5.177355566752042E+00,  2.549832740968552E+02,  3.511070008864301E+02,  2.462694527024039E+06,  1.339800931097603E+01,  1.202200154806601E+02,  1.265424684856812E+02,  2.543437059249613E-03,  2.713003447858636E-03,  2.686966336895123E+01,
2462704.500000000, A.D. 2030-Jul-22 00:00:00.0000,  6.663642733778645E-02,  2.370929858063956E-03,  5.178593084018458E+00,  2.549618819684430E+02,  3.496649378521677E+02,  2.462694425988358E+06,  1.342363020115271E+01,  1.352298069255992E+02,  1.403001122233388E+02,  2.540199690139397E-03,  2.709469522214839E-03,  2.681837882937853E+01,
2462705.500000000, A.D. 2030-Jul-23 00:00:00.0000,  6.575194154384169E-02,  2.373461791460771E-03,  5.178247190400128E+00,  2.549648208625735E+02,  3.488482537735974E+02,  2.462694352121647E+06,  1.342121107283055E+01,  1.496180283958915E+02,  1.531735884863211E+02,  2.540504922625056E-03,  2.707548053789340E-03,  2.682321275229565E+01,
2462706.500000000, A.D. 2030-Jul-24 00:00:00.0000,  6.384297289886284E-02,  2.381849004162081E-03,  5.175438107587408E+00,  2.549836442625947E+02,  3.484427182388397E+02,  2.462694287315018E+06,  1.339132285670890E+01,  1.635440075422028E+02,  1.654683687076671E+02,  2.544283635340121E-03,  2.706718266518160E-03,  2.688307972648454E+01,
2462707.500000000, A.D. 2030-Jul-25 00:00:00.0000,  6.097105729861350E-02,  2.395435920925294E-03,  5.169691327491547E+00,  2.550065078801685E+02,  3.481992149349087E+02,  2.462694214496324E+06,  1.333869672672981E+01,  1.772113044006637E+02,  1.775271213649544E+02,  2.550971340706640E-03,  2.706506760487985E-03,  2.698914349545000E+01,
2462708.500000000, A.D. 2030-Jul-26 00:00:00.0000,  5.740561290988424E-02,  2.412652298064131E-03,  5.161023788807166E+00,  2.550201714870449E+02,  3.479069673318416E+02,  2.462721249122818E+06,  1.327140599493838E+01,  1.908012149949886E+02,  1.896498870326413E+02,  2.559586956073685E-03,  2.706521614083240E-03,  2.712598801794637E+01,
2462709.500000000, A.D. 2030-Jul-27 00:00:00.0000,  5.354616359794814E-02,  2.431296681327888E-03,  5.149950781962484E+00,  2.550121953994150E+02,  3.474667130890145E+02,  2.462721287863918E+06,  1.319969771675431E+01,  2.044037595628899E+02,  2.020152486478880E+02,  2.568848672609826E-03,  2.706400663891763E-03,  2.727335183919051E+01,
2462710.500000000, A.D. 2030-Jul-28 00:00:00.0000,  4.980861320920588E-02,  2.448958957125347E-03,  5.137414990726450E+00,  2.549730470011495E+02,  3.469655052424393E+02,  2.462721315416672E+06,  1.313457853397779E+01,  2.179440603407394E+02,  2.146009011986297E+02,  2.577332305017558E-03,  2.705705652909768E-03,  2.740856884510739E+01,
2462711.500000000, A.D. 2030-Jul-29 00:00:00.0000,  4.650321011216713E-02,  2.463522585467071E-03,  5.124647025338867E+00,  2.548978510575220E+02,  3.467163066598042E+02,  2.462721346900686E+06,  1.308626763828775E+01,  2.311408222121293E+02,  2.271407209146904E+02,  2.583671609169102E-03,  2.703820632871134E-03,  2.750975373197423E+01,
2462712.500000000, A.D. 2030-Jul-30 00:00:00.0000,  4.375385520876420E-02,  2.473601979642889E-03,  5.112973366119590E+00,  2.547875252000441E+02,  3.471981317631927E+02,  2.462721413854007E+06,  1.306265882070892E+01,  2.435613663285522E+02,  2.391830043909808E+02,  2.586783740898549E-03,  2.699965502154209E-03,  2.755947352994269E+01,
2462713.500000000, A.D. 2030-Jul-31 00:00:00.0000,  4.150756835509254E-02,  2.478740079197544E-03,  5.103594411722773E+00,  2.546490543498343E+02,  3.488801374697392E+02,  2.462721550950588E+06,  1.306797563561957E+01,  2.547903738780024E+02,  2.502669276718597E+02,  2.586082056948200E-03,  2.693424034698856E-03,  2.754826072821430E+01,
2462714.500000000, A.D. 2030-Aug-01 00:00:00.0000,  3.962956259231007E-02,  2.479315189174381E-03,  5.097363159582215E+00,  2.544947123374105E+02,  3.520149297347991E+02,  2.462721779283003E+06,  1.310184117402620E+01,  2.646279902341421E+02,  2.601322131387174E+02,  2.581623811606228E-03,  2.683932434038075E-03,  2.747705419553425E+01,
2462715.500000000, A.D. 2030-Aug-02 00:00:00.0000,  3.801454477775409E-02,  2.476288762180226E-03,  5.094602682330009E+00,  2.543401759485461E+02,  3.565098027432840E+02,  2.462722095505994E+06,  1.315899118871196E+01,  2.732097947405782E+02,  2.688530844687426E+02,  2.574143661671198E-03,  2.671998561162169E-03,  2.735772027181043E+01,
2462716.500000000, A.D. 2030-Aug-03 00:00:00.0000,  3.664350491262473E-02,  2.470960546267126E-03,  5.095004169417832E+00,  2.542017085691716E+02,  1.907443639486287E+00,  2.462722469964084E+06,  1.322980965202211E+01,  2.810185115380199E+02,  2.768641412577590E+02,  2.564949277726117E-03,  2.658938009185107E-03,  2.721127585875551E+01,
2462717.500000000, A.D. 2030-Aug-04 00:00:00.0000,  3.557612776177143E-02,  2.464771940697287E-03,  5.097641635640461E+00,  2.540928745078658E+02,  7.459663515340448E+00,  2.462722852282683E+06,  1.330174394468128E+01,  2.888053062262538E+02,  2.848931555892036E+02,  2.555693623569333E-03,  2.646615306441380E-03,  2.706412042640066E+01,
2462718.500000000, A.D. 2030-Aug-05 00:00:00.0000,  3.492411433202356E-02,  2.459082584697077E-03,  5.101120646602942E+00,  2.540214821156154E+02,  1.229528829372456E+01,  2.462723183564297E+06,  1.336147158742129E+01,  2.974206887137476E+02,  2.937979093196006E+02,  2.548071733234765E-03,  2.637060881772453E-03,  2.694314003099104E+01,
2462719.500000000, A.D. 2030-Aug-06 00:00:00.0000,  3.484694486259187E-02,  2.454870778101960E-03,  5.103847500696082E+00,  2.539875292042276E+02,  1.568262623524221E+01,  2.462723414525641E+06,  1.339747939816661E+01,  3.075552233727242E+02,  3.043050828781840E+02,  2.543504126143456E-03,  2.632137474184951E-03,  2.687072614937288E+01,
2462720.500000000, A.D. 2030-Aug-07 00:00:00.0000,  3.554939898213110E-02,  2.452466774102682E-03,  5.104369594672331E+00,  2.539827692931325E+02,  1.732335686995856E+01,  2.462723525321361E+06,  1.340253812459826E+01,  3.194530151166197E+02,  3.167134847240674E+02,  2.542864063244276E-03,  2.633261352385870E-03,  2.686058391725641E+01,
2462721.500000000, A.D. 2030-Aug-08 00:00:00.0000,  3.721060216122425E-02,  2.451543794134075E-03,  5.101709392205303E+00,  2.539921519234546E+02,  1.750884600490553E+01,  2.462723536128331E+06,  1.337547557633074E+01,  3.327658152390413E+02,  3.307308784653155E+02,  2.546292885689419E-03,  2.641041977244764E-03,  2.691493083334222E+01,
2462722.500000000, A.D. 2030-Aug-09 00:00:00.0000,  3.983446289681249E-02,  2.451434903440619E-03,  5.095605796535883E+00,  2.539969167639375E+02,  1.693916762473017E+01,  2.462723494960208E+06,  1.332172273987243E+01,  3.467454159637820E+02,  3.456457067875585E+02,  2.553137775426288E-03,  2.654840647411957E-03,  2.702353194324530E+01,
2462723.500000000, A.D. 2030-Aug-10 00:00:00.0000,  4.314385037800404E-02,  2.451503141288172E-03,  5.086594339986225E+00,  2.539786773429900E+02,  1.626728965878730E+01,  2.462723446476372E+06,  1.325235512124366E+01,  7.093141245515814E-01,  7.739976425230933E-01,  2.562039385185153E-03,  2.672575629082135E-03,  2.716498288088555E+01,
2462724.500000000, A.D. 2030-Aug-11 00:00:00.0000,  4.664318243181381E-02,  2.451252335466332E-03,  5.075898432224302E+00,  2.539235404094219E+02,  1.575579065939904E+01,  2.462723408347433E+06,  1.318174639199492E+01,  1.438988728639868E+01,  1.579735823391048E+01,  2.571180370555240E-03,  2.691108405644147E-03,  2.731049356393494E+01,
2462725.500000000, A.D. 2030-Aug-12 00:00:00.0000,  4.981818393174693E-02,  2.450202113639387E-03,  5.065155689082159E+00,  2.538252554647333E+02,  1.527059738585619E+01,  2.462723371050564E+06,  1.312438539181839E+01,  2.794115287494171E+01,  3.077024266698482E+01,  2.578666600649180E-03,  2.707131087658972E-03,  2.742985589438879E+01,
2462726.500000000, A.D. 2030-Aug-13 00:00:00.0000,  5.234460178212804E-02,  2.447752271337151E-03,  5.056048924760971E+00,  2.536866080924986E+02,  1.447412772732761E+01,  2.462723311664149E+06,  1.309170575149215E+01,  4.174075479803631E+01,  4.593491085909303E+01,  2.582956078697287E-03,  2.718159886057423E-03,  2.749832656137787E+01,
2462727.500000000, A.D. 2030-Aug-14 00:00:00.0000,  5.420397988396246E-02,  2.443189163846219E-03,  5.049935292118148E+00,  2.535187224609387E+02,  1.303820853490598E+01,  2.462723208998129E+06,  1.308978009669887E+01,  5.616827088106636E+01,  6.152196139603868E+01,  2.583209393867475E-03,  2.723229623888730E-03,  2.750237187642205E+01,
2462728.500000000, A.D. 2030-Aug-15 00:00:00.0000,  5.565841303007562E-02,  2.435881235630846E-03,  5.047562005591891E+00,  2.533384982553782E+02,  1.081681002229048E+01,  2.462723055582825E+06,  1.311841229596832E+01,  7.142210921066015E+01,  7.759267844120330E+01,  2.579449289580450E-03,  2.723017343530054E-03,  2.744234529895349E+01,
2462729.500000000, A.D. 2030-Aug-16 00:00:00.0000,  5.708630771301082E-02,  2.425636767452118E-03,  5.048927186266700E+00,  2.531648884258190E+02,  7.948803372465339E+00,  2.462722864008515E+06,  1.317167573588518E+01,  8.740712803307431E+01,  9.394895386218738E+01,  2.572490766963899E-03,  2.719344766475679E-03,  2.733137432310216E+01,
2462730.500000000, A.D. 2030-Aug-17 00:00:00.0000,  5.875015675528281E-02,  2.413076263614124E-03,  5.053302791430029E+00,  2.530149599643611E+02,  4.827359022491412E+00,  2.462722663007500E+06,  1.323953010236732E+01,  1.037580981231533E+02,  1.101715018261040E+02,  2.563693668511713E-03,  2.714311073409302E-03,  2.719129736603186E+01,
2462731.500000000, A.D. 2030-Aug-18 00:00:00.0000,  6.062954812068851E-02,  2.399754802766554E-03,  5.059398417502747E+00,  2.529006145408293E+02,  1.917552962508529E+00,  2.462722482819877E+06,  1.330996171220646E+01,  1.200183221894418E+02,  1.258041851482470E+02,  2.554641566557248E-03,  2.709528330347942E-03,  2.704741063754127E+01,
2462732.500000000, A.D. 2030-Aug-19 00:00:00.0000,  6.242243393977934E-02,  2.387863812266262E-03,  5.065619857454178E+00,  2.528265559992448E+02,  3.595397560519348E+02,  2.462722339609432E+06,  1.337113419657399E+01,  1.358559457788994E+02,  1.405678687917402E+02,  2.546844014517397E-03,  2.705824216768532E-03,  2.692366965341211E+01,
2462733.500000000, A.D. 2030-Aug-20 00:00:00.0000,  6.369179130449831E-02,  2.379642373999825E-03,  5.070366764253072E+00,  2.527897252592850E+02,  3.577687463031831E+02,  2.462722229940250E+06,  1.341320225715044E+01,  1.511675908749632E+02,  1.544555009077854E+02,  2.541516086156318E-03,  2.703389798312811E-03,  2.683922847790413E+01,
2462734.500000000, A.D. 2030-Aug-21 00:00:00.0000,  6.404833387561826E-02,  2.376797344703510E-03,  5.072316304637583E+00,  2.527801108455630E+02,  3.564681042258778E+02,  2.462722135611419E+06,  1.342961831808664E+01,  1.660490193847747E+02,  1.676903639960897E+02,  2.539444536217802E-03,  2.702091727732094E-03,  2.680642081355073E+01,
2462735.500000000, A.D. 2030-Aug-22 00:00:00.0000,  6.328353097732918E-02,  2.380125792427806E-03,  5.070649403512295E+00,  2.527826474445798E+02,  3.553801969125615E+02,  2.462748861891217E+06,  1.341788716797069E+01,  1.807116512968303E+02,  1.806282013537176E+02,  2.540924464487237E-03,  2.701723136546669E-03,  2.682985745023567E+01,
2462736.500000000, A.D. 2030-Aug-23 00:00:00.0000,  6.142794149284096E-02,  2.389366042370207E-03,  5.065189128679195E+00,  2.527798306926254E+02,  3.542118857896880E+02,  2.462748801848924E+06,  1.337978603334167E+01,  1.954038935832868E+02,  1.936636043064878E+02,  2.545745977320697E-03,  2.702125912271188E-03,  2.690625986864815E+01,
2462737.500000000, A.D. 2030-Aug-24 00:00:00.0000,  5.873977228379819E-02,  2.403243795710377E-03,  5.056434508345525E+00,  2.527546621011168E+02,  3.527108503833616E+02,  2.462748734708813E+06,  1.332108456596271E+01,  2.103414938262385E+02,  2.071459769002864E+02,  2.553219316980400E-03,  2.703194838250424E-03,  2.702482656103331E+01,
2462738.500000000, A.D. 2030-Aug-25 00:00:00.0000,  5.562918380151904E-02,  2.419704930967261E-03,  5.045486339319326E+00,  2.526935469737324E+02,  3.507506304930463E+02,  2.462748640674734E+06,  1.325079666841441E+01,  2.256279810177788E+02,  2.212871015875759E+02,  2.562240265648684E-03,  2.704775600330108E-03,  2.716817780912169E+01,
2462739.500000000, A.D. 2030-Aug-26 00:00:00.0000,  5.252406284907591E-02,  2.436346982941143E-03,  5.033873918141197E+00,  2.525887701093742E+02,  3.484219853793900E+02,  2.462748516171997E+06,  1.317999789244170E+01,  2.411668720777863E+02,  2.360629654499790E+02,  2.571407766056074E-03,  2.706468549171005E-03,  2.731411665903592E+01,
2462740.500000000, A.D. 2030-Aug-27 00:00:00.0000,  4.970794237353136E-02,  2.450999084011573E-03,  5.023303428586217E+00,  2.524401667683187E+02,  3.460744261881189E+02,  2.462748379317226E+06,  1.312026761567973E+01,  2.566212493609801E+02,  2.511665431147732E+02,  2.579206112837983E-03,  2.707413141664393E-03,  2.743846471315663E+01,
2462741.500000000, A.D. 2030-Aug-28 00:00:00.0000,  4.720706035173539E-02,  2.462254903843205E-03,  5.015360609582430E+00,  2.522556197473022E+02,  3.442265842857871E+02,  2.462748264948890E+06,  1.308187654893948E+01,  2.715017737691584E+02,  2.660937681257661E+02,  2.584249737148742E-03,  2.706244570454279E-03,  2.751898771198726E+01,
2462742.500000000, A.D. 2030-Aug-29 00:00:00.0000,  4.481154915124308E-02,  2.469696715331246E-03,  5.011212250004527E+00,  2.520501021852908E+02,  3.433543463851222E+02,  2.462748208850758E+06,  1.307193638215646E+01,  2.853742660801532E+02,  2.803548470732532E+02,  2.585559648608329E-03,  2.701422581885411E-03,  2.753991371097931E+01,
2462743.500000000, A.D. 2030-Aug-30 00:00:00.0000,  4.223244912332028E-02,  2.473729128159950E-03,  5.011360767923163E+00,  2.518432021800938E+02,  3.436978635448174E+02,  2.462748231886183E+06,  1.309283611759861E+01,  2.980461896708802E+02,  2.936706832274301E+02,  2.582807410728894E-03,  2.691885693297836E-03,  2.749595250154467E+01,
2462744.500000000, A.D. 2030-Aug-31 00:00:00.0000,  3.929407493036544E-02,  2.475206755644629E-03,  5.015508536027392E+00,  2.516554136161934E+02,  3.452053490320820E+02,  2.462748334082967E+06,  1.314135806822789E+01,  3.096149428690478E+02,  3.060365889404929E+02,  2.576445810371388E-03,  2.677684865098147E-03,  2.739442895710900E+01,
2462745.500000000, A.D. 2030-Sep-01 00:00:00.0000,  3.605346321565540E-02,  2.475091329773168E-03,  5.022577358262025E+00,  2.515038753984267E+02,  3.475922097279936E+02,  2.462748497949468E+06,  1.320882983706587E+01,  3.204005956158631E+02,  3.176736025906348E+02,  2.567664528397906E-03,  2.660237727022644E-03,  2.725449600310455E+01,
2462746.500000000, A.D. 2030-Sep-02 00:00:00.0000,  3.280747011551118E-02,  2.474236886696583E-03,  5.030900034898292E+00,  2.513985303359303E+02,  3.504414460696148E+02,  2.462748695479165E+06,  1.328248249409385E+01,  3.308385864298084E+02,  3.289391253977574E+02,  2.558163768068060E-03,  2.642090649439537E-03,  2.710336717252039E+01,
2462747.500000000, A.D. 2030-Sep-03 00:00:00.0000,  3.000820766832374E-02,  2.473287328252341E-03,  5.038558864376333E+00,  2.513396984404006E+02,  3.533272313753325E+02,  2.462748897077817E+06,  1.334787092040870E+01,  3.413519856336258E+02,  3.402120732364044E+02,  2.549802325963014E-03,  2.626317323673687E-03,  2.697059344869488E+01,
2462748.500000000, A.D. 2030-Sep-04 00:00:00.0000,  2.812801166780941E-02,  2.472650546349472E-03,  5.043802039434974E+00,  2.513177612487876E+02,  3.559865292535487E+02,  2.462749083960352E+06,  1.339187079521739E+01,  3.521796784236962E+02,  3.517253034402743E+02,  2.544214234009085E-03,  2.615777921668700E-03,  2.688197978497268E+01,
2462749.500000000, A.D. 2030-Sep-05 00:00:00.0000,  2.751350930768270E-02,  2.472532148556179E-03,  5.045439280100447E+00,  2.513151202701306E+02,  3.584786590194880E+02,  2.462749259725557E+06,  1.340553690176133E+01,  3.221007917050797E+00,  3.404446496321960E+00,  2.542484828551164E-03,  2.612437508546148E-03,  2.685457528767088E+01,
2462750.500000000, A.D. 2030-Sep-06 00:00:00.0000,  2.827182664483089E-02,  2.472996121824210E-03,  5.043115819439003E+00,  2.513100031528728E+02,  1.120090773805077E+00,  2.462749445998868E+06,  1.338609202539598E+01,  1.410895615088346E+01,  1.492664810421575E+01,  2.544946405418591E-03,  2.616896689012971E-03,  2.689358472338386E+01,
2462751.500000000, A.D. 2030-Sep-07 00:00:00.0000,  3.023772907631737E-02,  2.473980118709422E-03,  5.037392699160733E+00,  2.512812251676174E+02,  4.143827580384724E+00,  2.462749658519141E+06,  1.333752926183806E+01,  2.456080484019128E+01,  2.605208652879837E+01,  2.551120200163073E-03,  2.628260281616724E-03,  2.699150591782004E+01,
2462752.500000000, A.D. 2030-Sep-08 00:00:00.0000,  3.303657079536258E-02,  2.475241436312569E-03,  5.029613138117807E+00,  2.512127868544612E+02,  7.440750381588834E+00,  2.462749889041148E+06,  1.326968127231526E+01,  3.464659178461594E+01,  3.687383196161333E+01,  2.559808738939119E-03,  2.644376041565669E-03,  2.712951370965281E+01,
2462753.500000000, A.D. 2030-Sep-09 00:00:00.0000,  3.620607934590654E-02,  2.476300928239121E-03,  5.021592521999868E+00,  2.510972425674126E+02,  1.061878278762310E+01,  2.462750109788217E+06,  1.319601835010594E+01,  4.473729690140569E+01,  4.775300430178416E+01,  2.569326154867777E-03,  2.662351381496432E-03,  2.728095630430143E+01,
2462754.500000000, A.D. 2030-Sep-10 00:00:00.0000,  3.933318740702137E-02,  2.476437832819490E-03,  5.015214300266244E+00,  2.509370900187898E+02,  1.320084361994428E+01,  2.462750287727343E+06,  1.313075820029427E+01,  5.531033373060200E+01,  5.912014912694112E+01,  2.577832189430200E-03,  2.679226546040911E-03,  2.741654324210556E+01,
2462755.500000000, A.D. 2030-Sep-11 00:00:00.0000,  4.217408021318821E-02,  2.474740297504868E-03,  5.012032277727580E+00,  2.507439336428839E+02,  1.477770173672283E+01,  2.462750395628095E+06,  1.308600856710594E+01,  6.679585448188000E+01,  7.132710556507965E+01,  2.583705709337751E-03,  2.692671121170634E-03,  2.751029835827292E+01,
2462756.500000000, A.D. 2030-Sep-12 00:00:00.0000,  4.472092481449157E-02,  2.470227386249024E-03,  5.012968330658716E+00,  2.505357338397571E+02,  1.510954665797432E+01,  2.462750419418640E+06,  1.306958406771494E+01,  7.947066925897798E+01,  8.455430978967712E+01,  2.585869878673228E-03,  2.701512371097432E-03,  2.754487045148498E+01,
2462757.500000000, A.D. 2030-Sep-13 00:00:00.0000,  4.717565644486992E-02,  2.462084087771757E-03,  5.018160897876173E+00,  2.503329035536552E+02,  1.421022378009290E+01,  2.462750363964672E+06,  1.308388481452222E+01,  9.336706426725890E+01,  9.873716627750467E+01,  2.583985290074929E-03,  2.705886492378101E-03,  2.751476378028218E+01,
2462758.500000000, A.D. 2030-Sep-14 00:00:00.0000,  4.981705784173579E-02,  2.450015928912557E-03,  5.026977582517460E+00,  2.501542132481351E+02,  1.238314142413734E+01,  2.462750254553852E+06,  1.312590480156553E+01,  1.082289411843654E+02,  1.135397898481009E+02,  2.578467598405358E-03,  2.706919267898159E-03,  2.742668070829394E+01,
2462759.500000000, A.D. 2030-Sep-15 00:00:00.0000,  5.281164358133476E-02,  2.434600988640691E-03,  5.038168818906464E+00,  2.500133741614245E+02,  1.013409663446876E+01,  2.462750128621321E+06,  1.318817200237628E+01,  1.235913539170927E+02,  1.284488380908006E+02,  2.570345140058475E-03,  2.706089291476260E-03,  2.729718720192111E+01,
2462760.500000000, A.D. 2030-Sep-16 00:00:00.0000,  5.607906543529976E-02,  2.417398735319893E-03,  5.050117296492655E+00,  2.499168681638798E+02,  7.964124366985287E+00,  2.462750018970529E+06,  1.326028196461541E+01,  1.389814060687337E+02,  1.429834531581324E+02,  2.561018245065942E-03,  2.704637754811991E-03,  2.714874396793727E+01,
2462761.500000000, A.D. 2030-Sep-17 00:00:00.0000,  5.929675494846121E-02,  2.400669643189956E-03,  5.061130680745452E+00,  2.498632291450766E+02,  6.176280255618622E+00,  2.462749939643170E+06,  1.333067466811255E+01,  1.541073559484491E+02,  1.568876089603795E+02,  2.551994644239193E-03,  2.703319645288429E-03,  2.700538487081473E+01,
2462762.500000000, A.D. 2030-Sep-18 00:00:00.0000,  6.202429022021173E-02,  2.386826686076364E-03,  5.069728717504971E+00,  2.498436851354331E+02,  4.815896013675109E+00,  2.462749883320889E+06,  1.338837376495423E+01,  1.689168156096808E+02,  1.701861603233416E+02,  2.544657245587657E-03,  2.702487805098951E-03,  2.688900133206213E+01,
2462763.500000000, A.D. 2030-Sep-19 00:00:00.0000,  6.386203456960723E-02,  2.377874557885483E-03,  5.074884321758612E+00,  2.498438970362078E+02,  3.727053203554146E+00,  2.462776644519205E+06,  1.342450080398559E+01,  1.835413913633886E+02,  1.831228075279904E+02,  2.540089864630420E-03,  2.702305171375357E-03,  2.681663960965460E+01,
2462764.500000000, A.D. 2030-Sep-20 00:00:00.0000,  6.457721429214829E-02,  2.375002063602528E-03,  5.076187880235704E+00,  2.498464610790004E+02,  2.643463458850418E+00,  2.462776543859675E+06,  1.343345415423034E+01,  1.982093632227933E+02,  1.960625375464378E+02,  2.538961098542538E-03,  2.702920133482548E-03,  2.679876641307717E+01,
2462765.500000000, A.D. 2030-Sep-21 00:00:00.0000,  6.417286548371590E-02,  2.378362495116265E-03,  5.073913647936368E+00,  2.498338257610244E+02,  1.269711677100596E+00,  2.462776446284504E+06,  1.341368632321674E+01,  2.131699732565006E+02,  2.094030190412892E+02,  2.541454941190187E-03,  2.704547387264109E-03,  2.683825991792451E+01,
2462766.500000000, A.D. 2030-Sep-22 00:00:00.0000,  6.289284951818901E-02,  2.387035687401123E-03,  5.068977519460106E+00,  2.497912624325253E+02,  3.593582786152231E+02,  2.462776327686586E+06,  1.336802586690070E+01,  2.286232315096306E+02,  2.234897216637719E+02,  2.547238793529466E-03,  2.707441899657808E-03,  2.692992993762541E+01,
2462767.500000000, A.D. 2030-Sep-23 00:00:00.0000,  6.115319810263883E-02,  2.399195554103869E-03,  5.062787690237261E+00,  2.497095010394939E+02,  3.568003467968510E+02,  2.462776171682513E+06,  1.330348402671135E+01,  2.446364102037316E+02,  2.385168693413575E+02,  2.555470763978978E-03,  2.711745973854085E-03,  2.706058046728025E+01,
2462768.500000000, A.D. 2030-Sep-24 00:00:00.0000,  5.939360923554026E-02,  2.412525937998004E-03,  5.057004206724217E+00,  2.495866105592317E+02,  3.537165560904104E+02,  2.462775978176201E+06,  1.323048206441671E+01,  2.610601239014763E+02,  2.544283301721838E+02,  2.564862371429638E-03,  2.717198804861272E-03,  2.720989290089570E+01,
2462769.500000000, A.D. 2030-Sep-25 00:00:00.0000,  5.788265004552572E-02,  2.424842142487506E-03,  5.053239468685017E+00,  2.494287081832172E+02,  3.504746375702166E+02,  2.462775767081254E+06,  1.316145985620824E+01,  2.775160616586670E+02,  2.708921835768890E+02,  2.573821767112855E-03,  2.722801391738205E-03,  2.735258884144137E+01,
2462770.500000000, A.D. 2030-Sep-26 00:00:00.0000,  5.657878097553420E-02,  2.434683152103611E-03,  5.052747418159108E+00,  2.492491791287638E+02,  3.475566990325708E+02,  2.462775570399542E+06,  1.310890909781030E+01,  2.935325933155052E+02,  2.874274422570965E+02,  2.580695773009185E-03,  2.726708393914759E-03,  2.746223940633885E+01,
2462771.500000000, A.D. 2030-Sep-27 00:00:00.0000,  5.516052559280264E-02,  2.441557208516882E-03,  5.056160791141687E+00,  2.490663261822354E+02,  3.453252453271973E+02,  2.462775415124199E+06,  1.308303353241657E+01,  3.087782988250834E+02,  3.036356309865046E+02,  2.584097378074452E-03,  2.726637547632022E-03,  2.751655410100477E+01,
2462772.500000000, A.D. 2030-Sep-28 00:00:00.0000,  5.322765761502224E-02,  2.445751918798401E-03,  5.063337979538657E+00,  2.488997398427701E+02,  3.438575373913593E+02,  2.462775309642748E+06,  1.308945327451935E+01,  3.232233125353308E+02,  3.193694502758046E+02,  2.583252392689673E-03,  2.720752866580944E-03,  2.750305856553961E+01,
2462773.500000000, A.D. 2030-Sep-29 00:00:00.0000,  5.054649588072671E-02,  2.447930012105184E-03,  5.073367785919175E+00,  2.487660961385364E+02,  3.429473832827601E+02,  2.462775242171498E+06,  1.312755434349462E+01,  3.371295489819503E+02,  3.347403330343261E+02,  2.578251595770263E-03,  2.708573179435341E-03,  2.742323441063480E+01,
2462774.500000000, A.D. 2030-Sep-30 00:00:00.0000,  4.720127858070180E-02,  2.448783136572929E-03,  5.084748760800473E+00,  2.486753832659292E+02,  3.422341502988609E+02,  2.462775189068903E+06,  1.319009815455373E+01,  3.509111135402023E+02,  3.500040142002168E+02,  2.570094902022117E-03,  2.691406667471305E-03,  2.729320098923707E+01,
2462775.500000000, A.D. 2030-Oct-01 00:00:00.0000,  4.358851598493140E-02,  2.448875401431125E-03,  5.095714659449529E+00,  2.486285631945601E+02,  3.413966199742073E+02,  2.462775128379259E+06,  1.326443963733004E+01,  4.929340886537720E+00,  5.383106466831474E+00,  2.560483058140006E-03,  2.672090714848887E-03,  2.714023432899902E+01,
2462776.500000000, A.D. 2030-Oct-02 00:00:00.0000,  4.026306243383834E-02,  2.448689822860866E-03,  5.104632724727560E+00,  2.486173327843338E+02,  3.403826741595936E+02,  2.462775056142223E+06,  1.333519645414554E+01,  1.925412711568719E+01,  2.085109589702309E+01,  2.551417713556596E-03,  2.654145604252325E-03,  2.699622770747304E+01,
2462777.500000000, A.D. 2030-Oct-03 00:00:00.0000,  3.770149271441928E-02,  2.448803742506090E-03,  5.110374904170473E+00,  2.486260689268420E+02,  3.395861771361623E+02,  2.462774998997917E+06,  1.338768592677711E+01,  3.348263039300870E+01,  3.596262660425293E+01,  2.544744405157183E-03,  2.640685067808275E-03,  2.689038284651966E+01,
2462778.500000000, A.D. 2030-Oct-04 00:00:00.0000,  3.611060794956363E-02,  2.449987751727705E-03,  5.112566162026166E+00,  2.486354413914279E+02,  3.397635117227919E+02,  2.462775008567087E+06,  1.341117096550315E+01,  4.682420370601402E+01,  4.993635781063308E+01,  2.541772709538760E-03,  2.633557667349814E-03,  2.684329361888004E+01,
2462779.500000000, A.D. 2030-Oct-05 00:00:00.0000,  3.541402152448116E-02,  2.452991667636027E-03,  5.111648618943271E+00,  2.486267593467688E+02,  3.416149150983688E+02,  2.462775132725722E+06,  1.340105763574299E+01,  5.852609431707702E+01,  6.206674598487309E+01,  2.543051342621486E-03,  2.633111017606944E-03,  2.686355135432119E+01,
2462780.500000000, A.D. 2030-Oct-06 00:00:00.0000,  3.540501333767555E-02,  2.458089748301623E-03,  5.108752897678151E+00,  2.485859862604108E+02,  3.453498697802485E+02,  2.462775386152225E+06,  1.335957569262557E+01,  6.831883643047652E+01,  7.214869138951752E+01,  2.548312796863132E-03,  2.638535845424640E-03,  2.694696360743842E+01,
2462781.500000000, A.D. 2030-Oct-07 00:00:00.0000,  3.590120684225529E-02,  2.464781322674224E-03,  5.105420248451773E+00,  2.485065110331815E+02,  3.505798797832788E+02,  2.462775743271525E+06,  1.329494315874814E+01,  7.653537785766852E+01,  8.057515172709975E+01,  2.556565094953853E-03,  2.648348867233482E-03,  2.707796458408460E+01,
2462782.500000000, A.D. 2030-Oct-08 00:00:00.0000,  3.679080228669918E-02,  2.471881022089084E-03,  5.103254004416568E+00,  2.483901308013397E+02,  3.565089775483249E+02,  2.462776150916609E+06,  1.321938814153244E+01,  8.393099769567078E+01,  8.813997239216560E+01,  2.566297153263729E-03,  2.660713284438374E-03,  2.723272788011712E+01,
2462783.500000000, A.D. 2030-Oct-09 00:00:00.0000,  3.801015774031482E-02,  2.477856530253544E-03,  5.103587664553637E+00,  2.482461740108378E+02,  2.225110919550697E+00,  2.462776547709611E+06,  1.314659432882688E+01,  9.139894140620352E+01,  9.574407319042017E+01,  2.575761636352764E-03,  2.673666742451984E-03,  2.738351781423868E+01,
2462784.500000000, A.D. 2030-Oct-10 00:00:00.0000,  3.953546579005460E-02,  2.481160168557061E-03,  5.107240533742965E+00,  2.480891409337122E+02,  6.960756426143091E+00,  2.462776882053985E+06,  1.308915365838179E+01,  9.971246594556996E+01,  1.041366312063769E+02,  2.583291813682639E-03,  2.685423458808218E-03,  2.750368812191839E+01,
2462785.500000000, A.D. 2030-Oct-11 00:00:00.0000,  4.140654611037754E-02,  2.480454159561074E-03,  5.114399798322975E+00,  2.479355397754891E+02,  1.026529653359750E+01,  2.462777124802141E+06,  1.305649623714051E+01,  1.093507393239065E+02,  1.137476913570897E+02,  2.587597640580891E-03,  2.694741121600708E-03,  2.757248142698069E+01,
2462786.500000000, A.D. 2030-Oct-12 00:00:00.0000,  4.373403362863103E-02,  2.474799675051982E-03,  5.124632999802489E+00,  2.478006777260309E+02,  1.207671864678048E+01,  2.462777274812275E+06,  1.305358319190891E+01,  1.204217554367201E+02,  1.246230433491383E+02,  2.587982592795617E-03,  2.701165510539253E-03,  2.757863451800278E+01,
2462787.500000000, A.D. 2030-Oct-13 00:00:00.0000,  4.664152123516054E-02,  2.463895348000560E-03,  5.137007776498829E+00,  2.476960382962609E+02,  1.268639335951952E+01,  2.462777355878578E+06,  1.308045139267441E+01,  1.326896871739643E+02,  1.364659277206940E+02,  2.584437441824356E-03,  2.704979535648151E-03,  2.752198599213593E+01,
2462788.500000000, A.D. 2030-Oct-14 00:00:00.0000,  5.015594203384895E-02,  2.448317453305721E-03,  5.150281505007027E+00,  2.476276237190691E+02,  1.258753120442133E+01,  2.462777404089675E+06,  1.313253721349227E+01,  1.457174552619357E+02,  1.487936390387583E+02,  2.577599378310760E-03,  2.706881303315800E-03,  2.741282923075510E+01,
2462789.500000000, A.D. 2030-Oct-15 00:00:00.0000,  5.412023965653114E-02,  2.429587772398254E-03,  5.163121166967895E+00,  2.475953747332231E+02,  1.225682649705421E+01,  2.462777450227040E+06,  1.320160629354777E+01,  1.590763585475117E+02,  1.611587666911802E+02,  2.568601078340041E-03,  2.707614384281828E-03,  2.726940888821602E+01,
2462790.500000000, A.D. 2030-Oct-16 00:00:00.0000,  5.819399158073127E-02,  2.409947535234842E-03,  5.174318827207622E+00,  2.475935814320162E+02,  1.198643026094358E+01,  2.462777507173385E+06,  1.327707995842730E+01,  1.725067978463216E+02,  1.733177641875997E+02,  2.558857677367877E-03,  2.707767819500913E-03,  2.711439572008445E+01,
2462791.500000000, A.D. 2030-Oct-17 00:00:00.0000,  6.194034170582088E-02,  2.391903847870013E-03,  5.182975510045297E+00,  2.476120931967710E+02,  1.183940232714177E+01,  2.462804539249023E+06,  1.334755995791227E+01,  1.859578418592271E+02,  1.852739373299688E+02,  2.549841928198454E-03,  2.707780008526895E-03,  2.697122179148529E+01,
2462792.500000000, A.D. 2030-Oct-18 00:00:00.0000,  6.494962592223220E-02,  2.377723889458338E-03,  5.188632857892954E+00,  2.476381000172166E+02,  1.169798819332029E+01,  2.462804472727614E+06,  1.340238681396702E+01,  1.995368732951337E+02,  1.972259105936282E+02,  2.542883202205514E-03,  2.708042514952689E-03,  2.686088716860742E+01,
2462793.500000000, A.D. 2030-Oct-19 00:00:00.0000,  6.695334709263767E-02,  2.369010722063504E-03,  5.191337228700172E+00,  2.476582490574192E+02,  1.133922533303464E+01,  2.462804410728995E+06,  1.343310059607203E+01,  2.134350798320496E+02,  2.094874293265440E+02,  2.539005648518962E-03,  2.709000574974418E-03,  2.679947175451566E+01,
2462794.500000000, A.D. 2030-Oct-20 00:00:00.0000,  6.790283652735637E-02,  2.366413204743620E-03,  5.191626268377350E+00,  2.476608447329983E+02,  1.050686609588624E+01,  2.462804335747567E+06,  1.343469084599984E+01,  2.278597721888891E+02,  2.224097124455469E+02,  2.538805284984726E-03,  2.711197365225833E-03,  2.679629952982429E+01,
2462795.500000000, A.D. 2030-Oct-21 00:00:00.0000,  6.799458219108519E-02,  2.369494040492192E-03,  5.190435479089247E+00,  2.476378475955539E+02,  8.986125124756237E+00,  2.462804229582969E+06,  1.340651788592582E+01,  2.429666897964078E+02,  2.362998698481601E+02,  2.542360800930451E-03,  2.715227561368710E-03,  2.685261027980490E+01,
2462796.500000000, A.D. 2030-Oct-22 00:00:00.0000,  6.761909892582188E-02,  2.376806211245327E-03,  5.188933055131914E+00,  2.475863538101624E+02,  6.694343431920860E+00,  2.462804080563169E+06,  1.335276360155965E+01,  2.587785320288259E+02,  2.513222143552231E+02,  2.549179427106512E-03,  2.721552642967697E-03,  2.696071096158331E+01,
2462797.500000000, A.D. 2030-Oct-23 00:00:00.0000,  6.721484958968581E-02,  2.386246079876162E-03,  5.188304689720687E+00,  2.475092393001528E+02,  3.767700502849533E+00,  2.462803891353040E+06,  1.328224115787552E+01,  2.751085075904436E+02,  2.674023580352684E+02,  2.558194755594574E-03,  2.730143431312986E-03,  2.710385963640956E+01,
2462798.500000000, A.D. 2030-Oct-24 00:00:00.0000,  6.705556986946863E-02,  2.395662107700263E-03,  5.189523668145772E+00,  2.474147310506153E+02,  5.693807589965869E-01,  2.462803681797665E+06,  1.320739255942515E+01,  2.915619640812737E+02,  2.842091594498283E+02,  2.567850806896481E-03,  2.740039506092700E-03,  2.725746193885139E+01,
2462799.500000000, A.D. 2030-Oct-25 00:00:00.0000,  6.708348727538435E-02,  2.403484055674448E-03,  5.193151441289289E+00,  2.473148463560484E+02,  3.575509362966383E+02,  2.462803480828491E+06,  1.314238149823781E+01,  3.076824332996121E+02,  3.012841684911405E+02,  2.576312052463288E-03,  2.749140049252128E-03,  2.739229568463450E+01,
2462800.500000000, A.D. 2030-Oct-26 00:00:00.0000,  6.692531013092912E-02,  2.409024704166322E-03,  5.199215562477828E+00,  2.472229057590264E+02,  3.550272284265766E+02,  2.462803310625381E+06,  1.310039832574620E+01,  3.231796879636579E+02,  3.182607958000332E+02,  2.581813364270288E-03,  2.754602024374255E-03,  2.748008045621730E+01,
2462801.500000000, A.D. 2030-Oct-27 00:00:00.0000,  6.610980667398468E-02,  2.412328836344231E-03,  5.207201487906185E+00,  2.471506146694404E+02,  3.530315255245771E+02,  2.462803175114970E+06,  1.309063541545926E+01,  3.380716806508928E+02,  3.350100453336475E+02,  2.583096871113734E-03,  2.753864905883238E-03,  2.750057492051619E+01,
2462802.500000000, A.D. 2030-Oct-28 00:00:00.0000,  6.435161901547966E-02,  2.413784682394710E-03,  5.216170757950928E+00,  2.471054166468872E+02,  3.513393228433956E+02,  2.462803060284532E+06,  1.311574555590756E+01,  3.526514506439638E+02,  3.516268595136781E+02,  2.579798919605724E-03,  2.745813156816737E-03,  2.744792497425734E+01,
2462803.500000000, A.D. 2030-Oct-29 00:00:00.0000,  6.173214581212766E-02,  2.413802503805917E-03,  5.224984036727135E+00,  2.470888345834511E+02,  3.496176913195405E+02,  2.462802943946909E+06,  1.317071715984464E+01,  7.323617994159747E+00,  8.299776770354793E+00,  2.572615584166218E-03,  2.731428664526519E-03,  2.733336352386194E+01,
2462804.500000000, A.D. 2030-Oct-30 00:00:00.0000,  5.868306794433661E-02,  2.412733510487106E-03,  5.232573872488142E+00,  2.470962775741954E+02,  3.476297007252081E+02,  2.462802809838212E+06,  1.324376723975966E+01,  2.238410932215047E+01,  2.512960173780552E+01,  2.563146830067253E-03,  2.713560149647401E-03,  2.718259793325490E+01,
2462805.500000000, A.D. 2030-Oct-31 00:00:00.0000,  5.577807463958092E-02,  2.411042797314963E-03,  5.238193434093537E+00,  2.471183602373032E+02,  3.454315656906668E+02,  2.462802661254744E+06,  1.331911932258892E+01,  3.780958679956517E+01,  4.195216233395971E+01,  2.553470463413189E-03,  2.695898129511415E-03,  2.702881408904027E+01,
2462806.500000000, A.D. 2030-Nov-01 00:00:00.0000,  5.343983186364596E-02,  2.409581376756070E-03,  5.241574111518373E+00,  2.471433254345098E+02,  3.434504188494993E+02,  2.462802526220586E+06,  1.338078856780268E+01,  5.317230215567161E+01,  5.827133203492266E+01,  2.545618818400317E-03,  2.681656260044563E-03,  2.690424395960075E+01,
2462807.500000000, A.D. 2030-Nov-02 00:00:00.0000,  5.174697477885144E-02,  2.409643883245259E-03,  5.242954931920788E+00,  2.471598640962019E+02,  3.423250589340054E+02,  2.462802446412293E+06,  1.341617848499327E+01,  6.779983467169291E+01,  7.341838097170039E+01,  2.541140201143350E-03,  2.672636519041440E-03,  2.683327449785195E+01,
2462808.500000000, A.D. 2030-Nov-03 00:00:00.0000,  5.047643527766450E-02,  2.412591220620033E-03,  5.242987144846261E+00,  2.471595811842412E+02,  3.425865401424252E+02,  2.462802455944531E+06,  1.341852482188800E+01,  8.110230833362075E+01,  8.686343681978714E+01,  2.540843966653460E-03,  2.669096712686888E-03,  2.682858248417711E+01,
2462809.500000000, A.D. 2030-Nov-04 00:00:00.0000,  4.932052852382787E-02,  2.419226643878945E-03,  5.242552017608098E+00,  2.471385405088067E+02,  3.444354320465908E+02,  2.462802567713139E+06,  1.338776579934353E+01,  9.280783295232830E+01,  9.842674926806365E+01,  2.544734283703927E-03,  2.670241923528909E-03,  2.689022241617437E+01,
2462810.500000000, A.D. 2030-Nov-05 00:00:00.0000,  4.809204248187154E-02,  2.429353017012950E-03,  5.242547952474833E+00,  2.470976359499466E+02,  3.477323636600752E+02,  2.462802774063929E+06,  1.332994205285106E+01,  1.029862801263561E+02,  1.082771445663897E+02,  2.552088148676585E-03,  2.674823280340220E-03,  2.700686909010243E+01,
2462811.500000000, A.D. 2030-Nov-06 00:00:00.0000,  4.680368854698168E-02,  2.441734611885682E-03,  5.243701791483161E+00,  2.470418688755925E+02,  3.520990292638147E+02,  2.462803053638860E+06,  1.325554560284595E+01,  1.119611252680095E+02,  1.168228464032038E+02,  2.561628263294042E-03,  2.681521914702402E-03,  2.715844453228000E+01,
2462812.500000000, A.D. 2030-Nov-07 00:00:00.0000,  4.563456256024069E-02,  2.454393527463327E-03,  5.246442950503828E+00,  2.469788653237066E+02,  3.570202243798215E+02,  2.462803377019749E+06,  1.317733316606999E+01,  1.202165502302371E+02,  1.246048535692272E+02,  2.571754415213985E-03,  2.689115302964644E-03,  2.731964013226558E+01,
2462813.500000000, A.D. 2030-Nov-08 00:00:00.0000,  4.484766843724181E-02,  2.465062703338919E-03,  5.250856070515967E+00,  2.469170844444801E+02,  1.935148555325026E+00,  2.462803711340845E+06,  1.310807059374796E+01,  1.283104352192591E+02,  1.322043571674693E+02,  2.580805827386449E-03,  2.696548951433978E-03,  2.746399612554008E+01,
2462814.500000000, A.D. 2030-Nov-09 00:00:00.0000,  4.471103067263251E-02,  2.471642883204124E-03,  5.256706636744773E+00,  2.468641457120035E+02,  6.348708897522784E+00,  2.462804026992678E+06,  1.305856122678353E+01,  1.367624073459564E+02,  1.401326904230827E+02,  2.587324843648559E-03,  2.703006804092995E-03,  2.756812130739399E+01,
2462815.500000000, A.D. 2030-Nov-10 00:00:00.0000,  4.544120562302401E-02,  2.472579372352342E-03,  5.263520065769335E+00,  2.468255777587908E+02,  9.958177110583327E+00,  2.462804306363653E+06,  1.303618243797236E+01,  1.459222855602791E+02,  1.487075440223318E+02,  2.590285047833174E-03,  2.707990723314006E-03,  2.761544660125164E+01,
2462816.500000000, A.D. 2030-Nov-11 00:00:00.0000,  4.715875607081704E-02,  2.467139491052206E-03,  5.270689542472948E+00,  2.468041307963481E+02,  1.272988982192062E+01,  2.462804549297575E+06,  1.304403727572149E+01,  1.558854078988307E+02,  1.579798767933814E+02,  2.589245067602855E-03,  2.711350644153504E-03,  2.759881717526660E+01,
2462817.500000000, A.D. 2030-Nov-12 00:00:00.0000,  4.984422580603028E-02,  2.455582841422580E-03,  5.277589520585407E+00,  2.467996541648889E+02,  1.485593824809607E+01,  2.462804769347834E+06,  1.308073358447933E+01,  1.665262693388516E+02,  1.677808117599585E+02,  2.584400272161357E-03,  2.713217702900133E-03,  2.752139225793502E+01,
2462818.500000000, A.D. 2030-Nov-13 00:00:00.0000,  5.330883981975960E-02,  2.439175459310303E-03,  5.283676987930694E+00,  2.468094497485421E+02,  1.660545907232548E+01,  2.462804981942519E+06,  1.314073591622610E+01,  1.776372234623366E+02,  1.778733087360088E+02,  2.576527131452150E-03,  2.713878803593998E-03,  2.739572595439456E+01,
2462819.500000000, A.D. 2030-Nov-14 00:00:00.0000,  5.720792108018771E-02,  2.419996313530829E-03,  5.288568424880205E+00,  2.468289709014308E+02,  1.817194869538044E+01,  2.462832434196355E+06,  1.321519569170811E+01,  1.890720640571777E+02,  1.881067928783897E+02,  2.566839887224655E-03,  2.713683460918481E-03,  2.724136731670816E+01,
2462820.500000000, A.D. 2030-Nov-15 00:00:00.0000,  6.110518834964826E-02,  2.400561857035156E-03,  5.292085267071833E+00,  2.468527276923596E+02,  1.960058243808794E+01,  2.462832475224920E+06,  1.329314752477485E+01,  2.008115685010644E+02,  1.984905539227755E+02,  2.556795316416271E-03,  2.713028775797385E-03,  2.708162226658937E+01,
2462821.500000000, A.D. 2030-Nov-16 00:00:00.0000,  6.456953452384756E-02,  2.383367439214226E-03,  5.294264441634230E+00,  2.468752622422226E+02,  2.079604300847040E+01,  2.462832504199394E+06,  1.336295573962349E+01,  2.129513705390273E+02,  2.091853486196410E+02,  2.547883062586641E-03,  2.712398685959056E-03,  2.694014760017033E+01,
2462822.500000000, A.D. 2030-Nov-17 00:00:00.0000,  6.727818462846311E-02,  2.370445986803664E-03,  5.295333913485362E+00,  2.468920600540747E+02,  2.156829912752426E+01,  2.462832515333288E+06,  1.341389410873707E+01,  2.256553798136241E+02,  2.204557436181095E+02,  2.541428695821197E-03,  2.712411404838730E-03,  2.683784418467385E+01,
2462823.500000000, A.D. 2030-Nov-18 00:00:00.0000,  6.910381542665311E-02,  2.363007495860021E-03,  5.295657070867166E+00,  2.469002642928600E+02,  2.168920419546517E+01,  2.462832496884787E+06,  1.343773258082049E+01,  2.391022681664296E+02,  2.326102306516223E+02,  2.538422151706472E-03,  2.713836807552924E-03,  2.679023397993673E+01,
2462824.500000000, A.D. 2030-Nov-19 00:00:00.0000,  7.016201499520554E-02,  2.361206411306675E-03,  5.295654581433112E+00,  2.468990706246997E+02,  2.096118609316408E+01,  2.462832435578404E+06,  1.343017780591747E+01,  2.534237710326699E+02,  2.459275762147042E+02,  2.539374008574730E-03,  2.717541605842786E-03,  2.680530408475906E+01,
2462825.500000000, A.D. 2030-Nov-20 00:00:00.0000,  7.078661967011529E-02,  2.364106752947936E-03,  5.295717450385261E+00,  2.468897152563105E+02,  1.930674022673863E+01,  2.462832323076626E+06,  1.339196558543209E+01,  2.686255926387942E+02,  2.605602606459115E+02,  2.544202228457626E-03,  2.724297703967316E-03,  2.688178951054142E+01,
2462826.500000000, A.D. 2030-Nov-21 00:00:00.0000,  7.140119685105818E-02,  2.369937122704386E-03,  5.296128811608920E+00,  2.468750372105179E+02,  1.685857512650020E+01,  2.462832163453999E+06,  1.332934200579592E+01,  2.845098847093541E+02,  2.764347582958644E+02,  2.552164739678501E-03,  2.734392356652616E-03,  2.700808485846213E+01,
2462827.500000000, A.D. 2030-Nov-22 00:00:00.0000,  7.230011375223010E-02,  2.376651214722513E-03,  5.297012458483144E+00,  2.468586919763343E+02,  1.397667249987631E+01,  2.462831976428349E+06,  1.325363009278554E+01,  3.006710745289240E+02,  2.932225430989785E+02,  2.561875073991071E-03,  2.747098933259628E-03,  2.716236966625180E+01,
2462828.500000000, A.D. 2030-Nov-23 00:00:00.0000,  7.344849354910109E-02,  2.382586163430757E-03,  5.298321739914392E+00,  2.468441943938053E+02,  1.111916775209081E+01,  2.462831790267727E+06,  1.317962927615523E+01,  3.166354911429182E+02,  3.104564147655803E+02,  2.571455711682034E-03,  2.760325259933312E-03,  2.731488059769002E+01,
2462829.500000000, A.D. 2030-Nov-24 00:00:00.0000,  7.446059923042780E-02,  2.386846782543109E-03,  5.299873026425464E+00,  2.468340389891516E+02,  8.618626109028906E+00,  2.462831626803155E+06,  1.312282456378114E+01,  3.320903353233697E+02,  3.277441283821826E+02,  2.578871067572576E-03,  2.770895352602042E-03,  2.743311839995151E+01,
2462830.500000000, A.D. 2030-Nov-25 00:00:00.0000,  7.480849896765078E-02,  2.389227453815141E-03,  5.301415187996779E+00,  2.468291507015618E+02,  6.531059964191614E+00,  2.462831490209091E+06,  1.309582837544202E+01,  3.470323916942286E+02,  3.449172263517298E+02,  2.582413966350953E-03,  2.775600478886765E-03,  2.748966996811678E+01,
2462831.500000000, A.D. 2030-Nov-26 00:00:00.0000,  7.413245378670809E-02,  2.389856714199546E-03,  5.302714147755726E+00,  2.468288370262476E+02,  4.656313828830973E+00,  2.462831367433269E+06,  1.310500722642836E+01,  1.737287973685981E+00,  2.020993935087208E+00,  2.581207996731095E-03,  2.772559279262644E-03,  2.747041598527333E+01,
2462832.500000000, A.D. 2030-Nov-27 00:00:00.0000,  7.245755905883679E-02,  2.388895941885379E-03,  5.303624778786548E+00,  2.468312535997993E+02,  2.688909787979157E+00,  2.462831238102405E+06,  1.314851191571945E+01,  1.659207556300756E+01,  1.918656039105588E+01,  2.575511196513447E-03,  2.762126451141515E-03,  2.737952418551706E+01,
2462833.500000000, A.D. 2030-Nov-28 00:00:00.0000,  7.019185857935169E-02,  2.386500991840931E-03,  5.304125719570788E+00,  2.468342109321896E+02,  4.170319240023319E-01,  2.462831088062648E+06,  1.321658811232083E+01,  3.187758253825576E+01,  3.646116347769144E+01,  2.566659599468134E-03,  2.746818207095337E-03,  2.723849732930688E+01,
2462834.500000000, A.D. 2030-Nov-29 00:00:00.0000,  6.790461819345667E-02,  2.383058613552698E-03,  5.304306443566674E+00,  2.468360221482834E+02,  3.578935900193059E+02,  2.462830920851811E+06,  1.329413900220438E+01,  4.758169353404622E+01,  5.366260563392701E+01,  2.556668190903345E-03,  2.730277768253993E-03,  2.707960251809510E+01,
2462835.500000000, A.D. 2030-Nov-30 00:00:00.0000,  6.601029836256142E-02,  2.379503719604322E-03,  5.304314434428192E+00,  2.468360862182759E+02,  3.554800240745715E+02,  2.462830760078373E+06,  1.336458006262735E+01,  6.334706207437314E+01,  7.034939306288157E+01,  2.547676612956929E-03,  2.715849506309536E-03,  2.693687331087209E+01,
2462836.500000000, A.D. 2030-Dec-01 00:00:00.0000,  6.456190656003505E-02,  2.377377968352512E-03,  5.304284748994319E+00,  2.468350203274080E+02,  3.536939263045679E+02,  2.462830638513585E+06,  1.341365074677016E+01,  7.862393162708690E+01,  8.597382917946344E+01,  2.541459434915656E-03,  2.705540901478799E-03,  2.683833109988223E+01,
2462837.500000000, A.D. 2030-Dec-02 00:00:00.0000,  6.328874302857651E-02,  2.378428342638740E-03,  5.304278424225472E+00,  2.468343351258648E+02,  3.529552089981251E+02,  2.462830581345338E+06,  1.343214184865538E+01,  9.293235082309835E+01,  1.001270687837371E+02,  2.539126464999126E-03,  2.699824587359514E-03,  2.680138462326005E+01,
2462838.500000000, A.D. 2030-Dec-03 00:00:00.0000,  6.181548506573169E-02,  2.383947616444762E-03,  5.304249936180931E+00,  2.468358039603928E+02,  3.534297692719977E+02,  2.462830597263289E+06,  1.341711357349131E+01,  1.060319159950887E+02,  1.126826708400371E+02,  2.541022132103500E-03,  2.698096647762238E-03,  2.683140438724954E+01,
2462839.500000000, A.D. 2030-Dec-04 00:00:00.0000,  5.988358124912270E-02,  2.394260539260667E-03,  5.304051753425892E+00,  2.468407559959333E+02,  3.550418028531119E+02,  2.462830681061303E+06,  1.337171501771172E+01,  1.179243350203180E+02,  1.237717770733718E+02,  2.546770263242393E-03,  2.699279987224119E-03,  2.692250018214989E+01,
2462840.500000000, A.D. 2030-Dec-05 00:00:00.0000,  5.746136293467478E-02,  2.408568401051106E-03,  5.303471628685712E+00,  2.468495129339657E+02,  3.575689654091587E+02,  2.462830820838082E+06,  1.330399381115542E+01,  1.287715102578830E+02,  1.336778880995919E+02,  2.555405482952285E-03,  2.702242564853464E-03,  2.705954355587113E+01,
2462841.500000000, A.D. 2030-Dec-06 00:00:00.0000,  5.474115229881775E-02,  2.425111896078453E-03,  5.302289778061850E+00,  2.468611152840534E+02,  7.301274952068861E-01,  2.462831003526661E+06,  1.322513826791275E+01,  1.388173112297808E+02,  1.427420483303950E+02,  2.565553236530070E-03,  2.705994576981687E-03,  2.722088742719942E+01,
2462842.500000000, A.D. 2030-Dec-07 00:00:00.0000,  5.206945330271901E-02,  2.441527342989060E-03,  5.300340023681851E+00,  2.468733874281982E+02,  4.242051667180959E+00,  2.462831217595960E+06,  1.314752958554474E+01,  1.483357409098829E+02,  1.513018737291096E+02,  2.575639482761341E-03,  2.709751622533622E-03,  2.738156987270122E+01,
2462843.500000000, A.D. 2030-Dec-08 00:00:00.0000,  4.985220080230342E-02,  2.455293186476480E-03,  5.297560519299004E+00,  2.468833063655440E+02,  7.860110194395189E+00,  2.462831454464576E+06,  1.308288367030322E+01,  1.575903387017752E+02,  1.596488425765188E+02,  2.584117111621714E-03,  2.712941036766947E-03,  2.751686929825436E+01,
2462844.500000000, A.D. 2030-Dec-09 00:00:00.0000,  4.846058297143157E-02,  2.464192458234790E-03,  5.294023823228608E+00,  2.468875849277852E+02,  1.141695373710222E+01,  2.462831709899915E+06,  1.304067305156155E+01,  1.667915135001891E+02,  1.679894930252635E+02,  2.589690362938277E-03,  2.715188267641765E-03,  2.760593709976434E+01,
2462845.500000000, A.D. 2030-Dec-10 00:00:00.0000,  4.815137311566604E-02,  2.466724001798045E-03,  5.289940846362071E+00,  2.468833561087109E+02,  1.484898948718967E+01,  2.462831984716944E+06,  1.302695040658334E+01,  1.760629220948916E+02,  1.764202679490129E+02,  2.591508704353885E-03,  2.716293406909726E-03,  2.763501731134780E+01,
2462846.500000000, A.D. 2030-Dec-11 00:00:00.0000,  4.901157423541194E-02,  2.462391570395096E-03,  5.285637434399231E+00,  2.468688402549626E+02,  1.818155448844968E+01,  2.462859882215226E+06,  1.304364411466331E+01,  1.854471471280282E+02,  1.849447215765436E+02,  2.589297097296795E-03,  2.716202624198494E-03,  2.759964905783484E+01,
2462847.500000000, A.D. 2030-Dec-12 00:00:00.0000,  5.093700164474643E-02,  2.451806092463123E-03,  5.281505866990026E+00,  2.468438801063709E+02,  2.146393518777304E+01,  2.462860109625988E+06,  1.308835753945472E+01,  1.949607066278267E+02,  1.935415078960834E+02,  2.583396567680076E-03,  2.714987042897029E-03,  2.750536107489298E+01,
2462848.500000000, A.D. 2030-Dec-13 00:00:00.0000,  5.365101798661176E-02,  2.436571335874955E-03,  5.277936815027279E+00,  2.468102355229320E+02,  2.469259136988353E+01,  2.462860308639892E+06,  1.315467280371847E+01,  2.046612059594907E+02,  2.022443441513528E+02,  2.574706986730276E-03,  2.712842637585597E-03,  2.736670119976208E+01,
2462849.500000000, A.D. 2030-Dec-14 00:00:00.0000,  5.676068616181213E-02,  2.418980260001408E-03,  5.275240790933454E+00,  2.467715443137718E+02,  2.777093531715328E+01,  2.462860481736657E+06,  1.323293324485651E+01,  2.146794119061326E+02,  2.111851608884619E+02,  2.564545629632633E-03,  2.710110999263858E-03,  2.720485272151796E+01,
2462850.500000000, A.D. 2030-Dec-15 00:00:00.0000,  5.983978459732241E-02,  2.401592950135318E-03,  5.273571880684496E+00,  2.467328880400241E+02,  3.051473599317593E+01,  2.462860625998814E+06,  1.331145325729666E+01,  2.252082401097798E+02,  2.205909532429682E+02,  2.554450731683745E-03,  2.707308513232174E-03,  2.704437998177744E+01,
2462851.500000000, A.D. 2030-Dec-16 00:00:00.0000,  6.252548384081413E-02,  2.386775397777274E-03,  5.272869771747824E+00,  2.466999618183434E+02,  3.268210051135301E+01,  2.462860733717822E+06,  1.337807557680893E+01,  2.364706251180010E+02,  2.307549504417821E+02,  2.545962963938309E-03,  2.705150530099345E-03,  2.690969997389345E+01,
2462852.500000000, A.D. 2030-Dec-17 00:00:00.0000,  6.461320927133928E-02,  2.376266560130407E-03,  5.272837194645722E+00,  2.466779361960193E+02,  3.401397360335620E+01,  2.462860793797877E+06,  1.342195819708036E+01,  2.486809916037221E+02,  2.419956362454799E+02,  2.540410644755106E-03,  2.704554729379806E-03,  2.682171965625029E+01,
2462853.500000000, A.D. 2030-Dec-18 00:00:00.0000,  6.612606191208466E-02,  2.370838463874187E-03,  5.272966968150639E+00,  2.466702029639002E+02,  3.429149413258235E+01,  2.462860794583555E+06,  1.343541866734622E+01,  2.619942159365938E+02,  2.545965884103204E+02,  2.538713596321600E-03,  2.706588728769015E-03,  2.679484792498153E+01,
2462854.500000000, A.D. 2030-Dec-19 00:00:00.0000,  6.732083211594532E-02,  2.370138137451190E-03,  5.272624576932598E+00,  2.466772854928492E+02,  3.342194742802440E+01,  2.462860729325131E+06,  1.341558745474575E+01,  2.764299439239656E+02,  2.687145783447780E+02,  2.541214834709197E-03,  2.712291531967205E-03,  2.683445665084539E+01,
2462855.500000000, A.D. 2030-Dec-20 00:00:00.0000,  6.858655637297796E-02,  2.372827677185935E-03,  5.271178920979571E+00,  2.466962308130477E+02,  3.153558032275417E+01,  2.462860603515753E+06,  1.336553112438604E+01,  2.917888013591840E+02,  2.842729985528496E+02,  2.547555753485686E-03,  2.722283829785437E-03,  2.693495654229281E+01,
2462856.500000000, A.D. 2030-Dec-21 00:00:00.0000,  7.023065645284966E-02,  2.377076405390129E-03,  5.268158011678425E+00,  2.467207548952073E+02,  2.901482326600514E+01,  2.462860438725796E+06,  1.329443513485841E+01,  3.076368653876975E+02,  3.009192023783704E+02,  2.556630224353685E-03,  2.736184043317240E-03,  2.707899932175901E+01,
2462857.500000000, A.D. 2030-Dec-22 00:00:00.0000,  7.225166811027621E-02,  2.381229170717876E-03,  5.263392343301270E+00,  2.467422721410708E+02,  2.636647485952926E+01,  2.462860265869428E+06,  1.321646315715872E+01,  3.234449886014078E+02,  3.181370671059277E+02,  2.566675777112493E-03,  2.752122383507111E-03,  2.723875485590903E+01,
2462858.500000000, A.D. 2030-Dec-23 00:00:00.0000,  7.427504481476295E-02,  2.384259537690218E-03,  5.257102010841656E+00,  2.467517157252020E+02,  2.397900447194900E+01,  2.462860109526955E+06,  1.314814339066347E+01,  3.388377088055842E+02,  3.354769667513664E+02,  2.575559321735179E-03,  2.766859105780140E-03,  2.738029159733966E+01,
2462859.500000000, A.D. 2030-Dec-24 00:00:00.0000,  7.573692966552613E-02,  2.385761019065577E-03,  5.249889924960591E+00,  2.467417868542636E+02,  2.194897085961646E+01,  2.462859975760787E+06,  1.310462993402188E+01,  3.537653309503121E+02,  3.527254049501047E+02,  2.581257539806511E-03,  2.776754060547446E-03,  2.747120687974392E+01,
2462860.500000000, A.D. 2030-Dec-25 00:00:00.0000,  7.620191391944017E-02,  2.385630896039919E-03,  5.242625824836668E+00,  2.467090392013533E+02,  2.009417778446731E+01,  2.462859852388730E+06,  1.309581341838771E+01,  8.480996362147474E+00,  9.901985671929459E+00,  2.582415932643403E-03,  2.779200969246886E-03,  2.748970136475274E+01,
2462861.500000000, A.D. 2030-Dec-26 00:00:00.0000,  7.560804343933027E-02,  2.383790855645213E-03,  5.236240790859132E+00,  2.466551294323504E+02,  1.810838545141283E+01,  2.462859719246709E+06,  1.312362403528964E+01,  2.336993668524076E+01,  2.712903921238129E+01,  2.578766332535435E-03,  2.773741809425656E-03,  2.743144721549124E+01,
2462862.500000000, A.D. 2030-Dec-27 00:00:00.0000,  7.429605457257277E-02,  2.380171502703164E-03,  5.231486799040431E+00,  2.465867461776845E+02,  1.576134694461351E+01,  2.462859561704495E+06,  1.318158282910395E+01,  3.873138557693292E+01,  4.446311687662518E+01,  2.571201640070965E-03,  2.762231777438767E-03,  2.731083244457918E+01,
2462863.500000000, A.D. 2030-Dec-28 00:00:00.0000,  7.280791306803157E-02,  2.374978822243166E-03,  5.228732905001027E+00,  2.465141482697373E+02,  1.306519470032363E+01,  2.462859381559663E+06,  1.325673974520107E+01,  5.459709169920662E+01,  6.175641011963525E+01,  2.561474429858272E-03,  2.747970037473379E-03,  2.715599815032348E+01,
2462864.500000000, A.D. 2030-Dec-29 00:00:00.0000,  7.157056001435771E-02,  2.369053390277058E-03,  5.227858581659016E+00,  2.464487215945942E+02,  1.032054109448078E+01,  2.462859199162818E+06,  1.333315260868268E+01,  7.067687110657540E+01,  7.862637498058552E+01,  2.551678445605618E-03,  2.734303500934178E-03,  2.700036597237809E+01,
2462865.500000000, A.D. 2030-Dec-30 00:00:00.0000,  7.066436718483433E-02,  2.363987309619978E-03,  5.228271166987592E+00,  2.464002727998590E+02,  7.985286773689432E+00,  2.462859043443778E+06,  1.339562373578140E+01,  8.648959777770982E+01,  9.458881283749776E+01,  2.543739017580689E-03,  2.723490725541401E-03,  2.687444848412655E+01,
2462866.500000000, A.D. 2030-Dec-31 00:00:00.0000,  6.982332348689323E-02,  2.361777282367891E-03,  5.229035262342722E+00,  2.463747944554299E+02,  6.447224269347021E+00,  2.462858936524303E+06,  1.343264461580063E+01,  1.015974810953303E+02,  1.092770473443417E+02,  2.539063107044710E-03,  2.716348931721529E-03,  2.680038148083938E+01,
2462867.500000000, A.D. 2031-Jan-01 00:00:00.0000,  6.863081841539349E-02,  2.364169460832138E-03,  5.229073247589879E+00,  2.463732044649444E+02,  5.875059633222388E+00,  2.462858885187312E+06,  1.343806254283719E+01,  1.157663917033913E+02,  1.225779887796262E+02,  2.538380598775883E-03,  2.712591736719629E-03,  2.678957616489802E+01,
2462868.500000000, A.D. 2031-Jan-02 00:00:00.0000,  6.674780898959984E-02,  2.372078092772150E-03,  5.227384956913347E+00,  2.463912273776426E+02,  6.220693786369422E+00,  2.462858883137594E+06,  1.341148354177742E+01,  1.289763918865318E+02,  1.346164564091271E+02,  2.541733215974540E-03,  2.711388339176931E-03,  2.684266799258878E+01,
$$EOE
**************************************************************************************************************************************************************************************************************************************************************************************************************************************************
 
TIME

  Barycentric Dynamical Time ("TDB" or T_eph) output was requested. This
continuous coordinate time is equivalent to the relativistic proper time
of a clock at rest in a reference frame co-moving with the solar system
barycenter but outside the system's gravity well. It is the independent
variable in the solar system relativistic equations of motion.

  TDB runs at a uniform rate of one SI second per second and is independent
of irregularities in Earth's rotation.
 
CALENDAR SYSTEM

  Mixed calendar mode was active such that calendar dates after AD 1582-Oct-15
(if any) are in the modern Gregorian system. Dates prior to 1582-Oct-5 (if any)
are in the Julian calendar system, which is automatically extended for dates
prior to its adoption on 45-Jan-1 BC.  The Julian calendar is useful for
matching historical dates. The Gregorian calendar more accurately corresponds
to the Earth's orbital motion and seasons. A "Gregorian-only" calendar mode is
available if such physical events are the primary interest.

REFERENCE FRAME AND COORDINATES

  Ecliptic at the standard reference epoch

    Reference epoch: J2000.0
    X-Y plane: adopted Earth orbital plane at the reference epoch
               Note: IAU76 obliquity of 84381.448 arcseconds wrt ICRF X-Y plane
    X-axis   : ICRF
    Z-axis   : perpendicular to the X-Y plane in the directional (+ or -) sense
               of Earth's north pole at the reference epoch.

  Symbol meaning [1 au= 149597870.700 km, 1 day= 86400.0 s]:

    JDTDB    Julian Day Number, Barycentric Dynamical Time
      EC     Eccentricity, e
      QR     Periapsis distance, q (au)
      IN     Inclination w.r.t X-Y plane, i (degrees)
      OM     Longitude of Ascending Node, OMEGA, (degrees)
      W      Argument of Perifocus, w (degrees)
      Tp     Time of periapsis (Julian Day Number)
      N      Mean motion, n (degrees/day)
      MA     Mean anomaly, M (degrees)
      TA     True anomaly, nu (degrees)
      A      Semi-major axis, a (au)
      AD     Apoapsis distance (au)
      PR     Sidereal orbit period (day)

ABERRATIONS AND CORRECTIONS

 Geometric osculating elements have NO corrections or aberrations applied.

Computations by ...

    Solar System Dynamics Group, Horizons On-Line Ephemeris System
    4800 Oak Grove Drive, Jet Propulsion Laboratory
    Pasadena, CA  91109   USA

    General site: https://ssd.jpl.nasa.gov/
    Mailing list: https://ssd.jpl.nasa.gov/email_list.html
    System news : https://ssd.jpl.nasa.gov/horizons/news.html
    User Guide  : https://ssd.jpl.nasa.gov/horizons/manual.html
    Connect     : browser        https://ssd.jpl.nasa.gov/horizons/app.html#/x
                  API            https://ssd-api.jpl.nasa.gov/doc/horizons.html
                  command-line   telnet ssd.jpl.nasa.gov 6775
                  e-mail/batch   https://ssd.jpl.nasa.gov/ftp/ssd/horizons_batch.txt
                  scripts        https://ssd.jpl.nasa.gov/ftp/ssd/SCRIPTS
    Inquiries   : Jon.D.Giorgini@jpl.nasa.gov
*******************************************************************************
