*******************************************************************************
 Revised: July 08, 2026               Neptune                               899
 
 PHYSICAL DATA:
  Mass x10^24 (kg)      = 102.409         Density (g/cm^3)       =  1.638
  Equat. radius (1 bar) = 24766+-15 km    Volume, 10^10 km^3     = 6254     
  Vol. mean radius (km) = 24624+-21       Polar radius (km)      = 24342+-30
  Geometric Albedo      = 0.41            Flattening             =  0.0171
  Sid. rot. period (III)= 16.11+-0.01 hr  Sid. rot. rate (rad/s) =  0.000108338 
  Mean solar day, h     =~16.11 h         
  GM (km^3/s^2)         = 6835099.97      GM 1-sigma (km^3/s^2)  = +-10 
  Equ. grav, ge (m/s^2) = 11.15           Pol. grav, gp (m/s^2)  = 11.41+-0.03
  Visual magnitude V(1,0)= -6.87
  Vis. mag. (opposition)=  +7.84          Obliquity to orbit     = 28.32 deg
  Sidereal orbit period = 164.788501027 y Sidereal orbit period  = 60189 d
  Mean daily motion     = 0.006020076dg/d Mean orbit velocity    =  5.43 km/s 
  Atmos. temp. (1 bar)  =  72+-2 K        Escape speed (1 bar)  =  23.5 km/s     
  Aroche(ice)/Rp        =  2.98           Hill's sphere rad., Rp = 4700
                                 Perihelion  Aphelion    Mean
  Solar Constant (W/m^2)         1.54        1.49        1.51
  Maximum Planetary IR (W/m^2)   0.52        0.52        0.52
  Minimum Planetary IR (W/m^2)   0.52        0.52        0.52
*******************************************************************************


*******************************************************************************
Ephemeris / API_USER Mon Sep 28 12:59:37 2026 Pasadena, USA      / Horizons
*******************************************************************************
Target body name: Neptune (899)                   {source: nep098_merged}
Center body name: Sun (10)                        {source: nep098_merged}
Center-site name: BODY CENTER
*******************************************************************************
Start time      : A.D. 2025-Jan-01 00:00:00.0000 TDB
Stop  time      : A.D. 2031-Jan-02 00:00:00.0000 TDB
Step-size       : 11520 minutes
*******************************************************************************
Center geodetic : 0.0, 0.0, 0.0                   {E-lon(deg),Lat(deg),Alt(km)}
Center cylindric: 0.0, 0.0, 0.0                   {E-lon(deg),Dxy(km),Dz(km)}
Center radii    : 695700.0, 695700.0, 695700.0 km {Equator_a, b, pole_c}
Keplerian GM    : 2.9592744867548655E-04 au^3/d^2
Output units    : AU-D, deg, Julian Day Number (Tp)
Calendar mode   : Mixed Julian/Gregorian
Output type     : GEOMETRIC osculating elements
Output format   : 10
Reference frame : Ecliptic of J2000.0
*******************************************************************************
            JDTDB,            Calendar Date (TDB),                     EC,                     QR,                     IN,                     OM,                      W,                     Tp,                      N,                     MA,                     TA,                      A,                     AD,                     PR,
**************************************************************************************************************************************************************************************************************************************************************************************************************************************************
$$SOE
2460676.500000000, A.D. 2025-Jan-01 00:00:00.0000,  1.266098870528033E-02,  2.980147807642177E+01,  1.774849832507214E+00,  1.319473970418126E+02,  2.681146665565159E+02,  2.467459153573662E+06,  5.943715262826529E-03,  3.196858384317641E+02,  3.187357583955133E+02,  3.018363270923776E+01,  3.056578734205376E+01,  6.056817732362271E+04,
2460684.500000000, A.D. 2025-Jan-09 00:00:00.0000,  1.286295719693713E-02,  2.979828747875935E+01,  1.766056283625953E+00,  1.316419022604625E+02,  2.688147602520247E+02,  2.467522758955739E+06,  5.942845952207569E-03,  3.193612804447408E+02,  3.183894871775067E+02,  3.018657611525192E+01,  3.057486475174450E+01,  6.057703714602799E+04,
2460692.500000000, A.D. 2025-Jan-17 00:00:00.0000,  1.284989356639541E-02,  2.980457616835611E+01,  1.769704901320353E+00,  1.317694047075333E+02,  2.672575848621943E+02,  2.467288967666691E+06,  5.941083096622167E-03,  3.208098374480101E+02,  3.198676960182437E+02,  3.019254718619712E+01,  3.058051820403813E+01,  6.059501174199698E+04,
2460700.500000000, A.D. 2025-Jan-25 00:00:00.0000,  1.252751853985727E-02,  2.979752037303228E+01,  1.773829709266261E+00,  1.319129154660799E+02,  2.692933433296687E+02,  2.467646939524301E+06,  5.946104970717621E-03,  3.186957414157617E+02,  3.177369683438767E+02,  3.017554507338947E+01,  3.055356977374665E+01,  6.054383529602447E+04,
2460708.500000000, A.D. 2025-Feb-02 00:00:00.0000,  1.281284258515334E-02,  2.979831112821086E+01,  1.764933568246676E+00,  1.316016508144519E+02,  2.689353600403992E+02,  2.467536142887561E+06,  5.943291438937385E-03,  3.194213284782382E+02,  3.184545392346344E+02,  3.018506764841217E+01,  3.057182416861349E+01,  6.057249651959947E+04,
2460716.500000000, A.D. 2025-Feb-10 00:00:00.0000,  1.261918338612254E-02,  2.980247652870460E+01,  1.772316656707619E+00,  1.318607113022931E+02,  2.680349466295683E+02,  2.467432128163748E+06,  5.943794055790955E-03,  3.200836892394087E+02,  3.191444884233587E+02,  3.018336595895105E+01,  3.056425538919751E+01,  6.056737441117381E+04,
2460724.500000000, A.D. 2025-Feb-18 00:00:00.0000,  1.244011729650246E-02,  2.979433827968315E+01,  1.771770038325611E+00,  1.318416761556256E+02,  2.702504626361150E+02,  2.467792244226104E+06,  5.947847158595228E-03,  3.179621375870922E+02,  3.169964681992053E+02,  3.016965229300280E+01,  3.054496630632245E+01,  6.052610136085362E+04,
2460732.500000000, A.D. 2025-Feb-26 00:00:00.0000,  1.271811598907887E-02,  2.979883419567590E+01,  1.765185891884826E+00,  1.316097223539547E+02,  2.689672647434475E+02,  2.467543132496318E+06,  5.943990393476175E-03,  3.195176658683880E+02,  3.185599789463273E+02,  3.018270129156575E+01,  3.056656838745560E+01,  6.056537379251453E+04,
2460740.500000000, A.D. 2025-Mar-06 00:00:00.0000,  1.238944394935467E-02,  2.979953958518703E+01,  1.774292380468433E+00,  1.319302879312714E+02,  2.690454948886388E+02,  2.467609903098079E+06,  5.946747669560061E-03,  3.191493931352312E+02,  3.182098063579106E+02,  3.017337087237339E+01,  3.054720215955976E+01,  6.053729197940440E+04,
2460748.500000000, A.D. 2025-Mar-14 00:00:00.0000,  1.239073013841169E-02,  2.979248004014408E+01,  1.769229208720813E+00,  1.317524496112944E+02,  2.708550214363917E+02,  2.467876761834826E+06,  5.948849861484938E-03,  3.175950405712685E+02,  3.166265000130360E+02,  3.016626205252149E+01,  3.054004406489889E+01,  6.051589943978475E+04,
2460756.500000000, A.D. 2025-Mar-22 00:00:00.0000,  1.257555353522318E-02,  2.979935255237118E+01,  1.766712546706728E+00,  1.316632111551052E+02,  2.690345340136039E+02,  2.467563556325359E+06,  5.945122773208560E-03,  3.195312144215950E+02,  3.185846513766323E+02,  3.017886852919250E+01,  3.055838450601382E+01,  6.055383778150461E+04,
2460764.500000000, A.D. 2025-Mar-30 00:00:00.0000,  1.219893516267882E-02,  2.979618983410773E+01,  1.775062860974598E+00,  1.319580790557691E+02,  2.701410259237160E+02,  2.467794575110749E+06,  5.949471569742424E-03,  3.181747679954449E+02,  3.172318999921258E+02,  3.016416047194158E+01,  3.053213110977543E+01,  6.050957564548641E+04,
2460772.500000000, A.D. 2025-Apr-07 00:00:00.0000,  1.236874632699726E-02,  2.979209906954138E+01,  1.766886555647943E+00,  1.316689603919533E+02,  2.710677379929758E+02,  2.467898010863541E+06,  5.949162603125676E-03,  3.176091772424583E+02,  3.166426334252600E+02,  3.016520483606053E+01,  3.053831060257968E+01,  6.051271817832931E+04,
2460780.500000000, A.D. 2025-Apr-15 00:00:00.0000,  1.240153053345962E-02,  2.979928074286428E+01,  1.769115276078792E+00,  1.317482724398500E+02,  2.692637282764227E+02,  2.467615781490809E+06,  5.946715984233952E-03,  3.193525223018676E+02,  3.184158357410386E+02,  3.017347805222968E+01,  3.054767536159508E+01,  6.053761453454964E+04,
2460788.500000000, A.D. 2025-Apr-23 00:00:00.0000,  1.207299777846290E-02,  2.979283395088769E+01,  1.774468077535060E+00,  1.319379797830345E+02,  2.711767848526728E+02,  2.467961321189361E+06,  5.951614825716549E-03,  3.173101310671869E+02,  3.163616279062151E+02,  3.015691835924413E+01,  3.052100276760057E+01,  6.048778533927681E+04,
2460796.500000000, A.D. 2025-May-01 00:00:00.0000,  1.234991106621072E-02,  2.979277976952712E+01,  1.765424840554783E+00,  1.316159386564710E+02,  2.710010013488717E+02,  2.467878532317745E+06,  5.949128897231237E-03,  3.178680768873737E+02,  3.169077627796006E+02,  3.016531877366579E+01,  3.053785777780446E+01,  6.051306102437053E+04,
2460804.500000000, A.D. 2025-May-09 00:00:00.0000,  1.221288314448197E-02,  2.979816541012568E+01,  1.771757664188875E+00,  1.318423465758656E+02,  2.697626514236908E+02,  2.467713686300085E+06,  5.948753918367968E-03,  3.188989509246343E+02,  3.179682786077506E+02,  3.016658640475486E+01,  3.053500739938405E+01,  6.051687545662764E+04,
2460812.500000000, A.D. 2025-May-17 00:00:00.0000,  1.201450160520737E-02,  2.978997017666908E+01,  1.772658432161369E+00,  1.318744639859646E+02,  2.720164816076146E+02,  2.468088551332506E+06,  5.953001744634463E-03,  3.166856537235394E+02,  3.157308099049600E+02,  3.015223424338684E+01,  3.051449831010459E+01,  6.047369301117268E+04,
2460820.500000000, A.D. 2025-May-25 00:00:00.0000,  1.231013963213019E-02,  2.979382506845626E+01,  1.765188111616509E+00,  1.316065467798069E+02,  2.708420350277865E+02,  2.467851205437034E+06,  5.949175148093707E-03,  3.181731019404281E+02,  3.172215093933336E+02,  3.016516242999539E+01,  3.053649979153452E+01,  6.051259057574641E+04,
2460828.500000000, A.D. 2025-Jun-02 00:00:00.0000,  1.202771842836371E-02,  2.979573244287130E+01,  1.773904622418395E+00,  1.319192737354273E+02,  2.705963324775806E+02,  2.467863549089440E+06,  5.951155510990981E-03,  3.181333288412849E+02,  3.172030988919456E+02,  3.015847002860562E+01,  3.052120761433993E+01,  6.049245383272686E+04,
2460836.500000000, A.D. 2025-Jun-10 00:00:00.0000,  1.199786938573829E-02,  2.978789906843432E+01,  1.770166444693133E+00,  1.317855878066721E+02,  2.726169081700672E+02,  2.468172283904345E+06,  5.953772950257028E-03,  3.163244082213823E+02,  3.153646070039418E+02,  3.014963039595326E+01,  3.051136172347219E+01,  6.046585971748529E+04,
2460844.500000000, A.D. 2025-Jun-18 00:00:00.0000,  1.221774322996590E-02,  2.979455435169612E+01,  1.766306641221297E+00,  1.316462368670844E+02,  2.707991127831435E+02,  2.467851135150203E+06,  5.949791510858459E-03,  3.183119816636395E+02,  3.173701498199829E+02,  3.016307910725369E+01,  3.053160386281127E+01,  6.050632183379780E+04,
2460852.500000000, A.D. 2025-Jun-26 00:00:00.0000,  1.186120265678358E-02,  2.979235064427055E+01,  1.775059729665045E+00,  1.319612623603140E+02,  2.716666983823239E+02,  2.468046331698766E+06,  5.953673691501159E-03,  3.171702734739696E+02,  3.162361522207898E+02,  3.014996549510299E+01,  3.050758034593544E+01,  6.046686779524015E+04,
2460860.500000000, A.D. 2025-Jul-04 00:00:00.0000,  1.199983091993464E-02,  2.978703264728523E+01,  1.767708747730476E+00,  1.316966383599390E+02,  2.729036096748182E+02,  2.468204611444633E+06,  5.954014988667648E-03,  3.162730503802135E+02,  3.153121988231640E+02,  3.014881330943513E+01,  3.051059397158503E+01,  6.046340170207708E+04,
2460868.500000000, A.D. 2025-Jul-12 00:00:00.0000,  1.207753546693558E-02,  2.979452936235017E+01,  1.768458518184851E+00,  1.317237786965574E+02,  2.709817414945039E+02,  2.467894378826896E+06,  5.951065830466980E-03,  3.181885325842568E+02,  3.172554017947509E+02,  3.015877301305460E+01,  3.052301666375903E+01,  6.049336543328924E+04,
2460876.500000000, A.D. 2025-Jul-20 00:00:00.0000,  1.173997233773046E-02,  2.978852423736846E+01,  1.774857932953244E+00,  1.319548915093936E+02,  2.728098435579886E+02,  2.468232872520709E+06,  5.955916762717499E-03,  3.161860575911164E+02,  3.152447584315680E+02,  3.014239512229718E+01,  3.049626600722589E+01,  6.044409523207360E+04,
2460884.500000000, A.D. 2025-Jul-28 00:00:00.0000,  1.199394683174669E-02,  2.978709046728005E+01,  1.765897496605835E+00,  1.316300385842396E+02,  2.729705419048975E+02,  2.468204705416135E+06,  5.954050841695766E-03,  3.164151247806754E+02,  3.154572170328040E+02,  3.014869227952739E+01,  3.051029409177473E+01,  6.046303761448379E+04,
2460892.500000000, A.D. 2025-Aug-05 00:00:00.0000,  1.189561437820914E-02,  2.979322916422161E+01,  1.771043329975796E+00,  1.318175178669429E+02,  2.715330264808810E+02,  2.468000787788339E+06,  5.953099370730808E-03,  3.176836564402648E+02,  3.167558035099911E+02,  3.015190459404089E+01,  3.051058002386015E+01,  6.047270129069020E+04,
2460900.500000000, A.D. 2025-Aug-13 00:00:00.0000,  1.166069314306916E-02,  2.978480604719334E+01,  1.773387245665627E+00,  1.319025575173713E+02,  2.738907913059799E+02,  2.468401488187280E+06,  5.957748891861086E-03,  3.153109959393698E+02,  3.143614983183792E+02,  3.013621520519460E+01,  3.048762436319587E+01,  6.042550744154356E+04,
2460908.500000000, A.D. 2025-Aug-21 00:00:00.0000,  1.194411238745863E-02,  2.978760867219872E+01,  1.765286510373505E+00,  1.316067690321466E+02,  2.729718709797683E+02,  2.468201387452554E+06,  5.954345943628339E-03,  3.165756251795451E+02,  3.156245238752117E+02,  3.014769614315552E+01,  3.050778361411232E+01,  6.046004102016122E+04,
2460916.500000000, A.D. 2025-Aug-29 00:00:00.0000,  1.168552622951841E-02,  2.979059801592141E+01,  1.773438714775663E+00,  1.319048731296115E+02,  2.724744123300924E+02,  2.468170122465914E+06,  5.955787018441729E-03,  3.167989694808337E+02,  3.158724796381137E+02,  3.014283288017468E+01,  3.049506774442795E+01,  6.044541198086535E+04,
2460924.500000000, A.D. 2025-Sep-06 00:00:00.0000,  1.160643548407761E-02,  2.978197016481425E+01,  1.771120895166144E+00,  1.318204844924458E+02,  2.747439743791062E+02,  2.468527852985875E+06,  5.959090548168134E-03,  3.146909310874888E+02,  3.137357217021920E+02,  3.013169170056295E+01,  3.048141323631165E+01,  6.041190297245383E+04,
2460932.500000000, A.D. 2025-Sep-14 00:00:00.0000,  1.183137039369496E-02,  2.978826704072804E+01,  1.766051540550710E+00,  1.316341407309882E+02,  2.730101096059778E+02,  2.468212710034989E+06,  5.955167668946010E-03,  3.166451285764996E+02,  3.157042976620809E+02,  3.014492278771888E+01,  3.050157853470972E+01,  6.045169842610250E+04,
2460940.500000000, A.D. 2025-Sep-22 00:00:00.0000,  1.148180241180773E-02,  2.978713770106811E+01,  1.774964993941456E+00,  1.319610955213907E+02,  2.736493443173115E+02,  2.468372550833537E+06,  5.958666795648787E-03,  3.157148854746280E+02,  3.147867207004778E+02,  3.013312023364203E+01,  3.047910276621595E+01,  6.041619918450278E+04,
2460948.500000000, A.D. 2025-Sep-30 00:00:00.0000,  1.157142887875074E-02,  2.978064127242567E+01,  1.768623879528691E+00,  1.317287051593794E+02,  2.752183647301470E+02,  2.468590599599222E+06,  5.959806028334741E-03,  3.144545687394232E+02,  3.134984328424763E+02,  3.012928009420371E+01,  3.047791891598176E+01,  6.040465046822829E+04,
2460956.500000000, A.D. 2025-Oct-08 00:00:00.0000,  1.166903058771353E-02,  2.978853668348157E+01,  1.767932686729791E+00,  1.317030945146315E+02,  2.731956782113378E+02,  2.468255183429251E+06,  5.956554354855930E-03,  3.165249954347786E+02,  3.155951725039102E+02,  3.014024411396863E+01,  3.049195154445568E+01,  6.043762527013946E+04,
2460964.500000000, A.D. 2025-Oct-16 00:00:00.0000,  1.131768077011106E-02,  2.978327933797087E+01,  1.775219052784504E+00,  1.319712339978235E+02,  2.748980659806799E+02,  2.468579305819573E+06,  5.961309040600448E-03,  3.146057892253593E+02,  3.136732271157417E+02,  3.012421559350820E+01,  3.046515184904553E+01,  6.038942077120351E+04,
2460972.500000000, A.D. 2025-Oct-24 00:00:00.0000,  1.153477094738083E-02,  2.978069215864911E+01,  1.766623532796055E+00,  1.316540470269744E+02,  2.753607266083318E+02,  2.468601883034449E+06,  5.960122303019673E-03,  3.145279440181027E+02,  3.135760532643860E+02,  3.012821420859892E+01,  3.047573625854873E+01,  6.040144508739483E+04,
2460980.500000000, A.D. 2025-Nov-01 00:00:00.0000,  1.146825716335877E-02,  2.978791293048136E+01,  1.770485799590974E+00,  1.317973916443767E+02,  2.736517353434443E+02,  2.468346251005714E+06,  5.958556655303496E-03,  3.161107553235962E+02,  3.151902213679761E+02,  3.013349156093204E+01,  3.047907019138271E+01,  6.041731594170159E+04,
2460988.500000000, A.D. 2025-Nov-09 00:00:00.0000,  1.120613909615444E-02,  2.977975338511666E+01,  1.774175895211160E+00,  1.319337311720521E+02,  2.760110422724903E+02,  2.468755777372856E+06,  5.963376836155762E-03,  3.136807980347128E+02,  3.127430911609525E+02,  3.011725149455854E+01,  3.045474960400043E+01,  6.036848079385686E+04,
2460996.500000000, A.D. 2025-Nov-17 00:00:00.0000,  1.147873034344091E-02,  2.978173962250126E+01,  1.765646103905509E+00,  1.316167230387719E+02,  2.752736544009284E+02,  2.468581871590762E+06,  5.960314707739043E-03,  3.147887981439127E+02,  3.138457857814658E+02,  3.012756582652824E+01,  3.047339203055522E+01,  6.039949527036981E+04,
2461004.500000000, A.D. 2025-Nov-25 00:00:00.0000,  1.125599452284492E-02,  2.978613174947584E+01,  1.772987572510789E+00,  1.318902835137459E+02,  2.744252911098181E+02,  2.468489101315878E+06,  5.961010590182965E-03,  3.153842122927548E+02,  3.144691704919928E+02,  3.012522107287157E+01,  3.046431039626730E+01,  6.039244429340131E+04,
2461012.500000000, A.D. 2025-Dec-03 00:00:00.0000,  1.114293733795310E-02,  2.977712463351048E+01,  1.772099838169693E+00,  1.318574081820003E+02,  2.768476065168391E+02,  2.468880427985413E+06,  5.964738367891769E-03,  3.130698680696016E+02,  3.121281632119698E+02,  3.011266820843565E+01,  3.044821178336081E+01,  6.035470087638423E+04,
2461020.500000000, A.D. 2025-Dec-11 00:00:00.0000,  1.138183440022349E-02,  2.978307480232872E+01,  1.765963323575969E+00,  1.316277607484238E+02,  2.751527610965476E+02,  2.468564456260118E+06,  5.960790226950957E-03,  3.150320592521446E+02,  3.141009953238747E+02,  3.012596353037867E+01,  3.046885225842861E+01,  6.039467692929465E+04,
2461028.500000000, A.D. 2025-Dec-19 00:00:00.0000,  1.105633587804589E-02,  2.978332706214669E+01,  1.774803939690182E+00,  1.319582546219091E+02,  2.754629880635795E+02,  2.468671033508140E+06,  5.963658550673449E-03,  3.144225396953722E+02,  3.135088817727535E+02,  3.011630302378264E+01,  3.044927898541859E+01,  6.036562907501584E+04,
2461036.500000000, A.D. 2025-Dec-27 00:00:00.0000,  1.111273544877209E-02,  2.977591455083981E+01,  1.769616307194317E+00,  1.317647080560059E+02,  2.772945449472571E+02,  2.468938516772595E+06,  5.965375262147877E-03,  3.128615046236849E+02,  3.119192254246878E+02,  3.011052484769594E+01,  3.044513514455207E+01,  6.034825709696917E+04,
2461044.500000000, A.D. 2026-Jan-04 00:00:00.0000,  1.124454193928243E-02,  2.978408335176411E+01,  1.767518270993820E+00,  1.316856729605014E+02,  2.751444232256658E+02,  2.468573324035618E+06,  5.961729132941516E-03,  3.151151904100649E+02,  3.141967925319740E+02,  3.012280044469309E+01,  3.046151753762208E+01,  6.038516543980857E+04,
2461052.500000000, A.D. 2026-Jan-12 00:00:00.0000,  1.089998766496144E-02,  2.977988036709166E+01,  1.775445177915469E+00,  1.319829489532898E+02,  2.766196775099878E+02,  2.468865117810916E+06,  5.966108471759661E-03,  3.133890746916728E+02,  3.124728518959137E+02,  3.010805782601113E+01,  3.043623528493060E+01,  6.034084055025914E+04,
2461060.500000000, A.D. 2026-Jan-20 00:00:00.0000,  1.109520966244108E-02,  2.977605329098494E+01,  1.767377944169784E+00,  1.316799068768285E+02,  2.773889978975559E+02,  2.468940208770885E+06,  5.965492152846869E-03,  3.129936591605658E+02,  3.120548738831893E+02,  3.011013151308631E+01,  3.044420973518767E+01,  6.034707460443138E+04,
2461068.500000000, A.D. 2026-Jan-28 00:00:00.0000,  1.107318922917865E-02,  2.978406185719113E+01,  1.769842592541511E+00,  1.317730856302417E+02,  2.754292809952892E+02,  2.468635153753981E+06,  5.963285419509563E-03,  3.148778839944101E+02,  3.139699035270769E+02,  3.011755929033401E+01,  3.045105672347688E+01,  6.036940623741055E+04,
2461076.500000000, A.D. 2026-Feb-05 00:00:00.0000,  1.079548922695032E-02,  2.977627015868028E+01,  1.774716527841280E+00,  1.319565649402618E+02,  2.777565590865497E+02,  2.469047305312008E+06,  5.968139217401970E-03,  3.124291242231289E+02,  3.115076793215841E+02,  3.010122763735735E+01,  3.042618511603442E+01,  6.032030870699326E+04,
2461084.500000000, A.D. 2026-Feb-13 00:00:00.0000,  1.105870964699864E-02,  2.977701950308098E+01,  1.765994601382278E+00,  1.316265461860568E+02,  2.772989891655851E+02,  2.468916999196505E+06,  5.965532062833880E-03,  3.132749749111305E+02,  3.123435544477474E+02,  3.010999721980675E+01,  3.044297493653254E+01,  6.034667087666020E+04,
2461092.500000000, A.D. 2026-Feb-21 00:00:00.0000,  1.087341587765076E-02,  2.978256452187078E+01,  1.772363963023287E+00,  1.318684473064240E+02,  2.761388875099137E+02,  2.468767927527256E+06,  5.965542331188357E-03,  3.142119121761835E+02,  3.133103160732775E+02,  3.010996266802070E+01,  3.043736081417063E+01,  6.034656700328648E+04,
2461100.500000000, A.D. 2026-Mar-01 00:00:00.0000,  1.072575938049688E-02,  2.977319076580951E+01,  1.772915504044755E+00,  1.318893618112825E+02,  2.787277183238047E+02,  2.469195506454559E+06,  5.969696311446904E-03,  3.116752698270800E+02,  3.107490237798051E+02,  3.009599314661721E+01,  3.041879552742492E+01,  6.030457517741719E+04,
2461108.500000000, A.D. 2026-Mar-09 00:00:00.0000,  1.097110462331551E-02,  2.977838399875089E+01,  1.765908619463660E+00,  1.316223594003338E+02,  2.771772737528817E+02,  2.468896937574710E+06,  5.965914686429351E-03,  3.135348458886978E+02,  3.126147862278060E+02,  3.010870980408455E+01,  3.043903560941821E+01,  6.034280054639249E+04,
2461116.500000000, A.D. 2026-Mar-17 00:00:00.0000,  1.066761389377649E-02,  2.977992960325700E+01,  1.774429992766553E+00,  1.319470960485127E+02,  2.771771649776982E+02,  2.468951784550291E+06,  5.968196261636320E-03,  3.132374840380980E+02,  3.123387571515652E+02,  3.010103583130813E+01,  3.042214205935926E+01,  6.031973216331488E+04,
2461124.500000000, A.D. 2026-Mar-25 00:00:00.0000,  1.068402256406033E-02,  2.977153550209627E+01,  1.770498277680028E+00,  1.317977178123141E+02,  2.793174056305983E+02,  2.469277180140871E+06,  5.970572002629994E-03,  3.113238362045173E+02,  3.103962639842156E+02,  3.009305033085250E+01,  3.041456515960873E+01,  6.029573043276634E+04,
2461132.500000000, A.D. 2026-Apr-02 00:00:00.0000,  1.083690756644450E-02,  2.977961911638447E+01,  1.767065802025704E+00,  1.316660461298038E+02,  2.771405482589579E+02,  2.468898861196470E+06,  5.966757732846488E-03,  3.136600042748873E+02,  3.127531720013256E+02,  3.010587368673466E+01,  3.043212825708486E+01,  6.033427467956860E+04,
2461140.500000000, A.D. 2026-Apr-10 00:00:00.0000,  1.049155063872667E-02,  2.977648507727527E+01,  1.775426511892926E+00,  1.319856762198061E+02,  2.784049359071963E+02,  2.469159925223055E+06,  5.970825400352452E-03,  3.121174121819529E+02,  3.112177485627582E+02,  3.009219890592744E+01,  3.040791273457961E+01,  6.029317152344625E+04,
2461148.500000000, A.D. 2026-Apr-18 00:00:00.0000,  1.065040811584696E-02,  2.977134468946919E+01,  1.768123997879795E+00,  1.317063566547459E+02,  2.795392195258393E+02,  2.469298723856334E+06,  5.970933706101336E-03,  3.113355536639451E+02,  3.104110897734467E+02,  3.009183501331573E+01,  3.041232533716227E+01,  6.029207787588359E+04,
2461156.500000000, A.D. 2026-Apr-26 00:00:00.0000,  1.065609256214584E-02,  2.978003514666599E+01,  1.769202589024792E+00,  1.317478695590659E+02,  2.773734578373410E+02,  2.468951384971172E+06,  5.968268788090544E-03,  3.134780313197986E+02,  3.125837989012736E+02,  3.010079197211474E+01,  3.042154879756349E+01,  6.031899915740499E+04,
2461164.500000000, A.D. 2026-May-04 00:00:00.0000,  1.035714291898913E-02,  2.977290378096300E+01,  1.775155710779897E+00,  1.319762539372288E+02,  2.796268791348546E+02,  2.469359016343059E+06,  5.973119564549703E-03,  3.110531741092523E+02,  3.101505416316205E+02,  3.008449317643671E+01,  3.039608257191042E+01,  6.027001403698495E+04,
2461172.500000000, A.D. 2026-May-12 00:00:00.0000,  1.060023135324989E-02,  2.977249332444405E+01,  1.766489665779286E+00,  1.316424182382129E+02,  2.794530095712556E+02,  2.469274506499069E+06,  5.971042388344855E-03,  3.116225757634114E+02,  3.107065248031441E+02,  3.009146986679139E+01,  3.041044640913873E+01,  6.029098046644252E+04,
2461180.500000000, A.D. 2026-May-20 00:00:00.0000,  1.044760747289257E-02,  2.977936720051919E+01,  1.771751413254006E+00,  1.318460755636453E+02,  2.779339026949277E+02,  2.469060336315382E+06,  5.970356298742648E-03,  3.129545696213968E+02,  3.120705106720831E+02,  3.009377515067089E+01,  3.040818310082259E+01,  6.029790886614517E+04,
2461188.500000000, A.D. 2026-May-28 00:00:00.0000,  1.026891360335991E-02,  2.977005502285840E+01,  1.773682941152742E+00,  1.319205296795168E+02,  2.806066109457516E+02,  2.469510644338721E+06,  5.974775867211650E-03,  3.102770528415542E+02,  3.093718207273316E+02,  3.007893298698298E+01,  3.038781095110756E+01,  6.025330623289260E+04,
2461196.500000000, A.D. 2026-Jun-05 00:00:00.0000,  1.051785724837244E-02,  2.977452095529515E+01,  1.766000735056013E+00,  1.316224663444928E+02,  2.791840315865359E+02,  2.469227790648066E+06,  5.971178093747508E-03,  3.120437332177486E+02,  3.111407575276657E+02,  3.009101394442136E+01,  3.040750693354757E+01,  6.028961024909981E+04,
2461204.500000000, A.D. 2026-Jun-13 00:00:00.0000,  1.024234969132796E-02,  2.977765343816107E+01,  1.773999108176373E+00,  1.319331746031925E+02,  2.787787131587244E+02,  2.469213993598332E+06,  5.972729572044095E-03,  3.121614607281425E+02,  3.112839537481536E+02,  3.008580275067783E+01,  3.039395206319459E+01,  6.027394939911774E+04,
2461212.500000000, A.D. 2026-Jun-21 00:00:00.0000,  1.022469090091362E-02,  2.976867556508100E+01,  1.771419643662259E+00,  1.318333812478851E+02,  2.811481536184348E+02,  2.469585218567226E+06,  5.975591647402737E-03,  3.099680528636338E+02,  3.090626938827498E+02,  3.007619536617563E+01,  3.038371516727027E+01,  6.024508052796283E+04,
2461220.500000000, A.D. 2026-Jun-29 00:00:00.0000,  1.040441665835977E-02,  2.977668637715841E+01,  1.766801310121293E+00,  1.316529728845037E+02,  2.788977897193362E+02,  2.469186671203414E+06,  5.971553529811787E-03,  3.124295822311651E+02,  3.115418161172091E+02,  3.008975270141090E+01,  3.040281902566339E+01,  6.028581979593282E+04,
2461228.500000000, A.D. 2026-Jul-07 00:00:00.0000,  1.007393402148265E-02,  2.977507136010077E+01,  1.775377117202191E+00,  1.319871652477172E+02,  2.798034858038818E+02,  2.469391472117491E+06,  5.975031245851165E-03,  3.112259865389788E+02,  3.103505238840344E+02,  3.007807591233477E+01,  3.038108046456877E+01,  6.025073094805492E+04,
2461236.500000000, A.D. 2026-Jul-15 00:00:00.0000,  1.020940633011405E-02,  2.976890497044086E+01,  1.769010694038023E+00,  1.317392305834087E+02,  2.812289464167383E+02,  2.469583145496320E+06,  5.975660989545478E-03,  3.101232761140783E+02,  3.092213133665088E+02,  3.007596269435691E+01,  3.038302041827296E+01,  6.024438143827538E+04,
2461244.500000000, A.D. 2026-Jul-23 00:00:00.0000,  1.026296175352889E-02,  2.977816507289915E+01,  1.768666040783608E+00,  1.317256276927178E+02,  2.788020436370046E+02,  2.469183750508749E+06,  5.972389071055116E-03,  3.125837070291781E+02,  3.117102485729474E+02,  3.008694625155938E+01,  3.039572743021961E+01,  6.027738576924297E+04,
2461252.500000000, A.D. 2026-Jul-31 00:00:00.0000,  9.962052121856033E-03,  2.977206900242956E+01,  1.775480468836261E+00,  1.319920740773150E+02,  2.808500282329146E+02,  2.469564137938892E+06,  5.976948227708619E-03,  3.103217703517836E+02,  3.094443804236856E+02,  3.007164429023884E+01,  3.037121957804811E+01,  6.023140677897642E+04,
2461260.500000000, A.D. 2026-Aug-08 00:00:00.0000,  1.020050124888517E-02,  2.977033834680946E+01,  1.767067080463382E+00,  1.316620856414382E+02,  2.809795620735458E+02,  2.469529834841019E+06,  5.975310060627171E-03,  3.105881603297630E+02,  3.096931110051667E+02,  3.007714025352847E+01,  3.038394216024749E+01,  6.024791958029609E+04,
2461268.500000000, A.D. 2026-Aug-16 00:00:00.0000,  1.009913266316774E-02,  2.977820776365145E+01,  1.771084125018286E+00,  1.318205385278055E+02,  2.791045897686359E+02,  2.469249754153415E+06,  5.973859181497035E-03,  3.123211115957600E+02,  3.114581419032013E+02,  3.008200997314497E+01,  3.038581218263849E+01,  6.026255207270969E+04,
2461276.500000000, A.D. 2026-Aug-24 00:00:00.0000,  9.898869007809901E-03,  2.976913781737077E+01,  1.774329855889049E+00,  1.319479865411269E+02,  2.818023045187680E+02,  2.469713055984648E+06,  5.978403276642173E-03,  3.095628660578024E+02,  3.086814742349446E+02,  3.006676478345079E+01,  3.036439174953081E+01,  6.021674740587212E+04,
2461284.500000000, A.D. 2026-Sep-01 00:00:00.0000,  1.016049227136386E-02,  2.977235643431844E+01,  1.766191911878934E+00,  1.316264735385623E+02,  2.806201453011166E+02,  2.469465513229048E+06,  5.975064787349510E-03,  3.111179159302748E+02,  3.102334264946238E+02,  3.007796334845882E+01,  3.038357026259920E+01,  6.025039272581563E+04,
2461292.500000000, A.D. 2026-Sep-09 00:00:00.0000,  9.923006496299163E-03,  2.977678048527750E+01,  1.773469827777061E+00,  1.319146912108505E+02,  2.798279538076148E+02,  2.469384566925294E+06,  5.975883216795614E-03,  3.116427530719478E+02,  3.107859732139973E+02,  3.007521705953689E+01,  3.037365363379628E+01,  6.024214110948424E+04,
2461300.500000000, A.D. 2026-Sep-17 00:00:00.0000,  9.873756886249807E-03,  2.976719404531291E+01,  1.772267492829831E+00,  1.318673413815412E+02,  2.824401959378084E+02,  2.469804334752432E+06,  5.979216333830249E-03,  3.091537323480668E+02,  3.082694910757428E+02,  3.006403905799023E+01,  3.036088407066755E+01,  6.020855909881190E+04,
2461308.500000000, A.D. 2026-Sep-25 00:00:00.0000,  1.008127170002782E-02,  2.977440765885348E+01,  1.766577758655197E+00,  1.316409765669117E+02,  2.802953731418633E+02,  2.469415279245239E+06,  5.975164595441410E-03,  3.115606596707885E+02,  3.106890042326531E+02,  3.007762840287534E+01,  3.038084914689720E+01,  6.024938631391882E+04,
2461316.500000000, A.D. 2026-Oct-03 00:00:00.0000,  9.766048576697621E-03,  2.977402369377478E+01,  1.775109665538764E+00,  1.319799719451332E+02,  2.808902223383022E+02,  2.469569998193540E+06,  5.978134498979757E-03,  3.106594777119330E+02,  3.098037559433999E+02,  3.006766598032657E+01,  3.036130826687836E+01,  6.021945475824246E+04,
2461324.500000000, A.D. 2026-Oct-11 00:00:00.0000,  9.867794249789121E-03,  2.976646450477675E+01,  1.769813928180598E+00,  1.317699215673240E+02,  2.827387430753017E+02,  2.469837264089557E+06,  5.979490163566293E-03,  3.090980108617301E+02,  3.082136167071826E+02,  3.006312119927770E+01,  3.035977789377865E+01,  6.020580185807823E+04,
2461332.500000000, A.D. 2026-Oct-19 00:00:00.0000,  9.952524712291621E-03,  2.977560498387558E+01,  1.768103811782155E+00,  1.317014161637520E+02,  2.802630381690964E+02,  2.469420680071705E+06,  5.975969838351068E-03,  3.116652798443405E+02,  3.108062275686891E+02,  3.007492643241454E+01,  3.037424788095350E+01,  6.024126790093266E+04,
2461340.500000000, A.D. 2026-Oct-27 00:00:00.0000,  9.637205395558150E-03,  2.977033187734125E+01,  1.775605216367827E+00,  1.320004466105964E+02,  2.821769292061553E+02,  2.469784638692542E+06,  5.980413567822362E-03,  3.095005583945442E+02,  3.086418817649478E+02,  3.006002652717960E+01,  3.034972117701796E+01,  6.019650579635184E+04,
2461348.500000000, A.D. 2026-Nov-04 00:00:00.0000,  9.845949329175612E-03,  2.976693078800801E+01,  1.767706029366359E+00,  1.316849452060181E+02,  2.827704546431351E+02,  2.469828714783059E+06,  5.979547547150325E-03,  3.092921524946511E+02,  3.084121372893457E+02,  3.006292886227257E+01,  3.035892693653712E+01,  6.020522408448199E+04,
2461356.500000000, A.D. 2026-Nov-12 00:00:00.0000,  9.771873419519801E-03,  2.977550407193576E+01,  1.770424694355630E+00,  1.317942244411513E+02,  2.806722640967164E+02,  2.469503932673904E+06,  5.977635929624442E-03,  3.112976137142784E+02,  3.104495329660044E+02,  3.006933783506883E+01,  3.036317159820190E+01,  6.022447740851586E+04,
2461364.500000000, A.D. 2026-Nov-20 00:00:00.0000,  9.535919153757859E-03,  2.976666762672346E+01,  1.774874438401014E+00,  1.319722825539789E+02,  2.834369277544049E+02,  2.469986767684065E+06,  5.982435512154724E-03,  3.084178396115428E+02,  3.075553267667947E+02,  3.005325301780871E+01,  3.033983840889396E+01,  6.017616057349475E+04,
2461372.500000000, A.D. 2026-Nov-28 00:00:00.0000,  9.781846401312109E-03,  2.976850957508050E+01,  1.766507986442098E+00,  1.316356960304934E+02,  2.826016894369637E+02,  2.469793509889038E+06,  5.979652501510682E-03,  3.096452871517675E+02,  3.087754198805972E+02,  3.006257708656893E+01,  3.035664459805736E+01,  6.020416736742656E+04,
2461380.500000000, A.D. 2026-Dec-06 00:00:00.0000,  9.563087591031567E-03,  2.977421149645384E+01,  1.772876839921113E+00,  1.318928194017610E+02,  2.814799918796955E+02,  2.469653529534439E+06,  5.979915956205436E-03,  3.105279786808489E+02,  3.096885474106083E+02,  3.006169411036608E+01,  3.034917672427831E+01,  6.020151497721692E+04,
2461388.500000000, A.D. 2026-Dec-14 00:00:00.0000,  9.467431880727900E-03,  2.976416143366403E+01,  1.773068563235529E+00,  1.319005915610542E+02,  2.843537862423331E+02,  2.470125440026835E+06,  5.983811712101431E-03,  3.077197959394974E+02,  3.068554125539212E+02,  3.004864493267230E+01,  3.033312843168056E+01,  6.016232082836928E+04,
2461396.500000000, A.D. 2026-Dec-22 00:00:00.0000,  9.674312484839213E-03,  2.977068463488563E+01,  1.766505800703392E+00,  1.316346760945915E+02,  2.823463514468367E+02,  2.469752307427757E+06,  5.979971170163754E-03,  3.100325124785745E+02,  3.091770639048120E+02,  3.006150906736920E+01,  3.035233349985277E+01,  6.020095912772467E+04,
2461404.500000000, A.D. 2026-Dec-30 00:00:00.0000,  9.362707116889253E-03,  2.977183594736478E+01,  1.774809184433044E+00,  1.319710441652070E+02,  2.825971276692792E+02,  2.469850396365258E+06,  5.982446744215199E-03,  3.094728747876799E+02,  3.086385091457706E+02,  3.005321540108594E+01,  3.033459485480710E+01,  6.017604759258517E+04,
2461412.500000000, A.D. 2027-Jan-07 00:00:00.0000,  9.420215347533524E-03,  2.976334866073243E+01,  1.770734643471938E+00,  1.318064558293599E+02,  2.848002120118147E+02,  2.470183381664138E+06,  5.984484696844445E-03,  3.075107929031323E+02,  3.066483603287695E+02,  3.004639214515624E+01,  3.032943562958005E+01,  6.015555527944188E+04,
2461420.500000000, A.D. 2027-Jan-15 00:00:00.0000,  9.522239057410155E-03,  2.977275318994554E+01,  1.767744647581819E+00,  1.316844942138837E+02,  2.821830596500886E+02,  2.469734746293519E+06,  5.980725292174572E-03,  3.102747769069829E+02,  3.094358433683467E+02,  3.005898200239473E+01,  3.034521081484392E+01,  6.019336826438740E+04,
2461428.500000000, A.D. 2027-Jan-23 00:00:00.0000,  9.198928147534178E-03,  2.976894540438292E+01,  1.775712708227317E+00,  1.320082972187643E+02,  2.838115254189316E+02,  2.470056257869795E+06,  5.984801968484149E-03,  3.083645777172453E+02,  3.075321565028992E+02,  3.004533023841504E+01,  3.032171507244716E+01,  6.015236625969464E+04,
2461436.500000000, A.D. 2027-Jan-31 00:00:00.0000,  9.380874090238155E-03,  2.976441254593911E+01,  1.768489499296799E+00,  1.317145298487474E+02,  2.847401459487752E+02,  2.470158822697285E+06,  5.984520338382674E-03,  3.078010824201637E+02,  3.069455875118427E+02,  3.004627284841100E+01,  3.032813315088289E+01,  6.015519701572115E+04,
2461444.500000000, A.D. 2027-Feb-08 00:00:00.0000,  9.340966088777406E-03,  2.977403604133835E+01,  1.769844485333263E+00,  1.317699994560548E+02,  2.822706063820024E+02,  2.469764240422709E+06,  5.981980584683304E-03,  3.102314743217472E+02,  3.094081105958379E+02,  3.005477669121678E+01,  3.033551734109522E+01,  6.018073694885771E+04,
2461452.500000000, A.D. 2027-Feb-16 00:00:00.0000,  9.085705928582761E-03,  2.976614986214818E+01,  1.775330270735970E+00,  1.319937355682430E+02,  2.849170134313516E+02,  2.470235493719169E+06,  5.986671128104138E-03,  3.074191050831308E+02,  3.065864998884923E+02,  3.003907607372033E+01,  3.031200228529248E+01,  6.013358547624195E+04,
2461460.500000000, A.D. 2027-Feb-24 00:00:00.0000,  9.327326128360887E-03,  2.976689929496788E+01,  1.766960676214554E+00,  1.316508610638804E+02,  2.843207943006300E+02,  2.470080223909074E+06,  5.984255613118384E-03,  3.084173688135896E+02,  3.075738537481702E+02,  3.004715894568498E+01,  3.032741859640207E+01,  6.015785809864574E+04,
2461468.500000000, A.D. 2027-Mar-04 00:00:00.0000,  9.147280674472603E-03,  2.977418678235288E+01,  1.772282227502200E+00,  1.318698674714652E+02,  2.826920589206399E+02,  2.469850813605926E+06,  5.983689549357803E-03,  3.098428376767831E+02,  3.090321134389577E+02,  3.004905391249281E+01,  3.032392104263274E+01,  6.016354909967494E+04,
2461476.500000000, A.D. 2027-Mar-12 00:00:00.0000,  9.024416108335924E-03,  2.976438184007147E+01,  1.773822014774887E+00,  1.319329880132811E+02,  2.856418679100542E+02,  2.470344554796295E+06,  5.987760041335847E-03,  3.069002158463703E+02,  3.060676383083634E+02,  3.003543409534234E+01,  3.030648635061321E+01,  6.012264979137095E+04,
2461484.500000000, A.D. 2027-Mar-20 00:00:00.0000,  9.254055036261047E-03,  2.977018303829466E+01,  1.766565912928865E+00,  1.316335610715669E+02,  2.836903872030297E+02,  2.469974792395172E+06,  5.983929321825714E-03,  3.091946903856565E+02,  3.083668273406065E+02,  3.004825120872358E+01,  3.032631937915250E+01,  6.016113838225665E+04,
2461492.500000000, A.D. 2027-Mar-28 00:00:00.0000,  8.974871947074912E-03,  2.977311928998441E+01,  1.774379808793334E+00,  1.319563211355407E+02,  2.834137428468997E+02,  2.469984208587919E+06,  5.985573261257558E-03,  3.091722561337614E+02,  3.083692917597052E+02,  3.004274911624076E+01,  3.031237894249712E+01,  6.014461510815501E+04,
2461500.500000000, A.D. 2027-Apr-05 00:00:00.0000,  9.007774336814467E-03,  2.976406154927213E+01,  1.771560369784083E+00,  1.318403117399025E+02,  2.858748266815315E+02,  2.470367626288063E+06,  5.988007527580544E-03,  3.069035810390698E+02,  3.060725853833986E+02,  3.003460650698204E+01,  3.030515146469195E+01,  6.012016490324255E+04,
2461508.500000000, A.D. 2027-Apr-13 00:00:00.0000,  9.154952873005292E-03,  2.977318944617280E+01,  1.767358096045393E+00,  1.316656910561441E+02,  2.831420780461296E+02,  2.469891007154167E+06,  5.983920711324834E-03,  3.098397418273525E+02,  3.090282964359819E+02,  3.004828003379708E+01,  3.032337062142136E+01,  6.016122495050511E+04,
2461516.500000000, A.D. 2027-Apr-21 00:00:00.0000,  8.842413261982771E-03,  2.977091153981828E+01,  1.775549611313186E+00,  1.320051749503906E+02,  2.843829895684395E+02,  2.470151716666634E+06,  5.987439295955355E-03,  3.082971644011080E+02,  3.074964889656608E+02,  3.003650674540751E+01,  3.030210195099675E+01,  6.012587054422210E+04,
2461524.500000000, A.D. 2027-Apr-29 00:00:00.0000,  9.007915426691439E-03,  2.976507544956054E+01,  1.769184086243358E+00,  1.317414546415858E+02,  2.857057030449214E+02,  2.470323807817954E+06,  5.987700293431800E-03,  3.073123819964428E+02,  3.064857930897716E+02,  3.003563389951444E+01,  3.030619234946834E+01,  6.012324972158368E+04,
2461532.500000000, A.D. 2027-May-07 00:00:00.0000,  9.018641652766037E-03,  2.977501119732502E+01,  1.769183457015922E+00,  1.317413579894221E+02,  2.829698341652901E+02,  2.469876100024356E+06,  5.984606287503039E-03,  3.100668388338324E+02,  3.092701842128728E+02,  3.004598517068374E+01,  3.031695914404246E+01,  6.015433308482570E+04,
2461540.500000000, A.D. 2027-May-15 00:00:00.0000,  8.748086037388686E-03,  2.976813602304954E+01,  1.775554864585505E+00,  1.320063281025568E+02,  2.854489575083385E+02,  2.470326990286957E+06,  5.989131564868660E-03,  3.073765536779721E+02,  3.065746424711971E+02,  3.003084846923418E+01,  3.029356091541883E+01,  6.010888158004501E+04,
2461548.500000000, A.D. 2027-May-23 00:00:00.0000,  8.988585857702344E-03,  2.976728591284198E+01,  1.767395464992135E+00,  1.316658441169174E+02,  2.852511858253122E+02,  2.470237243348891E+06,  5.987208521499214E-03,  3.079786817804004E+02,  3.071611588578075E+02,  3.003727857020196E+01,  3.030727122756195E+01,  6.012818807083320E+04,
2461556.500000000, A.D. 2027-May-31 00:00:00.0000,  8.852663391231199E-03,  2.977550903182672E+01,  1.771546405303359E+00,  1.318400262570530E+02,  2.832310500860274E+02,  2.469936095238300E+06,  5.985959754705064E-03,  3.098400801428170E+02,  3.090556213477466E+02,  3.004145592894820E+01,  3.030740282606968E+01,  6.014073177104707E+04,
2461564.500000000, A.D. 2027-Jun-08 00:00:00.0000,  8.696979847820393E-03,  2.976590106726026E+01,  1.774346554379850E+00,  1.319569927854862E+02,  2.862819077733223E+02,  2.470455567690564E+06,  5.990269345914091E-03,  3.067401097607660E+02,  3.059362771631210E+02,  3.002704567841502E+01,  3.028819028956979E+01,  6.009746460658782E+04,
2461572.500000000, A.D. 2027-Jun-16 00:00:00.0000,  8.940869753761471E-03,  2.977023848331180E+01,  1.766599302457179E+00,  1.316312960341643E+02,  2.846325839197418E+02,  2.470130725876629E+06,  5.986750196259849E-03,  3.087640395534535E+02,  3.079595660199191E+02,  3.003881158525332E+01,  3.030738468719485E+01,  6.013279128046894E+04,
2461580.500000000, A.D. 2027-Jun-24 00:00:00.0000,  8.685603024518691E-03,  2.977449745004979E+01,  1.773758528213507E+00,  1.319329220345728E+02,  2.839406207795225E+02,  2.470068565312931E+06,  5.987778378399511E-03,  3.091753460447899E+02,  3.083984727634457E+02,  3.003537277466396E+01,  3.029624809927813E+01,  6.012246567085294E+04,
2461588.500000000, A.D. 2027-Jul-02 00:00:00.0000,  8.676358635783626E-03,  2.976474868477129E+01,  1.772276087929006E+00,  1.318707865016606E+02,  2.867552269657495E+02,  2.470519054979083E+06,  5.990804158695908E-03,  3.064987940918454E+02,  3.056943955431584E+02,  3.002525859648656E+01,  3.028576850820182E+01,  6.009209956854367E+04,
2461596.500000000, A.D. 2027-Jul-10 00:00:00.0000,  8.847676078889007E-03,  2.977309326324482E+01,  1.767052980846924E+00,  1.316496398113503E+02,  2.841121510340225E+02,  2.470049198811957E+06,  5.986733500853720E-03,  3.093959448498316E+02,  3.086069367971110E+02,  3.003886743206037E+01,  3.030464160087592E+01,  6.013295897481711E+04,
2461604.500000000, A.D. 2027-Jul-18 00:00:00.0000,  8.534230561894516E-03,  2.977228670274686E+01,  1.775284605229944E+00,  1.319975973661350E+02,  2.849909684829263E+02,  2.470252120313531E+06,  5.989817020836001E-03,  3.082023366562863E+02,  3.074287530482931E+02,  3.002855733448038E+01,  3.028482796621390E+01,  6.010200290721979E+04,
2461612.500000000, A.D. 2027-Jul-26 00:00:00.0000,  8.663688234964155E-03,  2.976519585708781E+01,  1.769947017881279E+00,  1.317723164648920E+02,  2.867757309475186E+02,  2.470506403659456E+06,  5.990784009614203E-03,  3.067185441738832E+02,  3.059175861850562E+02,  3.002532592001200E+01,  3.028545598293618E+01,  6.009230167908916E+04,
2461620.500000000, A.D. 2027-Aug-03 00:00:00.0000,  8.708575299388802E-03,  2.977527729918434E+01,  1.768622866558554E+00,  1.317158557251962E+02,  2.838591520673924E+02,  2.470019554450812E+06,  5.987335011872614E-03,  3.097120472200297E+02,  3.089390232479942E+02,  3.003685551721285E+01,  3.029843373524137E+01,  6.012691778331031E+04,
2461628.500000000, A.D. 2027-Aug-11 00:00:00.0000,  8.416439543218107E-03,  2.976960579532658E+01,  1.775687688421359E+00,  1.320154781544369E+02,  2.861311220539018E+02,  2.470442499217500E+06,  5.991693765756978E-03,  3.071892158371165E+02,  3.064159980899695E+02,  3.002228655506647E+01,  3.027496731480636E+01,  6.008317749105096E+04,
2461636.500000000, A.D. 2027-Aug-19 00:00:00.0000,  8.638491253350030E-03,  2.976726748037805E+01,  1.767959279154808E+00,  1.316869673483704E+02,  2.863734505348736E+02,  2.470426817016945E+06,  5.990387017473602E-03,  3.073425990622140E+02,  3.065504454502928E+02,  3.002665245497776E+01,  3.028603742957746E+01,  6.009628408814011E+04,
2461644.500000000, A.D. 2027-Aug-27 00:00:00.0000,  8.537982626647162E-03,  2.977643572774976E+01,  1.770870523066467E+00,  1.318115028479291E+02,  2.839644322736275E+02,  2.470053581767312E+06,  5.988531145588757E-03,  3.096419519306492E+02,  3.088834120620534E+02,  3.003285572818562E+01,  3.028927572862147E+01,  6.011490818832618E+04,
2461652.500000000, A.D. 2027-Sep-04 00:00:00.0000,  8.344990486337231E-03,  2.976745384147751E+01,  1.774868922702153E+00,  1.319817529443622E+02,  2.870254805029745E+02,  2.470583875271261E+06,  5.992991190018027E-03,  3.064743466845908E+02,  3.057006182402195E+02,  3.001795337682644E+01,  3.026845291217538E+01,  6.007017006793182E+04,
2461660.500000000, A.D. 2027-Sep-12 00:00:00.0000,  8.593073372381037E-03,  2.977053168658862E+01,  1.766869398128421E+00,  1.316391953396616E+02,  2.856550498969494E+02,  2.470301768363960E+06,  5.989813414772321E-03,  3.082404148329078E+02,  3.074618652760505E+02,  3.002856938659527E+01,  3.028660708660192E+01,  6.010203909059228E+04,
2461668.500000000, A.D. 2027-Sep-20 00:00:00.0000,  8.366659121320844E-03,  2.977635990630716E+01,  1.773211372047203E+00,  1.319116691915223E+02,  2.844369126747446E+02,  2.470148493098171E+06,  5.990106309076824E-03,  3.092039398417148E+02,  3.084560833436043E+02,  3.002759052042618E+01,  3.027882113454519E+01,  6.009910032055541E+04,
2461676.500000000, A.D. 2027-Sep-28 00:00:00.0000,  8.319065530540360E-03,  2.976654203151764E+01,  1.773065246409004E+00,  1.319054919312503E+02,  2.874542145490427E+02,  2.470641755710787E+06,  5.993501584027028E-03,  3.062667256961918E+02,  3.054933783076407E+02,  3.001624917538873E+01,  3.026595631925982E+01,  6.006505461839160E+04,
2461684.500000000, A.D. 2027-Oct-06 00:00:00.0000,  8.521068754461155E-03,  2.977413380253508E+01,  1.766943702933709E+00,  1.316414475599899E+02,  2.848550313439786E+02,  2.470171682163234E+06,  5.989378905933472E-03,  3.091670501807084E+02,  3.084049032393123E+02,  3.003002168198524E+01,  3.028590956143539E+01,  6.010639928680423E+04,
2461692.500000000, A.D. 2027-Oct-14 00:00:00.0000,  8.222961889903652E-03,  2.977507420023131E+01,  1.774965322263619E+00,  1.319872861509656E+02,  2.852183639987225E+02,  2.470289817566341E+06,  5.991796465733234E-03,  3.084866229912139E+02,  3.077443220137259E+02,  3.002194349747186E+01,  3.026881279471241E+01,  6.008214765952430E+04,
2461700.500000000, A.D. 2027-Oct-22 00:00:00.0000,  8.323458254127567E-03,  2.976708970335153E+01,  1.770743250001305E+00,  1.318057305424857E+02,  2.873844099832913E+02,  2.470613982642951E+06,  5.993296355174645E-03,  3.065788569640903E+02,  3.058081672705985E+02,  3.001693440377827E+01,  3.026677910420500E+01,  6.006711143011874E+04,
2461708.500000000, A.D. 2027-Oct-30 00:00:00.0000,  8.415140046845900E-03,  2.977702217381796E+01,  1.768156547480491E+00,  1.316933837003529E+02,  2.842980211268520E+02,  2.470089692820682E+06,  5.989467208070013E-03,  3.098011204360155E+02,  3.090552738232086E+02,  3.002972652812058E+01,  3.028243088242320E+01,  6.010551314396508E+04,
2461716.500000000, A.D. 2027-Nov-07 00:00:00.0000,  8.115028030922143E-03,  2.977283367812745E+01,  1.775710746156193E+00,  1.320201468773597E+02,  2.862220859394035E+02,  2.470460308838177E+06,  5.993451094252894E-03,  3.075944093508938E+02,  3.068530267397835E+02,  3.001641774955294E+01,  3.026000182097843E+01,  6.006556061585338E+04,
2461724.500000000, A.D. 2027-Nov-15 00:00:00.0000,  8.323639713444415E-03,  2.976903157411711E+01,  1.768610872942271E+00,  1.317126998639702E+02,  2.869209264418638E+02,  2.470522909076656E+06,  5.992708294691832E-03,  3.072737009462336E+02,  3.065099090052977E+02,  3.001889806621489E+01,  3.026876455831268E+01,  6.007300577584890E+04,
2461732.500000000, A.D. 2027-Nov-23 00:00:00.0000,  8.273465503758288E-03,  2.977877473887345E+01,  1.770224076825497E+00,  1.317830296347153E+02,  2.841410721017710E+02,  2.470079602068264E+06,  5.990222037278188E-03,  3.099990052432768E+02,  3.092678924196819E+02,  3.002720377346755E+01,  3.027563280806165E+01,  6.009793923491612E+04,
2461740.500000000, A.D. 2027-Dec-01 00:00:00.0000,  8.052159565230581E-03,  2.977065936215691E+01,  1.775248895138703E+00,  1.320011954991707E+02,  2.871101525137000E+02,  2.470603063781742E+06,  5.994677602779692E-03,  3.068717873943819E+02,  3.061291748919489E+02,  3.001232337892732E+01,  3.025398739569775E+01,  6.005327122730844E+04,
2461748.500000000, A.D. 2027-Dec-09 00:00:00.0000,  8.308253612783565E-03,  2.977210560238793E+01,  1.767182985055291E+00,  1.316493071132961E+02,  2.861441784462921E+02,  2.470385499014792E+06,  5.991919626768100E-03,  3.082477960868875E+02,  3.074952927212468E+02,  3.002153210496027E+01,  3.027095860753260E+01,  6.008091269978791E+04,
2461756.500000000, A.D. 2027-Dec-17 00:00:00.0000,  8.121089803296346E-03,  2.977903419807847E+01,  1.772517733911347E+00,  1.318830843633242E+02,  2.844615767319465E+02,  2.470149492530060E+06,  5.991524353396570E-03,  3.097131808582707E+02,  3.089926546432599E+02,  3.002285247921328E+01,  3.026667076034810E+01,  6.008487636304398E+04,
2461764.500000000, A.D. 2027-Dec-25 00:00:00.0000,  8.031305274918693E-03,  2.976914578101707E+01,  1.773669391812029E+00,  1.319333703319736E+02,  2.877035999677588E+02,  2.470689274447193E+06,  5.995323858025092E-03,  3.064930868292498E+02,  3.057487934724249E+02,  3.001016659025457E+01,  3.025118739949207E+01,  6.004679789201360E+04,
2461772.500000000, A.D. 2028-Jan-02 00:00:00.0000,  8.256268899810919E-03,  2.977538151898257E+01,  1.766842307478829E+00,  1.316332848337871E+02,  2.853656231127468E+02,  2.470255760071148E+06,  5.991401873842239E-03,  3.091733797134322E+02,  3.084351369236978E+02,  3.002326164033456E+01,  3.027114176168654E+01,  6.008610465135347E+04,
2461780.500000000, A.D. 2028-Jan-10 00:00:00.0000,  7.970454735487213E-03,  2.977772961076610E+01,  1.774465521186877E+00,  1.319686001803290E+02,  2.852861674573655E+02,  2.470299587192729E+06,  5.993283124658049E-03,  3.089426984903251E+02,  3.082278633191189E+02,  3.001697857983274E+01,  3.025622754889938E+01,  6.006724403171593E+04,
2461788.500000000, A.D. 2028-Jan-18 00:00:00.0000,  8.026627148546588E-03,  2.976884527690700E+01,  1.771473198103523E+00,  1.318374664879807E+02,  2.879079401425332E+02,  2.470707069421681E+06,  5.995457050336240E-03,  3.065291000818719E+02,  3.057855850632598E+02,  3.000972212725396E+01,  3.025059897760092E+01,  6.004546392002096E+04,
2461796.500000000, A.D. 2028-Jan-26 00:00:00.0000,  8.150195263370011E-03,  2.977820196645956E+01,  1.767728379091679E+00,  1.316717073620588E+02,  2.848270274731890E+02,  2.470174552990568E+06,  5.991511799016671E-03,  3.098027966542260E+02,  3.090806027238953E+02,  3.002289441834058E+01,  3.026758687022160E+01,  6.008500226254805E+04,
2461804.500000000, A.D. 2028-Feb-03 00:00:00.0000,  7.835820961057300E-03,  2.977544852531597E+01,  1.775558535075667E+00,  1.320172562411743E+02,  2.864157241397053E+02,  2.470493516470943E+06,  5.995192106085136E-03,  3.079076770437621E+02,  3.071949476584309E+02,  3.001060626292503E+01,  3.024576400053410E+01,  6.004811749645170E+04,
2461812.500000000, A.D. 2028-Feb-11 00:00:00.0000,  8.012636437336467E-03,  2.977021002592522E+01,  1.769245478836002E+00,  1.317386818285168E+02,  2.876533041544213E+02,  2.470649321266805E+06,  5.995171613363038E-03,  3.070217399888870E+02,  3.062842318115038E+02,  3.001067465114403E+01,  3.025113927636283E+01,  6.004832275319224E+04,
2461820.500000000, A.D. 2028-Feb-19 00:00:00.0000,  7.996853069299172E-03,  2.978027597880440E+01,  1.769549543515785E+00,  1.317521406564353E+02,  2.846162269468729E+02,  2.470154204877562E+06,  5.992275262409135E-03,  3.100621464179651E+02,  3.093562818076646E+02,  3.002034426094898E+01,  3.026041254309356E+01,  6.007734695673269E+04,
2461828.500000000, A.D. 2028-Feb-27 00:00:00.0000,  7.739080114843646E-03,  2.977319448644620E+01,  1.775454294451646E+00,  1.320136526041972E+02,  2.874705230589637E+02,  2.470666388169792E+06,  5.996749897529049E-03,  3.070013950234296E+02,  3.062890232542577E+02,  3.000540874863048E+01,  3.023762301081476E+01,  6.003251863952795E+04,
2461836.500000000, A.D. 2028-Mar-06 00:00:00.0000,  7.980658889390120E-03,  2.977312112181994E+01,  1.767568473589227E+00,  1.316630889100476E+02,  2.869674772046352E+02,  2.470524881405860E+06,  5.994582208175548E-03,  3.079167834065863E+02,  3.071908883170909E+02,  3.001264177822138E+01,  3.025216243462281E+01,  6.005422688323863E+04,
2461844.500000000, A.D. 2028-Mar-14 00:00:00.0000,  7.821484355344934E-03,  2.978123698018539E+01,  1.771826389591425E+00,  1.318534075788905E+02,  2.848059920973676E+02,  2.470203041779567E+06,  5.993574207142452E-03,  3.099024595806687E+02,  3.092105709977244E+02,  3.001600670705455E+01,  3.025077643392371E+01,  6.006432682037929E+04,
2461852.500000000, A.D. 2028-Mar-22 00:00:00.0000,  7.683910073273841E-03,  2.977181151408781E+01,  1.774235270996814E+00,  1.319605861747687E+02,  2.881598715329393E+02,  2.470771007769796E+06,  5.997667921372130E-03,  3.065097520425869E+02,  3.057979879632006E+02,  3.000234684926473E+01,  3.023288218444165E+01,  6.002332985412108E+04,
2461860.500000000, A.D. 2028-Mar-30 00:00:00.0000,  7.919308316612016E-03,  2.977699681775842E+01,  1.766918438815438E+00,  1.316328675964831E+02,  2.860227715011121E+02,  2.470365630542984E+06,  5.993967882181884E-03,  3.090205206915890E+02,  3.083110738129106E+02,  3.001469242106915E+01,  3.025238802437987E+01,  6.006038188328683E+04,
2461868.500000000, A.D. 2028-Apr-07 00:00:00.0000,  7.653019991219668E-03,  2.978112144160245E+01,  1.773939604064943E+00,  1.319479437755319E+02,  2.853360607680011E+02,  2.470306516370291E+06,  5.995135654741322E-03,  3.094129472031790E+02,  3.087312845014663E+02,  3.001079465303451E+01,  3.024046786446657E+01,  6.004868292100944E+04,
2461876.500000000, A.D. 2028-Apr-15 00:00:00.0000,  7.666709980718076E-03,  2.977202563085563E+01,  1.772204582053142E+00,  1.318704643304692E+02,  2.882505642741654E+02,  2.470771235382341E+06,  5.997759157625922E-03,  3.066515194059064E+02,  3.059426468582495E+02,  3.000204259022404E+01,  3.023205954959244E+01,  6.002241679582511E+04,
2461884.500000000, A.D. 2028-Apr-23 00:00:00.0000,  7.828264792818186E-03,  2.978095116252124E+01,  1.767418952719017E+00,  1.316545629772732E+02,  2.850694828702041E+02,  2.470213606442451E+06,  5.993599050920908E-03,  3.100786755315074E+02,  3.093879515002008E+02,  3.001592376172909E+01,  3.025089636093695E+01,  6.006407785063409E+04,
2461892.500000000, A.D. 2028-May-01 00:00:00.0000,  7.516131781358529E-03,  2.978008803188655E+01,  1.775307000417405E+00,  1.320097453983551E+02,  2.861035165905139E+02,  2.470443346004178E+06,  5.996688312454331E-03,  3.087232417051507E+02,  3.080473310546481E+02,  3.000561418226102E+01,  3.023114033263549E+01,  6.003313516434187E+04,
2461900.500000000, A.D. 2028-May-09 00:00:00.0000,  7.667172484135940E-03,  2.977398748207624E+01,  1.769944181006450E+00,  1.317685715909510E+02,  2.877398267734505E+02,  2.470670895578410E+06,  5.997162173107019E-03,  3.074025153939739E+02,  3.067005032391184E+02,  3.000403358277519E+01,  3.023407968347414E+01,  6.002839169738352E+04,
2461908.500000000, A.D. 2028-May-17 00:00:00.0000,  7.707380002387547E-03,  2.978431746130969E+01,  1.768975373256983E+00,  1.317245332578422E+02,  2.843223787128522E+02,  2.470103407084601E+06,  5.993678187089515E-03,  3.108823641618046E+02,  3.102103950717036E+02,  3.001565955552642E+01,  3.024700164974314E+01,  6.006328480822447E+04,
2461916.500000000, A.D. 2028-May-25 00:00:00.0000,  7.431678886075076E-03,  2.977890698676909E+01,  1.775588185369416E+00,  1.320233159245587E+02,  2.867895805574034E+02,  2.470558590265591E+06,  5.997810534379306E-03,  3.081663799659823E+02,  3.074929799813543E+02,  3.000187125995444E+01,  3.022483553313979E+01,  6.002190264872300E+04,
2461924.500000000, A.D. 2028-Jun-02 00:00:00.0000,  7.676904506397412E-03,  2.977754549379086E+01,  1.768061607163893E+00,  1.316823545131112E+02,  2.866658107684890E+02,  2.470480758263106E+06,  5.995999129069352E-03,  3.086966829063281E+02,  3.080059735858086E+02,  3.000791337923953E+01,  3.023828126468819E+01,  6.004003540538807E+04,
2461932.500000000, A.D. 2028-Jun-10 00:00:00.0000,  7.579815764314030E-03,  2.978655274020399E+01,  1.771124185012987E+00,  1.318219759167150E+02,  2.839176730720038E+02,  2.470053836359486E+06,  5.994159205899990E-03,  3.113194168965748E+02,  3.106629848506695E+02,  3.001405373787732E+01,  3.024155473555065E+01,  6.005846485452967E+04,
2461940.500000000, A.D. 2028-Jun-18 00:00:00.0000,  7.410464454627535E-03,  2.977812280814644E+01,  1.774656815826764E+00,  1.319822695388676E+02,  2.871680042912726E+02,  2.470614030972329E+06,  5.998239753782945E-03,  3.079740817161056E+02,  3.073008641486018E+02,  3.000044000240747E+01,  3.022275719666850E+01,  6.001760762779725E+04,
2461948.500000000, A.D. 2028-Jun-26 00:00:00.0000,  7.680099528027106E-03,  2.978176880163625E+01,  1.767019564213879E+00,  1.316336212024859E+02,  2.853421358016268E+02,  2.470255843055729E+06,  5.994694796710352E-03,  3.102000138093329E+02,  3.095236420291794E+02,  3.001226599151270E+01,  3.024276318138914E+01,  6.005309898304640E+04,
2461956.500000000, A.D. 2028-Jul-04 00:00:00.0000,  7.459754061329251E-03,  2.978719932699834E+01,  1.773267958423513E+00,  1.319197622967013E+02,  2.840146114171363E+02,  2.470086514022137E+06,  5.995051781183286E-03,  3.112601449555437E+02,  3.106135921115372E+02,  3.001107456234969E+01,  3.023494979770105E+01,  6.004952302996526E+04,
2461964.500000000, A.D. 2028-Jul-12 00:00:00.0000,  7.434462196391183E-03,  2.977808685984631E+01,  1.772807053079885E+00,  1.318988254265855E+02,  2.871740922104049E+02,  2.470601191038727E+06,  5.998033088079485E-03,  3.081968413781958E+02,  3.075234666965586E+02,  3.000112912013904E+01,  3.022417138043177E+01,  6.001967556922375E+04,
2461972.500000000, A.D. 2028-Jul-20 00:00:00.0000,  7.649796540984166E-03,  2.978569006869141E+01,  1.767148350097265E+00,  1.316385632925976E+02,  2.841481173421835E+02,  2.470061122891691E+06,  5.993785581591268E-03,  3.115185287368517E+02,  3.108580093963024E+02,  3.001530101456926E+01,  3.024491196044711E+01,  6.006220861581521E+04,
2461980.500000000, A.D. 2028-Jul-28 00:00:00.0000,  7.352463514582411E-03,  2.978637036232375E+01,  1.774889477210364E+00,  1.319943240940862E+02,  2.846016249776065E+02,  2.470195676072436E+06,  5.996274186204292E-03,  3.107395517817271E+02,  3.100973424372544E+02,  3.000699570341535E+01,  3.022762104450695E+01,  6.003728128848023E+04,
2461988.500000000, A.D. 2028-Aug-05 00:00:00.0000,  7.471948103471929E-03,  2.977927353658772E+01,  1.770583703642332E+00,  1.317969169198025E+02,  2.867492644919670E+02,  2.470514616135309E+06,  5.997334802279462E-03,  3.088660269734314E+02,  3.081954452324880E+02,  3.000345781631594E+01,  3.022764209604416E+01,  6.002666382126464E+04,
2461996.500000000, A.D. 2028-Aug-13 00:00:00.0000,  7.574842615879585E-03,  2.978889147759858E+01,  1.768382341141847E+00,  1.316949558793238E+02,  2.832613141123868E+02,  2.469925419118257E+06,  5.993498365152003E-03,  3.124780362273039E+02,  3.118337399606988E+02,  3.001625992242830E+01,  3.024362836725802E+01,  6.006508687699790E+04,
2462004.500000000, A.D. 2028-Aug-21 00:00:00.0000,  7.279723736427132E-03,  2.978482678827322E+01,  1.775489436663732E+00,  1.320226962440893E+02,  2.853665007855332E+02,  2.470326219392406E+06,  5.997399480962799E-03,  3.100913244352658E+02,  3.094494019811916E+02,  3.000324210197272E+01,  3.022165741567222E+01,  6.002601646642471E+04,
2462012.500000000, A.D. 2028-Aug-29 00:00:00.0000,  7.509429481915558E-03,  2.978173145303109E+01,  1.768519799205934E+00,  1.317008260017194E+02,  2.858991582012322E+02,  2.470359288353075E+06,  5.996252692752383E-03,  3.099505478620395E+02,  3.092868918026501E+02,  3.000706740970335E+01,  3.023240336637560E+01,  6.003749649095489E+04,
2462020.500000000, A.D. 2028-Sep-06 00:00:00.0000,  7.464528615802700E-03,  2.979079990105371E+01,  1.770353488590897E+00,  1.317860943684153E+02,  2.828781158125381E+02,  2.469878175048306E+06,  5.993921703231408E-03,  3.129017109910195E+02,  3.122711401540999E+02,  3.001484658226596E+01,  3.023889326347821E+01,  6.006084460628153E+04,
2462028.500000000, A.D. 2028-Sep-14 00:00:00.0000,  7.245492345593729E-03,  2.978315975749213E+01,  1.774931340051334E+00,  1.319980370219848E+02,  2.860901022773193E+02,  2.470441049174264E+06,  5.998213255949662E-03,  3.095397360266046E+02,  3.088957452376169E+02,  3.000052835605973E+01,  3.021789695462733E+01,  6.001787276284549E+04,
2462036.500000000, A.D. 2028-Sep-22 00:00:00.0000,  7.517545052000082E-03,  2.978496761183179E+01,  1.767223385521238E+00,  1.316393385467495E+02,  2.848495080285260E+02,  2.470177088073056E+06,  5.995201938678696E-03,  3.111955306024302E+02,  3.105432989058333E+02,  3.001057344977684E+01,  3.023617928772190E+01,  6.004801901290780E+04,
2462044.500000000, A.D. 2028-Sep-30 00:00:00.0000,  7.327376248542879E-03,  2.979129589997724E+01,  1.772578146429003E+00,  1.318895923174836E+02,  2.830635121590558E+02,  2.469926376462350E+06,  5.995014420160533E-03,  3.127480369502874E+02,  3.121275952196315E+02,  3.001119924854130E+01,  3.023110259710534E+01,  6.004989725952318E+04,
2462052.500000000, A.D. 2028-Oct-08 00:00:00.0000,  7.241572862379832E-03,  2.978227217021475E+01,  1.773387649799978E+00,  1.319273079976285E+02,  2.864807098318613E+02,  2.470493525728922E+06,  5.998516924752257E-03,  3.093663643027936E+02,  3.087211328779463E+02,  2.999951585007921E+01,  3.021675952994368E+01,  6.001483441923741E+04,
2462060.500000000, A.D. 2028-Oct-16 00:00:00.0000,  7.479696724722038E-03,  2.978848779701334E+01,  1.767017585262050E+00,  1.316286216793646E+02,  2.837871881811699E+02,  2.470001371889516E+06,  5.994482149631998E-03,  3.123985852057834E+02,  3.117616319211226E+02,  3.001297575345563E+01,  3.023746370989791E+01,  6.005522929484418E+04,
2462068.500000000, A.D. 2028-Oct-24 00:00:00.0000,  7.187053335776194E-03,  2.979059458959794E+01,  1.774415291434960E+00,  1.319756375782940E+02,  2.837159934968374E+02,  2.470048374063197E+06,  5.996497378363251E-03,  3.121487061003738E+02,  3.115344116972592E+02,  3.000625111678093E+01,  3.022190764396393E+01,  6.003504667557484E+04,
2462076.500000000, A.D. 2028-Nov-01 00:00:00.0000,  7.251937053540563E-03,  2.978281484079568E+01,  1.771262253917808E+00,  1.318282521120973E+02,  2.863576859679527E+02,  2.470457053864801E+06,  5.998259045576606E-03,  3.097312669735142E+02,  3.090884672115025E+02,  3.000037567678631E+01,  3.021793651277693E+01,  6.001741459723729E+04,
2462084.500000000, A.D. 2028-Nov-09 00:00:00.0000,  7.391230969255458E-03,  2.979182252175503E+01,  1.767944248731028E+00,  1.316715625098202E+02,  2.828720409485493E+02,  2.469858834599848E+06,  5.994277033690357E-03,  3.133984846559064E+02,  3.127791620015288E+02,  3.001366041813828E+01,  3.023549831452154E+01,  6.005728430245192E+04,
2462092.500000000, A.D. 2028-Nov-17 00:00:00.0000,  7.073762162529218E-03,  2.978934168275279E+01,  1.775379605866426E+00,  1.320215145296548E+02,  2.845285752196465E+02,  2.470189902269918E+06,  5.997902187615893E-03,  3.114325732112512E+02,  3.108212785141294E+02,  3.000156562246966E+01,  3.021378956218653E+01,  6.002098546110110E+04,
2462100.500000000, A.D. 2028-Nov-25 00:00:00.0000,  7.268371813162951E-03,  2.978508757918835E+01,  1.769158089373352E+00,  1.317286344347601E+02,  2.856153297940273E+02,  2.470318897221942E+06,  5.997423584348925E-03,  3.107107906755791E+02,  3.100756977232304E+02,  3.000316171409686E+01,  3.022123584900537E+01,  6.002577522445936E+04,
2462108.500000000, A.D. 2028-Dec-03 00:00:00.0000,  7.269983064262777E-03,  2.979449327550462E+01,  1.769755001482288E+00,  1.317568987534903E+02,  2.822276330501508E+02,  2.469767803435351E+06,  5.994569262703110E-03,  3.140857750527302E+02,  3.134835800533908E+02,  3.001268498707370E+01,  3.023087669864278E+01,  6.005435657234636E+04,
2462116.500000000, A.D. 2028-Dec-11 00:00:00.0000,  7.010867454457502E-03,  2.978822145877124E+01,  1.775205671825205E+00,  1.320143831140386E+02,  2.851729576100278E+02,  2.470294837976622E+06,  5.998810455784113E-03,  3.109397006349051E+02,  3.103293302540438E+02,  2.999853722709803E+01,  3.020885299542483E+01,  6.001189780098559E+04,
2462124.500000000, A.D. 2028-Dec-19 00:00:00.0000,  7.280929469065529E-03,  2.978869671566872E+01,  1.767605303222296E+00,  1.316538672777335E+02,  2.843819108004309E+02,  2.470104278106981E+06,  5.996219887874883E-03,  3.121514958140932E+02,  3.115291558523779E+02,  3.000717685390779E+01,  3.022565699214686E+01,  6.003782495167758E+04,
2462132.500000000, A.D. 2028-Dec-27 00:00:00.0000,  7.138513832489621E-03,  2.979607242843759E+01,  1.771912691657129E+00,  1.318592845357018E+02,  2.819811840349200E+02,  2.469744901609180E+06,  5.995283466544547E-03,  3.143614944917824E+02,  3.137730014011529E+02,  3.001030137995558E+01,  3.022453033147357E+01,  6.004720243986900E+04,
2462140.500000000, A.D. 2029-Jan-04 00:00:00.0000,  7.002895281497516E-03,  2.978777921822060E+01,  1.773919696731780E+00,  1.319545650110506E+02,  2.854234192193296E+02,  2.470326165686511E+06,  5.999016290730634E-03,  3.108940581961436E+02,  3.102839680031173E+02,  2.999785102763711E+01,  3.020792283705362E+01,  6.000983870576466E+04,
2462148.500000000, A.D. 2029-Jan-12 00:00:00.0000,  7.272000566414421E-03,  2.979274430814770E+01,  1.767023971229826E+00,  1.316249223180787E+02,  2.829902604499990E+02,  2.469871286289264E+06,  5.995078856959413E-03,  3.137012872004139E+02,  3.130950493450886E+02,  3.001098420226523E+01,  3.022922409638276E+01,  6.004925182628624E+04,
2462156.500000000, A.D. 2029-Jan-20 00:00:00.0000,  7.009885627378231E-03,  2.979637689086400E+01,  1.773885605493416E+00,  1.319534777503758E+02,  2.822104382659170E+02,  2.469798713015608E+06,  5.996356656654306E-03,  3.141745651122925E+02,  3.135949124495434E+02,  3.000672057011318E+01,  3.021706424936237E+01,  6.003645557015009E+04,
2462164.500000000, A.D. 2029-Jan-28 00:00:00.0000,  7.028703653540994E-03,  2.978853990197780E+01,  1.771939435712071E+00,  1.318607255031289E+02,  2.851477400548010E+02,  2.470265391214076E+06,  5.998552640198244E-03,  3.114063776198445E+02,  3.107987561783340E+02,  2.999939677167087E+01,  3.021025364136394E+01,  6.001447709027732E+04,
2462172.500000000, A.D. 2029-Feb-05 00:00:00.0000,  7.227039619261225E-03,  2.979669304766706E+01,  1.767593708415454E+00,  1.316514532934618E+02,  2.816556502332010E+02,  2.469656881933523E+06,  5.994294372010408E-03,  3.151364114979081E+02,  3.145484579460389E+02,  3.001360254235743E+01,  3.023051203704781E+01,  6.005711058852465E+04,
2462180.500000000, A.D. 2029-Feb-13 00:00:00.0000,  6.913999082627115E-03,  2.979592411801850E+01,  1.775112526502847E+00,  1.320127280325654E+02,  2.826581094906847E+02,  2.469882465212237E+06,  5.997361920345940E-03,  3.138085271243028E+02,  3.132333374779890E+02,  3.000336737250775E+01,  3.021081062699700E+01,  6.002639240074983E+04,
2462188.500000000, A.D. 2029-Feb-21 00:00:00.0000,  7.082510191018021E-03,  2.979076389918080E+01,  1.769741528288389E+00,  1.317549020574957E+02,  2.842495633171927E+02,  2.470100351827985E+06,  5.997393421765044E-03,  3.125495118928656E+02,  3.119480256030620E+02,  3.000326231025697E+01,  3.021576072133315E+01,  6.002607711102122E+04,
2462196.500000000, A.D. 2029-Mar-01 00:00:00.0000,  7.155401159983059E-03,  2.979983881744905E+01,  1.769085460858862E+00,  1.317230402349169E+02,  2.806189544015095E+02,  2.469498840692764E+06,  5.993993961730190E-03,  3.162298139810753E+02,  3.156589232676096E+02,  3.001460535945452E+01,  3.022937190146000E+01,  6.006012056376589E+04,
2462204.500000000, A.D. 2029-Mar-09 00:00:00.0000,  6.868854921880226E-03,  2.979501882710033E+01,  1.775227670379164E+00,  1.320192585545896E+02,  2.831588655904338E+02,  2.469965993098378E+06,  5.998044227453003E-03,  3.134462211248564E+02,  3.128713776632051E+02,  3.000109197537718E+01,  3.020716512365403E+01,  6.001956410262578E+04,
2462212.500000000, A.D. 2029-Mar-17 00:00:00.0000,  7.136513266117650E-03,  2.979394405716608E+01,  1.767939833029862E+00,  1.316667303262254E+02,  2.829760945159618E+02,  2.469876612388745E+06,  5.995944022214132E-03,  3.140464111371272E+02,  3.134549499077056E+02,  3.000809724121899E+01,  3.022225042527190E+01,  6.004058721466552E+04,
2462220.500000000, A.D. 2029-Mar-25 00:00:00.0000,  7.055111138851987E-03,  2.980169036059844E+01,  1.771138263739912E+00,  1.318224245993783E+02,  2.801172334553967E+02,  2.469433299305701E+06,  5.994343514501695E-03,  3.167640032604712E+02,  3.162066354068284E+02,  3.001343850490967E+01,  3.022518664922090E+01,  6.005661823168412E+04,
2462228.500000000, A.D. 2029-Apr-02 00:00:00.0000,  6.867792723601734E-03,  2.979428568554115E+01,  1.774261738072450E+00,  1.319737364213479E+02,  2.834894802373694E+02,  2.470012795535127E+06,  5.998275240808596E-03,  3.133076528245086E+02,  3.127315926388698E+02,  3.000032167645643E+01,  3.020635766737172E+01,  6.001725255133012E+04,
2462236.500000000, A.D. 2029-Apr-10 00:00:00.0000,  7.161066986036680E-03,  2.979759887821929E+01,  1.767044067337844E+00,  1.316218536956802E+02,  2.815619890077649E+02,  2.469637022010542E+06,  5.994618529194484E-03,  3.156366936298929E+02,  3.150592422857247E+02,  3.001252054828536E+01,  3.022744221835142E+01,  6.005386301843203E+04,
2462244.500000000, A.D. 2029-Apr-18 00:00:00.0000,  6.937353203879897E-03,  2.980226301869542E+01,  1.773192158337903E+00,  1.319224644025319E+02,  2.801693692988420E+02,  2.469458892149547E+06,  5.995237087404364E-03,  3.167480086219563E+02,  3.161998409464041E+02,  3.001045615283721E+01,  3.021864928697900E+01,  6.004766696488761E+04,
2462252.500000000, A.D. 2029-Apr-26 00:00:00.0000,  6.897821006339267E-03,  2.979449308247581E+01,  1.772456380201503E+00,  1.318867296252249E+02,  2.833909880944898E+02,  2.469982178720180E+06,  5.997940570380686E-03,  3.136378464082213E+02,  3.130623842596609E+02,  3.000143762917470E+01,  3.020838217587359E+01,  6.002060136737084E+04,
2462260.500000000, A.D. 2029-May-04 00:00:00.0000,  7.142318275096463E-03,  2.980131195461960E+01,  1.767237237062893E+00,  1.316303349512624E+02,  2.801754775984929E+02,  2.469410886654756E+06,  5.993667992392477E-03,  3.171429563741581E+02,  3.165826130680200E+02,  3.001569359149785E+01,  3.023007522837610E+01,  6.006338697053851E+04,
2462268.500000000, A.D. 2029-May-12 00:00:00.0000,  6.832820744252971E-03,  2.980194073633504E+01,  1.774655331103513E+00,  1.319943682370925E+02,  2.805724895635461E+02,  2.469537444014640E+06,  5.996280990235399E-03,  3.164133691859276E+02,  3.158701892495948E+02,  3.000697300394867E+01,  3.021200527156228E+01,  6.003721316366584E+04,
2462276.500000000, A.D. 2029-May-20 00:00:00.0000,  6.951167716405800E-03,  2.979605501948173E+01,  1.770296999206704E+00,  1.317809491236586E+02,  2.827110924986513E+02,  2.469852918059643E+06,  5.996985705353157E-03,  3.145643291985393E+02,  3.139933491339297E+02,  3.000462218052595E+01,  3.021318934157017E+01,  6.003015809736701E+04,
2462284.500000000, A.D. 2029-May-28 00:00:00.0000,  7.081155983396024E-03,  2.980451460011502E+01,  1.768481067903390E+00,  1.316910888265081E+02,  2.790246312101244E+02,  2.469232174686896E+06,  5.993255698173539E-03,  3.183608090937075E+02,  3.178180762242041E+02,  3.001707015605459E+01,  3.022962571199417E+01,  6.006751891291923E+04,
2462292.500000000, A.D. 2029-Jun-05 00:00:00.0000,  6.764760457947956E-03,  2.980120676903619E+01,  1.775165503566677E+00,  1.320202709116263E+02,  2.810745113294922E+02,  2.469624502066260E+06,  5.997118921016099E-03,  3.160291116795025E+02,  3.154876201882636E+02,  3.000417784489457E+01,  3.020714892075295E+01,  6.002882463084536E+04,
2462300.500000000, A.D. 2029-Jun-13 00:00:00.0000,  7.009644829033839E-03,  2.979892676819721E+01,  1.768384203873443E+00,  1.316857266929237E+02,  2.814928158589116E+02,  2.469636972925427E+06,  5.995589196719729E-03,  3.160135221862817E+02,  3.154521476621816E+02,  3.000928117077898E+01,  3.021963557336075E+01,  6.004414048196647E+04,
2462308.500000000, A.D. 2029-Jun-21 00:00:00.0000,  6.989557921796032E-03,  2.980688020970785E+01,  1.770415688479648E+00,  1.317866499593086E+02,  2.782330509119454E+02,  2.469118279573299E+06,  5.993371483188920E-03,  3.191864612985890E+02,  3.186594882308524E+02,  3.001668355805711E+01,  3.022648690640638E+01,  6.006635847782510E+04,
2462316.500000000, A.D. 2029-Jun-29 00:00:00.0000,  6.751664086987451E-03,  2.980070503306553E+01,  1.774539258640628E+00,  1.319905596432866E+02,  2.813532940963114E+02,  2.469665476725733E+06,  5.997388992823152E-03,  3.159253278765722E+02,  3.153838830262669E+02,  3.000327708142813E+01,  3.020584912979073E+01,  6.002612143897925E+04,
2462324.500000000, A.D. 2029-Jul-07 00:00:00.0000,  7.058150460895521E-03,  2.980258391493965E+01,  1.767191895407159E+00,  1.316252172159214E+02,  2.799445454059970E+02,  2.469372561698575E+06,  5.994046407883367E-03,  3.177535910931174E+02,  3.172062498291393E+02,  3.001443027985290E+01,  3.022627664476616E+01,  6.005959505527487E+04,
2462332.500000000, A.D. 2029-Jul-15 00:00:00.0000,  6.884335079668771E-03,  2.980815061070038E+01,  1.772507337749298E+00,  1.318906104404234E+02,  2.779111155327139E+02,  2.469082954699031E+06,  5.993940919867618E-03,  3.195381733517644E+02,  3.190228661215501E+02,  3.001478243029388E+01,  3.022141424988737E+01,  6.006065205059628E+04,
2462340.500000000, A.D. 2029-Jul-23 00:00:00.0000,  6.786595911663349E-03,  2.980099251078895E+01,  1.772987827719350E+00,  1.319145566074090E+02,  2.811939030068274E+02,  2.469626636630627E+06,  5.996985833192050E-03,  3.163051418474279E+02,  3.157645955925660E+02,  3.000462175411644E+01,  3.020825099744393E+01,  6.003015681769264E+04,
2462348.500000000, A.D. 2029-Jul-31 00:00:00.0000,  7.079105418944302E-03,  2.980652136405475E+01,  1.767073956396124E+00,  1.316182055645602E+02,  2.782764982151244E+02,  2.469097337529475E+06,  5.992669016358084E-03,  3.195564504406807E+02,  3.190266631398944E+02,  3.001902923659498E+01,  3.023153710913521E+01,  6.007339951819702E+04,
2462356.500000000, A.D. 2029-Aug-08 00:00:00.0000,  6.797340799905332E-03,  2.980857913991126E+01,  1.774204960059433E+00,  1.319755961820364E+02,  2.779071364349084E+02,  2.469096663614662E+06,  5.994599246752069E-03,  3.195954202725608E+02,  3.190872603169684E+02,  3.001258490781578E+01,  3.021659067572030E+01,  6.005405618983645E+04,
2462364.500000000, A.D. 2029-Aug-16 00:00:00.0000,  6.870501998635819E-03,  2.980252454673053E+01,  1.770921707921244E+00,  1.318115906078797E+02,  2.803926646592543E+02,  2.469477706260455E+06,  5.995763557198228E-03,  3.173508971287296E+02,  3.168141131366187E+02,  3.000869937576821E+01,  3.021487420480588E+01,  6.004239436156570E+04,
2462372.500000000, A.D. 2029-Aug-24 00:00:00.0000,  7.078093877084446E-03,  2.981007956938269E+01,  1.767996800226873E+00,  1.316639421908373E+02,  2.767267654640156E+02,  2.468850240947881E+06,  5.991605254475468E-03,  3.211879332995439E+02,  3.206760469649102E+02,  3.002258222480232E+01,  3.023508488022196E+01,  6.008406507272750E+04,
2462380.500000000, A.D. 2029-Sep-01 00:00:00.0000,  6.758924495988593E-03,  2.980832272789892E+01,  1.774992995218333E+00,  1.320158261991379E+02,  2.780955178379866E+02,  2.469134403386797E+06,  5.995024402963191E-03,  3.195101843808963E+02,  3.190040365636981E+02,  3.001116593247310E+01,  3.021400913704727E+01,  6.004979726555590E+04,
2462388.500000000, A.D. 2029-Sep-09 00:00:00.0000,  6.983994525560037E-03,  2.980502214521789E+01,  1.768866030542294E+00,  1.317074840077738E+02,  2.791065346556572E+02,  2.469248803000773E+06,  5.993982310021485E-03,  3.188794651719777E+02,  3.183496713858439E+02,  3.001464425639117E+01,  3.022426636756445E+01,  6.006023731469931E+04,
2462396.500000000, A.D. 2029-Sep-17 00:00:00.0000,  7.048007856203009E-03,  2.981259538466144E+01,  1.769703028326556E+00,  1.317498903679131E+02,  2.756234724075400E+02,  2.468683178124028E+06,  5.991119134580986E-03,  3.223357623981837E+02,  3.218388076897328E+02,  3.002420622601868E+01,  3.023581706737592E+01,  6.008894029866059E+04,
2462404.500000000, A.D. 2029-Sep-25 00:00:00.0000,  6.772050942333198E-03,  2.980770485951827E+01,  1.774695676227486E+00,  1.320020008725697E+02,  2.783355356104609E+02,  2.469171507680352E+06,  5.995091958929568E-03,  3.194311666695058E+02,  3.189232147173706E+02,  3.001094047725759E+01,  3.021417609499691E+01,  6.004912059168456E+04,
2462412.500000000, A.D. 2029-Oct-03 00:00:00.0000,  7.088911288065481E-03,  2.980802267975638E+01,  1.767423805570631E+00,  1.316331386779387E+02,  2.776080813183726E+02,  2.468989944536586E+06,  5.992127513947666E-03,  3.205871136208576E+02,  3.200678151148011E+02,  3.002083773525501E+01,  3.023365279075364E+01,  6.007882828962511E+04,
2462420.500000000, A.D. 2029-Oct-11 00:00:00.0000,  6.983407453671311E-03,  2.981387482453565E+01,  1.771776344856600E+00,  1.318550810258657E+02,  2.751199049575465E+02,  2.468617958871367E+06,  5.991318117853346E-03,  3.228690523793242E+02,  3.223826182501290E+02,  3.002354144766689E+01,  3.023320807079813E+01,  6.008694462863638E+04,
2462428.500000000, A.D. 2029-Oct-19 00:00:00.0000,  6.826646762403067E-03,  2.980740116217784E+01,  1.773410647487972E+00,  1.319380456410254E+02,  2.783614709470234E+02,  2.469165007189272E+06,  5.994689273369702E-03,  3.196167326124933E+02,  3.191065895192068E+02,  3.001228442649025E+01,  3.021716769080266E+01,  6.005315431430840E+04,
2462436.500000000, A.D. 2029-Oct-27 00:00:00.0000,  7.158908008414597E-03,  2.981123871585844E+01,  1.766943793306179E+00,  1.316073980754993E+02,  2.760537211033777E+02,  2.468730014974296E+06,  5.990524372124513E-03,  3.222985451601509E+02,  3.217932924334496E+02,  3.002619347277289E+01,  3.024114822968734E+01,  6.009490616133284E+04,
2462444.500000000, A.D. 2029-Nov-04 00:00:00.0000,  6.911463323563411E-03,  2.981411554422795E+01,  1.773589675742451E+00,  1.319476869051126E+02,  2.751131521303718E+02,  2.468632358283697E+06,  5.991896668097830E-03,  3.229229925672545E+02,  3.224422007581633E+02,  3.002160879231038E+01,  3.022910204039280E+01,  6.008114290700619E+04,
2462452.500000000, A.D. 2029-Nov-12 00:00:00.0000,  6.919667982245504E-03,  2.980788369585200E+01,  1.771438505953013E+00,  1.318380292922405E+02,  2.779715266056228E+02,  2.469084079464850E+06,  5.993701550621609E-03,  3.202522918784548E+02,  3.197418956448896E+02,  3.001558155450317E+01,  3.022327941315434E+01,  6.006305068070402E+04,
2462460.500000000, A.D. 2029-Nov-20 00:00:00.0000,  7.180240960161985E-03,  2.981409698385404E+01,  1.767528827770191E+00,  1.316366007393356E+02,  2.747009252033551E+02,  2.468512398599460E+06,  5.989469881512713E-03,  3.237523356125660E+02,  3.232622959561332E+02,  3.002971759213116E+01,  3.024533820040829E+01,  6.010548631543959E+04,
2462468.500000000, A.D. 2029-Nov-28 00:00:00.0000,  6.850812159231699E-03,  2.981349065880527E+01,  1.774676643521819E+00,  1.320039168110640E+02,  2.755110225611652E+02,  2.468707249811166E+06,  5.992633995429515E-03,  3.226134557926256E+02,  3.221335256877486E+02,  3.001914619053716E+01,  3.022480172226904E+01,  6.007375058689820E+04,
2462476.500000000, A.D. 2029-Dec-06 00:00:00.0000,  7.021257477929635E-03,  2.980930174280224E+01,  1.769370957193972E+00,  1.317314571680387E+02,  2.771679202445771E+02,  2.468934079099908E+06,  5.992354248947084E-03,  3.213038984427520E+02,  3.207974236326279E+02,  3.002008045720041E+01,  3.023085917159858E+01,  6.007655506402272E+04,
2462484.500000000, A.D. 2029-Dec-14 00:00:00.0000,  7.141994016723293E-03,  2.981629316621661E+01,  1.769042283824990E+00,  1.317143411776379E+02,  2.737170601134408E+02,  2.468363592778616E+06,  5.989154211596248E-03,  3.247892067245862E+02,  3.243138607219286E+02,  3.003077276562628E+01,  3.024525236503596E+01,  6.010865429094564E+04,
2462492.500000000, A.D. 2029-Dec-22 00:00:00.0000,  6.820145742329434E-03,  2.981257225432768E+01,  1.774741478889205E+00,  1.320083126815291E+02,  2.760138037404998E+02,  2.468790745833219E+06,  5.993188486098638E-03,  3.222534255897342E+02,  3.217717552146862E+02,  3.001729457814103E+01,  3.022201690195439E+01,  6.006819255476941E+04,
2462500.500000000, A.D. 2029-Dec-30 00:00:00.0000,  7.109027403921843E-03,  2.981161255133230E+01,  1.767731444698910E+00,  1.316455076890802E+02,  2.759961263134097E+02,  2.468727027704545E+06,  5.990863136882556E-03,  3.226977247040643E+02,  3.222005326511942E+02,  3.002506153660044E+01,  3.023851052186858E+01,  6.009150798048976E+04,
2462508.500000000, A.D. 2030-Jan-07 00:00:00.0000,  7.054397826463915E-03,  2.981766218005814E+01,  1.771032311873778E+00,  1.318174192876070E+02,  2.731903550326144E+02,  2.468294266019870E+06,  5.989534311912606E-03,  3.253459559032942E+02,  3.248829455554107E+02,  3.002950223535703E+01,  3.024134229065591E+01,  6.010483975089594E+04,
2462516.500000000, A.D. 2030-Jan-15 00:00:00.0000,  6.827600335729570E-03,  2.981201843512895E+01,  1.773756705132720E+00,  1.319586066250013E+02,  2.762955573050243E+02,  2.468828858752420E+06,  5.993288013349275E-03,  3.221682159531633E+02,  3.216850935822338E+02,  3.001696225671045E+01,  3.022190607829195E+01,  6.006719503520379E+04,
2462524.500000000, A.D. 2030-Jan-23 00:00:00.0000,  7.164061614521790E-03,  2.981457982026009E+01,  1.766958011937715E+00,  1.316038962700931E+02,  2.745585470625883E+02,  2.468483693861570E+06,  5.989470792986001E-03,  3.243075824163835E+02,  3.238251154803433E+02,  3.002971454553077E+01,  3.024484927080146E+01,  6.010547716863063E+04,
2462532.500000000, A.D. 2030-Jan-31 00:00:00.0000,  6.949784612795299E-03,  2.981833562804679E+01,  1.772980688384578E+00,  1.319189595402569E+02,  2.730277978229726E+02,  2.468284611578621E+06,  5.990277949226042E-03,  3.255432528491016E+02,  3.250894249188653E+02,  3.002701692826298E+01,  3.023569822847916E+01,  6.009737829385910E+04,
2462540.500000000, A.D. 2030-Feb-08 00:00:00.0000,  6.885050132189545E-03,  2.981246439706838E+01,  1.772012157126180E+00,  1.318686037568415E+02,  2.760201288269110E+02,  2.468768556656884E+06,  5.992633533211124E-03,  3.226775388312143E+02,  3.221958971675493E+02,  3.001914773414356E+01,  3.022583107121874E+01,  6.007375522045243E+04,
2462548.500000000, A.D. 2030-Feb-16 00:00:00.0000,  7.188074285875642E-03,  2.981774305639144E+01,  1.767246530453483E+00,  1.316180345539455E+02,  2.730117631133191E+02,  2.468231643845710E+06,  5.988300466875179E-03,  3.259676270554157E+02,  3.255031860191278E+02,  3.003362699832972E+01,  3.024951094026800E+01,  6.011722390874878E+04,
2462556.500000000, A.D. 2030-Feb-24 00:00:00.0000,  6.870961724544715E-03,  2.981846604663834E+01,  1.774331682765841E+00,  1.319900468245927E+02,  2.730922761530579E+02,  2.468307188037060E+06,  5.990951871944416E-03,  3.255479047394084E+02,  3.250993135147669E+02,  3.002476505814128E+01,  3.023106406964422E+01,  6.009061793433484E+04,
2462564.500000000, A.D. 2030-Mar-04 00:00:00.0000,  6.989941498032765E-03,  2.981405112867539E+01,  1.769941056210850E+00,  1.317599529005446E+02,  2.751129189273234E+02,  2.468601152243855E+06,  5.991205840175234E-03,  3.238331738215107E+02,  3.233571284135767E+02,  3.002391654889398E+01,  3.023378196911257E+01,  6.008807068285780E+04,
2462572.500000000, A.D. 2030-Mar-12 00:00:00.0000,  7.184059738380207E-03,  2.982052286087893E+01,  1.768466053110638E+00,  1.316818074093898E+02,  2.716104581246875E+02,  2.468011717867698E+06,  5.987499478324486E-03,  3.274326858546662E+02,  3.269861741976677E+02,  3.003630547372238E+01,  3.025208808656583E+01,  6.012526619889423E+04,
2462580.500000000, A.D. 2030-Mar-20 00:00:00.0000,  6.846856220428820E-03,  2.981824187926527E+01,  1.774694213692096E+00,  1.320100437044903E+02,  2.732425711929077E+02,  2.468335277380681E+06,  5.991237555033695E-03,  3.255217616360040E+02,  3.250744591077897E+02,  3.002381059358896E+01,  3.022937930791266E+01,  6.008775260422390E+04,
2462588.500000000, A.D. 2030-Mar-28 00:00:00.0000,  7.117854415659187E-03,  2.981647031622651E+01,  1.768124741758569E+00,  1.316630713759561E+02,  2.737490399715098E+02,  2.468360525412718E+06,  5.989319259258021E-03,  3.254294970306784E+02,  3.249632736655195E+02,  3.003022105778589E+01,  3.024397179934526E+01,  6.010699787685021E+04,
2462596.500000000, A.D. 2030-Apr-05 00:00:00.0000,  7.148171790211127E-03,  2.982251837697424E+01,  1.770327838443137E+00,  1.317802541952687E+02,  2.705887081868470E+02,  2.467859975945492E+06,  5.987223146736594E-03,  3.284863949868576E+02,  3.280549586892442E+02,  3.003722965464769E+01,  3.025194093232114E+01,  6.012804119322364E+04,
2462604.500000000, A.D. 2030-Apr-13 00:00:00.0000,  6.882357224380304E-03,  2.981811739488044E+01,  1.774024172806172E+00,  1.319759072433994E+02,  2.732454223553281E+02,  2.468330001498363E+06,  5.990953832252473E-03,  3.256987848568137E+02,  3.252511648639186E+02,  3.002475850851177E+01,  3.023139962214310E+01,  6.009059827200298E+04,
2462612.500000000, A.D. 2030-Apr-21 00:00:00.0000,  7.244264327946458E-03,  2.981946631779432E+01,  1.767060364152341E+00,  1.316051082417092E+02,  2.720652214851907E+02,  2.468073692737383E+06,  5.987273052937499E-03,  3.273023478865671E+02,  3.268504682109265E+02,  3.003706273991739E+01,  3.025465916204046E+01,  6.012754000310298E+04,
2462620.500000000, A.D. 2030-Apr-29 00:00:00.0000,  7.107775998645002E-03,  2.982371693171869E+01,  1.772284915502718E+00,  1.318844056168479E+02,  2.699501936125074E+02,  2.467772197075179E+06,  5.987227610373591E-03,  3.291556170312069E+02,  3.287348156773228E+02,  3.003721472561153E+01,  3.025071251950438E+01,  6.012799636617402E+04,
2462628.500000000, A.D. 2030-May-07 00:00:00.0000,  6.991801419980678E-03,  2.981850576950531E+01,  1.772444159833443E+00,  1.318929581416040E+02,  2.728612763846972E+02,  2.468252796453729E+06,  5.989846505965717E-03,  3.263113275381140E+02,  3.258636672649201E+02,  3.002845879031527E+01,  3.023841181112523E+01,  6.010170705400384E+04,
2462636.500000000, A.D. 2030-May-15 00:00:00.0000,  7.356694592887705E-03,  2.982241678189907E+01,  1.766959082701789E+00,  1.315985170009533E+02,  2.703552931863886E+02,  2.467791039628152E+06,  5.985367639239382E-03,  3.291481853144798E+02,  3.287124359720171E+02,  3.004343717370664E+01,  3.026445756551420E+01,  6.014668132327935E+04,
2462644.500000000, A.D. 2030-May-23 00:00:00.0000,  7.083231565988152E-03,  2.982400419663390E+01,  1.773785116200433E+00,  1.319649012076231E+02,  2.697677871942055E+02,  2.467755500584079E+06,  5.987363112887535E-03,  3.293985836329361E+02,  3.289822199029300E+02,  3.003676153407209E+01,  3.024951887151029E+01,  6.012663558438871E+04,
2462652.500000000, A.D. 2030-May-31 00:00:00.0000,  7.150036544763640E-03,  2.981947127195479E+01,  1.770412109945894E+00,  1.317844129412978E+02,  2.721130346734724E+02,  2.468111354045996E+06,  5.988124007280394E-03,  3.273117050349350E+02,  3.268658605603000E+02,  3.003421702125009E+01,  3.024896277054540E+01,  6.011899545872965E+04,
2462660.500000000, A.D. 2030-Jun-08 00:00:00.0000,  7.424766554375278E-03,  2.982482842946032E+01,  1.767881439883274E+00,  1.316475247568602E+02,  2.689203642669924E+02,  2.467562872077664E+06,  5.984026087346118E-03,  3.306640775973806E+02,  3.302438431036450E+02,  3.004792727491944E+01,  3.027102612037856E+01,  6.016016553825854E+04,
2462668.500000000, A.D. 2030-Jun-16 00:00:00.0000,  7.085823940957707E-03,  2.982362968199428E+01,  1.774461058100091E+00,  1.320019988205819E+02,  2.699192176890015E+02,  2.467786501073770E+06,  5.987452445286319E-03,  3.293562119558774E+02,  3.289391753865341E+02,  3.003646276898445E+01,  3.024929585597461E+01,  6.012573849891927E+04,
2462676.500000000, A.D. 2030-Jun-24 00:00:00.0000,  7.323024225661882E-03,  2.982104748353807E+01,  1.768491129101612E+00,  1.316800853813326E+02,  2.710424348608599E+02,  2.467917568633066E+06,  5.986084448979233E-03,  3.286265205595748E+02,  3.281862075471238E+02,  3.004103873798034E+01,  3.026102999242261E+01,  6.013947899805998E+04,
2462684.500000000, A.D. 2030-Jul-02 00:00:00.0000,  7.435950100403859E-03,  2.982649840015914E+01,  1.769556568699890E+00,  1.317379547192516E+02,  2.679140228905745E+02,  2.467412161293312E+06,  5.983422404376917E-03,  3.317124054972909E+02,  3.313052708882998E+02,  3.004994831635930E+01,  3.027339823255947E+01,  6.016623525303134E+04,
2462692.500000000, A.D. 2030-Jul-10 00:00:00.0000,  7.127146155410787E-03,  2.982306851662553E+01,  1.774093923115186E+00,  1.319834192194310E+02,  2.701401269933396E+02,  2.467819653490311E+06,  5.987247662984482E-03,  3.293024622473723E+02,  3.288823126723640E+02,  3.003714765807630E+01,  3.025122679952706E+01,  6.012779498427323E+04,
2462700.500000000, A.D. 2030-Jul-18 00:00:00.0000,  7.481291180126550E-03,  2.982314112293554E+01,  1.767159382440548E+00,  1.316064103006377E+02,  2.697226291250726E+02,  2.467687905927560E+06,  5.984022734080750E-03,  3.301552495453911E+02,  3.297251327437197E+02,  3.004793850021821E+01,  3.027273587750087E+01,  6.016019925019592E+04,
2462708.500000000, A.D. 2030-Jul-26 00:00:00.0000,  7.406748004180068E-03,  2.982741090877505E+01,  1.771504548734926E+00,  1.318438646832984E+02,  2.673593229972043E+02,  2.467338396894008E+06,  5.983411876674465E-03,  3.322974199366148E+02,  3.318995942509060E+02,  3.004998356456755E+01,  3.027255622036006E+01,  6.016634111440867E+04,
2462716.500000000, A.D. 2030-Aug-03 00:00:00.0000,  7.218808857212818E-03,  2.982279391913152E+01,  1.772792464758603E+00,  1.319139430291051E+02,  2.701532681780410E+02,  2.467810103116405E+06,  5.986501243268320E-03,  3.295071386109244E+02,  3.290840998107083E+02,  3.003964436997702E+01,  3.025649482082253E+01,  6.013529194616164E+04,
2462724.500000000, A.D. 2030-Aug-11 00:00:00.0000,  7.603264451397773E-03,  2.982542347858551E+01,  1.766789573562516E+00,  1.315848987738028E+02,  2.683161897101578E+02,  2.467452684070173E+06,  5.982232938442733E-03,  3.317149015163934E+02,  3.312985625996726E+02,  3.005393146733585E+01,  3.028243945608620E+01,  6.017819829224395E+04,
2462732.500000000, A.D. 2030-Aug-19 00:00:00.0000,  7.362572002949497E-03,  2.982762147847822E+01,  1.773215278125574E+00,  1.319375193921743E+02,  2.672271064537751E+02,  2.467332163574460E+06,  5.983747960064471E-03,  3.324767724693415E+02,  3.320836930277614E+02,  3.004885836177321E+01,  3.027009524506819E+01,  6.016296180966173E+04,
2462740.500000000, A.D. 2030-Aug-27 00:00:00.0000,  7.354310131477074E-03,  2.982317713270301E+01,  1.770919008417383E+00,  1.318120499569204E+02,  2.697702843936156E+02,  2.467729938720150E+06,  5.985160308259642E-03,  3.301374094116620E+02,  3.297144227533119E+02,  3.004413098963148E+01,  3.026508484655995E+01,  6.014876485483483E+04,
2462748.500000000, A.D. 2030-Sep-04 00:00:00.0000,  7.677883088265791E-03,  2.982757119951452E+01,  1.767433483965768E+00,  1.316195066101790E+02,  2.669845924881538E+02,  2.467239122414700E+06,  5.980912204522451E-03,  3.331419815940174E+02,  3.327410670080311E+02,  3.005835574071725E+01,  3.028914028191997E+01,  6.019148713264624E+04,
2462756.500000000, A.D. 2030-Sep-12 00:00:00.0000,  7.338753107215171E-03,  2.982731589392949E+01,  1.774176318452143E+00,  1.319909094380633E+02,  2.673862696612769E+02,  2.467367194944226E+06,  5.984055296379197E-03,  3.324093464990179E+02,  3.320166665561934E+02,  3.004782949600840E+01,  3.026834309808730E+01,  6.015987188785287E+04,
2462764.500000000, A.D. 2030-Sep-20 00:00:00.0000,  7.517186383423476E-03,  2.982428677696570E+01,  1.768954753667097E+00,  1.317034127265304E+02,  2.689721130354979E+02,  2.467580310451164E+06,  5.983353333325547E-03,  3.311853044843604E+02,  3.307666836555752E+02,  3.005017957770667E+01,  3.027607237844763E+01,  6.016692980421266E+04,
2462772.500000000, A.D. 2030-Sep-28 00:00:00.0000,  7.696707747248796E-03,  2.982925374311806E+01,  1.768913929919927E+00,  1.317010576607224E+02,  2.659247917594567E+02,  2.467078122622976E+06,  5.980235999807812E-03,  3.342513605884913E+02,  3.338648632541371E+02,  3.006062156198128E+01,  3.029198938084449E+01,  6.019829317966203E+04,
2462780.500000000, A.D. 2030-Oct-06 00:00:00.0000,  7.353662188119429E-03,  2.982683987490515E+01,  1.774169351353397E+00,  1.319916656538066E+02,  2.676210802860620E+02,  2.467405910446281E+06,  5.984063732777818E-03,  3.323212490991988E+02,  3.319266102091765E+02,  3.004780125482891E+01,  3.026876263475267E+01,  6.015978707380629E+04,
2462788.500000000, A.D. 2030-Oct-14 00:00:00.0000,  7.683316987446034E-03,  2.982610120837691E+01,  1.767464629977507E+00,  1.316195199657448E+02,  2.677785364449585E+02,  2.467369722569618E+06,  5.981305237123934E-03,  3.325983094519103E+02,  3.321896265596145E+02,  3.005703896646024E+01,  3.028797672454357E+01,  6.018753193961780E+04,
2462796.500000000, A.D. 2030-Oct-22 00:00:00.0000,  7.681987911949803E-03,  2.983041650049048E+01,  1.770836462509295E+00,  1.318078433768266E+02,  2.651639057568531E+02,  2.466970521531605E+06,  5.980019407537277E-03,  3.350392702335246E+02,  3.346645315803008E+02,  3.006134740789485E+01,  3.029227831529922E+01,  6.020047352124851E+04,
2462804.500000000, A.D. 2030-Oct-30 00:00:00.0000,  7.439865680933907E-03,  2.982662248635739E+01,  1.773166639695975E+00,  1.319373359163108E+02,  2.676323855083753E+02,  2.467398598481799E+06,  5.983349659737753E-03,  3.325119024121221E+02,  3.321151285491379E+02,  3.005019187761312E+01,  3.027376126886885E+01,  6.016696674480806E+04,
2462812.500000000, A.D. 2030-Nov-07 00:00:00.0000,  7.844619906879206E-03,  2.982824462217212E+01,  1.766782779585848E+00,  1.315800356146394E+02,  2.663622321915159E+02,  2.467129824522490E+06,  5.979202345056617E-03,  3.341858430907585E+02,  3.337909203070335E+02,  3.006408594929206E+01,  3.029992727641201E+01,  6.020869996106331E+04,
2462820.500000000, A.D. 2030-Nov-15 00:00:00.0000,  7.664230852444741E-03,  2.983090713263601E+01,  1.772622719766127E+00,  1.319077088488559E+02,  2.647956643571522E+02,  2.466926391091597E+06,  5.980032388276619E-03,  3.354466382895129E+02,  3.350784827897119E+02,  3.006130390549321E+01,  3.029170067835042E+01,  6.020034284525809E+04,
2462828.500000000, A.D. 2030-Nov-23 00:00:00.0000,  7.593701031834404E-03,  2.982681527375336E+01,  1.771418151110806E+00,  1.318405065265904E+02,  2.673400359887698E+02,  2.467334164877157E+06,  5.981900691530509E-03,  3.330475601555319E+02,  3.326497918905893E+02,  3.005504429462528E+01,  3.028327331549720E+01,  6.018154071158470E+04,
2462836.500000000, A.D. 2030-Dec-01 00:00:00.0000,  7.971719473873854E-03,  2.983023239018241E+01,  1.767089694305348E+00,  1.315962759736813E+02,  2.650097376380086E+02,  2.466909676868482E+06,  5.977455917187783E-03,  3.356527648257357E+02,  3.352727174065407E+02,  3.006994152864455E+01,  3.030965066710669E+01,  6.022629108227190E+04,
2462844.500000000, A.D. 2030-Dec-09 00:00:00.0000,  7.659933021594668E-03,  2.983075504145237E+01,  1.773819288087161E+00,  1.319753379488681E+02,  2.648205988081741E+02,  2.466941626087014E+06,  5.980116971692944E-03,  3.354987067518807E+02,  3.351314902333245E+02,  3.006102044461894E+01,  3.029128584778550E+01,  6.019949136514726E+04,
2462852.500000000, A.D. 2030-Dec-17 00:00:00.0000,  7.784182172901613E-03,  2.982752312433973E+01,  1.769452259505516E+00,  1.317297637274181E+02,  2.667260478386963E+02,  2.467214452669459E+06,  5.979965660853679E-03,  3.339156728223624E+02,  3.335200121179283E+02,  3.006152753103703E+01,  3.029553193773432E+01,  6.020101459054325E+04,
2462860.500000000, A.D. 2030-Dec-25 00:00:00.0000,  8.040282699199092E-03,  2.983180470292702E+01,  1.768321950809265E+00,  1.316654751450880E+02,  2.639050197731898E+02,  2.466739136445547E+06,  5.976363721648772E-03,  3.368198578573686E+02,  3.364538154510474E+02,  3.007360498882118E+01,  3.031540527471534E+01,  6.023729758882252E+04,
2462868.500000000, A.D. 2031-Jan-02 00:00:00.0000,  7.687080016378021E-03,  2.983026823191062E+01,  1.774099648682373E+00,  1.319921768981329E+02,  2.650472473550587E+02,  2.466981626234691E+06,  5.980017962079491E-03,  3.354034312362475E+02,  3.350335602202052E+02,  3.006135225207282E+01,  3.029243627223503E+01,  6.020048807258326E+04,
$$EOE
**************************************************************************************************************************************************************************************************************************************************************************************************************************************************
 
TIME

  Barycentric Dynamical Time ("TDB" or T_eph) output was requested. This
continuous coordinate time is equivalent to the relativistic proper time
of a clock at rest in a reference frame co-moving with the solar system
barycenter but outside the system's gravity well. It is the independent
variable in the solar system relativistic equations of motion.

  TDB runs at a uniform rate of one SI second per second and is independent
of irregularities in Earth's rotation.
 
CALENDAR SYSTEM

  Mixed calendar mode was active such that calendar dates after AD 1582-Oct-15
(if any) are in the modern Gregorian system. Dates prior to 1582-Oct-5 (if any)
are in the Julian calendar system, which is automatically extended for dates
prior to its adoption on 45-Jan-1 BC.  The Julian calendar is useful for
matching historical dates. The Gregorian calendar more accurately corresponds
to the Earth's orbital motion and seasons. A "Gregorian-only" calendar mode is
available if such physical events are the primary interest.

REFERENCE FRAME AND COORDINATES

  Ecliptic at the standard reference epoch

    Reference epoch: J2000.0
    X-Y plane: adopted Earth orbital plane at the reference epoch
               Note: IAU76 obliquity of 84381.448 arcseconds wrt ICRF X-Y plane
    X-axis   : ICRF
    Z-axis   : perpendicular to the X-Y plane in the directional (+ or -) sense
               of Earth's north pole at the reference epoch.

  Symbol meaning [1 au= 149597870.700 km, 1 day= 86400.0 s]:

    JDTDB    Julian Day Number, Barycentric Dynamical Time
      EC     Eccentricity, e
      QR     Periapsis distance, q (au)
      IN     Inclination w.r.t X-Y plane, i (degrees)
      OM     Longitude of Ascending Node, OMEGA, (degrees)
      W      Argument of Perifocus, w (degrees)
      Tp     Time of periapsis (Julian Day Number)
      N      Mean motion, n (degrees/day)
      MA     Mean anomaly, M (degrees)
      TA     True anomaly, nu (degrees)
      A      Semi-major axis, a (au)
      AD     Apoapsis distance (au)
      PR     Sidereal orbit period (day)

ABERRATIONS AND CORRECTIONS

 Geometric osculating elements have NO corrections or aberrations applied.

Computations by ...

    Solar System Dynamics Group, Horizons On-Line Ephemeris System
    4800 Oak Grove Drive, Jet Propulsion Laboratory
    Pasadena, CA  91109   USA

    General site: https://ssd.jpl.nasa.gov/
    Mailing list: https://ssd.jpl.nasa.gov/email_list.html
    System news : https://ssd.jpl.nasa.gov/horizons/news.html
    User Guide  : https://ssd.jpl.nasa.gov/horizons/manual.html
    Connect     : browser        https://ssd.jpl.nasa.gov/horizons/app.html#/x
                  API            https://ssd-api.jpl.nasa.gov/doc/horizons.html
                  command-line   telnet ssd.jpl.nasa.gov 6775
                  e-mail/batch   https://ssd.jpl.nasa.gov/ftp/ssd/horizons_batch.txt
                  scripts        https://ssd.jpl.nasa.gov/ftp/ssd/SCRIPTS
    Inquiries   : Jon.D.Giorgini@jpl.nasa.gov
*******************************************************************************
