*******************************************************************************
 Revised: January 26, 2022             Saturn                               699
 
 PHYSICAL DATA:
  Mass x10^26 (kg)      = 5.6834          Density (g/cm^3)       =  0.687+-.001
  Equat. radius (1 bar) = 60268+-4 km     Polar radius (km)      = 54364+-10
  Vol. Mean Radius (km) = 58232+-6        Flattening             =  0.09796
  Geometric Albedo      = 0.47            Rocky core mass (Mc/M) =  0.1027
  Sid. rot. period (III)= 10h 39m 22.4s   Sid. rot. rate (rad/s) =  0.000163785 
  Mean solar day, hrs   =~10.656         
  GM (km^3/s^2)         = 37931206.234    GM 1-sigma (km^3/s^2)  = +- 98
  Equ. grav, ge (m/s^2) = 10.44           Pol. grav, gp (m/s^2)  = 12.14+-0.01
  Vis. magnitude V(1,0) = -8.88          
  Vis. mag. (opposition)= +0.67           Obliquity to orbit     = 26.73 deg
  Sidereal orbit period = 29.447498 yr    Sidereal orbit period  = 10755.698 d
  Mean daily motion     = 0.0334979 deg/d Mean orbit velocity    =  9.68 km/s
  Atmos. temp. (1 bar)  = 134+-4 K        Escape speed, km/s    =  35.5          
  Aroche(ice)/Rp        =  2.71           Hill's sphere rad. Rp  = 1100
                                 Perihelion  Aphelion    Mean
  Solar Constant (W/m^2)         16.8        13.6        15.1
  Maximum Planetary IR (W/m^2)    4.7         4.5         4.6
  Minimum Planetary IR (W/m^2)    4.7         4.5         4.6
*******************************************************************************


*******************************************************************************
Ephemeris / API_USER Mon Sep 28 12:59:37 2026 Pasadena, USA      / Horizons
*******************************************************************************
Target body name: Saturn (699)                    {source: sat441l}
Center body name: Sun (10)                        {source: DE441}
Center-site name: BODY CENTER
*******************************************************************************
Start time      : A.D. 2025-Jan-01 00:00:00.0000 TDB
Stop  time      : A.D. 2031-Jan-02 00:00:00.0000 TDB
Step-size       : 11520 minutes
*******************************************************************************
Center geodetic : 0.0, 0.0, 0.0                   {E-lon(deg),Lat(deg),Alt(km)}
Center cylindric: 0.0, 0.0, 0.0                   {E-lon(deg),Dxy(km),Dz(km)}
Center radii    : 695700.0, 695700.0, 695700.0 km {Equator_a, b, pole_c}
Keplerian GM    : 2.9599678443234040E-04 au^3/d^2
Output units    : AU-D, deg, Julian Day Number (Tp)
Calendar mode   : Mixed Julian/Gregorian
Output type     : GEOMETRIC osculating elements
Output format   : 10
Reference frame : Ecliptic of J2000.0
*******************************************************************************
            JDTDB,            Calendar Date (TDB),                     EC,                     QR,                     IN,                     OM,                      W,                     Tp,                      N,                     MA,                     TA,                      A,                     AD,                     PR,
**************************************************************************************************************************************************************************************************************************************************************************************************************************************************
$$SOE
2460676.500000000, A.D. 2025-Jan-01 00:00:00.0000,  5.522302318620472E-02,  9.027984934928446E+00,  2.485819253218824E+00,  1.135595556634874E+02,  3.371663598259115E+02,  2.463523619470704E+06,  3.337135512532492E-02,  2.649877650588944E+02,  2.587340997923357E+02,  9.555678383881446E+00,  1.008337183283445E+01,  1.078769497516756E+04,
2460684.500000000, A.D. 2025-Jan-09 00:00:00.0000,  5.528925470959239E-02,  9.031082458476668E+00,  2.489455365639182E+00,  1.136834176629415E+02,  3.366056784515378E+02,  2.463511836390070E+06,  3.335068052668944E-02,  2.657064073132954E+02,  2.594335803156761E+02,  9.559627117081726E+00,  1.008817177568678E+01,  1.079438243282334E+04,
2460692.500000000, A.D. 2025-Jan-17 00:00:00.0000,  5.523108103114094E-02,  9.027406959335902E+00,  2.485969439955170E+00,  1.135635016101158E+02,  3.372191307039249E+02,  2.463525081729404E+06,  3.337413308703763E-02,  2.654650403829590E+02,  2.592025825145283E+02,  9.555148119382046E+00,  1.008288927942819E+01,  1.078679704012514E+04,
2460700.500000000, A.D. 2025-Jan-25 00:00:00.0000,  5.530557806989087E-02,  9.030244869037384E+00,  2.489370719874191E+00,  1.136816662992117E+02,  3.366854650020570E+02,  2.463513838848323E+06,  3.335445623689417E-02,  2.661626125040557E+02,  2.598809946066659E+02,  9.558905672998103E+00,  1.008756647695882E+01,  1.079316051334080E+04,
2460708.500000000, A.D. 2025-Feb-02 00:00:00.0000,  5.524644849396604E-02,  9.026530721604779E+00,  2.485904347953066E+00,  1.135599780429654E+02,  3.373052077797065E+02,  2.463527197822254E+06,  3.337817842240719E-02,  2.659170011699722E+02,  2.596457325770750E+02,  9.554376066875392E+00,  1.008222141214601E+01,  1.078548971259401E+04,
2460716.500000000, A.D. 2025-Feb-10 00:00:00.0000,  5.532586797794126E-02,  9.029491726126381E+00,  2.489373937039769E+00,  1.136829356003759E+02,  3.367479424078208E+02,  2.463515449231607E+06,  3.335755473140332E-02,  2.666338978162482E+02,  2.603432127994523E+02,  9.558313729623260E+00,  1.008713573312014E+01,  1.079215796537659E+04,
2460724.500000000, A.D. 2025-Feb-18 00:00:00.0000,  5.525107994845507E-02,  9.026107354313545E+00,  2.486117454650014E+00,  1.135663662790935E+02,  3.373416925926917E+02,  2.463528306648166E+06,  3.338028138135864E-02,  2.664081451453009E+02,  2.601290861103478E+02,  9.553974778633338E+00,  1.008184220295313E+01,  1.078481022634649E+04,
2460732.500000000, A.D. 2025-Feb-26 00:00:00.0000,  5.533535307739504E-02,  9.028880630549230E+00,  2.489384998716620E+00,  1.136845178609241E+02,  3.368063773323253E+02,  2.463517000713096E+06,  3.336043891891383E-02,  2.671078340411112E+02,  2.608096755104569E+02,  9.557762810286423E+00,  1.008664499002361E+01,  1.079122492587760E+04,
2460740.500000000, A.D. 2025-Mar-06 00:00:00.0000,  5.525885560450595E-02,  9.025368376531807E+00,  2.486075591451836E+00,  1.135636108695891E+02,  3.374200645770810E+02,  2.463530266583471E+06,  3.338396897483602E-02,  2.668665189303655E+02,  2.605802033710934E+02,  9.553271210927109E+00,  1.008117404532241E+01,  1.078361893612346E+04,
2460748.500000000, A.D. 2025-Mar-14 00:00:00.0000,  5.535063149701046E-02,  9.028145529552521E+00,  2.489335066198668E+00,  1.136838765995234E+02,  3.368746875154714E+02,  2.463518732401367E+06,  3.336370405302242E-02,  2.675747860026852E+02,  2.612690012439938E+02,  9.557139220724467E+00,  1.008613291189641E+01,  1.079016884419905E+04,
2460756.500000000, A.D. 2025-Mar-22 00:00:00.0000,  5.525862589980989E-02,  9.025003944187027E+00,  2.486265125047073E+00,  1.135694581078303E+02,  3.374558656545203E+02,  2.463531359987488E+06,  3.338600325337381E-02,  2.673585154300820E+02,  2.610658145978463E+02,  9.552883139878153E+00,  1.008076233556928E+01,  1.078296186781868E+04,
2460764.500000000, A.D. 2025-Mar-30 00:00:00.0000,  5.535063874524154E-02,  9.027715369067572E+00,  2.489373540093974E+00,  1.136865396373461E+02,  3.369220943134196E+02,  2.463520055054745E+06,  3.336608831187156E-02,  2.680579066951514E+02,  2.617464478165946E+02,  9.556683928813804E+00,  1.008565248856003E+01,  1.078939780519351E+04,
2460772.500000000, A.D. 2025-Apr-07 00:00:00.0000,  5.525490910055747E-02,  9.024438086094099E+00,  2.486206542446144E+00,  1.135660244767792E+02,  3.375280683075533E+02,  2.463533179569665E+06,  3.338934043893777E-02,  2.678227300056203E+02,  2.615248167204127E+02,  9.552246603898626E+00,  1.008005512170315E+01,  1.078188413629691E+04,
2460780.500000000, A.D. 2025-Apr-15 00:00:00.0000,  5.535990210736752E-02,  9.027027674799504E+00,  2.489221186291315E+00,  1.136819229252017E+02,  3.369958690484158E+02,  2.463521846717515E+06,  3.336941036863869E-02,  2.685228764205021E+02,  2.622053216994793E+02,  9.556049647836900E+00,  1.008507162087430E+01,  1.078832367797352E+04,
2460788.500000000, A.D. 2025-Apr-23 00:00:00.0000,  5.525665758374880E-02,  9.024083427728225E+00,  2.486315734491747E+00,  1.135690314809467E+02,  3.375632128962765E+02,  2.463534172741399E+06,  3.339121612766700E-02,  2.683186480761120E+02,  2.620149664418172E+02,  9.551888880898023E+00,  1.007969433406782E+01,  1.078127848424528E+04,
2460796.500000000, A.D. 2025-May-01 00:00:00.0000,  5.536407276146076E-02,  9.026704699614440E+00,  2.489282751098290E+00,  1.136855270047054E+02,  3.370253130389621E+02,  2.463522705580276E+06,  3.337098031505568E-02,  2.690238472458091E+02,  2.627008387768407E+02,  9.555749934265435E+00,  1.008479516891643E+01,  1.078781613849030E+04,
2460804.500000000, A.D. 2025-May-09 00:00:00.0000,  5.525546259422951E-02,  9.023665271624923E+00,  2.486315098043338E+00,  1.135677693405910E+02,  3.376132187540212E+02,  2.463535454630374E+06,  3.339360053334332E-02,  2.688035919985988E+02,  2.624950469254830E+02,  9.551434186011317E+00,  1.007920310039771E+01,  1.078050866783718E+04,
2460812.500000000, A.D. 2025-May-17 00:00:00.0000,  5.537730009503668E-02,  9.026048199269120E+00,  2.489121304112999E+00,  1.136802761612820E+02,  3.370918463749235E+02,  2.463524275354938E+06,  3.337392019382258E-02,  2.694974257207350E+02,  2.631686414393571E+02,  9.555188754385442E+00,  1.008432930950177E+01,  1.078686584941960E+04,
2460820.500000000, A.D. 2025-May-25 00:00:00.0000,  5.526573356503975E-02,  9.023230192115564E+00,  2.486383108522918E+00,  1.135692652306972E+02,  3.376495811994735E+02,  2.463536409489507E+06,  3.339547120167431E-02,  2.693009228568218E+02,  2.629865446316038E+02,  9.551077496284254E+00,  1.007892480045295E+01,  1.077990479086132E+04,
2460828.500000000, A.D. 2025-Jun-02 00:00:00.0000,  5.539006533406685E-02,  9.025676697444208E+00,  2.489206779541946E+00,  1.136849507318352E+02,  3.371164110447116E+02,  2.463525004005198E+06,  3.337530420699849E-02,  2.700033585311205E+02,  2.636690259669215E+02,  9.554924595024708E+00,  1.008417249260521E+01,  1.078641853770763E+04,
2460836.500000000, A.D. 2025-Jun-10 00:00:00.0000,  5.526706525654698E-02,  9.022835083265914E+00,  2.486457447704845E+00,  1.135711112700553E+02,  3.376909480820501E+02,  2.463537536030274E+06,  3.339759418543068E-02,  2.697918947806936E+02,  2.634732170923126E+02,  9.550672736646055E+00,  1.007851039002620E+01,  1.077921954501279E+04,
2460844.500000000, A.D. 2025-Jun-18 00:00:00.0000,  5.539988054239210E-02,  9.025018926876182E+00,  2.489073059398366E+00,  1.136805982641385E+02,  3.371861123109151E+02,  2.463526691924248E+06,  3.337843276523241E-02,  2.704726371930288E+02,  2.641338217514791E+02,  9.554327530742187E+00,  1.008363613460819E+01,  1.078540752743138E+04,
2460852.500000000, A.D. 2025-Jun-26 00:00:00.0000,  5.527379777703325E-02,  9.022343863763524E+00,  2.486496068836561E+00,  1.135715172195348E+02,  3.377388463447624E+02,  2.463538777354152E+06,  3.339996467526721E-02,  2.702784312633488E+02,  2.639553270452556E+02,  9.550220839152868E+00,  1.007809781454221E+01,  1.077845451335406E+04,
2460860.500000000, A.D. 2025-Jul-04 00:00:00.0000,  5.541027023537017E-02,  9.024643130819909E+00,  2.489156636031070E+00,  1.136853844697504E+02,  3.372138442257811E+02,  2.463527515042663E+06,  3.337996692998287E-02,  2.709751260741397E+02,  2.646319876341341E+02,  9.554034779807148E+00,  1.008342642879439E+01,  1.078491182316413E+04,
2460868.500000000, A.D. 2025-Jul-12 00:00:00.0000,  5.527183630835401E-02,  9.022026416458452E+00,  2.486614626614913E+00,  1.135754497222999E+02,  3.377727331446383E+02,  2.463539772510095E+06,  3.340183152252400E-02,  2.707746056670369E+02,  2.644484565330338E+02,  9.549864991008343E+00,  1.007770356555824E+01,  1.077785209943472E+04,
2460876.500000000, A.D. 2025-Jul-20 00:00:00.0000,  5.541609446623233E-02,  9.024008524165541E+00,  2.489026619469334E+00,  1.136809711763230E+02,  3.372853486764964E+02,  2.463529261330785E+06,  3.338317936611807E-02,  2.714423926788998E+02,  2.650961039181344E+02,  9.553421851991258E+00,  1.008283517981697E+01,  1.078387399989165E+04,
2460884.500000000, A.D. 2025-Jul-28 00:00:00.0000,  5.527924679825689E-02,  9.021405121713023E+00,  2.486576271292869E+00,  1.135725316359219E+02,  3.378381740916968E+02,  2.463541384125851E+06,  3.340488905777528E-02,  2.712470805365750E+02,  2.649174090795073E+02,  9.549282252071496E+00,  1.007715938242997E+01,  1.077686560722784E+04,
2460892.500000000, A.D. 2025-Aug-05 00:00:00.0000,  5.543335175220335E-02,  9.023450027957802E+00,  2.489039462931545E+00,  1.136827554190516E+02,  3.373298426445594E+02,  2.463530422734678E+06,  3.338536380222491E-02,  2.719319898206256E+02,  2.655815724395617E+02,  9.553005121127883E+00,  1.008256021429797E+01,  1.078316840075915E+04,
2460900.500000000, A.D. 2025-Aug-13 00:00:00.0000,  5.528527030278980E-02,  9.020980350407481E+00,  2.486703057221270E+00,  1.135770440490501E+02,  3.378751607359220E+02,  2.463542448138525E+06,  3.340692898724951E-02,  2.717406261482926E+02,  2.654079255657105E+02,  9.548893509153590E+00,  1.007680666789970E+01,  1.077620753878340E+04,
2460908.500000000, A.D. 2025-Aug-21 00:00:00.0000,  5.544167616606262E-02,  9.022752253852364E+00,  2.488944022293056E+00,  1.136796241521440E+02,  3.374047358035422E+02,  2.463532282248791E+06,  3.338879527503735E-02,  2.723950716488225E+02,  2.660420854160059E+02,  9.552350581411689E+00,  1.008194890897101E+01,  1.078206018020509E+04,
2460916.500000000, A.D. 2025-Aug-29 00:00:00.0000,  5.529118191410752E-02,  9.020232385367994E+00,  2.486647733210813E+00,  1.135732386367226E+02,  3.379576779122565E+02,  2.463544488456842E+06,  3.341077066073356E-02,  2.721968803693991E+02,  2.658617541906385E+02,  9.548161520969183E+00,  1.007609065657037E+01,  1.077496845719559E+04,
2460924.500000000, A.D. 2025-Sep-06 00:00:00.0000,  5.545693302088512E-02,  9.022050956409105E+00,  2.488926204544734E+00,  1.136799827437663E+02,  3.374693814475900E+02,  2.463533941452039E+06,  3.339187933850235E-02,  2.728658458926225E+02,  2.665098918571290E+02,  9.551762404295532E+00,  1.008147385218196E+01,  1.078106435252069E+04,
2460932.500000000, A.D. 2025-Sep-14 00:00:00.0000,  5.529424347246951E-02,  9.019798161421155E+00,  2.486813265568693E+00,  1.135798514234015E+02,  3.379968455185949E+02,  2.463545673926796E+06,  3.341302091670741E-02,  2.726859649249827E+02,  2.663490562683428E+02,  9.547732824848412E+00,  1.007566748827567E+01,  1.077424279886020E+04,
2460940.500000000, A.D. 2025-Sep-22 00:00:00.0000,  5.545652859211474E-02,  9.021505014916647E+00,  2.488924606690024E+00,  1.136811262572264E+02,  3.375318614386868E+02,  2.463535614932903E+06,  3.339493192538338E-02,  2.733363134771516E+02,  2.669796123827830E+02,  9.551180319387186E+00,  1.008085562385773E+01,  1.078007886958336E+04,
2460948.500000000, A.D. 2025-Sep-30 00:00:00.0000,  5.528688845539077E-02,  9.019233039639289E+00,  2.486809716611349E+00,  1.135784697054222E+02,  3.380698849962147E+02,  2.463547571190131E+06,  3.341655156951968E-02,  2.731480035421198E+02,  2.668110073284334E+02,  9.547060297377278E+00,  1.007488755511527E+01,  1.077310443751376E+04,
2460956.500000000, A.D. 2025-Oct-08 00:00:00.0000,  5.546093547691393E-02,  9.020928876297905E+00,  2.488896642617993E+00,  1.136809830598715E+02,  3.375941443013321E+02,  2.463537233609124E+06,  3.339789748741589E-02,  2.738089234801628E+02,  2.674513509652861E+02,  9.550614913796846E+00,  1.008030095129579E+01,  1.077912165385997E+04,
2460964.500000000, A.D. 2025-Oct-16 00:00:00.0000,  5.528537172273221E-02,  9.018901490069048E+00,  2.486965743731210E+00,  1.135850381539165E+02,  3.381020820898655E+02,  2.463548586906190E+06,  3.341847473674821E-02,  2.736437570079198E+02,  2.673063945665945E+02,  9.546694017552630E+00,  1.007448654503621E+01,  1.077248446662739E+04,
2460972.500000000, A.D. 2025-Oct-24 00:00:00.0000,  5.545755962346502E-02,  9.020496199608788E+00,  2.488910352760184E+00,  1.136829216049325E+02,  3.376459238690634E+02,  2.463538655849072E+06,  3.340047952208778E-02,  2.742891641125915E+02,  2.679320500860789E+02,  9.550122698576502E+00,  1.007974919754422E+01,  1.077828837043886E+04,
2460980.500000000, A.D. 2025-Nov-01 00:00:00.0000,  5.527357445921788E-02,  9.018383109024519E+00,  2.486937195475256E+00,  1.135824088864477E+02,  3.381754037350258E+02,  2.463550471182786E+06,  3.342198217654929E-02,  2.741064689346825E+02,  2.677703840130870E+02,  9.546026093069429E+00,  1.007366907711434E+01,  1.077135395795273E+04,
2460988.500000000, A.D. 2025-Nov-09 00:00:00.0000,  5.545913468521156E-02,  9.019846952828267E+00,  2.488795155475002E+00,  1.136782326324959E+02,  3.377240665347230E+02,  2.463540578887852E+06,  3.340400227282989E-02,  2.747503510297517E+02,  2.683935459707394E+02,  9.549451256216649E+00,  1.007905555960503E+01,  1.077715170354950E+04,
2460996.500000000, A.D. 2025-Nov-17 00:00:00.0000,  5.527475802478809E-02,  9.017944850496333E+00,  2.487016698434539E+00,  1.135853627654860E+02,  3.382206543628809E+02,  2.463551724750554E+06,  3.342435578129142E-02,  2.745932588363118E+02,  2.682574056820631E+02,  9.545574151953220E+00,  1.007320345341011E+01,  1.077058903859271E+04,
2461004.500000000, A.D. 2025-Nov-25 00:00:00.0000,  5.545905926054683E-02,  9.019395461483702E+00,  2.488810745604511E+00,  1.136802693257117E+02,  3.377745752056293E+02,  2.463541959025112E+06,  3.340651450333514E-02,  2.752323382759981E+02,  2.688764955583263E+02,  9.548972492841534E+00,  1.007854952419937E+01,  1.077634124218674E+04,
2461012.500000000, A.D. 2025-Dec-03 00:00:00.0000,  5.526051428001331E-02,  9.017484429445130E+00,  2.487022109977520E+00,  1.135844595470469E+02,  3.382878779419877E+02,  2.463553500173630E+06,  3.342767169605772E-02,  2.750602804162734E+02,  2.687268470055713E+02,  9.544942881870655E+00,  1.007240133429618E+01,  1.076952063168840E+04,
2461020.500000000, A.D. 2025-Dec-11 00:00:00.0000,  5.545392978443186E-02,  9.018802127380615E+00,  2.488697939740062E+00,  1.136753655219965E+02,  3.378533100646536E+02,  2.463543911440776E+06,  3.341008336394030E-02,  2.756926134021613E+02,  2.693386930058279E+02,  9.548292467430739E+00,  1.007778280748086E+01,  1.077519011486664E+04,
2461028.500000000, A.D. 2025-Dec-19 00:00:00.0000,  5.525888208617716E-02,  9.017100391232319E+00,  2.487087810283605E+00,  1.135868555537344E+02,  3.383303273909643E+02,  2.463554673862463E+06,  3.342989387841102E-02,  2.755502758594395E+02,  2.692183078917504E+02,  9.544519890426573E+00,  1.007193938962083E+01,  1.076880475030426E+04,
2461036.500000000, A.D. 2025-Dec-27 00:00:00.0000,  5.545599003216635E-02,  9.018486736400043E+00,  2.488750652779191E+00,  1.136794766686182E+02,  3.378841560573209E+02,  2.463544824222104E+06,  3.341172666876870E-02,  2.761925566944080E+02,  2.698403155657351E+02,  9.547979386060756E+00,  1.007747203572147E+01,  1.077466015357137E+04,
2461044.500000000, A.D. 2026-Jan-04 00:00:00.0000,  5.524594368840248E-02,  9.016843443312814E+00,  2.487162749142874E+00,  1.135899127160559E+02,  3.383687366352141E+02,  2.463555793247020E+06,  3.343200961216179E-02,  2.760424200266693E+02,  2.697136919647073E+02,  9.544117204974341E+00,  1.007139096663587E+01,  1.076812325003162E+04,
2461052.500000000, A.D. 2026-Jan-12 00:00:00.0000,  5.544820578363429E-02,  9.018032351929657E+00,  2.488668585145500E+00,  1.136760151008635E+02,  3.379481600723211E+02,  2.463546435758341E+06,  3.341466500097845E-02,  2.766659721010643E+02,  2.703168901036070E+02,  9.547419640879877E+00,  1.007680692983010E+01,  1.077371267943157E+04,
2461060.500000000, A.D. 2026-Jan-20 00:00:00.0000,  5.524264876560556E-02,  9.016462146821619E+00,  2.487195561331085E+00,  1.135906575382038E+02,  3.384141589934486E+02,  2.463557005870670E+06,  3.343430524758621E-02,  2.765310606676426E+02,  2.702049182831172E+02,  9.543680327060649E+00,  1.007089850729968E+01,  1.076738389908641E+04,
2461068.500000000, A.D. 2026-Jan-28 00:00:00.0000,  5.545254841132830E-02,  9.017655626437952E+00,  2.488686489612469E+00,  1.136782852596388E+02,  3.379857575146738E+02,  2.463547469883643E+06,  3.341652848839317E-02,  2.771614322613690E+02,  2.708146901444533E+02,  9.547064693542710E+00,  1.007647376064747E+01,  1.077311187860347E+04,
2461076.500000000, A.D. 2026-Feb-05 00:00:00.0000,  5.523177612157595E-02,  9.016152879160510E+00,  2.487260510992546E+00,  1.135934137439619E+02,  3.384566529436248E+02,  2.463558216600592E+06,  3.343660272740516E-02,  2.770198279440120E+02,  2.706976083123680E+02,  9.543243148195403E+00,  1.007033341723029E+01,  1.076664405576522E+04,
2461084.500000000, A.D. 2026-Feb-13 00:00:00.0000,  5.544146717865251E-02,  9.017133791078759E+00,  2.488588587525375E+00,  1.136736265612391E+02,  3.380618042393995E+02,  2.463549373279371E+06,  3.342001743530955E-02,  2.776238920275757E+02,  2.712815078180830E+02,  9.546400225875942E+00,  1.007566666067313E+01,  1.077198719889493E+04,
2461092.500000000, A.D. 2026-Feb-21 00:00:00.0000,  5.522399750890163E-02,  9.015640124351950E+00,  2.487243252927475E+00,  1.135912240069802E+02,  3.385244361088264E+02,  2.463559949379137E+06,  3.343986825327610E-02,  2.774888178400438E+02,  2.711704951948576E+02,  9.542621849602806E+00,  1.006960357485366E+01,  1.076559265345583E+04,
2461100.500000000, A.D. 2026-Mar-01 00:00:00.0000,  5.544486997686657E-02,  9.016633234682992E+00,  2.488572613830387E+00,  1.136738291414253E+02,  3.381167121886698E+02,  2.463550808199328E+06,  3.342261982154468E-02,  2.781042806082386E+02,  2.717651523545015E+02,  9.545904678387766E+00,  1.007517612209254E+01,  1.077114845940171E+04,
2461108.500000000, A.D. 2026-Mar-09 00:00:00.0000,  5.521426598573950E-02,  9.015311845207439E+00,  2.487325584451828E+00,  1.135952894222176E+02,  3.385665662042497E+02,  2.463561180113259E+06,  3.344221145740299E-02,  2.779769530150267E+02,  2.716633305001188E+02,  9.542176094152754E+00,  1.006904034309807E+01,  1.076483833787577E+04,
2461116.500000000, A.D. 2026-Mar-17 00:00:00.0000,  5.543081203492575E-02,  9.016182806365119E+00,  2.488515249933117E+00,  1.136713529225468E+02,  3.381851419734568E+02,  2.463552576506120E+06,  3.342587064053008E-02,  2.785720218359940E+02,  2.722384963427961E+02,  9.545285746393091E+00,  1.007438868642106E+01,  1.077010091589019E+04,
2461124.500000000, A.D. 2026-Mar-25 00:00:00.0000,  5.520162400491942E-02,  9.014855742135731E+00,  2.487311042482526E+00,  1.135931955879556E+02,  3.386323143153280E+02,  2.463562874966551E+06,  3.344542076082819E-02,  2.784475232710423E+02,  2.721392473085911E+02,  9.541565662241009E+00,  1.006827558234629E+01,  1.076380538233915E+04,
2461132.500000000, A.D. 2026-Apr-02 00:00:00.0000,  5.543443025086492E-02,  9.015692269754052E+00,  2.488482207990111E+00,  1.136703184772086E+02,  3.382401362599985E+02,  2.463553980389425E+06,  3.342840661549350E-02,  2.790537689308697E+02,  2.727243822843908E+02,  9.544802985089227E+00,  1.007391370042440E+01,  1.076928386509293E+04,
2461140.500000000, A.D. 2026-Apr-10 00:00:00.0000,  5.519705522501580E-02,  9.014555352047852E+00,  2.487403688912309E+00,  1.135982698935542E+02,  3.386652687981522E+02,  2.463563876553757E+06,  3.344733512801983E-02,  2.789445122651119E+02,  2.726413431456939E+02,  9.541201582722387E+00,  1.006784781339692E+01,  1.076318931305284E+04,
2461148.500000000, A.D. 2026-Apr-18 00:00:00.0000,  5.542048719049052E-02,  9.015330839930009E+00,  2.488471808349514E+00,  1.136707861060263E+02,  3.382952101353902E+02,  2.463555474872621E+06,  3.343115710157459E-02,  2.795320448938556E+02,  2.732092343521729E+02,  9.544279457337863E+00,  1.007322807474572E+01,  1.076839784235420E+04,
2461156.500000000, A.D. 2026-Apr-26 00:00:00.0000,  5.517581292594754E-02,  9.014181437261211E+00,  2.487411795878435E+00,  1.135977509127902E+02,  3.387278938470763E+02,  2.463565553806288E+06,  3.345054436601424E-02,  2.794158387726624E+02,  2.731199029022586E+02,  9.540591319086019E+00,  1.006700120091083E+01,  1.076215669499717E+04,
2461164.500000000, A.D. 2026-May-04 00:00:00.0000,  5.541352109310953E-02,  9.014858146057446E+00,  2.488422466721893E+00,  1.136685122479586E+02,  3.383593544154108E+02,  2.463557114513655E+06,  3.343415643150829E-02,  2.800049520701596E+02,  2.736883018451587E+02,  9.543708646443642E+00,  1.007255914682984E+01,  1.076743182492071E+04,
2461172.500000000, A.D. 2026-May-12 00:00:00.0000,  5.516582023837774E-02,  9.013874593193405E+00,  2.487481981049140E+00,  1.136017073890459E+02,  3.387677202753918E+02,  2.463566720140857E+06,  3.345278313089008E-02,  2.799066728602970E+02,  2.736173371173690E+02,  9.540165656864328E+00,  1.006645672053525E+01,  1.076143645781084E+04,
2461180.500000000, A.D. 2026-May-20 00:00:00.0000,  5.539487447179346E-02,  9.014542666193726E+00,  2.488421650964701E+00,  1.136696519045620E+02,  3.384126532409236E+02,  2.463558591697804E+06,  3.343690164595634E-02,  2.804839817954498E+02,  2.741753514837110E+02,  9.543186271779918E+00,  1.007182987736611E+01,  1.076654780433390E+04,
2461188.500000000, A.D. 2026-May-28 00:00:00.0000,  5.513575706227600E-02,  9.013585285855337E+00,  2.487499255795254E+00,  1.136019679468760E+02,  3.388276168514698E+02,  2.463568368865435E+06,  3.345599044930590E-02,  2.803791299673960E+02,  2.740989410636547E+02,  9.539555923749166E+00,  1.006552656164299E+01,  1.076040479344018E+04,
2461196.500000000, A.D. 2026-Jun-05 00:00:00.0000,  5.537906659450478E-02,  9.014133758088375E+00,  2.488355909335708E+00,  1.136659064455011E+02,  3.384789602143286E+02,  2.463560272412722E+06,  3.344001627446343E-02,  2.809554120494291E+02,  2.746548221746500E+02,  9.542593689503700E+00,  1.007105362091903E+01,  1.076554499989628E+04,
2461204.500000000, A.D. 2026-Jun-13 00:00:00.0000,  5.512516421091101E-02,  9.013316978860855E+00,  2.487536373687549E+00,  1.136037543617319E+02,  3.388655900984058E+02,  2.463569430789616E+06,  3.345804696758426E-02,  2.808740345659330E+02,  2.746014939042029E+02,  9.539165016849671E+00,  1.006501305483849E+01,  1.075974339891342E+04,
2461212.500000000, A.D. 2026-Jun-21 00:00:00.0000,  5.536567602916563E-02,  9.013894305498241E+00,  2.488347400513631E+00,  1.136663751918335E+02,  3.385192454929996E+02,  2.463561376675024E+06,  3.344205985507435E-02,  2.814487256416477E+02,  2.751566550371089E+02,  9.542204932388785E+00,  1.007051555927933E+01,  1.076488713793673E+04,
2461220.500000000, A.D. 2026-Jun-29 00:00:00.0000,  5.509875991067007E-02,  9.013134369351008E+00,  2.487556141423881E+00,  1.136042866746014E+02,  3.389091222583765E+02,  2.463570647263750E+06,  3.346046629979999E-02,  2.813629766817293E+02,  2.751002920291602E+02,  9.538705196850959E+00,  1.006427602435091E+01,  1.075896542428495E+04,
2461228.500000000, A.D. 2026-Jul-07 00:00:00.0000,  5.535064399885050E-02,  9.013549991308610E+00,  2.488272946571334E+00,  1.136615045888562E+02,  3.385784394564861E+02,  2.463562838940724E+06,  3.344477438194869E-02,  2.819285607964753E+02,  2.756454656651991E+02,  9.541688600164186E+00,  1.006982720901976E+01,  1.076401341174257E+04,
2461236.500000000, A.D. 2026-Jul-15 00:00:00.0000,  5.509253842301282E-02,  9.012871483697531E+00,  2.487571573609088E+00,  1.136044998196062E+02,  3.389440442581383E+02,  2.463571576001529E+06,  3.346226074713966E-02,  2.818630779724615E+02,  2.756085720154706E+02,  9.538364178705557E+00,  1.006385687371358E+01,  1.075838846395854E+04,
2461244.500000000, A.D. 2026-Jul-23 00:00:00.0000,  5.534475006369617E-02,  9.013344135895647E+00,  2.488275001144957E+00,  1.136627442104434E+02,  3.386073598302008E+02,  2.463563646030258E+06,  3.344623317268052E-02,  2.824333011104862E+02,  2.761589983008324E+02,  9.541411151320439E+00,  1.006947816674523E+01,  1.076354392858967E+04,
2461252.500000000, A.D. 2026-Jul-31 00:00:00.0000,  5.506902829431840E-02,  9.012799934156215E+00,  2.487631808942814E+00,  1.136086417022507E+02,  3.389681078569403E+02,  2.463572369122521E+06,  3.346390809448040E-02,  2.823681128927485E+02,  2.761243381775346E+02,  9.538051142389097E+00,  1.006330235062198E+01,  1.075785885448864E+04,
2461260.500000000, A.D. 2026-Aug-08 00:00:00.0000,  5.532475944924464E-02,  9.013117240433383E+00,  2.488239023635672E+00,  1.136607544572465E+02,  3.386543148716898E+02,  2.463564875802340E+06,  3.344855785958841E-02,  2.829219526452100E+02,  2.766582759685778E+02,  9.540969058508024E+00,  1.006882087658267E+01,  1.076279585838114E+04,
2461268.500000000, A.D. 2026-Aug-16 00:00:00.0000,  5.505853235253248E-02,  9.012562102171312E+00,  2.487646487028696E+00,  1.136090050379595E+02,  3.390037084518043E+02,  2.463573330077257E+06,  3.346579029953486E-02,  2.828670399584424E+02,  2.766328965275218E+02,  9.537693508793776E+00,  1.006282491541624E+01,  1.075725380389429E+04,
2461276.500000000, A.D. 2026-Aug-24 00:00:00.0000,  5.532110064791668E-02,  9.012871501185925E+00,  2.488230824201950E+00,  1.136611138028272E+02,  3.386868238422226E+02,  2.463565747272277E+06,  3.345012018118098E-02,  2.834244036178908E+02,  2.771702072024180E+02,  9.540671975808378E+00,  1.006847245043083E+01,  1.076229317114788E+04,
2461284.500000000, A.D. 2026-Sep-01 00:00:00.0000,  5.503963056896253E-02,  9.012467866074291E+00,  2.487705302346533E+00,  1.136135264298642E+02,  3.390256472853218E+02,  2.463574064176321E+06,  3.346731933943298E-02,  2.833744245629206E+02,  2.771515165698641E+02,  9.537403004001867E+00,  1.006233814192944E+01,  1.075676233129998E+04,
2461292.500000000, A.D. 2026-Sep-09 00:00:00.0000,  5.530085682785036E-02,  9.012641185132368E+00,  2.488199042178087E+00,  1.136592568341854E+02,  3.387340594165331E+02,  2.463566986919621E+06,  3.345247767164729E-02,  2.839127771069188E+02,  2.776701802062932E+02,  9.540223731832075E+00,  1.006780627853178E+01,  1.076153472198918E+04,
2461300.500000000, A.D. 2026-Sep-17 00:00:00.0000,  5.502795918524937E-02,  9.012163688407204E+00,  2.487693544176657E+00,  1.136115403925109E+02,  3.390722898875592E+02,  2.463575254043404E+06,  3.346963380732641E-02,  2.838648151655273E+02,  2.776524887301674E+02,  9.536963316541046E+00,  1.006176294467489E+01,  1.075601848745644E+04,
2461308.500000000, A.D. 2026-Sep-25 00:00:00.0000,  5.530153804973291E-02,  9.012255694828893E+00,  2.488151472862849E+00,  1.136556567887866E+02,  3.387832105676492E+02,  2.463568177863332E+06,  3.345458785330342E-02,  2.844034084010047E+02,  2.781705335022684E+02,  9.539822554832670E+00,  1.006738941483645E+01,  1.076085592740167E+04,
2461316.500000000, A.D. 2026-Oct-03 00:00:00.0000,  5.501706524738117E-02,  9.011934857904274E+00,  2.487727235971364E+00,  1.136140333868417E+02,  3.391049161482363E+02,  2.463576192633588E+06,  3.347148740035238E-02,  2.843647264862000E+02,  2.781635558553028E+02,  9.536611219612606E+00,  1.006128758132094E+01,  1.075542283777356E+04,
2461324.500000000, A.D. 2026-Oct-11 00:00:00.0000,  5.528369243233335E-02,  9.011957418836142E+00,  2.488127918396829E+00,  1.136542604968947E+02,  3.388357475075151E+02,  2.463569560316946E+06,  3.345719677837315E-02,  2.848865751966093E+02,  2.786658518016790E+02,  9.539326617573655E+00,  1.006669581631117E+01,  1.076001681744913E+04,
2461332.500000000, A.D. 2026-Oct-19 00:00:00.0000,  5.500245618921271E-02,  9.011585329268019E+00,  2.487724021826668E+00,  1.136128434512655E+02,  3.391585635044388E+02,  2.463577592345372E+06,  3.347421101822860E-02,  2.848473050755914E+02,  2.786578335187632E+02,  9.536093917162994E+00,  1.006060250505797E+01,  1.075454772642616E+04,
2461340.500000000, A.D. 2026-Oct-27 00:00:00.0000,  5.528311249536744E-02,  9.011517168278475E+00,  2.488088089602502E+00,  1.136509453934630E+02,  3.388923360908333E+02,  2.463570955547978E+06,  3.345967940575192E-02,  2.853696724358870E+02,  2.791595875000169E+02,  9.538854748411900E+00,  1.006619232854533E+01,  1.075921845019573E+04,
2461348.500000000, A.D. 2026-Nov-04 00:00:00.0000,  5.499425875923228E-02,  9.011334201424910E+00,  2.487773158471136E+00,  1.136173799632213E+02,  3.391894611026796E+02,  2.463578531811358E+06,  3.347604589665325E-02,  2.853473527319886E+02,  2.791696913173545E+02,  9.535745454406726E+00,  1.006015670738854E+01,  1.075395825156253E+04,
2461356.500000000, A.D. 2026-Nov-12 00:00:00.0000,  5.526338209405132E-02,  9.011272162721941E+00,  2.488105927693597E+00,  1.136538843414977E+02,  3.389357864986617E+02,  2.463572217387957E+06,  3.346209226290709E-02,  2.858574603356772E+02,  2.796607638255702E+02,  9.538396196281491E+00,  1.006552022984104E+01,  1.075844263327974E+04,
2461364.500000000, A.D. 2026-Nov-20 00:00:00.0000,  5.496990194795725E-02,  9.011044549769981E+00,  2.487799263667804E+00,  1.136196606971650E+02,  3.392406800744156E+02,  2.463579981243141E+06,  3.347895429476349E-02,  2.858280047199678E+02,  2.796640315675685E+02,  9.535193184157974E+00,  1.005934181854597E+01,  1.075302402907812E+04,
2461372.500000000, A.D. 2026-Nov-28 00:00:00.0000,  5.525173548440299E-02,  9.010814546609669E+00,  2.488065534670327E+00,  1.136500907887506E+02,  3.390042775337375E+02,  2.463573936673738E+06,  3.346526018892514E-02,  2.863283489239123E+02,  2.801441756566805E+02,  9.537794230540138E+00,  1.006477391447061E+01,  1.075742420550900E+04,
2461380.500000000, A.D. 2026-Dec-06 00:00:00.0000,  5.495632471787956E-02,  9.010723280405356E+00,  2.487821730807339E+00,  1.136217019481649E+02,  3.392868326259622E+02,  2.463581265780717E+06,  3.348146633291674E-02,  2.863151346062811E+02,  2.801642269406683E+02,  9.534716242310619E+00,  1.005870920421588E+01,  1.075221725417898E+04,
2461388.500000000, A.D. 2026-Dec-14 00:00:00.0000,  5.522710958118950E-02,  9.010555115134551E+00,  2.488072146204294E+00,  1.136518443004518E+02,  3.390544907496036E+02,  2.463575354138743E+06,  3.346801402289270E-02,  2.868103350185340E+02,  2.806408720927249E+02,  9.537271027262690E+00,  1.006398693939083E+01,  1.075653905707562E+04,
2461396.500000000, A.D. 2026-Dec-22 00:00:00.0000,  5.492200352564413E-02,  9.010480251265587E+00,  2.487843147748409E+00,  1.136238684910382E+02,  3.393406098180971E+02,  2.463582800874368E+06,  3.348464493882278E-02,  2.867924914923558E+02,  2.806572207143295E+02,  9.534112829712974E+00,  1.005774540816036E+01,  1.075119657555660E+04,
2461404.500000000, A.D. 2026-Dec-30 00:00:00.0000,  5.520330865892630E-02,  9.010118946894284E+00,  2.488021094805807E+00,  1.136460808972384E+02,  3.391323829399060E+02,  2.463577294576506E+06,  3.347170906734292E-02,  2.872728520721089E+02,  2.811179477647686E+02,  9.536569115314155E+00,  1.006301928373403E+01,  1.075535160979391E+04,
2461412.500000000, A.D. 2027-Jan-07 00:00:00.0000,  5.490253291464589E-02,  9.010129632245947E+00,  2.487836305251188E+00,  1.136223709317987E+02,  3.393985686426431E+02,  2.463584313867010E+06,  3.348763433133227E-02,  2.872710913858515E+02,  2.811502419813255E+02,  9.533545423661810E+00,  1.005696121507767E+01,  1.075023683184365E+04,
2461420.500000000, A.D. 2027-Jan-15 00:00:00.0000,  5.517812737997316E-02,  9.009879968439307E+00,  2.488016349059174E+00,  1.136461972289329E+02,  3.391820936485456E+02,  2.463578655988054E+06,  3.347437900758251E-02,  2.877570684983963E+02,  2.816178790157531E+02,  9.536062012889866E+00,  1.006224405734043E+01,  1.075449375531220E+04,
2461428.500000000, A.D. 2027-Jan-23 00:00:00.0000,  5.486719973357915E-02,  9.010008761360913E+00,  2.487866741856715E+00,  1.136261825522200E+02,  3.394366035451039E+02,  2.463585481650728E+06,  3.349018619354402E-02,  2.877622829010597E+02,  2.816584315295162E+02,  9.533061130479345E+00,  1.005611349959778E+01,  1.074941769267912E+04,
2461436.500000000, A.D. 2027-Jan-31 00:00:00.0000,  5.515165616941820E-02,  9.009592008302612E+00,  2.487985113450022E+00,  1.136423055321410E+02,  3.392425997944609E+02,  2.463580196610756E+06,  3.347739071984612E-02,  2.882346309769163E+02,  2.821115685782388E+02,  9.535490078520047E+00,  1.006138814873748E+01,  1.075352625336431E+04,
2461444.500000000, A.D. 2027-Feb-08 00:00:00.0000,  5.484927772194327E-02,  9.009745088556915E+00,  2.487861389876155E+00,  1.136248509779802E+02,  3.394827079989564E+02,  2.463586685298661E+06,  3.349260898346725E-02,  2.882526254218029E+02,  2.821642401492790E+02,  9.532601389586953E+00,  1.005545769061699E+01,  1.074864010079670E+04,
2461452.500000000, A.D. 2027-Feb-16 00:00:00.0000,  5.513147434493968E-02,  9.009422521762747E+00,  2.487984603192047E+00,  1.136428283550096E+02,  3.392795163997045E+02,  2.463581222474676E+06,  3.347940804081145E-02,  2.887316316646846E+02,  2.826249874211584E+02,  9.535107030384653E+00,  1.006079153900656E+01,  1.075287829346204E+04,
2461460.500000000, A.D. 2027-Feb-24 00:00:00.0000,  5.481508233291510E-02,  9.009747239409046E+00,  2.487902469478829E+00,  1.136311620986063E+02,  3.395021596160198E+02,  2.463587429192256E+06,  3.349441464113825E-02,  2.887597517222262E+02,  2.826896157616138E+02,  9.532258789790042E+00,  1.005477034017104E+01,  1.074806065002383E+04,
2461468.500000000, A.D. 2027-Mar-04 00:00:00.0000,  5.509850089943778E-02,  9.009274527279441E+00,  2.487969763902629E+00,  1.136409850229225E+02,  3.393261897028951E+02,  2.463582468840711E+06,  3.348198556312225E-02,  2.892201257944122E+02,  2.831315634217113E+02,  9.534617667402618E+00,  1.005996080752580E+01,  1.075205051149987E+04,
2461476.500000000, A.D. 2027-Mar-12 00:00:00.0000,  5.479062830213301E-02,  9.009547987944526E+00,  2.487888054827586E+00,  1.136284350624614E+02,  3.395469637758146E+02,  2.463588576141633E+06,  3.349682568412039E-02,  2.892521536521282E+02,  2.831992191093840E+02,  9.531801374081590E+00,  1.005405476021865E+01,  1.074728702339884E+04,
2461484.500000000, A.D. 2027-Mar-20 00:00:00.0000,  5.507773444835234E-02,  9.009115302185904E+00,  2.487952449559613E+00,  1.136384170152705E+02,  3.393652746369206E+02,  2.463583470852798E+06,  3.348397700112573E-02,  2.897181082388844E+02,  2.836470025971481E+02,  9.534239620151574E+00,  1.005936393811724E+01,  1.075141104020878E+04,
2461492.500000000, A.D. 2027-Mar-28 00:00:00.0000,  5.475870035644023E-02,  9.009597537794587E+00,  2.487918442981735E+00,  1.136341086404109E+02,  3.395590344711581E+02,  2.463589104070254E+06,  3.349824657133436E-02,  2.897674398921591E+02,  2.837337137976582E+02,  9.531531833397469E+00,  1.005346612900035E+01,  1.074683115826321E+04,
2461500.500000000, A.D. 2027-Apr-05 00:00:00.0000,  5.504303597848673E-02,  9.009063699243871E+00,  2.487947184229448E+00,  1.136379465704293E+02,  3.393999516856779E+02,  2.463584442075163E+06,  3.348610906979295E-02,  2.902168883759518E+02,  2.841653048993956E+02,  9.533834917627814E+00,  1.005860613601176E+01,  1.075072649526629E+04,
2461508.500000000, A.D. 2027-Apr-13 00:00:00.0000,  5.473233610791321E-02,  9.009440875709622E+00,  2.487901417954115E+00,  1.136307099456176E+02,  3.396005917131050E+02,  2.463590151616135E+06,  3.350052183300099E-02,  2.902635845849597E+02,  2.842483373512954E+02,  9.531100258538151E+00,  1.005275964136668E+01,  1.074610126357399E+04,
2461516.500000000, A.D. 2027-Apr-21 00:00:00.0000,  5.502749317481230E-02,  9.008854850245811E+00,  2.487917191602391E+00,  1.136318436030283E+02,  3.394444170501968E+02,  2.463585479899663E+06,  3.348809973039640E-02,  2.907137947799099E+02,  2.846799983358814E+02,  9.533457095500847E+00,  1.005805934075588E+01,  1.075008743100571E+04,
2461524.500000000, A.D. 2027-Apr-29 00:00:00.0000,  5.471290988464293E-02,  9.009428270680624E+00,  2.487916138401290E+00,  1.136341132913432E+02,  3.396123801924720E+02,  2.463590584605216E+06,  3.350162485132116E-02,  2.907828086449711E+02,  2.847864859772109E+02,  9.530891054040701E+00,  1.005235383740078E+01,  1.074574745546418E+04,
2461532.500000000, A.D. 2027-May-07 00:00:00.0000,  5.500320187873395E-02,  9.008795364922083E+00,  2.487919815724178E+00,  1.136326004890266E+02,  3.394705365487688E+02,  2.463586236127677E+06,  3.348972269504832E-02,  2.912209465953013E+02,  2.852067355239446E+02,  9.533149088793035E+00,  1.005750281266399E+01,  1.074956646485545E+04,
2461540.500000000, A.D. 2027-May-15 00:00:00.0000,  5.469092231083576E-02,  9.009259101350876E+00,  2.487908231227684E+00,  1.136324373989017E+02,  3.396501672225492E+02,  2.463591568181071E+06,  3.350373738138725E-02,  2.912815503100718E+02,  2.853042611999162E+02,  9.530490412061074E+00,  1.005172172277127E+01,  1.074506989778386E+04,
2461548.500000000, A.D. 2027-May-23 00:00:00.0000,  5.498924085085580E-02,  9.008521656021207E+00,  2.487895248840358E+00,  1.136260600024213E+02,  3.395221473791034E+02,  2.463587444787106E+06,  3.349199118411533E-02,  2.917116791653616E+02,  2.857158218130031E+02,  9.532718615957533E+00,  1.005691557589386E+01,  1.074883837216408E+04,
2461556.500000000, A.D. 2027-May-31 00:00:00.0000,  5.467359573133072E-02,  9.009187874806113E+00,  2.487918082461381E+00,  1.136356145384200E+02,  3.396675259353151E+02,  2.463592135284780E+06,  3.350505585311576E-02,  2.917959260868686E+02,  2.858381650645406E+02,  9.530240384828636E+00,  1.005129289485116E+01,  1.074464706396012E+04,
2461564.500000000, A.D. 2027-Jun-08 00:00:00.0000,  5.496286190681857E-02,  9.008496895335398E+00,  2.487907765250344E+00,  1.136295264739465E+02,  3.395426404072510E+02,  2.463588127935115E+06,  3.349353162210050E-02,  2.922215537638613E+02,  2.862465760719210E+02,  9.532426327193877E+00,  1.005635575905235E+01,  1.074834401047324E+04,
2461572.500000000, A.D. 2027-Jun-16 00:00:00.0000,  5.464388017350399E-02,  9.009097255772531E+00,  2.487920511833420E+00,  1.136373391969894E+02,  3.396978691166194E+02,  2.463593028118004E+06,  3.350714121808467E-02,  2.922978790149473E+02,  2.863610828326617E+02,  9.529844961945130E+00,  1.005059266811773E+01,  1.074397835544677E+04,
2461580.500000000, A.D. 2027-Jun-24 00:00:00.0000,  5.494040514155236E-02,  9.008243741230626E+00,  2.487890396544027E+00,  1.136233092098047E+02,  3.395977440370006E+02,  2.463589452615669E+06,  3.349613741912849E-02,  2.927078471170146E+02,  2.867529415700184E+02,  9.531931944016600E+00,  1.005562014680258E+01,  1.074750785427625E+04,
2461588.500000000, A.D. 2027-Jul-02 00:00:00.0000,  5.462372468659515E-02,  9.008993105754662E+00,  2.487921104694871E+00,  1.136388883202516E+02,  3.397228038105754E+02,  2.463593755282446E+06,  3.350879387634494E-02,  2.928063140710619E+02,  2.868901313507013E+02,  9.529531617205073E+00,  1.005007012865549E+01,  1.074344846097659E+04,
2461596.500000000, A.D. 2027-Jul-10 00:00:00.0000,  5.491400575214915E-02,  9.008229593858188E+00,  2.487901720849988E+00,  1.136270855716224E+02,  3.396163140593558E+02,  2.463590092284334E+06,  3.349761986718996E-02,  2.932194034892258E+02,  2.872864026943130E+02,  9.531650716110136E+00,  1.005507183836209E+01,  1.074703221982080E+04,
2461604.500000000, A.D. 2027-Jul-18 00:00:00.0000,  5.459172108942382E-02,  9.008946130990189E+00,  2.487924081782990E+00,  1.136422164061473E+02,  3.397474569174308E+02,  2.463594544495307E+06,  3.351075753628619E-02,  2.933121014313260E+02,  2.874182300148930E+02,  9.529159339890152E+00,  1.004937254879011E+01,  1.074281891748296E+04,
2461612.500000000, A.D. 2027-Jul-26 00:00:00.0000,  5.488707719606484E-02,  9.007948955185407E+00,  2.487887762984545E+00,  1.136194081826924E+02,  3.396794430833550E+02,  2.463591595838761E+06,  3.350061704508994E-02,  2.936990682101386E+02,  2.877872934646361E+02,  9.531082199639034E+00,  1.005421544409266E+01,  1.074607072208432E+04,
2461620.500000000, A.D. 2027-Aug-03 00:00:00.0000,  5.457115636706821E-02,  9.008712458620328E+00,  2.487912862510595E+00,  1.136389246312883E+02,  3.397934101888216E+02,  2.463595693632155E+06,  3.351315482045482E-02,  2.938050300051995E+02,  2.879321870814173E+02,  9.528704903907093E+00,  1.004869734919385E+01,  1.074205045537143E+04,
2461628.500000000, A.D. 2027-Aug-11 00:00:00.0000,  5.486348020003556E-02,  9.007830914004327E+00,  2.487892864842251E+00,  1.136201655785611E+02,  3.397115819668429E+02,  2.463592503838242E+06,  3.350253021626597E-02,  2.942009020644407E+02,  2.883112909063390E+02,  9.530719346143568E+00,  1.005360777828281E+01,  1.074545706476864E+04,
2461636.500000000, A.D. 2027-Aug-19 00:00:00.0000,  5.453938989809971E-02,  9.008678361517330E+00,  2.487914795078229E+00,  1.136437920238236E+02,  3.398143613246522E+02,  2.463596424359942E+06,  3.351503417737783E-02,  2.943130680914766E+02,  2.884635367623114E+02,  9.528348685564371E+00,  1.004801900961141E+01,  1.074144809444936E+04,
2461644.500000000, A.D. 2027-Aug-27 00:00:00.0000,  5.483074799995415E-02,  9.007628151659279E+00,  2.487890790956774E+00,  1.136150447157045E+02,  3.397665669480970E+02,  2.463593871486090E+06,  3.350540191472552E-02,  2.946855248774394E+02,  2.888188565126916E+02,  9.530174762454971E+00,  1.005272137325066E+01,  1.074453608753104E+04,
2461652.500000000, A.D. 2027-Sep-04 00:00:00.0000,  5.451293589028681E-02,  9.008505095759896E+00,  2.487905537927328E+00,  1.136406468154723E+02,  3.398567758191896E+02,  2.463597495445649E+06,  3.351740778037329E-02,  2.948087945172060E+02,  2.889819697609332E+02,  9.527898834070733E+00,  1.004729257238157E+01,  1.074068741708613E+04,
2461660.500000000, A.D. 2027-Sep-12 00:00:00.0000,  5.480612763661737E-02,  9.007589748722111E+00,  2.487897007608159E+00,  1.136159233731532E+02,  3.397892249974914E+02,  2.463594536209175E+06,  3.350692535681421E-02,  2.951963931018071E+02,  2.893532966413522E+02,  9.529885891239799E+00,  1.005218203375749E+01,  1.074404757125195E+04,
2461668.500000000, A.D. 2027-Sep-20 00:00:00.0000,  5.448320641416234E-02,  9.008618834576250E+00,  2.487904011967125E+00,  1.136486460564371E+02,  3.398541793270623E+02,  2.463597688043438E+06,  3.351835386079933E-02,  2.953367924960245E+02,  2.895348211137728E+02,  9.527719545214415E+00,  1.004682025585258E+01,  1.074038425320852E+04,
2461676.500000000, A.D. 2027-Sep-28 00:00:00.0000,  5.477297274684186E-02,  9.007550142134514E+00,  2.487901889294147E+00,  1.136145391648916E+02,  3.398201232274350E+02,  2.463595372199758E+06,  3.350890938212216E-02,  2.957006853424351E+02,  2.898822990348162E+02,  9.529509718221421E+00,  1.005146929430833E+01,  1.074341142812810E+04,
2461684.500000000, A.D. 2027-Oct-06 00:00:00.0000,  5.445610641165181E-02,  9.008514397017388E+00,  2.487895322277735E+00,  1.136453572439807E+02,  3.398883046788221E+02,  2.463598539150917E+06,  3.352037780894827E-02,  2.958406845201327E+02,  2.900627703016339E+02,  9.527336021207844E+00,  1.004615764539830E+01,  1.073973575273659E+04,
2461692.500000000, A.D. 2027-Oct-14 00:00:00.0000,  5.475139508963258E-02,  9.007494570830790E+00,  2.487908118447173E+00,  1.136124645088021E+02,  3.398455193432765E+02,  2.463596024567648E+06,  3.351036691002290E-02,  2.962121933158771E+02,  2.904180354521392E+02,  9.529233393245708E+00,  1.005097221566063E+01,  1.074294414521390E+04,
2461700.500000000, A.D. 2027-Oct-22 00:00:00.0000,  5.443211969944460E-02,  9.008609327169772E+00,  2.487885383092483E+00,  1.136520128595562E+02,  3.398848865923532E+02,  2.463598663231321E+06,  3.352112348166254E-02,  2.963714359345416E+02,  2.906188691007448E+02,  9.527194731177122E+00,  1.004578013518447E+01,  1.073949684881341E+04,
2461708.500000000, A.D. 2027-Oct-30 00:00:00.0000,  5.471937934318038E-02,  9.007448050836853E+00,  2.487915000084330E+00,  1.136115003412702E+02,  3.398756991052825E+02,  2.463596849001750E+06,  3.351232904369842E-02,  2.967170269040200E+02,  2.909484190577747E+02,  9.528861434372907E+00,  1.005027481790896E+01,  1.074231515006247E+04,
2461716.500000000, A.D. 2027-Nov-07 00:00:00.0000,  5.440104510225993E-02,  9.008433160744012E+00,  2.487879072390005E+00,  1.136467524364384E+02,  3.399325655312549E+02,  2.463599822680066E+06,  3.352375927152702E-02,  2.968639438428563E+02,  2.911363151392616E+02,  9.526695343818577E+00,  1.004495752689314E+01,  1.073865246090588E+04,
2461724.500000000, A.D. 2027-Nov-15 00:00:00.0000,  5.469497403164121E-02,  9.007268349740986E+00,  2.487928490054194E+00,  1.136048967282384E+02,  3.399231122099931E+02,  2.463597961817255E+06,  3.351462982133395E-02,  2.972116207103028E+02,  2.914677418776236E+02,  9.528425325480576E+00,  1.004958230122017E+01,  1.074157769067286E+04,
2461732.500000000, A.D. 2027-Nov-23 00:00:00.0000,  5.438047193385444E-02,  9.008462614934405E+00,  2.487865048405443E+00,  1.136512585891029E+02,  3.399369087155073E+02,  2.463600086083686E+06,  3.352468891016387E-02,  2.973897575314929E+02,  2.916878768361365E+02,  9.526519226350274E+00,  1.004457583776614E+01,  1.073835467838918E+04,
2461740.500000000, A.D. 2027-Dec-01 00:00:00.0000,  5.466771453651283E-02,  9.007282141020854E+00,  2.487935042868551E+00,  1.136066352013836E+02,  3.399393715038190E+02,  2.463598483499041E+06,  3.351600253375479E-02,  2.977278203384667E+02,  2.920104208624811E+02,  9.528165153700078E+00,  1.004904816637930E+01,  1.074113774867499E+04,
2461748.500000000, A.D. 2027-Dec-09 00:00:00.0000,  5.435165833934848E-02,  9.008377265766214E+00,  2.487857850670276E+00,  1.136492158186081E+02,  3.399679725104152E+02,  2.463600890422265E+06,  3.352669766140366E-02,  2.978954663618330E+02,  2.922197972239543E+02,  9.526138701778523E+00,  1.004390013779083E+01,  1.073771129014106E+04,
2461756.500000000, A.D. 2027-Dec-17 00:00:00.0000,  5.464490765829145E-02,  9.007125854701412E+00,  2.487955913229418E+00,  1.136000923625641E+02,  3.399826078748641E+02,  2.463599485139311E+06,  3.351808780072351E-02,  2.982266622851325E+02,  2.925349327811757E+02,  9.527769964606794E+00,  1.004841407451218E+01,  1.074046950829424E+04,
2461764.500000000, A.D. 2027-Dec-25 00:00:00.0000,  5.433697811255951E-02,  9.008389348910187E+00,  2.487840349057391E+00,  1.136529550030499E+02,  3.399710952901227E+02,  2.463601090952537E+06,  3.352741090949879E-02,  2.984238604616010E+02,  2.927744178405729E+02,  9.526003597909986E+00,  1.004361784690978E+01,  1.073748286056908E+04,
2461772.500000000, A.D. 2028-Jan-02 00:00:00.0000,  5.462416084658248E-02,  9.007159260025404E+00,  2.487958073057796E+00,  1.136038681790440E+02,  3.399896828520583E+02,  2.463599807804357E+06,  3.351900471990679E-02,  2.987504610810357E+02,  2.930858315765154E+02,  9.527596207759339E+00,  1.004803315549328E+01,  1.074017570056899E+04,
2461780.500000000, A.D. 2028-Jan-10 00:00:00.0000,  5.430854826750278E-02,  9.008324260405418E+00,  2.487826869929520E+00,  1.136536376791683E+02,  3.399962692039941E+02,  2.463601810784700E+06,  3.352928623190368E-02,  2.989327493825390E+02,  2.933105741800688E+02,  9.525648396104522E+00,  1.004297253180363E+01,  1.073688230372927E+04,
2461788.500000000, A.D. 2028-Jan-18 00:00:00.0000,  5.459409871792750E-02,  9.006948654665628E+00,  2.487986353660036E+00,  1.135968831214915E+02,  3.400450674479658E+02,  2.463601126420132E+06,  3.352177924764890E-02,  2.992375372858760E+02,  2.935997035552786E+02,  9.527070480997880E+00,  1.004719230733013E+01,  1.073928675863019E+04,
2461796.500000000, A.D. 2028-Jan-26 00:00:00.0000,  5.428537479407337E-02,  9.008220545392632E+00,  2.487811328039324E+00,  1.136547235336649E+02,  3.400224801085334E+02,  2.463602558867642E+06,  3.353109773097140E-02,  2.994408636012158E+02,  2.938458210453064E+02,  9.525305314413551E+00,  1.004239008343447E+01,  1.073630224958253E+04,
2461804.500000000, A.D. 2028-Feb-03 00:00:00.0000,  5.456496894154719E-02,  9.006910158239998E+00,  2.487987332044728E+00,  1.136002393929461E+02,  3.400670499057862E+02,  2.463601840287939E+06,  3.352354348870695E-02,  2.997467846932811E+02,  2.941371741015618E+02,  9.526736224440929E+00,  1.004656229064186E+01,  1.073872158297564E+04,
2461812.500000000, A.D. 2028-Feb-11 00:00:00.0000,  5.424582472192068E-02,  9.008147890631587E+00,  2.487790792554781E+00,  1.136569070175023E+02,  3.400540366924187E+02,  2.463603501754361E+06,  3.353360686528613E-02,  2.999412512742127E+02,  2.943751518184847E+02,  9.524830157882121E+00,  1.004151242513266E+01,  1.073549891147172E+04,
2461820.500000000, A.D. 2028-Feb-19 00:00:00.0000,  5.452053146619964E-02,  9.006693196287642E+00,  2.488025078612940E+00,  1.135926098715788E+02,  3.401330458818579E+02,  2.463603441473678E+06,  3.352711844830026E-02,  3.002231100256063E+02,  2.946421319704662E+02,  9.526058995500712E+00,  1.004542479471378E+01,  1.073757652495934E+04,
2461828.500000000, A.D. 2028-Feb-27 00:00:00.0000,  5.421392496032817E-02,  9.008017377131221E+00,  2.487785931470479E+00,  1.136544778993414E+02,  3.400927217182541E+02,  2.463604497327648E+06,  3.353603230611763E-02,  3.004400962444377E+02,  2.949024874355284E+02,  9.524370906764906E+00,  1.004072443639859E+01,  1.073472248338480E+04,
2461836.500000000, A.D. 2028-Mar-06 00:00:00.0000,  5.449337939928294E-02,  9.006682322328169E+00,  2.488032032883330E+00,  1.135942281949475E+02,  3.401516034263833E+02,  2.463604016006070E+06,  3.352862341469001E-02,  3.007376214530493E+02,  2.951858134892001E+02,  9.525773935465281E+00,  1.004486554860239E+01,  1.073709455790756E+04,
2461844.500000000, A.D. 2028-Mar-14 00:00:00.0000,  5.418121971311437E-02,  9.008046394952288E+00,  2.487755186163024E+00,  1.136586339026764E+02,  3.401040817949166E+02,  2.463604951282097E+06,  3.353760977944607E-02,  3.009586718653247E+02,  2.954510926586445E+02,  9.524072245869307E+00,  1.004009809678633E+01,  1.073421756551745E+04,
2461852.500000000, A.D. 2028-Mar-22 00:00:00.0000,  5.445042033773741E-02,  9.006565346982891E+00,  2.488069812133399E+00,  1.135886128799908E+02,  3.402012474046890E+02,  2.463605238465143E+06,  3.353156173899095E-02,  3.012279419437566E+02,  2.957061584836774E+02,  9.525217440422226E+00,  1.004386953386156E+01,  1.073615368118650E+04,
2461860.500000000, A.D. 2028-Mar-30 00:00:00.0000,  5.414692083069612E-02,  9.007944242786778E+00,  2.487757349990220E+00,  1.136548918800561E+02,  3.401416092074252E+02,  2.463605884983727E+06,  3.354000461138672E-02,  3.014597795971357E+02,  2.959819437076897E+02,  9.523618880321255E+00,  1.003929351785573E+01,  1.073345111818444E+04,
2461868.500000000, A.D. 2028-Apr-07 00:00:00.0000,  5.442346817548142E-02,  9.006568003187155E+00,  2.488084381486747E+00,  1.135886607739450E+02,  3.402191856891898E+02,  2.463605754356124E+06,  3.353298060195207E-02,  3.017446833754530E+02,  2.962530728245910E+02,  9.524948748261242E+00,  1.004332949333533E+01,  1.073569940809387E+04,
2461876.500000000, A.D. 2028-Apr-15 00:00:00.0000,  5.411718943118553E-02,  9.008041717681392E+00,  2.487712941856284E+00,  1.136608462433189E+02,  3.401396860682913E+02,  2.463606032642420E+06,  3.354104161702142E-02,  3.019896736625947E+02,  2.965430782562534E+02,  9.523422581560958E+00,  1.003880344544052E+01,  1.073311926655572E+04,
2461884.500000000, A.D. 2028-Apr-23 00:00:00.0000,  5.437721325430984E-02,  9.006552089488721E+00,  2.488109383672614E+00,  1.135866586693735E+02,  3.402534181415487E+02,  2.463606671679180E+06,  3.353553002026630E-02,  3.022460599528260E+02,  2.967862602802001E+02,  9.524466008781669E+00,  1.004237992807462E+01,  1.073488326507568E+04,
2461892.500000000, A.D. 2028-May-01 00:00:00.0000,  5.407233208953009E-02,  9.007998393724248E+00,  2.487710723587957E+00,  1.136581522694681E+02,  3.401744548631818E+02,  2.463606936423823E+06,  3.354366960085615E-02,  3.024915110476069E+02,  2.970766796710752E+02,  9.522925165750449E+00,  1.003785193777665E+01,  1.073227837871416E+04,
2461900.500000000, A.D. 2028-May-09 00:00:00.0000,  5.434117521496999E-02,  9.006587913455130E+00,  2.488131214689607E+00,  1.135855066658243E+02,  3.402733177764503E+02,  2.463607220005944E+06,  3.353724702192237E-02,  3.027613095633951E+02,  2.973334492930022E+02,  9.524140924188526E+00,  1.004169393492192E+01,  1.073433367278709E+04,
2461908.500000000, A.D. 2028-May-17 00:00:00.0000,  5.404231222259434E-02,  9.008164937293378E+00,  2.487660954145139E+00,  1.136638223892661E+02,  3.401630393677632E+02,  2.463606827345227E+06,  3.354433614492942E-02,  3.030307366475849E+02,  2.976486267802108E+02,  9.522799014889026E+00,  1.003743309248467E+01,  1.073206512254730E+04,
2461916.500000000, A.D. 2028-May-25 00:00:00.0000,  5.429860417091743E-02,  9.006678019479251E+00,  2.488154340947430E+00,  1.135842824142541E+02,  3.402896403728097E+02,  2.463607681743474E+06,  3.353900837322095E-02,  3.032794413449907E+02,  2.978848052279175E+02,  9.523807471578520E+00,  1.004093692367779E+01,  1.073376994316386E+04,
2461924.500000000, A.D. 2028-Jun-02 00:00:00.0000,  5.400140413566539E-02,  9.008178375604571E+00,  2.487671340781799E+00,  1.136592571569840E+02,  3.401889997455968E+02,  2.463607444078296E+06,  3.354643704697987E-02,  3.035432224238415E+02,  2.981939418743358E+02,  9.522401423200877E+00,  1.003662447079718E+01,  1.073139300891598E+04,
2461932.500000000, A.D. 2028-Jun-10 00:00:00.0000,  5.427006717653736E-02,  9.006699332824841E+00,  2.488207776017972E+00,  1.135786620233963E+02,  3.403109950842007E+02,  2.463608138729695E+06,  3.354040741345091E-02,  3.037983943282831E+02,  2.984360392222931E+02,  9.523542631177458E+00,  1.004038592953007E+01,  1.073332221527002E+04,
2461940.500000000, A.D. 2028-Jun-18 00:00:00.0000,  5.398695377737792E-02,  9.008324606886990E+00,  2.487635554839570E+00,  1.136619859509434E+02,  3.401733095450658E+02,  2.463607122165947E+06,  3.354638884525735E-02,  3.040908447630201E+02,  2.987741377595244E+02,  9.522410544819369E+00,  1.003649648275175E+01,  1.073140842850796E+04,
2461948.500000000, A.D. 2028-Jun-26 00:00:00.0000,  5.424354781537483E-02,  9.006815834038127E+00,  2.488227278854859E+00,  1.135784336232974E+02,  3.403125430252085E+02,  2.463608214885339E+06,  3.354116740893380E-02,  3.043312251797493E+02,  2.990022092610656E+02,  9.523398770616970E+00,  1.003998170719581E+01,  1.073307901334743E+04,
2461956.500000000, A.D. 2028-Jul-04 00:00:00.0000,  5.395382462871774E-02,  9.008358478890287E+00,  2.487637845789351E+00,  1.136590438432309E+02,  3.401896712494272E+02,  2.463607517376827E+06,  3.354796182574347E-02,  3.046117320685734E+02,  2.993284625585238E+02,  9.522112887729708E+00,  1.003586729656913E+01,  1.073090525945899E+04,
2461964.500000000, A.D. 2028-Jul-12 00:00:00.0000,  5.421609438924022E-02,  9.006808039355315E+00,  2.488289467033891E+00,  1.135725331733808E+02,  3.403372160433547E+02,  2.463608748665098E+06,  3.354267141222304E-02,  3.048475073066215E+02,  2.995514353366963E+02,  9.523114091837900E+00,  1.003942014432049E+01,  1.073259775811461E+04,
2461972.500000000, A.D. 2028-Jul-20 00:00:00.0000,  5.394381090709129E-02,  9.008462955593792E+00,  2.487599218751382E+00,  1.136616958805410E+02,  3.401768335335122E+02,  2.463607261266661E+06,  3.354791085329968E-02,  3.051571747596273E+02,  2.999069109543719E+02,  9.522122532945138E+00,  1.003578211029648E+01,  1.073092156391585E+04,
2461980.500000000, A.D. 2028-Jul-28 00:00:00.0000,  5.419675081388858E-02,  9.006941264819595E+00,  2.488283696868280E+00,  1.135757484575097E+02,  3.403283423183213E+02,  2.463608630821275E+06,  3.354295622522852E-02,  3.053876791330249E+02,  3.001256123029326E+02,  9.523060184631746E+00,  1.003917910444390E+01,  1.073250662770250E+04,
2461988.500000000, A.D. 2028-Aug-05 00:00:00.0000,  5.391212795763157E-02,  9.008545706149803E+00,  2.487565496614104E+00,  1.136634122139068E+02,  3.401803568464845E+02,  2.463607438834160E+06,  3.354913385362910E-02,  3.056860043519375E+02,  3.004704431100106E+02,  9.521891118530664E+00,  1.003523653091152E+01,  1.073053037883593E+04,
2461996.500000000, A.D. 2028-Aug-13 00:00:00.0000,  5.416235783579188E-02,  9.006944324228291E+00,  2.488337997990323E+00,  1.135715155996737E+02,  3.403535028476073E+02,  2.463609229346545E+06,  3.354476877336739E-02,  3.059013669761204E+02,  3.006737054387989E+02,  9.522717137392787E+00,  1.003848995055728E+01,  1.073192671060589E+04,
2462004.500000000, A.D. 2028-Aug-21 00:00:00.0000,  5.389753043519627E-02,  9.008604885531126E+00,  2.487538743159845E+00,  1.136641326318859E+02,  3.401780998423055E+02,  2.463607415082016E+06,  3.354957972483241E-02,  3.062228726637802E+02,  3.010412590485307E+02,  9.521806754901483E+00,  1.003500862427184E+01,  1.073038777095436E+04,
2462012.500000000, A.D. 2028-Aug-29 00:00:00.0000,  5.414610964591102E-02,  9.007028628880501E+00,  2.488346661855688E+00,  1.135728280744311E+02,  3.403511632510716E+02,  2.463609227581922E+06,  3.354516218332719E-02,  3.064375143018319E+02,  3.012442655249327E+02,  9.522642683753871E+00,  1.003825673862724E+01,  1.073180084903358E+04,
2462020.500000000, A.D. 2028-Sep-06 00:00:00.0000,  5.386944664439226E-02,  9.008641778586682E+00,  2.487509773987540E+00,  1.136649659188490E+02,  3.401863672280051E+02,  2.463607687712485E+06,  3.355086744559452E-02,  3.067484754471355E+02,  3.016019429160717E+02,  9.521563114768940E+00,  1.003448445095120E+01,  1.072997592636821E+04,
2462028.500000000, A.D. 2028-Sep-14 00:00:00.0000,  5.410740413352146E-02,  9.006956601512925E+00,  2.488422455155880E+00,  1.135667987602354E+02,  3.403907533169486E+02,  2.463610161344393E+06,  3.354762367818564E-02,  3.069390204319704E+02,  3.017807342436012E+02,  9.522176873857612E+00,  1.003739714620230E+01,  1.073101342298919E+04,
2462036.500000000, A.D. 2028-Sep-22 00:00:00.0000,  5.384884896689002E-02,  9.008592822983349E+00,  2.487513188768733E+00,  1.136622717389752E+02,  3.402060161906692E+02,  2.463608156006476E+06,  3.355223657590687E-02,  3.072674258547755E+02,  3.021552710136265E+02,  9.521304088830625E+00,  1.003401535467790E+01,  1.072953807969118E+04,
2462044.500000000, A.D. 2028-Sep-30 00:00:00.0000,  5.409125441811933E-02,  9.006966775300459E+00,  2.488447291440282E+00,  1.135665079748492E+02,  3.404002068674590E+02,  2.463610425651768E+06,  3.354842600400908E-02,  3.074656591438674E+02,  3.023421057647110E+02,  9.522025055133387E+00,  1.003708333496631E+01,  1.073075678593623E+04,
2462052.500000000, A.D. 2028-Oct-08 00:00:00.0000,  5.382348892351403E-02,  9.008621364280959E+00,  2.487465341511234E+00,  1.136649245566852E+02,  3.402117392749198E+02,  2.463608405057518E+06,  3.355342609707272E-02,  3.077940546385010E+02,  3.027176801451983E+02,  9.521079057470629E+00,  1.003353675066030E+01,  1.072915770087059E+04,
2462060.500000000, A.D. 2028-Oct-16 00:00:00.0000,  5.404772160737429E-02,  9.006915083772199E+00,  2.488500214608514E+00,  1.135634928991726E+02,  3.404362511984714E+02,  2.463611350216389E+06,  3.355103081639035E-02,  3.079673765983264E+02,  3.028801036216387E+02,  9.521532205701606E+00,  1.003614932763101E+01,  1.072992367865290E+04,
2462068.500000000, A.D. 2028-Oct-24 00:00:00.0000,  5.379351921021086E-02,  9.008572523454253E+00,  2.487459631137017E+00,  1.136632944973283E+02,  3.402353068121122E+02,  2.463609015297744E+06,  3.355529317704099E-02,  3.083075575404703E+02,  3.032670176820903E+02,  9.520725873632660E+00,  1.003287922381107E+01,  1.072856071024637E+04,
2462076.500000000, A.D. 2028-Nov-01 00:00:00.0000,  5.402781600998480E-02,  9.006935440968324E+00,  2.488522003465845E+00,  1.135636731297058E+02,  3.404456445838604E+02,  2.463611629366842E+06,  3.355197608938391E-02,  3.084933761896193E+02,  3.034420524999346E+02,  9.521353368952116E+00,  1.003577129693591E+01,  1.072962138030095E+04,
2462084.500000000, A.D. 2028-Nov-09 00:00:00.0000,  5.377081768878487E-02,  9.008659798863953E+00,  2.487385311951055E+00,  1.136681039581386E+02,  3.402284888126858E+02,  2.463608987727370E+06,  3.355601314021454E-02,  3.088442697882908E+02,  3.038407978900902E+02,  9.520589691452782E+00,  1.003251958404161E+01,  1.072833052292989E+04,
2462092.500000000, A.D. 2028-Nov-17 00:00:00.0000,  5.398112259663163E-02,  9.006970935517465E+00,  2.488546104803012E+00,  1.135636204151694E+02,  3.404673443332831E+02,  2.463612257749600E+06,  3.355426197414180E-02,  3.090056503326867E+02,  3.039924169739400E+02,  9.520920935784906E+00,  1.003487093605235E+01,  1.072889042463309E+04,
2462100.500000000, A.D. 2028-Nov-25 00:00:00.0000,  5.372906534874582E-02,  9.008654650881930E+00,  2.487378455997325E+00,  1.136665337949575E+02,  3.402515946324552E+02,  2.463609600876142E+06,  3.355826291733754E-02,  3.093571960296540E+02,  3.043915161669865E+02,  9.520164173912885E+00,  1.003167369694384E+01,  1.072761128568456E+04,
2462108.500000000, A.D. 2028-Dec-03 00:00:00.0000,  5.395064069358400E-02,  9.006981917699774E+00,  2.488600473516841E+00,  1.135609725591546E+02,  3.404862863615769E+02,  2.463612725207384E+06,  3.355582235534779E-02,  3.095244861586000E+02,  3.045486188655598E+02,  9.520625778239655E+00,  1.003426963877954E+01,  1.072839151988856E+04,
2462116.500000000, A.D. 2028-Dec-11 00:00:00.0000,  5.370450486447079E-02,  9.008728770496340E+00,  2.487329500512022E+00,  1.136686176505489E+02,  3.402499089709000E+02,  2.463609637805238E+06,  3.355915526621320E-02,  3.098915565601498E+02,  3.049638605212129E+02,  9.519995410319591E+00,  1.003126205014284E+01,  1.072732603500428E+04,
2462124.500000000, A.D. 2028-Dec-19 00:00:00.0000,  5.390328811084188E-02,  9.007039532102015E+00,  2.488632180203037E+00,  1.135603659308109E+02,  3.405049773835557E+02,  2.463613259043531E+06,  3.355801975159426E-02,  3.100401946118082E+02,  3.051035159086902E+02,  9.520210163416415E+00,  1.003338079473082E+01,  1.072768901934082E+04,
2462132.500000000, A.D. 2028-Dec-27 00:00:00.0000,  5.365756898915404E-02,  9.008750090457276E+00,  2.487329079062631E+00,  1.136665357585641E+02,  3.402717539113769E+02,  2.463610209069820E+06,  3.356153293842761E-02,  3.104058183798401E+02,  3.055173185650369E+02,  9.519545774603470E+00,  1.003034145874967E+01,  1.072656605586104E+04,
2462140.500000000, A.D. 2029-Jan-04 00:00:00.0000,  5.386955789608076E-02,  9.007060446359368E+00,  2.488711690828836E+00,  1.135560120177402E+02,  3.405254662620988E+02,  2.463613724941761E+06,  3.355969749402853E-02,  3.105590166138440E+02,  3.056608406759245E+02,  9.519892866284149E+00,  1.003272528620893E+01,  1.072715271238833E+04,
2462148.500000000, A.D. 2029-Jan-12 00:00:00.0000,  5.364104998301600E-02,  9.008836358167773E+00,  2.487295555765157E+00,  1.136671935520035E+02,  3.402650071896483E+02,  2.463610065419069E+06,  3.356192961470168E-02,  3.109470442779465E+02,  3.060971119309261E+02,  9.519470765301152E+00,  1.003010517243453E+01,  1.072643927607498E+04,
2462156.500000000, A.D. 2029-Jan-20 00:00:00.0000,  5.383497140138159E-02,  9.007163924929758E+00,  2.488733240614982E+00,  1.135564050956898E+02,  3.405290396451852E+02,  2.463613871616350E+06,  3.356095935538141E-02,  3.110892104179713E+02,  3.062308177174236E+02,  9.519654238616729E+00,  1.003214455230370E+01,  1.072674938126508E+04,
2462164.500000000, A.D. 2029-Jan-28 00:00:00.0000,  5.360072800375711E-02,  9.008910597984862E+00,  2.487275663521497E+00,  1.136667333699226E+02,  3.402731907840115E+02,  2.463610311299813E+06,  3.356365973506850E-02,  3.114732814919650E+02,  3.066635700153291E+02,  9.519143626328390E+00,  1.002937665467192E+01,  1.072588635570808E+04,
2462172.500000000, A.D. 2029-Feb-05 00:00:00.0000,  5.380238494468397E-02,  9.007212933907983E+00,  2.488817697783881E+00,  1.135521224388635E+02,  3.405442190280169E+02,  2.463614197425859E+06,  3.356241923219183E-02,  3.116131465873579E+02,  3.067943373763382E+02,  9.519378183363322E+00,  1.003154343281866E+01,  1.072628279592853E+04,
2462180.500000000, A.D. 2029-Feb-13 00:00:00.0000,  5.359047550781416E-02,  9.009007815901510E+00,  2.487254902832715E+00,  1.136663372886008E+02,  3.402622359707923E+02,  2.463610021818062E+06,  3.356366184223841E-02,  3.120200131024570E+02,  3.072495785682539E+02,  9.519143227912322E+00,  1.002927863992313E+01,  1.072588568232313E+04,
2462188.500000000, A.D. 2029-Feb-21 00:00:00.0000,  5.377779760231415E-02,  9.007352249886134E+00,  2.488827903663073E+00,  1.135533985538876E+02,  3.405357726559635E+02,  2.463614039037238E+06,  3.356294875291067E-02,  3.121547063479150E+02,  3.073764035301704E+02,  9.519278058644042E+00,  1.003120386740195E+01,  1.072611356797962E+04,
2462196.500000000, A.D. 2029-Mar-01 00:00:00.0000,  5.355223585070929E-02,  9.009128031105124E+00,  2.487199194330864E+00,  1.136683635281940E+02,  3.402590832960558E+02,  2.463610031317853E+06,  3.356502423717544E-02,  3.125547870562408E+02,  3.078258374626736E+02,  9.518885639930616E+00,  1.002864324875611E+01,  1.072545032162606E+04,
2462204.500000000, A.D. 2029-Mar-09 00:00:00.0000,  5.373558117849850E-02,  9.007415671941375E+00,  2.488898498749717E+00,  1.135503967012574E+02,  3.405517210092517E+02,  2.463614427841415E+06,  3.356484042983771E-02,  3.126759969853239E+02,  3.079388201248511E+02,  9.518920391363134E+00,  1.003042511078489E+01,  1.072550905619606E+04,
2462212.500000000, A.D. 2029-Mar-17 00:00:00.0000,  5.353410310564490E-02,  9.009194541730029E+00,  2.487198820071499E+00,  1.136664419381860E+02,  3.402578879424979E+02,  2.463609966293663E+06,  3.356561713501178E-02,  3.130931814278174E+02,  3.084045530366133E+02,  9.518773546191108E+00,  1.002835255065219E+01,  1.072526086894108E+04,
2462220.500000000, A.D. 2029-Mar-25 00:00:00.0000,  5.371338619789418E-02,  9.007525977992195E+00,  2.488931570393805E+00,  1.135500848552278E+02,  3.405475266703593E+02,  2.463614335684452E+06,  3.356540477858096E-02,  3.132153410565491E+02,  3.085191600621613E+02,  9.518813694088580E+00,  1.003010141018497E+01,  1.072532872386887E+04,
2462228.500000000, A.D. 2029-Apr-02 00:00:00.0000,  5.350166122860534E-02,  9.009309995006253E+00,  2.487137917085960E+00,  1.136685978124353E+02,  3.402516799591284E+02,  2.463609891227205E+06,  3.356669769521443E-02,  3.136312582775850E+02,  3.089846740587104E+02,  9.518569263101741E+00,  1.002782853119723E+01,  1.072491560739157E+04,
2462236.500000000, A.D. 2029-Apr-10 00:00:00.0000,  5.367059915618419E-02,  9.007581411186054E+00,  2.488997623030873E+00,  1.135476521559874E+02,  3.405637706497424E+02,  2.463614746133101E+06,  3.356737146502727E-02,  3.137359000799681E+02,  3.090816457222262E+02,  9.518441890481522E+00,  1.002930236977699E+01,  1.072470033511775E+04,
2462244.500000000, A.D. 2029-Apr-18 00:00:00.0000,  5.348141173188931E-02,  9.009328153164144E+00,  2.487164061470731E+00,  1.136650257844918E+02,  3.402603871020038E+02,  2.463610044817103E+06,  3.356767341286487E-02,  3.141618375488479E+02,  3.095560661502327E+02,  9.518384810222198E+00,  1.002744146728025E+01,  1.072460386432470E+04,
2462252.500000000, A.D. 2029-Apr-26 00:00:00.0000,  5.365251273646558E-02,  9.007633141544673E+00,  2.489071338266345E+00,  1.135448979079931E+02,  3.405687921487493E+02,  2.463614826871535E+06,  3.356804461687178E-02,  3.142693507935335E+02,  3.096561363957013E+02,  9.518314638940092E+00,  1.002899613633551E+01,  1.072448526891730E+04,
2462260.500000000, A.D. 2029-May-04 00:00:00.0000,  5.345555216849814E-02,  9.009417841975669E+00,  2.487112158951180E+00,  1.136664701215961E+02,  3.402551620221209E+02,  2.463609969033166E+06,  3.356854779255895E-02,  3.147002842655752E+02,  3.101368374142724E+02,  9.518219522195613E+00,  1.002702120241556E+01,  1.072432451426452E+04,
2462268.500000000, A.D. 2029-May-12 00:00:00.0000,  5.360820380034403E-02,  9.007701956976154E+00,  2.489119442571644E+00,  1.135438375691752E+02,  3.405816427629558E+02,  2.463615184101228E+06,  3.357001748161181E-02,  3.147917911795713E+02,  3.102215621230990E+02,  9.517941716261285E+00,  1.002818147554641E+01,  1.072385500535388E+04,
2462276.500000000, A.D. 2029-May-20 00:00:00.0000,  5.342844249530579E-02,  9.009450611348468E+00,  2.487127713010316E+00,  1.136637269678168E+02,  3.402636157857584E+02,  2.463610143996004E+06,  3.356980678965773E-02,  3.152298287279447E+02,  3.107085681875728E+02,  9.517981540770929E+00,  1.002651247019339E+01,  1.072392231077451E+04,
2462284.500000000, A.D. 2029-May-28 00:00:00.0000,  5.358741377567149E-02,  9.007766865512597E+00,  2.489192074274894E+00,  1.135413962323338E+02,  3.405851792868621E+02,  2.463615235933221E+06,  3.357076080877334E-02,  3.153261822861878E+02,  3.107981344004385E+02,  9.517801217594421E+00,  1.002783556967625E+01,  1.072361755667801E+04,
2462292.500000000, A.D. 2029-Jun-05 00:00:00.0000,  5.340438920428729E-02,  9.009579682327510E+00,  2.487043843709194E+00,  1.136669130457599E+02,  3.402487946123225E+02,  2.463609858695832E+06,  3.357036495422058E-02,  3.157757878052993E+02,  3.112981006331362E+02,  9.517876038696205E+00,  1.002617239506490E+01,  1.072374400727924E+04,
2462300.500000000, A.D. 2029-Jun-13 00:00:00.0000,  5.353913033045753E-02,  9.007909602917564E+00,  2.489177305914131E+00,  1.135440773728206E+02,  3.405833714261352E+02,  2.463615307940371E+06,  3.357253188699557E-02,  3.158585684966088E+02,  3.113753819865966E+02,  9.517466481274267E+00,  1.002702335963097E+01,  1.072305184523325E+04,
2462308.500000000, A.D. 2029-Jun-21 00:00:00.0000,  5.336698672079696E-02,  9.009668519809320E+00,  2.487023445620085E+00,  1.136662877964401E+02,  3.402501250058597E+02,  2.463609910710480E+06,  3.357185810814172E-02,  3.163092242873453E+02,  3.118757369117645E+02,  9.517593822973907E+00,  1.002551912613849E+01,  1.072326705422046E+04,
2462316.500000000, A.D. 2029-Jun-29 00:00:00.0000,  5.351290353884135E-02,  9.007983722804200E+00,  2.489275918339579E+00,  1.135403306476865E+02,  3.405887156972113E+02,  2.463615377259938E+06,  3.357351297731475E-02,  3.163921274575271E+02,  3.119523459700492E+02,  9.517281066466039E+00,  1.002657841012788E+01,  1.072273849457601E+04,
2462324.500000000, A.D. 2029-Jul-07 00:00:00.0000,  5.334846542137454E-02,  9.009781351823904E+00,  2.486983466210082E+00,  1.136667567274839E+02,  3.402374501359017E+02,  2.463609604231459E+06,  3.357221272444726E-02,  3.168562073683836E+02,  3.124667302709663E+02,  9.517526801278940E+00,  1.002527225073398E+01,  1.072315378657923E+04,
2462332.500000000, A.D. 2029-Jul-15 00:00:00.0000,  5.347017679510616E-02,  9.008127829181191E+00,  2.489273345924362E+00,  1.135422446096526E+02,  3.405839113901044E+02,  2.463615342992269E+06,  3.357498070545042E-02,  3.169285712864548E+02,  3.125342459519969E+02,  9.517003699556136E+00,  1.002587956993108E+01,  1.072226975074804E+04,
2462340.500000000, A.D. 2029-Jul-23 00:00:00.0000,  5.330814906801303E-02,  9.009877713074479E+00,  2.486965207394204E+00,  1.136659944922003E+02,  3.402381524676568E+02,  2.463609637396758E+06,  3.357381880781920E-02,  3.173902109990160E+02,  3.130460174040554E+02,  9.517223269857611E+00,  1.002456882664074E+01,  1.072264081904670E+04,
2462348.500000000, A.D. 2029-Jul-31 00:00:00.0000,  5.343887258272932E-02,  9.008190981329273E+00,  2.489413508045570E+00,  1.135365664177152E+02,  3.405947408117493E+02,  2.463615509489011E+06,  3.357629325336305E-02,  3.174585178421838E+02,  3.131085366899902E+02,  9.516755675260484E+00,  1.002532036919169E+01,  1.072185060106186E+04,
2462356.500000000, A.D. 2029-Aug-08 00:00:00.0000,  5.329386196044915E-02,  9.009973883908156E+00,  2.486986251222744E+00,  1.136631961594725E+02,  3.402290753487591E+02,  2.463609335115512E+06,  3.357404128328496E-02,  3.179372621106447E+02,  3.136375558455920E+02,  9.517181226442775E+00,  1.002438856897739E+01,  1.072256976639950E+04,
2462364.500000000, A.D. 2029-Aug-16 00:00:00.0000,  5.340739581803408E-02,  9.008361007217056E+00,  2.489424463322739E+00,  1.135377795914831E+02,  3.405803605222196E+02,  2.463615192588768E+06,  3.357701744383401E-02,  3.180054731300874E+02,  3.137015879285229E+02,  9.516618836254249E+00,  1.002487666529144E+01,  1.072161935175423E+04,
2462372.500000000, A.D. 2029-Aug-24 00:00:00.0000,  5.326232884736929E-02,  9.010134092347082E+00,  2.486925006640670E+00,  1.136646750082100E+02,  3.402119402463469E+02,  2.463608947843895E+06,  3.357482322889530E-02,  3.184864822094665E+02,  3.142333134045273E+02,  9.517033458040657E+00,  1.002393282373423E+01,  1.072232004158924E+04,
2462380.500000000, A.D. 2029-Sep-01 00:00:00.0000,  5.338150373435531E-02,  9.008486799448260E+00,  2.489523370489108E+00,  1.135345610528635E+02,  3.405751105079888E+02,  2.463614994066088E+06,  3.357769178022671E-02,  3.185485387443665E+02,  3.142903699956591E+02,  9.516491421820108E+00,  1.002449604419196E+01,  1.072140403087497E+04,
2462388.500000000, A.D. 2029-Sep-09 00:00:00.0000,  5.325909571999993E-02,  9.010264125840667E+00,  2.486936246148334E+00,  1.136624793765031E+02,  3.401911252360599E+02,  2.463608341748015E+06,  3.357426840291589E-02,  3.190447057430504E+02,  3.148368545088777E+02,  9.517138305852543E+00,  1.002401248586442E+01,  1.072249723150287E+04,
2462396.500000000, A.D. 2029-Sep-17 00:00:00.0000,  5.336593739614025E-02,  9.008686984260189E+00,  2.489513100807723E+00,  1.135368000853561E+02,  3.405467322037440E+02,  2.463614319958935E+06,  3.357740078686424E-02,  3.191087711525827E+02,  3.148972590058963E+02,  9.516546403876950E+00,  1.002440582349371E+01,  1.072149694626854E+04,
2462404.500000000, A.D. 2029-Sep-25 00:00:00.0000,  5.323807246591114E-02,  9.010451985603682E+00,  2.486824738779701E+00,  1.136662596398256E+02,  3.401613762160612E+02,  2.463607672180564E+06,  3.357433671133860E-02,  3.196042920880305E+02,  3.154437889251649E+02,  9.517125397165124E+00,  1.002379880872657E+01,  1.072247541612407E+04,
2462412.500000000, A.D. 2029-Oct-03 00:00:00.0000,  5.333987661641944E-02,  9.008803275112061E+00,  2.489587821232382E+00,  1.135349102601670E+02,  3.405411053149510E+02,  2.463614145448786E+06,  3.357813719262868E-02,  3.196509842637773E+02,  3.154859497976394E+02,  9.516407264428262E+00,  1.002401125374446E+01,  1.072126181195751E+04,
2462420.500000000, A.D. 2029-Oct-11 00:00:00.0000,  5.323221489116532E-02,  9.010511045994686E+00,  2.486881280987933E+00,  1.136619399872908E+02,  3.401557587654725E+02,  2.463607413008689E+06,  3.357431819367919E-02,  3.201502049780611E+02,  3.160351102508995E+02,  9.517128896563472E+00,  1.002374674713226E+01,  1.072248133002369E+04,
2462428.500000000, A.D. 2029-Oct-19 00:00:00.0000,  5.332537155522858E-02,  9.008918466633171E+00,  2.489637611497611E+00,  1.135342623835186E+02,  3.405292746204745E+02,  2.463613829891829E+06,  3.357826491237807E-02,  3.201986788835976E+02,  3.160800266903208E+02,  9.516383133065816E+00,  1.002384779949846E+01,  1.072122103209961E+04,
2462436.500000000, A.D. 2029-Oct-27 00:00:00.0000,  5.321065681966320E-02,  9.010649408837748E+00,  2.486777506490928E+00,  1.136651172742177E+02,  3.401346488303303E+02,  2.463606954993020E+06,  3.357469159195547E-02,  3.207023345870964E+02,  3.166348541452645E+02,  9.517058333768627E+00,  1.002346725869951E+01,  1.072236208079589E+04,
2462444.500000000, A.D. 2029-Nov-04 00:00:00.0000,  5.329129584837549E-02,  9.009016396742478E+00,  2.489692020486126E+00,  1.135334303142788E+02,  3.405283873932972E+02,  2.463613813618950E+06,  3.357953037790358E-02,  3.207349978111683E+02,  3.166637618797606E+02,  9.516144044345449E+00,  1.002327169194842E+01,  1.072081699620468E+04,
2462452.500000000, A.D. 2029-Nov-12 00:00:00.0000,  5.319716856142332E-02,  9.010675496893681E+00,  2.486861412904386E+00,  1.136597462238844E+02,  3.401387951403867E+02,  2.463606931693506E+06,  3.357526325477991E-02,  3.212396519808602E+02,  3.172182979852786E+02,  9.516950306541458E+00,  1.002322511618924E+01,  1.072217951854030E+04,
2462460.500000000, A.D. 2029-Nov-20 00:00:00.0000,  5.327946918152647E-02,  9.009087313181656E+00,  2.489800220115626E+00,  1.135303034231281E+02,  3.405253946273801E+02,  2.463613663088212E+06,  3.357976311698435E-02,  3.212770566625882E+02,  3.172523088142902E+02,  9.516100073791556E+00,  1.002311283440145E+01,  1.072074269094278E+04,
2462468.500000000, A.D. 2029-Nov-28 00:00:00.0000,  5.318630150927894E-02,  9.010798239878392E+00,  2.486764747418149E+00,  1.136624604684738E+02,  3.401159339123408E+02,  2.463606406059879E+06,  3.357515526204667E-02,  3.217946273659397E+02,  3.178210826131471E+02,  9.516970713712906E+00,  1.002314318754742E+01,  1.072221400587069E+04,
2462476.500000000, A.D. 2029-Dec-06 00:00:00.0000,  5.325252440195154E-02,  9.009207958191073E+00,  2.489794832537568E+00,  1.135321758189006E+02,  3.405140682688464E+02,  2.463613435695642E+06,  3.358052216492574E-02,  3.218211056724050E+02,  3.178446035898309E+02,  9.515956673135113E+00,  1.002270538807915E+01,  1.072050036124851E+04,
2462484.500000000, A.D. 2029-Dec-14 00:00:00.0000,  5.317335013325277E-02,  9.010834014870255E+00,  2.486807007666497E+00,  1.136591232363642E+02,  3.401157723795075E+02,  2.463606321903539E+06,  3.357564421649049E-02,  3.223341068925042E+02,  3.184076203404672E+02,  9.516878317840341E+00,  1.002292262081043E+01,  1.072205786071524E+04,
2462492.500000000, A.D. 2029-Dec-22 00:00:00.0000,  5.323994961516766E-02,  9.009252214133793E+00,  2.489913647623433E+00,  1.135287996528583E+02,  3.405161920598198E+02,  2.463613413784477E+06,  3.358094375664172E-02,  3.223586572474160E+02,  3.184290963224269E+02,  9.515877027628886E+00,  1.002250184112398E+01,  1.072036577080411E+04,
2462500.500000000, A.D. 2029-Dec-30 00:00:00.0000,  5.316103661216173E-02,  9.010921270116112E+00,  2.486712490093028E+00,  1.136615753780177E+02,  3.400997168108522E+02,  2.463605969835442E+06,  3.357581150593093E-02,  3.228829531797147E+02,  3.190046692179702E+02,  9.516846706302170E+00,  1.002277214248823E+01,  1.072200443871352E+04,
2462508.500000000, A.D. 2030-Jan-07 00:00:00.0000,  5.320243497608696E-02,  9.009363010142438E+00,  2.489853204432810E+00,  1.135328630856845E+02,  3.405077623021057E+02,  2.463613327450702E+06,  3.358232020880678E-02,  3.228973307750610E+02,  3.190171074816969E+02,  9.515617005114386E+00,  1.002187100008633E+01,  1.071992637082866E+04,
2462516.500000000, A.D. 2030-Jan-15 00:00:00.0000,  5.312682861371300E-02,  9.010952369060737E+00,  2.486711566298942E+00,  1.136600905302579E+02,  3.401062760849334E+02,  2.463606127304367E+06,  3.357745726821409E-02,  3.234130857493356E+02,  3.195834309424524E+02,  9.516535731884860E+00,  1.002211909470898E+01,  1.072147891141215E+04,
2462524.500000000, A.D. 2030-Jan-23 00:00:00.0000,  5.316801693266785E-02,  9.009387901127715E+00,  2.489999383412055E+00,  1.135285459346097E+02,  3.405224351340294E+02,  2.463613627599760E+06,  3.358401222681214E-02,  3.234227253730945E+02,  3.195907802985423E+02,  9.515297394096404E+00,  1.002120688706509E+01,  1.071938628323242E+04,
2462532.500000000, A.D. 2030-Jan-31 00:00:00.0000,  5.310222114226163E-02,  9.011030863551532E+00,  2.486668344624544E+00,  1.136603225630349E+02,  3.400980820448532E+02,  2.463605932649334E+06,  3.357832744750618E-02,  3.239559270078140E+02,  3.201756193512966E+02,  9.516371317737928E+00,  1.002171177192432E+01,  1.072120106526440E+04,
2462540.500000000, A.D. 2030-Feb-08 00:00:00.0000,  5.312533654273854E-02,  9.009537392656771E+00,  2.489932282946212E+00,  1.135327072497199E+02,  3.405073985851178E+02,  2.463613371328340E+06,  3.358544713305970E-02,  3.239671367214565E+02,  3.201860781718164E+02,  9.515026370819596E+00,  1.002051534898242E+01,  1.071892830766083E+04,
2462548.500000000, A.D. 2030-Feb-16 00:00:00.0000,  5.306360555742515E-02,  9.011119261728179E+00,  2.486643398309712E+00,  1.136598094390031E+02,  3.400934628541004E+02,  2.463605822102831E+06,  3.357988738384584E-02,  3.244952428584748E+02,  3.207653620113173E+02,  9.516076596710258E+00,  1.002103393169234E+01,  1.072070301740154E+04,
2462556.500000000, A.D. 2030-Feb-24 00:00:00.0000,  5.308928022452335E-02,  9.009590853256860E+00,  2.490123791589720E+00,  1.135268943109414E+02,  3.405180881227432E+02,  2.463613526606467E+06,  3.358706656870179E-02,  3.244975770037193E+02,  3.207659982742883E+02,  9.514720517044243E+00,  1.001985018083162E+01,  1.071841148329003E+04,
2462564.500000000, A.D. 2030-Mar-04 00:00:00.0000,  5.304783092304415E-02,  9.011196294076509E+00,  2.486702446574919E+00,  1.136561304803641E+02,  3.400855525829572E+02,  2.463605524775493E+06,  3.358029588109062E-02,  3.250420800193968E+02,  3.213619402580933E+02,  9.515999422505361E+00,  1.002080255093421E+01,  1.072057260230156E+04,
2462572.500000000, A.D. 2030-Mar-12 00:00:00.0000,  5.306313651452638E-02,  9.009760559343210E+00,  2.490095927277385E+00,  1.135294701990414E+02,  3.404934432704466E+02,  2.463612961404969E+06,  3.358750856638011E-02,  3.250534936476356E+02,  3.213732511879413E+02,  9.514637043678068E+00,  1.001951352801293E+01,  1.071827043344165E+04,
2462580.500000000, A.D. 2030-Mar-20 00:00:00.0000,  5.302221969224974E-02,  9.011333267963442E+00,  2.486630217944536E+00,  1.136574078959447E+02,  3.400638181460473E+02,  2.463604998743623E+06,  3.358089253936681E-02,  3.255964177836807E+02,  3.219677683538337E+02,  9.515886703313063E+00,  1.002044013866269E+01,  1.072038212140945E+04,
2462588.500000000, A.D. 2030-Mar-28 00:00:00.0000,  5.303022071042233E-02,  9.009851353464111E+00,  2.490240280987241E+00,  1.135256914363173E+02,  3.404928390592308E+02,  2.463612868344783E+06,  3.358875212160811E-02,  3.255927455858602E+02,  3.219631878126718E+02,  9.514402202173077E+00,  1.001895305088204E+01,  1.071787361127974E+04,
2462596.500000000, A.D. 2030-Apr-05 00:00:00.0000,  5.300573697195433E-02,  9.011413413971153E+00,  2.486698908560534E+00,  1.136535169288683E+02,  3.400550965386495E+02,  2.463604674265096E+06,  3.358132128177573E-02,  3.261441760957895E+02,  3.225661204468508E+02,  9.515805708428330E+00,  1.002019800288550E+01,  1.072024525120066E+04,
2462604.500000000, A.D. 2030-Apr-13 00:00:00.0000,  5.300516387296818E-02,  9.010032525027688E+00,  2.490201258098271E+00,  1.135285739172825E+02,  3.404639455808835E+02,  2.463612196807688E+06,  3.358907214198640E-02,  3.261523992293235E+02,  3.225751290384310E+02,  9.514341769672610E+00,  1.001865101431753E+01,  1.071777149658145E+04,
2462612.500000000, A.D. 2030-Apr-21 00:00:00.0000,  5.298086406263538E-02,  9.011597576725674E+00,  2.486549923251692E+00,  1.136574257185744E+02,  3.400195447192710E+02,  2.463603850380555E+06,  3.358161486927160E-02,  3.267088533196979E+02,  3.231838783055992E+02,  9.515750247016864E+00,  1.001990291730805E+01,  1.072015152938381E+04,
2462620.500000000, A.D. 2030-Apr-29 00:00:00.0000,  5.296987120369608E-02,  9.010179820551739E+00,  2.490275072028531E+00,  1.135274277164559E+02,  3.404489095626108E+02,  2.463611791440972E+06,  3.359012616157518E-02,  3.267023954348731E+02,  3.231776045255881E+02,  9.514142735885159E+00,  1.001810565121858E+01,  1.071743518521867E+04,
2462628.500000000, A.D. 2030-May-07 00:00:00.0000,  5.296546540306082E-02,  9.011697603008427E+00,  2.486647727346369E+00,  1.136526352588310E+02,  3.400064035981700E+02,  2.463603383688782E+06,  3.358187480894852E-02,  3.272615780100437E+02,  3.237882824286173E+02,  9.515701142666179E+00,  1.001970468232393E+01,  1.072006855031426E+04,
2462636.500000000, A.D. 2030-May-15 00:00:00.0000,  5.295530419754611E-02,  9.010356343740732E+00,  2.490305793348496E+00,  1.135278023354961E+02,  3.404185408824558E+02,  2.463611006658476E+06,  3.358991405685454E-02,  3.272664050939478E+02,  3.237942575392972E+02,  9.514182787440712E+00,  1.001800923114069E+01,  1.071750286084868E+04,
2462644.500000000, A.D. 2030-May-23 00:00:00.0000,  5.295604243847836E-02,  9.011881568784798E+00,  2.486522865115996E+00,  1.136555177197406E+02,  3.399652418997068E+02,  2.463602373494881E+06,  3.358134771294983E-02,  3.278333171033969E+02,  3.244134037586272E+02,  9.515800715300347E+00,  1.001971986181590E+01,  1.072023681352058E+04,
2462652.500000000, A.D. 2030-May-31 00:00:00.0000,  5.293063959258949E-02,  9.010501247408488E+00,  2.490379359725374E+00,  1.135267363607035E+02,  3.403990653370805E+02,  2.463610477905463E+06,  3.359041597697364E-02,  3.278211236587508E+02,  3.244018173796051E+02,  9.514088010969278E+00,  1.001767477453007E+01,  1.071734271605274E+04,
2462660.500000000, A.D. 2030-Jun-08 00:00:00.0000,  5.294680612320691E-02,  9.011941501102172E+00,  2.486692634031518E+00,  1.136485222404083E+02,  3.399600938295374E+02,  2.463602056080809E+06,  3.358150398706743E-02,  3.283811307182530E+02,  3.250127390889771E+02,  9.515771193602651E+00,  1.001960088610313E+01,  1.072018692607215E+04,
2462668.500000000, A.D. 2030-Jun-16 00:00:00.0000,  5.292554561609352E-02,  9.010613660185177E+00,  2.490515761659066E+00,  1.135236820773526E+02,  3.403816695738034E+02,  2.463609939662399E+06,  3.359005839133341E-02,  3.283769867680984E+02,  3.250096401843004E+02,  9.514155532836945E+00,  1.001769740548871E+01,  1.071745680837768E+04,
2462676.500000000, A.D. 2030-Jun-24 00:00:00.0000,  5.295061088723519E-02,  9.012085481176783E+00,  2.486584084046417E+00,  1.136507614819406E+02,  3.399227931563651E+02,  2.463601123013953E+06,  3.358049686206304E-02,  3.289506997813592E+02,  3.256353539770427E+02,  9.515961453308872E+00,  1.001983742544096E+01,  1.072050843913223E+04,
2462684.500000000, A.D. 2030-Jul-02 00:00:00.0000,  5.290747346454601E-02,  9.010760078942706E+00,  2.490484387605547E+00,  1.135260760827051E+02,  3.403551152931860E+02,  2.463609309995160E+06,  3.359020110454002E-02,  3.289354462790768E+02,  3.256215282083490E+02,  9.514128584569075E+00,  1.001749709019544E+01,  1.071741127359142E+04,
2462692.500000000, A.D. 2030-Jul-10 00:00:00.0000,  5.293668858662326E-02,  9.012150017735577E+00,  2.486659817079220E+00,  1.136470572862097E+02,  3.399142644395017E+02,  2.463600805461900E+06,  3.358087663531641E-02,  3.294983063367588E+02,  3.262354818983732E+02,  9.515889707823270E+00,  1.001962939791096E+01,  1.072038719862943E+04,
2462700.500000000, A.D. 2030-Jul-18 00:00:00.0000,  5.289511779303235E-02,  9.010860819166140E+00,  2.490600566316741E+00,  1.135238095474762E+02,  3.403410532234095E+02,  2.463608884551176E+06,  3.359029511772924E-02,  3.294870948456224E+02,  3.262259245850253E+02,  9.514110832338657E+00,  1.001736084551117E+01,  1.071738127748657E+04,
2462708.500000000, A.D. 2030-Jul-26 00:00:00.0000,  5.294057373990490E-02,  9.012290424563949E+00,  2.486539672900267E+00,  1.136495399096883E+02,  3.398764729647061E+02,  2.463599865529634E+06,  3.357988524528500E-02,  3.300680478032843E+02,  3.268590331843135E+02,  9.516077000736027E+00,  1.001986357690811E+01,  1.072070370015776E+04,
2462716.500000000, A.D. 2030-Aug-03 00:00:00.0000,  5.288094094487823E-02,  9.011031021033157E+00,  2.490494583103878E+00,  1.135283993500628E+02,  3.403044475611898E+02,  2.463608043315106E+06,  3.359009761525834E-02,  3.300529730173596E+02,  3.268463538466726E+02,  9.514148126237549E+00,  1.001726523144194E+01,  1.071744429335834E+04,
2462724.500000000, A.D. 2030-Aug-11 00:00:00.0000,  5.292500689567061E-02,  9.012369671529219E+00,  2.486562002377902E+00,  1.136475783950876E+02,  3.398625644044704E+02,  2.463599451796606E+06,  3.358027026051795E-02,  3.306188822050368E+02,  3.274634786631186E+02,  9.516004262754747E+00,  1.001963885398027E+01,  1.072058078172380E+04,
2462732.500000000, A.D. 2030-Aug-19 00:00:00.0000,  5.286110261973917E-02,  9.011106120991222E+00,  2.490655596549017E+00,  1.135248694078081E+02,  3.402989397339344E+02,  2.463607814610888E+06,  3.359073305647515E-02,  3.305975405652367E+02,  3.274441321150677E+02,  9.514028138761372E+00,  1.001695015653152E+01,  1.071724154976738E+04,
2462740.500000000, A.D. 2030-Aug-27 00:00:00.0000,  5.292375036702801E-02,  9.012463925372593E+00,  2.486536038621816E+00,  1.136470991475130E+02,  3.398389568870301E+02,  2.463598812219576E+06,  3.357981030758062E-02,  3.311780384819581E+02,  3.280764737345224E+02,  9.516091158304587E+00,  1.001971839123658E+01,  1.072072762479930E+04,
2462748.500000000, A.D. 2030-Sep-04 00:00:00.0000,  5.284537975644105E-02,  9.011250189498535E+00,  2.490577471124375E+00,  1.135284538860132E+02,  3.402684540333675E+02,  2.463607108938392E+06,  3.359076391721542E-02,  3.311586698532714E+02,  3.280601085911707E+02,  9.514022311564409E+00,  1.001679443363028E+01,  1.071723170354868E+04,
2462756.500000000, A.D. 2030-Sep-12 00:00:00.0000,  5.290335612559744E-02,  9.012531835687753E+00,  2.486550368136569E+00,  1.136454332252779E+02,  3.398279640124632E+02,  2.463598485592905E+06,  3.358051541732014E-02,  3.317256898163150E+02,  3.286783648517377E+02,  9.515957947880693E+00,  1.001938406007364E+01,  1.072050251540569E+04,
2462764.500000000, A.D. 2030-Sep-20 00:00:00.0000,  5.281648709636610E-02,  9.011301651012188E+00,  2.490776148121088E+00,  1.135240103487294E+02,  3.402713684937426E+02,  2.463607083349717E+06,  3.359201318612001E-02,  3.316959290058887E+02,  3.286510277288176E+02,  9.513786429186922E+00,  1.001627120736166E+01,  1.071683313546535E+04,
2462772.500000000, A.D. 2030-Sep-28 00:00:00.0000,  5.289813327895024E-02,  9.012598533708777E+00,  2.486596814612575E+00,  1.136429055368992E+02,  3.398134093711987E+02,  2.463598033801965E+06,  3.358042041880706E-02,  3.322782278600576E+02,  3.292849977740881E+02,  9.515975894875163E+00,  1.001935325604155E+01,  1.072053284354886E+04,
2462780.500000000, A.D. 2030-Oct-06 00:00:00.0000,  5.280666675535548E-02,  9.011455576426220E+00,  2.490681295847679E+00,  1.135279669980583E+02,  3.402351166618099E+02,  2.463606230600642E+06,  3.359167491577537E-02,  3.322623260952374E+02,  3.292730365298209E+02,  9.513850298710567E+00,  1.001624502099491E+01,  1.071694105466995E+04,
2462788.500000000, A.D. 2030-Oct-14 00:00:00.0000,  5.288547339334068E-02,  9.012714623345685E+00,  2.486507085723325E+00,  1.136442425568756E+02,  3.397844605938813E+02,  2.463597305517556E+06,  3.358044490648190E-02,  3.328399508776524E+02,  3.299024768857554E+02,  9.515971268687659E+00,  1.001922791402963E+01,  1.072052502587631E+04,
2462796.500000000, A.D. 2030-Oct-22 00:00:00.0000,  5.277934079023501E-02,  9.011552471163874E+00,  2.490808866372797E+00,  1.135256991985240E+02,  3.402234321391759E+02,  2.463605873273554E+06,  3.359258677342314E-02,  3.328110580760411E+02,  3.298770080945117E+02,  9.513678131431291E+00,  1.001580379169871E+01,  1.071665014749072E+04,
2462804.500000000, A.D. 2030-Oct-30 00:00:00.0000,  5.288160331702305E-02,  9.012795305392428E+00,  2.486589564589937E+00,  1.136408171488942E+02,  3.397661847733538E+02,  2.463596730135964E+06,  3.358019981289453E-02,  3.333967537365285E+02,  3.305143505937677E+02,  9.516017571781179E+00,  1.001923983816993E+01,  1.072060327234154E+04,
2462812.500000000, A.D. 2030-Nov-07 00:00:00.0000,  5.277840408905805E-02,  9.011712306038078E+00,  2.490748303878359E+00,  1.135285759540954E+02,  3.401828427611466E+02,  2.463604871672987E+06,  3.359174289059016E-02,  3.333828544872354E+02,  3.305050518041604E+02,  9.513837464159087E+00,  1.001596262228009E+01,  1.071691936832621E+04,
2462820.500000000, A.D. 2030-Nov-15 00:00:00.0000,  5.287944158412296E-02,  9.012929423408965E+00,  2.486458763102043E+00,  1.136431775856318E+02,  3.397274028592993E+02,  2.463595762323352E+06,  3.357956523843740E-02,  3.339670282361072E+02,  3.311412543593121E+02,  9.516137458238367E+00,  1.001934549306777E+01,  1.072080586641783E+04,
2462828.500000000, A.D. 2030-Nov-23 00:00:00.0000,  5.275135579073900E-02,  9.011823308861501E+00,  2.490818605033689E+00,  1.135279045199514E+02,  3.401645913951435E+02,  2.463604381022776E+06,  3.359256106732531E-02,  3.339361693614067E+02,  3.311146044787355E+02,  9.513682984877050E+00,  1.001554266089260E+01,  1.071665834821280E+04,
2462836.500000000, A.D. 2030-Dec-01 00:00:00.0000,  5.286729217538758E-02,  9.012994496452464E+00,  2.486575564934067E+00,  1.136389437160207E+02,  3.397152125945329E+02,  2.463595330599118E+06,  3.357984769631533E-02,  3.345185840543107E+02,  3.317484543532135E+02,  9.516084094649880E+00,  1.001917369284729E+01,  1.072071568804353E+04,
2462844.500000000, A.D. 2030-Dec-09 00:00:00.0000,  5.274660022572445E-02,  9.011953344227646E+00,  2.490829008631164E+00,  1.135288108198568E+02,  3.401331827800108E+02,  2.463603572148635E+06,  3.359208696564953E-02,  3.345011823698566E+02,  3.317360349964973E+02,  9.513772498863700E+00,  1.001559165349975E+01,  1.071680959769268E+04,
2462852.500000000, A.D. 2030-Dec-17 00:00:00.0000,  5.287007798312731E-02,  9.013113475562207E+00,  2.486460123595716E+00,  1.136407874198626E+02,  3.396781859897666E+02,  2.463594393170683E+06,  3.357903463402608E-02,  3.350879435268949E+02,  3.323747126831202E+02,  9.516237705138877E+00,  1.001936193471555E+01,  1.072097527292245E+04,
2462860.500000000, A.D. 2030-Dec-25 00:00:00.0000,  5.272418898081943E-02,  9.012061627188205E+00,  2.490869015259812E+00,  1.135289471584827E+02,  3.401122080505320E+02,  2.463603027460824E+06,  3.359267366482690E-02,  3.350565173213676E+02,  3.323480922255059E+02,  9.513661725925489E+00,  1.001526182466277E+01,  1.071662242761394E+04,
2462868.500000000, A.D. 2031-Jan-02 00:00:00.0000,  5.285855787888735E-02,  9.013164122781461E+00,  2.486612347547170E+00,  1.136358301784850E+02,  3.396695882030215E+02,  2.463594037107639E+06,  3.357936423902096E-02,  3.356369251936534E+02,  3.329796258173337E+02,  9.516175432675166E+00,  1.001918674256887E+01,  1.072087003903610E+04,
$$EOE
**************************************************************************************************************************************************************************************************************************************************************************************************************************************************
 
TIME

  Barycentric Dynamical Time ("TDB" or T_eph) output was requested. This
continuous coordinate time is equivalent to the relativistic proper time
of a clock at rest in a reference frame co-moving with the solar system
barycenter but outside the system's gravity well. It is the independent
variable in the solar system relativistic equations of motion.

  TDB runs at a uniform rate of one SI second per second and is independent
of irregularities in Earth's rotation.
 
CALENDAR SYSTEM

  Mixed calendar mode was active such that calendar dates after AD 1582-Oct-15
(if any) are in the modern Gregorian system. Dates prior to 1582-Oct-5 (if any)
are in the Julian calendar system, which is automatically extended for dates
prior to its adoption on 45-Jan-1 BC.  The Julian calendar is useful for
matching historical dates. The Gregorian calendar more accurately corresponds
to the Earth's orbital motion and seasons. A "Gregorian-only" calendar mode is
available if such physical events are the primary interest.

REFERENCE FRAME AND COORDINATES

  Ecliptic at the standard reference epoch

    Reference epoch: J2000.0
    X-Y plane: adopted Earth orbital plane at the reference epoch
               Note: IAU76 obliquity of 84381.448 arcseconds wrt ICRF X-Y plane
    X-axis   : ICRF
    Z-axis   : perpendicular to the X-Y plane in the directional (+ or -) sense
               of Earth's north pole at the reference epoch.

  Symbol meaning [1 au= 149597870.700 km, 1 day= 86400.0 s]:

    JDTDB    Julian Day Number, Barycentric Dynamical Time
      EC     Eccentricity, e
      QR     Periapsis distance, q (au)
      IN     Inclination w.r.t X-Y plane, i (degrees)
      OM     Longitude of Ascending Node, OMEGA, (degrees)
      W      Argument of Perifocus, w (degrees)
      Tp     Time of periapsis (Julian Day Number)
      N      Mean motion, n (degrees/day)
      MA     Mean anomaly, M (degrees)
      TA     True anomaly, nu (degrees)
      A      Semi-major axis, a (au)
      AD     Apoapsis distance (au)
      PR     Sidereal orbit period (day)

ABERRATIONS AND CORRECTIONS

 Geometric osculating elements have NO corrections or aberrations applied.

Computations by ...

    Solar System Dynamics Group, Horizons On-Line Ephemeris System
    4800 Oak Grove Drive, Jet Propulsion Laboratory
    Pasadena, CA  91109   USA

    General site: https://ssd.jpl.nasa.gov/
    Mailing list: https://ssd.jpl.nasa.gov/email_list.html
    System news : https://ssd.jpl.nasa.gov/horizons/news.html
    User Guide  : https://ssd.jpl.nasa.gov/horizons/manual.html
    Connect     : browser        https://ssd.jpl.nasa.gov/horizons/app.html#/x
                  API            https://ssd-api.jpl.nasa.gov/doc/horizons.html
                  command-line   telnet ssd.jpl.nasa.gov 6775
                  e-mail/batch   https://ssd.jpl.nasa.gov/ftp/ssd/horizons_batch.txt
                  scripts        https://ssd.jpl.nasa.gov/ftp/ssd/SCRIPTS
    Inquiries   : Jon.D.Giorgini@jpl.nasa.gov
*******************************************************************************
