*******************************************************************************
 Revised: Jul 08, 2026             Triton / (Neptune)                       801

 SATELLITE PHYSICAL PROPERTIES:
  Mean radius (km)        = 1352.6 +- 2.4    Mean dens (g cm^-3)= 2.065 +-0.011
  GM (km^3/s^2)           = 1428.495 +- 0.62 Geometric Albedo   = 0.7  
                                             V(1,0)             = -1.24

 SATELLITE ORBITAL DATA (mean values wrt Laplace plane):
  Semi-major axis, a (km) = 354800           Orbital period      = 5.876994 d
  Eccentricity, e         = 0.000            Rotational period   = Synchronous
  Inclination, i  (deg)   = 157.3  

 Fit to all reported measurements (Voyager 2, ground, HST)
*******************************************************************************


*******************************************************************************
Ephemeris / API_USER Mon Sep 28 12:59:42 2026 Pasadena, USA      / Horizons
*******************************************************************************
Target body name: Triton (801)                    {source: nep098_merged}
Center body name: Neptune (899)                   {source: nep098_merged}
Center-site name: BODY CENTER
*******************************************************************************
Start time      : A.D. 2025-Jan-01 00:00:00.0000 TDB
Stop  time      : A.D. 2031-Jan-02 00:00:00.0000 TDB
Step-size       : 1440 minutes
*******************************************************************************
Center geodetic : 0.0, 0.0, 0.0                   {W-lon(deg),Lat(deg),Alt(km)}
Center cylindric: 0.0, 0.0, 0.0                   {W-lon(deg),Dxy(km),Dz(km)}
Center radii    : 24764.0, 24764.0, 24341.0 km    {Equator_a, b, pole_c}
Keplerian GM    : 1.5243576518701041E-08 au^3/d^2
Output units    : AU-D, deg, Julian Day Number (Tp)
Calendar mode   : Mixed Julian/Gregorian
Output type     : GEOMETRIC osculating elements
Output format   : 10
Reference frame : Ecliptic of J2000.0
*******************************************************************************
            JDTDB,            Calendar Date (TDB),                     EC,                     QR,                     IN,                     OM,                      W,                     Tp,                      N,                     MA,                     TA,                      A,                     AD,                     PR,
**************************************************************************************************************************************************************************************************************************************************************************************************************************************************
$$SOE
2460676.500000000, A.D. 2025-Jan-01 00:00:00.0000,  1.253161638938937E-04,  2.371180166629114E-03,  1.291766133444893E+02,  2.223992799388247E+02,  9.742234280306199E+01,  2.460677918415567E+06,  6.125444342561399E+01,  2.731157438944629E+02,  2.731014048255377E+02,  2.371477351073513E-03,  2.371774535517911E-03,  5.877124660142833E+00,
2460677.500000000, A.D. 2025-Jan-02 00:00:00.0000,  1.429575358852225E-04,  2.371124090364344E-03,  1.291769711665927E+02,  2.223998512150314E+02,  1.040843150152010E+02,  2.460678027114409E+06,  6.125499523592350E+01,  3.277116093943901E+02,  3.277028572638869E+02,  2.371463108886833E-03,  2.371802127409321E-03,  5.877071716575287E+00,
2460678.500000000, A.D. 2025-Jan-03 00:00:00.0000,  1.455641193649503E-04,  2.371119270228301E-03,  1.291767479416235E+02,  2.224011342610787E+02,  1.111553042251145E+02,  2.460678142502455E+06,  6.125494248538020E+01,  2.189849158429703E+01,  2.190471381993636E+01,  2.371464470365535E-03,  2.371809670502770E-03,  5.877076777697109E+00,
2460679.500000000, A.D. 2025-Jan-04 00:00:00.0000,  1.310053699501717E-04,  2.371165477094521E-03,  1.291763771768245E+02,  2.224013953968301E+02,  1.190751682495148E+02,  2.460678271741473E+06,  6.125448983642853E+01,  7.523634949077174E+01,  7.525086658501201E+01,  2.371476153205300E-03,  2.371786829316077E-03,  5.877120207209776E+00,
2460680.500000000, A.D. 2025-Jan-05 00:00:00.0000,  1.120193726114745E-04,  2.371193435275328E-03,  1.291767551741093E+02,  2.224020473745423E+02,  1.135395240074975E+02,  2.460678181340223E+06,  6.125515115618645E+01,  1.420298551031027E+02,  1.420377518824025E+02,  2.371459084634162E-03,  2.371724733992997E-03,  5.877056756942503E+00,
2460681.500000000, A.D. 2025-Jan-06 00:00:00.0000,  1.090166676324310E-04,  2.371204685582913E-03,  1.291764693480140E+02,  2.224033092867875E+02,  1.046984039080180E+02,  2.460683914025395E+06,  6.125499114006087E+01,  2.121288958141204E+02,  2.121222528062660E+02,  2.371463214599982E-03,  2.371721743617051E-03,  5.877072109550260E+00,
2460682.500000000, A.D. 2025-Jan-07 00:00:00.0000,  1.282309953480051E-04,  2.371168800504624E-03,  1.291761345440924E+02,  2.224035103556473E+02,  9.850829533023345E+01,  2.460683812933951E+06,  6.125461600320426E+01,  2.795767349858219E+02,  2.795622451929462E+02,  2.371472896834627E-03,  2.371776993164629E-03,  5.877108102043579E+00,
2460683.500000000, A.D. 2025-Jan-08 00:00:00.0000,  1.417767574949895E-04,  2.371120788830182E-03,  1.291765305743968E+02,  2.224042258972773E+02,  1.054987000834629E+02,  2.460683926996240E+06,  6.125523168122485E+01,  3.338442463673650E+02,  3.338370835979441E+02,  2.371457006315076E-03,  2.371793223799970E-03,  5.877049031068189E+00,
2460684.500000000, A.D. 2025-Jan-09 00:00:00.0000,  1.436614892114954E-04,  2.371122804714159E-03,  1.291761999023216E+02,  2.224054674998825E+02,  1.122703848458859E+02,  2.460684037499084E+06,  6.125498036540397E+01,  2.833048454595885E+01,  2.833829811881825E+01,  2.371463492691130E-03,  2.371804180668101E-03,  5.877073143318211E+00,
2460685.500000000, A.D. 2025-Jan-10 00:00:00.0000,  1.262538732190031E-04,  2.371173877432963E-03,  1.291759124874177E+02,  2.224056369653358E+02,  1.189044077386963E+02,  2.460684145747189E+06,  6.125460095920324E+01,  8.295421554564297E+01,  8.296857419860237E+01,  2.371473285120444E-03,  2.371772692807925E-03,  5.877109545448953E+00,
2460686.500000000, A.D. 2025-Jan-11 00:00:00.0000,  1.107207408200567E-04,  2.371194910784247E-03,  1.291763024298291E+02,  2.224064187203737E+02,  1.118976053871432E+02,  2.460684031330102E+06,  6.125521331601959E+01,  1.512189012356193E+02,  1.512250091544939E+02,  2.371457480313290E-03,  2.371720049842333E-03,  5.877050793093100E+00,
2460687.500000000, A.D. 2025-Jan-12 00:00:00.0000,  1.102125977401308E-04,  2.371205125990033E-03,  1.291759364645651E+02,  2.224076120581124E+02,  1.026311251142008E+02,  2.460689757073249E+06,  6.125486417765436E+01,  2.217432846765901E+02,  2.217348769371104E+02,  2.371466491472512E-03,  2.371727856954991E-03,  5.877084290904806E+00,
2460688.500000000, A.D. 2025-Jan-13 00:00:00.0000,  1.328035753577211E-04,  2.371159560760569E-03,  1.291757018096774E+02,  2.224077697714692E+02,  9.863199936736662E+01,  2.460689691745768E+06,  6.125455384834567E+01,  2.870001446513681E+02,  2.869855907492321E+02,  2.371474501053180E-03,  2.371789441345790E-03,  5.877114065532005E+00,
2460689.500000000, A.D. 2025-Jan-14 00:00:00.0000,  1.440369806082071E-04,  2.371118150412454E-03,  1.291760708051233E+02,  2.224086229970486E+02,  1.063300224003457E+02,  2.460689817361206E+06,  6.125512621677434E+01,  3.405599992734329E+02,  3.405545050133372E+02,  2.371459728311354E-03,  2.371801306210254E-03,  5.877059149727394E+00,
2460690.500000000, A.D. 2025-Jan-15 00:00:00.0000,  1.446989135187454E-04,  2.371127120213143E-03,  1.291756674046198E+02,  2.224097553530799E+02,  1.139258837785130E+02,  2.460689941316807E+06,  6.125471780301886E+01,  3.422198134502024E+01,  3.423130805907124E+01,  2.371470269384565E-03,  2.371813418555987E-03,  5.877098334820143E+00,
2460691.500000000, A.D. 2025-Jan-16 00:00:00.0000,  1.232284470506609E-04,  2.371183831505001E-03,  1.291755005028156E+02,  2.224099090429147E+02,  1.196259449278400E+02,  2.460690034317400E+06,  6.125449326096545E+01,  8.977964494637784E+01,  8.979376579003204E+01,  2.371476064817686E-03,  2.371768298130371E-03,  5.877119878639347E+00,
2460692.500000000, A.D. 2025-Jan-17 00:00:00.0000,  1.087780757742548E-04,  2.371202682662239E-03,  1.291758363347041E+02,  2.224108487025253E+02,  1.115695791457226E+02,  2.460689902764843E+06,  6.125509067671981E+01,  1.590938750181465E+02,  1.590983224547943E+02,  2.371460645588040E-03,  2.371718608513841E-03,  5.877062559582809E+00,
2460693.500000000, A.D. 2025-Jan-18 00:00:00.0000,  1.099224568551044E-04,  2.371210911609609E-03,  1.291753861519232E+02,  2.224119042502133E+02,  1.011661752438719E+02,  2.460695609960225E+06,  6.125466665187480E+01,  2.307550897646516E+02,  2.307453355111172E+02,  2.371471589593099E-03,  2.371732267576589E-03,  5.877103242532813E+00,
2460694.500000000, A.D. 2025-Jan-19 00:00:00.0000,  1.346317838962524E-04,  2.371154514492788E-03,  1.291752879563214E+02,  2.224120412483827E+02,  9.904995022722269E+01,  2.460695575363688E+06,  6.125458138854257E+01,  2.941290474731025E+02,  2.941149667992835E+02,  2.371473790239630E-03,  2.371793065986473E-03,  5.877111423168366E+00,
2460695.500000000, A.D. 2025-Jan-20 00:00:00.0000,  1.436018152231937E-04,  2.371117679027136E-03,  1.291755990421033E+02,  2.224130654788520E+02,  1.066919544088126E+02,  2.460695700065506E+06,  6.125518447327212E+01,  3.477449505540136E+02,  3.477414570224857E+02,  2.371458224732933E-03,  2.371798770438731E-03,  5.877053560373835E+00,
2460696.500000000, A.D. 2025-Jan-21 00:00:00.0000,  1.434353184259592E-04,  2.371130128439615E-03,  1.291751037611704E+02,  2.224140519157932E+02,  1.145174871198801E+02,  2.460695827770120E+06,  6.125471735164428E+01,  4.117725125313142E+01,  4.118807433656777E+01,  2.371470281034513E-03,  2.371810433629411E-03,  5.877098378127385E+00,
2460697.500000000, A.D. 2025-Jan-22 00:00:00.0000,  1.210056215775615E-04,  2.371183717259770E-03,  1.291750700991350E+02,  2.224141728218648E+02,  1.184242982567060E+02,  2.460695891500120E+06,  6.125470195026084E+01,  9.852818074065588E+01,  9.854189333755436E+01,  2.371470678543280E-03,  2.371757639826790E-03,  5.877099855817142E+00,
2460698.500000000, A.D. 2025-Jan-23 00:00:00.0000,  1.104865628882763E-04,  2.371193601775475E-03,  1.291753584322854E+02,  2.224152649274356E+02,  1.103838135072881E+02,  2.460695760210056E+06,  6.125528555893238E+01,  1.678266153827849E+02,  1.678292848204443E+02,  2.371455615755502E-03,  2.371717629735529E-03,  5.877043861850122E+00,
2460699.500000000, A.D. 2025-Jan-24 00:00:00.0000,  1.131748643786635E-04,  2.371201136056501E-03,  1.291748317521950E+02,  2.224161911278233E+02,  1.006577495973729E+02,  2.460701478450403E+06,  6.125474657435559E+01,  2.388105219435152E+02,  2.387994284027616E+02,  2.371469526798575E-03,  2.371737917540648E-03,  5.877095574348758E+00,
2460700.500000000, A.D. 2025-Jan-25 00:00:00.0000,  1.367776579515446E-04,  2.371143607720595E-03,  1.291748500648348E+02,  2.224163076179090E+02,  1.007654282911504E+02,  2.460701480157921E+06,  6.125480683198577E+01,  2.999606158826979E+02,  2.999470356341159E+02,  2.371467971555652E-03,  2.371792335390708E-03,  5.877089792927348E+00,
2460701.500000000, A.D. 2025-Jan-26 00:00:00.0000,  1.427143967822949E-04,  2.371116792411570E-03,  1.291751135918374E+02,  2.224174535972205E+02,  1.079513446555411E+02,  2.460701597417604E+06,  6.125530038062176E+01,  3.540326554039577E+02,  3.540309549278600E+02,  2.371455233214674E-03,  2.371793674017779E-03,  5.877042439806346E+00,
2460702.500000000, A.D. 2025-Jan-27 00:00:00.0000,  1.403860132606823E-04,  2.371137682978109E-03,  1.291745752685945E+02,  2.224183198460797E+02,  1.158257792316678E+02,  2.460701725919330E+06,  6.125470482750354E+01,  4.741608292879864E+01,  4.742792902362478E+01,  2.371470604281809E-03,  2.371803525585509E-03,  5.877099579759284E+00,
2460703.500000000, A.D. 2025-Jan-28 00:00:00.0000,  1.168980935229704E-04,  2.371191787446136E-03,  1.291746449954968E+02,  2.224184639421352E+02,  1.176444081184530E+02,  2.460701755561002E+06,  6.125476668859368E+01,  1.068552038480730E+02,  1.068680233751194E+02,  2.371469007651979E-03,  2.371746227857823E-03,  5.877093644485891E+00,
2460704.500000000, A.D. 2025-Jan-29 00:00:00.0000,  1.091562781517833E-04,  2.371198797494065E-03,  1.291748626855659E+02,  2.224196451593230E+02,  1.088484220678377E+02,  2.460701611933398E+06,  6.125520647079568E+01,  1.769091160243946E+02,  1.769097903840561E+02,  2.371457656985697E-03,  2.371716516477328E-03,  5.877051449849169E+00,
2460705.500000000, A.D. 2025-Jan-30 00:00:00.0000,  1.157890340082130E-04,  2.371199935914138E-03,  1.291743281956106E+02,  2.224204401942715E+02,  9.876244448783815E+01,  2.460707324307031E+06,  6.125455285626792E+01,  2.482528885545350E+02,  2.482405651083058E+02,  2.371474526658755E-03,  2.371749117403372E-03,  5.877114160717650E+00,
2460706.500000000, A.D. 2025-Jan-31 00:00:00.0000,  1.399867910262411E-04,  2.371137532461261E-03,  1.291744457351739E+02,  2.224206309032053E+02,  1.012536895720737E+02,  2.460707364922340E+06,  6.125474734657943E+01,  3.070194005608426E+02,  3.070065913255152E+02,  2.371469506867544E-03,  2.371801481273828E-03,  5.877095500257630E+00,
2460707.500000000, A.D. 2025-Feb-01 00:00:00.0000,  1.451591816578396E-04,  2.371116219020206E-03,  1.291746026410068E+02,  2.224218557463268E+02,  1.086582450940947E+02,  2.460707485752398E+06,  6.125509793401466E+01,  8.727382502064343E-01,  8.729916583240744E-01,  2.371460458279663E-03,  2.371804697539121E-03,  5.877061863288504E+00,
2460708.500000000, A.D. 2025-Feb-02 00:00:00.0000,  1.399153512736409E-04,  2.371144077741535E-03,  1.291740699226478E+02,  2.224225607522769E+02,  1.172467752858074E+02,  2.460707625909448E+06,  6.125450028127679E+01,  5.354197996928274E+01,  5.355487662567405E+01,  2.371475883622829E-03,  2.371807689504123E-03,  5.877119205069060E+00,
2460709.500000000, A.D. 2025-Feb-03 00:00:00.0000,  1.150455641172947E-04,  2.371196491805061E-03,  1.291742504537355E+02,  2.224228071637856E+02,  1.174427759155821E+02,  2.460707629063793E+06,  6.125475463203345E+01,  1.146037382837332E+02,  1.146157238953823E+02,  2.371469318830632E-03,  2.371742145856204E-03,  5.877094801253785E+00,
2460710.500000000, A.D. 2025-Feb-04 00:00:00.0000,  1.080501757384946E-04,  2.371203965643230E-03,  1.291743377455562E+02,  2.224240711903216E+02,  1.084550204414743E+02,  2.460713359363286E+06,  6.125510785064220E+01,  1.848493935369836E+02,  1.848483469729186E+02,  2.371460202334850E-03,  2.371716439026469E-03,  5.877060911847299E+00,
2460711.500000000, A.D. 2025-Feb-05 00:00:00.0000,  1.175065268896600E-04,  2.371197240451431E-03,  1.291738085564753E+02,  2.224246803691623E+02,  9.820768785060669E+01,  2.460713192047664E+06,  6.125449947826808E+01,  2.563544672109945E+02,  2.563413824810566E+02,  2.371475904348553E-03,  2.371754568245676E-03,  5.877119282114468E+00,
2460712.500000000, A.D. 2025-Feb-06 00:00:00.0000,  1.398275696194862E-04,  2.371133501484503E-03,  1.291740439279367E+02,  2.224249700206821E+02,  1.022379211075773E+02,  2.460713257783612E+06,  6.125491817986825E+01,  3.135820268656012E+02,  3.135704185526884E+02,  2.371465097685550E-03,  2.371796693886596E-03,  5.877079109678998E+00,
2460713.500000000, A.D. 2025-Feb-07 00:00:00.0000,  1.441060567787972E-04,  2.371116717109905E-03,  1.291740726733142E+02,  2.224262758959776E+02,  1.090877997231358E+02,  2.460713369560494E+06,  6.125517541059072E+01,  7.990094854869413E+00,  7.992390649780550E+00,  2.371458458637195E-03,  2.371800200164483E-03,  5.877054429881818E+00,
2460714.500000000, A.D. 2025-Feb-08 00:00:00.0000,  1.368780533792221E-04,  2.371148476466274E-03,  1.291735421553634E+02,  2.224268009081390E+02,  1.173970726288814E+02,  2.460713505159104E+06,  6.125460894197595E+01,  6.093859005957408E+01,  6.095230151174055E+01,  2.371473079084981E-03,  2.371797681703687E-03,  5.877108779537124E+00,
2460715.500000000, A.D. 2025-Feb-09 00:00:00.0000,  1.143021120992056E-04,  2.371191420191034E-03,  1.291738310426996E+02,  2.224271312438673E+02,  1.154918893664692E+02,  2.460713474017433E+06,  6.125501947194564E+01,  1.241016015746472E+02,  1.241124464822164E+02,  2.371462483361646E-03,  2.371733546532258E-03,  5.877069391266415E+00,
2460716.500000000, A.D. 2025-Feb-10 00:00:00.0000,  1.097244962334483E-04,  2.371197311906483E-03,  1.291738112129541E+02,  2.224284588837922E+02,  1.072707487986949E+02,  2.460719216818527E+06,  6.125521182142791E+01,  1.935807056680452E+02,  1.935777536175724E+02,  2.371457518888082E-03,  2.371717725869681E-03,  5.877050936489736E+00,
2460717.500000000, A.D. 2025-Feb-11 00:00:00.0000,  1.219878748085564E-04,  2.371184428667115E-03,  1.291733009721438E+02,  2.224289203304602E+02,  9.835090636597741E+01,  2.460719071174994E+06,  6.125458412132859E+01,  2.637583291567412E+02,  2.637444334705527E+02,  2.371473719706346E-03,  2.371763010745578E-03,  5.877111160969412E+00,
2460718.500000000, A.D. 2025-Feb-12 00:00:00.0000,  1.411750935715256E-04,  2.371126688434905E-03,  1.291736174213605E+02,  2.224293025767610E+02,  1.037691493427695E+02,  2.460719159571539E+06,  6.125505835771867E+01,  3.195979069102954E+02,  3.195874201081645E+02,  2.371461479731208E-03,  2.371796271027510E-03,  5.877065660400874E+00,
2460719.500000000, A.D. 2025-Feb-13 00:00:00.0000,  1.440392967114789E-04,  2.371118299927367E-03,  1.291735494643045E+02,  2.224306294761110E+02,  1.104846172781269E+02,  2.460719269155730E+06,  6.125512021011410E+01,  1.414039347667353E+01,  1.414442649898906E+01,  2.371459883341144E-03,  2.371801466754920E-03,  5.877059726030197E+00,
2460720.500000000, A.D. 2025-Feb-14 00:00:00.0000,  1.331117544959098E-04,  2.371159543214688E-03,  1.291730697016336E+02,  2.224310393227006E+02,  1.186432171405890E+02,  2.460719402292377E+06,  6.125452620842163E+01,  6.723956035384204E+01,  6.725362696147194E+01,  2.371475214441226E-03,  2.371790885667764E-03,  5.877116717466424E+00,
2460721.500000000, A.D. 2025-Feb-15 00:00:00.0000,  1.113149271453602E-04,  2.371199382062109E-03,  1.291734066111933E+02,  2.224314934491388E+02,  1.146178101513888E+02,  2.460719336538776E+06,  6.125498545486591E+01,  1.325227858198690E+02,  1.325321860340604E+02,  2.371463361333404E-03,  2.371727340604700E-03,  5.877072655012812E+00,
2460722.500000000, A.D. 2025-Feb-16 00:00:00.0000,  1.079892573391132E-04,  2.371207558332265E-03,  1.291732805763509E+02,  2.224328016771129E+02,  1.054295769228017E+02,  2.460725063564667E+06,  6.125497423440311E+01,  2.029689123945189E+02,  2.029640840120022E+02,  2.371463650930735E-03,  2.371719743529206E-03,  5.877073731553549E+00,
2460723.500000000, A.D. 2025-Feb-17 00:00:00.0000,  1.254789748925510E-04,  2.371180602562464E-03,  1.291728508601669E+02,  2.224331579501773E+02,  9.734867583668989E+01,  2.460724931610409E+06,  6.125441157227272E+01,  2.723075467818137E+02,  2.722931795196613E+02,  2.371478173212619E-03,  2.371775743862774E-03,  5.877127716348135E+00,
2460724.500000000, A.D. 2025-Feb-18 00:00:00.0000,  1.433745168316564E-04,  2.371124000441977E-03,  1.291731988109441E+02,  2.224337028947825E+02,  1.041204311295148E+02,  2.460725042101362E+06,  6.125496040174480E+01,  3.267936025124088E+02,  3.267846034329226E+02,  2.371464007948300E-03,  2.371804015454623E-03,  5.877075058720398E+00,
2460725.500000000, A.D. 2025-Feb-19 00:00:00.0000,  1.460436205082597E-04,  2.371119320100687E-03,  1.291730001053201E+02,  2.224349857268272E+02,  1.113571319067523E+02,  2.460725160194155E+06,  6.125489648866292E+01,  2.081477188111964E+01,  2.082071977436618E+01,  2.371465657531225E-03,  2.371811994961762E-03,  5.877081190833927E+00,
2460726.500000000, A.D. 2025-Feb-20 00:00:00.0000,  1.312890118239427E-04,  2.371166064402743E-03,  1.291726184935140E+02,  2.224352734957811E+02,  1.194004327827273E+02,  2.460725291447762E+06,  6.125444101356118E+01,  7.402919175109925E+01,  7.404365632477629E+01,  2.371477413328902E-03,  2.371788762255060E-03,  5.877124891569891E+00,
2460727.500000000, A.D. 2025-Feb-21 00:00:00.0000,  1.111407625279422E-04,  2.371198040767727E-03,  1.291729860681978E+02,  2.224359056685586E+02,  1.140016353738540E+02,  2.460725203277829E+06,  6.125505343368513E+01,  1.406858393345169E+02,  1.406939075106578E+02,  2.371461606819016E-03,  2.371725172870304E-03,  5.877066132833218E+00,
2460728.500000000, A.D. 2025-Feb-22 00:00:00.0000,  1.081123215969549E-04,  2.371208627370077E-03,  1.291727189361102E+02,  2.224371656554644E+02,  1.047089064010373E+02,  2.460730928597450E+06,  6.125492150137686E+01,  2.112364538124945E+02,  2.112300301018815E+02,  2.371465011958105E-03,  2.371721396546133E-03,  5.877078790998174E+00,
2460729.500000000, A.D. 2025-Feb-23 00:00:00.0000,  1.277482471522208E-04,  2.371172171651499E-03,  1.291723815845764E+02,  2.224373886752274E+02,  9.809470308096600E+01,  2.460730820581917E+06,  6.125452973415997E+01,  2.791083757005801E+02,  2.790939210508005E+02,  2.371475123441684E-03,  2.371778075231870E-03,  5.877116379186531E+00,
2460730.500000000, A.D. 2025-Feb-24 00:00:00.0000,  1.419806461022049E-04,  2.371121596661937E-03,  1.291727668664308E+02,  2.224380957979313E+02,  1.052051217101783E+02,  2.460730936602251E+06,  6.125518164059290E+01,  3.332558498432350E+02,  3.332485271618505E+02,  2.371458297843269E-03,  2.371794999024602E-03,  5.877053832151781E+00,
2460731.500000000, A.D. 2025-Feb-25 00:00:00.0000,  1.441555507509862E-04,  2.371121844467940E-03,  1.291724418613335E+02,  2.224393364184910E+02,  1.120621415172079E+02,  2.460731048498024E+06,  6.125497217341644E+01,  2.765674100030546E+01,  2.766440990949693E+01,  2.371463704124294E-03,  2.371805563780649E-03,  5.877073929293751E+00,
2460732.500000000, A.D. 2025-Feb-26 00:00:00.0000,  1.271320723650465E-04,  2.371171110189063E-03,  1.291721462004919E+02,  2.224395075768215E+02,  1.187962777007570E+02,  2.460731158381206E+06,  6.125462748787330E+01,  8.218035943096159E+01,  8.219479253876015E+01,  2.371472600415310E-03,  2.371774090641558E-03,  5.877107000140845E+00,
2460733.500000000, A.D. 2025-Feb-27 00:00:00.0000,  1.114246140468168E-04,  2.371192201438594E-03,  1.291725410434235E+02,  2.224402788287683E+02,  1.121187575507894E+02,  2.460731049340246E+06,  6.125525362107259E+01,  1.501157847760837E+02,  1.501221458093374E+02,  2.371456440057157E-03,  2.371720678675719E-03,  5.877046926080401E+00,
2460734.500000000, A.D. 2025-Feb-28 00:00:00.0000,  1.105415542436044E-04,  2.371202574014363E-03,  1.291721789636304E+02,  2.224414849004524E+02,  1.031602381971145E+02,  2.460736780106390E+06,  6.125493283614043E+01,  2.203322361904492E+02,  2.203240386502073E+02,  2.371464719410280E-03,  2.371726864806198E-03,  5.877077703489047E+00,
2460735.500000000, A.D. 2025-Mar-01 00:00:00.0000,  1.322241020938367E-04,  2.371159837248214E-03,  1.291719307637640E+02,  2.224416375912214E+02,  9.888474068600222E+01,  2.460736710268893E+06,  6.125459638465586E+01,  2.858654674519370E+02,  2.858508922150824E+02,  2.371473403189590E-03,  2.371786969130965E-03,  5.877109984356687E+00,
2460736.500000000, A.D. 2025-Mar-02 00:00:00.0000,  1.432446123040082E-04,  2.371118267468868E-03,  1.291723111102695E+02,  2.224424711103939E+02,  1.064938989062708E+02,  2.460736834433591E+06,  6.125519449617458E+01,  3.395142053647465E+02,  3.395084596908737E+02,  2.371457966045810E-03,  2.371797664622751E-03,  5.877052598738906E+00,
2460737.500000000, A.D. 2025-Mar-03 00:00:00.0000,  1.440233902005735E-04,  2.371126853585658E-03,  1.291719142863760E+02,  2.224436286446679E+02,  1.137894039340333E+02,  2.460736953486586E+06,  6.125479021242547E+01,  3.347656454309371E+01,  3.348566937374881E+01,  2.371468400504452E-03,  2.371809947423247E-03,  5.877091387490775E+00,
2460738.500000000, A.D. 2025-Mar-04 00:00:00.0000,  1.230816491897057E-04,  2.371182682486938E-03,  1.291717245948533E+02,  2.224437744235011E+02,  1.193904545772799E+02,  2.460737044871217E+06,  6.125455127436624E+01,  8.913326066776261E+01,  8.914736320474751E+01,  2.371474567487716E-03,  2.371766452488494E-03,  5.877114312494401E+00,
2460739.500000000, A.D. 2025-Mar-05 00:00:00.0000,  1.089711235332982E-04,  2.371201498613852E-03,  1.291720779372404E+02,  2.224446886417894E+02,  1.114324137074846E+02,  2.460736914923639E+06,  6.125511881821136E+01,  1.583491596725468E+02,  1.583537662238956E+02,  2.371459919265668E-03,  2.371718339917484E-03,  5.877059859574882E+00,
2460740.500000000, A.D. 2025-Mar-06 00:00:00.0000,  1.103478886212153E-04,  2.371209387047629E-03,  1.291716442003240E+02,  2.224457703238728E+02,  1.012040193772913E+02,  2.460742624973802E+06,  6.125468663328889E+01,  2.298353956590940E+02,  2.298257333261498E+02,  2.371471073873557E-03,  2.371732760699485E-03,  5.877101325408753E+00,
2460741.500000000, A.D. 2025-Mar-07 00:00:00.0000,  1.349875705703925E-04,  2.371155152600283E-03,  1.291715254205998E+02,  2.224459155996675E+02,  9.888950493211610E+01,  2.460742587142250E+06,  6.125452396725243E+01,  2.934076190272330E+02,  2.933934226639535E+02,  2.371475272285956E-03,  2.371795391971630E-03,  5.877116932497285E+00,
2460742.500000000, A.D. 2025-Mar-08 00:00:00.0000,  1.443039369234423E-04,  2.371117508617434E-03,  1.291718416862436E+02,  2.224469111422019E+02,  1.067693076195679E+02,  2.460742715725582E+06,  6.125512655463748E+01,  3.467857021802034E+02,  3.467819214860057E+02,  2.371459719591226E-03,  2.371801930565018E-03,  5.877059117311468E+00,
2460743.500000000, A.D. 2025-Mar-09 00:00:00.0000,  1.442586668500662E-04,  2.371129807127573E-03,  1.291713621185364E+02,  2.224479176369592E+02,  1.146795769994070E+02,  2.460742844813416E+06,  6.125465414077933E+01,  4.013322758284312E+01,  4.014388427862227E+01,  2.371471912504143E-03,  2.371814017880713E-03,  5.877104442915067E+00,
2460744.500000000, A.D. 2025-Mar-10 00:00:00.0000,  1.213398540201584E-04,  2.371184067241937E-03,  1.291713115540070E+02,  2.224480479617324E+02,  1.187948513059921E+02,  2.460742911946108E+06,  6.125465767497847E+01,  9.727569752264164E+01,  9.728948982486112E+01,  2.371471821286545E-03,  2.371759575331153E-03,  5.877104103824813E+00,
2460745.500000000, A.D. 2025-Mar-11 00:00:00.0000,  1.099576373211799E-04,  2.371196283308514E-03,  1.291716018068685E+02,  2.224491281794640E+02,  1.108219040922356E+02,  2.460742781757604E+06,  6.125523025512966E+01,  1.665065638441283E+02,  1.665095035098671E+02,  2.371457043121984E-03,  2.371717802935454E-03,  5.877049167892936E+00,
2460746.500000000, A.D. 2025-Mar-12 00:00:00.0000,  1.125151003885959E-04,  2.371202857417079E-03,  1.291710820518528E+02,  2.224500613690965E+02,  1.008811086375765E+02,  2.460748496495311E+06,  6.125474050041006E+01,  2.377051977984381E+02,  2.376942997943063E+02,  2.371469683566594E-03,  2.371736509716109E-03,  5.877096157114404E+00,
2460747.500000000, A.D. 2025-Mar-13 00:00:00.0000,  1.361934993440546E-04,  2.371146100858383E-03,  1.291710963181060E+02,  2.224501829526015E+02,  1.004668532024854E+02,  2.460748489682992E+06,  6.125476390365728E+01,  2.993772020285007E+02,  2.993636011377936E+02,  2.371469079530910E-03,  2.371792058203437E-03,  5.877093911686856E+00,
2460748.500000000, A.D. 2025-Mar-14 00:00:00.0000,  1.424422162873033E-04,  2.371117037950607E-03,  1.291713598898413E+02,  2.224513219215584E+02,  1.077228433595121E+02,  2.460748608085747E+06,  6.125531587807451E+01,  3.533791734093115E+02,  3.533772911008462E+02,  2.371454833232877E-03,  2.371792628515149E-03,  5.877040952928250E+00,
2460749.500000000, A.D. 2025-Mar-15 00:00:00.0000,  1.410489590631976E-04,  2.371135745144944E-03,  1.291708195903863E+02,  2.224521943371357E+02,  1.155436244917270E+02,  2.460748735712220E+06,  6.125471899755990E+01,  4.681623317428282E+01,  4.682802006525724E+01,  2.371470238553541E-03,  2.371804731962138E-03,  5.877098220209625E+00,
2460750.500000000, A.D. 2025-Mar-16 00:00:00.0000,  1.179304506969211E-04,  2.371187461457749E-03,  1.291708821199531E+02,  2.224523259461739E+02,  1.174400814065448E+02,  2.460748766626006E+06,  6.125483945170993E+01,  1.061775457347113E+02,  1.061905239277833E+02,  2.371467129645161E-03,  2.371746797832573E-03,  5.877086663230991E+00,
2460751.500000000, A.D. 2025-Mar-17 00:00:00.0000,  1.100095402773259E-04,  2.371194986641596E-03,  1.291711123526150E+02,  2.224535107055809E+02,  1.091742728346376E+02,  2.460748631654269E+06,  6.125527573093486E+01,  1.757013086445077E+02,  1.757022534220193E+02,  2.371455869411578E-03,  2.371716752181560E-03,  5.877044804782333E+00,
2460752.500000000, A.D. 2025-Mar-18 00:00:00.0000,  1.159748482802329E-04,  2.371196822371819E-03,  1.291705683983816E+02,  2.224543187399175E+02,  9.945162850785994E+01,  2.460754349952579E+06,  6.125465642841862E+01,  2.466817903376458E+02,  2.466695867969269E+02,  2.371471853460225E-03,  2.371746884548630E-03,  5.877104223426527E+00,
2460753.500000000, A.D. 2025-Mar-19 00:00:00.0000,  1.396674468024941E-04,  2.371137625464100E-03,  1.291706811787348E+02,  2.224544897673223E+02,  1.014121935627448E+02,  2.460754381907051E+06,  6.125477308883166E+01,  3.059789837138691E+02,  3.059660308529240E+02,  2.371468842462499E-03,  2.371800059460897E-03,  5.877093030414595E+00,
2460754.500000000, A.D. 2025-Mar-20 00:00:00.0000,  1.444942460111330E-04,  2.371116350319669E-03,  1.291708584164638E+02,  2.224557056855751E+02,  1.087910056755148E+02,  2.460754502316801E+06,  6.125515395097820E+01,  3.598580840013983E+02,  3.598580429819410E+02,  2.371459012501627E-03,  2.371801674683585E-03,  5.877056488799356E+00,
2460755.500000000, A.D. 2025-Mar-21 00:00:00.0000,  1.399226570405104E-04,  2.371144097233542E-03,  1.291703253544789E+02,  2.224564373303902E+02,  1.173186344078255E+02,  2.460754641479626E+06,  6.125449885460161E+01,  5.258823523425493E+01,  5.260097219624578E+01,  2.371475920445439E-03,  2.371807743657335E-03,  5.877119341952722E+00,
2460756.500000000, A.D. 2025-Mar-22 00:00:00.0000,  1.149413651123124E-04,  2.371196857501357E-03,  1.291704867105790E+02,  2.224566669015097E+02,  1.175289819170222E+02,  2.460754644868050E+06,  6.125475003669815E+01,  1.136356438539985E+02,  1.136477095739211E+02,  2.371469437435818E-03,  2.371742017370278E-03,  5.877095242153815E+00,
2460757.500000000, A.D. 2025-Mar-23 00:00:00.0000,  1.076581043715838E-04,  2.371205756734643E-03,  1.291705951745343E+02,  2.224579178035290E+02,  1.084355053683280E+02,  2.460760373443346E+06,  6.125507447545882E+01,  1.839870138673816E+02,  1.839861562064676E+02,  2.371461063737356E-03,  2.371716370740069E-03,  5.877064113998100E+00,
2460758.500000000, A.D. 2025-Mar-24 00:00:00.0000,  1.174017885542004E-04,  2.371198247588557E-03,  1.291700689916908E+02,  2.224585557397060E+02,  9.810506670631869E+01,  2.460760204770211E+06,  6.125447007730228E+01,  2.555752041183397E+02,  2.555621754486086E+02,  2.371476663190330E-03,  2.371755078792103E-03,  5.877122103018523E+00,
2460759.500000000, A.D. 2025-Mar-25 00:00:00.0000,  1.406339863084044E-04,  2.371134264700157E-03,  1.291702877593692E+02,  2.224588404590776E+02,  1.019440168230872E+02,  2.460760267383996E+06,  6.125481449917270E+01,  3.129940356924775E+02,  3.129822470283576E+02,  2.371467773666570E-03,  2.371801282632982E-03,  5.877089057299523E+00,
2460760.500000000, A.D. 2025-Mar-26 00:00:00.0000,  1.451205542841365E-04,  2.371116468392931E-03,  1.291703295203056E+02,  2.224601279770066E+02,  1.091274707008292E+02,  2.460760384605642E+06,  6.125509182032375E+01,  7.068491978365826E+00,  7.070538713661570E+00,  2.371460616071999E-03,  2.371804763751067E-03,  5.877062449860797E+00,
2460761.500000000, A.D. 2025-Mar-27 00:00:00.0000,  1.380034817168906E-04,  2.371148285824164E-03,  1.291698085075334E+02,  2.224606752143785E+02,  1.177512586890047E+02,  2.460760525337962E+06,  6.125451290870276E+01,  5.970244838799231E+01,  5.971610368386672E+01,  2.371475557707934E-03,  2.371802829591705E-03,  5.877117993519345E+00,
2460762.500000000, A.D. 2025-Mar-28 00:00:00.0000,  1.145075196368210E-04,  2.371192558488511E-03,  1.291700808166715E+02,  2.224610073187440E+02,  1.160939313523951E+02,  2.460760498242162E+06,  6.125495648798429E+01,  1.226175892774367E+02,  1.226286405732403E+02,  2.371464108961536E-03,  2.371735659434561E-03,  5.877075434224122E+00,
2460763.500000000, A.D. 2025-Mar-29 00:00:00.0000,  1.091432142456198E-04,  2.371199587210656E-03,  1.291700648416005E+02,  2.224623253310995E+02,  1.077035991390697E+02,  2.460766238284939E+06,  6.125517707015028E+01,  1.922658712115971E+02,  1.922632144972580E+02,  2.371458415804607E-03,  2.371717244398558E-03,  5.877054270657368E+00,
2460764.500000000, A.D. 2025-Mar-30 00:00:00.0000,  1.210478861083141E-04,  2.371186431980578E-03,  1.291695524596830E+02,  2.224627942881884E+02,  9.852143791597074E+01,  2.460766088357478E+06,  6.125459287267181E+01,  2.627058093496078E+02,  2.626920508021548E+02,  2.371473493833967E-03,  2.371760555687357E-03,  5.877110321316179E+00,
2460765.500000000, A.D. 2025-Mar-31 00:00:00.0000,  1.406660766433296E-04,  2.371127811365508E-03,  1.291698663165045E+02,  2.224631685339280E+02,  1.036391030745473E+02,  2.460766171846865E+06,  6.125506161987594E+01,  3.188459789067054E+02,  3.188353697274335E+02,  2.371461395535930E-03,  2.371794979706352E-03,  5.877065347415923E+00,
2460766.500000000, A.D. 2025-Apr-01 00:00:00.0000,  1.437227358104731E-04,  2.371118072894370E-03,  1.291698062499601E+02,  2.224644974498327E+02,  1.103054454398013E+02,  2.460766280628929E+06,  6.125515809848135E+01,  1.343760960899431E+01,  1.344143754522558E+01,  2.371458905456124E-03,  2.371799738017879E-03,  5.877056090871884E+00,
2460767.500000000, A.D. 2025-Apr-02 00:00:00.0000,  1.335330104636852E-04,  2.371157669063504E-03,  1.291693169598190E+02,  2.224649143227340E+02,  1.184384871740784E+02,  2.460766413348884E+06,  6.125456012039680E+01,  6.656233608458164E+01,  6.657637627594961E+01,  2.371474339171251E-03,  2.371791009278997E-03,  5.877113463755423E+00,
2460768.500000000, A.D. 2025-Apr-03 00:00:00.0000,  1.119637246835103E-04,  2.371196484425495E-03,  1.291696533761191E+02,  2.224653476779026E+02,  1.145557787968298E+02,  2.460766349925744E+06,  6.125503811676399E+01,  1.317028805015132E+02,  1.317124586214453E+02,  2.371462002144200E-03,  2.371727519862906E-03,  5.877067602403089E+00,
2460769.500000000, A.D. 2025-Apr-04 00:00:00.0000,  1.088119509736514E-04,  2.371203540356735E-03,  1.291695418105690E+02,  2.224666687100630E+02,  1.057643317656310E+02,  2.460772083423623E+06,  6.125505432872459E+01,  2.017522456012108E+02,  2.017476252758441E+02,  2.371461583718318E-03,  2.371719627079901E-03,  5.877066046959388E+00,
2460770.500000000, A.D. 2025-Apr-05 00:00:00.0000,  1.255336695882459E-04,  2.371178774480818E-03,  1.291690941876931E+02,  2.224670340186904E+02,  9.777971448562376E+01,  2.460771953042617E+06,  6.125447738317385E+01,  2.709946339075478E+02,  2.709802509370834E+02,  2.371476474625020E-03,  2.371774174769222E-03,  5.877121402049367E+00,
2460771.500000000, A.D. 2025-Apr-06 00:00:00.0000,  1.432268713125076E-04,  2.371123573879296E-03,  1.291694437263351E+02,  2.224675468004177E+02,  1.043730133847577E+02,  2.460772060621441E+06,  6.125499049928177E+01,  3.256591389485125E+02,  3.256498789904574E+02,  2.371463231138324E-03,  2.371802888397353E-03,  5.877072171029413E+00,
2460772.500000000, A.D. 2025-Apr-07 00:00:00.0000,  1.457052808644841E-04,  2.371119680043246E-03,  1.291692726002784E+02,  2.224688385023256E+02,  1.115763368526054E+02,  2.460772178169299E+06,  6.125491363264425E+01,  1.971371180974458E+01,  1.971934488039723E+01,  2.371465215048465E-03,  2.371810750053684E-03,  5.877079545960655E+00,
2460773.500000000, A.D. 2025-Apr-08 00:00:00.0000,  1.312650730416688E-04,  2.371166972904383E-03,  1.291688748071610E+02,  2.224691529810640E+02,  1.196534302576556E+02,  2.460772309974163E+06,  6.125440800935426E+01,  7.289432813134944E+01,  7.290870530083079E+01,  2.371478265172078E-03,  2.371789557439772E-03,  5.877128058196625E+00,
2460774.500000000, A.D. 2025-Apr-09 00:00:00.0000,  1.104090758363139E-04,  2.371201438000419E-03,  1.291692339662208E+02,  2.224697570099221E+02,  1.142308877287108E+02,  2.460772221414883E+06,  6.125498902968121E+01,  1.395747063407624E+02,  1.395829097108638E+02,  2.371463269068336E-03,  2.371725100136254E-03,  5.877072312029333E+00,
2460775.500000000, A.D. 2025-Apr-10 00:00:00.0000,  1.075704781033982E-04,  2.371211055239211E-03,  1.291689882948696E+02,  2.224710238147123E+02,  1.047042702267343E+02,  2.460777942921027E+06,  6.125487721475130E+01,  2.103591724318879E+02,  2.103529430216905E+02,  2.371466154987309E-03,  2.371721254735408E-03,  5.877083040063712E+00,
2460776.500000000, A.D. 2025-Apr-11 00:00:00.0000,  1.276339888087791E-04,  2.371173721914182E-03,  1.291686418401073E+02,  2.224712679422895E+02,  9.788134918272145E+01,  2.460777831497294E+06,  6.125448016185993E+01,  2.784398254361100E+02,  2.784253577087957E+02,  2.371476402906851E-03,  2.371779083899520E-03,  5.877121135445596E+00,
2460777.500000000, A.D. 2025-Apr-12 00:00:00.0000,  1.424820241492872E-04,  2.371122018669949E-03,  1.291690197522315E+02,  2.224719607117722E+02,  1.050088335043460E+02,  2.460777947796086E+06,  6.125511921293521E+01,  3.325701973548894E+02,  3.325626748357626E+02,  2.371459909077983E-03,  2.371797799486018E-03,  5.877059821703506E+00,
2460778.500000000, A.D. 2025-Apr-13 00:00:00.0000,  1.447464853473618E-04,  2.371121338158846E-03,  1.291687091925465E+02,  2.224731986091834E+02,  1.120634419304230E+02,  2.460778062916948E+06,  6.125493748885553E+01,  2.677349500640128E+01,  2.678096794586739E+01,  2.371464599324724E-03,  2.371807860490602E-03,  5.877077257086367E+00,
2460779.500000000, A.D. 2025-Apr-14 00:00:00.0000,  1.281468162612695E-04,  2.371169979142334E-03,  1.291684086903564E+02,  2.224733850228271E+02,  1.190702214264093E+02,  2.460778177251027E+06,  6.125457806697518E+01,  8.102443024173142E+01,  8.103893533459851E+01,  2.371473875969385E-03,  2.371777772796437E-03,  5.877111741858369E+00,
2460780.500000000, A.D. 2025-Apr-15 00:00:00.0000,  1.116746610415828E-04,  2.371191923959400E-03,  1.291687979318893E+02,  2.224741467488634E+02,  1.125592260061185E+02,  2.460778070928868E+06,  6.125524139569629E+01,  1.487933385334202E+02,  1.487999681923683E+02,  2.371456755588755E-03,  2.371721587218111E-03,  5.877048099026725E+00,
2460781.500000000, A.D. 2025-Apr-16 00:00:00.0000,  1.100244095458270E-04,  2.371203355101613E-03,  1.291684363704031E+02,  2.224753607949844E+02,  1.037421684734037E+02,  2.460783804004829E+06,  6.125495009131347E+01,  2.188682991578619E+02,  2.188603881592983E+02,  2.371464274058125E-03,  2.371725193014638E-03,  5.877076047949493E+00,
2460782.500000000, A.D. 2025-Apr-17 00:00:00.0000,  1.312008662510026E-04,  2.371160685614600E-03,  1.291681795123076E+02,  2.224755064644684E+02,  9.916361890485004E+01,  2.460783729219084E+06,  6.125465753992391E+01,  2.847046059505192E+02,  2.846900632535629E+02,  2.371471824772300E-03,  2.371782963930001E-03,  5.877104116782680E+00,
2460783.500000000, A.D. 2025-Apr-18 00:00:00.0000,  1.422414021519863E-04,  2.371118851591602E-03,  1.291685707645110E+02,  2.224763355958955E+02,  1.064379848411238E+02,  2.460783847918745E+06,  6.125526405188742E+01,  3.386881454042137E+02,  3.386822204078460E+02,  2.371456170842485E-03,  2.371793490093367E-03,  5.877045925311092E+00,
2460784.500000000, A.D. 2025-Apr-19 00:00:00.0000,  1.432018022832113E-04,  2.371126215774115E-03,  1.291681751326921E+02,  2.224775053651266E+02,  1.135122797697904E+02,  2.460783963360889E+06,  6.125489042811846E+01,  3.287176994226496E+01,  3.288067783130895E+01,  2.371465813952725E-03,  2.371805412131336E-03,  5.877081772310957E+00,
2460785.500000000, A.D. 2025-Apr-20 00:00:00.0000,  1.234822268066978E-04,  2.371180589983440E-03,  1.291679729211792E+02,  2.224776429214093E+02,  1.192052319640395E+02,  2.460784056246306E+06,  6.125459554726172E+01,  8.843654860690701E+01,  8.845069341948241E+01,  2.371473424802748E-03,  2.371766259622056E-03,  5.877110064700985E+00,
2460786.500000000, A.D. 2025-Apr-21 00:00:00.0000,  1.096346951970631E-04,  2.371198332832269E-03,  1.291683391106565E+02,  2.224785355094207E+02,  1.113353487216498E+02,  2.460783927738878E+06,  6.125518051311174E+01,  1.575643193463004E+02,  1.575691134388505E+02,  2.371458326943116E-03,  2.371718321053963E-03,  5.877053940326591E+00,
2460787.500000000, A.D. 2025-Apr-22 00:00:00.0000,  1.105450226547113E-04,  2.371207965480380E-03,  1.291679129107537E+02,  2.224796438565415E+02,  1.015030141320952E+02,  2.460789644251016E+06,  6.125472360257240E+01,  2.286544967223906E+02,  2.286449875749727E+02,  2.371470119698487E-03,  2.371732273916594E-03,  5.877097778380667E+00,
2460788.500000000, A.D. 2025-Apr-23 00:00:00.0000,  1.349357997296370E-04,  2.371154565102323E-03,  1.291677728395497E+02,  2.224797840968437E+02,  9.910664027740735E+01,  2.460789605083568E+06,  6.125455149012875E+01,  2.923086017114591E+02,  2.922942956180036E+02,  2.371474561918874E-03,  2.371794558735426E-03,  5.877114291792903E+00,
2460789.500000000, A.D. 2025-Apr-24 00:00:00.0000,  1.444709821968878E-04,  2.371117387449297E-03,  1.291681035339139E+02,  2.224807580293082E+02,  1.068952064683716E+02,  2.460789732178045E+06,  6.125511589921472E+01,  3.457779069356046E+02,  3.457738389334150E+02,  2.371459994603958E-03,  2.371802601758618E-03,  5.877060139635049E+00,
2460790.500000000, A.D. 2025-Apr-25 00:00:00.0000,  1.442608769330391E-04,  2.371130004178443E-03,  1.291676396951151E+02,  2.224817856824668E+02,  1.148356679772365E+02,  2.460789861758435E+06,  6.125464630190455E+01,  3.909526135006017E+01,  3.910568749955988E+01,  2.371472114825350E-03,  2.371814225472257E-03,  5.877105195019414E+00,
2460791.500000000, A.D. 2025-Apr-26 00:00:00.0000,  1.213052596592125E-04,  2.371186401445517E-03,  1.291675727654006E+02,  2.224819268446739E+02,  1.193591417919874E+02,  2.460789935553241E+06,  6.125457040505506E+01,  9.582951415184834E+01,  9.584334261111307E+01,  2.371474073723805E-03,  2.371761746002093E-03,  5.877112476986547E+00,
2460792.500000000, A.D. 2025-Apr-27 00:00:00.0000,  1.089985370243107E-04,  2.371200791211603E-03,  1.291678645932720E+02,  2.224829816273617E+02,  1.110865119674894E+02,  2.460789800471016E+06,  6.125514371054646E+01,  1.653600358435711E+02,  1.653631922824566E+02,  2.371459276803388E-03,  2.371717762395172E-03,  5.877057471306166E+00,
2460793.500000000, A.D. 2025-Apr-28 00:00:00.0000,  1.114180225056650E-04,  2.371207810185683E-03,  1.291673611774337E+02,  2.224839284031042E+02,  1.006636692731930E+02,  2.460795507346772E+06,  6.125464939819141E+01,  2.370406772771556E+02,  2.370299653738493E+02,  2.371472034910240E-03,  2.371736259634798E-03,  5.877104897944763E+00,
2460794.500000000, A.D. 2025-Apr-29 00:00:00.0000,  1.359383533790400E-04,  2.371148327821823E-03,  1.291673616327498E+02,  2.224840627515848E+02,  1.001145063843278E+02,  2.460795498330139E+06,  6.125470105522558E+01,  2.988475858023907E+02,  2.988339403521611E+02,  2.371470701644091E-03,  2.371793075466359E-03,  5.877099941691556E+00,
2460795.500000000, A.D. 2025-Apr-30 00:00:00.0000,  1.430046160524183E-04,  2.371117111812265E-03,  1.291676231443958E+02,  2.224851906208229E+02,  1.074752248769499E+02,  2.460795618441878E+06,  6.125526133355222E+01,  3.527448118204608E+02,  3.527427419435376E+02,  2.371456241001495E-03,  2.371795370190725E-03,  5.877046186117764E+00,
2460796.500000000, A.D. 2025-May-01 00:00:00.0000,  1.417694364261717E-04,  2.371134179233332E-03,  1.291670879407728E+02,  2.224860670480632E+02,  1.153965160052055E+02,  2.460795747709236E+06,  6.125471346871041E+01,  4.608135520292242E+01,  4.609305874639788E+01,  2.371470381252783E-03,  2.371806583272235E-03,  5.877098750676419E+00,
2460797.500000000, A.D. 2025-May-02 00:00:00.0000,  1.187243760486365E-04,  2.371186203174619E-03,  1.291671459164521E+02,  2.224862001014963E+02,  1.177638809165988E+02,  2.460795786310076E+06,  6.125481525324533E+01,  1.049717597167737E+02,  1.049849021853685E+02,  2.371467754204056E-03,  2.371749305233493E-03,  5.877088984950075E+00,
2460798.500000000, A.D. 2025-May-03 00:00:00.0000,  1.102125750110036E-04,  2.371194239116355E-03,  1.291673794522342E+02,  2.224873785932952E+02,  1.096081865452529E+02,  2.460795653136787E+06,  6.125528603978483E+01,  1.743854204172220E+02,  1.743866558626439E+02,  2.371455603344924E-03,  2.371716967573493E-03,  5.877043815715476E+00,
2460799.500000000, A.D. 2025-May-04 00:00:00.0000,  1.153428700501261E-04,  2.371197662395339E-03,  1.291668328096602E+02,  2.224881955263717E+02,  9.985245437919330E+01,  2.460801370893935E+06,  6.125468195231946E+01,  2.453989870383370E+02,  2.453869701929939E+02,  2.371471194689176E-03,  2.371744726983013E-03,  5.877101774525959E+00,
2460800.500000000, A.D. 2025-May-05 00:00:00.0000,  1.388752981010637E-04,  2.371138357171275E-03,  1.291669385988211E+02,  2.224883534669640E+02,  1.015335072835480E+02,  2.460801398285100E+06,  6.125481752949283E+01,  3.049757100866240E+02,  3.049626689865882E+02,  2.371467695454418E-03,  2.371797033737561E-03,  5.877088766555675E+00,
2460801.500000000, A.D. 2025-May-06 00:00:00.0000,  1.435778257003565E-04,  2.371116510681093E-03,  1.291671298038013E+02,  2.224895680489513E+02,  1.087667628929158E+02,  2.460801516318707E+06,  6.125523195222038E+01,  3.590003938293492E+02,  3.590001067498347E+02,  2.371456999320798E-03,  2.371797487960502E-03,  5.877049005067896E+00,
2460802.500000000, A.D. 2025-May-07 00:00:00.0000,  1.394561462774218E-04,  2.371143366624217E-03,  1.291665902763907E+02,  2.224903165763845E+02,  1.171133705413469E+02,  2.460801652526731E+06,  6.125457003554532E+01,  5.191161070368183E+01,  5.192418966710127E+01,  2.371474083260865E-03,  2.371804799897514E-03,  5.877112512439417E+00,
2460803.500000000, A.D. 2025-May-08 00:00:00.0000,  1.149659696905058E-04,  2.371196008110889E-03,  1.291667392092937E+02,  2.224905227601755E+02,  1.174077368634888E+02,  2.460801657286653E+06,  6.125478068898353E+01,  1.128750019524128E+02,  1.128871393257827E+02,  2.371468646303401E-03,  2.371741284495913E-03,  5.877092301217639E+00,
2460804.500000000, A.D. 2025-May-09 00:00:00.0000,  1.078074170085221E-04,  2.371205158462313E-03,  1.291668737505008E+02,  2.224917619940013E+02,  1.083104822146505E+02,  2.460807385798575E+06,  6.125508393739547E+01,  1.832301660737748E+02,  1.832294700645803E+02,  2.371460819527803E-03,  2.371716480593293E-03,  5.877063206181070E+00,
2460805.500000000, A.D. 2025-May-10 00:00:00.0000,  1.175165136168087E-04,  2.371198242697179E-03,  1.291663456416443E+02,  2.224924344400198E+02,  9.811255898030996E+01,  2.460807219289604E+06,  6.125445972446677E+01,  2.546858442173794E+02,  2.546728564831877E+02,  2.371476930398162E-03,  2.371755618099146E-03,  5.877123096331968E+00,
2460806.500000000, A.D. 2025-May-11 00:00:00.0000,  1.412660349650330E-04,  2.371134314794538E-03,  1.291665455484819E+02,  2.224927040893949E+02,  1.018785325137710E+02,  2.460807280712515E+06,  6.125475447580707E+01,  3.121776466003605E+02,  3.121656488694366E+02,  2.371469322862820E-03,  2.371804330931103E-03,  5.877094816242944E+00,
2460807.500000000, A.D. 2025-May-12 00:00:00.0000,  1.455303042763838E-04,  2.371116362409172E-03,  1.291666071199690E+02,  2.224939784706337E+02,  1.092545481415435E+02,  2.460807401077367E+06,  6.125505827290528E+01,  6.059511654703803E+00,  6.061272372439209E+00,  2.371461481920215E-03,  2.371806601431259E-03,  5.877065668538225E+00,
2460808.500000000, A.D. 2025-May-13 00:00:00.0000,  1.383921569649137E-04,  2.371148729020653E-03,  1.291660907639202E+02,  2.224945525631968E+02,  1.180536873710030E+02,  2.460807544671522E+06,  6.125446001780009E+01,  5.851813007807606E+01,  5.853165557743915E+01,  2.371476922827196E-03,  2.371805116633738E-03,  5.877123068187797E+00,
2460809.500000000, A.D. 2025-May-14 00:00:00.0000,  1.142475806512483E-04,  2.371194993535444E-03,  1.291663446393887E+02,  2.224948777435314E+02,  1.165950613482985E+02,  2.460807520818437E+06,  6.125488601787491E+01,  1.212345410776722E+02,  1.212457344231439E+02,  2.371465927780289E-03,  2.371736862025135E-03,  5.877082195450460E+00,
2460810.500000000, A.D. 2025-May-15 00:00:00.0000,  1.082331413933462E-04,  2.371203649219145E-03,  1.291663426715687E+02,  2.224961793521408E+02,  1.078180218491830E+02,  2.460813254553927E+06,  6.125510329868786E+01,  1.912695146863604E+02,  1.912670912368617E+02,  2.371460319819248E-03,  2.371716990419351E-03,  5.877061348580103E+00,
2460811.500000000, A.D. 2025-May-16 00:00:00.0000,  1.201326856533564E-04,  2.371190036261750E-03,  1.291658319769393E+02,  2.224966706136485E+02,  9.834222742249862E+01,  2.460813099831791E+06,  6.125453730980546E+01,  2.620030438531029E+02,  2.619894118161508E+02,  2.371474927913799E-03,  2.371759819565849E-03,  5.877115652335066E+00,
2460812.500000000, A.D. 2025-May-17 00:00:00.0000,  1.405965277062310E-04,  2.371129139274165E-03,  1.291661349256256E+02,  2.224970418237376E+02,  1.033588255174323E+02,  2.460813181670106E+06,  6.125501655390364E+01,  3.182442863784375E+02,  3.182335556368196E+02,  2.371462558675500E-03,  2.371795978076836E-03,  5.877069671235898E+00,
2460813.500000000, A.D. 2025-May-18 00:00:00.0000,  1.437974150551845E-04,  2.371117557343326E-03,  1.291660775436590E+02,  2.224983725565219E+02,  1.099984879780993E+02,  2.460813290016621E+06,  6.125517121378358E+01,  1.286256785384938E+01,  1.286623671109517E+01,  2.371458566955164E-03,  2.371799576567003E-03,  5.877054832539478E+00,
2460814.500000000, A.D. 2025-May-19 00:00:00.0000,  1.341298813512915E-04,  2.371155224321427E-03,  1.291655832078756E+02,  2.224987897209950E+02,  1.181897654068158E+02,  2.460813423687693E+06,  6.125460000474246E+01,  6.592907983660380E+01,  6.594311438000888E+01,  2.371473309755092E-03,  2.371791395188757E-03,  5.877109637025268E+00,
2460815.500000000, A.D. 2025-May-20 00:00:00.0000,  1.130170809632145E-04,  2.371192410503643E-03,  1.291659220038411E+02,  2.224992116796676E+02,  1.146214822127584E+02,  2.460813365399048E+06,  6.125509918319973E+01,  1.307551930162550E+02,  1.307650024205275E+02,  2.371460426038614E-03,  2.371728441573585E-03,  5.877061743436638E+00,
2460816.500000000, A.D. 2025-May-21 00:00:00.0000,  1.095410625951667E-04,  2.371199850807876E-03,  1.291658200069658E+02,  2.225005382094829E+02,  1.061730016023183E+02,  2.460819104489682E+06,  6.125513029650775E+01,  2.004616451502405E+02,  2.004572576132754E+02,  2.371459623014883E-03,  2.371719395221889E-03,  5.877058758301655E+00,
2460817.500000000, A.D. 2025-May-22 00:00:00.0000,  1.249454739454818E-04,  2.371178542572233E-03,  1.291653566060731E+02,  2.225009096579635E+02,  9.821141949072531E+01,  2.460818974486942E+06,  6.125454042071581E+01,  2.696809800019840E+02,  2.696666625398694E+02,  2.371474847621020E-03,  2.371771152669806E-03,  5.877115353856295E+00,
2460818.500000000, A.D. 2025-May-23 00:00:00.0000,  1.426237536614476E-04,  2.371123564423958E-03,  1.291657098529890E+02,  2.225013971049823E+02,  1.045854609251179E+02,  2.460819078486634E+06,  6.125504628957775E+01,  3.245647744510023E+02,  3.245552974165697E+02,  2.371461791206285E-03,  2.371800017988611E-03,  5.877066818268853E+00,
2460819.500000000, A.D. 2025-May-24 00:00:00.0000,  1.449326111488690E-04,  2.371119580736848E-03,  1.291655533633997E+02,  2.225027087169169E+02,  1.114780602460885E+02,  2.460819190962754E+06,  6.125498848591852E+01,  1.893007296773758E+01,  1.893546177550522E+01,  2.371463283102711E-03,  2.371806985468575E-03,  5.877072364200310E+00,
2460820.500000000, A.D. 2025-May-25 00:00:00.0000,  1.309849614702050E-04,  2.371166267273002E-03,  1.291651383681698E+02,  2.225030303457387E+02,  1.194878238630589E+02,  2.460819321668495E+06,  6.125446109274550E+01,  7.217806130241709E+01,  7.219235150450181E+01,  2.371476895082732E-03,  2.371787522892462E-03,  5.877122965051039E+00,
2460821.500000000, A.D. 2025-May-26 00:00:00.0000,  1.104665408502494E-04,  2.371200862237839E-03,  1.291655007355097E+02,  2.225036066838611E+02,  1.141908211538257E+02,  2.460819235158544E+06,  6.125500605949315E+01,  1.387328771088682E+02,  1.387412254370645E+02,  2.371462829533372E-03,  2.371724796828905E-03,  5.877070678114937E+00,
2460822.500000000, A.D. 2025-May-27 00:00:00.0000,  1.077796318512711E-04,  2.371210396846620E-03,  1.291652799087747E+02,  2.225048806343386E+02,  1.046492328277173E+02,  2.460824956418976E+06,  6.125488350728131E+01,  2.095323417725036E+02,  2.095262546751067E+02,  2.371465992578248E-03,  2.371721588309876E-03,  5.877082436328642E+00,
2460823.500000000, A.D. 2025-May-28 00:00:00.0000,  1.276465952539267E-04,  2.371175134363714E-03,  1.291649207810007E+02,  2.225051493929580E+02,  9.766357259725466E+01,  2.460824842340403E+06,  6.125442427178404E+01,  2.777757114458599E+02,  2.777612184039563E+02,  2.371477845436405E-03,  2.371780556509096E-03,  5.877126497878598E+00,
2460824.500000000, A.D. 2025-May-29 00:00:00.0000,  1.433225950385330E-04,  2.371122129283311E-03,  1.291652896970541E+02,  2.225058192141009E+02,  1.049117763517635E+02,  2.460824960609465E+06,  6.125503768169892E+01,  3.317853498520118E+02,  3.317775839597252E+02,  2.371462013373103E-03,  2.371801897462895E-03,  5.877067644145074E+00,
2460825.500000000, A.D. 2025-May-30 00:00:00.0000,  1.457397752581702E-04,  2.371120856727591E-03,  1.291649964954491E+02,  2.225070609702127E+02,  1.121246039953333E+02,  2.460825078313010E+06,  6.125486486553214E+01,  2.583037959378948E+01,  2.583765735634023E+01,  2.371466473718503E-03,  2.371812090709416E-03,  5.877084224906526E+00,
2460826.500000000, A.D. 2025-May-31 00:00:00.0000,  1.288660278271324E-04,  2.371169724250810E-03,  1.291646903525438E+02,  2.225072656799791E+02,  1.194118867544783E+02,  2.460825197225717E+06,  6.125452185294917E+01,  7.980081575469679E+01,  7.981534978254899E+01,  2.371475326856272E-03,  2.371780929461735E-03,  5.877117135355900E+00,
2460827.500000000, A.D. 2025-Jun-01 00:00:00.0000,  1.114236780042282E-04,  2.371194061525721E-03,  1.291650722582902E+02,  2.225080200090129E+02,  1.131395797017341E+02,  2.460825094799190E+06,  6.125518162942408E+01,  1.473310124764506E+02,  1.473379037551930E+02,  2.371458298131532E-03,  2.371722534737344E-03,  5.877053833223361E+00,
2460828.500000000, A.D. 2025-Jun-02 00:00:00.0000,  1.093307510246051E-04,  2.371205564958991E-03,  1.291647193875372E+02,  2.225092295039841E+02,  1.040434291005283E+02,  2.460830823322274E+06,  6.125492820299097E+01,  2.176850609359712E+02,  2.176774029052279E+02,  2.371464838990867E-03,  2.371724113022742E-03,  5.877078148014575E+00,
2460829.500000000, A.D. 2025-Jun-03 00:00:00.0000,  1.302902200306276E-04,  2.371163776707496E-03,  1.291644602990210E+02,  2.225093844663778E+02,  9.894994451023403E+01,  2.460830740130410E+06,  6.125462144372676E+01,  2.840362811867265E+02,  2.840217962349021E+02,  2.371472756414725E-03,  2.371781736121955E-03,  5.877107580049675E+00,
2460830.500000000, A.D. 2025-Jun-04 00:00:00.0000,  1.420243111589923E-04,  2.371119612434851E-03,  1.291648485023917E+02,  2.225102069625073E+02,  1.061953781810244E+02,  2.460830858356769E+06,  6.125525451834689E+01,  3.380487649264412E+02,  3.380426801271282E+02,  2.371456416898905E-03,  2.371793221362958E-03,  5.877046839992714E+00,
2460831.500000000, A.D. 2025-Jun-05 00:00:00.0000,  1.435024090940927E-04,  2.371124958747343E-03,  1.291644530371907E+02,  2.225113827575984E+02,  1.132010877466429E+02,  2.460830972679595E+06,  6.125491151413990E+01,  3.230096472580270E+01,  3.230975327039803E+01,  2.371465269726631E-03,  2.371805580705919E-03,  5.877079749219761E+00,
2460832.500000000, A.D. 2025-Jun-06 00:00:00.0000,  1.243066984248435E-04,  2.371177465757111E-03,  1.291642432822758E+02,  2.225115138720687E+02,  1.190170842143313E+02,  2.460831067574417E+06,  6.125464084594384E+01,  8.774271461930583E+01,  8.775694815142329E+01,  2.371472255643616E-03,  2.371767045530121E-03,  5.877105718494119E+00,
2460833.500000000, A.D. 2025-Jun-07 00:00:00.0000,  1.106113477080750E-04,  2.371194113638428E-03,  1.291646189084014E+02,  2.225123974055192E+02,  1.114634856394893E+02,  2.460830944231869E+06,  6.125525425756860E+01,  1.565542266783486E+02,  1.565592692302276E+02,  2.371456423629477E-03,  2.371718733620525E-03,  5.877046865012709E+00,
2460834.500000000, A.D. 2025-Jun-08 00:00:00.0000,  1.109902234397173E-04,  2.371204956109482E-03,  1.291641960791382E+02,  2.225135206963880E+02,  1.019981480332766E+02,  2.460836666728962E+06,  6.125479930248574E+01,  2.272774522923321E+02,  2.272681095241043E+02,  2.371468165891095E-03,  2.371731375672707E-03,  5.877090515344992E+00,
2460835.500000000, A.D. 2025-Jun-09 00:00:00.0000,  1.346780254181191E-04,  2.371154193342815E-03,  1.291640391991263E+02,  2.225136529977277E+02,  9.935715905029294E+01,  2.460836623569988E+06,  6.125458958372615E+01,  2.911761815481190E+02,  2.911617898337540E+02,  2.371473578721728E-03,  2.371792964100641E-03,  5.877110636876151E+00,
2460836.500000000, A.D. 2025-Jun-10 00:00:00.0000,  1.443990986983684E-04,  2.371117332864713E-03,  1.291643851533255E+02,  2.225146037504364E+02,  1.070724089930269E+02,  2.460836749467882E+06,  6.125512462021327E+01,  3.447188137700500E+02,  3.447144519659611E+02,  2.371459769518032E-03,  2.371802206171350E-03,  5.877059302907783E+00,
2460837.500000000, A.D. 2025-Jun-11 00:00:00.0000,  1.440900720525730E-04,  2.371130120527489E-03,  1.291639332199438E+02,  2.225156582776673E+02,  1.149135735252152E+02,  2.460836877427338E+06,  6.125465748949853E+01,  3.813547519872876E+01,  3.814567287798322E+01,  2.371471826073778E-03,  2.371813531620068E-03,  5.877104121620764E+00,
2460838.500000000, A.D. 2025-Jun-12 00:00:00.0000,  1.211459044093520E-04,  2.371187762387336E-03,  1.291638458949356E+02,  2.225158017687625E+02,  1.196385586552949E+02,  2.460836954510743E+06,  6.125453231314611E+01,  9.466822161174909E+01,  9.468205768711938E+01,  2.371475056877886E-03,  2.371762351368436E-03,  5.877116131743590E+00,
2460839.500000000, A.D. 2025-Jun-13 00:00:00.0000,  1.086078663117098E-04,  2.371202446443666E-03,  1.291641470856340E+02,  2.225168290450708E+02,  1.111138488506821E+02,  2.460836815313110E+06,  6.125511547104294E+01,  1.644508054699746E+02,  1.644541412568004E+02,  2.371460005654923E-03,  2.371717564866180E-03,  5.877060180715557E+00,
2460840.500000000, A.D. 2025-Jun-14 00:00:00.0000,  1.111158438933411E-04,  2.371209829601883E-03,  1.291636618112827E+02,  2.225177968459677E+02,  1.004606453907831E+02,  2.460842518431081E+06,  6.125459891570796E+01,  2.363618136592018E+02,  2.363512136390512E+02,  2.371473337863090E-03,  2.371736846124297E-03,  5.877109741513344E+00,
2460841.500000000, A.D. 2025-Jun-15 00:00:00.0000,  1.362720254338798E-04,  2.371149476885542E-03,  1.291636410620233E+02,  2.225179413582659E+02,  9.983636981747003E+01,  2.460842508187958E+06,  6.125462586639098E+01,  2.982438238641084E+02,  2.982300663001974E+02,  2.371472642265764E-03,  2.371795807645986E-03,  5.877107155714811E+00,
2460842.500000000, A.D. 2025-Jun-16 00:00:00.0000,  1.442346370330475E-04,  2.371116988957505E-03,  1.291639065924795E+02,  2.225190455751127E+02,  1.074233949673482E+02,  2.460842631993538E+06,  6.125515306026019E+01,  3.519147156368628E+02,  3.519123905988851E+02,  2.371459035490727E-03,  2.371801082023950E-03,  5.877056574258290E+00,
2460843.500000000, A.D. 2025-Jun-17 00:00:00.0000,  1.427892545103495E-04,  2.371133401003195E-03,  1.291633834904839E+02,  2.225199382964408E+02,  1.155042755510577E+02,  2.460842763866006E+06,  6.125464990903919E+01,  4.509163009694689E+01,  4.510322004035422E+01,  2.371472021725269E-03,  2.371810642447343E-03,  5.877104848931243E+00,
2460844.500000000, A.D. 2025-Jun-18 00:00:00.0000,  1.192310664496537E-04,  2.371186845410163E-03,  1.291634311557832E+02,  2.225200811844800E+02,  1.183262066183610E+02,  2.460842809886527E+06,  6.125474380561943E+01,  1.035274678185480E+02,  1.035407511922414E+02,  2.371469598259417E-03,  2.371752351108670E-03,  5.877095839995564E+00,
2460845.500000000, A.D. 2025-Jun-19 00:00:00.0000,  1.102512499446318E-04,  2.371194209642078E-03,  1.291636633289977E+02,  2.225212511513345E+02,  1.101159771857732E+02,  2.460842675824995E+06,  6.125528362794466E+01,  1.729956409764974E+02,  1.729971814003366E+02,  2.371455665593398E-03,  2.371717121544718E-03,  5.877044047115766E+00,
2460846.500000000, A.D. 2025-Jun-20 00:00:00.0000,  1.146408191256097E-04,  2.371199030996683E-03,  1.291631191937346E+02,  2.225220714451453E+02,  1.001655035211724E+02,  2.460848390402740E+06,  6.125469343340023E+01,  2.442039596757674E+02,  2.441921326474477E+02,  2.371470898363005E-03,  2.371742765729326E-03,  5.877100672969877E+00,
2460847.500000000, A.D. 2025-Jun-21 00:00:00.0000,  1.379151892865488E-04,  2.371139572109159E-03,  1.291632170010429E+02,  2.225222213735002E+02,  1.015798467047980E+02,  2.460848413439629E+06,  6.125485867950645E+01,  3.040473846404005E+02,  3.040342886490822E+02,  2.371466633378788E-03,  2.371793694648418E-03,  5.877084818423429E+00,
2460848.500000000, A.D. 2025-Jun-22 00:00:00.0000,  1.431048641578840E-04,  2.371116680080892E-03,  1.291634192336195E+02,  2.225234323438192E+02,  1.086805192517966E+02,  2.460848529308682E+06,  6.125526885112429E+01,  3.582046887868045E+02,  3.582041749434775E+02,  2.371456046976350E-03,  2.371795413871809E-03,  5.877045464855428E+00,
2460849.500000000, A.D. 2025-Jun-23 00:00:00.0000,  1.394286375414548E-04,  2.371141581941405E-03,  1.291628693628665E+02,  2.225241970578052E+02,  1.167468384798845E+02,  2.460848660942160E+06,  6.125464172001578E+01,  5.139618739287231E+01,  5.140867470952120E+01,  2.371472233083831E-03,  2.371802884226257E-03,  5.877105634630872E+00,
2460850.500000000, A.D. 2025-Jun-24 00:00:00.0000,  1.154393625375160E-04,  2.371193732073579E-03,  1.291630139055243E+02,  2.225243832037248E+02,  1.172796480345339E+02,  2.460848669594652E+06,  6.125482538250677E+01,  1.121211599460993E+02,  1.121334139109022E+02,  2.371467492769224E-03,  2.371741253464868E-03,  5.877088013098952E+00,
2460851.500000000, A.D. 2025-Jun-25 00:00:00.0000,  1.089669967763740E-04,  2.371199813727012E-03,  1.291631660511392E+02,  2.225256261681326E+02,  1.085129491496142E+02,  2.460854403496677E+06,  6.125518448587312E+01,  1.821457754046543E+02,  1.821453079401873E+02,  2.371458224407706E-03,  2.371716635088401E-03,  5.877053559164848E+00,
2460852.500000000, A.D. 2025-Jun-26 00:00:00.0000,  1.178352183954756E-04,  2.371195734598730E-03,  1.291626304417822E+02,  2.225263159151985E+02,  9.854978785042056E+01,  2.460854240822442E+06,  6.125452762441908E+01,  2.533667436037656E+02,  2.533538062362359E+02,  2.371475177894236E-03,  2.371754621189743E-03,  5.877116581607368E+00,
2460853.500000000, A.D. 2025-Jun-27 00:00:00.0000,  1.410303223858586E-04,  2.371133792912469E-03,  1.291628180643387E+02,  2.225265598078101E+02,  1.021375804361476E+02,  2.460854299338108E+06,  6.125479635973442E+01,  3.110367069400272E+02,  3.110245155497864E+02,  2.371468241843145E-03,  2.371802690773820E-03,  5.877090797687224E+00,
2460854.500000000, A.D. 2025-Jun-28 00:00:00.0000,  1.454102260400969E-04,  2.371116474914201E-03,  1.291629070382312E+02,  2.225278239443724E+02,  1.095022075539346E+02,  2.460854419517099E+06,  6.125506494795340E+01,  4.929985303450072E+00,  4.931417534868159E+00,  2.371461309639280E-03,  2.371806144364360E-03,  5.877065028106349E+00,
2460855.500000000, A.D. 2025-Jun-29 00:00:00.0000,  1.385171170259499E-04,  2.371148941459473E-03,  1.291623867513866E+02,  2.225284328083449E+02,  1.182156183580006E+02,  2.460854561711860E+06,  6.125444030269685E+01,  5.747431483269247E+01,  5.748769931569206E+01,  2.371477431676401E-03,  2.371805921893329E-03,  5.877124959774553E+00,
2460856.500000000, A.D. 2025-Jun-30 00:00:00.0000,  1.137420347017068E-04,  2.371198054730354E-03,  1.291626242613376E+02,  2.225287444960352E+02,  1.170099299236821E+02,  2.460854541985976E+06,  6.125481385463298E+01,  1.199377846017923E+02,  1.199490785388690E+02,  2.371467790302052E-03,  2.371737525873751E-03,  5.877089119139843E+00,
2460857.500000000, A.D. 2025-Jul-01 00:00:00.0000,  1.076164492091473E-04,  2.371206327494385E-03,  1.291626379958674E+02,  2.225300385769537E+02,  1.079782286471600E+02,  2.460860271569216E+06,  6.125505618670919E+01,  1.902273719390727E+02,  1.902251826331120E+02,  2.371461535764300E-03,  2.371716744034215E-03,  5.877065868696582E+00,
2460858.500000000, A.D. 2025-Jul-02 00:00:00.0000,  1.196389714424644E-04,  2.371192477987355E-03,  1.291621312570120E+02,  2.225305494707144E+02,  9.815780109937546E+01,  2.460860111220046E+06,  6.125448806366089E+01,  2.613055409359461E+02,  2.612919891700884E+02,  2.371476198960599E-03,  2.371759919933842E-03,  5.877120377299656E+00,
2460859.500000000, A.D. 2025-Jul-03 00:00:00.0000,  1.406913141216903E-04,  2.371130310132370E-03,  1.291624215391261E+02,  2.225309179389863E+02,  1.030714117731709E+02,  2.460860191376779E+06,  6.125496247211557E+01,  3.176497413380699E+02,  3.176388791380882E+02,  2.371463954512523E-03,  2.371797598892676E-03,  5.877074860079767E+00,
2460860.500000000, A.D. 2025-Jul-04 00:00:00.0000,  1.444481086743666E-04,  2.371117170592045E-03,  1.291623725486885E+02,  2.225322363827965E+02,  1.099029948005835E+02,  2.460860302855729E+06,  6.125512640459005E+01,  1.207609725985093E+01,  1.207956083747562E+01,  2.371459723463897E-03,  2.371802276335748E-03,  5.877059131707611E+00,
2460861.500000000, A.D. 2025-Jul-05 00:00:00.0000,  1.352916684826484E-04,  2.371153410989255E-03,  1.291618791824584E+02,  2.225326671133478E+02,  1.182478346761711E+02,  2.460860439034034E+06,  6.125456350953179E+01,  6.498900710927724E+01,  6.500305760271672E+01,  2.371474251697531E-03,  2.371795092405807E-03,  5.877113138582410E+00,
2460862.500000000, A.D. 2025-Jul-06 00:00:00.0000,  1.135316682586139E-04,  2.371191831519607E-03,  1.291622119478578E+02,  2.225330872251855E+02,  1.151034492802884E+02,  2.460860387665069E+06,  6.125507433158069E+01,  1.293912331869991E+02,  1.294012866316450E+02,  2.371461067450805E-03,  2.371730303382002E-03,  5.877064127802359E+00,
2460863.500000000, A.D. 2025-Jul-07 00:00:00.0000,  1.094405379299317E-04,  2.371199526875147E-03,  1.291621102223699E+02,  2.225344173917846E+02,  1.068101809175461E+02,  2.460866129289704E+06,  6.125515208621694E+01,  1.989424592752122E+02,  1.989383887745633E+02,  2.371459060630421E-03,  2.371718594385695E-03,  5.877056667711773E+00,
2460864.500000000, A.D. 2025-Jul-08 00:00:00.0000,  1.239740347077959E-04,  2.371179592837993E-03,  1.291616406436702E+02,  2.225347859202951E+02,  9.856615328766813E+01,  2.460865994675731E+06,  6.125458899225381E+01,  2.684442524177510E+02,  2.684300513364528E+02,  2.371473593987643E-03,  2.371767595137293E-03,  5.877110693625341E+00,
2460865.500000000, A.D. 2025-Jul-09 00:00:00.0000,  1.415577832410401E-04,  2.371124266603971E-03,  1.291619983401446E+02,  2.225352607649492E+02,  1.046391792040733E+02,  2.460866093761334E+06,  6.125511703771375E+01,  3.236290799841615E+02,  3.236194591995497E+02,  2.371459965219692E-03,  2.371795663835414E-03,  5.877060030402914E+00,
2460866.500000000, A.D. 2025-Jul-10 00:00:00.0000,  1.441639646038312E-04,  2.371119406766349E-03,  1.291618510106159E+02,  2.225365817180416E+02,  1.113152627241953E+02,  2.460866202703134E+06,  6.125506586280490E+01,  1.821093911734044E+01,  1.821610276196695E+01,  2.371461286027248E-03,  2.371803165288146E-03,  5.877064940331703E+00,
2460867.500000000, A.D. 2025-Jul-11 00:00:00.0000,  1.310952656474102E-04,  2.371164644179287E-03,  1.291614213594434E+02,  2.225369076916740E+02,  1.192547084653468E+02,  2.460866332261480E+06,  6.125451385072324E+01,  7.152925533890776E+01,  7.154350461814735E+01,  2.371475533394313E-03,  2.371786422609340E-03,  5.877117903136365E+00,
2460868.500000000, A.D. 2025-Jul-12 00:00:00.0000,  1.106782395153645E-04,  2.371199853307869E-03,  1.291617878383474E+02,  2.225374600940464E+02,  1.141814854081389E+02,  2.460866249404226E+06,  6.125502570133678E+01,  1.378603019504851E+02,  1.378688104769736E+02,  2.371462322582809E-03,  2.371724791857750E-03,  5.877068793591962E+00,
2460869.500000000, A.D. 2025-Jul-13 00:00:00.0000,  1.081540775831592E-04,  2.371208596756488E-03,  1.291615847965514E+02,  2.225387470490460E+02,  1.048258842339495E+02,  2.460871973698618E+06,  6.125491885057390E+01,  2.084737918790773E+02,  2.084678838755874E+02,  2.371465080374776E-03,  2.371721563993064E-03,  5.877079045328408E+00,
2460870.500000000, A.D. 2025-Jul-14 00:00:00.0000,  1.276597882094699E-04,  2.371175167837007E-03,  1.291612109584824E+02,  2.225390301985930E+02,  9.773114669818519E+01,  2.460871857840686E+06,  6.125442176236868E+01,  2.768262539462094E+02,  2.768117286376253E+02,  2.371477910204767E-03,  2.371780652572527E-03,  5.877126738647364E+00,
2460871.500000000, A.D. 2025-Jul-15 00:00:00.0000,  1.436211181927587E-04,  2.371121887192878E-03,  1.291615768166268E+02,  2.225396707759519E+02,  1.050205434493476E+02,  2.460871976782257E+06,  6.125501962986061E+01,  3.307946934816691E+02,  3.307866618115725E+02,  2.371462479285905E-03,  2.371803071378932E-03,  5.877069376115376E+00,
2460872.500000000, A.D. 2025-Jul-16 00:00:00.0000,  1.461365529768487E-04,  2.371120972234999E-03,  1.291613086014097E+02,  2.225409192746554E+02,  1.123344356673248E+02,  2.460872096135346E+06,  6.125482392739791E+01,  2.473865827250038E+01,  2.474566730722070E+01,  2.371467530325377E-03,  2.371814088415755E-03,  5.877088152709228E+00,
2460873.500000000, A.D. 2025-Jul-17 00:00:00.0000,  1.290756104572987E-04,  2.371171035927400E-03,  1.291609899614392E+02,  2.225411492624458E+02,  1.198540535215356E+02,  2.460872218839872E+06,  6.125445176680340E+01,  7.847676126150118E+01,  7.849125457349230E+01,  2.371477135786388E-03,  2.371783235645375E-03,  5.877123859838388E+00,
2460874.500000000, A.D. 2025-Jul-18 00:00:00.0000,  1.103330748222396E-04,  2.371199785172672E-03,  1.291613633347830E+02,  2.225418848540307E+02,  1.136842284598750E+02,  2.460872118083402E+06,  6.125506005965677E+01,  1.459044443018901E+02,  1.459115309732328E+02,  2.371461435804707E-03,  2.371723086436742E-03,  5.877065497109842E+00,
2460875.500000000, A.D. 2025-Jul-19 00:00:00.0000,  1.083403416150279E-04,  2.371209749137067E-03,  1.291610270631241E+02,  2.225430939988259E+02,  1.040645762572830E+02,  2.460877838068347E+06,  6.125485708058341E+01,  2.167819575247344E+02,  2.167745246504826E+02,  2.371466674646728E-03,  2.371723600156389E-03,  5.877084971831776E+00,
2460876.500000000, A.D. 2025-Jul-20 00:00:00.0000,  1.297563646921627E-04,  2.371167152650774E-03,  1.291607649302187E+02,  2.225432682631041E+02,  9.852841828409980E+01,  2.460877747648941E+06,  6.125453968505671E+01,  2.835758384354177E+02,  2.835613843394710E+02,  2.371474866608424E-03,  2.371782580566074E-03,  5.877115424439691E+00,
2460877.500000000, A.D. 2025-Jul-21 00:00:00.0000,  1.420533152879923E-04,  2.371120184204916E-03,  1.291611432242061E+02,  2.225440795448775E+02,  1.059549729867515E+02,  2.460877868830678E+06,  6.125522969642152E+01,  3.374071921167405E+02,  3.374009373759620E+02,  2.371457057542003E-03,  2.371793930879090E-03,  5.877049221497423E+00,
2460878.500000000, A.D. 2025-Jul-22 00:00:00.0000,  1.441316638335394E-04,  2.371123947105441E-03,  1.291607555343448E+02,  2.225452545801729E+02,  1.130488558677676E+02,  2.460877984592804E+06,  6.125489289008743E+01,  3.157121258492719E+01,  3.157986113718059E+01,  2.371465750409771E-03,  2.371807553714101E-03,  5.877081536098106E+00,
2460879.500000000, A.D. 2025-Jul-23 00:00:00.0000,  1.251799606013232E-04,  2.371174998668860E-03,  1.291605363153732E+02,  2.225453889007246E+02,  1.189975671950678E+02,  2.460878081654811E+06,  6.125465619740080E+01,  8.688024689630072E+01,  8.689457032584960E+01,  2.371471859422789E-03,  2.371768720176719E-03,  5.877104245591631E+00,
2460880.500000000, A.D. 2025-Jul-24 00:00:00.0000,  1.108783924398271E-04,  2.371193527407230E-03,  1.291609170405784E+02,  2.225462649702941E+02,  1.118291404252230E+02,  2.460877964599412E+06,  6.125525243425318E+01,  1.553066030278272E+02,  1.553119103344835E+02,  2.371456470688440E-03,  2.371719413969651E-03,  5.877047039948079E+00,
2460881.500000000, A.D. 2025-Jul-25 00:00:00.0000,  1.110373657016549E-04,  2.371203174124401E-03,  1.291604934059943E+02,  2.225474014019264E+02,  1.026095540643222E+02,  2.460883691106257E+06,  6.125486402095432E+01,  2.257840841776459E+02,  2.257749655937446E+02,  2.371466495516914E-03,  2.371729816909426E-03,  5.877084305939357E+00,
2460882.500000000, A.D. 2025-Jul-26 00:00:00.0000,  1.340031901793984E-04,  2.371154830243828E-03,  1.291603278551690E+02,  2.225475246144610E+02,  9.954707106442322E+01,  2.460883641067782E+06,  6.125462691738237E+01,  2.901043187090687E+02,  2.900898978886587E+02,  2.371472615139679E-03,  2.371790400035531E-03,  5.877107054876893E+00,
2460883.500000000, A.D. 2025-Jul-27 00:00:00.0000,  1.431674918293128E-04,  2.371117546195478E-03,  1.291606859451938E+02,  2.225484610552888E+02,  1.072005676831187E+02,  2.460883765957348E+06,  6.125522953318800E+01,  3.437087215929004E+02,  3.437041186412274E+02,  2.371457061754990E-03,  2.371796577314503E-03,  5.877049237158641E+00,
2460884.500000000, A.D. 2025-Jul-28 00:00:00.0000,  1.434023390613012E-04,  2.371129910259363E-03,  1.291602387872600E+02,  2.225495363176546E+02,  1.147994069292541E+02,  2.460883889961271E+06,  6.125472883684977E+01,  3.736775694950182E+01,  3.737773184609963E+01,  2.371469984602168E-03,  2.371810058944974E-03,  5.877097276176828E+00,
2460885.500000000, A.D. 2025-Jul-29 00:00:00.0000,  1.211014875641169E-04,  2.371186365829590E-03,  1.291601281848631E+02,  2.225496683374892E+02,  1.193914682990210E+02,  2.460883964875422E+06,  6.125459051037903E+01,  9.403342738438631E+01,  9.404727007381925E+01,  2.371473554804796E-03,  2.371760743780002E-03,  5.877110547967851E+00,
2460886.500000000, A.D. 2025-Jul-30 00:00:00.0000,  1.084780467756855E-04,  2.371202840597337E-03,  1.291604499697134E+02,  2.225506710958933E+02,  1.109805541641534E+02,  2.460883827533627E+06,  6.125511212728672E+01,  1.637022273077561E+02,  1.637057152648086E+02,  2.371460091956118E-03,  2.371717343314900E-03,  5.877060501528888E+00,
2460887.500000000, A.D. 2025-Jul-31 00:00:00.0000,  1.112963209908668E-04,  2.371209098544028E-03,  1.291599749009914E+02,  2.225516720088929E+02,  1.005569144814968E+02,  2.460889534399226E+06,  6.125461065901736E+01,  2.353836674825265E+02,  2.353731724092715E+02,  2.371473034768126E-03,  2.371736970992225E-03,  5.877108614794600E+00,
2460888.500000000, A.D. 2025-Aug-01 00:00:00.0000,  1.367103804951086E-04,  2.371149965568723E-03,  1.291599351021306E+02,  2.225518183266700E+02,  9.968998361447466E+01,  2.460889520196018E+06,  6.125456664755849E+01,  2.975083350060867E+02,  2.974944391782332E+02,  2.371474170704935E-03,  2.371798375841146E-03,  5.877112837502198E+00,
2460889.500000000, A.D. 2025-Aug-02 00:00:00.0000,  1.445590702173373E-04,  2.371116883220955E-03,  1.291602094774393E+02,  2.225529003523936E+02,  1.074743944943571E+02,  2.460889647223569E+06,  6.125512734353214E+01,  3.509818015113362E+02,  3.509792044753543E+02,  2.371459699230134E-03,  2.371802515239313E-03,  5.877059041621795E+00,
2460890.500000000, A.D. 2025-Aug-03 00:00:00.0000,  1.433214000379377E-04,  2.371133339729368E-03,  1.291597009301442E+02,  2.225538107332773E+02,  1.156984276954118E+02,  2.460889781432495E+06,  6.125460338185441E+01,  4.401556751537796E+01,  4.402698086328959E+01,  2.371473222591783E-03,  2.371813105454197E-03,  5.877109313006239E+00,
2460891.500000000, A.D. 2025-Aug-04 00:00:00.0000,  1.195209864103546E-04,  2.371187361294268E-03,  1.291597305220569E+02,  2.225539599039185E+02,  1.187272421432846E+02,  2.460889830830101E+06,  6.125469717378957E+01,  1.022444966638779E+02,  1.022578807699500E+02,  2.371470801823746E-03,  2.371754242353224E-03,  5.877100314097076E+00,
2460892.500000000, A.D. 2025-Aug-05 00:00:00.0000,  1.094452872495928E-04,  2.371198026477981E-03,  1.291599672641756E+02,  2.225551127862372E+02,  1.104527716081470E+02,  2.460889695717730E+06,  6.125520978943128E+01,  1.717768987778777E+02,  1.717786923214677E+02,  2.371457571333076E-03,  2.371717116188171E-03,  5.877051131446992E+00,
2460893.500000000, A.D. 2025-Aug-06 00:00:00.0000,  1.136152502053242E-04,  2.371202333130820E-03,  1.291594288476605E+02,  2.225559466750414E+02,  1.002677744287827E+02,  2.460895406472167E+06,  6.125465972059821E+01,  2.432196961762523E+02,  2.432080740168128E+02,  2.371471768489152E-03,  2.371741203847483E-03,  5.877103907556966E+00,
2460894.500000000, A.D. 2025-Aug-07 00:00:00.0000,  1.373897994955817E-04,  2.371141832862176E-03,  1.291595210068002E+02,  2.225561011419833E+02,  1.012850489312052E+02,  2.460895423026296E+06,  6.125481935544319E+01,  3.034601909748302E+02,  3.034470552391819E+02,  2.371467648326890E-03,  2.371793463791604E-03,  5.877088591365013E+00,
2460895.500000000, A.D. 2025-Aug-08 00:00:00.0000,  1.428020498809669E-04,  2.371116784100807E-03,  1.291597227381559E+02,  2.225573116427668E+02,  1.083636041261768E+02,  2.460895538533835E+06,  6.125529264769668E+01,  3.576395986737398E+02,  3.576389246038965E+02,  2.371455432797812E-03,  2.371794081494817E-03,  5.877043181729646E+00,
2460896.500000000, A.D. 2025-Aug-09 00:00:00.0000,  1.398489220576437E-04,  2.371139389654156E-03,  1.291591691216759E+02,  2.225580768941128E+02,  1.163989352456044E+02,  2.460895669661972E+06,  6.125468804945336E+01,  5.086209688095786E+01,  5.087452810007871E+01,  2.371471037322416E-03,  2.371802684990677E-03,  5.877101189534383E+00,
2460897.500000000, A.D. 2025-Aug-10 00:00:00.0000,  1.165050074243437E-04,  2.371189477971172E-03,  1.291593113416972E+02,  2.225582498442055E+02,  1.171527435145227E+02,  2.460895681923580E+06,  6.125489230124040E+01,  1.113660753158681E+02,  1.113785075900078E+02,  2.371465765607801E-03,  2.371742053244430E-03,  5.877081592594850E+00,
2460898.500000000, A.D. 2025-Aug-11 00:00:00.0000,  1.098162753134611E-04,  2.371195956497710E-03,  1.291594757234290E+02,  2.225594950463401E+02,  1.088267927471052E+02,  2.460901423014741E+06,  6.125525590908622E+01,  1.809499839818784E+02,  1.809497753726652E+02,  2.371456381004540E-03,  2.371716805511370E-03,  5.877046706560242E+00,
2460899.500000000, A.D. 2025-Aug-12 00:00:00.0000,  1.176160234912067E-04,  2.371194463172789E-03,  1.291589298950323E+02,  2.225601977910393E+02,  9.909199161530087E+01,  2.460901264070028E+06,  6.125459703352296E+01,  2.519426012969401E+02,  2.519297879069174E+02,  2.371473386442318E-03,  2.371752309711847E-03,  5.877109922100734E+00,
2460900.500000000, A.D. 2025-Aug-13 00:00:00.0000,  1.405246239642752E-04,  2.371134020381172E-03,  1.291591134481086E+02,  2.225604215532398E+02,  1.023020314356554E+02,  2.460901316420035E+06,  6.125483401648413E+01,  3.099903262685060E+02,  3.099779875638581E+02,  2.371467269927523E-03,  2.371800519473873E-03,  5.877087184712987E+00,
2460901.500000000, A.D. 2025-Aug-14 00:00:00.0000,  1.446813473229858E-04,  2.371116578947653E-03,  1.291592206712422E+02,  2.225616865175202E+02,  1.095300448923336E+02,  2.460901434369036E+06,  6.125512789759412E+01,  4.020233067657914E+00,  4.021395628546304E+00,  2.371459684929991E-03,  2.371802790912328E-03,  5.877058988462898E+00,
2460902.500000000, A.D. 2025-Aug-15 00:00:00.0000,  1.383206240150563E-04,  2.371148450195517E-03,  1.291586935053043E+02,  2.225623154209858E+02,  1.181348367873049E+02,  2.460901574790788E+06,  6.125447739571703E+01,  5.667320674752195E+01,  5.668645179562972E+01,  2.371476474301279E-03,  2.371804498407041E-03,  5.877121400845899E+00,
2460903.500000000, A.D. 2025-Aug-16 00:00:00.0000,  1.136277250582579E-04,  2.371198243861333E-03,  1.291589187177295E+02,  2.225626045686309E+02,  1.170412252733797E+02,  2.460901556894027E+06,  6.125481703016190E+01,  1.190246008566502E+02,  1.190359855897350E+02,  2.371467708342081E-03,  2.371737172822829E-03,  5.877088814463944E+00,
2460904.500000000, A.D. 2025-Aug-17 00:00:00.0000,  1.073431149748846E-04,  2.371207650002562E-03,  1.291589567940022E+02,  2.225638898561264E+02,  1.079201903334995E+02,  2.460907285019937E+06,  6.125503005781895E+01,  1.894035200606462E+02,  1.894015105713345E+02,  2.371462210143244E-03,  2.371716770283927E-03,  5.877068375612486E+00,
2460905.500000000, A.D. 2025-Aug-18 00:00:00.0000,  1.195255471565806E-04,  2.371194119502859E-03,  1.291584510144737E+02,  2.225644311730209E+02,  9.793501565445280E+01,  2.460907121981493E+06,  6.125443487921465E+01,  2.606464402402029E+02,  2.606329260569399E+02,  2.371477571657182E-03,  2.371761023811504E-03,  5.877125480136591E+00,
2460906.500000000, A.D. 2025-Aug-19 00:00:00.0000,  1.415056353246998E-04,  2.371131210099280E-03,  1.291587250118154E+02,  2.225647933726979E+02,  1.027503221897358E+02,  2.460907200533610E+06,  6.125485276568757E+01,  3.170889168307998E+02,  3.170778749747957E+02,  2.371466786013486E-03,  2.371802361927692E-03,  5.877085385823620E+00,
2460907.500000000, A.D. 2025-Aug-20 00:00:00.0000,  1.453826095324061E-04,  2.371116852121805E-03,  1.291586883883826E+02,  2.225660967747727E+02,  1.099161073652822E+02,  2.460907317467485E+06,  6.125505286871476E+01,  1.118103886519031E+01,  1.118426990325298E+01,  2.371461621400730E-03,  2.371806390679655E-03,  5.877066187038841E+00,
2460908.500000000, A.D. 2025-Aug-21 00:00:00.0000,  1.363873426859413E-04,  2.371152755605042E-03,  1.291582003448658E+02,  2.225665475336553E+02,  1.185299016291310E+02,  2.460907458036042E+06,  6.125448821937852E+01,  6.382496900145469E+01,  6.383899616783329E+01,  2.371476194941512E-03,  2.371799634277983E-03,  5.877120362359180E+00,
2460909.500000000, A.D. 2025-Aug-22 00:00:00.0000,  1.136923755405683E-04,  2.371192600285686E-03,  1.291585185066558E+02,  2.225669637882816E+02,  1.156113139540006E+02,  2.460907410352790E+06,  6.125502977438116E+01,  1.280014020775200E+02,  1.280116673341035E+02,  2.371462217458693E-03,  2.371731834631700E-03,  5.877068402806715E+00,
2460910.500000000, A.D. 2025-Aug-23 00:00:00.0000,  1.087040854294366E-04,  2.371202389586637E-03,  1.291584234991470E+02,  2.225682872467330E+02,  1.072039050534064E+02,  2.460913150117760E+06,  6.125510883238857E+01,  1.976667481776917E+02,  1.976629683454182E+02,  2.371460176996311E-03,  2.371717964405984E-03,  5.877060817654615E+00,
2460911.500000000, A.D. 2025-Aug-24 00:00:00.0000,  1.230535995396316E-04,  2.371182012615070E-03,  1.291579524176254E+02,  2.225686648146752E+02,  9.860641619622523E+01,  2.460913009731959E+06,  6.125457980905740E+01,  2.675220032142066E+02,  2.675079155899909E+02,  2.371473831006190E-03,  2.371765649397309E-03,  5.877111574713123E+00,
2460912.500000000, A.D. 2025-Aug-25 00:00:00.0000,  1.412649147548484E-04,  2.371125636227358E-03,  1.291583082168204E+02,  2.225691367323305E+02,  1.043746192844068E+02,  2.460913103841231E+06,  6.125509087724426E+01,  3.230116505492631E+02,  3.230019097631730E+02,  2.371460640412570E-03,  2.371795644597783E-03,  5.877062540343677E+00,
2460913.500000000, A.D. 2025-Aug-26 00:00:00.0000,  1.438637378896572E-04,  2.371118947028292E-03,  1.291581640487548E+02,  2.225704593824036E+02,  1.110545265496271E+02,  2.460913212845162E+06,  6.125511126759101E+01,  1.758970155155168E+01,  1.759468432117391E+01,  2.371460114144569E-03,  2.371801281260846E-03,  5.877060584011534E+00,
2460914.500000000, A.D. 2025-Aug-27 00:00:00.0000,  1.317007901968940E-04,  2.371162232538978E-03,  1.291577259697846E+02,  2.225707861314177E+02,  1.190246361749808E+02,  2.460913342904721E+06,  6.125455165699117E+01,  7.087735252918958E+01,  7.089161232390737E+01,  2.371474557612148E-03,  2.371786882685317E-03,  5.877114275783164E+00,
2460915.500000000, A.D. 2025-Aug-28 00:00:00.0000,  1.116809938463873E-04,  2.371195127754914E-03,  1.291580944944391E+02,  2.225713164578649E+02,  1.140133188374232E+02,  2.460913261060116E+06,  6.125511666800439E+01,  1.371465238259573E+02,  1.371552269809458E+02,  2.371459974761762E-03,  2.371724821768611E-03,  5.877060065874303E+00,
2460916.500000000, A.D. 2025-Aug-29 00:00:00.0000,  1.088310966065443E-04,  2.371205220030548E-03,  1.291579054176879E+02,  2.225726187426500E+02,  1.051536097829929E+02,  2.460918993443368E+06,  6.125498748318422E+01,  2.072641576966027E+02,  2.072584454451119E+02,  2.371463308983027E-03,  2.371721397935506E-03,  5.877072460407041E+00,
2460917.500000000, A.D. 2025-Aug-30 00:00:00.0000,  1.276227264703007E-04,  2.371173548498357E-03,  1.291575103266063E+02,  2.225729084782168E+02,  9.816301736156655E+01,  2.460918879286664E+06,  6.125448791656676E+01,  2.755125017130511E+02,  2.754979446373595E+02,  2.371476202757112E-03,  2.371778857015868E-03,  5.877120391412744E+00,
2460918.500000000, A.D. 2025-Aug-31 00:00:00.0000,  1.438055154941078E-04,  2.371121690631381E-03,  1.291578832544563E+02,  2.225735208673461E+02,  1.051764087790740E+02,  2.460918993723817E+06,  6.125501030142289E+01,  3.297569425133822E+02,  3.297486413091406E+02,  2.371462720050313E-03,  2.371803749469245E-03,  5.877070271125847E+00,
2460919.500000000, A.D. 2025-Sep-01 00:00:00.0000,  1.457117578056907E-04,  2.371121160726750E-03,  1.291576364592065E+02,  2.225747850452132E+02,  1.124384560087602E+02,  2.460919112230557E+06,  6.125485566007439E+01,  2.375276122539243E+01,  2.375948788071328E+01,  2.371466711309833E-03,  2.371812261892915E-03,  5.877085108122231E+00,
2460920.500000000, A.D. 2025-Sep-02 00:00:00.0000,  1.290698344864460E-04,  2.371172062719448E-03,  1.291573031816195E+02,  2.225750332464167E+02,  1.201387537176030E+02,  2.460919237883779E+06,  6.125441250992678E+01,  7.731018764799916E+01,  7.732461719897157E+01,  2.371478149011629E-03,  2.371784235303810E-03,  5.877127626383798E+00,
2460921.500000000, A.D. 2025-Sep-03 00:00:00.0000,  1.100636973055869E-04,  2.371200818054233E-03,  1.291576714121389E+02,  2.225757379549245E+02,  1.137490529988700E+02,  2.460919133538164E+06,  6.125504478994922E+01,  1.449577257536675E+02,  1.449649667174699E+02,  2.371461829911252E-03,  2.371722841768270E-03,  5.877066962149526E+00,
2460922.500000000, A.D. 2025-Sep-04 00:00:00.0000,  1.078808498881559E-04,  2.371212094884429E-03,  1.291573588672716E+02,  2.225769557621568E+02,  1.039414943556959E+02,  2.460924850458097E+06,  6.125480840872206E+01,  2.160231395968314E+02,  2.160158700118854E+02,  2.371467930860293E-03,  2.371723766836157E-03,  5.877089641647457E+00,
2460923.500000000, A.D. 2025-Sep-05 00:00:00.0000,  1.296900709852112E-04,  2.371168442416377E-03,  1.291570806767714E+02,  2.225771511566591E+02,  9.834963106041353E+01,  2.460924759128482E+06,  6.125449579914407E+01,  2.828727197182347E+02,  2.828582313133000E+02,  2.371475999307067E-03,  2.371783556197757E-03,  5.877119635111426E+00,
2460924.500000000, A.D. 2025-Sep-06 00:00:00.0000,  1.430311154832667E-04,  2.371120476467488E-03,  1.291574552683283E+02,  2.225779458556907E+02,  1.057551296189236E+02,  2.460924879966500E+06,  6.125512851522072E+01,  3.367251031940831E+02,  3.367186256728115E+02,  2.371459668989267E-03,  2.371798861511047E-03,  5.877058929205363E+00,
2460925.500000000, A.D. 2025-Sep-07 00:00:00.0000,  1.448811297502087E-04,  2.371123144265692E-03,  1.291570792599047E+02,  2.225791255507630E+02,  1.129919394906510E+02,  2.460924998061703E+06,  6.125485512794589E+01,  3.074615769195437E+01,  3.075464662316432E+01,  2.371466725043982E-03,  2.371810305822272E-03,  5.877085159177196E+00,
2460926.500000000, A.D. 2025-Sep-08 00:00:00.0000,  1.261410963180879E-04,  2.371174079237168E-03,  1.291568568832476E+02,  2.225792718364261E+02,  1.193314289454146E+02,  2.460925101502686E+06,  6.125460350284708E+01,  8.566439845617002E+01,  8.567881196843403E+01,  2.371473219468960E-03,  2.371772359700752E-03,  5.877109301397525E+00,
2460927.500000000, A.D. 2025-Sep-09 00:00:00.0000,  1.114186825558948E-04,  2.371191797739917E-03,  1.291572330452176E+02,  2.225801411217417E+02,  1.122845299311309E+02,  2.460924986433121E+06,  6.125526980932386E+01,  1.539692173422656E+02,  1.539748197708541E+02,  2.371456022245655E-03,  2.371720246751393E-03,  5.877045372922399E+00,
2460928.500000000, A.D. 2025-Sep-10 00:00:00.0000,  1.106656957511808E-04,  2.371203229094712E-03,  1.291568105688683E+02,  2.225812806806904E+02,  1.031512708474679E+02,  2.460930714347429E+06,  6.125489604457993E+01,  2.243603784441983E+02,  2.243515129098096E+02,  2.371465668992922E-03,  2.371728108891131E-03,  5.877081233441324E+00,
2460929.500000000, A.D. 2025-Sep-11 00:00:00.0000,  1.329329132086370E-04,  2.371155877364852E-03,  1.291566359582424E+02,  2.225813969147327E+02,  9.977050953108808E+01,  2.460930659113142E+06,  6.125468469386716E+01,  2.889988899686587E+02,  2.889844860187566E+02,  2.371471123929946E-03,  2.371786370495040E-03,  5.877101511487224E+00,
2460930.500000000, A.D. 2025-Sep-12 00:00:00.0000,  1.424013399581413E-04,  2.371118006283522E-03,  1.291570052103936E+02,  2.225823272186642E+02,  1.071556372427297E+02,  2.460930779621754E+06,  6.125528211067090E+01,  3.428716905632261E+02,  3.428668838924521E+02,  2.371455704753530E-03,  2.371793403223538E-03,  5.877044192688269E+00,
2460931.500000000, A.D. 2025-Sep-13 00:00:00.0000,  1.429634027560634E-04,  2.371128871247183E-03,  1.291565551075593E+02,  2.225834197959681E+02,  1.144660222383589E+02,  2.460930898917513E+06,  6.125480943515014E+01,  3.681919315906146E+01,  3.682901240118709E+01,  2.371467904368318E-03,  2.371806937489454E-03,  5.877089543166866E+00,
2460932.500000000, A.D. 2025-Sep-14 00:00:00.0000,  1.215810168678237E-04,  2.371183834346920E-03,  1.291564339537340E+02,  2.225835386008921E+02,  1.191636705887624E+02,  2.460930975555892E+06,  6.125464453831189E+01,  9.337928198514467E+01,  9.339318979355909E+01,  2.371472160343648E-03,  2.371760486340376E-03,  5.877105364228127E+00,
2460933.500000000, A.D. 2025-Sep-15 00:00:00.0000,  1.095075456908366E-04,  2.371198130803547E-03,  1.291567714781995E+02,  2.225845298272353E+02,  1.109806871685444E+02,  2.460930841937231E+06,  6.125520002575814E+01,  1.628201665655681E+02,  1.628238725953925E+02,  2.371457823329489E-03,  2.371717515855431E-03,  5.877052068210014E+00,
2460934.500000000, A.D. 2025-Sep-16 00:00:00.0000,  1.117512785684313E-04,  2.371206191364523E-03,  1.291562986754774E+02,  2.225855532272800E+02,  1.009908892959233E+02,  2.460936555878776E+06,  6.125468150230942E+01,  2.340678004033089E+02,  2.340574322815007E+02,  2.371471206303916E-03,  2.371736221243310E-03,  5.877101817702330E+00,
2460935.500000000, A.D. 2025-Sep-17 00:00:00.0000,  1.366185109308590E-04,  2.371149341790644E-03,  1.291562398490851E+02,  2.225856878034676E+02,  9.992583866841201E+01,  2.460936538442944E+06,  6.125459926121464E+01,  2.963905936224068E+02,  2.963765687538274E+02,  2.371473328945557E-03,  2.371797316100470E-03,  5.877109708363496E+00,
2460936.500000000, A.D. 2025-Sep-18 00:00:00.0000,  1.447215936961306E-04,  2.371116780960632E-03,  1.291565328382395E+02,  2.225867485430831E+02,  1.076483544170836E+02,  2.460936664460499E+06,  6.125511637094837E+01,  3.499259529628604E+02,  3.499230515823656E+02,  2.371459982428676E-03,  2.371803183896719E-03,  5.877060094375041E+00,
2460937.500000000, A.D. 2025-Sep-19 00:00:00.0000,  1.435303786512393E-04,  2.371133547682351E-03,  1.291560369321546E+02,  2.225876858856423E+02,  1.158830938506130E+02,  2.460936798843990E+06,  6.125457611953246E+01,  4.294901417257216E+01,  4.296022201505770E+01,  2.371473926232945E-03,  2.371814304783539E-03,  5.877111928707079E+00,
2460938.500000000, A.D. 2025-Sep-20 00:00:00.0000,  1.194992314722977E-04,  2.371189492841553E-03,  1.291560486554095E+02,  2.225878417431975E+02,  1.192606222419356E+02,  2.460936853932905E+06,  6.125461657686603E+01,  1.008292087297712E+02,  1.008426580942439E+02,  2.371472882028413E-03,  2.371756271215274E-03,  5.877108047003281E+00,
2460939.500000000, A.D. 2025-Sep-21 00:00:00.0000,  1.086910759412265E-04,  2.371201528027221E-03,  1.291562899739420E+02,  2.225889729160126E+02,  1.107016836426645E+02,  2.460936714175911E+06,  6.125514341278883E+01,  1.706460540926271E+02,  1.706480781816186E+02,  2.371459284488403E-03,  2.371717040949585E-03,  5.877057499874194E+00,
2460940.500000000, A.D. 2025-Sep-22 00:00:00.0000,  1.127286272763186E-04,  2.371205912917618E-03,  1.291557627585359E+02,  2.225898221639816E+02,  1.001780769353814E+02,  2.460942419407906E+06,  6.125460248106215E+01,  2.424274317086143E+02,  2.424159818359408E+02,  2.371473245841243E-03,  2.371740578764869E-03,  5.877109399433288E+00,
2460941.500000000, A.D. 2025-Sep-23 00:00:00.0000,  1.372684258893096E-04,  2.371143539952601E-03,  1.291558420451915E+02,  2.225899826668139E+02,  1.009898693242329E+02,  2.460942432606365E+06,  6.125476435899916E+01,  3.028734168544966E+02,  3.028602046064107E+02,  2.371469067778581E-03,  2.371794595604560E-03,  5.877093867999037E+00,
2460942.500000000, A.D. 2025-Sep-24 00:00:00.0000,  1.434413813915182E-04,  2.371116746598464E-03,  1.291560455990485E+02,  2.225911834253081E+02,  1.081376247789320E+02,  2.460942549243197E+06,  6.125523534890663E+01,  3.569835963986420E+02,  3.569827312892270E+02,  2.371456911653782E-03,  2.371797076709101E-03,  5.877048679177522E+00,
2460943.500000000, A.D. 2025-Sep-25 00:00:00.0000,  1.407799948231781E-04,  2.371137941337351E-03,  1.291554985298997E+02,  2.225919540899060E+02,  1.163507545800551E+02,  2.460942683273748E+06,  6.125465861112318E+01,  5.002828777013428E+01,  5.004065226738579E+01,  2.371471797124674E-03,  2.371805652911996E-03,  5.877104014006012E+00,
2460944.500000000, A.D. 2025-Sep-26 00:00:00.0000,  1.173846585115265E-04,  2.371188235484988E-03,  1.291556360074553E+02,  2.225921315255317E+02,  1.175843115409869E+02,  2.460942703367052E+06,  6.125485961309238E+01,  1.100524989912516E+02,  1.100651342136145E+02,  2.371466609283090E-03,  2.371744983081193E-03,  5.877084728850720E+00,
2460945.500000000, A.D. 2025-Sep-27 00:00:00.0000,  1.100934030244797E-04,  2.371194704877985E-03,  1.291558008590033E+02,  2.225933714506623E+02,  1.093256817331903E+02,  2.460942568512123E+06,  6.125527894276785E+01,  1.795691076383164E+02,  1.795692025011804E+02,  2.371455786515644E-03,  2.371716868153304E-03,  5.877044496627888E+00,
2460946.500000000, A.D. 2025-Sep-28 00:00:00.0000,  1.168563482078594E-04,  2.371195121051589E-03,  1.291552489828121E+02,  2.225940795878453E+02,  9.957432245780619E+01,  2.460948286341776E+06,  6.125464134985252E+01,  2.505782751898970E+02,  2.505656470309092E+02,  2.371472242637740E-03,  2.371749364223891E-03,  5.877105670146361E+00,
2460947.500000000, A.D. 2025-Sep-29 00:00:00.0000,  1.396095544602065E-04,  2.371134366256814E-03,  1.291554279984867E+02,  2.225942849079406E+02,  1.025148300399478E+02,  2.460948334291226E+06,  6.125490470415114E+01,  3.088955704547438E+02,  3.088831179202798E+02,  2.371465445491076E-03,  2.371796524725339E-03,  5.877080402601677E+00,
2460948.500000000, A.D. 2025-Sep-30 00:00:00.0000,  1.439069834562563E-04,  2.371116710318491E-03,  1.291555515127332E+02,  2.225955547022049E+02,  1.094787793375494E+02,  2.460948447929899E+06,  6.125519396780796E+01,  3.189564123813255E+00,  3.190481815667750E+00,  2.371457979682740E-03,  2.371799249046990E-03,  5.877052649432378E+00,
2460949.500000000, A.D. 2025-Oct-01 00:00:00.0000,  1.379198766573483E-04,  2.371147664527964E-03,  1.291550146979295E+02,  2.225961993416859E+02,  1.179225148377633E+02,  2.460948585722728E+06,  6.125454466672321E+01,  5.600363799759516E+01,  5.601674230772133E+01,  2.371474738031330E-03,  2.371801811534695E-03,  5.877114946469784E+00,
2460950.500000000, A.D. 2025-Oct-02 00:00:00.0000,  1.136715504522874E-04,  2.371198119166225E-03,  1.291552339987445E+02,  2.225964676171418E+02,  1.170959539192239E+02,  2.460948572184840E+06,  6.125481783477527E+01,  1.180879664264210E+02,  1.180994573542150E+02,  2.371467687575120E-03,  2.371737255984014E-03,  5.877088737265376E+00,
2460951.500000000, A.D. 2025-Oct-03 00:00:00.0000,  1.078416424626914E-04,  2.371205438482045E-03,  1.291552940738408E+02,  2.225977462480151E+02,  1.079073191998661E+02,  2.460954299204932E+06,  6.125506994175525E+01,  1.885345061396061E+02,  1.885326724331816E+02,  2.371461180750814E-03,  2.371716923019582E-03,  5.877064548980323E+00,
2460952.500000000, A.D. 2025-Oct-04 00:00:00.0000,  1.195267811862926E-04,  2.371194380881116E-03,  1.291547833151226E+02,  2.225983155219168E+02,  9.795662361639138E+01,  2.460954136731581E+06,  6.125442463764405E+01,  2.597429487242435E+02,  2.597294712135141E+02,  2.371477835993507E-03,  2.371761291105898E-03,  5.877126462775737E+00,
2460953.500000000, A.D. 2025-Oct-05 00:00:00.0000,  1.418121301536747E-04,  2.371130776685628E-03,  1.291550390195807E+02,  2.225986529359374E+02,  1.028701020052016E+02,  2.460954216886014E+06,  6.125484139520854E+01,  3.160872608885768E+02,  3.160759887382829E+02,  2.371467079483759E-03,  2.371803382281890E-03,  5.877086476762305E+00,
2460954.500000000, A.D. 2025-Oct-06 00:00:00.0000,  1.459526729189947E-04,  2.371116809911904E-03,  1.291550279289608E+02,  2.225999498037475E+02,  1.101002987381123E+02,  2.460954334871429E+06,  6.125500211787617E+01,  1.011495098159130E+01,  1.011788880450571E+01,  2.371462931265451E-03,  2.371809052618998E-03,  5.877071056290772E+00,
2460955.500000000, A.D. 2025-Oct-07 00:00:00.0000,  1.366221778812062E-04,  2.371153377572977E-03,  1.291545378932252E+02,  2.226004312670734E+02,  1.188262978925320E+02,  2.460954477271065E+06,  6.125444253824548E+01,  6.264669076617395E+01,  6.266059713811160E+01,  2.371477373976606E-03,  2.371801370380234E-03,  5.877124745282377E+00,
2460956.500000000, A.D. 2025-Oct-08 00:00:00.0000,  1.130628277668640E-04,  2.371197053998259E-03,  1.291548422004323E+02,  2.226008404751246E+02,  1.162900821823638E+02,  2.460954435827461E+06,  6.125491504649384E+01,  1.264407135196205E+02,  1.264511354196209E+02,  2.371465178557297E-03,  2.371733303116334E-03,  5.877079410309394E+00,
2460957.500000000, A.D. 2025-Oct-09 00:00:00.0000,  1.079687384815455E-04,  2.371205520770791E-03,  1.291547595094756E+02,  2.226021513265719E+02,  1.073849529257533E+02,  2.460960167473715E+06,  6.125505507395044E+01,  1.966037506912158E+02,  1.966002157483333E+02,  2.371461564484265E-03,  2.371717608197739E-03,  5.877065975459305E+00,
2460958.500000000, A.D. 2025-Oct-10 00:00:00.0000,  1.221479891615210E-04,  2.371185740090171E-03,  1.291542905552670E+02,  2.226025471823557E+02,  9.836459264311780E+01,  2.460960020184267E+06,  6.125451859117202E+01,  2.668818445622408E+02,  2.668678682729181E+02,  2.371475411042975E-03,  2.371765081995780E-03,  5.877117448309896E+00,
2460959.500000000, A.D. 2025-Oct-11 00:00:00.0000,  1.408646571122698E-04,  2.371126662190973E-03,  1.291546347261874E+02,  2.226030115108685E+02,  1.041940809398361E+02,  2.460960115292423E+06,  6.125508790242211E+01,  3.223102085048783E+02,  3.223003381966246E+02,  2.371460717191755E-03,  2.371794772192538E-03,  5.877062825760227E+00,
2460960.500000000, A.D. 2025-Oct-12 00:00:00.0000,  1.440470089867014E-04,  2.371118366806332E-03,  1.291544963828441E+02,  2.226043347178885E+02,  1.108219312152618E+02,  2.460960223446595E+06,  6.125511690977572E+01,  1.694031111626555E+01,  1.694512155198897E+01,  2.371459968521728E-03,  2.371801570237125E-03,  5.877060042677798E+00,
2460961.500000000, A.D. 2025-Oct-13 00:00:00.0000,  1.323634738441464E-04,  2.371159622009999E-03,  1.291540498668782E+02,  2.226046651684842E+02,  1.187867546082414E+02,  2.460960353420627E+06,  6.125459191765255E+01,  7.023325157398683E+01,  7.024752638384358E+01,  2.371473518483035E-03,  2.371787414956071E-03,  5.877110412946101E+00,
2460962.500000000, A.D. 2025-Oct-14 00:00:00.0000,  1.123569754717698E-04,  2.371192906821445E-03,  1.291544227094622E+02,  2.226051854636758E+02,  1.142246296598819E+02,  2.460960278909041E+06,  6.125514061019873E+01,  1.360532389915775E+02,  1.360621733167434E+02,  2.371459356822232E-03,  2.371725806823018E-03,  5.877057768765638E+00,
2460963.500000000, A.D. 2025-Oct-15 00:00:00.0000,  1.094197082486398E-04,  2.371201807446400E-03,  1.291542386182407E+02,  2.226064994861867E+02,  1.057173575919361E+02,  2.460966017041557E+06,  6.125506562948740E+01,  2.058184542518125E+02,  2.058129941106524E+02,  2.371461292049099E-03,  2.371720776651798E-03,  5.877064962717150E+00,
2460964.500000000, A.D. 2025-Oct-16 00:00:00.0000,  1.269839477465563E-04,  2.371173417853435E-03,  1.291538300418271E+02,  2.226067874152367E+02,  9.857277179753692E+01,  2.460965900372753E+06,  6.125455167859039E+01,  2.742207948424330E+02,  2.742062828500675E+02,  2.371474557054670E-03,  2.371775696255906E-03,  5.877114273710809E+00,
2460965.500000000, A.D. 2025-Oct-17 00:00:00.0000,  1.426902278784409E-04,  2.371121769389340E-03,  1.291542104414115E+02,  2.226073764971583E+02,  1.054188112169816E+02,  2.460966012078040E+06,  6.125510973969434E+01,  3.286326034416772E+02,  3.286240910101282E+02,  2.371460153579059E-03,  2.371798537768777E-03,  5.877060730604061E+00,
2460966.500000000, A.D. 2025-Oct-18 00:00:00.0000,  1.447400763194068E-04,  2.371121134017456E-03,  1.291539768661011E+02,  2.226086602729021E+02,  1.123545192415137E+02,  2.460966125258001E+06,  6.125494598842269E+01,  2.295480094162224E+01,  2.296127063630781E+01,  2.371464379952799E-03,  2.371807625888142E-03,  5.877076441599356E+00,
2460967.500000000, A.D. 2025-Oct-19 00:00:00.0000,  1.288296025686004E-04,  2.371171084679579E-03,  1.291536221423413E+02,  2.226089123347433E+02,  1.199223358657398E+02,  2.460966248748895E+06,  6.125447248421737E+01,  7.664472640224599E+01,  7.665909048388168E+01,  2.371476601067595E-03,  2.371782117455611E-03,  5.877121872084629E+00,
2460968.500000000, A.D. 2025-Oct-20 00:00:00.0000,  1.099301571924463E-04,  2.371201129477544E-03,  1.291539986623122E+02,  2.226095882578489E+02,  1.137050439189722E+02,  2.460966147216681E+06,  6.125504499384728E+01,  1.441198480539641E+02,  1.441272302692251E+02,  2.371461824648704E-03,  2.371722519819863E-03,  5.877066942586687E+00,
2460969.500000000, A.D. 2025-Oct-21 00:00:00.0000,  1.079696598131028E-04,  2.371211871164018E-03,  1.291537076387478E+02,  2.226108225954715E+02,  1.039527654184955E+02,  2.460971865039079E+06,  6.125480891674238E+01,  2.151299831269579E+02,  2.151228644148908E+02,  2.371467917748356E-03,  2.371723964332693E-03,  5.877089592905474E+00,
2460970.500000000, A.D. 2025-Oct-22 00:00:00.0000,  1.297073801670941E-04,  2.371169588986708E-03,  1.291534143725321E+02,  2.226110365129976E+02,  9.818754559104590E+01,  2.460971770880607E+06,  6.125444977946739E+01,  2.821529076494661E+02,  2.821383768819456E+02,  2.371477187079770E-03,  2.371784785172832E-03,  5.877124050515472E+00,
2460971.500000000, A.D. 2025-Oct-23 00:00:00.0000,  1.435694766480407E-04,  2.371120517470415E-03,  1.291537850436023E+02,  2.226118075917306E+02,  1.057128865197444E+02,  2.460971893674636E+06,  6.125507745318490E+01,  3.358854297037183E+02,  3.358787069922032E+02,  2.371460986883193E-03,  2.371801456295971E-03,  5.877063828302809E+00,
2460972.500000000, A.D. 2025-Oct-24 00:00:00.0000,  1.454812917108014E-04,  2.371122696371214E-03,  1.291534253970311E+02,  2.226129953184401E+02,  1.130417896203111E+02,  2.460972013273108E+06,  6.125481733185040E+01,  2.981436684426042E+01,  2.982265679654768E+01,  2.371467700555542E-03,  2.371812704739869E-03,  5.877088785518463E+00,
2460973.500000000, A.D. 2025-Oct-25 00:00:00.0000,  1.266762924493648E-04,  2.371174249359159E-03,  1.291531946528740E+02,  2.226131566449591E+02,  1.197032059200220E+02,  2.460972121968700E+06,  6.125454772966658E+01,  8.441068406591656E+01,  8.442513130708444E+01,  2.371474658976597E-03,  2.371775068594034E-03,  5.877114652593314E+00,
2460974.500000000, A.D. 2025-Oct-26 00:00:00.0000,  1.110182721470958E-04,  2.371194403694311E-03,  1.291535664413217E+02,  2.226140154054353E+02,  1.128188641833203E+02,  2.460972009551824E+06,  6.125520562449832E+01,  1.525529151160316E+02,  1.525587782234902E+02,  2.371457678828285E-03,  2.371720953962258E-03,  5.877051531046074E+00,
2460975.500000000, A.D. 2025-Oct-27 00:00:00.0000,  1.097079460351193E-04,  2.371206655436907E-03,  1.291531536426935E+02,  2.226151541207490E+02,  1.033543840092100E+02,  2.460977732063575E+06,  6.125485128649223E+01,  2.232752776551955E+02,  2.232666606270324E+02,  2.371466824191280E-03,  2.371726992945652E-03,  5.877085527744744E+00,
2460976.500000000, A.D. 2025-Oct-28 00:00:00.0000,  1.319184241690016E-04,  2.371159019023407E-03,  1.291529747853236E+02,  2.226152796813391E+02,  9.955135884414322E+01,  2.460977669935180E+06,  6.125465618068901E+01,  2.883360228098499E+02,  2.883216728365690E+02,  2.371471859854121E-03,  2.371784700684834E-03,  5.877104247195052E+00,
2460977.500000000, A.D. 2025-Oct-29 00:00:00.0000,  1.420532320083001E-04,  2.371118650038051E-03,  1.291533416874942E+02,  2.226162052659746E+02,  1.069006528230283E+02,  2.460977789857790E+06,  6.125528915434225E+01,  3.422446772622309E+02,  3.422397123704737E+02,  2.371455522959651E-03,  2.371792395881251E-03,  5.877043516894090E+00,
2460978.500000000, A.D. 2025-Oct-30 00:00:00.0000,  1.430935174538242E-04,  2.371127227560913E-03,  1.291528880780575E+02,  2.226173040192048E+02,  1.140668315661594E+02,  2.460977906800050E+06,  6.125486117177300E+01,  3.633638060610254E+01,  3.634609781843401E+01,  2.371466569053803E-03,  2.371805910546693E-03,  5.877084579303437E+00,
2460979.500000000, A.D. 2025-Oct-31 00:00:00.0000,  1.223186399202232E-04,  2.371180668571435E-03,  1.291527610143193E+02,  2.226174114233958E+02,  1.189543510983428E+02,  2.460977986538486E+06,  6.125469942781734E+01,  9.270663011589961E+01,  9.272063106154685E+01,  2.371470743647408E-03,  2.371760818723382E-03,  5.877100097833713E+00,
2460980.500000000, A.D. 2025-Nov-01 00:00:00.0000,  1.104037076000493E-04,  2.371194306635620E-03,  1.291531112522524E+02,  2.226183974822692E+02,  1.111645244219935E+02,  2.460977859339316E+06,  6.125526585968129E+01,  1.617543722264974E+02,  1.617583327301252E+02,  2.371456124184140E-03,  2.371717941732660E-03,  5.877045751864982E+00,
2460981.500000000, A.D. 2025-Nov-02 00:00:00.0000,  1.120507700377914E-04,  2.371203822613618E-03,  1.291526398422546E+02,  2.226194357190840E+02,  1.014548823772522E+02,  2.460983577848879E+06,  6.125474576830973E+01,  2.327218951516044E+02,  2.327116791085426E+02,  2.371469547602548E-03,  2.371735272591478E-03,  5.877095651684946E+00,
2460982.500000000, A.D. 2025-Nov-03 00:00:00.0000,  1.361795788876196E-04,  2.371149669060277E-03,  1.291525671201534E+02,  2.226195608153744E+02,  1.000904712872287E+02,  2.460983555527918E+06,  6.125462691495389E+01,  2.953440312225958E+02,  2.953299270886774E+02,  2.371472615202359E-03,  2.371795561344441E-03,  5.877107055109895E+00,
2460983.500000000, A.D. 2025-Nov-04 00:00:00.0000,  1.442467191178534E-04,  2.371116801950825E-03,  1.291528753331855E+02,  2.226206013631875E+02,  1.078260612209878E+02,  2.460983681758625E+06,  6.125515919662801E+01,  3.488663465190705E+02,  3.488631541442073E+02,  2.371458877113372E-03,  2.371800952275919E-03,  5.877055985511459E+00,
2460984.500000000, A.D. 2025-Nov-05 00:00:00.0000,  1.433309135255321E-04,  2.371133314758486E-03,  1.291523843185065E+02,  2.226215670247508E+02,  1.158628999561487E+02,  2.460983812911865E+06,  6.125460347523859E+01,  4.208731125789103E+01,  4.209832145324281E+01,  2.371473220181536E-03,  2.371813125604585E-03,  5.877109304046439E+00,
2460985.500000000, A.D. 2025-Nov-06 00:00:00.0000,  1.192027051116432E-04,  2.371190319376165E-03,  1.291523744816258E+02,  2.226217137406632E+02,  1.193463584971013E+02,  2.460983869729158E+06,  6.125461179790198E+01,  9.986160753656310E+01,  9.987506498646630E+01,  2.371473005373505E-03,  2.371755691370844E-03,  5.877108505523665E+00,
2460986.500000000, A.D. 2025-Nov-07 00:00:00.0000,  1.081458107024558E-04,  2.371203959303432E-03,  1.291526334920545E+02,  2.226228243661617E+02,  1.107254596945303E+02,  2.460983728959158E+06,  6.125509930816099E+01,  1.697403819873341E+02,  1.697425889234848E+02,  2.371460422813406E-03,  2.371716886323380E-03,  5.877061731447349E+00,
2460987.500000000, A.D. 2025-Nov-08 00:00:00.0000,  1.125967885793716E-04,  2.371207500713477E-03,  1.291521220398834E+02,  2.226236983009832E+02,  9.994735847358365E+01,  2.460989430039781E+06,  6.125455307052560E+01,  2.417762758171241E+02,  2.417649079569156E+02,  2.371474521128754E-03,  2.371741541544030E-03,  5.877114140160536E+00,
2460988.500000000, A.D. 2025-Nov-09 00:00:00.0000,  1.377399069246119E-04,  2.371145184003688E-03,  1.291521821943520E+02,  2.226238685848058E+02,  1.005792492658486E+02,  2.460989440302023E+06,  6.125465732525612E+01,  3.024021218043034E+02,  3.023887941589998E+02,  2.371471830312871E-03,  2.371798476622053E-03,  5.877104137379072E+00,
2460989.500000000, A.D. 2025-Nov-10 00:00:00.0000,  1.443424290016653E-04,  2.371116607668630E-03,  1.291523894630371E+02,  2.226250435432093E+02,  1.081197208640090E+02,  2.460989563348660E+06,  6.125515792986887E+01,  3.561195678407362E+02,  3.561184482733787E+02,  2.371458909807949E-03,  2.371801211947268E-03,  5.877056107049215E+00,
2460990.500000000, A.D. 2025-Nov-11 00:00:00.0000,  1.418585964412510E-04,  2.371136989025079E-03,  1.291518518627680E+02,  2.226258320385708E+02,  1.164594704839288E+02,  2.460989699446287E+06,  6.125459639535230E+01,  4.903759457902971E+01,  4.904987140738272E+01,  2.371473402913514E-03,  2.371809816801950E-03,  5.877109983330410E+00,
2460991.500000000, A.D. 2025-Nov-12 00:00:00.0000,  1.178305330635530E-04,  2.371188008672147E-03,  1.291519749803761E+02,  2.226260111186127E+02,  1.179518787058969E+02,  2.460989723764948E+06,  6.125482742918548E+01,  1.088029715727555E+02,  1.088157527624724E+02,  2.371467439944739E-03,  2.371746871217330E-03,  5.877087816730578E+00,
2460992.500000000, A.D. 2025-Nov-13 00:00:00.0000,  1.098032570532804E-04,  2.371196046350037E-03,  1.291521444105140E+02,  2.226272450045276E+02,  1.097924148004181E+02,  2.460989590528882E+06,  6.125525362363165E+01,  1.782203912734257E+02,  1.782207819706603E+02,  2.371456439991109E-03,  2.371716833632180E-03,  5.877046925834875E+00,
2460993.500000000, A.D. 2025-Nov-14 00:00:00.0000,  1.161633017058001E-04,  2.371196433145741E-03,  1.291515932841988E+02,  2.226279606193195E+02,  9.985524127900473E+01,  2.460995305325982E+06,  6.125465419313502E+01,  2.494153812983876E+02,  2.494029204768117E+02,  2.371471911152844E-03,  2.371747389159946E-03,  5.877104437891778E+00,
2460994.500000000, A.D. 2025-Nov-15 00:00:00.0000,  1.389581624905321E-04,  2.371136001735404E-03,  1.291517684827888E+02,  2.226281615383039E+02,  1.023752980821021E+02,  2.460995346412036E+06,  6.125490118852374E+01,  3.081531143765593E+02,  3.081405914398779E+02,  2.371465536228728E-03,  2.371795070722052E-03,  5.877080739907337E+00,
2460995.500000000, A.D. 2025-Nov-16 00:00:00.0000,  1.432338850325467E-04,  2.371116799060944E-03,  1.291518986366130E+02,  2.226294299958161E+02,  1.093134512726540E+02,  2.460995459629138E+06,  6.125525238403258E+01,  2.472927342839669E+00,  2.473635663597388E+00,  2.371456471984612E-03,  2.371796144908279E-03,  5.877047044766422E+00,
2460996.500000000, A.D. 2025-Nov-17 00:00:00.0000,  1.380411180539268E-04,  2.371145681361481E-03,  1.291513516399877E+02,  2.226300839510510E+02,  1.175682764335276E+02,  2.460995594338971E+06,  6.125461037294508E+01,  5.547591348865814E+01,  5.548894730946053E+01,  2.371473042151654E-03,  2.371800402941827E-03,  5.877108642241967E+00,
2460997.500000000, A.D. 2025-Nov-18 00:00:00.0000,  1.144478760496744E-04,  2.371193868271907E-03,  1.291515661994448E+02,  2.226303267059488E+02,  1.167541888442728E+02,  2.460995581006261E+06,  6.125491121543923E+01,  1.175477911063557E+02,  1.175594182164624E+02,  2.371465277436035E-03,  2.371736686600163E-03,  5.877079777878486E+00,
2460998.500000000, A.D. 2025-Nov-19 00:00:00.0000,  1.089137801218831E-04,  2.371200514235016E-03,  1.291516472417904E+02,  2.226316126951480E+02,  1.080725257258735E+02,  2.461001316295032E+06,  6.125516223178199E+01,  1.874873909299572E+02,  1.874857648274202E+02,  2.371458798777194E-03,  2.371717083319372E-03,  5.877055694307106E+00,
2460999.500000000, A.D. 2025-Nov-20 00:00:00.0000,  1.198153755912210E-04,  2.371191724927509E-03,  1.291511224784360E+02,  2.226322014964261E+02,  9.845010487959307E+01,  2.461001159182637E+06,  6.125450103384868E+01,  2.583675954515330E+02,  2.583541480189727E+02,  2.371475864198884E-03,  2.371760003470258E-03,  5.877119132862862E+00,
2461000.500000000, A.D. 2025-Nov-21 00:00:00.0000,  1.418530313144651E-04,  2.371130446950253E-03,  1.291513721197374E+02,  2.226325119280079E+02,  1.030500484522155E+02,  2.461001234220590E+06,  6.125485041396292E+01,  3.150254276033853E+02,  3.150139371304395E+02,  2.371466846711121E-03,  2.371803246471990E-03,  5.877085611459410E+00,
2461001.500000000, A.D. 2025-Nov-22 00:00:00.0000,  1.456717766986252E-04,  2.371116949897147E-03,  1.291513864460602E+02,  2.226338072928830E+02,  1.102679893077232E+02,  2.461001352005980E+06,  6.125502250656140E+01,  9.065377046556563E+00,  9.068007652904649E+00,  2.371462405039062E-03,  2.371807860180977E-03,  5.877069100112373E+00,
2461002.500000000, A.D. 2025-Nov-23 00:00:00.0000,  1.366916347129817E-04,  2.371153545134976E-03,  1.291508890915679E+02,  2.226343176139942E+02,  1.189653863019036E+02,  2.461001493938618E+06,  6.125442966257550E+01,  6.162571612815864E+01,  6.163949914759464E+01,  2.371477706299336E-03,  2.371801867463696E-03,  5.877125980652930E+00,
2461003.500000000, A.D. 2025-Nov-24 00:00:00.0000,  1.127620250217757E-04,  2.371198634324802E-03,  1.291511793722613E+02,  2.226347062247917E+02,  1.165147257916621E+02,  2.461001453890866E+06,  6.125488145146942E+01,  1.253341724704590E+02,  1.253447129399861E+02,  2.371466045638379E-03,  2.371733456951955E-03,  5.877082633572938E+00,
2461004.500000000, A.D. 2025-Nov-25 00:00:00.0000,  1.076084964512045E-04,  2.371207078293980E-03,  1.291511168859708E+02,  2.226360125064402E+02,  1.074420203489130E+02,  2.461007182804003E+06,  6.125502782456050E+01,  1.956647661407683E+02,  1.956614370916177E+02,  2.371462267783008E-03,  2.371717457272035E-03,  5.877068589880817E+00,
2461005.500000000, A.D. 2025-Nov-26 00:00:00.0000,  1.218216123966196E-04,  2.371187837511424E-03,  1.291506470685716E+02,  2.226364320634601E+02,  9.815560567067551E+01,  2.461007031171357E+06,  6.125446730936861E+01,  2.662089141379598E+02,  2.661949850969880E+02,  2.371476734630997E-03,  2.371765631750571E-03,  5.877122368590731E+00,
2461006.500000000, A.D. 2025-Nov-27 00:00:00.0000,  1.412428730993829E-04,  2.371127588666041E-03,  1.291509791264519E+02,  2.226368889527821E+02,  1.039204546691899E+02,  2.461007125224104E+06,  6.125501724460234E+01,  3.217018867188576E+02,  3.216918544741157E+02,  2.371462540848758E-03,  2.371797493031475E-03,  5.877069604967296E+00,
2461007.500000000, A.D. 2025-Nov-28 00:00:00.0000,  1.448791949599675E-04,  2.371117871882021E-03,  1.291508504409926E+02,  2.226382050481882E+02,  1.107220260358625E+02,  2.461007236213791E+06,  6.125505961398396E+01,  1.615823995189289E+01,  1.616286092618355E+01,  2.371461447307385E-03,  2.371805022732749E-03,  5.877065539869548E+00,
2461008.500000000, A.D. 2025-Nov-29 00:00:00.0000,  1.335114387599783E-04,  2.371157503149077E-03,  1.291504019701157E+02,  2.226385478639082E+02,  1.188140169960064E+02,  2.461007368264367E+06,  6.125456853185781E+01,  6.932397788554304E+01,  6.933829261463428E+01,  2.371474122071096E-03,  2.371790740993115E-03,  5.877112656711769E+00,
2461009.500000000, A.D. 2025-Nov-30 00:00:00.0000,  1.129896762630755E-04,  2.371191478750646E-03,  1.291507710838505E+02,  2.226390651368624E+02,  1.146602474509262E+02,  2.461007300419279E+06,  6.125513780653326E+01,  1.347356201993920E+02,  1.347448168135890E+02,  2.371459429183821E-03,  2.371727379616995E-03,  5.877058037760281E+00,
2461010.500000000, A.D. 2025-Dec-01 00:00:00.0000,  1.095559043843201E-04,  2.371200136092540E-03,  1.291505869555023E+02,  2.226403837036160E+02,  1.063864763986366E+02,  2.461013042361679E+06,  6.125511787803221E+01,  2.042673356856305E+02,  2.042621766274903E+02,  2.371459943531365E-03,  2.371719750970190E-03,  5.877059949779413E+00,
2461011.500000000, A.D. 2025-Dec-02 00:00:00.0000,  1.260969200293783E-04,  2.371174366940796E-03,  1.291501726340754E+02,  2.226406673447545E+02,  9.886882714215031E+01,  2.461012919603563E+06,  6.125459641397839E+01,  2.730427566469530E+02,  2.730283272548120E+02,  2.371473402432774E-03,  2.371772437924753E-03,  5.877109981543319E+00,
2461012.500000000, A.D. 2025-Dec-03 00:00:00.0000,  1.417201828154576E-04,  2.371122457317071E-03,  1.291505588843340E+02,  2.226412445417231E+02,  1.054430627099123E+02,  2.461013026871795E+06,  6.125517222504020E+01,  3.277263774727713E+02,  3.277177046459225E+02,  2.371458540855021E-03,  2.371794624392970E-03,  5.877054735515663E+00,
2461013.500000000, A.D. 2025-Dec-04 00:00:00.0000,  1.442031494954922E-04,  2.371120861763137E-03,  1.291503330200297E+02,  2.226425392020733E+02,  1.121857061032782E+02,  2.461013136900256E+06,  6.125500587974060E+01,  2.224167692625452E+01,  2.224793271354529E+01,  2.371462834172737E-03,  2.371804806582336E-03,  5.877070695361175E+00,
2461014.500000000, A.D. 2025-Dec-05 00:00:00.0000,  1.291510388916956E-04,  2.371168762081631E-03,  1.291499614795430E+02,  2.226427924023425E+02,  1.196255586502246E+02,  2.461013258303219E+06,  6.125453294588622E+01,  7.605955635129102E+01,  7.607392063062575E+01,  2.371475040546824E-03,  2.371781319012016E-03,  5.877116071034824E+00,
2461015.500000000, A.D. 2025-Dec-06 00:00:00.0000,  1.104173093509543E-04,  2.371198721979408E-03,  1.291503460168438E+02,  2.226434442125142E+02,  1.136092571982598E+02,  2.461013160052252E+06,  6.125509351724466E+01,  1.433337181431860E+02,  1.433412730215308E+02,  2.371460572275030E-03,  2.371722422570653E-03,  5.877062287051314E+00,
2461016.500000000, A.D. 2025-Dec-07 00:00:00.0000,  1.085897792850120E-04,  2.371208636207551E-03,  1.291500680321221E+02,  2.226446997261110E+02,  1.042913854795948E+02,  2.461018884961785E+06,  6.125487728424432E+01,  2.139094585442142E+02,  2.139025173355466E+02,  2.371466153193707E-03,  2.371723670179864E-03,  5.877083033396223E+00,
2461017.500000000, A.D. 2025-Dec-08 00:00:00.0000,  1.299033332284875E-04,  2.371168854559918E-03,  1.291497581637415E+02,  2.226449192447395E+02,  9.833966590347063E+01,  2.461018787760534E+06,  6.125446023132272E+01,  2.811189235635863E+02,  2.811043167023296E+02,  2.371476917316152E-03,  2.371784980072386E-03,  5.877123047701144E+00,
2461018.500000000, A.D. 2025-Dec-09 00:00:00.0000,  1.439060459129622E-04,  2.371120361506195E-03,  1.291501331249252E+02,  2.226456628805941E+02,  1.058116976422974E+02,  2.461018909685009E+06,  6.125505256760491E+01,  3.349047232136543E+02,  3.348977280793457E+02,  2.371461629172285E-03,  2.371802896838374E-03,  5.877066215928579E+00,
2461019.500000000, A.D. 2025-Dec-10 00:00:00.0000,  1.458894088499418E-04,  2.371123024812764E-03,  1.291497989059652E+02,  2.226468595788581E+02,  1.133126105250830E+02,  2.461019032090859E+06,  6.125476710041764E+01,  2.866166542216524E+01,  2.866968512241670E+01,  2.371468997022845E-03,  2.371814969232926E-03,  5.877093604973408E+00,
2461020.500000000, A.D. 2025-Dec-11 00:00:00.0000,  1.270312958189958E-04,  2.371175458994226E-03,  1.291495524698864E+02,  2.226470456882804E+02,  1.201901541690168E+02,  2.461019144314051E+06,  6.125446823447899E+01,  8.304182188361963E+01,  8.305627166318017E+01,  2.371476710753798E-03,  2.371777962513370E-03,  5.877122279830074E+00,
2461021.500000000, A.D. 2025-Dec-12 00:00:00.0000,  1.100893925926966E-04,  2.371199029258586E-03,  1.291499167506447E+02,  2.226478800538623E+02,  1.132060353893379E+02,  2.461019030266128E+06,  6.125511174352960E+01,  1.512838242632470E+02,  1.512898848263162E+02,  2.371460101860757E-03,  2.371721174462929E-03,  5.877060538348082E+00,
2461022.500000000, A.D. 2025-Dec-13 00:00:00.0000,  1.087969707106274E-04,  2.371210224505529E-03,  1.291495185020553E+02,  2.226490268726444E+02,  1.034261496247962E+02,  2.461024747635490E+06,  6.125479669982600E+01,  2.223215449910120E+02,  2.223131517768025E+02,  2.371468233065422E-03,  2.371726241625315E-03,  5.877090765057140E+00,
2461023.500000000, A.D. 2025-Dec-14 00:00:00.0000,  1.316423147374589E-04,  2.371161178063956E-03,  1.291493320279055E+02,  2.226491658528193E+02,  9.926535731033913E+01,  2.461024679665238E+06,  6.125459789114912E+01,  2.877400802194618E+02,  2.877257117191344E+02,  2.371473364306972E-03,  2.371785550549987E-03,  5.877109839815267E+00,
2461024.500000000, A.D. 2025-Dec-15 00:00:00.0000,  1.423917051312452E-04,  2.371119112270479E-03,  1.291496954698541E+02,  2.226500818387586E+02,  1.066386606081080E+02,  2.461024799979385E+06,  6.125524013812308E+01,  3.416246907564363E+02,  3.416195461501481E+02,  2.371456788046174E-03,  2.371794463821870E-03,  5.877048219682822E+00,
2461025.500000000, A.D. 2025-Dec-16 00:00:00.0000,  1.437354702553880E-04,  2.371126305264362E-03,  1.291492511557952E+02,  2.226511803296687E+02,  1.139751469496179E+02,  2.461024919701503E+06,  6.125483791865315E+01,  3.554609040325219E+01,  3.555566727070512E+01,  2.371467169213124E-03,  2.371808033161886E-03,  5.877086810319905E+00,
2461026.500000000, A.D. 2025-Dec-17 00:00:00.0000,  1.233534534000682E-04,  2.371178711405347E-03,  1.291491172525771E+02,  2.226512940967362E+02,  1.191470577050153E+02,  2.461025004082980E+06,  6.125468017458189E+01,  9.163191861991417E+01,  9.164604808907293E+01,  2.371471240572510E-03,  2.371763769739673E-03,  5.877101945091614E+00,
2461027.500000000, A.D. 2025-Dec-18 00:00:00.0000,  1.109217724561727E-04,  2.371192405011952E-03,  1.291494686375173E+02,  2.226522708131515E+02,  1.115104197216437E+02,  2.461024879385596E+06,  6.125529194035830E+01,  1.605265003877766E+02,  1.605307372102000E+02,  2.371455451053883E-03,  2.371718497095815E-03,  5.877043249594122E+00,
2461028.500000000, A.D. 2025-Dec-19 00:00:00.0000,  1.118846317815276E-04,  2.371202607874053E-03,  1.291489938131077E+02,  2.226533217714589E+02,  1.020816524858344E+02,  2.461030602477440E+06,  6.125480810531635E+01,  2.312131478986930E+02,  2.312031550121025E+02,  2.371467938691155E-03,  2.371733269508257E-03,  5.877089670757704E+00,
2461029.500000000, A.D. 2025-Dec-20 00:00:00.0000,  1.354390914946824E-04,  2.371149488280383E-03,  1.291489095150708E+02,  2.226534310160237E+02,  1.004410800578450E+02,  2.461030575648375E+06,  6.125470196687250E+01,  2.941114793498328E+02,  2.940973122924839E+02,  2.371470678114534E-03,  2.371791867948685E-03,  5.877099854223331E+00,
2461030.500000000, A.D. 2025-Dec-21 00:00:00.0000,  1.432812932854881E-04,  2.371116994853575E-03,  1.291492362847136E+02,  2.226544625375656E+02,  1.079335203572919E+02,  2.461030697910241E+06,  6.125524044026512E+01,  3.478769605711007E+02,  3.478735118210521E+02,  2.371456780248019E-03,  2.371796565642464E-03,  5.877048190694228E+00,
2461031.500000000, A.D. 2025-Dec-22 00:00:00.0000,  1.425766282517835E-04,  2.371133143710586E-03,  1.291487466942991E+02,  2.226554516697862E+02,  1.157340373891906E+02,  2.461030825205892E+06,  6.125467941850418E+01,  4.133429674215497E+01,  4.134508869037353E+01,  2.371471260086845E-03,  2.371809376463104E-03,  5.877102017633758E+00,
2461032.500000000, A.D. 2025-Dec-23 00:00:00.0000,  1.191834374244947E-04,  2.371189841219536E-03,  1.291487186701245E+02,  2.226555854860123E+02,  1.192867446437166E+02,  2.461030883153638E+06,  6.125463209669538E+01,  9.903932903799294E+01,  9.905281652291468E+01,  2.371472481461635E-03,  2.371755121703734E-03,  5.877106557945053E+00,
2461033.500000000, A.D. 2025-Dec-24 00:00:00.0000,  1.083994183475951E-04,  2.371202692044091E-03,  1.291489975380300E+02,  2.226566749007032E+02,  1.106052290980651E+02,  2.461030741394458E+06,  6.125512510900951E+01,  1.689787275889189E+02,  1.689811019642122E+02,  2.371459756902373E-03,  2.371716821760655E-03,  5.877059256010735E+00,
2461034.500000000, A.D. 2025-Dec-25 00:00:00.0000,  1.127697947593919E-04,  2.371206693856716E-03,  1.291484915688849E+02,  2.226575809560285E+02,  1.000734901616715E+02,  2.461036446495419E+06,  6.125456843747913E+01,  2.407682631139235E+02,  2.407569870776289E+02,  2.371474124507014E-03,  2.371741555157311E-03,  5.877112665766997E+00,
2461035.500000000, A.D. 2025-Dec-26 00:00:00.0000,  1.380347125718321E-04,  2.371144970441297E-03,  1.291485295624037E+02,  2.226577428062573E+02,  1.006211315760339E+02,  2.461036455382941E+06,  6.125463850974812E+01,  3.014783633255229E+02,  3.014648722580188E+02,  2.371472315940800E-03,  2.371799661440303E-03,  5.877105942641540E+00,
2461036.500000000, A.D. 2025-Dec-27 00:00:00.0000,  1.447333262016291E-04,  2.371116448437427E-03,  1.291487538687131E+02,  2.226588968909518E+02,  1.082593828527430E+02,  2.461036580025837E+06,  6.125512817832093E+01,  3.550980070801743E+02,  3.550965895916445E+02,  2.371459677684531E-03,  2.371802906931635E-03,  5.877058961528859E+00,
2461037.500000000, A.D. 2025-Dec-28 00:00:00.0000,  1.422912425441927E-04,  2.371137195788719E-03,  1.291482280787081E+02,  2.226597114717421E+02,  1.167003002668482E+02,  2.461036717774566E+06,  6.125454862525869E+01,  4.791486585539257E+01,  4.792696832847705E+01,  2.371474635861317E-03,  2.371812075933915E-03,  5.877114566665043E+00,
2461038.500000000, A.D. 2025-Dec-29 00:00:00.0000,  1.178269662960823E-04,  2.371190034707121E-03,  1.291483328099148E+02,  2.226598947186149E+02,  1.185025682630774E+02,  2.461036747150504E+06,  6.125474924928069E+01,  1.073703563693032E+02,  1.073832420196513E+02,  2.371469457758992E-03,  2.371748880810864E-03,  5.877095317702691E+00,
2461039.500000000, A.D. 2025-Dec-30 00:00:00.0000,  1.090063122249555E-04,  2.371199744226340E-03,  1.291485078329148E+02,  2.226611133092504E+02,  1.101319100294395E+02,  2.461036610465981E+06,  6.125518356618224E+01,  1.769989367626389E+02,  1.769995906442129E+02,  2.371458248144566E-03,  2.371716752062791E-03,  5.877053647403462E+00,
2461040.500000000, A.D. 2025-Dec-31 00:00:00.0000,  1.152021931844378E-04,  2.371199326829242E-03,  1.291479603758722E+02,  2.226618423913472E+02,  9.995667618763653E+01,  2.461042321381424E+06,  6.125463038403944E+01,  2.484319540918830E+02,  2.484196778691365E+02,  2.371472525665275E-03,  2.371745724501308E-03,  5.877106722266696E+00,
2461041.500000000, A.D. 2026-Jan-01 00:00:00.0000,  1.383435154514518E-04,  2.371137786388665E-03,  1.291481288312470E+02,  2.226620429151377E+02,  1.021705465760925E+02,  2.461042357468353E+06,  6.125488851565811E+01,  3.074758716252741E+02,  3.074632892087384E+02,  2.371465863312969E-03,  2.371793940237273E-03,  5.877081955801390E+00,
2461042.500000000, A.D. 2026-Jan-02 00:00:00.0000,  1.428305246801928E-04,  2.371116752514225E-03,  1.291482619676827E+02,  2.226633097982325E+02,  1.090559438661090E+02,  2.461042469823939E+06,  6.125529125498363E+01,  1.848443410016971E+00,  1.848971440934610E+00,  2.371455468743082E-03,  2.371794184971938E-03,  5.877043315351324E+00,
2461043.500000000, A.D. 2026-Jan-03 00:00:00.0000,  1.385376141105727E-04,  2.371143608098150E-03,  1.291477113758527E+02,  2.226639674559103E+02,  1.172939507312854E+02,  2.461042604259733E+06,  6.125464508664371E+01,  5.486825217894066E+01,  5.488123673682048E+01,  2.371472146191213E-03,  2.371800684284275E-03,  5.877105311618177E+00,
2461044.500000000, A.D. 2026-Jan-04 00:00:00.0000,  1.154012308870190E-04,  2.371190288732835E-03,  1.291479234279252E+02,  2.226641976940948E+02,  1.167289048281385E+02,  2.461042594993683E+06,  6.125496231403052E+01,  1.166910901784399E+02,  1.167029042861586E+02,  2.371463958592660E-03,  2.371737628452485E-03,  5.877074875247153E+00,
2461045.500000000, A.D. 2026-Jan-05 00:00:00.0000,  1.095239377339618E-04,  2.371197657878978E-03,  1.291480151092013E+02,  2.226654893876708E+02,  1.084613128561923E+02,  2.461048337037629E+06,  6.125521684505263E+01,  1.862166448566239E+02,  1.862152859689904E+02,  2.371457389230415E-03,  2.371717120581852E-03,  5.877050454504691E+00,
2461046.500000000, A.D. 2026-Jan-06 00:00:00.0000,  1.194666010233789E-04,  2.371190295807247E-03,  1.291474758645315E+02,  2.226660880939168E+02,  9.907892295073756E+01,  2.461048183844076E+06,  6.125458846102870E+01,  2.568568240813811E+02,  2.568434932775293E+02,  2.371473607698576E-03,  2.371756919589904E-03,  5.877110744594074E+00,
2461047.500000000, A.D. 2026-Jan-07 00:00:00.0000,  1.411881523076729E-04,  2.371130496218728E-03,  1.291477261354680E+02,  2.226663746598802E+02,  1.032743326714079E+02,  2.461048252279135E+06,  6.125490960406096E+01,  3.139192095798085E+02,  3.139075541397867E+02,  2.371465319025382E-03,  2.371800141832037E-03,  5.877079932481582E+00,
2461048.500000000, A.D. 2026-Jan-08 00:00:00.0000,  1.445226186358014E-04,  2.371117069027996E-03,  1.291477594152391E+02,  2.226676772829062E+02,  1.102755219149187E+02,  2.461048366526501E+06,  6.125512349311349E+01,  8.175935670460197E+00,  8.178291294974397E+00,  2.371459798608080E-03,  2.371802528188165E-03,  5.877059411046202E+00,
2461049.500000000, A.D. 2026-Jan-09 00:00:00.0000,  1.363817395132364E-04,  2.371153458095643E-03,  1.291472530784712E+02,  2.226682049500576E+02,  1.189327456395102E+02,  2.461048507803122E+06,  6.125446151290640E+01,  6.077648546150439E+01,  6.079012566386074E+01,  2.371476884238332E-03,  2.371800310381020E-03,  5.877122924738265E+00,
2461050.500000000, A.D. 2026-Jan-10 00:00:00.0000,  1.126426756821513E-04,  2.371198890216832E-03,  1.291475336037622E+02,  2.226685676831308E+02,  1.165350888493910E+02,  2.461048468620437E+06,  6.125488250315965E+01,  1.244319164767721E+02,  1.244425620476048E+02,  2.371466018494445E-03,  2.371733146772057E-03,  5.877082532668811E+00,
2461051.500000000, A.D. 2026-Jan-11 00:00:00.0000,  1.071963285856419E-04,  2.371209165332896E-03,  1.291474970614627E+02,  2.226698688539352E+02,  1.073321467681416E+02,  2.461054195409215E+06,  6.125498482847711E+01,  1.948927494430947E+02,  1.948895927877232E+02,  2.371463377500340E-03,  2.371717589667784E-03,  5.877072715111309E+00,
2461052.500000000, A.D. 2026-Jan-12 00:00:00.0000,  1.215922918079638E-04,  2.371189440553469E-03,  1.291470208509850E+02,  2.226703197958884E+02,  9.800762119258279E+01,  2.461054043153969E+06,  6.125442626569022E+01,  2.654749889877669E+02,  2.654610991348866E+02,  2.371477793973410E-03,  2.371766147393350E-03,  5.877126306570974E+00,
2461053.500000000, A.D. 2026-Jan-13 00:00:00.0000,  1.420297753158529E-04,  2.371128067107006E-03,  1.291473392956005E+02,  2.226707632781960E+02,  1.037082491633850E+02,  2.461054136158127E+06,  6.125492639201008E+01,  3.210321807595103E+02,  3.210219440027297E+02,  2.371464885731896E-03,  2.371801704356787E-03,  5.877078321768376E+00,
2461054.500000000, A.D. 2026-Jan-14 00:00:00.0000,  1.454989688749656E-04,  2.371117480409978E-03,  1.291472251187934E+02,  2.226720730858010E+02,  1.107133851748502E+02,  2.461054250470556E+06,  6.125501782913229E+01,  1.528493052338782E+01,  1.528932660785137E+01,  2.371462525762202E-03,  2.371807571114427E-03,  5.877069548884982E+00,
2461055.500000000, A.D. 2026-Jan-15 00:00:00.0000,  1.342592234280850E-04,  2.371157603119216E-03,  1.291467804130756E+02,  2.226724347824231E+02,  1.191725268844341E+02,  2.461054388513745E+06,  6.125449594103807E+01,  6.808353027590157E+01,  6.809780425617745E+01,  2.371475995644770E-03,  2.371794388170324E-03,  5.877119621497274E+00,
2461056.500000000, A.D. 2026-Jan-16 00:00:00.0000,  1.129582567685828E-04,  2.371193117740132E-03,  1.291471367097946E+02,  2.226729465326962E+02,  1.152355549079608E+02,  2.461054324207428E+06,  6.125507718364272E+01,  1.332783419492321E+02,  1.332877647283041E+02,  2.371460993839991E-03,  2.371728869939849E-03,  5.877063854163795E+00,
2461057.500000000, A.D. 2026-Jan-17 00:00:00.0000,  1.086464270390323E-04,  2.371203856373011E-03,  1.291469621924613E+02,  2.226742549183245E+02,  1.066445604832324E+02,  2.461060060975928E+06,  6.125505729372234E+01,  2.031272728187641E+02,  2.031223833961849E+02,  2.371461507192628E-03,  2.371719158012245E-03,  5.877065762485120E+00,
2461058.500000000, A.D. 2026-Jan-18 00:00:00.0000,  1.249462223257278E-04,  2.371177653654089E-03,  1.291465440442321E+02,  2.226745514873436E+02,  9.881075977389195E+01,  2.461059933055314E+06,  6.125457479702987E+01,  2.722188060963919E+02,  2.722044989621950E+02,  2.371473960366780E-03,  2.371770267079472E-03,  5.877112055595491E+00,
2461059.500000000, A.D. 2026-Jan-19 00:00:00.0000,  1.413345302538116E-04,  2.371123518352771E-03,  1.291469267306232E+02,  2.226751223297484E+02,  1.052405242812144E+02,  2.461060037963982E+06,  6.125516654896418E+01,  3.270469267019773E+02,  3.270381156890492E+02,  2.371458687352364E-03,  2.371793856351957E-03,  5.877055280100084E+00,
2461060.500000000, A.D. 2026-Jan-20 00:00:00.0000,  1.438995922003265E-04,  2.371120083731814E-03,  1.291467018401873E+02,  2.226764249384505E+02,  1.118459303298868E+02,  2.461060145752351E+06,  6.125506392462802E+01,  2.169946236784879E+01,  2.170556024838704E+01,  2.371461336050991E-03,  2.371802588370167E-03,  5.877065126288432E+00,
2461061.500000000, A.D. 2026-Jan-21 00:00:00.0000,  1.295358582281801E-04,  2.371166461581193E-03,  1.291463213880768E+02,  2.226766735164368E+02,  1.193654397597769E+02,  2.461060268455944E+06,  6.125458672691744E+01,  7.543772216773847E+01,  7.545208961285211E+01,  2.371473652456030E-03,  2.371780843330866E-03,  5.877110910974494E+00,
2461062.500000000, A.D. 2026-Jan-22 00:00:00.0000,  1.112550708215587E-04,  2.371194993637898E-03,  1.291467133863387E+02,  2.226773072906483E+02,  1.135717194229439E+02,  2.461060173839953E+06,  6.125516100430033E+01,  1.424893081711006E+02,  1.424970702358072E+02,  2.371458830458031E-03,  2.371722667278164E-03,  5.877055812076417E+00,
2461063.500000000, A.D. 2026-Jan-23 00:00:00.0000,  1.092138732032547E-04,  2.371205591723484E-03,  1.291464486866329E+02,  2.226785764399283E+02,  1.045807094257160E+02,  2.461065904079897E+06,  6.125493790607565E+01,  2.127382351960322E+02,  2.127314678455516E+02,  2.371464588556365E-03,  2.371723585389246E-03,  5.877077217056372E+00,
2461064.500000000, A.D. 2026-Jan-24 00:00:00.0000,  1.296937392363881E-04,  2.371168373070328E-03,  1.291461183203776E+02,  2.226788017145610E+02,  9.861715894405623E+01,  2.461065806687313E+06,  6.125449814918431E+01,  2.799595244023042E+02,  2.799448861490515E+02,  2.371475938652320E-03,  2.371783504234313E-03,  5.877119409634635E+00,
2461065.500000000, A.D. 2026-Jan-25 00:00:00.0000,  1.437610404528233E-04,  2.371120147481750E-03,  1.291465003251917E+02,  2.226795150837109E+02,  1.060325644559476E+02,  2.461065927687607E+06,  6.125507418659890E+01,  3.338019639113035E+02,  3.337946899652363E+02,  2.371461071192738E-03,  2.371801994903726E-03,  5.877064141712510E+00,
2461066.500000000, A.D. 2026-Jan-26 00:00:00.0000,  1.454316855926671E-04,  2.371123109490400E-03,  1.291461837903029E+02,  2.226807343831410E+02,  1.133678475749454E+02,  2.461066047389908E+06,  6.125480588185525E+01,  2.772454332332677E+01,  2.773229759692233E+01,  2.371467996078399E-03,  2.371812882666397E-03,  5.877089884087582E+00,
2461067.500000000, A.D. 2026-Jan-27 00:00:00.0000,  1.267615093708097E-04,  2.371176276732135E-03,  1.291459167396241E+02,  2.226809303515153E+02,  1.203254097534235E+02,  2.461066160918653E+06,  6.125446133918943E+01,  8.202470658155940E+01,  8.203909220297527E+01,  2.371476888721987E-03,  2.371777500711839E-03,  5.877122941405720E+00,
2461068.500000000, A.D. 2026-Jan-28 00:00:00.0000,  1.095512507449570E-04,  2.371201263626428E-03,  1.291462850449030E+02,  2.226817336326967E+02,  1.132608348394536E+02,  2.461066045556196E+06,  6.125507461438708E+01,  1.503471383795355E+02,  1.503533484810626E+02,  2.371461060151661E-03,  2.371720856676894E-03,  5.877064100668750E+00,
2461069.500000000, A.D. 2026-Jan-29 00:00:00.0000,  1.084412637486314E-04,  2.371212381481817E-03,  1.291459113699450E+02,  2.226828947998256E+02,  1.032297938241876E+02,  2.461071758828866E+06,  6.125474580574313E+01,  2.216360119993055E+02,  2.216277567485204E+02,  2.371469546636395E-03,  2.371726711790974E-03,  5.877095648093393E+00,
2461070.500000000, A.D. 2026-Jan-30 00:00:00.0000,  1.317519894154400E-04,  2.371163020953719E-03,  1.291457084294953E+02,  2.226830557437866E+02,  9.891915193997457E+01,  2.461071688412341E+06,  6.125451640127341E+01,  2.872043767780304E+02,  2.871899539431722E+02,  2.371475467564420E-03,  2.371787914175122E-03,  5.877117658421607E+00,
2461071.500000000, A.D. 2026-Jan-31 00:00:00.0000,  1.432407901490418E-04,  2.371119289785056E-03,  1.291460669649286E+02,  2.226839515033652E+02,  1.064833840937983E+02,  2.461071811842706E+06,  6.125515523183943E+01,  3.408980266449007E+02,  3.408926541864535E+02,  2.371458979443077E-03,  2.371798669101098E-03,  5.877056365908577E+00,
2461072.500000000, A.D. 2026-Feb-01 00:00:00.0000,  1.444602699431508E-04,  2.371125435722759E-03,  1.291456340814578E+02,  2.226850573431548E+02,  1.139373033913942E+02,  2.461071933481798E+06,  6.125480500798440E+01,  3.470196202732890E+01,  3.471138770460084E+01,  2.371468018632893E-03,  2.371810601543027E-03,  5.877089967931086E+00,
2461073.500000000, A.D. 2026-Feb-02 00:00:00.0000,  1.241363370657951E-04,  2.371177556828030E-03,  1.291454918642053E+02,  2.226851792493663E+02,  1.193916751921180E+02,  2.461072022474308E+06,  6.125465297207226E+01,  9.050532352123166E+01,  9.051954792477669E+01,  2.371471942668447E-03,  2.371766328508865E-03,  5.877104555047177E+00,
2461074.500000000, A.D. 2026-Feb-03 00:00:00.0000,  1.112385581045977E-04,  2.371191415910069E-03,  1.291458434499631E+02,  2.226861461580393E+02,  1.119068234970551E+02,  2.461071900255773E+06,  6.125530115731502E+01,  1.592481155828872E+02,  1.592526315355154E+02,  2.371455213168591E-03,  2.371719010427114E-03,  5.877042365287748E+00,
2461075.500000000, A.D. 2026-Feb-04 00:00:00.0000,  1.113777031393575E-04,  2.371203381179011E-03,  1.291453715535400E+02,  2.226872043336394E+02,  1.025119880288821E+02,  2.461077623900814E+06,  6.125482472329753E+01,  2.299008278828780E+02,  2.298910659900415E+02,  2.371467509783321E-03,  2.371731638387630E-03,  5.877088076346717E+00,
2461076.500000000, A.D. 2026-Feb-05 00:00:00.0000,  1.345121404051401E-04,  2.371150864562548E-03,  1.291452785366612E+02,  2.226873088060768E+02,  1.005314556578270E+02,  2.461077591521923E+06,  6.125473381762298E+01,  2.931391151572912E+02,  2.931249402647218E+02,  2.371469856048791E-03,  2.371788847535035E-03,  5.877096798295581E+00,
2461077.500000000, A.D. 2026-Feb-06 00:00:00.0000,  1.425966089885319E-04,  2.371117454966445E-03,  1.291456146566899E+02,  2.226883380218520E+02,  1.078144825958031E+02,  2.461077710365146E+06,  6.125528553025217E+01,  3.471140229001448E+02,  3.471103781762728E+02,  2.371455616495725E-03,  2.371793778025004E-03,  5.877043864601801E+00,
2461078.500000000, A.D. 2026-Feb-07 00:00:00.0000,  1.420771602706641E-04,  2.371131774972170E-03,  1.291451181521447E+02,  2.226893415524933E+02,  1.153306355583560E+02,  2.461077833019461E+06,  6.125477835622424E+01,  4.085574508795852E+01,  4.086639674307355E+01,  2.371468706511662E-03,  2.371805638051154E-03,  5.877092525034327E+00,
2461079.500000000, A.D. 2026-Feb-08 00:00:00.0000,  1.197133865367451E-04,  2.371186751063676E-03,  1.291450816156411E+02,  2.226894567172190E+02,  1.189881532257584E+02,  2.461077892678945E+06,  6.125470313961941E+01,  9.845597408886702E+01,  9.846954280585068E+01,  2.371470647846002E-03,  2.371754544628328E-03,  5.877099741703796E+00,
2461080.500000000, A.D. 2026-Feb-09 00:00:00.0000,  1.096611275067925E-04,  2.371196813107192E-03,  1.291453797392861E+02,  2.226905349362490E+02,  1.105341120973355E+02,  2.461077754635859E+06,  6.125523697281676E+01,  1.681679310127720E+02,  1.681705072979072E+02,  2.371456869741362E-03,  2.371716926375531E-03,  5.877048523373719E+00,
2461081.500000000, A.D. 2026-Feb-10 00:00:00.0000,  1.131672864579806E-04,  2.371204359865208E-03,  1.291448748541221E+02,  2.226914670201689E+02,  1.004156921608610E+02,  2.461083466477246E+06,  6.125462235094933E+01,  2.395441789070744E+02,  2.395330010164069E+02,  2.371472732999310E-03,  2.371741106133413E-03,  5.877107493005720E+00,
2461082.500000000, A.D. 2026-Feb-11 00:00:00.0000,  1.380144041803515E-04,  2.371144380102763E-03,  1.291448923385110E+02,  2.226916134972513E+02,  1.008454856549348E+02,  2.461083473442235E+06,  6.125466325162898E+01,  3.003721237303191E+02,  3.003584777478712E+02,  2.371471677353343E-03,  2.371798974603923E-03,  5.877103568770762E+00,
2461083.500000000, A.D. 2026-Feb-12 00:00:00.0000,  1.450306115918893E-04,  2.371116411391913E-03,  1.291451380442641E+02,  2.226927516146980E+02,  1.084133326475760E+02,  2.461083596936245E+06,  6.125510229453012E+01,  3.540621604090531E+02,  3.540604408433568E+02,  2.371460345736221E-03,  2.371804280080529E-03,  5.877061444923043E+00,
2461084.500000000, A.D. 2026-Feb-13 00:00:00.0000,  1.423479560220414E-04,  2.371137109164182E-03,  1.291446174820481E+02,  2.226935957193842E+02,  1.167843587895355E+02,  2.461083733544083E+06,  6.125454677028948E+01,  4.694890983148388E+01,  4.696083110449790E+01,  2.371474683738170E-03,  2.371812258312159E-03,  5.877114744641489E+00,
2461085.500000000, A.D. 2026-Feb-14 00:00:00.0000,  1.176707498537833E-04,  2.371192154955092E-03,  1.291447063696729E+02,  2.226937773121693E+02,  1.189652191170542E+02,  2.461083769098817E+06,  6.125468144626717E+01,  1.060258005608460E+02,  1.060387600840152E+02,  2.371471207750365E-03,  2.371750260545637E-03,  5.877101823079323E+00,
2461086.500000000, A.D. 2026-Feb-15 00:00:00.0000,  1.086114628299440E-04,  2.371201470149614E-03,  1.291448912037555E+02,  2.226949759846879E+02,  1.102894597390569E+02,  2.461083627434186E+06,  6.125515297137775E+01,  1.759594583381779E+02,  1.759603351903984E+02,  2.371459037784750E-03,  2.371716605419886E-03,  5.877056582786016E+00,
2461087.500000000, A.D. 2026-Feb-16 00:00:00.0000,  1.145195783542610E-04,  2.371202850932878E-03,  1.291443569309893E+02,  2.226957232962927E+02,  9.969310193075275E+01,  2.461089331478562E+06,  6.125455655536761E+01,  2.478135928234923E+02,  2.478014421260101E+02,  2.371474431184815E-03,  2.371746011436752E-03,  5.877113805804769E+00,
2461088.500000000, A.D. 2026-Feb-17 00:00:00.0000,  1.383512163253721E-04,  2.371139405401199E-03,  1.291445079618902E+02,  2.226959285749258E+02,  1.018547397173835E+02,  2.461089366711778E+06,  6.125482507079683E+01,  3.069097216805390E+02,  3.068970438733865E+02,  2.371467500814413E-03,  2.371795596227627E-03,  5.877088043005930E+00,
2461089.500000000, A.D. 2026-Feb-18 00:00:00.0000,  1.438592023168754E-04,  2.371116584238617E-03,  1.291446450633882E+02,  2.226971823462881E+02,  1.088870465625315E+02,  2.461089481465055E+06,  6.125520324440740E+01,  1.135361836257271E+00,  1.135688538112427E+00,  2.371457740257459E-03,  2.371798896276301E-03,  5.877051759400830E+00,
2461090.500000000, A.D. 2026-Feb-19 00:00:00.0000,  1.395749834627587E-04,  2.371141580371481E-03,  1.291440959945467E+02,  2.226978511419655E+02,  1.171743751243120E+02,  2.461089616706557E+06,  6.125462833242539E+01,  5.410581155609510E+01,  5.411876973178114E+01,  2.371472578617424E-03,  2.371803576863367E-03,  5.877106919109858E+00,
2461091.500000000, A.D. 2026-Feb-20 00:00:00.0000,  1.161313263322294E-04,  2.371189230326839E-03,  1.291443049300800E+02,  2.226980820010352E+02,  1.171475291704616E+02,  2.461089616225863E+06,  6.125493623603043E+01,  1.153904646531749E+02,  1.154024861423539E+02,  2.371464631659864E-03,  2.371740032992888E-03,  5.877077377288107E+00,
2461092.500000000, A.D. 2026-Feb-21 00:00:00.0000,  1.100482982678302E-04,  2.371195030550032E-03,  1.291443977738365E+02,  2.226993737915789E+02,  1.090282849232943E+02,  2.461095360689744E+06,  6.125527046791073E+01,  1.847676759919423E+02,  1.847666279969087E+02,  2.371456005247827E-03,  2.371716979945621E-03,  5.877045309735267E+00,
2461093.500000000, A.D. 2026-Feb-22 00:00:00.0000,  1.188517584258863E-04,  2.371190858924937E-03,  1.291438555095914E+02,  2.226999736709586E+02,  9.944162117127324E+01,  2.461095204162721E+06,  6.125462314027201E+01,  2.556121547846377E+02,  2.555989630239802E+02,  2.371472712626892E-03,  2.371754566328846E-03,  5.877107417273734E+00,
2461094.500000000, A.D. 2026-Feb-23 00:00:00.0000,  1.403082994787930E-04,  2.371131100290300E-03,  1.291441019765997E+02,  2.227002439411993E+02,  1.034011129115723E+02,  2.461095268746443E+06,  6.125496705038633E+01,  3.129104619833313E+02,  3.128986846434763E+02,  2.371463836348454E-03,  2.371796572406607E-03,  5.877074420820041E+00,
2461095.500000000, A.D. 2026-Feb-24 00:00:00.0000,  1.440377216377040E-04,  2.371117169200714E-03,  1.291441505636435E+02,  2.227015488033219E+02,  1.102481971060078E+02,  2.461095380478154E+06,  6.125516417142140E+01,  7.321330298412230E+00,  7.323434034672874E+00,  2.371458748715837E-03,  2.371800328230960E-03,  5.877055508210653E+00,
2461096.500000000, A.D. 2026-Feb-25 00:00:00.0000,  1.362974705667500E-04,  2.371152120390502E-03,  1.291436304508717E+02,  2.227020930856908E+02,  1.186839805531317E+02,  2.461095518140609E+06,  6.125452109256897E+01,  6.014332674595065E+01,  6.015687343963805E+01,  2.371475346481739E-03,  2.371798572572976E-03,  5.877117208311225E+00,
2461097.500000000, A.D. 2026-Feb-26 00:00:00.0000,  1.127545071651722E-04,  2.371198078968234E-03,  1.291439070201315E+02,  2.227024304479498E+02,  1.164768106529638E+02,  2.461095482067048E+06,  6.125490366199843E+01,  1.236082885711240E+02,  1.236190486349139E+02,  2.371465472388832E-03,  2.371732865809430E-03,  5.877080502590657E+00,
2461098.500000000, A.D. 2026-Feb-27 00:00:00.0000,  1.078797494773394E-04,  2.371206032742811E-03,  1.291438926333405E+02,  2.227037352772718E+02,  1.074144064458696E+02,  2.461101211146628E+06,  6.125504341281215E+01,  1.939285955695690E+02,  1.939256202451044E+02,  2.371461865454752E-03,  2.371717698166693E-03,  5.877067094277859E+00,
2461099.500000000, A.D. 2026-Feb-28 00:00:00.0000,  1.218830440443504E-04,  2.371188612385786E-03,  1.291434075340334E+02,  2.227042095045122E+02,  9.810285248937043E+01,  2.461101059105137E+06,  6.125443163846750E+01,  2.644979009412976E+02,  2.644839987257632E+02,  2.371477655301297E-03,  2.371766698216808E-03,  5.877125791073730E+00,
2461100.500000000, A.D. 2026-Mar-01 00:00:00.0000,  1.425515391694166E-04,  2.371127765203915E-03,  1.291437136223541E+02,  2.227046260401431E+02,  1.037755100354190E+02,  2.461101151653417E+06,  6.125489014318400E+01,  3.200830415262106E+02,  3.200725581748125E+02,  2.371465821306830E-03,  2.371803877409745E-03,  5.877081799648908E+00,
2461101.500000000, A.D. 2026-Mar-02 00:00:00.0000,  1.461076817867347E-04,  2.371117580116286E-03,  1.291436271520153E+02,  2.227059294638427E+02,  1.109671257838866E+02,  2.461101269009674E+06,  6.125495802723326E+01,  1.414930271236942E+01,  1.415339618350663E+01,  2.371464069233882E-03,  2.371810558351478E-03,  5.877075286541672E+00,
2461102.500000000, A.D. 2026-Mar-03 00:00:00.0000,  1.347205781743265E-04,  2.371158432259946E-03,  1.291431778298631E+02,  2.227063249465691E+02,  1.195800330669487E+02,  2.461101409562442E+06,  6.125442141631973E+01,  6.679412173349840E+01,  6.680831151621332E+01,  2.371477919136340E-03,  2.371797406012734E-03,  5.877126771849434E+00,
2461103.500000000, A.D. 2026-Mar-04 00:00:00.0000,  1.123229905343712E-04,  2.371197103268717E-03,  1.291435178162801E+02,  2.227068234383992E+02,  1.157944220961204E+02,  2.461101347725208E+06,  6.125498112299238E+01,  1.318375517718868E+02,  1.318471404693400E+02,  2.371463473137963E-03,  2.371729843007209E-03,  5.877073070631836E+00,
2461104.500000000, A.D. 2026-Mar-05 00:00:00.0000,  1.079266637015566E-04,  2.371206795658446E-03,  1.291433574510217E+02,  2.227081248661929E+02,  1.068100672015410E+02,  2.461107078077948E+06,  6.125500953931788E+01,  2.020798106959257E+02,  2.020751623672747E+02,  2.371462739720036E-03,  2.371718683781627E-03,  5.877070344245495E+00,
2461105.500000000, A.D. 2026-Mar-06 00:00:00.0000,  1.243259371153890E-04,  2.371180283099842E-03,  1.291429375966789E+02,  2.227084392323093E+02,  9.862462770409319E+01,  2.461106944415966E+06,  6.125452990755477E+01,  2.715229789997351E+02,  2.715087372708001E+02,  2.371475118966353E-03,  2.371769954832865E-03,  5.877116362550025E+00,
2461106.500000000, A.D. 2026-Mar-07 00:00:00.0000,  1.413013048671485E-04,  2.371124322995361E-03,  1.291433114571003E+02,  2.227089997987337E+02,  1.050395220190248E+02,  2.461107049081116E+06,  6.125513842176543E+01,  3.263659602266564E+02,  3.263569904157234E+02,  2.371459413304901E-03,  2.371794503614441E-03,  5.877057978732496E+00,
2461107.500000000, A.D. 2026-Mar-08 00:00:00.0000,  1.443078414992848E-04,  2.371119487740758E-03,  1.291430952419119E+02,  2.227103025260660E+02,  1.116801430782515E+02,  2.461107157444262E+06,  6.125504950329987E+01,  2.098326868305095E+01,  2.098919130955499E+01,  2.371461708261076E-03,  2.371803928781393E-03,  5.877066509930850E+00,
2461108.500000000, A.D. 2026-Mar-09 00:00:00.0000,  1.303734519736841E-04,  2.371164224383327E-03,  1.291427071857807E+02,  2.227105579400499E+02,  1.192864575571555E+02,  2.461107281565494E+06,  6.125459644791183E+01,  7.463471395558216E+01,  7.464912027190147E+01,  2.371473401556952E-03,  2.371782578730577E-03,  5.877109978287554E+00,
2461109.500000000, A.D. 2026-Mar-10 00:00:00.0000,  1.119915330168091E-04,  2.371192539123267E-03,  1.291431015732425E+02,  2.227111836116529E+02,  1.138408161867550E+02,  2.461107192632611E+06,  6.125518843997609E+01,  1.413382242281595E+02,  1.413462405851629E+02,  2.371458122353874E-03,  2.371723705584481E-03,  5.877053179793312E+00,
2461110.500000000, A.D. 2026-Mar-11 00:00:00.0000,  1.098176024454954E-04,  2.371201813259078E-03,  1.291428389760456E+02,  2.227124634521922E+02,  1.052024599407168E+02,  2.461112928624649E+06,  6.125502884070005E+01,  2.112345270945622E+02,  2.112280024349622E+02,  2.371462241556736E-03,  2.371722669854393E-03,  5.877068492388057E+00,
2461111.500000000, A.D. 2026-Mar-12 00:00:00.0000,  1.290259670430730E-04,  2.371167958288768E-03,  1.291424941244639E+02,  2.227126825997180E+02,  9.906423126275621E+01,  2.461112828382396E+06,  6.125457558585435E+01,  2.786305001193478E+02,  2.786158818981299E+02,  2.371473940007194E-03,  2.371779921725620E-03,  5.877111979911189E+00,
2461112.500000000, A.D. 2026-Mar-13 00:00:00.0000,  1.427403125283937E-04,  2.371120047174750E-03,  1.291428871066108E+02,  2.227133704694957E+02,  1.063145539091044E+02,  2.461112946687922E+06,  6.125517187422938E+01,  3.326380545634729E+02,  3.326305356068446E+02,  2.371458549909313E-03,  2.371797052643875E-03,  5.877054769173791E+00,
2461113.500000000, A.D. 2026-Mar-14 00:00:00.0000,  1.446844161775453E-04,  2.371123117512137E-03,  1.291425838906370E+02,  2.227146145431381E+02,  1.133146503562534E+02,  2.461113060919093E+06,  6.125487424177274E+01,  2.689584575587413E+01,  2.690334708600055E+01,  2.371466231719358E-03,  2.371809345926580E-03,  5.877083325305370E+00,
2461114.500000000, A.D. 2026-Mar-15 00:00:00.0000,  1.265352687727971E-04,  2.371175760453725E-03,  1.291422941230044E+02,  2.227148127889945E+02,  1.201902655080466E+02,  2.461113173110201E+06,  6.125450213469316E+01,  8.127797400300317E+01,  8.129230653894309E+01,  2.371475835785994E-03,  2.371775911118263E-03,  5.877119027241332E+00,
2461115.500000000, A.D. 2026-Mar-16 00:00:00.0000,  1.094492265757488E-04,  2.371201609073914E-03,  1.291426734482087E+02,  2.227155908180229E+02,  1.132637113734494E+02,  2.461113060000173E+06,  6.125507060378123E+01,  1.494623616483822E+02,  1.494687335196855E+02,  2.371461163664131E-03,  2.371720718254349E-03,  5.877064485462816E+00,
2461116.500000000, A.D. 2026-Mar-17 00:00:00.0000,  1.087772584704154E-04,  2.371210870729843E-03,  1.291423168930095E+02,  2.227167713939072E+02,  1.033428256276670E+02,  2.461118775070100E+06,  6.125477347064245E+01,  2.206410964191475E+02,  2.206329785986559E+02,  2.371468832608002E-03,  2.371726794486161E-03,  5.877092993781734E+00,
2461117.500000000, A.D. 2026-Mar-18 00:00:00.0000,  1.318436406751416E-04,  2.371163688268728E-03,  1.291420969002123E+02,  2.227169436349518E+02,  9.882268064397194E+01,  2.461118701235301E+06,  6.125448212086261E+01,  2.864189537289735E+02,  2.864044609888915E+02,  2.371476352344797E-03,  2.371789016420866E-03,  5.877120947487170E+00,
2461118.500000000, A.D. 2026-Mar-19 00:00:00.0000,  1.436235926610373E-04,  2.371119108977845E-03,  1.291424565004491E+02,  2.227178103778348E+02,  1.065592656750487E+02,  2.461118827478867E+06,  6.125512706028085E+01,  3.399402404091559E+02,  3.399345943444441E+02,  2.371459706540749E-03,  2.371800304103654E-03,  5.877059068798043E+00,
2461119.500000000, A.D. 2026-Mar-20 00:00:00.0000,  1.452506590431221E-04,  2.371125273694358E-03,  1.291420437033913E+02,  2.227189298902706E+02,  1.141192074569810E+02,  2.461118950848534E+06,  6.125473865347945E+01,  3.363812951274674E+01,  3.364735105594085E+01,  2.371469731235721E-03,  2.371814188777084E-03,  5.877096334318470E+00,
2461120.500000000, A.D. 2026-Mar-21 00:00:00.0000,  1.245582773364700E-04,  2.371178201507333E-03,  1.291418868833974E+02,  2.227190687923210E+02,  1.198250128681151E+02,  2.461119043945010E+06,  6.125458921757011E+01,  8.919005029904989E+01,  8.920432223137415E+01,  2.371473588172224E-03,  2.371768974837115E-03,  5.877110672007225E+00,
2461121.500000000, A.D. 2026-Mar-22 00:00:00.0000,  1.104109346809797E-04,  2.371195898623407E-03,  1.291422355914128E+02,  2.227200251356887E+02,  1.124923790733563E+02,  2.461118924209228E+06,  6.125520350667973E+01,  1.577805879421536E+02,  1.577853718020229E+02,  2.371457733488318E-03,  2.371719568353229E-03,  5.877051734237449E+00,
2461122.500000000, A.D. 2026-Mar-23 00:00:00.0000,  1.105513822222788E-04,  2.371205710940992E-03,  1.291417699149120E+02,  2.227210864083788E+02,  1.028229004405705E+02,  2.461124643375874E+06,  6.125481037956788E+01,  2.287079172688865E+02,  2.286983997757823E+02,  2.371467879993021E-03,  2.371730049045050E-03,  5.877089452554757E+00,
2461123.500000000, A.D. 2026-Mar-24 00:00:00.0000,  1.336750903239827E-04,  2.371153682248266E-03,  1.291416752554367E+02,  2.227211965639099E+02,  1.002830796322173E+02,  2.461124601866733E+06,  6.125470155260354E+01,  2.925054820977498E+02,  2.924913297328027E+02,  2.371470688806793E-03,  2.371787695365321E-03,  5.877099893970485E+00,
2461124.500000000, A.D. 2026-Mar-25 00:00:00.0000,  1.419381817759908E-04,  2.371117895710134E-03,  1.291420100234513E+02,  2.227222186124784E+02,  1.076115233098959E+02,  2.461124721450334E+06,  6.125532895788440E+01,  3.464349869439847E+02,  3.464311713730253E+02,  2.371454495649411E-03,  2.371791095588688E-03,  5.877039698007582E+00,
2461125.500000000, A.D. 2026-Mar-26 00:00:00.0000,  1.424522725322976E-04,  2.371130375092106E-03,  1.291415144626199E+02,  2.227232269193668E+02,  1.150767864851357E+02,  2.461124843274220E+06,  6.125479813104320E+01,  4.022760506530805E+01,  4.023814884482952E+01,  2.371468196125882E-03,  2.371806017159659E-03,  5.877090627739027E+00,
2461126.500000000, A.D. 2026-Mar-27 00:00:00.0000,  1.205422195198549E-04,  2.371183490308606E-03,  1.291414684203751E+02,  2.227233331231881E+02,  1.188304607449395E+02,  2.461124904504463E+06,  6.125475332798982E+01,  9.773168554921864E+01,  9.774537281674120E+01,  2.371469352487878E-03,  2.371755214667150E-03,  5.877094926370410E+00,
2461127.500000000, A.D. 2026-Mar-28 00:00:00.0000,  1.101321286265546E-04,  2.371194960385321E-03,  1.291417787034457E+02,  2.227244088221602E+02,  1.108098709169742E+02,  2.461124773537050E+06,  6.125526548334184E+01,  1.670102118405173E+02,  1.670130481984064E+02,  2.371456133897292E-03,  2.371717307409262E-03,  5.877045787972313E+00,
2461128.500000000, A.D. 2026-Mar-29 00:00:00.0000,  1.132858379938702E-04,  2.371202003235558E-03,  1.291412687182356E+02,  2.227253571594514E+02,  1.010231126156058E+02,  2.461130490788873E+06,  6.125470277424692E+01,  2.380548193201678E+02,  2.380438045468643E+02,  2.371470657276245E-03,  2.371739311316933E-03,  5.877099776759564E+00,
2461129.500000000, A.D. 2026-Mar-30 00:00:00.0000,  1.376019370530802E-04,  2.371144483363911E-03,  1.291412770840096E+02,  2.227254882656949E+02,  1.010326686931029E+02,  2.461130490895221E+06,  6.125469715378829E+01,  2.993030133422856E+02,  2.992892617844738E+02,  2.371470802339978E-03,  2.371797121316045E-03,  5.877100316016105E+00,
2461130.500000000, A.D. 2026-Mar-31 00:00:00.0000,  1.441930855360301E-04,  2.371116466758466E-03,  1.291415407289490E+02,  2.227266118566735E+02,  1.085759063036738E+02,  2.461130613987405E+06,  6.125517711432419E+01,  3.530176813372726E+02,  3.530156723540024E+02,  2.371458414664496E-03,  2.371800362570526E-03,  5.877054266419155E+00,
2461131.500000000, A.D. 2026-Apr-01 00:00:00.0000,  1.420381560644402E-04,  2.371137330301371E-03,  1.291410250840976E+02,  2.227274821050874E+02,  1.168529501910099E+02,  2.461130749060915E+06,  6.125456667023516E+01,  4.599844823700818E+01,  4.601015761835323E+01,  2.371474170119649E-03,  2.371811009937927E-03,  5.877112835326469E+00,
2461132.500000000, A.D. 2026-Apr-02 00:00:00.0000,  1.173758617054275E-04,  2.371193391235290E-03,  1.291410918701145E+02,  2.227276523691962E+02,  1.191218716434509E+02,  2.461130786052492E+06,  6.125466063940224E+01,  1.049872729326157E+02,  1.050002651882056E+02,  2.371471744774844E-03,  2.371750098314397E-03,  5.877103819401930E+00,
2461133.500000000, A.D. 2026-Apr-03 00:00:00.0000,  1.078425962109795E-04,  2.371204984455097E-03,  1.291412964098330E+02,  2.227288292118376E+02,  1.102464391478974E+02,  2.461130641125816E+06,  6.125508744735389E+01,  1.751205881470157E+02,  1.751216391510806E+02,  2.371460728936917E-03,  2.371716473418738E-03,  5.877062869421327E+00,
2461134.500000000, A.D. 2026-Apr-04 00:00:00.0000,  1.141893312212734E-04,  2.371205072135717E-03,  1.291407720190821E+02,  2.227296073986531E+02,  9.947662441298186E+01,  2.461136342343520E+06,  6.125450083313777E+01,  2.471481673133214E+02,  2.471361098715227E+02,  2.371475869379250E-03,  2.371746666622782E-03,  5.877119152120253E+00,
2461135.500000000, A.D. 2026-Apr-05 00:00:00.0000,  1.389067125210593E-04,  2.371140543467718E-03,  1.291409034289512E+02,  2.227298152278360E+02,  1.015282838467970E+02,  2.461136375781080E+06,  6.125472992321254E+01,  3.063542664590480E+02,  3.063414456774379E+02,  2.371469956563226E-03,  2.371799369658735E-03,  5.877097171945535E+00,
2461136.500000000, A.D. 2026-Apr-06 00:00:00.0000,  1.446103119044924E-04,  2.371116362417250E-03,  1.291410483260253E+02,  2.227310484326609E+02,  1.088693641306194E+02,  2.461136495574204E+06,  6.125514281619485E+01,  2.711027513870260E-01,  2.711811737769041E-01,  2.371459299886276E-03,  2.371802237355302E-03,  5.877057557113750E+00,
2461137.500000000, A.D. 2026-Apr-07 00:00:00.0000,  1.404324954719579E-04,  2.371141147852195E-03,  1.291405097562399E+02,  2.227317350859471E+02,  1.173820372341647E+02,  2.461136634493898E+06,  6.125456629171676E+01,  5.301620092804733E+01,  5.302905696846999E+01,  2.371474179889224E-03,  2.371807211926254E-03,  5.877112871643686E+00,
2461138.500000000, A.D. 2026-Apr-08 00:00:00.0000,  1.163407262029138E-04,  2.371190285204227E-03,  1.291407032390562E+02,  2.227319675016747E+02,  1.176682133801612E+02,  2.461136639122462E+06,  6.125487611769423E+01,  1.139878230309902E+02,  1.140000025451566E+02,  2.371466183302157E-03,  2.371742081400087E-03,  5.877083145320565E+00,
2461139.500000000, A.D. 2026-Apr-09 00:00:00.0000,  1.093924983756155E-04,  2.371197965113463E-03,  1.291408017313434E+02,  2.227332484463132E+02,  1.094234136827766E+02,  2.461142381541203E+06,  6.125521701819923E+01,  1.834905682815857E+02,  1.834898051740822E+02,  2.371457384761574E-03,  2.371716804409685E-03,  5.877050437892372E+00,
2461140.500000000, A.D. 2026-Apr-10 00:00:00.0000,  1.179099244953638E-04,  2.371193386332355E-03,  1.291402600209393E+02,  2.227338595358987E+02,  9.957769513511968E+01,  2.461142220783323E+06,  6.125461175288093E+01,  2.545940856526470E+02,  2.545810601754388E+02,  2.371473006535499E-03,  2.371752626738642E-03,  5.877108509843235E+00,
2461141.500000000, A.D. 2026-Apr-11 00:00:00.0000,  1.396094781975811E-04,  2.371132624943025E-03,  1.291405012742173E+02,  2.227341249483946E+02,  1.032633989459559E+02,  2.461142280896941E+06,  6.125497218779176E+01,  3.121661796044562E+02,  3.121543204319620E+02,  2.371463703753271E-03,  2.371794782563517E-03,  5.877073927914520E+00,
2461142.500000000, A.D. 2026-Apr-12 00:00:00.0000,  1.433342465731503E-04,  2.371117097546124E-03,  1.291405557150952E+02,  2.227354302388832E+02,  1.100535348768155E+02,  2.461142391698654E+06,  6.125523159464272E+01,  6.634024023681929E+00,  6.635921880682739E+00,  2.371457008549724E-03,  2.371796919553325E-03,  5.877049039375193E+00,
2461143.500000000, A.D. 2026-Apr-13 00:00:00.0000,  1.363753227369318E-04,  2.371150026814957E-03,  1.291400241308620E+02,  2.227359812724324E+02,  1.183168938621479E+02,  2.461142526547194E+06,  6.125459506420979E+01,  5.962845744830431E+01,  5.964194143501980E+01,  2.371473437270328E-03,  2.371796847725698E-03,  5.877110111047702E+00,
2461144.500000000, A.D. 2026-Apr-14 00:00:00.0000,  1.133375144082394E-04,  2.371194891859321E-03,  1.291402992465806E+02,  2.227362925737618E+02,  1.162440949117407E+02,  2.461142492667884E+06,  6.125497358634627E+01,  1.229590757551512E+02,  1.229699722176518E+02,  2.371463667656923E-03,  2.371732443454524E-03,  5.877073793730995E+00,
2461145.500000000, A.D. 2026-Apr-15 00:00:00.0000,  1.086848474984902E-04,  2.371202333179287E-03,  1.291403052076450E+02,  2.227376077679812E+02,  1.076077616147757E+02,  2.461148228697466E+06,  6.125511278596406E+01,  1.928533289783733E+02,  1.928505587963544E+02,  2.371460074955882E-03,  2.371717816732478E-03,  5.877060438332751E+00,
2461146.500000000, A.D. 2026-Apr-16 00:00:00.0000,  1.220398170301596E-04,  2.371186966545340E-03,  1.291398060328513E+02,  2.227380997422963E+02,  9.845858550963075E+01,  2.461148079308312E+06,  6.125448100718297E+01,  2.632602889707878E+02,  2.632464011274896E+02,  2.371476381088979E-03,  2.371765795632618E-03,  5.877121054340249E+00,
2461147.500000000, A.D. 2026-Apr-17 00:00:00.0000,  1.424428283150615E-04,  2.371127591884392E-03,  1.291401074598556E+02,  2.227384894205342E+02,  1.039439860863080E+02,  2.461148168800920E+06,  6.125490684943168E+01,  3.190326619198810E+02,  3.190219588204766E+02,  2.371465390121812E-03,  2.371803188359232E-03,  5.877080196773495E+00,
2461148.500000000, A.D. 2026-Apr-18 00:00:00.0000,  1.455907557486894E-04,  2.371117748313407E-03,  1.291400453933773E+02,  2.227397942931101E+02,  1.111281297795818E+02,  2.461148286035096E+06,  6.125499901284555E+01,  1.310641995828251E+01,  1.311020378031882E+01,  2.371463011405467E-03,  2.371808274497527E-03,  5.877071354200916E+00,
2461149.500000000, A.D. 2026-Apr-19 00:00:00.0000,  1.346596541420827E-04,  2.371158604340102E-03,  1.291395836141585E+02,  2.227402159741994E+02,  1.196846995048862E+02,  2.461148425668147E+06,  6.125442034682248E+01,  6.580757493418683E+01,  6.582165153874308E+01,  2.371477946740216E-03,  2.371797289140329E-03,  5.877126874463594E+00,
2461150.500000000, A.D. 2026-Apr-20 00:00:00.0000,  1.118226970275446E-04,  2.371199166445973E-03,  1.291399125967838E+02,  2.227406861601170E+02,  1.159295139879719E+02,  2.461148364326306E+06,  6.125494714950640E+01,  1.308205792591384E+02,  1.308302754522561E+02,  2.371464349985493E-03,  2.371729533525013E-03,  5.877076330199738E+00,
2461151.500000000, A.D. 2026-Apr-21 00:00:00.0000,  1.072741207057136E-04,  2.371209835543822E-03,  1.291397766248238E+02,  2.227419892188088E+02,  1.067671899233835E+02,  2.461154091777870E+06,  6.125495170984789E+01,  2.012407717642121E+02,  2.012363188208654E+02,  2.371464232284125E-03,  2.371718629024429E-03,  5.877075892660008E+00,
2461152.500000000, A.D. 2026-Apr-22 00:00:00.0000,  1.241104604229303E-04,  2.371182464363200E-03,  1.291393523225568E+02,  2.227423303307268E+02,  9.834226359209467E+01,  2.461153954205345E+06,  6.125446518584327E+01,  2.709234293073807E+02,  2.709092091078929E+02,  2.371476789439420E-03,  2.371771114515640E-03,  5.877122572334543E+00,
2461153.500000000, A.D. 2026-Apr-23 00:00:00.0000,  1.418964308498158E-04,  2.371125301838589E-03,  1.291397153464104E+02,  2.227428847561399E+02,  1.046923260560224E+02,  2.461154057812077E+06,  6.125504580146052E+01,  3.258311956558999E+02,  3.258220620885331E+02,  2.371461803804445E-03,  2.371798305770301E-03,  5.877066865100873E+00,
2461154.500000000, A.D. 2026-Apr-24 00:00:00.0000,  1.448269061984105E-04,  2.371118863932109E-03,  1.291395077805470E+02,  2.227441794505603E+02,  1.115674828492676E+02,  2.461154170003334E+06,  6.125502597644180E+01,  2.021395437417310E+01,  2.021968969018091E+01,  2.371462315482427E-03,  2.371805767032745E-03,  5.877068767197211E+00,
2461155.500000000, A.D. 2026-Apr-25 00:00:00.0000,  1.314896694182963E-04,  2.371162340616782E-03,  1.291391184902229E+02,  2.227444460966543E+02,  1.193944731960497E+02,  2.461154297727332E+06,  6.125456686972657E+01,  7.364469150249690E+01,  7.365915005068007E+01,  2.371474164970768E-03,  2.371785989324754E-03,  5.877112816186123E+00,
2461156.500000000, A.D. 2026-Apr-26 00:00:00.0000,  1.126122924563966E-04,  2.371190565721900E-03,  1.291395071531731E+02,  2.227450614479835E+02,  1.141483213402093E+02,  2.461154212051955E+06,  6.125520786503064E+01,  1.401487330914619E+02,  1.401570013088669E+02,  2.371457621001064E-03,  2.371724676280229E-03,  5.877051316081105E+00,
2461157.500000000, A.D. 2026-Apr-27 00:00:00.0000,  1.094508501955756E-04,  2.371202474653127E-03,  1.291392488288267E+02,  2.227463479483810E+02,  1.057216858100599E+02,  2.461159951499584E+06,  6.125503691393500E+01,  2.098333025184828E+02,  2.098270638152209E+02,  2.371462033188866E-03,  2.371721591724605E-03,  5.877067717807595E+00,
2461158.500000000, A.D. 2026-Apr-28 00:00:00.0000,  1.281199669706561E-04,  2.371169074086911E-03,  1.291388951147835E+02,  2.227465661712915E+02,  9.930729126892203E+01,  2.461159846748242E+06,  6.125461560479998E+01,  2.775054541369581E+02,  2.774908981503310E+02,  2.371472907117443E-03,  2.371776740147975E-03,  5.877108140268698E+00,
2461159.500000000, A.D. 2026-Apr-29 00:00:00.0000,  1.420743132285816E-04,  2.371120907828022E-03,  1.291392958976670E+02,  2.227472491717190E+02,  1.062003083633986E+02,  2.461159959221205E+06,  6.125519972582189E+01,  3.318703133955076E+02,  3.318626364361692E+02,  2.371457831070722E-03,  2.371794754313422E-03,  5.877052096987015E+00,
2461160.500000000, A.D. 2026-Apr-30 00:00:00.0000,  1.439280788832217E-04,  2.371122514637006E-03,  1.291389941558110E+02,  2.227485036418655E+02,  1.130245465532219E+02,  2.461160070581767E+06,  6.125496710763422E+01,  2.630399973129349E+01,  2.631130949021523E+01,  2.371463834870900E-03,  2.371805155104795E-03,  5.877074415327425E+00,
2461161.500000000, A.D. 2026-May-01 00:00:00.0000,  1.269170974116548E-04,  2.371173362259324E-03,  1.291386919400427E+02,  2.227486958083146E+02,  1.199215714994264E+02,  2.461160183123052E+06,  6.125455997594681E+01,  8.066471797261369E+01,  8.067906935426308E+01,  2.371474342899511E-03,  2.371775323539698E-03,  5.877113477614782E+00,
2461162.500000000, A.D. 2026-May-02 00:00:00.0000,  1.102658274861363E-04,  2.371197512945379E-03,  1.291390810773915E+02,  2.227494483389594E+02,  1.130684992031277E+02,  2.461160071214057E+06,  6.125515428677696E+01,  1.487756576963973E+02,  1.487822070630585E+02,  2.371459003834786E-03,  2.371720494724193E-03,  5.877056456581524E+00,
2461163.500000000, A.D. 2026-May-03 00:00:00.0000,  1.091845179118967E-04,  2.371208908903841E-03,  1.291387392748818E+02,  2.227506511242668E+02,  1.035395507073282E+02,  2.461165792677352E+06,  6.125481206561722E+01,  2.195624796988355E+02,  2.195545116426040E+02,  2.371467836476310E-03,  2.371726764048780E-03,  5.877089290786848E+00,
2461164.500000000, A.D. 2026-May-04 00:00:00.0000,  1.319858661212222E-04,  2.371163226302605E-03,  1.291384978136322E+02,  2.227508289484706E+02,  9.895198192587421E+01,  2.461165717742999E+06,  6.125448695223924E+01,  2.854077773426962E+02,  2.853931958206897E+02,  2.371476227646497E-03,  2.371789228990390E-03,  5.877120483936070E+00,
2461165.500000000, A.D. 2026-May-05 00:00:00.0000,  1.442780150998629E-04,  2.371118996193821E-03,  1.291388651499701E+02,  2.227516700117429E+02,  1.066269769866297E+02,  2.461165842981702E+06,  6.125507129202263E+01,  3.389906314150757E+02,  3.389847029806590E+02,  2.371461145900837E-03,  2.371803295607854E-03,  5.877064419430093E+00,
2461166.500000000, A.D. 2026-May-06 00:00:00.0000,  1.455372171203916E-04,  2.371125317650233E-03,  1.291384715938009E+02,  2.227528060246880E+02,  1.142779898345704E+02,  2.461165967837750E+06,  6.125471061678818E+01,  3.259744463135825E+01,  3.260643064365851E+01,  2.371470454860717E-03,  2.371815592071202E-03,  5.877099024304821E+00,
2461167.500000000, A.D. 2026-May-07 00:00:00.0000,  1.247403219256073E-04,  2.371179752801249E-03,  1.291383002287231E+02,  2.227529614460662E+02,  1.203216237217554E+02,  2.461166066447950E+06,  6.125451237714553E+01,  8.781153181320661E+01,  8.782581566021115E+01,  2.371475571427467E-03,  2.371771390053685E-03,  5.877118044520070E+00,
2461168.500000000, A.D. 2026-May-08 00:00:00.0000,  1.097430577258482E-04,  2.371199116990060E-03,  1.291386456471001E+02,  2.227538924131063E+02,  1.127854655374006E+02,  2.461165943388852E+06,  6.125514016965916E+01,  1.566055742157539E+02,  1.566105668484649E+02,  2.371459368192398E-03,  2.371719619394737E-03,  5.877057811032729E+00,
2461169.500000000, A.D. 2026-May-09 00:00:00.0000,  1.096621018389409E-04,  2.371209731304662E-03,  1.291381988095922E+02,  2.227549617500255E+02,  1.026873125145370E+02,  2.461171655562957E+06,  6.125473631210283E+01,  2.279615594652370E+02,  2.279522273465074E+02,  2.371469791666463E-03,  2.371729852028265E-03,  5.877096558962258E+00,
2461170.500000000, A.D. 2026-May-10 00:00:00.0000,  1.335093628265566E-04,  2.371156075990109E-03,  1.291380920076012E+02,  2.227550886247986E+02,  9.990195386968760E+01,  2.461171610044244E+06,  6.125462402477444E+01,  2.920046571934106E+02,  2.919904717439713E+02,  2.371472689797885E-03,  2.371789303605660E-03,  5.877107332409680E+00,
2461171.500000000, A.D. 2026-May-11 00:00:00.0000,  1.427487380140837E-04,  2.371118193892812E-03,  1.291384226039017E+02,  2.227560982255794E+02,  1.073419636746074E+02,  2.461171731448450E+06,  6.125524291615703E+01,  3.458225689664854E+02,  3.458185618308092E+02,  2.371456716346325E-03,  2.371795238799838E-03,  5.877047953148257E+00,
2461172.500000000, A.D. 2026-May-12 00:00:00.0000,  1.433232702020906E-04,  2.371129062941550E-03,  1.291379344343213E+02,  2.227571098448423E+02,  1.149558954554860E+02,  2.461171855699221E+06,  6.125476893677718E+01,  3.946649536916239E+01,  3.947693611843931E+01,  2.371468949626593E-03,  2.371808836311636E-03,  5.877093428783748E+00,
2461173.500000000, A.D. 2026-May-13 00:00:00.0000,  1.215309821469212E-04,  2.371181487782668E-03,  1.291378823024451E+02,  2.227572200535857E+02,  1.190395782522543E+02,  2.461171922317005E+06,  6.125474006425142E+01,  9.664056177681104E+01,  9.665439452807006E+01,  2.371469694823812E-03,  2.371757901864955E-03,  5.877096198961716E+00,
2461174.500000000, A.D. 2026-May-14 00:00:00.0000,  1.107268627100353E-04,  2.371192550733788E-03,  1.291381947507150E+02,  2.227582881238076E+02,  1.111822904074272E+02,  2.461171794017025E+06,  6.125530420455078E+01,  1.657558102823982E+02,  1.657589318990237E+02,  2.371455134520891E-03,  2.371717718307994E-03,  5.877042072925577E+00,
2461175.500000000, A.D. 2026-May-15 00:00:00.0000,  1.131054164167311E-04,  2.371200902549227E-03,  1.291376821206427E+02,  2.227592467109530E+02,  1.015833815099536E+02,  2.461177514331801E+06,  6.125476200432335E+01,  2.366125849323321E+02,  2.366017638060522E+02,  2.371469128552531E-03,  2.371737354555836E-03,  5.877094093918629E+00,
2461176.500000000, A.D. 2026-May-16 00:00:00.0000,  1.369998238888108E-04,  2.371144765934598E-03,  1.291376812440548E+02,  2.227593633732384E+02,  1.012358565974906E+02,  2.461177508609565E+06,  6.125474153515373E+01,  2.982178817569405E+02,  2.982040473493481E+02,  2.371469656859945E-03,  2.371794547785292E-03,  5.877096057835754E+00,
2461177.500000000, A.D. 2026-May-17 00:00:00.0000,  1.434784900929532E-04,  2.371116678967275E-03,  1.291379614423013E+02,  2.227604802378105E+02,  1.086267112366121E+02,  2.461177629214357E+06,  6.125523455953200E+01,  3.520849442324295E+02,  3.520826797668578E+02,  2.371456932027202E-03,  2.371797185087130E-03,  5.877048754912979E+00,
2461178.500000000, A.D. 2026-May-18 00:00:00.0000,  1.416290858903322E-04,  2.371136948358148E-03,  1.291374448740365E+02,  2.227613720396890E+02,  1.167335909884995E+02,  2.461177761510229E+06,  6.125461906205957E+01,  4.523590959391899E+01,  4.524743417230186E+01,  2.371472817885560E-03,  2.371808687412971E-03,  5.877107808560024E+00,
2461179.500000000, A.D. 2026-May-19 00:00:00.0000,  1.175122447866906E-04,  2.371192176066901E-03,  1.291374945334418E+02,  2.227615258117078E+02,  1.190011469438736E+02,  2.461177798480003E+06,  6.125469519367986E+01,  1.042260887633991E+02,  1.042391412517858E+02,  2.371470852930276E-03,  2.371749529793650E-03,  5.877100504079302E+00,
2461180.500000000, A.D. 2026-May-20 00:00:00.0000,  1.082627969672511E-04,  2.371202953761406E-03,  1.291377209742750E+02,  2.227626850734962E+02,  1.101178250682986E+02,  2.461177653424947E+06,  6.125512752212015E+01,  1.743673178912810E+02,  1.743685353835734E+02,  2.371459694620841E-03,  2.371716435480275E-03,  5.877059024487355E+00,
2461181.500000000, A.D. 2026-May-21 00:00:00.0000,  1.144810533177890E-04,  2.371203738029375E-03,  1.291371978604562E+02,  2.227634966740520E+02,  9.963928865204061E+01,  2.461183359395147E+06,  6.125452572140028E+01,  2.461036321510369E+02,  2.460916388119126E+02,  2.371475227011280E-03,  2.371746715993185E-03,  5.877116764194096E+00,
2461182.500000000, A.D. 2026-May-22 00:00:00.0000,  1.394931764472414E-04,  2.371140185791896E-03,  1.291373084499086E+02,  2.227636905777365E+02,  1.015446897078451E+02,  2.461183390446118E+06,  6.125468989018888E+01,  3.054559992150107E+02,  3.054429773480186E+02,  2.371470989813118E-03,  2.371801793834340E-03,  5.877101012924415E+00,
2461183.500000000, A.D. 2026-May-23 00:00:00.0000,  1.452527224701002E-04,  2.371116247091487E-03,  1.291374737574425E+02,  2.227649066595888E+02,  1.090103355087373E+02,  2.461183512272812E+06,  6.125508825020520E+01,  3.592482278118670E+02,  3.592480093845641E+02,  2.371460708215587E-03,  2.371805169339688E-03,  5.877062792392501E+00,
2461184.500000000, A.D. 2026-May-24 00:00:00.0000,  1.409698375794088E-04,  2.371141599113088E-03,  1.291369456002579E+02,  2.227656212384263E+02,  1.177041735486048E+02,  2.461183654149259E+06,  6.125449942643629E+01,  5.181216373847219E+01,  5.182486193791681E+01,  2.371475905686336E-03,  2.371810212259584E-03,  5.877119287087518E+00,
2461185.500000000, A.D. 2026-May-25 00:00:00.0000,  1.163685322563377E-04,  2.371192300315825E-03,  1.291371203298481E+02,  2.227658567354893E+02,  1.182647160029031E+02,  2.461183663256041E+06,  6.125479547813696E+01,  1.125093755256134E+02,  1.125216938007522E+02,  2.371468264597068E-03,  2.371744228878312E-03,  5.877090882272084E+00,
2461186.500000000, A.D. 2026-May-26 00:00:00.0000,  1.087948671447108E-04,  2.371200580035134E-03,  1.291372251950911E+02,  2.227671189875799E+02,  1.096832208380732E+02,  2.461189400182804E+06,  6.125517060930350E+01,  1.823488075665141E+02,  1.823482967026517E+02,  2.371458582556562E-03,  2.371716585077991E-03,  5.877054890535605E+00,
2461187.500000000, A.D. 2026-May-27 00:00:00.0000,  1.169565032120116E-04,  2.371196311812140E-03,  1.291366860766555E+02,  2.227677464138275E+02,  9.961628286383495E+01,  2.461189235812791E+06,  6.125458600533199E+01,  2.536735061002347E+02,  2.536606448402480E+02,  2.371473671080169E-03,  2.371751030348198E-03,  5.877110980207479E+00,
2461188.500000000, A.D. 2026-May-28 00:00:00.0000,  1.392815141271529E-04,  2.371133838777484E-03,  1.291369177602334E+02,  2.227680067710908E+02,  1.030990354361179E+02,  2.461189292612239E+06,  6.125495528952125E+01,  3.114485727161932E+02,  3.114366081525266E+02,  2.371464139893587E-03,  2.371794441009690E-03,  5.877075549210049E+00,
2461189.500000000, A.D. 2026-May-29 00:00:00.0000,  1.434723744708337E-04,  2.371116879341479E-03,  1.291369778893501E+02,  2.227693138527153E+02,  1.097905281491216E+02,  2.461189401803775E+06,  6.125522735685795E+01,  6.015032064550076E+00,  6.016755185072457E+00,  2.371457117925144E-03,  2.371797356508808E-03,  5.877049445963658E+00,
2461190.500000000, A.D. 2026-May-30 00:00:00.0000,  1.369667100588013E-04,  2.371148042009826E-03,  1.291364433007777E+02,  2.227698692875274E+02,  1.181100454698419E+02,  2.461189537569375E+06,  6.125461763008809E+01,  5.895331994094391E+01,  5.896676797482104E+01,  2.371472854844748E-03,  2.371797667679670E-03,  5.877107945951312E+00,
2461191.500000000, A.D. 2026-May-31 00:00:00.0000,  1.143514167618718E-04,  2.371191665124160E-03,  1.291367188379232E+02,  2.227701738968147E+02,  1.164080934585940E+02,  2.461189509745171E+06,  6.125500545015161E+01,  1.219130703830174E+02,  1.219241926389579E+02,  2.371462845260313E-03,  2.371734025396466E-03,  5.877070736577805E+00,
2461192.500000000, A.D. 2026-Jun-01 00:00:00.0000,  1.096100740149723E-04,  2.371197818727654E-03,  1.291367308502512E+02,  2.227714920559647E+02,  1.080643452523590E+02,  2.461195250545360E+06,  6.125520269692972E+01,  1.915147864376341E+02,  1.915122794590197E+02,  2.371457754387635E-03,  2.371717690047617E-03,  5.877051811927874E+00,
2461193.500000000, A.D. 2026-Jun-02 00:00:00.0000,  1.215251920774034E-04,  2.371186040374553E-03,  1.291362172568588E+02,  2.227719891188352E+02,  9.903735943931223E+01,  2.461195103153160E+06,  6.125456418605747E+01,  2.617995518316496E+02,  2.617857687585093E+02,  2.371474234236375E-03,  2.371762428098197E-03,  5.877113073672668E+00,
2461194.500000000, A.D. 2026-Jun-03 00:00:00.0000,  1.416755333318836E-04,  2.371127305663350E-03,  1.291365196007960E+02,  2.227723501520591E+02,  1.042597896333005E+02,  2.461195188353168E+06,  6.125498845158364E+01,  3.178349346514183E+02,  3.178240352928507E+02,  2.371463283988886E-03,  2.371799262314422E-03,  5.877072367494550E+00,
2461195.500000000, A.D. 2026-Jun-04 00:00:00.0000,  1.449086819710586E-04,  2.371117831280156E-03,  1.291364782518069E+02,  2.227736686188473E+02,  1.111405063125112E+02,  2.461195300634718E+06,  6.125505847760104E+01,  1.221213200801427E+01,  1.221564518068249E+01,  2.371461476637080E-03,  2.371805121994005E-03,  5.877065648898860E+00,
2461196.500000000, A.D. 2026-Jun-05 00:00:00.0000,  1.343913732702470E-04,  2.371158447348364E-03,  1.291360032458437E+02,  2.227741075211890E+02,  1.196390094162012E+02,  2.461195439319722E+06,  6.125445108361004E+01,  6.497138818624292E+01,  6.498534317201673E+01,  2.371477153419690E-03,  2.371795859491017E-03,  5.877123925388107E+00,
2461197.500000000, A.D. 2026-Jun-06 00:00:00.0000,  1.115928530248258E-04,  2.371200411056849E-03,  1.291363283656483E+02,  2.227745551931587E+02,  1.161015250605150E+02,  2.461195381530805E+06,  6.125492004264836E+01,  1.297666611574023E+02,  1.297764895432476E+02,  2.371465049607582E-03,  2.371729688158317E-03,  5.877078930955296E+00,
2461198.500000000, A.D. 2026-Jun-07 00:00:00.0000,  1.073048129213561E-04,  2.371209764182156E-03,  1.291362144573192E+02,  2.227758570809226E+02,  1.067695507822244E+02,  2.461201106213590E+06,  6.125495165467579E+01,  2.003565125499233E+02,  2.003522357158793E+02,  2.371464233708104E-03,  2.371718703234052E-03,  5.877075897953468E+00,
2461199.500000000, A.D. 2026-Jun-08 00:00:00.0000,  1.239637724178017E-04,  2.371183928017212E-03,  1.291357829520095E+02,  2.227762234242612E+02,  9.817661220017511E+01,  2.461200965899501E+06,  6.125442194989965E+01,  2.702071733899403E+02,  2.701929682730450E+02,  2.371477905364567E-03,  2.371771882711921E-03,  5.877126720654488E+00,
2461200.500000000, A.D. 2026-Jun-09 00:00:00.0000,  1.424731702684173E-04,  2.371125420218160E-03,  1.291361331837078E+02,  2.227767565166862E+02,  1.046122666756519E+02,  2.461201070902985E+06,  6.125498821437123E+01,  3.250293444123612E+02,  3.250199855606148E+02,  2.371463290111277E-03,  2.371801160004394E-03,  5.877072390253749E+00,
2461201.500000000, A.D. 2026-Jun-10 00:00:00.0000,  1.457852455620572E-04,  2.371118567194068E-03,  1.291359455298922E+02,  2.227780479932723E+02,  1.116685054210516E+02,  2.461201186050029E+06,  6.125494940784947E+01,  1.923098955484211E+01,  1.923649300080850E+01,  2.371464291698175E-03,  2.371810016202281E-03,  5.877076113524112E+00,
2461202.500000000, A.D. 2026-Jun-11 00:00:00.0000,  1.322691583822040E-04,  2.371162583190405E-03,  1.291355548517375E+02,  2.227783386190737E+02,  1.198098688733408E+02,  2.461201318905283E+06,  6.125448583978851E+01,  7.234734963203556E+01,  7.236179358188845E+01,  2.371476256358957E-03,  2.371789929527509E-03,  5.877120590671224E+00,
2461203.500000000, A.D. 2026-Jun-12 00:00:00.0000,  1.121895013904538E-04,  2.371194107197084E-03,  1.291359318108850E+02,  2.227789502956160E+02,  1.148749274552476E+02,  2.461201238308665E+06,  6.125510948587628E+01,  1.385401503338386E+02,  1.385486613133545E+02,  2.371460160130017E-03,  2.371726213062949E-03,  5.877060754956384E+00,
2461204.500000000, A.D. 2026-Jun-13 00:00:00.0000,  1.085782894381087E-04,  2.371205638305546E-03,  1.291356801246933E+02,  2.227802284389453E+02,  1.060715657222438E+02,  2.461206971611971E+06,  6.125499450640869E+01,  2.086014223210906E+02,  2.085954668010759E+02,  2.371463127715419E-03,  2.371720617125293E-03,  5.877071786568125E+00,
2461205.500000000, A.D. 2026-Jun-14 00:00:00.0000,  1.270347779217906E-04,  2.371172195065922E-03,  1.291353249809072E+02,  2.227804554768404E+02,  9.920677706064475E+01,  2.461206859506979E+06,  6.125459439008185E+01,  2.767239514116719E+02,  2.767094941566473E+02,  2.371473454669583E-03,  2.371774714273245E-03,  5.877110175727326E+00,
2461206.500000000, A.D. 2026-Jun-15 00:00:00.0000,  1.415533973031306E-04,  2.371121771473071E-03,  1.291357224043281E+02,  2.227811306079640E+02,  1.060238966462702E+02,  2.461206970739823E+06,  6.125521412890714E+01,  3.311647313219565E+02,  3.311569069191252E+02,  2.371457459333000E-03,  2.371793147192928E-03,  5.877050715101675E+00,
2461207.500000000, A.D. 2026-Jun-16 00:00:00.0000,  1.438510873192314E-04,  2.371121721086610E-03,  1.291354240517487E+02,  2.227823906054985E+02,  1.127585556952476E+02,  2.461207080638194E+06,  6.125500493340685E+01,  2.568800947066237E+01,  2.569515600862277E+01,  2.371462858597357E-03,  2.371803996108103E-03,  5.877070786156538E+00,
2461208.500000000, A.D. 2026-Jun-17 00:00:00.0000,  1.274934609457087E-04,  2.371171239927845E-03,  1.291351129924929E+02,  2.227825808857191E+02,  1.197825593731093E+02,  2.461207195252632E+06,  6.125458925124664E+01,  7.992176412579936E+01,  7.993614876993881E+01,  2.371473587303032E-03,  2.371775934678218E-03,  5.877110668776109E+00,
2461209.500000000, A.D. 2026-Jun-18 00:00:00.0000,  1.109131276141296E-04,  2.371194908193857E-03,  1.291355090122210E+02,  2.227833197058964E+02,  1.131778391420935E+02,  2.461207087398756E+06,  6.125519573739832E+01,  1.477843614298172E+02,  1.477911362723383E+02,  2.371457934010324E-03,  2.371720959826790E-03,  5.877052479651259E+00,
2461210.500000000, A.D. 2026-Jun-19 00:00:00.0000,  1.095550553719617E-04,  2.371206605222862E-03,  1.291351747758988E+02,  2.227845371335317E+02,  1.039388602264875E+02,  2.461212813591765E+06,  6.125486728172918E+01,  2.182812435048356E+02,  2.182734668080898E+02,  2.371466411356871E-03,  2.371726217490880E-03,  5.877083993085055E+00,
2461211.500000000, A.D. 2026-Jun-20 00:00:00.0000,  1.316349207022469E-04,  2.371162719286312E-03,  1.291349141565497E+02,  2.227847130096985E+02,  9.927213704221285E+01,  2.461212737366226E+06,  6.125453884868732E+01,  2.842057024490219E+02,  2.841910788702541E+02,  2.371474888195167E-03,  2.371787057104023E-03,  5.877115504685817E+00,
2461212.500000000, A.D. 2026-Jun-21 00:00:00.0000,  1.439661980869880E-04,  2.371118786512715E-03,  1.291352929401660E+02,  2.227855262799378E+02,  1.068573324376028E+02,  2.461212861139216E+06,  6.125510807202102E+01,  3.378783783153577E+02,  3.378721648230764E+02,  2.371460196621138E-03,  2.371801606729560E-03,  5.877060890607328E+00,
2461213.500000000, A.D. 2026-Jun-22 00:00:00.0000,  1.450182643734062E-04,  2.371125506275904E-03,  1.291349156447726E+02,  2.227866870469857E+02,  1.143499963059156E+02,  2.461212983410465E+06,  6.125475099685946E+01,  3.164356337107820E+01,  3.165228300484321E+01,  2.371469412654141E-03,  2.371813319032378E-03,  5.877095150031011E+00,
2461214.500000000, A.D. 2026-Jun-23 00:00:00.0000,  1.244151224084217E-04,  2.371181473861042E-03,  1.291347237763558E+02,  2.227868501079610E+02,  1.206014629785513E+02,  2.461213085412160E+06,  6.125447557079357E+01,  8.664983631730558E+01,  8.666406900477647E+01,  2.371476521402741E-03,  2.371771568944441E-03,  5.877121575939992E+00,
2461215.500000000, A.D. 2026-Jun-24 00:00:00.0000,  1.090558207618057E-04,  2.371202171930202E-03,  1.291350749483901E+02,  2.227877512132804E+02,  1.128755249053624E+02,  2.461212959253869E+06,  6.125508494455103E+01,  1.556336200419360E+02,  1.556387752379570E+02,  2.371460793533445E-03,  2.371719415136688E-03,  5.877063109550449E+00,
2461216.500000000, A.D. 2026-Jun-25 00:00:00.0000,  1.091541400093321E-04,  2.371212696073086E-03,  1.291346508980058E+02,  2.227888371309516E+02,  1.024348193365452E+02,  2.461218665840616E+06,  6.125466810798650E+01,  2.273321518699325E+02,  2.273229555449183E+02,  2.371471552010902E-03,  2.371730407948718E-03,  5.877103102825604E+00,
2461217.500000000, A.D. 2026-Jun-26 00:00:00.0000,  1.335206758652194E-04,  2.371157781445613E-03,  1.291345243932187E+02,  2.227889817913896E+02,  9.960966066368198E+01,  2.461218619671423E+06,  6.125455689909181E+01,  2.914150231407497E+02,  2.914007782643474E+02,  2.371474422313277E-03,  2.371791063180942E-03,  5.877113772825895E+00,
2461218.500000000, A.D. 2026-Jun-27 00:00:00.0000,  1.435627776843031E-04,  2.371118177735244E-03,  1.291348534455032E+02,  2.227899682637384E+02,  1.072533751371191E+02,  2.461218744400272E+06,  6.125516873531589E+01,  3.450292201083043E+02,  3.450249696224883E+02,  2.371458630923463E-03,  2.371799084111681E-03,  5.877055070333133E+00,
2461219.500000000, A.D. 2026-Jun-28 00:00:00.0000,  1.440232040274813E-04,  2.371128146621963E-03,  1.291343763241035E+02,  2.227909923149486E+02,  1.149356977218679E+02,  2.461218869767589E+06,  6.125474012385516E+01,  3.860472256666781E+01,  3.861502148982931E+01,  2.371469693285444E-03,  2.371811239948925E-03,  5.877096193243027E+00,
2461220.500000000, A.D. 2026-Jun-29 00:00:00.0000,  1.220402064040717E-04,  2.371181705462584E-03,  1.291343158106858E+02,  2.227911103551411E+02,  1.194574544579558E+02,  2.461218943535730E+06,  6.125468483498949E+01,  9.534072829354275E+01,  9.535465216229770E+01,  2.371471120287585E-03,  2.371760535112586E-03,  5.877101497947193E+00,
2461221.500000000, A.D. 2026-Jun-30 00:00:00.0000,  1.106712060935938E-04,  2.371193261256273E-03,  1.291346282575766E+02,  2.227921710606817E+02,  1.116866147542786E+02,  2.461218816647834E+06,  6.125528178649961E+01,  1.643694930906702E+02,  1.643729095761687E+02,  2.371455713120241E-03,  2.371718164984210E-03,  5.877044223790387E+00,
2461222.500000000, A.D. 2026-Jul-01 00:00:00.0000,  1.123931223628171E-04,  2.371202700379993E-03,  1.291341202891945E+02,  2.227931332910217E+02,  1.018863831634206E+02,  2.461224533677228E+06,  6.125475779432627E+01,  2.354275939656331E+02,  2.354169898673152E+02,  2.371469237212150E-03,  2.371735774044308E-03,  5.877094497847235E+00,
2461223.500000000, A.D. 2026-Jul-02 00:00:00.0000,  1.358777929409844E-04,  2.371146595295668E-03,  1.291341113769063E+02,  2.227932470652327E+02,  1.012519677981314E+02,  2.461224523271212E+06,  6.125477375589473E+01,  2.973197533841735E+02,  2.973059186002235E+02,  2.371468825245671E-03,  2.371791055195674E-03,  5.877092966413187E+00,
2461224.500000000, A.D. 2026-Jul-03 00:00:00.0000,  1.426019994068890E-04,  2.371116986472600E-03,  1.291343989397353E+02,  2.227943588462203E+02,  1.085370573282679E+02,  2.461224642148867E+06,  6.125530318945521E+01,  3.512926280477994E+02,  3.512901537826844E+02,  2.371455160720023E-03,  2.371793334967445E-03,  5.877042170317298E+00,
2461225.500000000, A.D. 2026-Jul-04 00:00:00.0000,  1.412761970600047E-04,  2.371135224135598E-03,  1.291338724950227E+02,  2.227952661329758E+02,  1.162893447827402E+02,  2.461224768657312E+06,  6.125471830475195E+01,  4.479819036255701E+01,  4.480959879452576E+01,  2.371470256434867E-03,  2.371805288734138E-03,  5.877098286681244E+00,
2461226.500000000, A.D. 2026-Jul-05 00:00:00.0000,  1.178999554161526E-04,  2.371189463236153E-03,  1.291339149096687E+02,  2.227953969922347E+02,  1.187053168746777E+02,  2.461224808050148E+06,  6.125476468624032E+01,  1.036399900477874E+02,  1.036531188941787E+02,  2.371469059332519E-03,  2.371748655428886E-03,  5.877093836601855E+00,
2461227.500000000, A.D. 2026-Jul-06 00:00:00.0000,  1.091671364584525E-04,  2.371198854986783E-03,  1.291341625443986E+02,  2.227965549137500E+02,  1.102006655427472E+02,  2.461224669178445E+06,  6.125520324518004E+01,  1.734025496859753E+02,  1.734039867596725E+02,  2.371457740237518E-03,  2.371716625488252E-03,  5.877051759326700E+00,
2461228.500000000, A.D. 2026-Jul-07 00:00:00.0000,  1.148106174973408E-04,  2.371201695259032E-03,  1.291336380102285E+02,  2.227973885359962E+02,  9.997049566014196E+01,  2.461230379197749E+06,  6.125457459235653E+01,  2.448905412847504E+02,  2.448786289719536E+02,  2.371473965649406E-03,  2.371746236039781E-03,  5.877112075233015E+00,
2461229.500000000, A.D. 2026-Jul-08 00:00:00.0000,  1.393285058922579E-04,  2.371140234104458E-03,  1.291337333353208E+02,  2.227975672473995E+02,  1.016656450190822E+02,  2.461230406818075E+06,  6.125470315044669E+01,  3.044531280110155E+02,  3.044399614281365E+02,  2.371470647566551E-03,  2.371801061028643E-03,  5.877099740664971E+00,
2461230.500000000, A.D. 2026-Jul-09 00:00:00.0000,  1.450569100185680E-04,  2.371116230987883E-03,  1.291339186744017E+02,  2.227987666032010E+02,  1.091948568773526E+02,  2.461230529682233E+06,  6.125510686861094E+01,  3.581818116312721E+02,  3.581812841426282E+02,  2.371460227680742E-03,  2.371804224373601E-03,  5.877061006067322E+00,
2461231.500000000, A.D. 2026-Jul-10 00:00:00.0000,  1.410526814824881E-04,  2.371141439172361E-03,  1.291333916970339E+02,  2.227995117031747E+02,  1.177822492756029E+02,  2.461230669821207E+06,  6.125449801122428E+01,  5.085218518700441E+01,  5.086472165564357E+01,  2.371475942213081E-03,  2.371810445253802E-03,  5.877119422871339E+00,
2461232.500000000, A.D. 2026-Jul-11 00:00:00.0000,  1.160341373926033E-04,  2.371194345052136E-03,  1.291335483531120E+02,  2.227997361574708E+02,  1.185866216407132E+02,  2.461230682906884E+06,  6.125474697446315E+01,  1.113055790351496E+02,  1.113179661747599E+02,  2.371469516471833E-03,  2.371744687891530E-03,  5.877095535960381E+00,
2461233.500000000, A.D. 2026-Jul-12 00:00:00.0000,  1.079752835066310E-04,  2.371204287236090E-03,  1.291336692634719E+02,  2.228009849477334E+02,  1.098166318337256E+02,  2.461236416761704E+06,  6.125510227116328E+01,  1.813334635477535E+02,  1.813331756503862E+02,  2.371460346339312E-03,  2.371716405442533E-03,  5.877061447164952E+00,
2461234.500000000, A.D. 2026-Jul-13 00:00:00.0000,  1.163182030853246E-04,  2.371199798697164E-03,  1.291331402548207E+02,  2.228016342105863E+02,  9.932366232022298E+01,  2.461236245435774E+06,  6.125450954664956E+01,  2.530841877321065E+02,  2.530714358926676E+02,  2.371475644482791E-03,  2.371751490268417E-03,  5.877118316094507E+00,
2461235.500000000, A.D. 2026-Jul-14 00:00:00.0000,  1.394458429264406E-04,  2.371135765349116E-03,  1.291333576116458E+02,  2.228019012316678E+02,  1.026573905500650E+02,  2.461236299801888E+06,  6.125486553312241E+01,  3.110082429034733E+02,  3.109961832892980E+02,  2.371466456488112E-03,  2.371797147627109E-03,  5.877084160854730E+00,
2461236.500000000, A.D. 2026-Jul-15 00:00:00.0000,  1.441619593961549E-04,  2.371116571114278E-03,  1.291334192296069E+02,  2.228031939796195E+02,  1.095986163695729E+02,  2.461236413069341E+06,  6.125517593081658E+01,  5.324952786591134E+00,  5.326486163724647E+00,  2.371458445210367E-03,  2.371800319306455E-03,  5.877054379969371E+00,
2461237.500000000, A.D. 2026-Jul-16 00:00:00.0000,  1.380688984480193E-04,  2.371145935747382E-03,  1.291328872072957E+02,  2.228037577008610E+02,  1.180368447224881E+02,  2.461236550773287E+06,  6.125459796262276E+01,  5.814450069037540E+01,  5.815794043530836E+01,  2.371473362462235E-03,  2.371800789177089E-03,  5.877109832957685E+00,
2461238.500000000, A.D. 2026-Jul-17 00:00:00.0000,  1.150813441648663E-04,  2.371190037607090E-03,  1.291331572802112E+02,  2.228040591578074E+02,  1.167452424130623E+02,  2.461236529647886E+06,  6.125500144040234E+01,  1.206939215712552E+02,  1.207052606261657E+02,  2.371462948750869E-03,  2.371735859894649E-03,  5.877071121290555E+00,
2461239.500000000, A.D. 2026-Jul-18 00:00:00.0000,  1.096556961438959E-04,  2.371197270158627E-03,  1.291331732360789E+02,  2.228053776654200E+02,  1.085866286014167E+02,  2.461242273469645E+06,  6.125521976137842E+01,  1.901105074194339E+02,  1.901083018572624E+02,  2.371457313961266E-03,  2.371717357763904E-03,  5.877050174701698E+00,
2461240.500000000, A.D. 2026-Jul-19 00:00:00.0000,  1.207251936944539E-04,  2.371187364519463E-03,  1.291326555101283E+02,  2.228058785723412E+02,  9.931707573668022E+01,  2.461242122117758E+06,  6.125458639059405E+01,  2.606378476747637E+02,  2.606241981941600E+02,  2.371473661136545E-03,  2.371759957753628E-03,  5.877110943243260E+00,
2461241.500000000, A.D. 2026-Jul-20 00:00:00.0000,  1.409206798472330E-04,  2.371128279114337E-03,  1.291329573566932E+02,  2.228062284462518E+02,  1.042492916717453E+02,  2.461242202579965E+06,  6.125502009745400E+01,  3.169634501316174E+02,  3.169524280529199E+02,  2.371462467217450E-03,  2.371796655320562E-03,  5.877069331252460E+00,
2461242.500000000, A.D. 2026-Jul-21 00:00:00.0000,  1.442725814545087E-04,  2.371117759475506E-03,  1.291329252154035E+02,  2.228075525417178E+02,  1.109936010081523E+02,  2.461242312634702E+06,  6.125511971512909E+01,  1.147708373615983E+01,  1.148037387217300E+01,  2.371459896116535E-03,  2.371802032757563E-03,  5.877059773521027E+00,
2461243.500000000, A.D. 2026-Jul-22 00:00:00.0000,  1.343743419233903E-04,  2.371156679141707E-03,  1.291324359820865E+02,  2.228079987984880E+02,  1.193297757754106E+02,  2.461242448670477E+06,  6.125452116623079E+01,  6.439868653637073E+01,  6.441257395800015E+01,  2.371475344580522E-03,  2.371794010019338E-03,  5.877117201243679E+00,
2461244.500000000, A.D. 2026-Jul-23 00:00:00.0000,  1.118819869271019E-04,  2.371198662255014E-03,  1.291327616003102E+02,  2.228084192939193E+02,  1.159736043310974E+02,  2.461242393841332E+06,  6.125496123827195E+01,  1.290126675840528E+02,  1.290226285025564E+02,  2.371463986357733E-03,  2.371729310460452E-03,  5.877074978460240E+00,
2461245.500000000, A.D. 2026-Jul-24 00:00:00.0000,  1.079038305434954E-04,  2.371207089927324E-03,  1.291326705046226E+02,  2.228097283730333E+02,  1.068339652546386E+02,  2.461248121660122E+06,  6.125500023481174E+01,  1.994102086424547E+02,  1.994060999585842E+02,  2.371462979866843E-03,  2.371718869806363E-03,  5.877071236960161E+00,
2461246.500000000, A.D. 2026-Jul-25 00:00:00.0000,  1.241826909743616E-04,  2.371183947836411E-03,  1.291322285357287E+02,  2.228101175426143E+02,  9.815042779051066E+01,  2.461247979869332E+06,  6.125440106483339E+01,  2.693514904170855E+02,  2.693372610655898E+02,  2.371478444411226E-03,  2.371772940986040E-03,  5.877128724497131E+00,
2461247.500000000, A.D. 2026-Jul-26 00:00:00.0000,  1.430671813758424E-04,  2.371125283963694E-03,  1.291325682499649E+02,  2.228106241075598E+02,  1.046382186436814E+02,  2.461248085724186E+06,  6.125493890732218E+01,  3.241215007627217E+02,  3.241118911952045E+02,  2.371464562714414E-03,  2.371803841465135E-03,  5.877077120992230E+00,
2461248.500000000, A.D. 2026-Jul-27 00:00:00.0000,  1.464596451037903E-04,  2.371118601636240E-03,  1.291324060022931E+02,  2.228119141225352E+02,  1.118795347472478E+02,  2.461248203892133E+06,  6.125488609870451E+01,  1.813805366384492E+01,  1.814327926154058E+01,  2.371465925694092E-03,  2.371813249751945E-03,  5.877082187695288E+00,
2461249.500000000, A.D. 2026-Jul-28 00:00:00.0000,  1.326390396564100E-04,  2.371163023606983E-03,  1.291320054831960E+02,  2.228122335303916E+02,  1.201240386044821E+02,  2.461248338430754E+06,  6.125443478398855E+01,  7.115126761010494E+01,  7.116565262882087E+01,  2.371477574114980E-03,  2.371792124622977E-03,  5.877125489273167E+00,
2461250.500000000, A.D. 2026-Jul-29 00:00:00.0000,  1.114724778482046E-04,  2.371198157200310E-03,  1.291323712247908E+02,  2.228128278597335E+02,  1.153731999901378E+02,  2.461248260837283E+06,  6.125501843974627E+01,  1.371599535359876E+02,  1.371686382480966E+02,  2.371462510002425E-03,  2.371726862804539E-03,  5.877069490300054E+00,
2461251.500000000, A.D. 2026-Jul-30 00:00:00.0000,  1.079312216361784E-04,  2.371208261631710E-03,  1.291321359690317E+02,  2.228141027557222E+02,  1.061849737003927E+02,  2.461253987863114E+06,  6.125495231513979E+01,  2.076060636053460E+02,  2.076003330819613E+02,  2.371464216661681E-03,  2.371720171691652E-03,  5.877075834585578E+00,
2461252.500000000, A.D. 2026-Jul-31 00:00:00.0000,  1.265715743593831E-04,  2.371175441936517E-03,  1.291317805523952E+02,  2.228143495712741E+02,  9.881524429055790E+01,  2.461253867515121E+06,  6.125451114081763E+01,  2.762335297882481E+02,  2.762191112604363E+02,  2.371475603337187E-03,  2.371775764737856E-03,  5.877118163140640E+00,
2461253.500000000, A.D. 2026-Aug-01 00:00:00.0000,  1.416971873129643E-04,  2.371122635011238E-03,  1.291321668483193E+02,  2.228150159160774E+02,  1.057458099707084E+02,  2.461253980598883E+06,  6.125516745244921E+01,  3.305608349711836E+02,  3.305528531198320E+02,  2.371458664033761E-03,  2.371794693056283E-03,  5.877055193416271E+00,
2461254.500000000, A.D. 2026-Aug-02 00:00:00.0000,  1.445748550416354E-04,  2.371120930057123E-03,  1.291318764287479E+02,  2.228162729720413E+02,  1.126079038663521E+02,  2.461254092577303E+06,  6.125496907514418E+01,  2.495666469466364E+01,  2.496365602300506E+01,  2.371463784089945E-03,  2.371806638122767E-03,  5.877074226555759E+00,
2461255.500000000, A.D. 2026-Aug-03 00:00:00.0000,  1.285098144931381E-04,  2.371168168838730E-03,  1.291315558894048E+02,  2.228164686884647E+02,  1.196438054170581E+02,  2.461254207387161E+06,  6.125461485830141E+01,  7.917850165105783E+01,  7.919296635032781E+01,  2.371472926384575E-03,  2.371777683930420E-03,  5.877108211891919E+00,
2461256.500000000, A.D. 2026-Aug-04 00:00:00.0000,  1.116203372280749E-04,  2.371192305782050E-03,  1.291319556835066E+02,  2.228171981685884E+02,  1.134190627279658E+02,  2.461254105736653E+06,  6.125523159218825E+01,  1.466611557891634E+02,  1.466681846287736E+02,  2.371457008613073E-03,  2.371721711444096E-03,  5.877049039610684E+00,
2461257.500000000, A.D. 2026-Aug-05 00:00:00.0000,  1.100758174908558E-04,  2.371202876318155E-03,  1.291316216302797E+02,  2.228184303241938E+02,  1.046286956850527E+02,  2.461259839248080E+06,  6.125496391982515E+01,  2.167094432323086E+02,  2.167019040973093E+02,  2.371463917147485E-03,  2.371724957976815E-03,  5.877074721180042E+00,
2461258.500000000, A.D. 2026-Aug-06 00:00:00.0000,  1.311426522758602E-04,  2.371162540840232E-03,  1.291313500820432E+02,  2.228185970823057E+02,  9.959117269965161E+01,  2.461259756971417E+06,  6.125459099989590E+01,  2.830047299590126E+02,  2.829900870197444E+02,  2.371473542170354E-03,  2.371784543500476E-03,  5.877110501000844E+00,
2461259.500000000, A.D. 2026-Aug-07 00:00:00.0000,  1.430263320378715E-04,  2.371118993667350E-03,  1.291317413174762E+02,  2.228193931148936E+02,  1.070078183396453E+02,  2.461259877993274E+06,  6.125518641445969E+01,  3.368459515462301E+02,  3.368395060160209E+02,  2.371458174631649E-03,  2.371797355595947E-03,  5.877053374128980E+00,
2461260.500000000, A.D. 2026-Aug-08 00:00:00.0000,  1.444347560478379E-04,  2.371125479093115E-03,  1.291313740426390E+02,  2.228205734124699E+02,  1.142993707010200E+02,  2.461259996981680E+06,  6.125480567197479E+01,  3.081228940907840E+01,  3.082076859640286E+01,  2.371468001495386E-03,  2.371810523897657E-03,  5.877089904224554E+00,
2461261.500000000, A.D. 2026-Aug-09 00:00:00.0000,  1.245217802482552E-04,  2.371179867968411E-03,  1.291311590565784E+02,  2.228207343391171E+02,  1.203884029878116E+02,  2.461260096332678E+06,  6.125452799698910E+01,  8.598097927497882E+01,  8.599521348490897E+01,  2.371475168278180E-03,  2.371770468587948E-03,  5.877116545860829E+00,
2461262.500000000, A.D. 2026-Aug-10 00:00:00.0000,  1.091864271220566E-04,  2.371201239176336E-03,  1.291315237699938E+02,  2.228216080637242E+02,  1.127502358845127E+02,  2.461259971606574E+06,  6.125510908643696E+01,  1.548770151523910E+02,  1.548823265574451E+02,  2.371460170439409E-03,  2.371719101702482E-03,  5.877060793280194E+00,
2461263.500000000, A.D. 2026-Aug-11 00:00:00.0000,  1.095055219435931E-04,  2.371210876288132E-03,  1.291311125302967E+02,  2.228227220828274E+02,  1.026332865355709E+02,  2.461265683476429E+06,  6.125470633357581E+01,  2.262517925240278E+02,  2.262427285924532E+02,  2.371470565410171E-03,  2.371730254532210E-03,  5.877099435258766E+00,
2461264.500000000, A.D. 2026-Aug-12 00:00:00.0000,  1.339078270451870E-04,  2.371157889389332E-03,  1.291309679471624E+02,  2.228228711904920E+02,  9.953788632542216E+01,  2.461265632897240E+06,  6.125451713939167E+01,  2.906049266308854E+02,  2.905905626901941E+02,  2.371475448513533E-03,  2.371793007637734E-03,  5.877117587602212E+00,
2461265.500000000, A.D. 2026-Aug-13 00:00:00.0000,  1.441905057941403E-04,  2.371118086249304E-03,  1.291313035320818E+02,  2.228238339880471E+02,  1.072743908960044E+02,  2.461265759141033E+06,  6.125511459480774E+01,  3.441262863111093E+02,  3.441217661861773E+02,  2.371460028270251E-03,  2.371801970291197E-03,  5.877060264785061E+00,
2461266.500000000, A.D. 2026-Aug-14 00:00:00.0000,  1.448105305982018E-04,  2.371128117729219E-03,  1.291308457147801E+02,  2.228248718770708E+02,  1.151570760827763E+02,  2.461265887778642E+06,  6.125466889182579E+01,  3.750141658525525E+01,  3.751152018800403E+01,  2.371471531780035E-03,  2.371814945830851E-03,  5.877103027619836E+00,
2461267.500000000, A.D. 2026-Aug-15 00:00:00.0000,  1.226118008606896E-04,  2.371182130527606E-03,  1.291307704008085E+02,  2.228250057615186E+02,  1.199486146177587E+02,  2.461265965950650E+06,  6.125461583830410E+01,  9.396760362698225E+01,  9.398162008177700E+01,  2.371472901090701E-03,  2.371763671653795E-03,  5.877108117865015E+00,
2461268.500000000, A.D. 2026-Aug-16 00:00:00.0000,  1.101489431780161E-04,  2.371196030298585E-03,  1.291310796610680E+02,  2.228260515419721E+02,  1.121536340880651E+02,  2.461265838667739E+06,  6.125522247949644E+01,  1.630204997497260E+02,  1.630241853017665E+02,  2.371457243807782E-03,  2.371718457316979E-03,  5.877049913915510E+00,
2461269.500000000, A.D. 2026-Aug-17 00:00:00.0000,  1.114780183914880E-04,  2.371205230009703E-03,  1.291305770460316E+02,  2.228270201749767E+02,  1.021660490519698E+02,  2.461271552642307E+06,  6.125474386444930E+01,  2.342659212526949E+02,  2.342555526199667E+02,  2.371469596741023E-03,  2.371733963472343E-03,  5.877095834351123E+00,
2461270.500000000, A.D. 2026-Aug-18 00:00:00.0000,  1.351852116136263E-04,  2.371148747051459E-03,  1.291305637091952E+02,  2.228271364357511E+02,  1.010655233895425E+02,  2.461271534626608E+06,  6.125475401968470E+01,  2.966242016436733E+02,  2.966103521076048E+02,  2.371469334635297E-03,  2.371789922219135E-03,  5.877094860005660E+00,
2461271.500000000, A.D. 2026-Aug-19 00:00:00.0000,  1.424432970433051E-04,  2.371117309256940E-03,  1.291308527766599E+02,  2.228282453891850E+02,  1.082710971162518E+02,  2.461271652205826E+06,  6.125530526538797E+01,  3.506765856774981E+02,  3.506739408034974E+02,  2.371455107141191E-03,  2.371792905025443E-03,  5.877041971145253E+00,
2461272.500000000, A.D. 2026-Aug-20 00:00:00.0000,  1.417818176974600E-04,  2.371133605294802E-03,  1.291303264827212E+02,  2.228291565294418E+02,  1.160320576486692E+02,  2.461271778856119E+06,  6.125473457120689E+01,  4.417347700957722E+01,  4.418479989681889E+01,  2.371469836598849E-03,  2.371806067902897E-03,  5.877096725992833E+00,
2461273.500000000, A.D. 2026-Aug-21 00:00:00.0000,  1.189134629450206E-04,  2.371186237336884E-03,  1.291303644455022E+02,  2.228292808830945E+02,  1.186997808689927E+02,  2.461271822359630E+06,  6.125479655368937E+01,  1.027635195710616E+02,  1.027768089063036E+02,  2.371468236837191E-03,  2.371750236337498E-03,  5.877090779078219E+00,
2461274.500000000, A.D. 2026-Aug-22 00:00:00.0000,  1.100444315084269E-04,  2.371195022231692E-03,  1.291306202428989E+02,  2.228304378436162E+02,  1.105258646663760E+02,  2.461271688888825E+06,  6.125527114557146E+01,  1.721953772581533E+02,  1.721970894282959E+02,  2.371455987757712E-03,  2.371716953283732E-03,  5.877045244718123E+00,
2461275.500000000, A.D. 2026-Aug-23 00:00:00.0000,  1.148061021137046E-04,  2.371199433133451E-03,  1.291300873211110E+02,  2.228312835488737E+02,  1.006250570098893E+02,  2.461277404279032E+06,  6.125466266265493E+01,  2.433540302992130E+02,  2.433422724625501E+02,  2.371471692554747E-03,  2.371743951976042E-03,  5.877103625280117E+00,
2461276.500000000, A.D. 2026-Aug-24 00:00:00.0000,  1.388051621300132E-04,  2.371140083929536E-03,  1.291301753496618E+02,  2.228314410118674E+02,  1.019250433368636E+02,  2.461277425449761E+06,  6.125475706236058E+01,  3.033117997379469E+02,  3.032985060018077E+02,  2.371469256104116E-03,  2.371798428278696E-03,  5.877094568075765E+00,
2461277.500000000, A.D. 2026-Aug-25 00:00:00.0000,  1.444179864717891E-04,  2.371116321634013E-03,  1.291303817856479E+02,  2.228326324321990E+02,  1.093316549644144E+02,  2.461277546312733E+06,  6.125516207051884E+01,  3.571631060435166E+02,  3.571622868335449E+02,  2.371458802939335E-03,  2.371801284244657E-03,  5.877055709779313E+00,
2461278.500000000, A.D. 2026-Aug-26 00:00:00.0000,  1.409446531281488E-04,  2.371141576081978E-03,  1.291298561388824E+02,  2.228334038832597E+02,  1.178566335481450E+02,  2.461277685432706E+06,  6.125450263320962E+01,  4.989591444897557E+01,  4.990826940641672E+01,  2.371475822919242E-03,  2.371810069756506E-03,  5.877118979410717E+00,
2461279.500000000, A.D. 2026-Aug-27 00:00:00.0000,  1.158143903323352E-04,  2.371195605910670E-03,  1.291299940361451E+02,  2.228336153692179E+02,  1.187930152929692E+02,  2.461277700672642E+06,  6.125471831026432E+01,  1.102172904665571E+02,  1.102297435307943E+02,  2.371470256292594E-03,  2.371744906674517E-03,  5.877098286152360E+00,
2461280.500000000, A.D. 2026-Aug-28 00:00:00.0000,  1.074305949968289E-04,  2.371206785311727E-03,  1.291301339899150E+02,  2.228348484760891E+02,  1.098334108028609E+02,  2.461283431435204E+06,  6.125505552521128E+01,  1.804347738115937E+02,  1.804346804090142E+02,  2.371461552837360E-03,  2.371716320362993E-03,  5.877065932163454E+00,
2461281.500000000, A.D. 2026-Aug-29 00:00:00.0000,  1.161355065068981E-04,  2.371201018146728E-03,  1.291296094753013E+02,  2.228355258152812E+02,  9.922487894051400E+01,  2.461283258221337E+06,  6.125447908257962E+01,  2.523010678780320E+02,  2.522883902015402E+02,  2.371476430763184E-03,  2.371751843379640E-03,  5.877121238998205E+00,
2461282.500000000, A.D. 2026-Aug-30 00:00:00.0000,  1.400391262314116E-04,  2.371136625421197E-03,  1.291298099971112E+02,  2.228357886703587E+02,  1.023830408873182E+02,  2.461283309721679E+06,  6.125477768526033E+01,  3.104006785586491E+02,  3.103884566602443E+02,  2.371468723829167E-03,  2.371800822237137E-03,  5.877092589409991E+00,
2461283.500000000, A.D. 2026-Aug-31 00:00:00.0000,  1.449284254627047E-04,  2.371116347482727E-03,  1.291298840000116E+02,  2.228370614010491E+02,  1.096450726974001E+02,  2.461283428225392E+06,  6.125511416155741E+01,  4.396561845363950E+00,  4.397835198680697E+00,  2.371460039452292E-03,  2.371803731421858E-03,  5.877060306352828E+00,
2461284.500000000, A.D. 2026-Sep-01 00:00:00.0000,  1.391625722818154E-04,  2.371145808279101E-03,  1.291293624275056E+02,  2.228376473015608E+02,  1.183780944192259E+02,  2.461283570741093E+06,  6.125450239933516E+01,  5.692129196423544E+01,  5.693465544803164E+01,  2.371475828955562E-03,  2.371805849632023E-03,  5.877119001850015E+00,
2461285.500000000, A.D. 2026-Sep-02 00:00:00.0000,  1.152384631912441E-04,  2.371191457706490E-03,  1.291296151114844E+02,  2.228379506053679E+02,  1.173425706687223E+02,  2.461283553795539E+06,  6.125493197412036E+01,  1.192146218742894E+02,  1.192261466655219E+02,  2.371464741658830E-03,  2.371738025611172E-03,  5.877077786195185E+00,
2461286.500000000, A.D. 2026-Sep-03 00:00:00.0000,  1.088169491961347E-04,  2.371200848476578E-03,  1.291296348749922E+02,  2.228392603359131E+02,  1.090381431407245E+02,  2.461289295242274E+06,  6.125515817816226E+01,  1.887769923743553E+02,  1.887750899210747E+02,  2.371458903399589E-03,  2.371716958322601E-03,  5.877056083226988E+00,
2461287.500000000, A.D. 2026-Sep-04 00:00:00.0000,  1.197237834342861E-04,  2.371189394598311E-03,  1.291291146196127E+02,  2.228397691959119E+02,  9.954491348380981E+01,  2.461289140235995E+06,  6.125459974899032E+01,  2.595280006348160E+02,  2.595145101782039E+02,  2.371473316356059E-03,  2.371757238113806E-03,  5.877109661563563E+00,
2461288.500000000, A.D. 2026-Sep-05 00:00:00.0000,  1.403123969943819E-04,  2.371129581329956E-03,  1.291294151034925E+02,  2.228401129073444E+02,  1.041050921011600E+02,  2.461289214624537E+06,  6.125502553432162E+01,  3.162256557411426E+02,  3.162145308253077E+02,  2.371462326893424E-03,  2.371795072456891E-03,  5.877068809616110E+00,
2461289.500000000, A.D. 2026-Sep-06 00:00:00.0000,  1.435501557177754E-04,  2.371117575310124E-03,  1.291293889400561E+02,  2.228414394479514E+02,  1.107792448506487E+02,  2.461289323533801E+06,  6.125519323969345E+01,  1.080947111772445E+01,  1.081255668696212E+01,  2.371457998475083E-03,  2.371798421640043E-03,  5.877052719290410E+00,
2461290.500000000, A.D. 2026-Sep-07 00:00:00.0000,  1.346750222709024E-04,  2.371155075237128E-03,  1.291288921521724E+02,  2.228418903878990E+02,  1.191346311481846E+02,  2.461289459883446E+06,  6.125455568643593E+01,  6.371187739744906E+01,  6.372571498126631E+01,  2.371474453611982E-03,  2.371793831986837E-03,  5.877113889175064E+00,
2461291.500000000, A.D. 2026-Sep-08 00:00:00.0000,  1.126457747912405E-04,  2.371195131680940E-03,  1.291292161543611E+02,  2.228422890415528E+02,  1.158358443086370E+02,  2.461289405992685E+06,  6.125502785933913E+01,  1.282684763909026E+02,  1.282786100007186E+02,  2.371462266885381E-03,  2.371729402089823E-03,  5.877068586544007E+00,
2461292.500000000, A.D. 2026-Sep-09 00:00:00.0000,  1.084716867353713E-04,  2.371204410377281E-03,  1.291291414450569E+02,  2.228436085430496E+02,  1.070796753480735E+02,  2.461295140066714E+06,  6.125505188375905E+01,  1.982825764435300E+02,  1.982786776271352E+02,  2.371461646822140E-03,  2.371718883266998E-03,  5.877066281539615E+00,
2461293.500000000, A.D. 2026-Sep-10 00:00:00.0000,  1.240498004535712E-04,  2.371182164306435E-03,  1.291286786205939E+02,  2.228440101506801E+02,  9.867290613961850E+01,  2.461295002794497E+06,  6.125448238707337E+01,  2.679471009556615E+02,  2.679328950981994E+02,  2.371476345473871E-03,  2.371770526641307E-03,  5.877120921945319E+00,
2461294.500000000, A.D. 2026-Sep-11 00:00:00.0000,  1.429555871197169E-04,  2.371124922856393E-03,  1.291290212030794E+02,  2.228444868137510E+02,  1.048588509061906E+02,  2.461295103722966E+06,  6.125496315545006E+01,  3.230189719433520E+02,  3.230091162341356E+02,  2.371463936875823E-03,  2.371802950895252E-03,  5.877074794517602E+00,
2461295.500000000, A.D. 2026-Sep-12 00:00:00.0000,  1.457113908108832E-04,  2.371118748192703E-03,  1.291288821835756E+02,  2.228457885635562E+02,  1.119781246610882E+02,  2.461295219898858E+06,  6.125494918097478E+01,  1.715758125098722E+01,  1.716250782273715E+01,  2.371464297553758E-03,  2.371809846914813E-03,  5.877076135291492E+00,
2461296.500000000, A.D. 2026-Sep-13 00:00:00.0000,  1.324930243323426E-04,  2.371164150834620E-03,  1.291284706831148E+02,  2.228461294058604E+02,  1.203841579112266E+02,  2.461295357073407E+06,  6.125440452227839E+01,  7.000928785784387E+01,  7.002355646761862E+01,  2.371478355174036E-03,  2.371792559513452E-03,  5.877128392768343E+00,
2461297.500000000, A.D. 2026-Sep-14 00:00:00.0000,  1.110068630358111E-04,  2.371200330044614E-03,  1.291288272343510E+02,  2.228466966175367E+02,  1.155641665953651E+02,  2.461295278350521E+06,  6.125497702999128E+01,  1.360870877988266E+02,  1.360959093652840E+02,  2.371463578777298E-03,  2.371726827509982E-03,  5.877073463332441E+00,
2461298.500000000, A.D. 2026-Sep-15 00:00:00.0000,  1.071981754783160E-04,  2.371211799713442E-03,  1.291286162182813E+02,  2.228479727010398E+02,  1.060712706556955E+02,  2.461301000407210E+06,  6.125488257874412E+01,  2.068378499695967E+02,  2.068323048081427E+02,  2.371466016543624E-03,  2.371720233373806E-03,  5.877082525416881E+00,
2461299.500000000, A.D. 2026-Sep-16 00:00:00.0000,  1.261828560664590E-04,  2.371177569029817E-03,  1.291282499650493E+02,  2.228482449851203E+02,  9.861203734910444E+01,  2.461300878596737E+06,  6.125446443779457E+01,  2.755547952321088E+02,  2.755404034229340E+02,  2.371476808746640E-03,  2.371776048463463E-03,  5.877122644106846E+00,
2461300.500000000, A.D. 2026-Sep-17 00:00:00.0000,  1.422129272655687E-04,  2.371123184327061E-03,  1.291286281283498E+02,  2.228488986165542E+02,  1.055215247679479E+02,  2.461300991335943E+06,  6.125509877176327E+01,  3.299031682897595E+02,  3.298949949922802E+02,  2.371460436657652E-03,  2.371797688988243E-03,  5.877061782911515E+00,
2461301.500000000, A.D. 2026-Sep-18 00:00:00.0000,  1.450436164361919E-04,  2.371120160634793E-03,  1.291283471894558E+02,  2.228501561357136E+02,  1.124744265747358E+02,  2.461301104796675E+06,  6.125495581357314E+01,  2.420816220982362E+01,  2.421497873475063E+01,  2.371464126367930E-03,  2.371808092101068E-03,  5.877075498930155E+00,
2461302.500000000, A.D. 2026-Sep-19 00:00:00.0000,  1.294078747579421E-04,  2.371166979269488E-03,  1.291280250561453E+02,  2.228503614098734E+02,  1.198411684133726E+02,  2.461301225007055E+06,  6.125457842756243E+01,  7.809915535521323E+01,  7.811366615280944E+01,  2.371473866662617E-03,  2.371780754055747E-03,  5.877111707261584E+00,
2461303.500000000, A.D. 2026-Sep-20 00:00:00.0000,  1.119945168942005E-04,  2.371191690835361E-03,  1.291284212146759E+02,  2.228510855740713E+02,  1.139017751606667E+02,  2.461301128015348E+06,  6.125522103661726E+01,  1.452964441325506E+02,  1.453037498671764E+02,  2.371457281047887E-03,  2.371722871260413E-03,  5.877050052350616E+00,
2461304.500000000, A.D. 2026-Sep-21 00:00:00.0000,  1.095890655742320E-04,  2.371203918346338E-03,  1.291280902459931E+02,  2.228523196574578E+02,  1.051244836057055E+02,  2.461306861740630E+06,  6.125496827084330E+01,  2.153316526554709E+02,  2.153243910805401E+02,  2.371463804848755E-03,  2.371723691351172E-03,  5.877074303723966E+00,
2461305.500000000, A.D. 2026-Sep-22 00:00:00.0000,  1.299583388908693E-04,  2.371164369312867E-03,  1.291278111881533E+02,  2.228524847855003E+02,  9.976215134108600E+01,  2.461306774161139E+06,  6.125462897828682E+01,  2.819517321649695E+02,  2.819371623718542E+02,  2.371472561947743E-03,  2.371780754582619E-03,  5.877106857142350E+00,
2461306.500000000, A.D. 2026-Sep-23 00:00:00.0000,  1.420258250106170E-04,  2.371119646269639E-03,  1.291282091196567E+02,  2.228532741939673E+02,  1.069580658228492E+02,  2.461306891579188E+06,  6.125525306810358E+01,  3.360137177367059E+02,  3.360071006003968E+02,  2.371456454329042E-03,  2.371793262388445E-03,  5.877046979134215E+00,
2461307.500000000, A.D. 2026-Sep-24 00:00:00.0000,  1.436928869487381E-04,  2.371124597689195E-03,  1.291278401126275E+02,  2.228544691724827E+02,  1.139440527268844E+02,  2.461307005580029E+06,  6.125490800126871E+01,  3.028564985238287E+01,  3.029395512737148E+01,  2.371465360393129E-03,  2.371806123097062E-03,  5.877080086260903E+00,
2461308.500000000, A.D. 2026-Sep-25 00:00:00.0000,  1.248176915501591E-04,  2.371177433655611E-03,  1.291276127817374E+02,  2.228546178717098E+02,  1.200804368469065E+02,  2.461307105704495E+06,  6.125459513297864E+01,  8.540700667964093E+01,  8.542126397978576E+01,  2.371473435495402E-03,  2.371769437335194E-03,  5.877110104449631E+00,
2461309.500000000, A.D. 2026-Sep-26 00:00:00.0000,  1.098784674889699E-04,  2.371197969686891E-03,  1.291279924675630E+02,  2.228554732319335E+02,  1.126743087541734E+02,  2.461306984767192E+06,  6.125517218388617E+01,  1.540710187704324E+02,  1.540765236534754E+02,  2.371458541917190E-03,  2.371719114147490E-03,  5.877054739464136E+00,
2461310.500000000, A.D. 2026-Sep-27 00:00:00.0000,  1.097909961872319E-04,  2.371209324207390E-03,  1.291275915539061E+02,  2.228566099396865E+02,  1.028784656320929E+02,  2.461312701875128E+06,  6.125474024234979E+01,  2.251247109981221E+02,  2.251157963225793E+02,  2.371469690227108E-03,  2.371730056246826E-03,  5.877096181874038E+00,
2461311.500000000, A.D. 2026-Sep-28 00:00:00.0000,  1.338529644910187E-04,  2.371157866799627E-03,  1.291274271823768E+02,  2.228567592501579E+02,  9.964670253982638E+01,  2.461312649070914E+06,  6.125452305628124E+01,  2.896142092202101E+02,  2.895997600125200E+02,  2.371475295798186E-03,  2.371792724796746E-03,  5.877117019901184E+00,
2461312.500000000, A.D. 2026-Sep-29 00:00:00.0000,  1.444213725742090E-04,  2.371118018548423E-03,  1.291277729819061E+02,  2.228576993174577E+02,  1.073647176036529E+02,  2.461312775013068E+06,  6.125509600255428E+01,  3.431540481331853E+02,  3.431492512764434E+02,  2.371460508130013E-03,  2.371802997711602E-03,  5.877062048600631E+00,
2461313.500000000, A.D. 2026-Sep-30 00:00:00.0000,  1.448685325737582E-04,  2.371128110596120E-03,  1.291273303552509E+02,  2.228587562603789E+02,  1.152740473679184E+02,  2.461312904085418E+06,  6.125466383812621E+01,  3.650254737032810E+01,  3.651242388238821E+01,  2.371471662215866E-03,  2.371815213835612E-03,  5.877103512499048E+00,
2461314.500000000, A.D. 2026-Oct-01 00:00:00.0000,  1.226654968229816E-04,  2.371183714332159E-03,  1.291272387100925E+02,  2.228588998268070E+02,  1.203987444181639E+02,  2.461312987694877E+06,  6.125454953256490E+01,  9.263556904135856E+01,  9.264961050406980E+01,  2.371474612443697E-03,  2.371765510555235E-03,  5.877114479612855E+00,
2461315.500000000, A.D. 2026-Oct-02 00:00:00.0000,  1.092852254638719E-04,  2.371200049596047E-03,  1.291275501613825E+02,  2.228599190682052E+02,  1.123842053470428E+02,  2.461312856826026E+06,  6.125514610315484E+01,  1.619080079910618E+02,  1.619118964743836E+02,  2.371459215051042E-03,  2.371718380506038E-03,  5.877057241749992E+00,
2461316.500000000, A.D. 2026-Oct-03 00:00:00.0000,  1.104185700457709E-04,  2.371210122816563E-03,  1.291270651999804E+02,  2.228609022910501E+02,  1.019524721547486E+02,  2.461318563556945E+06,  6.125465162791157E+01,  2.335975381893289E+02,  2.335873549958572E+02,  2.371471977361207E-03,  2.371733831905850E-03,  5.877104684013267E+00,
2461317.500000000, A.D. 2026-Oct-04 00:00:00.0000,  1.350437917712690E-04,  2.371151191186861E-03,  1.291270386577839E+02,  2.228610335019030E+02,  1.006561756753571E+02,  2.461318542343557E+06,  6.125467230513286E+01,  2.961515869538499E+02,  2.961376951879938E+02,  2.371471443682694E-03,  2.371791696178527E-03,  5.877102700128781E+00,
2461318.500000000, A.D. 2026-Oct-05 00:00:00.0000,  1.431253568927556E-04,  2.371117527050463E-03,  1.291273239810617E+02,  2.228621334871525E+02,  1.079660491211236E+02,  2.461318661624779E+06,  6.125523414710607E+01,  3.500996363468822E+02,  3.500968159453512E+02,  2.371456942671738E-03,  2.371796358293014E-03,  5.877048794482613E+00,
2461319.500000000, A.D. 2026-Oct-06 00:00:00.0000,  1.424810948483639E-04,  2.371132013917648E-03,  1.291268024173671E+02,  2.228630459755832E+02,  1.158532549032942E+02,  2.461318790335990E+06,  6.125473197735734E+01,  4.347027872526832E+01,  4.348151288740775E+01,  2.371469903545905E-03,  2.371807793174162E-03,  5.877096974860213E+00,
2461320.500000000, A.D. 2026-Oct-07 00:00:00.0000,  1.198565601631306E-04,  2.371184326220161E-03,  1.291268367353632E+02,  2.228631714671046E+02,  1.189511302698440E+02,  2.461318840861604E+06,  6.125478394427972E+01,  1.016301639848385E+02,  1.016436161479523E+02,  2.371468562284571E-03,  2.371752798348982E-03,  5.877091988888137E+00,
2461321.500000000, A.D. 2026-Oct-08 00:00:00.0000,  1.105606522556280E-04,  2.371192839815838E-03,  1.291270956941871E+02,  2.228643201868379E+02,  1.108926513640469E+02,  2.461318709276745E+06,  6.125530827631203E+01,  1.709466133012516E+02,  1.709486066058483E+02,  2.371455029430688E-03,  2.371717219045537E-03,  5.877041682266990E+00,
2461322.500000000, A.D. 2026-Oct-09 00:00:00.0000,  1.142518863916663E-04,  2.371200232208596E-03,  1.291265617207779E+02,  2.228651760041708E+02,  1.010025195228494E+02,  2.461324424839140E+06,  6.125468262744855E+01,  2.420945893360370E+02,  2.420830201616377E+02,  2.371471177264122E-03,  2.371742122319648E-03,  5.877101709750465E+00,
2461323.500000000, A.D. 2026-Oct-10 00:00:00.0000,  1.380372646825668E-04,  2.371140641416479E-03,  1.291266397299911E+02,  2.228653199930210E+02,  1.020982276695802E+02,  2.461324442674563E+06,  6.125480602548131E+01,  3.022566524935652E+02,  3.022432745991879E+02,  2.371467992371428E-03,  2.371795343326378E-03,  5.877089870307385E+00,
2461324.500000000, A.D. 2026-Oct-11 00:00:00.0000,  1.438026719901060E-04,  2.371116535055466E-03,  1.291268611984924E+02,  2.228665112669491E+02,  1.092963118279521E+02,  2.461324560133642E+06,  6.125521034520938E+01,  3.563165011284749E+02,  3.563154422741895E+02,  2.371457556988672E-03,  2.371798578921879E-03,  5.877051078123588E+00,
2461325.500000000, A.D. 2026-Oct-12 00:00:00.0000,  1.403385336298912E-04,  2.371140542654896E-03,  1.291263261600227E+02,  2.228673009548366E+02,  1.175469147892032E+02,  2.461324694775163E+06,  6.125459837775669E+01,  4.932372398254390E+01,  4.933592174000028E+01,  2.371473351747622E-03,  2.371806160840348E-03,  5.877109793127406E+00,
2461326.500000000, A.D. 2026-Oct-13 00:00:00.0000,  1.159120184487647E-04,  2.371194600632499E-03,  1.291264556716516E+02,  2.228674899571322E+02,  1.186909229259902E+02,  2.461324713404185E+06,  6.125474829275257E+01,  1.094374769327516E+02,  1.094500018318829E+02,  2.371469482446899E-03,  2.371744364261298E-03,  5.877095409476914E+00,
2461327.500000000, A.D. 2026-Oct-14 00:00:00.0000,  1.081808529871189E-04,  2.371203301419440E-03,  1.291266194990440E+02,  2.228687107042738E+02,  1.097134825680771E+02,  2.461324566811458E+06,  6.125512158062963E+01,  1.796728207801352E+02,  1.796728915592336E+02,  2.371459847968617E-03,  2.371716394517795E-03,  5.877059594537493E+00,
2461328.500000000, A.D. 2026-Oct-15 00:00:00.0000,  1.163003941110921E-04,  2.371201079265485E-03,  1.291260967871671E+02,  2.228694197800564E+02,  9.917978879156252E+01,  2.461330271882519E+06,  6.125446156237277E+01,  2.514642903622324E+02,  2.514516552336914E+02,  2.371476882961599E-03,  2.371752686657713E-03,  5.877122919992162E+00,
2461329.500000000, A.D. 2026-Oct-16 00:00:00.0000,  1.404650932530087E-04,  2.371136439405784E-03,  1.291262744004250E+02,  2.228696661577592E+02,  1.024118517431087E+02,  2.461330324589391E+06,  6.125474574915211E+01,  3.094899865009552E+02,  3.094775631674352E+02,  2.371469548097005E-03,  2.371802656788225E-03,  5.877095653523027E+00,
2461330.500000000, A.D. 2026-Oct-17 00:00:00.0000,  1.457251583981258E-04,  2.371116244342858E-03,  1.291263699511092E+02,  2.228709257309756E+02,  1.097867617107970E+02,  2.461330444935767E+06,  6.125504494175899E+01,  3.372962071236284E+00,  3.373944733076447E+00,  2.371461825993086E-03,  2.371807407643314E-03,  5.877066947584256E+00,
2461331.500000000, A.D. 2026-Oct-18 00:00:00.0000,  1.395321716641854E-04,  2.371145681356945E-03,  1.291258495720622E+02,  2.228715409884924E+02,  1.185447840731811E+02,  2.461330587859474E+06,  6.125447335339566E+01,  5.587268753151384E+01,  5.588592458184034E+01,  2.371476578634012E-03,  2.371807475911080E-03,  5.877121788690446E+00,
2461332.500000000, A.D. 2026-Oct-19 00:00:00.0000,  1.150340122891263E-04,  2.371193909716395E-03,  1.291260880599584E+02,  2.228718394558539E+02,  1.178823363240499E+02,  2.461330577002645E+06,  6.125485574774973E+01,  1.177929255658309E+02,  1.178045860246219E+02,  2.371466709046947E-03,  2.371739508377498E-03,  5.877085099710239E+00,
2461333.500000000, A.D. 2026-Oct-20 00:00:00.0000,  1.084217273896974E-04,  2.371202460656143E-03,  1.291261184318369E+02,  2.228731358072384E+02,  1.092756544369642E+02,  2.461336313518883E+06,  6.125513202511805E+01,  1.876575293847672E+02,  1.876558740608564E+02,  2.371459578400068E-03,  2.371716696143993E-03,  5.877058592451972E+00,
2461334.500000000, A.D. 2026-Oct-21 00:00:00.0000,  1.189138197992103E-04,  2.371192718815798E-03,  1.291256030253399E+02,  2.228736613312304E+02,  9.938304657304870E+01,  2.461336151993374E+06,  6.125454536792386E+01,  2.588078969372941E+02,  2.587945299533606E+02,  2.371474719933302E-03,  2.371756721050807E-03,  5.877114879192542E+00,
2461335.500000000, A.D. 2026-Oct-22 00:00:00.0000,  1.399992701893854E-04,  2.371131030380733E-03,  1.291258923329731E+02,  2.228740021368404E+02,  1.038588965688016E+02,  2.461336225004292E+06,  6.125499815777158E+01,  3.155898634455283E+02,  3.155786355010374E+02,  2.371463033474701E-03,  2.371795036568669E-03,  5.877071436240437E+00,
2461336.500000000, A.D. 2026-Oct-23 00:00:00.0000,  1.438714253796060E-04,  2.371117217353386E-03,  1.291258703573593E+02,  2.228753270584703E+02,  1.105287287423308E+02,  2.461336333842844E+06,  6.125517758742393E+01,  1.017798611036077E+01,  1.018089989055999E+01,  2.371458402453975E-03,  2.371799587554565E-03,  5.877054221028169E+00,
2461337.500000000, A.D. 2026-Oct-24 00:00:00.0000,  1.354540280325985E-04,  2.371152151448180E-03,  1.291253661278897E+02,  2.228757821464756E+02,  1.188169828134928E+02,  2.461336469097642E+06,  6.125459739667036E+01,  6.314750888813540E+01,  6.316135814710209E+01,  2.371473377069477E-03,  2.371794602690772E-03,  5.877109887258333E+00,
2461338.500000000, A.D. 2026-Oct-25 00:00:00.0000,  1.136627034582924E-04,  2.371191345797116E-03,  1.291256930923470E+02,  2.228761704620394E+02,  1.159113917564732E+02,  2.461336421626566E+06,  6.125508111188572E+01,  1.273109333211835E+02,  1.273212917949019E+02,  2.371460892453298E-03,  2.371730439109480E-03,  5.877063477272041E+00,
2461339.500000000, A.D. 2026-Oct-26 00:00:00.0000,  1.094668288782034E-04,  2.371199340500279E-03,  1.291256242381149E+02,  2.228775004401117E+02,  1.076307197725945E+02,  2.461342163456254E+06,  6.125515689219654E+01,  1.968495692972013E+02,  1.968459337779522E+02,  2.371458936589882E-03,  2.371718532679486E-03,  5.877056206607502E+00,
2461340.500000000, A.D. 2026-Oct-27 00:00:00.0000,  1.236378622309268E-04,  2.371181251700694E-03,  1.291251484034441E+02,  2.228779025694083E+02,  9.917440187664261E+01,  2.461342025377785E+06,  6.125455560426817E+01,  2.665636616219821E+02,  2.665495193713557E+02,  2.371474455732736E-03,  2.371767659764778E-03,  5.877113897058710E+00,
2461341.500000000, A.D. 2026-Oct-28 00:00:00.0000,  1.421847098309425E-04,  2.371124981242240E-03,  1.291254955371578E+02,  2.228783548123183E+02,  1.050817900468978E+02,  2.461342121759607E+06,  6.125503173319314E+01,  3.219140955472738E+02,  3.219040438269012E+02,  2.371462166902316E-03,  2.371799352562392E-03,  5.877068214869957E+00,
2461342.500000000, A.D. 2026-Oct-29 00:00:00.0000,  1.450469003218274E-04,  2.371118817510464E-03,  1.291253735204269E+02,  2.228796713476972E+02,  1.119522796677225E+02,  2.461342233874643E+06,  6.125500755876755E+01,  1.630151073647959E+01,  1.630617697271606E+01,  2.371462790837504E-03,  2.371806764164544E-03,  5.877070534268058E+00,
2461343.500000000, A.D. 2026-Oct-30 00:00:00.0000,  1.324033226173785E-04,  2.371163203197352E-03,  1.291249445034187E+02,  2.228800236776105E+02,  1.202288265432268E+02,  2.461342368935810E+06,  6.125444948587459E+01,  6.928271428915187E+01,  6.929690634171736E+01,  2.371477194657436E-03,  2.371791186117520E-03,  5.877124078684550E+00,
2461344.500000000, A.D. 2026-Oct-31 00:00:00.0000,  1.110718182675781E-04,  2.371199839933448E-03,  1.291253022497311E+02,  2.228805648652283E+02,  1.155593024383390E+02,  2.461342292668961E+06,  6.125499005257289E+01,  1.352100408360099E+02,  1.352190068783721E+02,  2.371463242667766E-03,  2.371726645402083E-03,  5.877072213888621E+00,
2461345.500000000, A.D. 2026-Nov-01 00:00:00.0000,  1.074651492979350E-04,  2.371210608786793E-03,  1.291251129513945E+02,  2.228818483230238E+02,  1.061211991591793E+02,  2.461348015618535E+06,  6.125490419328757E+01,  2.059060276402926E+02,  2.059006480860963E+02,  2.371465458676364E-03,  2.371720308565935E-03,  5.877080451616305E+00,
2461346.500000000, A.D. 2026-Nov-02 00:00:00.0000,  1.261947484544360E-04,  2.371178475221863E-03,  1.291247353587072E+02,  2.228821419590609E+02,  9.849257031102202E+01,  2.461347891044448E+06,  6.125442823058760E+01,  2.747923676817305E+02,  2.747779571941895E+02,  2.371477743259139E-03,  2.371777011296415E-03,  5.877126118046642E+00,
2461347.500000000, A.D. 2026-Nov-03 00:00:00.0000,  1.430186635493120E-04,  2.371123259595360E-03,  1.291251055546859E+02,  2.228827725851862E+02,  1.054341041016749E+02,  2.461348004306730E+06,  6.125502181137017E+01,  3.291086802546500E+02,  3.291002648044557E+02,  2.371462422981752E-03,  2.371801586368145E-03,  5.877069166811997E+00,
2461348.500000000, A.D. 2026-Nov-04 00:00:00.0000,  1.460423109339043E-04,  2.371119829764168E-03,  1.291248441676956E+02,  2.228840324909984E+02,  1.125679015315816E+02,  2.461348120720235E+06,  6.125487685923647E+01,  2.323273532926031E+01,  2.323933792703086E+01,  2.371466164163084E-03,  2.371812498562000E-03,  5.877083074173489E+00,
2461349.500000000, A.D. 2026-Nov-05 00:00:00.0000,  1.302005379316472E-04,  2.371167133152553E-03,  1.291245181769369E+02,  2.228842594141274E+02,  1.202672745911769E+02,  2.461348246359984E+06,  6.125449962387206E+01,  7.679109188810010E+01,  7.680561758122077E+01,  2.371475900590502E-03,  2.371784668028450E-03,  5.877119268144361E+00,
2461350.500000000, A.D. 2026-Nov-06 00:00:00.0000,  1.118087239386128E-04,  2.371193819421398E-03,  1.291249044866425E+02,  2.228849780373012E+02,  1.145361473339998E+02,  2.461348152767649E+06,  6.125515562783345E+01,  1.437800829732062E+02,  1.437876527514954E+02,  2.371458969222620E-03,  2.371724119023842E-03,  5.877056327915381E+00,
2461351.500000000, A.D. 2026-Nov-07 00:00:00.0000,  1.089194445897927E-04,  2.371205998103746E-03,  1.291245804691282E+02,  2.228862054925730E+02,  1.054756373450795E+02,  2.461353881872737E+06,  6.125494921491362E+01,  2.140985064389671E+02,  2.140915100223234E+02,  2.371464296677805E-03,  2.371722595251863E-03,  5.877076132035247E+00,
2461352.500000000, A.D. 2026-Nov-08 00:00:00.0000,  1.289317804555927E-04,  2.371167269623973E-03,  1.291242986128719E+02,  2.228863778076685E+02,  9.964840449867870E+01,  2.461353786703708E+06,  6.125461092652474E+01,  2.811834649680067E+02,  2.811689705717326E+02,  2.371473027863758E-03,  2.371778786103544E-03,  5.877108589128450E+00,
2461353.500000000, A.D. 2026-Nov-09 00:00:00.0000,  1.417152443524745E-04,  2.371120349588997E-03,  1.291246945230863E+02,  2.228871584352197E+02,  1.067749644446669E+02,  2.461353902988578E+06,  6.125525435498561E+01,  3.353148321590094E+02,  3.353080489883811E+02,  2.371456421115187E-03,  2.371792492641377E-03,  5.877046855666176E+00,
2461354.500000000, A.D. 2026-Nov-10 00:00:00.0000,  1.440074988431831E-04,  2.371123553166852E-03,  1.291243279142672E+02,  2.228883613945595E+02,  1.136687595638869E+02,  2.461354015484761E+06,  6.125491956564218E+01,  2.967894200692040E+01,  2.968711409678705E+01,  2.371465061919013E-03,  2.371806570671174E-03,  5.877078976721465E+00,
2461355.500000000, A.D. 2026-Nov-11 00:00:00.0000,  1.255304198280192E-04,  2.371174837254634E-03,  1.291240919287559E+02,  2.228885061338932E+02,  1.199277202830223E+02,  2.461354117610748E+06,  6.125463024721028E+01,  8.467774250450992E+01,  8.469206542304815E+01,  2.371472529196834E-03,  2.371770221139035E-03,  5.877106735394839E+00,
2461356.500000000, A.D. 2026-Nov-12 00:00:00.0000,  1.107026439477186E-04,  2.371194668331657E-03,  1.291244805291915E+02,  2.228893548367051E+02,  1.128725705576388E+02,  2.461354002404347E+06,  6.125522437393414E+01,  1.529907821350680E+02,  1.529965423799535E+02,  2.371457194913144E-03,  2.371719721494630E-03,  5.877049732156238E+00,
2461357.500000000, A.D. 2026-Nov-13 00:00:00.0000,  1.104537954554929E-04,  2.371205258905595E-03,  1.291240816739075E+02,  2.228905046518394E+02,  1.034451714323696E+02,  2.461359725520823E+06,  6.125483686304379E+01,  2.236760850733105E+02,  2.236673452174304E+02,  2.371467196458242E-03,  2.371729134010890E-03,  5.877086911600198E+00,
2461358.500000000, A.D. 2026-Nov-14 00:00:00.0000,  1.334788815213346E-04,  2.371157545165026E-03,  1.291239018397301E+02,  2.228906450573073E+02,  9.993166072188893E+01,  2.461359668119722E+06,  6.125456989556746E+01,  2.884473288394208E+02,  2.884328184831471E+02,  2.371474086873699E-03,  2.371790628582372E-03,  5.877112525869690E+00,
2461359.500000000, A.D. 2026-Nov-15 00:00:00.0000,  1.439381866698598E-04,  2.371117816552562E-03,  1.291242621966094E+02,  2.228915565848862E+02,  1.076476888702390E+02,  2.461359794029362E+06,  6.125514823287202E+01,  3.419891878285198E+02,  3.419840870380357E+02,  2.371459160083826E-03,  2.371800503615090E-03,  5.877057037416640E+00,
2461360.500000000, A.D. 2026-Nov-16 00:00:00.0000,  1.447583453199286E-04,  2.371128338534239E-03,  1.291238337837170E+02,  2.228926432768985E+02,  1.153882472531717E+02,  2.461359920346841E+06,  6.125466513114056E+01,  3.550646012170606E+01,  3.551609581326837E+01,  2.371471628843204E-03,  2.371814919152168E-03,  5.877103388440266E+00,
2461361.500000000, A.D. 2026-Nov-17 00:00:00.0000,  1.224023275152193E-04,  2.371184907901812E-03,  1.291237177841112E+02,  2.228927892687376E+02,  1.205872247850018E+02,  2.461360005168162E+06,  6.125452746597333E+01,  9.156521789928865E+01,  9.157923888062108E+01,  2.371475181983732E-03,  2.371765456065651E-03,  5.877116596809579E+00,
2461362.500000000, A.D. 2026-Nov-18 00:00:00.0000,  1.085899039588519E-04,  2.371203245815727E-03,  1.291240400279113E+02,  2.228937856054993E+02,  1.125192331778913E+02,  2.461359873425120E+06,  6.125508614647528E+01,  1.608910705145327E+02,  1.608951435560925E+02,  2.371460762512170E-03,  2.371718279208614E-03,  5.877062994232928E+00,
2461363.500000000, A.D. 2026-Nov-19 00:00:00.0000,  1.103034325500125E-04,  2.371210894091719E-03,  1.291235710961992E+02,  2.228947884128543E+02,  1.019010256582348E+02,  2.461365577114931E+06,  6.125463232202108E+01,  2.327670885866049E+02,  2.327570258049349E+02,  2.371472475645980E-03,  2.371734057200242E-03,  5.877106536326065E+00,
2461364.500000000, A.D. 2026-Nov-20 00:00:00.0000,  1.352711646816651E-04,  2.371152592149941E-03,  1.291235276969494E+02,  2.228949298211838E+02,  1.003563154962073E+02,  2.461365551847065E+06,  6.125459712363124E+01,  2.955695317782335E+02,  2.955555479519991E+02,  2.371473384116622E-03,  2.371794176083302E-03,  5.877109913455239E+00,
2461365.500000000, A.D. 2026-Nov-21 00:00:00.0000,  1.437554401488366E-04,  2.371117413039114E-03,  1.291238155516780E+02,  2.228960031598757E+02,  1.079666670665929E+02,  2.461365676032611E+06,  6.125518066301613E+01,  3.492170905968465E+02,  3.492140081171850E+02,  2.371458323074143E-03,  2.371799233109171E-03,  5.877053925944196E+00,
2461366.500000000, A.D. 2026-Nov-22 00:00:00.0000,  1.434929090896968E-04,  2.371131480129877E-03,  1.291233082740587E+02,  2.228969319184231E+02,  1.159994512905429E+02,  2.461365807120161E+06,  6.125465968093304E+01,  4.244211872858059E+01,  4.245321672607020E+01,  2.371471769512908E-03,  2.371812058895940E-03,  5.877103911362656E+00,
2461367.500000000, A.D. 2026-Nov-23 00:00:00.0000,  1.204125169833108E-04,  2.371184285261518E-03,  1.291233282166557E+02,  2.228970656959558E+02,  1.193666712534334E+02,  2.461365862042489E+06,  6.125473444276626E+01,  1.003326523816337E+02,  1.003462265064714E+02,  2.371469839913892E-03,  2.371755394566266E-03,  5.877096738316092E+00,
2461368.500000000, A.D. 2026-Nov-24 00:00:00.0000,  1.102538259793870E-04,  2.371194587365226E-03,  1.291235879798377E+02,  2.228982085924886E+02,  1.114301524068653E+02,  2.461365732448444E+06,  6.125526875459134E+01,  1.695271143570556E+02,  1.695294105591929E+02,  2.371456049467822E-03,  2.371717511570418E-03,  5.877045474117137E+00,
2461369.500000000, A.D. 2026-Nov-25 00:00:00.0000,  1.135803090817245E-04,  2.371200930659278E-03,  1.291230524040562E+02,  2.228990698948223E+02,  1.014907459349695E+02,  2.461371447207426E+06,  6.125471727599571E+01,  2.407243596551088E+02,  2.407130074541667E+02,  2.371470282986998E-03,  2.371739635314717E-03,  5.877098385385505E+00,
2461370.500000000, A.D. 2026-Nov-26 00:00:00.0000,  1.370704035754128E-04,  2.371142100618687E-03,  1.291231275431340E+02,  2.228992061661262E+02,  1.021143021884258E+02,  2.461371457335373E+06,  6.125483833066427E+01,  3.013585764713858E+02,  3.013451625451450E+02,  2.371467158579179E-03,  2.371792216539672E-03,  5.877086770789556E+00,
2461371.500000000, A.D. 2026-Nov-27 00:00:00.0000,  1.427460996231257E-04,  2.371116765718882E-03,  1.291233578339252E+02,  2.229003954119446E+02,  1.091927030296641E+02,  2.461371572840357E+06,  6.125529850162157E+01,  3.555381422126413E+02,  3.555368694477388E+02,  2.371455281710777E-03,  2.371793797702671E-03,  5.877042620084040E+00,
2461372.500000000, A.D. 2026-Nov-28 00:00:00.0000,  1.401929775553246E-04,  2.371139142757147E-03,  1.291228156320665E+02,  2.229011975659027E+02,  1.172312826773581E+02,  2.461371704021369E+06,  6.125466599981128E+01,  4.875740521091659E+01,  4.876948623069990E+01,  2.371471606422839E-03,  2.371804070088531E-03,  5.877103305095307E+00,
2461373.500000000, A.D. 2026-Nov-29 00:00:00.0000,  1.164923167961028E-04,  2.371191490883850E-03,  1.291229373154585E+02,  2.229013652375390E+02,  1.184393459940262E+02,  2.461371723697076E+06,  6.125481546820030E+01,  1.088071078399611E+02,  1.088197435681501E+02,  2.371467748656098E-03,  2.371744006428346E-03,  5.877088964326236E+00,
2461374.500000000, A.D. 2026-Nov-30 00:00:00.0000,  1.090385365546375E-04,  2.371199440174272E-03,  1.291231208224291E+02,  2.229025879048996E+02,  1.098470159152521E+02,  2.461371583392415E+06,  6.125519238686181E+01,  1.786573587559774E+02,  1.786576514885653E+02,  2.371458020486327E-03,  2.371716600798381E-03,  5.877052801114274E+00,
2461375.500000000, A.D. 2026-Dec-01 00:00:00.0000,  1.165185964443323E-04,  2.371198535098068E-03,  1.291225878462045E+02,  2.229033181067568E+02,  9.970608694514847E+01,  2.461377294869585E+06,  6.125454009530874E+01,  2.500560890160446E+02,  2.500435383545747E+02,  2.371474856019795E-03,  2.371751176941522E-03,  5.877115385077735E+00,
2461376.500000000, A.D. 2026-Dec-02 00:00:00.0000,  1.402072161096603E-04,  2.371136020044266E-03,  1.291227555151814E+02,  2.229035401597059E+02,  1.026568542773822E+02,  2.461377342985943E+06,  6.125478569715219E+01,  3.083630767187423E+02,  3.083504776590900E+02,  2.371468517043132E-03,  2.371801014041998E-03,  5.877091820708742E+00,
2461377.500000000, A.D. 2026-Dec-03 00:00:00.0000,  1.452489754418407E-04,  2.371116299174176E-03,  1.291228756679801E+02,  2.229047916726001E+02,  1.099724974547561E+02,  2.461377462364975E+06,  6.125508657629668E+01,  2.305336687263507E+00,  2.306006323646112E+00,  2.371460751418620E-03,  2.371805203663065E-03,  5.877062952994110E+00,
2461378.500000000, A.D. 2026-Dec-04 00:00:00.0000,  1.394986326518335E-04,  2.371145940440666E-03,  1.291223535784012E+02,  2.229054372287697E+02,  1.186790190052597E+02,  2.461377604447833E+06,  6.125446639597446E+01,  5.485657013239669E+01,  5.486964289596114E+01,  2.371476758205800E-03,  2.371807575970935E-03,  5.877122456227267E+00,
2461379.500000000, A.D. 2026-Dec-05 00:00:00.0000,  1.146097818934415E-04,  2.371196561107370E-03,  1.291225755983634E+02,  2.229057222906085E+02,  1.182679377671378E+02,  2.461377597692864E+06,  6.125479199182909E+01,  1.165254278861635E+02,  1.165371779860642E+02,  2.371468354578255E-03,  2.371740148049141E-03,  5.877091216765884E+00,
2461380.500000000, A.D. 2026-Dec-06 00:00:00.0000,  1.076550667707613E-04,  2.371205925524968E-03,  1.291226229440348E+02,  2.229070078711505E+02,  1.093884585602945E+02,  2.461383329761127E+06,  6.125506821408171E+01,  1.866627891072129E+02,  1.866613579635295E+02,  2.371461225341526E-03,  2.371716525158085E-03,  5.877064714740468E+00,
2461381.500000000, A.D. 2026-Dec-07 00:00:00.0000,  1.182821568954774E-04,  2.371195856361408E-03,  1.291221125664032E+02,  2.229075559771568E+02,  9.914580905981641E+01,  2.461383162520211E+06,  6.125448183587871E+01,  2.581631859482856E+02,  2.581499204319365E+02,  2.371476359700260E-03,  2.371756863039111E-03,  5.877120974830228E+00,
2461382.500000000, A.D. 2026-Dec-08 00:00:00.0000,  1.400151184649396E-04,  2.371132401411580E-03,  1.291223879463597E+02,  2.229078959622546E+02,  1.035554604632139E+02,  2.461383234449679E+06,  6.125494357330651E+01,  3.150113263226904E+02,  3.149999819508997E+02,  2.371464442286402E-03,  2.371796483161224E-03,  5.877076673316530E+00,
2461383.500000000, A.D. 2026-Dec-09 00:00:00.0000,  1.444027688399045E-04,  2.371116840055649E-03,  1.291223721594976E+02,  2.229092093176961E+02,  1.103905054729777E+02,  2.461383345984687E+06,  6.125514337969110E+01,  9.434230066628862E+00,  9.436942912251979E+00,  2.371459285342643E-03,  2.371801730629638E-03,  5.877057503049720E+00,
2461384.500000000, A.D. 2026-Dec-10 00:00:00.0000,  1.364778419363066E-04,  2.371150201854101E-03,  1.291218681369779E+02,  2.229096754541450E+02,  1.187837915213606E+02,  2.461383482954529E+06,  6.125457886051467E+01,  6.229869203640663E+01,  6.231253982417417E+01,  2.371473855488106E-03,  2.371797509122113E-03,  5.877111665721690E+00,
2461385.500000000, A.D. 2026-Dec-11 00:00:00.0000,  1.141467555475015E-04,  2.371190855712837E-03,  1.291221905629656E+02,  2.229100603794599E+02,  1.163552191202358E+02,  2.461383443269960E+06,  6.125505562140162E+01,  1.259851129786541E+02,  1.259956962369393E+02,  2.371461550354716E-03,  2.371732244996595E-03,  5.877065922934551E+00,
2461386.500000000, A.D. 2026-Dec-12 00:00:00.0000,  1.093174529319466E-04,  2.371199467227450E-03,  1.291221239590344E+02,  2.229113941493282E+02,  1.082266178917455E+02,  2.461389187582975E+06,  6.125516570815773E+01,  1.953716595026453E+02,  1.953683393306612E+02,  2.371458709053257E-03,  2.371717950879064E-03,  5.877055360770276E+00,
2461387.500000000, A.D. 2026-Dec-13 00:00:00.0000,  1.227141514650102E-04,  2.371182719949612E-03,  1.291216436846678E+02,  2.229117959012664E+02,  9.944925053357926E+01,  2.461389044262992E+06,  6.125458359323259E+01,  2.654068134540269E+02,  2.653927967818327E+02,  2.371473733336519E-03,  2.371764746723427E-03,  5.877111211637930E+00,
2461388.500000000, A.D. 2026-Dec-14 00:00:00.0000,  1.411082916694431E-04,  2.371125943088683E-03,  1.291219932137256E+02,  2.229122383274222E+02,  1.050900838188459E+02,  2.461389136293153E+06,  6.125509337914638E+01,  3.210238034983215E+02,  3.210136313281848E+02,  2.371460575839301E-03,  2.371795208589920E-03,  5.877062300301023E+00,
2461389.500000000, A.D. 2026-Dec-15 00:00:00.0000,  1.441306592620831E-04,  2.371118693042612E-03,  1.291218793230092E+02,  2.229135605210553E+02,  1.117993456097658E+02,  2.461389245776170E+06,  6.125509658075241E+01,  1.557250524909153E+01,  1.557693990645664E+01,  2.371460493206911E-03,  2.371802293371211E-03,  5.877061993125961E+00,
2461390.500000000, A.D. 2026-Dec-16 00:00:00.0000,  1.324604522664898E-04,  2.371161257941891E-03,  1.291214339414364E+02,  2.229139174788219E+02,  1.199080506157278E+02,  2.461389378098249E+06,  6.125451961399348E+01,  6.872155283354692E+01,  6.873569775756661E+01,  2.371475384643879E-03,  2.371789511345868E-03,  5.877117350174413E+00,
2461391.500000000, A.D. 2026-Dec-17 00:00:00.0000,  1.112714373947831E-04,  2.371198416934884E-03,  1.291217952706981E+02,  2.229144287879195E+02,  1.154054947300410E+02,  2.461389304556570E+06,  6.125502684934865E+01,  1.344819462219884E+02,  1.344910426416864E+02,  2.371462292952949E-03,  2.371726168971013E-03,  5.877068683446803E+00,
2461392.500000000, A.D. 2026-Dec-18 00:00:00.0000,  1.077919805228241E-04,  2.371209125110713E-03,  1.291216267397512E+02,  2.229157295076468E+02,  1.062604179758325E+02,  2.461395032287507E+06,  6.125493165121859E+01,  2.048849018078038E+02,  2.048797047397144E+02,  2.371464749992855E-03,  2.371720374874997E-03,  5.877077817175855E+00,
2461393.500000000, A.D. 2026-Dec-19 00:00:00.0000,  1.263790719030055E-04,  2.371178199259142E-03,  1.291212344534963E+02,  2.229160395034605E+02,  9.855454897812049E+01,  2.461394906453307E+06,  6.125442198588640E+01,  2.738485156299186E+02,  2.738340661589458E+02,  2.371477904435744E-03,  2.371777609612345E-03,  5.877126717201696E+00,
2461394.500000000, A.D. 2026-Dec-20 00:00:00.0000,  1.433889671092786E-04,  2.371123266398746E-03,  1.291216015190983E+02,  2.229166458297390E+02,  1.054529659447012E+02,  2.461395019012316E+06,  6.125498751844220E+01,  3.282079070430127E+02,  3.281992491535656E+02,  2.371463308073027E-03,  2.371803349747309E-03,  5.877072457024235E+00,
2461395.500000000, A.D. 2026-Dec-21 00:00:00.0000,  1.461636123881414E-04,  2.371119960943642E-03,  1.291213639577684E+02,  2.229179068287532E+02,  1.127639697884157E+02,  2.461395138318049E+06,  6.125486062886844E+01,  2.215477748757977E+01,  2.216109481402938E+01,  2.371466583066080E-03,  2.371813205188518E-03,  5.877084631392300E+00,
2461396.500000000, A.D. 2026-Dec-22 00:00:00.0000,  1.305140078901965E-04,  2.371167951811711E-03,  1.291210262059488E+02,  2.229181589814813E+02,  1.206460557386312E+02,  2.461395266939925E+06,  6.125443909527910E+01,  7.553040323252972E+01,  7.554488523372002E+01,  2.371477462840008E-03,  2.371786973868305E-03,  5.877125075621586E+00,
2461397.500000000, A.D. 2026-Dec-23 00:00:00.0000,  1.109767209164326E-04,  2.371197932781476E-03,  1.291214022358279E+02,  2.229188518673055E+02,  1.148868850358046E+02,  2.461395172887633E+06,  6.125507269233499E+01,  1.425474371936118E+02,  1.425551696026391E+02,  2.371461109759217E-03,  2.371724286736958E-03,  5.877064285078347E+00,
2461398.500000000, A.D. 2026-Dec-24 00:00:00.0000,  1.078388660718491E-04,  2.371210756975448E-03,  1.291210977582394E+02,  2.229200839535977E+02,  1.054554599282594E+02,  2.461400895944845E+06,  6.125486410944416E+01,  2.132367241127663E+02,  2.132299517792824E+02,  2.371466493233006E-03,  2.371722229490563E-03,  5.877084297449218E+00,
2461399.500000000, A.D. 2026-Dec-25 00:00:00.0000,  1.285190332617592E-04,  2.371170080504615E-03,  1.291208094053177E+02,  2.229202764984258E+02,  9.931176742110360E+01,  2.461400795607710E+06,  6.125453993485765E+01,  2.806381458069391E+02,  2.806236713027432E+02,  2.371474860161048E-03,  2.371779639817480E-03,  5.877115400472342E+00,
2461400.500000000, A.D. 2026-Dec-26 00:00:00.0000,  1.419873246119778E-04,  2.371121179643275E-03,  1.291211980650152E+02,  2.229210513332793E+02,  1.064465646276984E+02,  2.461400912026456E+06,  6.125519718666072E+01,  3.347612382211266E+02,  3.347542994862443E+02,  2.371457896605445E-03,  2.371794613567614E-03,  5.877052340603608E+00,
2461401.500000000, A.D. 2026-Dec-27 00:00:00.0000,  1.442960835148291E-04,  2.371122570862282E-03,  1.291208366232944E+02,  2.229222518145450E+02,  1.134502671429450E+02,  2.461401026316584E+06,  6.125493111083992E+01,  2.901544499902528E+01,  2.902346654433630E+01,  2.371464763939912E-03,  2.371806957017542E-03,  5.877077869022252E+00,
2461402.500000000, A.D. 2026-Dec-28 00:00:00.0000,  1.265037196615569E-04,  2.371172198937981E-03,  1.291205943805852E+02,  2.229223982406700E+02,  1.198952738531928E+02,  2.461401131480348E+06,  6.125464304088449E+01,  8.382818276232712E+01,  8.384259524485648E+01,  2.371472198992228E-03,  2.371772199046474E-03,  5.877105507899500E+00,
2461403.500000000, A.D. 2026-Dec-29 00:00:00.0000,  1.114728809486330E-04,  2.371191548824845E-03,  1.291209865685574E+02,  2.229232343585232E+02,  1.130590901641055E+02,  2.461401019849655E+06,  6.125527447424115E+01,  1.519222901271027E+02,  1.519283016395372E+02,  2.371455901846267E-03,  2.371720254867688E-03,  5.877044925353912E+00,
2461404.500000000, A.D. 2026-Dec-30 00:00:00.0000,  1.105000329618770E-04,  2.371203829977068E-03,  1.291205897240422E+02,  2.229243997000911E+02,  1.039782475514754E+02,  2.461406748619845E+06,  6.125488798401228E+01,  2.222610432983030E+02,  2.222525286043576E+02,  2.371465877034649E-03,  2.371727924092229E-03,  5.877082006809990E+00,
2461405.500000000, A.D. 2026-Dec-31 00:00:00.0000,  1.328198229462099E-04,  2.371157628834068E-03,  1.291203959305356E+02,  2.229245312921875E+02,  1.002423345741950E+02,  2.461406687588602E+06,  6.125462721702497E+01,  2.872547029205807E+02,  2.872401671426583E+02,  2.371472607405905E-03,  2.371787585977742E-03,  5.877107026127529E+00,
2461406.500000000, A.D. 2027-Jan-01 00:00:00.0000,  1.430651248728080E-04,  2.371118081793774E-03,  1.291207707577772E+02,  2.229254311315011E+02,  1.077440175580734E+02,  2.461406809999482E+06,  6.125521818541019E+01,  3.410109140729735E+02,  3.410055787411327E+02,  2.371457354636346E-03,  2.371796627478918E-03,  5.877050325905868E+00,
2461407.500000000, A.D. 2027-Jan-02 00:00:00.0000,  1.438552949316394E-04,  2.371127975260088E-03,  1.291203446827943E+02,  2.229265399975105E+02,  1.151899628658833E+02,  2.461406931508021E+06,  6.125476219425974E+01,  3.482284098801555E+01,  3.483225575957702E+01,  2.371469123650292E-03,  2.371810272040496E-03,  5.877094075695164E+00,
2461408.500000000, A.D. 2027-Jan-03 00:00:00.0000,  1.223899119103996E-04,  2.371183419751288E-03,  1.291202089565749E+02,  2.229266738212565E+02,  1.203392214765471E+02,  2.461407015518175E+06,  6.125458627174092E+01,  9.093132000711032E+01,  9.094534297018870E+01,  2.371473664204148E-03,  2.371763908657007E-03,  5.877110954646700E+00,
2461409.500000000, A.D. 2027-Jan-04 00:00:00.0000,  1.089770978104279E-04,  2.371201118270368E-03,  1.291205504139965E+02,  2.229276442457100E+02,  1.123144561863079E+02,  2.461406884481055E+06,  6.125513300731043E+01,  1.602139608719810E+02,  1.602181875773446E+02,  2.371459553050034E-03,  2.371717987829701E-03,  5.877058498216568E+00,
2461410.500000000, A.D. 2027-Jan-05 00:00:00.0000,  1.105943028695411E-04,  2.371209840971667E-03,  1.291200940364908E+02,  2.229286782929620E+02,  1.019686310406393E+02,  2.461412592615002E+06,  6.125464640065123E+01,  2.318176079821488E+02,  2.318076471245726E+02,  2.371472112276700E-03,  2.371734383581732E-03,  5.877105185545118E+00,
2461411.500000000, A.D. 2027-Jan-06 00:00:00.0000,  1.356227622245252E-04,  2.371152882093174E-03,  1.291200289463649E+02,  2.229288217220961E+02,  1.002735792146004E+02,  2.461412564894123E+06,  6.125455357855476E+01,  2.947703859014526E+02,  2.947562735588400E+02,  2.371474508016496E-03,  2.371796133939818E-03,  5.877114091417297E+00,
2461412.500000000, A.D. 2027-Jan-07 00:00:00.0000,  1.443745997605533E-04,  2.371117313135008E-03,  1.291203262610692E+02,  2.229298727706261E+02,  1.080110488661035E+02,  2.461412691154776E+06,  6.125512763610850E+01,  3.482907898085779E+02,  3.482874316756063E+02,  2.371459691678842E-03,  2.371802070222676E-03,  5.877059013550863E+00,
2461413.500000000, A.D. 2027-Jan-08 00:00:00.0000,  1.440769615416341E-04,  2.371131213261333E-03,  1.291198326243517E+02,  2.229308205938188E+02,  1.161408108069035E+02,  2.461412823825219E+06,  6.125461635055912E+01,  4.141882682191172E+01,  4.142975062721592E+01,  2.371472887869396E-03,  2.371814562477459E-03,  5.877108068716424E+00,
2461414.500000000, A.D. 2027-Jan-09 00:00:00.0000,  1.207725837776414E-04,  2.371184636006371E-03,  1.291198365541265E+02,  2.229309616988583E+02,  1.197574262827372E+02,  2.461412882818490E+06,  6.125468776392877E+01,  9.905994846496162E+01,  9.907361499847656E+01,  2.371471044691793E-03,  2.371757453377215E-03,  5.877101216929135E+00,
2461415.500000000, A.D. 2027-Jan-10 00:00:00.0000,  1.097551691539879E-04,  2.371197016594641E-03,  1.291200993888992E+02,  2.229320883871011E+02,  1.117858805021119E+02,  2.461412752651710E+06,  6.125522044600513E+01,  1.682894251735328E+02,  1.682919775627039E+02,  2.371457296291338E-03,  2.371717575988034E-03,  5.877050109016104E+00,
2461416.500000000, A.D. 2027-Jan-11 00:00:00.0000,  1.127277946257945E-04,  2.371203536960391E-03,  1.291195701601117E+02,  2.229329614173499E+02,  1.016504931693580E+02,  2.461418464214783E+06,  6.125469462370415E+01,  2.396826232773976E+02,  2.396714730029205E+02,  2.371470867641320E-03,  2.371738198322249E-03,  5.877100558765799E+00,
2461417.500000000, A.D. 2027-Jan-12 00:00:00.0000,  1.365778915054002E-04,  2.371144368497895E-03,  1.291196396614253E+02,  2.229331014212665E+02,  1.018291799016274E+02,  2.461418467080106E+06,  6.125479570923591E+01,  3.007617057093976E+02,  3.007482558810649E+02,  2.371468258632432E-03,  2.371792148766968E-03,  5.877090860099296E+00,
2461418.500000000, A.D. 2027-Jan-13 00:00:00.0000,  1.425852362930178E-04,  2.371116990134909E-03,  1.291198702937130E+02,  2.229342893315916E+02,  1.088932394695732E+02,  2.461418582350505E+06,  6.125530458800149E+01,  3.549555947625719E+02,  3.549541578497117E+02,  2.371455124624212E-03,  2.371793259113515E-03,  5.877042036136014E+00,
2461419.500000000, A.D. 2027-Jan-14 00:00:00.0000,  1.407639308839376E-04,  2.371137146908940E-03,  1.291193260435179E+02,  2.229350930161519E+02,  1.169342340977823E+02,  2.461418713571357E+06,  6.125469087156379E+01,  4.817244343613498E+01,  4.818446446928626E+01,  2.371470964483878E-03,  2.371804782058816E-03,  5.877100918766084E+00,
2461420.500000000, A.D. 2027-Jan-15 00:00:00.0000,  1.176583551438651E-04,  2.371186953130860E-03,  1.291194437426792E+02,  2.229352498645446E+02,  1.182935533274236E+02,  2.461418735718017E+06,  6.125488415282567E+01,  1.080708885173276E+02,  1.080837055341652E+02,  2.371465975916867E-03,  2.371744998702873E-03,  5.877082374392072E+00,
2461421.500000000, A.D. 2027-Jan-16 00:00:00.0000,  1.099660951349347E-04,  2.371195239138850E-03,  1.291196382011856E+02,  2.229364729223572E+02,  1.101427884043669E+02,  2.461418602622738E+06,  6.125526993906743E+01,  1.774796262962332E+02,  1.774801803527066E+02,  2.371456018897032E-03,  2.371716798655214E-03,  5.877045360474347E+00,
2461422.500000000, A.D. 2027-Jan-17 00:00:00.0000,  1.164560283411297E-04,  2.371196345985295E-03,  1.291190937849548E+02,  2.229372171691679E+02,  1.003624925403059E+02,  2.461424319980974E+06,  6.125463067110588E+01,  2.485177376051527E+02,  2.485053204448835E+02,  2.371472518256092E-03,  2.371748690526888E-03,  5.877106694723961E+00,
2461423.500000000, A.D. 2027-Jan-18 00:00:00.0000,  1.398820626349360E-04,  2.371135968112995E-03,  1.291192574163106E+02,  2.229374168095405E+02,  1.028505041150076E+02,  2.461424360544464E+06,  6.125481758950583E+01,  3.072875058265805E+02,  3.072747514718029E+02,  2.371467693905491E-03,  2.371799419697986E-03,  5.877088760797734E+00,
2461424.500000000, A.D. 2027-Jan-19 00:00:00.0000,  1.445789505424498E-04,  2.371116443798770E-03,  1.291193978006401E+02,  2.229386689003084E+02,  1.100268233670004E+02,  2.461424477649411E+06,  6.125514254457773E+01,  1.369088506431705E+00,  1.369484423049050E+00,  2.371459306896614E-03,  2.371802169994459E-03,  5.877057583173757E+00,
2461425.500000000, A.D. 2027-Jan-20 00:00:00.0000,  1.393225455959256E-04,  2.371145929240092E-03,  1.291188724836988E+02,  2.229393358067077E+02,  1.187001064476564E+02,  2.461424619189452E+06,  6.125448301143178E+01,  5.395359473215129E+01,  5.396650455854160E+01,  2.371476329359119E-03,  2.371806729478146E-03,  5.877120862040645E+00,
2461426.500000000, A.D. 2027-Jan-21 00:00:00.0000,  1.146356918221849E-04,  2.371196395173069E-03,  1.291190795837917E+02,  2.229396019776128E+02,  1.183267305864520E+02,  2.461424613050248E+06,  6.125479604073230E+01,  1.155847221727270E+02,  1.155965696795453E+02,  2.371468250076550E-03,  2.371740104980033E-03,  5.877090828293879E+00,
2461427.500000000, A.D. 2027-Jan-22 00:00:00.0000,  1.075031320218503E-04,  2.371206653074759E-03,  1.291191499058632E+02,  2.229408731274500E+02,  1.092943399619113E+02,  2.461430342622310E+06,  6.125505398369464E+01,  1.858750169217114E+02,  1.858737561371549E+02,  2.371461592623436E-03,  2.371716532172114E-03,  5.877066080063005E+00,
2461428.500000000, A.D. 2027-Jan-23 00:00:00.0000,  1.181229741735578E-04,  2.371197115569275E-03,  1.291186386524310E+02,  2.229414533930349E+02,  9.902908974067985E+01,  2.461430175013018E+06,  6.125444767043214E+01,  2.573980027607138E+02,  2.573847933817369E+02,  2.371477241514228E-03,  2.371757367459180E-03,  5.877124252869134E+00,
2461429.500000000, A.D. 2027-Jan-24 00:00:00.0000,  1.409047646392902E-04,  2.371132835869860E-03,  1.291188966252631E+02,  2.229417820983238E+02,  1.033329371860745E+02,  2.461430245215256E+06,  6.125484498361691E+01,  3.143519549939987E+02,  3.143404078725293E+02,  2.371466986867494E-03,  2.371801137865129E-03,  5.877086132473029E+00,
2461430.500000000, A.D. 2027-Jan-25 00:00:00.0000,  1.454659689550536E-04,  2.371116564550425E-03,  1.291188962987393E+02,  2.229430846351201E+02,  1.104070373879829E+02,  2.461430360652401E+06,  6.125505635193220E+01,  8.535745028916049E+00,  8.538219619073324E+00,  2.371461531499944E-03,  2.371806498449464E-03,  5.877065852844396E+00,
2461431.500000000, A.D. 2027-Jan-26 00:00:00.0000,  1.374084528968289E-04,  2.371150181602707E-03,  1.291183996970270E+02,  2.229435720655502E+02,  1.191302631833806E+02,  2.461430503007542E+06,  6.125449412732826E+01,  6.107026865876112E+01,  6.108405078524674E+01,  2.371476042456783E-03,  2.371801903310859E-03,  5.877119795515355E+00,
2461432.500000000, A.D. 2027-Jan-27 00:00:00.0000,  1.143670662945328E-04,  2.371191923041963E-03,  1.291187074420573E+02,  2.229439581210186E+02,  1.169688702280490E+02,  2.461430467684510E+06,  6.125499401788268E+01,  1.244894731652766E+02,  1.245002742406052E+02,  2.371463140324148E-03,  2.371734357606333E-03,  5.877071833439445E+00,
2461433.500000000, A.D. 2027-Jan-28 00:00:00.0000,  1.088686897896949E-04,  2.371201143089760E-03,  1.291186464238383E+02,  2.229452786489220E+02,  1.085913839747651E+02,  2.461436207937358E+06,  6.125514200748039E+01,  1.941249125917408E+02,  1.941218685300538E+02,  2.371459320758901E-03,  2.371717498428041E-03,  5.877057634704975E+00,
2461434.500000000, A.D. 2027-Jan-29 00:00:00.0000,  1.216891653638845E-04,  2.371185153126875E-03,  1.291181626940658E+02,  2.229456908669733E+02,  9.956431275334971E+01,  2.461436060540485E+06,  6.125458349831032E+01,  2.644097425589927E+02,  2.643958645341781E+02,  2.371473735786465E-03,  2.371762318446056E-03,  5.877111220745308E+00,
2461435.500000000, A.D. 2027-Jan-30 00:00:00.0000,  1.406834955415516E-04,  2.371126884734503E-03,  1.291185085853880E+02,  2.229461225126761E+02,  1.049866617108710E+02,  2.461436149003163E+06,  6.125509592666845E+01,  3.202452490061442E+02,  3.202349380981290E+02,  2.371460510088601E-03,  2.371794135442699E-03,  5.877062055881425E+00,
2461436.500000000, A.D. 2027-Jan-31 00:00:00.0000,  1.439447301128438E-04,  2.371118338367721E-03,  1.291184014028815E+02,  2.229474529642245E+02,  1.115626066691503E+02,  2.461436256310028E+06,  6.125512741080483E+01,  1.492726027333020E+01,  1.493150996287367E+01,  2.371459697493849E-03,  2.371801056619978E-03,  5.877059035167386E+00,
2461437.500000000, A.D. 2027-Feb-01 00:00:00.0000,  1.328326423370829E-04,  2.371159303187998E-03,  1.291179463427342E+02,  2.229478124729637E+02,  1.196772799173876E+02,  2.461436388729924E+06,  6.125456115813637E+01,  6.807036080839266E+01,  6.808448180421304E+01,  2.371474312387147E-03,  2.371789321586296E-03,  5.877113364188744E+00,
2461438.500000000, A.D. 2027-Feb-02 00:00:00.0000,  1.121216256943133E-04,  2.371194751513664E-03,  1.291183108944957E+02,  2.229483064455271E+02,  1.153596681914830E+02,  2.461436318208958E+06,  6.125509075621531E+01,  1.336458083157146E+02,  1.336551046285625E+02,  2.371460643536288E-03,  2.371726535558911E-03,  5.877062551955688E+00,
2461439.500000000, A.D. 2027-Feb-03 00:00:00.0000,  1.087953404274655E-04,  2.371204266712243E-03,  1.291181550425478E+02,  2.229496184364172E+02,  1.066130909641361E+02,  2.461442052438405E+06,  6.125502770932123E+01,  2.036503147733409E+02,  2.036453142033767E+02,  2.371462270757301E-03,  2.371720274802359E-03,  5.877068600937364E+00,
2461440.500000000, A.D. 2027-Feb-04 00:00:00.0000,  1.262957676950993E-04,  2.371176542049667E-03,  1.291177423520676E+02,  2.229499348971445E+02,  9.901639633094815E+01,  2.461441928388787E+06,  6.125449385684806E+01,  2.725047678012936E+02,  2.724903090999001E+02,  2.371476049437902E-03,  2.371775556826136E-03,  5.877119821466831E+00,
2461441.500000000, A.D. 2027-Feb-05 00:00:00.0000,  1.431965170428493E-04,  2.371122745591168E-03,  1.291181142595274E+02,  2.229505065294564E+02,  1.057556505808429E+02,  2.461442038350339E+06,  6.125502538539307E+01,  3.270233363219100E+02,  3.270144035435052E+02,  2.371462330737227E-03,  2.371801915883287E-03,  5.877068823904951E+00,
2461442.500000000, A.D. 2027-Feb-06 00:00:00.0000,  1.457808272959041E-04,  2.371120241536204E-03,  1.291179015816168E+02,  2.229517858779747E+02,  1.129173518305308E+02,  2.461442155219065E+06,  6.125488493205329E+01,  2.111951647125248E+01,  2.112553664047177E+01,  2.371465955805145E-03,  2.371811670074086E-03,  5.877082299629301E+00,
2461443.500000000, A.D. 2027-Feb-07 00:00:00.0000,  1.303746410249205E-04,  2.371168890221803E-03,  1.291175459660016E+02,  2.229520582443343E+02,  1.208586811856496E+02,  2.461442284807486E+06,  6.125441553926424E+01,  7.443590720893015E+01,  7.445029984139425E+01,  2.371478070823985E-03,  2.371787251426167E-03,  5.877127335730417E+00,
2461444.500000000, A.D. 2027-Feb-08 00:00:00.0000,  1.104689548638009E-04,  2.371200300684426E-03,  1.291179184135792E+02,  2.229527241861204E+02,  1.150722681416739E+02,  2.461442190309595E+06,  6.125502759750314E+01,  1.414801494709540E+02,  1.414880323454762E+02,  2.371462273643294E-03,  2.371724246602162E-03,  5.877068611665668E+00,
2461445.500000000, A.D. 2027-Feb-09 00:00:00.0000,  1.075256262220303E-04,  2.371212237856022E-03,  1.291176356225648E+02,  2.229539634572276E+02,  1.054320697980138E+02,  2.461447909961569E+06,  6.125483551096715E+01,  2.123782005378561E+02,  2.123716030399806E+02,  2.371467231355138E-03,  2.371722224854254E-03,  5.877087041325007E+00,
2461446.500000000, A.D. 2027-Feb-10 00:00:00.0000,  1.283685685998986E-04,  2.371171533597727E-03,  1.291173343834225E+02,  2.229541761526340E+02,  9.913364057908291E+01,  2.461447807098293E+06,  6.125449745490457E+01,  2.799343509532734E+02,  2.799198611579155E+02,  2.371475956571742E-03,  2.371780379545757E-03,  5.877119476247947E+00,
2461447.500000000, A.D. 2027-Feb-11 00:00:00.0000,  1.425889226227261E-04,  2.371121416492543E-03,  1.291177177432946E+02,  2.229549318695074E+02,  1.063096858727693E+02,  2.461447924190117E+06,  6.125513272422770E+01,  3.340161780894330E+02,  3.340090183296866E+02,  2.371459560356298E-03,  2.371797704220053E-03,  5.877058525376640E+00,
2461448.500000000, A.D. 2027-Feb-12 00:00:00.0000,  1.449627891115079E-04,  2.371121957923570E-03,  1.291173701903776E+02,  2.229561371185220E+02,  1.134273745072508E+02,  2.461448040340888E+06,  6.125489359522155E+01,  2.815637000391338E+01,  2.816420988880744E+01,  2.371465732210393E-03,  2.371809506497217E-03,  5.877081468444234E+00,
2461449.500000000, A.D. 2027-Feb-13 00:00:00.0000,  1.274075529771492E-04,  2.371171460310465E-03,  1.291171232605500E+02,  2.229562967956338E+02,  1.202130578028041E+02,  2.461448151065746E+06,  6.125458860590577E+01,  8.262841278815380E+01,  8.264289224508066E+01,  2.371473603959295E-03,  2.371775747608125E-03,  5.877110730693751E+00,
2461450.500000000, A.D. 2027-Feb-14 00:00:00.0000,  1.118287759961964E-04,  2.371190840430032E-03,  1.291175109220773E+02,  2.229571268343975E+02,  1.135420265553528E+02,  2.461448042132249E+06,  6.125526921999245E+01,  1.505573507817590E+02,  1.505636490754708E+02,  2.371456037456031E-03,  2.371721234482029E-03,  5.877045429464922E+00,
2461451.500000000, A.D. 2027-Feb-15 00:00:00.0000,  1.100268662806469E-04,  2.371204438462969E-03,  1.291171150985722E+02,  2.229582953657022E+02,  1.045261834159041E+02,  2.461453771963285E+06,  6.125490788610842E+01,  2.208310982561102E+02,  2.208228555097090E+02,  2.371465363365393E-03,  2.371726288267817E-03,  5.877080097309915E+00,
2461452.500000000, A.D. 2027-Feb-16 00:00:00.0000,  1.316524358389797E-04,  2.371158693831193E-03,  1.291169120086171E+02,  2.229584202782446E+02,  1.005160805651432E+02,  2.461453706455369E+06,  6.125469322459746E+01,  2.860989464641323E+02,  2.860844511638134E+02,  2.371470903752194E-03,  2.371783113673194E-03,  5.877100693003523E+00,
2461453.500000000, A.D. 2027-Feb-17 00:00:00.0000,  1.421712116434680E-04,  2.371118577985230E-03,  1.291172977933718E+02,  2.229593141494754E+02,  1.077063769756026E+02,  2.461453823783046E+06,  6.125528110459728E+01,  3.401665784893489E+02,  3.401610500350189E+02,  2.371455730719825E-03,  2.371792883454420E-03,  5.877044289214462E+00,
2461454.500000000, A.D. 2027-Feb-18 00:00:00.0000,  1.431725694781639E-04,  2.371127070127011E-03,  1.291168694217654E+02,  2.229604398374802E+02,  1.148509631226057E+02,  2.461453940372707E+06,  6.125486000788980E+01,  3.427989150623281E+01,  3.428913353137106E+01,  2.371466599093435E-03,  2.371806128059859E-03,  5.877084690971965E+00,
2461455.500000000, A.D. 2027-Feb-19 00:00:00.0000,  1.227538587869154E-04,  2.371181558141735E-03,  1.291167240657991E+02,  2.229605617287141E+02,  1.201834411586840E+02,  2.461454027373920E+06,  6.125462496376884E+01,  9.020515824698337E+01,  9.021922470499261E+01,  2.371472665562440E-03,  2.371763772983146E-03,  5.877107242317366E+00,
2461456.500000000, A.D. 2027-Feb-20 00:00:00.0000,  1.098712722324951E-04,  2.371197018056770E-03,  1.291170797553638E+02,  2.229615176984796E+02,  1.122842116908681E+02,  2.461453898388286E+06,  6.125520972029815E+01,  1.593622711488637E+02,  1.593667081372305E+02,  2.371457573117373E-03,  2.371718128177977E-03,  5.877051138079880E+00,
2461457.500000000, A.D. 2027-Feb-21 00:00:00.0000,  1.109007822436665E-04,  2.371207950146794E-03,  1.291166290267623E+02,  2.229625738701826E+02,  1.022833345399114E+02,  2.461459612148444E+06,  6.125469150519022E+01,  2.306209986682800E+02,  2.306111764515061E+02,  2.371470948130010E-03,  2.371733946113227E-03,  5.877100857972594E+00,
2461458.500000000, A.D. 2027-Feb-22 00:00:00.0000,  1.353953511789831E-04,  2.371152286623544E-03,  1.291165419114795E+02,  2.229627083703706E+02,  1.005452276628481E+02,  2.461459583725518E+06,  6.125459755071018E+01,  2.936168295712122E+02,  2.936026129141816E+02,  2.371473373093706E-03,  2.371794459563868E-03,  5.877109872478889E+00,
2461459.500000000, A.D. 2027-Feb-23 00:00:00.0000,  1.445206084362213E-04,  2.371117143542570E-03,  1.291168569254211E+02,  2.229637358237824E+02,  1.082022763653609E+02,  2.461459708673689E+06,  6.125512079034338E+01,  3.472176679995872E+02,  3.472140033043914E+02,  2.371459868365629E-03,  2.371802593188687E-03,  5.877059670360694E+00,
2461460.500000000, A.D. 2027-Feb-24 00:00:00.0000,  1.440775128166364E-04,  2.371131287611690E-03,  1.291163749350615E+02,  2.229647123182821E+02,  1.162564842984361E+02,  2.461459840110783E+06,  6.125461341880489E+01,  4.042125886353018E+01,  4.043196549862002E+01,  2.371472963537989E-03,  2.371814639464288E-03,  5.877108350005218E+00,
2461461.500000000, A.D. 2027-Feb-25 00:00:00.0000,  1.205467476747047E-04,  2.371187562463590E-03,  1.291163623998193E+02,  2.229648592530049E+02,  1.203354697257127E+02,  2.461459906649902E+06,  6.125459511833007E+01,  9.760001511670261E+01,  9.761370713761248E+01,  2.371473435873483E-03,  2.371759309283374E-03,  5.877110105855098E+00,
2461462.500000000, A.D. 2027-Feb-26 00:00:00.0000,  1.089218061641060E-04,  2.371200951935584E-03,  1.291166299293094E+02,  2.229659647186806E+02,  1.120642640363698E+02,  2.461459771590792E+06,  6.125514453358968E+01,  1.671291004007943E+02,  1.671318803528004E+02,  2.371459255560943E-03,  2.371717559186303E-03,  5.877057392340189E+00,
2461463.500000000, A.D. 2027-Feb-27 00:00:00.0000,  1.118122325855550E-04,  2.371207950658297E-03,  1.291161175783002E+02,  2.229668503904972E+02,  1.013945696098818E+02,  2.461465474437695E+06,  6.125460773018633E+01,  2.390565935193431E+02,  2.390456051362092E+02,  2.371473110361283E-03,  2.371738270064270E-03,  5.877108895802978E+00,
2461464.500000000, A.D. 2027-Feb-28 00:00:00.0000,  1.362720925799025E-04,  2.371146475803125E-03,  1.291161708304751E+02,  2.229670014155130E+02,  1.015068843651443E+02,  2.461465476217947E+06,  6.125474215221736E+01,  3.002020214095483E+02,  3.001885243333939E+02,  2.371469640933585E-03,  2.371792806064044E-03,  5.877095998631485E+00,
2461465.500000000, A.D. 2027-Mar-01 00:00:00.0000,  1.432298394562931E-04,  2.371116971914666E-03,  1.291164018806622E+02,  2.229681729301990E+02,  1.087256703300625E+02,  2.461465594013350E+06,  6.125524605757058E+01,  3.542411891166008E+02,  3.542395419322376E+02,  2.371456635267813E-03,  2.371796298620960E-03,  5.877047651749777E+00,
2461466.500000000, A.D. 2027-Mar-02 00:00:00.0000,  1.415582899536604E-04,  2.371135469692945E-03,  1.291158609018208E+02,  2.229689872225100E+02,  1.167863545785993E+02,  2.461465725556056E+06,  6.125468286640754E+01,  4.743831818309722E+01,  4.745026746792607E+01,  2.371471171096601E-03,  2.371806872500256E-03,  5.877101686823462E+00,
2461467.500000000, A.D. 2027-Mar-03 00:00:00.0000,  1.182571796483331E-04,  2.371186511208058E-03,  1.291159739479676E+02,  2.229691441129679E+02,  1.186788584396137E+02,  2.461465756405723E+06,  6.125484624925041E+01,  1.068035993587833E+02,  1.068165714576173E+02,  2.371466954201692E-03,  2.371747397195325E-03,  5.877086011042030E+00,
2461468.500000000, A.D. 2027-Mar-04 00:00:00.0000,  1.101993741555343E-04,  2.371194313911657E-03,  1.291161716001643E+02,  2.229703656278586E+02,  1.106439563150560E+02,  2.461465625203787E+06,  6.125528435456068E+01,  1.760964594945579E+02,  1.760973190464629E+02,  2.371455646839775E-03,  2.371716979767894E-03,  5.877043977401708E+00,
2461469.500000000, A.D. 2027-Mar-05 00:00:00.0000,  1.158601267948512E-04,  2.371197153873409E-03,  1.291156254513950E+02,  2.229711146090129E+02,  1.007291133641492E+02,  2.461471340364072E+06,  6.125465412505729E+01,  2.472691352891271E+02,  2.472568905738821E+02,  2.371471912909928E-03,  2.371746671946448E-03,  5.877104444423524E+00,
2461470.500000000, A.D. 2027-Mar-06 00:00:00.0000,  1.388971011609645E-04,  2.371136730413323E-03,  1.291157823444134E+02,  2.229713006704574E+02,  1.029988031561169E+02,  2.461471377363233E+06,  6.125487856324543E+01,  3.062572216789904E+02,  3.062443858240284E+02,  2.371466120182918E-03,  2.371795509952513E-03,  5.877082910682802E+00,
2461471.500000000, A.D. 2027-Mar-07 00:00:00.0000,  1.436433460403907E-04,  2.371116606448926E-03,  1.291159374588356E+02,  2.229725503875951E+02,  1.100344797851049E+02,  2.461471492172127E+06,  6.125522222007345E+01,  4.794981084678256E-01,  4.796358850226496E-01,  2.371457250503380E-03,  2.371797894557835E-03,  5.877049938805500E+00,
2461472.500000000, A.D. 2027-Mar-08 00:00:00.0000,  1.388751850745024E-04,  2.371144901925450E-03,  1.291154007829992E+02,  2.229732363431237E+02,  1.184291732040128E+02,  2.461471629165006E+06,  6.125456392983268E+01,  5.334261779357886E+01,  5.335538558399354E+01,  2.371474240849547E-03,  2.371803579773645E-03,  5.877113098256340E+00,
2461473.500000000, A.D. 2027-Mar-09 00:00:00.0000,  1.145700510194687E-04,  2.371195889005654E-03,  1.291155989761710E+02,  2.229734755216381E+02,  1.182041126713485E+02,  2.461471625446358E+06,  6.125482168628364E+01,  1.148254490603414E+02,  1.148373638900065E+02,  2.371467588168222E-03,  2.371739287330789E-03,  5.877088367732727E+00,
2461474.500000000, A.D. 2027-Mar-10 00:00:00.0000,  1.078646187020240E-04,  2.371205078837521E-03,  1.291156955094221E+02,  2.229747433723260E+02,  1.092385542968768E+02,  2.461477356107353E+06,  6.125508176639477E+01,  1.850489105605579E+02,  1.850478229180965E+02,  2.371460875560630E-03,  2.371716672283739E-03,  5.877063414475762E+00,
2461475.500000000, A.D. 2027-Mar-11 00:00:00.0000,  1.183332583843498E-04,  2.371196774448471E-03,  1.291151801637738E+02,  2.229753539158348E+02,  9.905828717120947E+01,  2.461477189886678E+06,  6.125444156499632E+01,  2.564869352207845E+02,  2.564737510698543E+02,  2.371477399096290E-03,  2.371758023744110E-03,  5.877124838661837E+00,
2461476.500000000, A.D. 2027-Mar-12 00:00:00.0000,  1.412908216380927E-04,  2.371132756765883E-03,  1.291154206666526E+02,  2.229756630345901E+02,  1.033500640380142E+02,  2.461477259892405E+06,  6.125481257213555E+01,  3.134529331644707E+02,  3.134411782408137E+02,  2.371467823403140E-03,  2.371802890040397E-03,  5.877089242188977E+00,
2461477.500000000, A.D. 2027-Mar-13 00:00:00.0000,  1.457591373893359E-04,  2.371116534495100E-03,  1.291154435570319E+02,  2.229769535791267E+02,  1.105899242233913E+02,  2.461477378035186E+06,  6.125503057560810E+01,  7.470958417808315E+00,  7.473130564754967E+00,  2.371462196779255E-03,  2.371807859063409E-03,  5.877068325933590E+00,
2461478.500000000, A.D. 2027-Mar-14 00:00:00.0000,  1.377003027432966E-04,  2.371150476576762E-03,  1.291149454048576E+02,  2.229774715094815E+02,  1.193757487086281E+02,  2.461477521411898E+06,  6.125445587777595E+01,  5.994288170816180E+01,  5.995654028160182E+01,  2.371477029681698E-03,  2.371803582786635E-03,  5.877123465406759E+00,
2461479.500000000, A.D. 2027-Mar-15 00:00:00.0000,  1.138819174969333E-04,  2.371195177671725E-03,  1.291152370119933E+02,  2.229778456178876E+02,  1.174677062668944E+02,  2.461477490222875E+06,  6.125491248452973E+01,  1.231087219189314E+02,  1.231196521348828E+02,  2.371465244681067E-03,  2.371735311690409E-03,  5.877079656116071E+00,
2461480.500000000, A.D. 2027-Mar-16 00:00:00.0000,  1.080674883795313E-04,  2.371204657784173E-03,  1.291151913871435E+02,  2.229791560646725E+02,  1.087346661187974E+02,  2.461483224677236E+06,  6.125507943972322E+01,  1.930996794297232E+02,  1.930968731023245E+02,  2.371460935611275E-03,  2.371717213438376E-03,  5.877063637706168E+00,
2461481.500000000, A.D. 2027-Mar-17 00:00:00.0000,  1.208860931720966E-04,  2.371188731853830E-03,  1.291147100140591E+02,  2.229795889809017E+02,  9.932140953591420E+01,  2.461483070975205E+06,  6.125451862184788E+01,  2.637706700423291E+02,  2.637568995339367E+02,  2.371475410251229E-03,  2.371762088648628E-03,  5.877117445366674E+00,
2461482.500000000, A.D. 2027-Mar-18 00:00:00.0000,  1.404364404597096E-04,  2.371128140657848E-03,  1.291150441273239E+02,  2.229800164184312E+02,  1.047410697689322E+02,  2.461483159392760E+06,  6.125506996214011E+01,  3.196088503589984E+02,  3.195984207739678E+02,  2.371461180224687E-03,  2.371794219791526E-03,  5.877064547024515E+00,
2461483.500000000, A.D. 2027-Mar-19 00:00:00.0000,  1.440917232558002E-04,  2.371117827672261E-03,  1.291149412944991E+02,  2.229813460084494E+02,  1.113051681069784E+02,  2.461483266506136E+06,  6.125513369258502E+01,  1.430269786877002E+01,  1.430677770662549E+01,  2.371459535363343E-03,  2.371801243054425E-03,  5.877058432468629E+00,
2461484.500000000, A.D. 2027-Mar-20 00:00:00.0000,  1.334640927838311E-04,  2.371156474244337E-03,  1.291144775009289E+02,  2.229817079745717E+02,  1.193722196045468E+02,  2.461483398149552E+06,  6.125461275254072E+01,  6.749342250732124E+01,  6.750755242035612E+01,  2.371472980734272E-03,  2.371789487224207E-03,  5.877108413930311E+00,
2461485.500000000, A.D. 2027-Mar-21 00:00:00.0000,  1.129586935817092E-04,  2.371191695056963E-03,  1.291148468652627E+02,  2.229821905482008E+02,  1.154881067156500E+02,  2.461483334705784E+06,  6.125513227184623E+01,  1.326353836515427E+02,  1.326449054519640E+02,  2.371459572032102E-03,  2.371727449007241E-03,  5.877058568779900E+00,
2461486.500000000, A.D. 2027-Mar-22 00:00:00.0000,  1.095449081758795E-04,  2.371200296835819E-03,  1.291146978941516E+02,  2.229835130966128E+02,  1.071194419978815E+02,  2.461489075099195E+06,  6.125511265979241E+01,  2.022620086711358E+02,  2.022572536922570E+02,  2.371460078212330E-03,  2.371719859588840E-03,  5.877060450438162E+00,
2461487.500000000, A.D. 2027-Mar-23 00:00:00.0000,  1.257126856499289E-04,  2.371176663111316E-03,  1.291142727083240E+02,  2.229838307325645E+02,  9.937067418071716E+01,  2.461488948569613E+06,  6.125454274714253E+01,  2.712685307184202E+02,  2.712541285863679E+02,  2.371474787575814E-03,  2.371772912040311E-03,  5.877115130645453E+00,
2461488.500000000, A.D. 2027-Mar-24 00:00:00.0000,  1.422697269408396E-04,  2.371122826423708E-03,  1.291146490720091E+02,  2.229843790648642E+02,  1.059819683574494E+02,  2.461489056442183E+06,  6.125510742111805E+01,  3.259150742862816E+02,  3.259059364455423E+02,  2.371460213420722E-03,  2.371797600417737E-03,  5.877060953057573E+00,
2461489.500000000, A.D. 2027-Mar-25 00:00:00.0000,  1.450127696587762E-04,  2.371120181361272E-03,  1.291144499642721E+02,  2.229856770658922E+02,  1.128353433924590E+02,  2.461489168278206E+06,  6.125495784509687E+01,  2.031960453311294E+01,  2.032537595924533E+01,  2.371464073934780E-03,  2.371807966508287E-03,  5.877075304016654E+00,
2461490.500000000, A.D. 2027-Mar-26 00:00:00.0000,  1.301112436030422E-04,  2.371167587243193E-03,  1.291140723115115E+02,  2.229859541400488E+02,  1.205757293084692E+02,  2.461489294586918E+06,  6.125449023363635E+01,  7.383696384931818E+01,  7.385128482111553E+01,  2.371476142953328E-03,  2.371784698663463E-03,  5.877120169099294E+00,
2461491.500000000, A.D. 2027-Mar-27 00:00:00.0000,  1.103789778529626E-04,  2.371200334397700E-03,  1.291144529178509E+02,  2.229865911174320E+02,  1.150167325609870E+02,  2.461489203800364E+06,  6.125503455936447E+01,  1.406537880574883E+02,  1.406618064111835E+02,  2.371462093959649E-03,  2.371723853521597E-03,  5.877067943715074E+00,
2461492.500000000, A.D. 2027-Mar-28 00:00:00.0000,  1.078620939745481E-04,  2.371210872963436E-03,  1.291141926460922E+02,  2.229878455772643E+02,  1.054621446947506E+02,  2.461494924848662E+06,  6.125485748055058E+01,  2.114662408022485E+02,  2.114597896278411E+02,  2.371466664323641E-03,  2.371722455683846E-03,  5.877084933457006E+00,
2461493.500000000, A.D. 2027-Mar-29 00:00:00.0000,  1.285280927588287E-04,  2.371172921012904E-03,  1.291138795297481E+02,  2.229880786452081E+02,  9.887020863085407E+01,  2.461494817196310E+06,  6.125442903405253E+01,  2.793158921012287E+02,  2.793013577416867E+02,  2.371477722521599E-03,  2.371782524030294E-03,  5.877126040957283E+00,
2461494.500000000, A.D. 2027-Mar-30 00:00:00.0000,  1.431814260318714E-04,  2.371121509685964E-03,  1.291142554287408E+02,  2.229888103857803E+02,  1.062481520282061E+02,  2.461494937583545E+06,  6.125507466434936E+01,  3.331957872832043E+02,  3.331883873039283E+02,  2.371461058862151E-03,  2.371800608038338E-03,  5.877064095875163E+00,
2461495.500000000, A.D. 2027-Mar-31 00:00:00.0000,  1.459293841427660E-04,  2.371121643643708E-03,  1.291139274370977E+02,  2.229900190479670E+02,  1.135539840921690E+02,  2.461495056805303E+06,  6.125481694786272E+01,  2.714781001858536E+01,  2.715544142393049E+01,  2.371467710466211E-03,  2.371813777288715E-03,  5.877088822360132E+00,
2461496.500000000, A.D. 2027-Apr-01 00:00:00.0000,  1.280735965062945E-04,  2.371170913336597E-03,  1.291136689507670E+02,  2.229901974782418E+02,  1.204868966690717E+02,  2.461495169933672E+06,  6.125454859577346E+01,  8.147261251076911E+01,  8.148712676481222E+01,  2.371474636622333E-03,  2.371778359908068E-03,  5.877114569494025E+00,
2461497.500000000, A.D. 2027-Apr-02 00:00:00.0000,  1.112713099859988E-04,  2.371194205957392E-03,  1.291140518426880E+02,  2.229910158626416E+02,  1.140899968228807E+02,  2.461495065473014E+06,  6.125519003431329E+01,  1.491274131564122E+02,  1.491339551775424E+02,  2.371458081204665E-03,  2.371721956451937E-03,  5.877053026826608E+00,
2461498.500000000, A.D. 2027-Apr-03 00:00:00.0000,  1.093436134359516E-04,  2.371206490932687E-03,  1.291136646176043E+02,  2.229921861795912E+02,  1.048433771099371E+02,  2.461500791540883E+06,  6.125489114028218E+01,  2.196319126727402E+02,  2.196239213076384E+02,  2.371465795571914E-03,  2.371725100211141E-03,  5.877081703982628E+00,
2461499.500000000, A.D. 2027-Apr-04 00:00:00.0000,  1.309498751687566E-04,  2.371161917181050E-03,  1.291134612667516E+02,  2.229923205566801E+02,  1.001965006455785E+02,  2.461500715638186E+06,  6.125463288157838E+01,  2.855365291926435E+02,  2.855220711204911E+02,  2.371472461203810E-03,  2.371783005226571E-03,  5.877106482639060E+00,
2461500.500000000, A.D. 2027-Apr-05 00:00:00.0000,  1.418164389844717E-04,  2.371119318552339E-03,  1.291138426152456E+02,  2.229932083045008E+02,  1.074535056083158E+02,  2.461500834053745E+06,  6.125528500915549E+01,  3.395374426818568E+02,  3.395317604782547E+02,  2.371455629944987E-03,  2.371791941337636E-03,  5.877043914597618E+00,
2461501.500000000, A.D. 2027-Apr-06 00:00:00.0000,  1.435770800246365E-04,  2.371125893834616E-03,  1.291134162131158E+02,  2.229943364548239E+02,  1.145959148086919E+02,  2.461500950607961E+06,  6.125486841710066E+01,  3.365293708940374E+01,  3.366205590609357E+01,  2.371466382053128E-03,  2.371806870271639E-03,  5.877083884152104E+00,
2461502.500000000, A.D. 2027-Apr-07 00:00:00.0000,  1.236440481866585E-04,  2.371177819009993E-03,  1.291132599961908E+02,  2.229944516530469E+02,  1.199174119213194E+02,  2.461501037431353E+06,  6.125468805074026E+01,  8.958918620218105E+01,  8.960335441778429E+01,  2.371471037289202E-03,  2.371764255568410E-03,  5.877101189410912E+00,
2461503.500000000, A.D. 2027-Apr-08 00:00:00.0000,  1.106586848597968E-04,  2.371193629533907E-03,  1.291136272052023E+02,  2.229953983857688E+02,  1.124083978110220E+02,  2.461500914816217E+06,  6.125526866648542E+01,  1.583561271809546E+02,  1.583608036285267E+02,  2.371456051741796E-03,  2.371718473949684E-03,  5.877045482570328E+00,
2461504.500000000, A.D. 2027-Apr-09 00:00:00.0000,  1.113597573338786E-04,  2.371204614787440E-03,  1.291131763848989E+02,  2.229964736088693E+02,  1.028532966803286E+02,  2.461506635847908E+06,  6.125477857107045E+01,  2.291691093094834E+02,  2.291594547558534E+02,  2.371468700966505E-03,  2.371732787145569E-03,  5.877092504420898E+00,
2461505.500000000, A.D. 2027-Apr-10 00:00:00.0000,  1.352547887486344E-04,  2.371152062058467E-03,  1.291130757867873E+02,  2.229965971408907E+02,  1.007365338245137E+02,  2.461506601245669E+06,  6.125461916947764E+01,  2.925436159251086E+02,  2.925293002549513E+02,  2.371472815113099E-03,  2.371793568167730E-03,  5.877107798253738E+00,
2461506.500000000, A.D. 2027-Apr-11 00:00:00.0000,  1.441636164205033E-04,  2.371117141046203E-03,  1.291134068670847E+02,  2.229976045881577E+02,  1.083771514754049E+02,  2.461506725925755E+06,  6.125515369320730E+01,  3.461608831774974E+02,  3.461569309771388E+02,  2.371459019154598E-03,  2.371800897262993E-03,  5.877056513530893E+00,
2461507.500000000, A.D. 2027-Apr-12 00:00:00.0000,  1.438773257911445E-04,  2.371131524265679E-03,  1.291129353265433E+02,  2.229986070581930E+02,  1.163541322713962E+02,  2.461506856102049E+06,  6.125462264462275E+01,  3.944172601563591E+01,  3.945220162848241E+01,  2.371472725419599E-03,  2.371813926573519E-03,  5.877107464829067E+00,
2461508.500000000, A.D. 2027-Apr-13 00:00:00.0000,  1.204108359042717E-04,  2.371188122532794E-03,  1.291128988327928E+02,  2.229987506548238E+02,  1.204605816992775E+02,  2.461506923089302E+06,  6.125458590537099E+01,  9.659301183627355E+01,  9.660671841499638E+01,  2.371473673660165E-03,  2.371759224787536E-03,  5.877110989798301E+00,
2461509.500000000, A.D. 2027-Apr-14 00:00:00.0000,  1.084787875992322E-04,  2.371202808663184E-03,  1.291131813967875E+02,  2.229998287440984E+02,  1.120163549181018E+02,  2.461506785204324E+06,  6.125511329663949E+01,  1.662951166859681E+02,  1.662980614039399E+02,  2.371460061775525E-03,  2.371717314887866E-03,  5.877060389336508E+00,
2461510.500000000, A.D. 2027-Apr-15 00:00:00.0000,  1.116808058548192E-04,  2.371209076403680E-03,  1.291126829400457E+02,  2.230007426171808E+02,  1.012694187332490E+02,  2.461512486792755E+06,  6.125457618579776E+01,  2.382998518202286E+02,  2.382889642300411E+02,  2.371473924522635E-03,  2.371738772641590E-03,  5.877111922349209E+00,
2461511.500000000, A.D. 2027-Apr-16 00:00:00.0000,  1.368421192871508E-04,  2.371147532828946E-03,  1.291127162214817E+02,  2.230008997628793E+02,  1.011941810987998E+02,  2.461512485511678E+06,  6.125464881005191E+01,  2.996328282658038E+02,  2.996191970450988E+02,  2.371472050090110E-03,  2.371796567351274E-03,  5.877104954374072E+00,
2461512.500000000, A.D. 2027-Apr-17 00:00:00.0000,  1.442452562809934E-04,  2.371116835489068E-03,  1.291129534060270E+02,  2.230020482681069E+02,  1.086988577288544E+02,  2.461512607973551E+06,  6.125515803142223E+01,  3.533860630658330E+02,  3.533841589014620E+02,  2.371458907186895E-03,  2.371800978884722E-03,  5.877056097305794E+00,
2461513.500000000, A.D. 2027-Apr-18 00:00:00.0000,  1.426007087260156E-04,  2.371134952182552E-03,  1.291124256358343E+02,  2.230028797517832E+02,  1.169669604742061E+02,  2.461512742901928E+06,  6.125460712694166E+01,  4.637574494557594E+01,  4.638757520354564E+01,  2.371473125931034E-03,  2.371811299679517E-03,  5.877108953681638E+00,
2461514.500000000, A.D. 2027-Apr-19 00:00:00.0000,  1.187726574646965E-04,  2.371186526075524E-03,  1.291125235890547E+02,  2.230030434068197E+02,  1.191286313795312E+02,  2.461512778145526E+06,  6.125479830427696E+01,  1.054718484988949E+02,  1.054849651067447E+02,  2.371468191654740E-03,  2.371749857233956E-03,  5.877090611118115E+00,
2461515.500000000, A.D. 2027-Apr-20 00:00:00.0000,  1.100315636497606E-04,  2.371195178719939E-03,  1.291127233582975E+02,  2.230042554922724E+02,  1.111030175089097E+02,  2.461512647095785E+06,  6.125526626417804E+01,  1.747554073540145E+02,  1.747565597266077E+02,  2.371456113744262E-03,  2.371717048768584E-03,  5.877045713056140E+00,
2461516.500000000, A.D. 2027-Apr-21 00:00:00.0000,  1.152200106328552E-04,  2.371197994938616E-03,  1.291121767806001E+02,  2.230050121182466E+02,  1.010985857581020E+02,  2.461518360793732E+06,  6.125468035640627E+01,  2.460176747511811E+02,  2.460056120408452E+02,  2.371471235879630E-03,  2.371744476820644E-03,  5.877101927646411E+00,
2461517.500000000, A.D. 2027-Apr-22 00:00:00.0000,  1.381686040954801E-04,  2.371138097092401E-03,  1.291123291984730E+02,  2.230051906281023E+02,  1.029528875679257E+02,  2.461518391012144E+06,  6.125489254927752E+01,  3.054211468576069E+02,  3.054082430697329E+02,  2.371465759206010E-03,  2.371793421319620E-03,  5.877081568797006E+00,
2461518.500000000, A.D. 2027-Apr-23 00:00:00.0000,  1.430035281012286E-04,  2.371116750346106E-03,  1.291124935721186E+02,  2.230064384112626E+02,  1.099182579529007E+02,  2.461518504673007E+06,  6.125527544066773E+01,  3.597137536641458E+02,  3.597136717813779E+02,  2.371455876903239E-03,  2.371795003460372E-03,  5.877044832631572E+00,
2461519.500000000, A.D. 2027-Apr-24 00:00:00.0000,  1.390160873872628E-04,  2.371143196590517E-03,  1.291119480860027E+02,  2.230071367837113E+02,  1.181207590127237E+02,  2.461518638529247E+06,  6.125461706343076E+01,  5.276906108839479E+01,  5.278174599680413E+01,  2.371472869470176E-03,  2.371802542349835E-03,  5.877108000319560E+00,
2461520.500000000, A.D. 2027-Apr-25 00:00:00.0000,  1.152489128122077E-04,  2.371192361733184E-03,  1.291121403335959E+02,  2.230073539904288E+02,  1.179499471412941E+02,  2.461518635697400E+06,  6.125489598334087E+01,  1.141976618588196E+02,  1.142097073306605E+02,  2.371465670573490E-03,  2.371738979413795E-03,  5.877081239316887E+00,
2461521.500000000, A.D. 2027-Apr-26 00:00:00.0000,  1.089141564219538E-04,  2.371200248925997E-03,  1.291122554471059E+02,  2.230086285860128E+02,  1.094428826469399E+02,  2.461524373836500E+06,  6.125517247778583E+01,  1.839626495439343E+02,  1.839617871717677E+02,  2.371458534331754E-03,  2.371716819737510E-03,  5.877054711266284E+00,
2461522.500000000, A.D. 2027-Apr-27 00:00:00.0000,  1.186777554210197E-04,  2.371193604759211E-03,  1.291117269275043E+02,  2.230092564909108E+02,  9.962220924127573E+01,  2.461524213487437E+06,  6.125453273093539E+01,  2.550411277087714E+02,  2.550279896104501E+02,  2.371475046094718E-03,  2.371756487430226E-03,  5.877116091658456E+00,
2461523.500000000, A.D. 2027-Apr-28 00:00:00.0000,  1.412225767246079E-04,  2.371132317115753E-03,  1.291119611984461E+02,  2.230095383744486E+02,  1.035658323237297E+02,  2.461524277811790E+06,  6.125483588011694E+01,  3.123552664390127E+02,  3.123433061404481E+02,  2.371467221827437E-03,  2.371802126539121E-03,  5.877087005906981E+00,
2461524.500000000, A.D. 2027-Apr-29 00:00:00.0000,  1.453623236001175E-04,  2.371116682038691E-03,  1.291120109441981E+02,  2.230108234934020E+02,  1.108111602425632E+02,  2.461524396043823E+06,  6.125506132376027E+01,  6.367842011131715E+00,  6.369689824581983E+00,  2.371461403178584E-03,  2.371806124318478E-03,  5.877065375826493E+00,
2461525.500000000, A.D. 2027-Apr-30 00:00:00.0000,  1.378717768010590E-04,  2.371150976231876E-03,  1.291115087816697E+02,  2.230113732910377E+02,  1.196039519881993E+02,  2.461524539534037E+06,  6.125442075873976E+01,  5.883278620970392E+01,  5.884630594669131E+01,  2.371477936108572E-03,  2.371804895985268E-03,  5.877126834941710E+00,
2461526.500000000, A.D. 2027-May-01 00:00:00.0000,  1.135403392300903E-04,  2.371197056008744E-03,  1.291117824285049E+02,  2.230117288420755E+02,  1.177305736865246E+02,  2.461524508910183E+06,  6.125487108874675E+01,  1.219639500441858E+02,  1.219749873047669E+02,  2.371466313098406E-03,  2.371735570188068E-03,  5.877083627821661E+00,
2461527.500000000, A.D. 2027-May-02 00:00:00.0000,  1.073547088687292E-04,  2.371207839874927E-03,  1.291117560689418E+02,  2.230130335323006E+02,  1.088212464196935E+02,  2.461530240491071E+06,  6.125502163501510E+01,  1.921311601756866E+02,  1.921285752577506E+02,  2.371462427533427E-03,  2.371717015191929E-03,  5.877069183732258E+00,
2461528.500000000, A.D. 2027-May-03 00:00:00.0000,  1.205001805432310E-04,  2.371190385887507E-03,  1.291112727034453E+02,  2.230134894125480E+02,  9.923483972309462E+01,  2.461530083960522E+06,  6.125448999193594E+01,  2.629753060251165E+02,  2.629616016256946E+02,  2.371476149191639E-03,  2.371761912495771E-03,  5.877120192289471E+00,
2461529.500000000, A.D. 2027-May-04 00:00:00.0000,  1.408844523686757E-04,  2.371129220592097E-03,  1.291115971910009E+02,  2.230139121075420E+02,  1.044148889290914E+02,  2.461530168466806E+06,  6.125498694382859E+01,  3.190530745189445E+02,  3.190424928746602E+02,  2.371463322903658E-03,  2.371797425215218E-03,  5.877072512155189E+00,
2461530.500000000, A.D. 2027-May-05 00:00:00.0000,  1.446304787102328E-04,  2.371117412526719E-03,  1.291115037822304E+02,  2.230152310859567E+02,  1.112129035922947E+02,  2.461530279398142E+06,  6.125510027036195E+01,  1.351298894854999E+01,  1.351686227356534E+01,  2.371460397979322E-03,  2.371803383431924E-03,  5.877061639129904E+00,
2461531.500000000, A.D. 2027-May-06 00:00:00.0000,  1.346983384897865E-04,  2.371155241361832E-03,  1.291110440469293E+02,  2.230156073152891E+02,  1.195800881574587E+02,  2.461530415940963E+06,  6.125454710650875E+01,  6.640354532201614E+01,  6.641769098447405E+01,  2.371474675060333E-03,  2.371794108758834E-03,  5.877114712382673E+00,
2461532.500000000, A.D. 2027-May-07 00:00:00.0000,  1.135772187968204E-04,  2.371190402836037E-03,  1.291114033323814E+02,  2.230160859613919E+02,  1.159092970418189E+02,  2.461530355980459E+06,  6.125512550668345E+01,  1.313321860967207E+02,  1.313419580490965E+02,  2.371459746638549E-03,  2.371729090441061E-03,  5.877059217856323E+00,
2461533.500000000, A.D. 2027-May-08 00:00:00.0000,  1.092039756395341E-04,  2.371201082104802E-03,  1.291112563705901E+02,  2.230174105457461E+02,  1.076931288898174E+02,  2.461536098863757E+06,  6.125511356028694E+01,  2.008063054572869E+02,  2.008018609804252E+02,  2.371460054970875E-03,  2.371719027836949E-03,  5.877060364041117E+00,
2461534.500000000, A.D. 2027-May-09 00:00:00.0000,  1.247343289257687E-04,  2.371177318620728E-03,  1.291108215385811E+02,  2.230177266503857E+02,  9.978753340663215E+01,  2.461535969772449E+06,  6.125460725099342E+01,  2.699696658772040E+02,  2.699553723793197E+02,  2.371473122729257E-03,  2.371768926837786E-03,  5.877108941779421E+00,
2461535.500000000, A.D. 2027-May-10 00:00:00.0000,  1.414873709917321E-04,  2.371123552277856E-03,  1.291112052728824E+02,  2.230182641665710E+02,  1.059787877584281E+02,  2.461536070788345E+06,  6.125515118893109E+01,  3.250362736284801E+02,  3.250269811487653E+02,  2.371459083789035E-03,  2.371794615300215E-03,  5.877056753800855E+00,
2461536.500000000, A.D. 2027-May-11 00:00:00.0000,  1.441564295568387E-04,  2.371119938889650E-03,  1.291110134411398E+02,  2.230195728973966E+02,  1.126417126196778E+02,  2.461536179515527E+06,  6.125504593508568E+01,  1.963129111747513E+01,  1.963684191900148E+01,  2.371461800355620E-03,  2.371803661821589E-03,  5.877066852280312E+00,
2461537.500000000, A.D. 2027-May-12 00:00:00.0000,  1.303174533119516E-04,  2.371166344017104E-03,  1.291106241751667E+02,  2.230198520949074E+02,  1.204487545615330E+02,  2.461536306912457E+06,  6.125451945876471E+01,  7.308200411051406E+01,  7.309629178874332E+01,  2.371475388650345E-03,  2.371784433283586E-03,  5.877117365067971E+00,
2461538.500000000, A.D. 2027-May-13 00:00:00.0000,  1.108223436759498E-04,  2.371198141815565E-03,  1.291110079572817E+02,  2.230204641418790E+02,  1.149334906490594E+02,  2.461536216840712E+06,  6.125507877853713E+01,  1.398551020368484E+02,  1.398632887019490E+02,  2.371460952676276E-03,  2.371723763536987E-03,  5.877063701143074E+00,
2461539.500000000, A.D. 2027-May-14 00:00:00.0000,  1.081677314158482E-04,  2.371209441971928E-03,  1.291107651881436E+02,  2.230217335405050E+02,  1.056149483059143E+02,  2.461541941739482E+06,  6.125488484450531E+01,  2.104315292245757E+02,  2.104252517306239E+02,  2.371465958064742E-03,  2.371722474157556E-03,  5.877082308029067E+00,
2461540.500000000, A.D. 2027-May-15 00:00:00.0000,  1.285500170930541E-04,  2.371172269723268E-03,  1.291104316963899E+02,  2.230219779682561E+02,  9.906742169028557E+01,  2.461541834812564E+06,  6.125445225647188E+01,  2.782367875029505E+02,  2.782222083763673E+02,  2.371477123147985E-03,  2.371781976572702E-03,  5.877123812856623E+00,
2461541.500000000, A.D. 2027-May-16 00:00:00.0000,  1.436478374036619E-04,  2.371121211263811E-03,  1.291108103701136E+02,  2.230226795758628E+02,  1.063712660363927E+02,  2.461541953990687E+06,  6.125504336718259E+01,  3.321907807862848E+02,  3.321831001125880E+02,  2.371461866632437E-03,  2.371802522001064E-03,  5.877067098655750E+00,
2461542.500000000, A.D. 2027-May-17 00:00:00.0000,  1.460891912819047E-04,  2.371121823189761E-03,  1.291105068108618E+02,  2.230239003695668E+02,  1.137575150916609E+02,  2.461542074524938E+06,  6.125479530478194E+01,  2.606238782567445E+01,  2.606974400241586E+01,  2.371468269071340E-03,  2.371814714952920E-03,  5.877090898904631E+00,
2461543.500000000, A.D. 2027-May-18 00:00:00.0000,  1.282157748236473E-04,  2.371172950112651E-03,  1.291102358750612E+02,  2.230241027300744E+02,  1.210420306676459E+02,  2.461542193391598E+06,  6.125445660642905E+01,  8.003558766508155E+01,  8.005005888240524E+01,  2.371477010875076E-03,  2.371781071637502E-03,  5.877123395495368E+00,
2461544.500000000, A.D. 2027-May-19 00:00:00.0000,  1.103221852456167E-04,  2.371199029883989E-03,  1.291106100090668E+02,  2.230248974137470E+02,  1.145231093796289E+02,  2.461542086937317E+06,  6.125509032733184E+01,  1.478123726270998E+02,  1.478191061481949E+02,  2.371460654605629E-03,  2.371722279327269E-03,  5.877062593104512E+00,
2461545.500000000, A.D. 2027-May-20 00:00:00.0000,  1.082774443732650E-04,  2.371211208740948E-03,  1.291102418025948E+02,  2.230260707647533E+02,  1.047724904478967E+02,  2.461547804785070E+06,  6.125480630202771E+01,  2.188208369930453E+02,  2.188130595967620E+02,  2.371467985233802E-03,  2.371724761726655E-03,  5.877089843774153E+00,
2461546.500000000, A.D. 2027-May-21 00:00:00.0000,  1.304996014382918E-04,  2.371164553431259E-03,  1.291100289543544E+02,  2.230262238328263E+02,  9.988005629405978E+01,  2.461547724871766E+06,  6.125457210504608E+01,  2.849710040822584E+02,  2.849565569143578E+02,  2.371474029846975E-03,  2.371783506262691E-03,  5.877112313879728E+00,
2461547.500000000, A.D. 2027-May-22 00:00:00.0000,  1.421307418571063E-04,  2.371119787650835E-03,  1.291104042720405E+02,  2.230270995304705E+02,  1.072151864015739E+02,  2.461547844561868E+06,  6.125523794803359E+01,  3.388937807752257E+02,  3.388879148916816E+02,  2.371456844571436E-03,  2.371793901492038E-03,  5.877048429807898E+00,
2461548.500000000, A.D. 2027-May-23 00:00:00.0000,  1.440662086241631E-04,  2.371124905461623E-03,  1.291099860455565E+02,  2.230282293315312E+02,  1.144523097234019E+02,  2.461547962662136E+06,  6.125486176832538E+01,  3.291455656959530E+01,  3.292352859001844E+01,  2.371466553656887E-03,  2.371808201852150E-03,  5.877084522067348E+00,
2461549.500000000, A.D. 2027-May-24 00:00:00.0000,  1.245076554668524E-04,  2.371176137732584E-03,  1.291098228446281E+02,  2.230283492238493E+02,  1.200608644088356E+02,  2.461548054171723E+06,  6.125467383964027E+01,  8.856373953548881E+01,  8.857800263486494E+01,  2.371471404077112E-03,  2.371766670421640E-03,  5.877102552899891E+00,
2461550.500000000, A.D. 2027-May-25 00:00:00.0000,  1.110540253195271E-04,  2.371192339881605E-03,  1.291101925951432E+02,  2.230292860616641E+02,  1.127392074545684E+02,  2.461547934615740E+06,  6.125528231100848E+01,  1.571433370887219E+02,  1.571482795227255E+02,  2.371455699582910E-03,  2.371719059284215E-03,  5.877044173467186E+00,
2461551.500000000, A.D. 2027-May-26 00:00:00.0000,  1.111841063157221E-04,  2.371203850738824E-03,  1.291097411254650E+02,  2.230303744384094E+02,  1.034049206874395E+02,  2.461553659250278E+06,  6.125482431832057E+01,  2.277355035675236E+02,  2.277260756749468E+02,  2.371467520235719E-03,  2.371731189732613E-03,  5.877088115202191E+00,
2461552.500000000, A.D. 2027-May-27 00:00:00.0000,  1.344959354560356E-04,  2.371152267486078E-03,  1.291096287785497E+02,  2.230304862243936E+02,  1.010264982417372E+02,  2.461553620376608E+06,  6.125468094351734E+01,  2.913716883160303E+02,  2.913573351354762E+02,  2.371471220726317E-03,  2.371790173966556E-03,  5.877101871315833E+00,
2461553.500000000, A.D. 2027-May-28 00:00:00.0000,  1.430759441568300E-04,  2.371117375314297E-03,  1.291099754438625E+02,  2.230314840690094E+02,  1.084752530393648E+02,  2.461553741924820E+06,  6.125524456784744E+01,  3.451808359637006E+02,  3.451766418282177E+02,  2.371456673716916E-03,  2.371795972119535E-03,  5.877047794679154E+00,
2461554.500000000, A.D. 2027-May-29 00:00:00.0000,  1.429998084737152E-04,  2.371131246722558E-03,  1.291095050580002E+02,  2.230325078737300E+02,  1.161902536791124E+02,  2.461553867824748E+06,  6.125471403911128E+01,  3.872371429893816E+01,  3.873396660401195E+01,  2.371470366530774E-03,  2.371809486338989E-03,  5.877098695949166E+00,
2461555.500000000, A.D. 2027-May-30 00:00:00.0000,  1.203806071041980E-04,  2.371187231943234E-03,  1.291094498827720E+02,  2.230326377314231E+02,  1.203167599833544E+02,  2.461553935139600E+06,  6.125462319292387E+01,  9.585493415180076E+01,  9.586865658101296E+01,  2.371472711267947E-03,  2.371758190592661E-03,  5.877107412222023E+00,
2461556.500000000, A.D. 2027-May-31 00:00:00.0000,  1.086387764452381E-04,  2.371201846008704E-03,  1.291097530029186E+02,  2.230336914184504E+02,  1.118354630758140E+02,  2.461553796649131E+06,  6.125513589712981E+01,  1.655941248629785E+02,  1.655972216540550E+02,  2.371459478464834E-03,  2.371717110920964E-03,  5.877058220955939E+00,
2461557.500000000, A.D. 2027-Jun-01 00:00:00.0000,  1.117503311031650E-04,  2.371208951638903E-03,  1.291092629521558E+02,  2.230346396637047E+02,  1.013198379699494E+02,  2.461559502013096E+06,  6.125457463147899E+01,  2.373675394024779E+02,  2.373567559792736E+02,  2.371473964639654E-03,  2.371738977640406E-03,  5.877112071479384E+00,
2461558.500000000, A.D. 2027-Jun-02 00:00:00.0000,  1.371833445789559E-04,  2.371147459208783E-03,  1.291092730499418E+02,  2.230347923441649E+02,  1.011899501781324E+02,  2.461559499840088E+06,  6.125462030609070E+01,  2.987551750274819E+02,  2.987413923822819E+02,  2.371472785777113E-03,  2.371798112345444E-03,  5.877107689200781E+00,
2461559.500000000, A.D. 2027-Jun-03 00:00:00.0000,  1.447066366718839E-04,  2.371116719572370E-03,  1.291095246038855E+02,  2.230359223052522E+02,  1.087641030430278E+02,  2.461559623436300E+06,  6.125512012428312E+01,  3.524388946196763E+02,  3.524367122901004E+02,  2.371459885556412E-03,  2.371803051540453E-03,  5.877059734265163E+00,
2461560.500000000, A.D. 2027-Jun-04 00:00:00.0000,  1.428748829678163E-04,  2.371134954391849E-03,  1.291090083313802E+02,  2.230367750550137E+02,  1.171336837592453E+02,  2.461559760020831E+06,  6.125458184608670E+01,  4.532711457591670E+01,  4.533875887715083E+01,  2.371473778430404E-03,  2.371812602468958E-03,  5.877111379268992E+00,
2461561.500000000, A.D. 2027-Jun-05 00:00:00.0000,  1.188971529585493E-04,  2.371188195388579E-03,  1.291090909008987E+02,  2.230369442437965E+02,  1.196776561837895E+02,  2.461559801504290E+06,  6.125472217908849E+01,  1.040408828328895E+02,  1.040540999019094E+02,  2.371470156438507E-03,  2.371752117488434E-03,  5.877097914957143E+00,
2461562.500000000, A.D. 2027-Jun-06 00:00:00.0000,  1.093464787684444E-04,  2.371198359846937E-03,  1.291092953686255E+02,  2.230381356517621E+02,  1.113812460730742E+02,  2.461559666033113E+06,  6.125520595133582E+01,  1.735952252938785E+02,  1.735966228678995E+02,  2.371457670392743E-03,  2.371716980938549E-03,  5.877051499688072E+00,
2461563.500000000, A.D. 2027-Jun-07 00:00:00.0000,  1.140469759670697E-04,  2.371202349948358E-03,  1.291087565775041E+02,  2.230389077572781E+02,  1.010496112909111E+02,  2.461565374395100E+06,  6.125461939660889E+01,  2.451846415141514E+02,  2.451727801125880E+02,  2.371472809250841E-03,  2.371743268553324E-03,  5.877107776461507E+00,
2461564.500000000, A.D. 2027-Jun-08 00:00:00.0000,  1.376155121398335E-04,  2.371139977439573E-03,  1.291088982318519E+02,  2.230390888658621E+02,  1.027300642565578E+02,  2.461565401773653E+06,  6.125487051166357E+01,  3.047619716746244E+02,  3.047490152584821E+02,  2.371466327992822E-03,  2.371792678546071E-03,  5.877083683189767E+00,
2461565.500000000, A.D. 2027-Jun-09 00:00:00.0000,  1.429927063838825E-04,  2.371116766630565E-03,  1.291090639298693E+02,  2.230403376725118E+02,  1.095956763002116E+02,  2.461565513805885E+06,  6.125527580410338E+01,  3.591543167219602E+02,  3.591540748344302E+02,  2.371455867523132E-03,  2.371794968415698E-03,  5.877044797762288E+00,
2461566.500000000, A.D. 2027-Jun-10 00:00:00.0000,  1.393410745141699E-04,  2.371140939084182E-03,  1.291085137008107E+02,  2.230410370706510E+02,  1.177547444638134E+02,  2.461565646953641E+06,  6.125467467739114E+01,  5.225307720191005E+01,  5.226570425947573E+01,  2.371471382454792E-03,  2.371801825825403E-03,  5.877102472521572E+00,
2461567.500000000, A.D. 2027-Jun-11 00:00:00.0000,  1.161904800611574E-04,  2.371189209966588E-03,  1.291087072359385E+02,  2.230412442839543E+02,  1.180001348908499E+02,  2.461565650916661E+06,  6.125493158916196E+01,  1.132654734555030E+02,  1.132777045319205E+02,  2.371464751594524E-03,  2.371740293222459E-03,  5.877077823129852E+00,
2461568.500000000, A.D. 2027-Jun-12 00:00:00.0000,  1.098244912692125E-04,  2.371196059172158E-03,  1.291088321758963E+02,  2.230425189302325E+02,  1.097681151365174E+02,  2.461571393540354E+06,  6.125525117550455E+01,  1.827554588075990E+02,  1.827548538900963E+02,  2.371456503176187E-03,  2.371716947180215E-03,  5.877047160716907E+00,
2461569.500000000, A.D. 2027-Jun-13 00:00:00.0000,  1.182661036184594E-04,  2.371193442825215E-03,  1.291082950456268E+02,  2.230431582411931E+02,  1.000398883463429E+02,  2.461571234703242E+06,  6.125457683355017E+01,  2.537414869598266E+02,  2.537284771810626E+02,  2.371473907804124E-03,  2.371754372783033E-03,  5.877111860200165E+00,
2461570.500000000, A.D. 2027-Jun-14 00:00:00.0000,  1.405710484662401E-04,  2.371132365018878E-03,  1.291085231890335E+02,  2.230434179182658E+02,  1.037935877147087E+02,  2.461571295927142E+06,  6.125489389620125E+01,  3.112455673772969E+02,  3.112334543247198E+02,  2.371465724442164E-03,  2.371799083865451E-03,  5.877081439566832E+00,
2461571.500000000, A.D. 2027-Jun-15 00:00:00.0000,  1.447648666379370E-04,  2.371116769191128E-03,  1.291085918430843E+02,  2.230447082935936E+02,  1.108228141788468E+02,  2.461571410631819E+06,  6.125511285041694E+01,  5.474258001644787E+00,  5.475840836901698E+00,  2.371460073292376E-03,  2.371803377393623E-03,  5.877060432148883E+00,
2461572.500000000, A.D. 2027-Jun-16 00:00:00.0000,  1.374998380028467E-04,  2.371150394903037E-03,  1.291080787399863E+02,  2.230452767252243E+02,  1.194622879284707E+02,  2.461571551619397E+06,  6.125447746419569E+01,  5.809255830412269E+01,  5.810593510792134E+01,  2.371476472533838E-03,  2.371802550164639E-03,  5.877121394275647E+00,
2461573.500000000, A.D. 2027-Jun-17 00:00:00.0000,  1.132936337843838E-04,  2.371198040814713E-03,  1.291083448145831E+02,  2.230456089561993E+02,  1.178362198326162E+02,  2.461571525031568E+06,  6.125485559861787E+01,  1.209764060952963E+02,  1.209875362059048E+02,  2.371466712896015E-03,  2.371735384977318E-03,  5.877085114018666E+00,
2461574.500000000, A.D. 2027-Jun-18 00:00:00.0000,  1.072727826162354E-04,  2.371208318921617E-03,  1.291083437060987E+02,  2.230469051414780E+02,  1.087267750334816E+02,  2.461577253346356E+06,  6.125501060071604E+01,  1.913437397797135E+02,  1.913413222171652E+02,  2.371462712325639E-03,  2.371717105729660E-03,  5.877070242410370E+00,
2461575.500000000, A.D. 2027-Jun-19 00:00:00.0000,  1.203739873201969E-04,  2.371192594524519E-03,  1.291078605004686E+02,  2.230473929739969E+02,  9.890739785157722E+01,  2.461577093014135E+06,  6.125441600534791E+01,  2.624208494787345E+02,  2.624071764158528E+02,  2.371478058794298E-03,  2.371763523064077E-03,  5.877127291011471E+00,
2461576.500000000, A.D. 2027-Jun-20 00:00:00.0000,  1.416508518039964E-04,  2.371129779775292E-03,  1.291081657074597E+02,  2.230478030935266E+02,  1.041862598474914E+02,  2.461577179132905E+06,  6.125489484663276E+01,  3.183997853122390E+02,  3.183890069947632E+02,  2.371465699911709E-03,  2.371801620048125E-03,  5.877081348377982E+00,
2461577.500000000, A.D. 2027-Jun-21 00:00:00.0000,  1.456992720329786E-04,  2.371117094642140E-03,  1.291080882373690E+02,  2.230491112291395E+02,  1.112548169489717E+02,  2.461577294480192E+06,  6.125501437087755E+01,  1.258911883455450E+01,  1.259275848623215E+01,  2.371462615018802E-03,  2.371808135395463E-03,  5.877069880684815E+00,
2461578.500000000, A.D. 2027-Jun-22 00:00:00.0000,  1.355598106598627E-04,  2.371154771704835E-03,  1.291076300363380E+02,  2.230495092826661E+02,  1.198478718881675E+02,  2.461577434709885E+06,  6.125448614133254E+01,  6.525379859425593E+01,  6.526790713117133E+01,  2.371476248576077E-03,  2.371797725447318E-03,  5.877120561739293E+00,
2461579.500000000, A.D. 2027-Jun-23 00:00:00.0000,  1.134847350035332E-04,  2.371192393662279E-03,  1.291079768237267E+02,  2.230499834762890E+02,  1.165010453408449E+02,  2.461577380036810E+06,  6.125505686165092E+01,  1.298584657241689E+02,  1.298684473778773E+02,  2.371461518344259E-03,  2.371730643026239E-03,  5.877065803939855E+00,
2461580.500000000, A.D. 2027-Jun-24 00:00:00.0000,  1.085226432967421E-04,  2.371203721895488E-03,  1.291078386448443E+02,  2.230512983917907E+02,  1.080140904324881E+02,  2.461583118503766E+06,  6.125507387944554E+01,  1.996033583872239E+02,  1.995991866321138E+02,  2.371461079120269E-03,  2.371718436345050E-03,  5.877064171182069E+00,
2461581.500000000, A.D. 2027-Jun-25 00:00:00.0000,  1.237776543556692E-04,  2.371180528834387E-03,  1.291074034739754E+02,  2.230516271423742E+02,  9.967496178409803E+01,  2.461582982334524E+06,  6.125457076895886E+01,  2.692002349863861E+02,  2.691860525245496E+02,  2.371474064331434E-03,  2.371767599828483E-03,  5.877112442071542E+00,
2461582.500000000, A.D. 2027-Jun-26 00:00:00.0000,  1.411962392254740E-04,  2.371124713460240E-03,  1.291077813691834E+02,  2.230521584458707E+02,  1.057541831623137E+02,  2.461583081520524E+06,  6.125513294606222E+01,  3.243788829960257E+02,  3.243694581059672E+02,  2.371459554630828E-03,  2.371794395801418E-03,  5.877058504092963E+00,
2461583.500000000, A.D. 2027-Jun-27 00:00:00.0000,  1.440791606150120E-04,  2.371119365265063E-03,  1.291075929680602E+02,  2.230534717711380E+02,  1.123697211535739E+02,  2.461583189474101E+06,  6.125507526414466E+01,  1.902128730899294E+01,  1.902666923834000E+01,  2.371461043381624E-03,  2.371802721498186E-03,  5.877064038328333E+00,
2461584.500000000, A.D. 2027-Jun-28 00:00:00.0000,  1.308150081043961E-04,  2.371163827852364E-03,  1.291071934916772E+02,  2.230537498995992E+02,  1.201750282044849E+02,  2.461583316843366E+06,  6.125457123705995E+01,  7.247375233465236E+01,  7.248804747105802E+01,  2.371474052249728E-03,  2.371784276647093E-03,  5.877112397159259E+00,
2461585.500000000, A.D. 2027-Jun-29 00:00:00.0000,  1.117362220420117E-04,  2.371194018853345E-03,  1.291075831068597E+02,  2.230543435200271E+02,  1.148545050719222E+02,  2.461583229952223E+06,  6.125515456234935E+01,  1.390521274682357E+02,  1.390605179860276E+02,  2.371458996722366E-03,  2.371723974591387E-03,  5.877056430142044E+00,
2461586.500000000, A.D. 2027-Jun-30 00:00:00.0000,  1.089725697798582E-04,  2.371205479750519E-03,  1.291073529246758E+02,  2.230556265842094E+02,  1.059488661834875E+02,  2.461588961584961E+06,  6.125496441890681E+01,  2.092157008008613E+02,  2.092096064707735E+02,  2.371463904266306E-03,  2.371722328782094E-03,  5.877074673295920E+00,
2461587.500000000, A.D. 2027-Jul-01 00:00:00.0000,  1.284273600052011E-04,  2.371171346008809E-03,  1.291069993964759E+02,  2.230558763036187E+02,  9.940029751323527E+01,  2.461588854643239E+06,  6.125449932133377E+01,  2.770220066238261E+02,  2.770074000318503E+02,  2.371475908399041E-03,  2.371780470789273E-03,  5.877119297171675E+00,
2461588.500000000, A.D. 2027-Jul-02 00:00:00.0000,  1.436665575015582E-04,  2.371120907242547E-03,  1.291073846278323E+02,  2.230565468592739E+02,  1.065894423218922E+02,  2.461588971949464E+06,  6.125505342791786E+01,  3.310907103588619E+02,  3.310827505051664E+02,  2.371461606967867E-03,  2.371802306693187E-03,  5.877066133386553E+00,
2461589.500000000, A.D. 2027-Jul-03 00:00:00.0000,  1.457695513980171E-04,  2.371121942528023E-03,  1.291071007385368E+02,  2.230577896142161E+02,  1.138359583604371E+02,  2.461589090202913E+06,  6.125482005386783E+01,  2.510204684866956E+01,  2.510913436873957E+01,  2.371467630300646E-03,  2.371813318073270E-03,  5.877088524354720E+00,
2461590.500000000, A.D. 2027-Jul-04 00:00:00.0000,  1.280247677771433E-04,  2.371173804255599E-03,  1.291068109098707E+02,  2.230580049400218E+02,  1.212236538539082E+02,  2.461589210753213E+06,  6.125444106115215E+01,  7.897209131577577E+01,  7.898649140947440E+01,  2.371477412100573E-03,  2.371781019945546E-03,  5.877124887003722E+00,
2461591.500000000, A.D. 2027-Jul-05 00:00:00.0000,  1.099813314222231E-04,  2.371200445453716E-03,  1.291071862424753E+02,  2.230587709464076E+02,  1.146095483887997E+02,  2.461589102744821E+06,  6.125506679681574E+01,  1.468440261458185E+02,  1.468509181494196E+02,  2.371461261920719E-03,  2.371722078387721E-03,  5.877064850718832E+00,
2461592.500000000, A.D. 2027-Jul-06 00:00:00.0000,  1.080694503964320E-04,  2.371212550080124E-03,  1.291068420693538E+02,  2.230599539322166E+02,  1.046299562914091E+02,  2.461594816856522E+06,  6.125477343943038E+01,  2.180814786504577E+02,  2.180738413354655E+02,  2.371468833413583E-03,  2.371725116747042E-03,  5.877092996776379E+00,
2461593.500000000, A.D. 2027-Jul-07 00:00:00.0000,  1.304889161660391E-04,  2.371166294841888E-03,  1.291066131043011E+02,  2.230601285934634E+02,  9.959481715434679E+01,  2.461594734614118E+06,  6.125450560792012E+01,  2.843743225528482E+02,  2.843598371467657E+02,  2.371475746141716E-03,  2.371785197441544E-03,  5.877118693999425E+00,
2461594.500000000, A.D. 2027-Jul-08 00:00:00.0000,  1.430775000668932E-04,  2.371119911093903E-03,  1.291069834369029E+02,  2.230609816324654E+02,  1.070851148074214E+02,  2.461594856836667E+06,  6.125514616132516E+01,  3.381419178188467E+02,  3.381358126250784E+02,  2.371459213549688E-03,  2.371798516005473E-03,  5.877057236168906E+00,
2461595.500000000, A.D. 2027-Jul-09 00:00:00.0000,  1.450398900290238E-04,  2.371124037538296E-03,  1.291065776543835E+02,  2.230621210504952E+02,  1.144190714447845E+02,  2.461594976517771E+06,  6.125480592381211E+01,  3.206580232724802E+01,  3.207462730686265E+01,  2.371467994995497E-03,  2.371811952452699E-03,  5.877089880062033E+00,
2461596.500000000, A.D. 2027-Jul-10 00:00:00.0000,  1.253151331532549E-04,  2.371175282806093E-03,  1.291064078511637E+02,  2.230622516616662E+02,  1.203581290066595E+02,  2.461595073422353E+06,  6.125463276573556E+01,  8.738448989466177E+01,  8.739883509399058E+01,  2.371472464193712E-03,  2.371769645581332E-03,  5.877106493753656E+00,
2461597.500000000, A.D. 2027-Jul-11 00:00:00.0000,  1.113891914729386E-04,  2.371191573412743E-03,  1.291067754167316E+02,  2.230631847271931E+02,  1.132626916954490E+02,  2.461594957560585E+06,  6.125528121195801E+01,  1.557378413379338E+02,  1.557430856644540E+02,  2.371455727948894E-03,  2.371719882485045E-03,  5.877044278913901E+00,
2461598.500000000, A.D. 2027-Jul-12 00:00:00.0000,  1.108819425368900E-04,  2.371203642604646E-03,  1.291063262033868E+02,  2.230642734056654E+02,  1.039133283158200E+02,  2.461600681947564E+06,  6.125486014992973E+01,  2.263451071044813E+02,  2.263359149579702E+02,  2.371466595427407E-03,  2.371729548250170E-03,  5.877084677343973E+00,
2461599.500000000, A.D. 2027-Jul-13 00:00:00.0000,  1.334518412637042E-04,  2.371153961605868E-03,  1.291062076449320E+02,  2.230643813099545E+02,  1.011019161374415E+02,  2.461600636006343E+06,  6.125471124283782E+01,  2.904142594760505E+02,  2.903999266270884E+02,  2.371470438702415E-03,  2.371786915798962E-03,  5.877098964238327E+00,
2461600.500000000, A.D. 2027-Jul-14 00:00:00.0000,  1.423185229225828E-04,  2.371117776517843E-03,  1.291065620967679E+02,  2.230653701987124E+02,  1.084377745540286E+02,  2.461600755711028E+06,  6.125529862485190E+01,  3.443363445891288E+02,  3.443319407069822E+02,  2.371455278530260E-03,  2.371792780542677E-03,  5.877042608260901E+00,
2461601.500000000, A.D. 2027-Jul-15 00:00:00.0000,  1.428708761635646E-04,  2.371130008589957E-03,  1.291060877365356E+02,  2.230664117656217E+02,  1.158581317456231E+02,  2.461600876801927E+06,  6.125477386543650E+01,  3.817385703300670E+01,  3.818397703860139E+01,  2.371468822418410E-03,  2.371807636246863E-03,  5.877092955903195E+00,
2461602.500000000, A.D. 2027-Jul-16 00:00:00.0000,  1.208573690246102E-04,  2.371184364020170E-03,  1.291060212986939E+02,  2.230665258934896E+02,  1.200274998011480E+02,  2.461600944817198E+06,  6.125469051205529E+01,  9.526224123014438E+01,  9.527603190367282E+01,  2.371470973762776E-03,  2.371757583505382E-03,  5.877100953259243E+00,
2461603.500000000, A.D. 2027-Jul-17 00:00:00.0000,  1.095917135210120E-04,  2.371197560988381E-03,  1.291063419804636E+02,  2.230675743739900E+02,  1.119119695045329E+02,  2.461600812299492E+06,  6.125521437140597E+01,  1.646356707626491E+02,  1.646389977142966E+02,  2.371457453074205E-03,  2.371717345160030E-03,  5.877050691835445E+00,
2461604.500000000, A.D. 2027-Jul-18 00:00:00.0000,  1.123259585191183E-04,  2.371205468168101E-03,  1.291058523282628E+02,  2.230685423028559E+02,  1.017860889972769E+02,  2.461606524019247E+06,  6.125465671683106E+01,  2.360193958173544E+02,  2.360087231734169E+02,  2.371471846016307E-03,  2.371738223864512E-03,  5.877104195754674E+00,
2461605.500000000, A.D. 2027-Jul-19 00:00:00.0000,  1.371236314474415E-04,  2.371147209408707E-03,  1.291058465079503E+02,  2.230686826316477E+02,  1.013436100287614E+02,  2.461606516745749E+06,  6.125463547315287E+01,  2.977196097887007E+02,  2.977056988038495E+02,  2.371472394315293E-03,  2.371797579221879E-03,  5.877106233989155E+00,
2461606.500000000, A.D. 2027-Jul-20 00:00:00.0000,  1.447910519072486E-04,  2.371116602327551E-03,  1.291061167248713E+02,  2.230697886857729E+02,  1.089792596598776E+02,  2.461606641345812E+06,  6.125511691019344E+01,  3.513418458029034E+02,  3.513393476407818E+02,  2.371459968510947E-03,  2.371803334694343E-03,  5.877060042637720E+00,
2461607.500000000, A.D. 2027-Jul-21 00:00:00.0000,  1.432534450316986E-04,  2.371135130573622E-03,  1.291056112401351E+02,  2.230706721806816E+02,  1.173384144637096E+02,  2.461606777760069E+06,  6.125454023105986E+01,  4.424047492677179E+01,  4.425192911507737E+01,  2.371474852516051E-03,  2.371814574458480E-03,  5.877115372052987E+00,
2461608.500000000, A.D. 2027-Jul-22 00:00:00.0000,  1.187482588482839E-04,  2.371190350322608E-03,  1.291056730378602E+02,  2.230708431856697E+02,  1.201455458480891E+02,  2.461606823538203E+06,  6.125465235912568E+01,  1.026910845756527E+02,  1.027043592412215E+02,  2.371471958488586E-03,  2.371753566654563E-03,  5.877104613856606E+00,
2461609.500000000, A.D. 2027-Jul-23 00:00:00.0000,  1.085041793920373E-04,  2.371202249819404E-03,  1.291058858222302E+02,  2.230720164683008E+02,  1.116339501167990E+02,  2.461606684553095E+06,  6.125513261818359E+01,  1.724605735729999E+02,  1.724622047546532E+02,  2.371459563093258E-03,  2.371716876367113E-03,  5.877058535550928E+00,
2461610.500000000, A.D. 2027-Jul-24 00:00:00.0000,  1.133624663360404E-04,  2.371205314802311E-03,  1.291053585350294E+02,  2.230728045305624E+02,  1.009275970619007E+02,  2.461612386802914E+06,  6.125456741253287E+01,  2.444247037101825E+02,  2.444129868592231E+02,  2.371474150960916E-03,  2.371742987119521E-03,  5.877112764106189E+00,
2461611.500000000, A.D. 2027-Jul-25 00:00:00.0000,  1.376605116275278E-04,  2.371141825909228E-03,  1.291054870020717E+02,  2.230729925734103E+02,  1.023579336000336E+02,  2.461612410097929E+06,  6.125479474782099E+01,  3.042521381728924E+02,  3.042390980090906E+02,  2.371468283446435E-03,  2.371794740983642E-03,  5.877090952342245E+00,
2461612.500000000, A.D. 2027-Jul-26 00:00:00.0000,  1.437494014158260E-04,  2.371116654510210E-03,  1.291056551244946E+02,  2.230742252191320E+02,  1.094326689445464E+02,  2.461612525543242E+06,  6.125521061158911E+01,  3.584353433445255E+02,  3.584348934827156E+02,  2.371457550113522E-03,  2.371798445716833E-03,  5.877051052566133E+00,
2461613.500000000, A.D. 2027-Jul-27 00:00:00.0000,  1.404961219751916E-04,  2.371139501972852E-03,  1.291051120477479E+02,  2.230749348882083E+02,  1.177709148063271E+02,  2.461612661616030E+06,  6.125462422273896E+01,  5.135489504738538E+01,  5.136747073690005E+01,  2.371472684688420E-03,  2.371805867403989E-03,  5.877107313415869E+00,
2461614.500000000, A.D. 2027-Jul-28 00:00:00.0000,  1.169305085518864E-04,  2.371188351281642E-03,  1.291052977884571E+02,  2.230751454973538E+02,  1.184426143412485E+02,  2.461612672538190E+06,  6.125489685927215E+01,  1.119409846844807E+02,  1.119534127367218E+02,  2.371465647965872E-03,  2.371742944650103E-03,  5.877081155275944E+00,
2461615.500000000, A.D. 2027-Jul-29 00:00:00.0000,  1.099472717711929E-04,  2.371195443988959E-03,  1.291054235247727E+02,  2.230764179053197E+02,  1.103167309267639E+02,  2.461618416894888E+06,  6.125526373094056E+01,  1.813248343728351E+02,  1.813245431149628E+02,  2.371456179125979E-03,  2.371716914262999E-03,  5.877045956103865E+00,
2461616.500000000, A.D. 2027-Jul-30 00:00:00.0000,  1.175901650059314E-04,  2.371193874958593E-03,  1.291048815368763E+02,  2.230770599547139E+02,  1.004915429318453E+02,  2.461618256474173E+06,  6.125462220256833E+01,  2.524078381143966E+02,  2.523949940357937E+02,  2.371472736829024E-03,  2.371751598699454E-03,  5.877107507242214E+00,
2461617.500000000, A.D. 2027-Jul-31 00:00:00.0000,  1.396993835860348E-04,  2.371132963943797E-03,  1.291051069338696E+02,  2.230773039137802E+02,  1.039303849975276E+02,  2.461618312558100E+06,  6.125495078948181E+01,  3.102267935866179E+02,  3.102145699119342E+02,  2.371464256038562E-03,  2.371795548133326E-03,  5.877075980964076E+00,
2461618.500000000, A.D. 2027-Aug-01 00:00:00.0000,  1.440273512499325E-04,  2.371116890303249E-03,  1.291051907802659E+02,  2.230785954229511E+02,  1.107998971096921E+02,  2.461618424655544E+06,  6.125517593192698E+01,  4.615237900847778E+00,  4.616566142971354E+00,  2.371458445181708E-03,  2.371800000060167E-03,  5.877054379862835E+00,
2461619.500000000, A.D. 2027-Aug-02 00:00:00.0000,  1.373269102410226E-04,  2.371149429217045E-03,  1.291046664253325E+02,  2.230791807289630E+02,  1.192641103367939E+02,  2.461618562782544E+06,  6.125453077549460E+01,  5.740881551334601E+01,  5.742207529971698E+01,  2.371475096564770E-03,  2.371800763912494E-03,  5.877116279274823E+00,
2461620.500000000, A.D. 2027-Aug-03 00:00:00.0000,  1.133130880563218E-04,  2.371197777524612E-03,  1.291049265589100E+02,  2.230794890605655E+02,  1.178365740332558E+02,  2.461618539435041E+06,  6.125486401322275E+01,  1.200941399860576E+02,  1.201053736060227E+02,  2.371466495716464E-03,  2.371735213908316E-03,  5.877084306681160E+00,
2461621.500000000, A.D. 2027-Aug-04 00:00:00.0000,  1.077823599362833E-04,  2.371206013976579E-03,  1.291049473339999E+02,  2.230807867250042E+02,  1.087892251615967E+02,  2.461624268761264E+06,  6.125505308935711E+01,  1.903993817598226E+02,  1.903971526036073E+02,  2.371461615706018E-03,  2.371717217435457E-03,  5.877066165869489E+00,
2461622.500000000, A.D. 2027-Aug-05 00:00:00.0000,  1.205485293284288E-04,  2.371192124743590E-03,  1.291044569696799E+02,  2.230812982027939E+02,  9.898305554134252E+01,  2.461624108646185E+06,  6.125441816981158E+01,  2.614633139084565E+02,  2.614496534135428E+02,  2.371478002929178E-03,  2.371763881114766E-03,  5.877127083339454E+00,
2461623.500000000, A.D. 2027-Aug-06 00:00:00.0000,  1.419351276786146E-04,  2.371129435464376E-03,  1.291047477525140E+02,  2.230816826236894E+02,  1.042916790979512E+02,  2.461624195251171E+06,  6.125488206520012E+01,  3.174124715223144E+02,  3.174014635958153E+02,  2.371466029798101E-03,  2.371802624131826E-03,  5.877082574688717E+00,
2461624.500000000, A.D. 2027-Aug-07 00:00:00.0000,  1.461799543042223E-04,  2.371117151373534E-03,  1.291046978639646E+02,  2.230829821475118E+02,  1.115044765856936E+02,  2.461624312952831E+06,  6.125496799976639E+01,  1.145756832754161E+01,  1.146089637638926E+01,  2.371463811845184E-03,  2.371810472316835E-03,  5.877074329732290E+00,
2461625.500000000, A.D. 2027-Aug-08 00:00:00.0000,  1.359128749536285E-04,  2.371155407363072E-03,  1.291042343440934E+02,  2.230834144142638E+02,  1.201796110337910E+02,  2.461624454522036E+06,  6.125442906518295E+01,  6.404015576523709E+01,  6.405415982742035E+01,  2.371477721718119E-03,  2.371800036073166E-03,  5.877126037970439E+00,
2461626.500000000, A.D. 2027-Aug-09 00:00:00.0000,  1.127061434050028E-04,  2.371197181090596E-03,  1.291045659679607E+02,  2.230838759750986E+02,  1.171216520457422E+02,  2.461624404561929E+06,  6.125494289845872E+01,  1.283559393554048E+02,  1.283660661724838E+02,  2.371464459704071E-03,  2.371731738317547E-03,  5.877076738064483E+00,
2461627.500000000, A.D. 2027-Aug-10 00:00:00.0000,  1.077038934684668E-04,  2.371207146292617E-03,  1.291044413405564E+02,  2.230851850713930E+02,  1.082232987285725E+02,  2.461630136319945E+06,  6.125501642339999E+01,  1.985121784898862E+02,  1.985082603419622E+02,  2.371462562043763E-03,  2.371717977794910E-03,  5.877069683756980E+00,
2461628.500000000, A.D. 2027-Aug-11 00:00:00.0000,  1.230636276846428E-04,  2.371183723516972E-03,  1.291040078166079E+02,  2.230855306671483E+02,  9.943224786252443E+01,  2.461629992772071E+06,  6.125451259118557E+01,  2.685609744033898E+02,  2.685468768525915E+02,  2.371475565903077E-03,  2.371767408289183E-03,  5.877118023983810E+00,
2461629.500000000, A.D. 2027-Aug-12 00:00:00.0000,  1.408729228765693E-04,  2.371125793131600E-03,  1.291043755175391E+02,  2.230860559757045E+02,  1.055276195405016E+02,  2.461630092220701E+06,  6.125512081944075E+01,  3.237234494111277E+02,  3.237138966017794E+02,  2.371459867614636E-03,  2.371793942097672E-03,  5.877059667568976E+00,
2461630.500000000, A.D. 2027-Aug-13 00:00:00.0000,  1.443201769792548E-04,  2.371118827295836E-03,  1.291041944514067E+02,  2.230873645222360E+02,  1.121985914543858E+02,  2.461630201078927E+06,  6.125507396244171E+01,  1.831043243131248E+01,  1.831562894782921E+01,  2.371461076978164E-03,  2.371803326660493E-03,  5.877064163219075E+00,
2461631.500000000, A.D. 2027-Aug-14 00:00:00.0000,  1.316947231015184E-04,  2.371161183984111E-03,  1.291037868332356E+02,  2.230876495613755E+02,  1.200138550665406E+02,  2.461630328611673E+06,  6.125459284573078E+01,  7.175291505682772E+01,  7.176724804382776E+01,  2.371473494529316E-03,  2.371785805074521E-03,  5.877110323901054E+00,
2461632.500000000, A.D. 2027-Aug-15 00:00:00.0000,  1.123046999029386E-04,  2.371192220139843E-03,  1.291041784504140E+02,  2.230882321043657E+02,  1.150818949750168E+02,  2.461630248063509E+06,  6.125517202258958E+01,  1.379427571276935E+02,  1.379513769357057E+02,  2.371458546080193E-03,  2.371724872020543E-03,  5.877054754939546E+00,
2461633.500000000, A.D. 2027-Aug-16 00:00:00.0000,  1.093342410231898E-04,  2.371202861659721E-03,  1.291039506427912E+02,  2.230895306512473E+02,  1.065836142857543E+02,  2.461635986343218E+06,  6.125503263320325E+01,  2.076989650397370E+02,  2.076931420404925E+02,  2.371462143673315E-03,  2.371721425686908E-03,  5.877068128519161E+00,
2461634.500000000, A.D. 2027-Aug-17 00:00:00.0000,  1.278219582799524E-04,  2.371171033916969E-03,  1.291035850877829E+02,  2.230897742296586E+02,  9.981858424918750E+01,  2.461635875868658E+06,  6.125456704727795E+01,  2.757217610729388E+02,  2.757071864996663E+02,  2.371474160388160E-03,  2.371777286859350E-03,  5.877112799150831E+00,
2461635.500000000, A.D. 2027-Aug-18 00:00:00.0000,  1.425044432517751E-04,  2.371121147772348E-03,  1.291039806028464E+02,  2.230904270207668E+02,  1.067724886078160E+02,  2.461635989335119E+06,  6.125515090063548E+01,  3.300257034564243E+02,  3.300175436392700E+02,  2.371459091229838E-03,  2.371797034687329E-03,  5.877056781461055E+00,
2461636.500000000, A.D. 2027-Aug-19 00:00:00.0000,  1.447696457513433E-04,  2.371121972962080E-03,  1.291037086670444E+02,  2.230916853231529E+02,  1.137723043002883E+02,  2.461636103561544E+06,  6.125491076150825E+01,  2.428380225674474E+01,  2.429062587545869E+01,  2.371465289151902E-03,  2.371808605341723E-03,  5.877079821430726E+00,
2461637.500000000, A.D. 2027-Aug-20 00:00:00.0000,  1.279641982551021E-04,  2.371172668517198E-03,  1.291033975863028E+02,  2.230919036543579E+02,  1.210394614986193E+02,  2.461636222144697E+06,  6.125449063635268E+01,  7.827437566616722E+01,  7.828873374967040E+01,  2.371476132559182E-03,  2.371779596601167E-03,  5.877120130460295E+00,
2461638.500000000, A.D. 2027-Aug-21 00:00:00.0000,  1.098112858851003E-04,  2.371200858905827E-03,  1.291037815644806E+02,  2.230926390515818E+02,  1.145341955234199E+02,  2.461636115911714E+06,  6.125506640173828E+01,  1.460374862809485E+02,  1.460445152278219E+02,  2.371461272117545E-03,  2.371721685329262E-03,  5.877064888624201E+00,
2461639.500000000, A.D. 2027-Aug-22 00:00:00.0000,  1.080532522507897E-04,  2.371212623366174E-03,  1.291034560370199E+02,  2.230938447646741E+02,  1.046997368169516E+02,  2.461641832393203E+06,  6.125477208814932E+01,  2.171297859470629E+02,  2.171223127031983E+02,  2.371468868290004E-03,  2.371725113213834E-03,  5.877093126425124E+00,
2461640.500000000, A.D. 2027-Aug-23 00:00:00.0000,  1.306228077318766E-04,  2.371167062803250E-03,  1.291032113453053E+02,  2.230940331774765E+02,  9.946406763576560E+01,  2.461641746877712E+06,  6.125446354594074E+01,  2.836231746311980E+02,  2.836086269208504E+02,  2.371476831765487E-03,  2.371786600727723E-03,  5.877122729676681E+00,
2461641.500000000, A.D. 2027-Aug-24 00:00:00.0000,  1.435785525304393E-04,  2.371119967607819E-03,  1.291035809792299E+02,  2.230948645656478E+02,  1.070320771532149E+02,  2.461641870368840E+06,  6.125509792672418E+01,  3.373130204370722E+02,  3.373066735658541E+02,  2.371460458467829E-03,  2.371800949327838E-03,  5.877061863987982E+00,
2461642.500000000, A.D. 2027-Aug-25 00:00:00.0000,  1.456018579686217E-04,  2.371123790295152E-03,  1.291031936931119E+02,  2.230960100322457E+02,  1.145383554268520E+02,  2.461641992862569E+06,  6.125476386225872E+01,  3.106458359500925E+01,  3.107319433103570E+01,  2.371469080599402E-03,  2.371814370903653E-03,  5.877093915658844E+00,
2461643.500000000, A.D. 2027-Aug-26 00:00:00.0000,  1.258801401417742E-04,  2.371175711161554E-03,  1.291030134053099E+02,  2.230961580425800E+02,  1.208045680181102E+02,  2.461642095107192E+06,  6.125456424673425E+01,  8.605609676509258E+01,  8.607048756237280E+01,  2.371474232670305E-03,  2.371772754179056E-03,  5.877113067850992E+00,
2461644.500000000, A.D. 2027-Aug-27 00:00:00.0000,  1.107334251053643E-04,  2.371195226080902E-03,  1.291033757777797E+02,  2.230970757332676E+02,  1.137758449054921E+02,  2.461641980332779E+06,  6.125519993281016E+01,  1.543427193787950E+02,  1.543482129171587E+02,  2.371457825728438E-03,  2.371720425375973E-03,  5.877052077127789E+00,
2461645.500000000, A.D. 2027-Aug-28 00:00:00.0000,  1.097406819713311E-04,  2.371207785297068E-03,  1.291029362374197E+02,  2.230981679304887E+02,  1.040924990517164E+02,  2.461647699273627E+06,  6.125480449720080E+01,  2.252839239162360E+02,  2.252749887045660E+02,  2.371468031816152E-03,  2.371728278335237E-03,  5.877090016938200E+00,
2461646.500000000, A.D. 2027-Aug-29 00:00:00.0000,  1.325971044396221E-04,  2.371156979950094E-03,  1.291028137578404E+02,  2.230982852137654E+02,  1.008389711767325E+02,  2.461647646113595E+06,  6.125467282770987E+01,  2.897951867036570E+02,  2.897808892476988E+02,  2.371471430195000E-03,  2.371785880439905E-03,  5.877102649989933E+00,
2461647.500000000, A.D. 2027-Aug-30 00:00:00.0000,  1.420150582462582E-04,  2.371118396850241E-03,  1.291031652693456E+02,  2.230992714691137E+02,  1.081409568232433E+02,  2.461647765264475E+06,  6.125530247361011E+01,  3.437511443496513E+02,  3.437465900245617E+02,  2.371455179195642E-03,  2.371791961541044E-03,  5.877042238997913E+00,
2461648.500000000, A.D. 2027-Aug-31 00:00:00.0000,  1.430818645600197E-04,  2.371128482030300E-03,  1.291026899852935E+02,  2.231003142285104E+02,  1.155260168177081E+02,  2.461647885779419E+06,  6.125481363137524E+01,  3.762396720397883E+01,  3.763397797929633E+01,  2.371467796064305E-03,  2.371807110098310E-03,  5.877089140560293E+00,
2461649.500000000, A.D. 2027-Sep-01 00:00:00.0000,  1.217037928856480E-04,  2.371181212821127E-03,  1.291026175222921E+02,  2.231004200193929E+02,  1.198912581808827E+02,  2.461647956992944E+06,  6.125473483872940E+01,  9.451648808360480E+01,  9.453039083726279E+01,  2.371469829694114E-03,  2.371758446567102E-03,  5.877096700325336E+00,
2461650.500000000, A.D. 2027-Sep-02 00:00:00.0000,  1.102744077633886E-04,  2.371194691048273E-03,  1.291029492473415E+02,  2.231014612115198E+02,  1.121067240698821E+02,  2.461647829879162E+06,  6.125526284558984E+01,  1.635589537295413E+02,  1.635625297526566E+02,  2.371456201976482E-03,  2.371717712904692E-03,  5.877046041047535E+00,
2461651.500000000, A.D. 2027-Sep-03 00:00:00.0000,  1.124080721850527E-04,  2.371203775913277E-03,  1.291024580903308E+02,  2.231024464227881E+02,  1.022764466354945E+02,  2.461653546420527E+06,  6.125471474455269E+01,  2.346470943481380E+02,  2.346365893982535E+02,  2.371470348323376E-03,  2.371736920733475E-03,  5.877098628265417E+00,
2461652.500000000, A.D. 2027-Sep-04 00:00:00.0000,  1.367586680556497E-04,  2.371147478775476E-03,  1.291024406484736E+02,  2.231025746165071E+02,  1.014942074287437E+02,  2.461653533601775E+06,  6.125465857333772E+01,  2.966870761777800E+02,  2.966730731443579E+02,  2.371471798099916E-03,  2.371796117424355E-03,  5.877104017631354E+00,
2461653.500000000, A.D. 2027-Sep-05 00:00:00.0000,  1.441586033731155E-04,  2.371116676735287E-03,  1.291027268396071E+02,  2.231036664804255E+02,  1.091120342362754E+02,  2.461653657910776E+06,  6.125517214631891E+01,  3.503271482469390E+02,  3.503243721329534E+02,  2.371458542886787E-03,  2.371800409038287E-03,  5.877054743068483E+00,
2461654.500000000, A.D. 2027-Sep-06 00:00:00.0000,  1.429833703413198E-04,  2.371135097120927E-03,  1.291022260082608E+02,  2.231045740494850E+02,  1.173562314543405E+02,  2.461653792448435E+06,  6.125456634586542E+01,  4.334076429679055E+01,  4.335201115890121E+01,  2.371474178491645E-03,  2.371813259862363E-03,  5.877112866448353E+00,
2461655.500000000, A.D. 2027-Sep-07 00:00:00.0000,  1.185322457058178E-04,  2.371190852596130E-03,  1.291022656614716E+02,  2.231047338369729E+02,  1.202066493797528E+02,  2.461653838932804E+06,  6.125465274644768E+01,  1.017480942575294E+02,  1.017613921220190E+02,  2.371471948491813E-03,  2.371753044387496E-03,  5.877104576694827E+00,
2461656.500000000, A.D. 2027-Sep-08 00:00:00.0000,  1.078391074634783E-04,  2.371205218933741E-03,  1.291024985361718E+02,  2.231058841088397E+02,  1.115857425569678E+02,  2.461653698160717E+06,  6.125507868205183E+01,  1.716268857450489E+02,  1.716286849823685E+02,  2.371460955166530E-03,  2.371716691399319E-03,  5.877063710400269E+00,
2461657.500000000, A.D. 2027-Sep-09 00:00:00.0000,  1.131612822121095E-04,  2.371207020686089E-03,  1.291019826877581E+02,  2.231067033697505E+02,  1.007298764653513E+02,  2.461659397973788E+06,  6.125451979853648E+01,  2.437405269853741E+02,  2.437288986188160E+02,  2.371475379880810E-03,  2.371743739075532E-03,  5.877117332468276E+00,
2461658.500000000, A.D. 2027-Sep-10 00:00:00.0000,  1.383256039332442E-04,  2.371143225035061E-03,  1.291020923407414E+02,  2.231068969371597E+02,  1.019535660429652E+02,  2.461659417895716E+06,  6.125467941298315E+01,  3.037745921643529E+02,  3.037614150984243E+02,  2.371471260229343E-03,  2.371799295423624E-03,  5.877102018163476E+00,
2461659.500000000, A.D. 2027-Sep-11 00:00:00.0000,  1.445308606252888E-04,  2.371116496489697E-03,  1.291022663042303E+02,  2.231081079870656E+02,  1.093943276873904E+02,  2.461659539315354E+06,  6.125514492203189E+01,  3.575917323191922E+02,  3.575910362605111E+02,  2.371459245535393E-03,  2.371801994581088E-03,  5.877057355071530E+00,
2461660.500000000, A.D. 2027-Sep-12 00:00:00.0000,  1.414936451960256E-04,  2.371138913267298E-03,  1.291017345235567E+02,  2.231088336407611E+02,  1.179579176244620E+02,  2.461659679066400E+06,  6.125455536790069E+01,  5.028592263911835E+01,  5.029839653064165E+01,  2.371474461833392E-03,  2.371810010399486E-03,  5.877113919737163E+00,
2461661.500000000, A.D. 2027-Sep-13 00:00:00.0000,  1.173928624966880E-04,  2.371188077862421E-03,  1.291019040197427E+02,  2.231090459045020E+02,  1.188280330045929E+02,  2.461659693227776E+06,  6.125486496699447E+01,  1.106735886009903E+02,  1.106861739487725E+02,  2.371466471099778E-03,  2.371744864337135E-03,  5.877084215171747E+00,
2461662.500000000, A.D. 2027-Sep-14 00:00:00.0000,  1.094180515848762E-04,  2.371197848635675E-03,  1.291020355653126E+02,  2.231103074066592E+02,  1.107124938243535E+02,  2.461665437756398E+06,  6.125521918350189E+01,  1.800470879148192E+02,  1.800470776116938E+02,  2.371457328876017E-03,  2.371716809116359E-03,  5.877050230145290E+00,
2461663.500000000, A.D. 2027-Sep-15 00:00:00.0000,  1.167142625328574E-04,  2.371195807859247E-03,  1.291014924757965E+02,  2.231109613746044E+02,  1.007418102939722E+02,  2.461665274958677E+06,  6.125462779323205E+01,  2.512755669265709E+02,  2.512629009148199E+02,  2.371472592534002E-03,  2.371749377208757E-03,  5.877106970843040E+00,
2461664.500000000, A.D. 2027-Sep-16 00:00:00.0000,  1.392178903667032E-04,  2.371134573212919E-03,  1.291017147314994E+02,  2.231112011734907E+02,  1.037478204450493E+02,  2.461665323976664E+06,  6.125493267656806E+01,  3.095273649164713E+02,  3.095150585239622E+02,  2.371464723528808E-03,  2.371794873844698E-03,  5.877077718799147E+00,
2461665.500000000, A.D. 2027-Sep-17 00:00:00.0000,  1.433399432586111E-04,  2.371116890141028E-03,  1.291018030773515E+02,  2.231124963249121E+02,  1.105559606656918E+02,  2.461665435071987E+06,  6.125523910826838E+01,  3.977180946073803E+00,  3.978320412102974E+00,  2.371456814626278E-03,  2.371796739111527E-03,  5.877048318490790E+00,
2461666.500000000, A.D. 2027-Sep-18 00:00:00.0000,  1.374691646153289E-04,  2.371147560085679E-03,  1.291012708126580E+02,  2.231130848211080E+02,  1.189489265750518E+02,  2.461665572036388E+06,  6.125459013181628E+01,  5.684203072074780E+01,  5.685521967002219E+01,  2.371473564575509E-03,  2.371799569065339E-03,  5.877110584289293E+00,
2461667.500000000, A.D. 2027-Sep-19 00:00:00.0000,  1.142712169189714E-04,  2.371192916528322E-03,  1.291015279583495E+02,  2.231133699754041E+02,  1.175119050921743E+02,  2.461665548536264E+06,  6.125496432868895E+01,  1.195368415084616E+02,  1.195482334450766E+02,  2.371463906594808E-03,  2.371734896661293E-03,  5.877074681951824E+00,
2461668.500000000, A.D. 2027-Sep-20 00:00:00.0000,  1.087324722783241E-04,  2.371201680291828E-03,  1.291015686035509E+02,  2.231146728187011E+02,  1.089321996509524E+02,  2.461671285489089E+06,  6.125513370860120E+01,  1.893744934251930E+02,  1.893724641571616E+02,  2.371459534949971E-03,  2.371717389608114E-03,  5.877058430931973E+00,
2461669.500000000, A.D. 2027-Sep-21 00:00:00.0000,  1.206264118623128E-04,  2.371189973569347E-03,  1.291010607870036E+02,  2.231152038120257E+02,  9.949068203461837E+01,  2.461671131328754E+06,  6.125449436918601E+01,  2.600737820583780E+02,  2.600601665630470E+02,  2.371476036214413E-03,  2.371762098859479E-03,  5.877119772310087E+00,
2461670.500000000, A.D. 2027-Sep-22 00:00:00.0000,  1.420574177201743E-04,  2.371129118189831E-03,  1.291013486740959E+02,  2.231155603207347E+02,  1.044588430150734E+02,  2.461671212377304E+06,  6.125488312184223E+01,  3.163634115159213E+02,  3.163521765188470E+02,  2.371466002526360E-03,  2.371802886862890E-03,  5.877082473309486E+00,
2461671.500000000, A.D. 2027-Sep-23 00:00:00.0000,  1.457695438547438E-04,  2.371117224473946E-03,  1.291013218590659E+02,  2.231168660632314E+02,  1.115942813061588E+02,  2.461671328816369E+06,  6.125500288210803E+01,  1.048585383387678E+01,  1.048889437824781E+01,  2.371462911540830E-03,  2.371808598607714E-03,  5.877070982967048E+00,
2461672.500000000, A.D. 2027-Sep-24 00:00:00.0000,  1.359163775044963E-04,  2.371155786111377E-03,  1.291008513619941E+02,  2.231173212792465E+02,  1.203433478764318E+02,  2.461671471591985E+06,  6.125441406692563E+01,  6.299453036515160E+01,  6.300840807096831E+01,  2.371478108825260E-03,  2.371800431539143E-03,  5.877127476995691E+00,
2461673.500000000, A.D. 2027-Sep-25 00:00:00.0000,  1.125395332296238E-04,  2.371198088794537E-03,  1.291011707382010E+02,  2.231177611778975E+02,  1.173033483374434E+02,  2.461671421924992E+06,  6.125492303577565E+01,  1.272923247083542E+02,  1.273025833708074E+02,  2.371464972355595E-03,  2.371731855916654E-03,  5.877078643780903E+00,
2461674.500000000, A.D. 2027-Sep-26 00:00:00.0000,  1.072507664536372E-04,  2.371209245250199E-03,  1.291010685070929E+02,  2.231190640873332E+02,  1.081942955279718E+02,  2.461677150245649E+06,  6.125497672932298E+01,  1.976592644658860E+02,  1.976555366910312E+02,  2.371463586537472E-03,  2.371717927824746E-03,  5.877073492179888E+00,
2461675.500000000, A.D. 2027-Sep-27 00:00:00.0000,  1.226773619772541E-04,  2.371186015942611E-03,  1.291006304953525E+02,  2.231194364757139E+02,  9.920947611902179E+01,  2.461677003534483E+06,  6.125445925644321E+01,  2.679018082498675E+02,  2.678877599637631E+02,  2.371476942477904E-03,  2.371767869013198E-03,  5.877123141236979E+00,
2461676.500000000, A.D. 2027-Sep-28 00:00:00.0000,  1.415139438649584E-04,  2.371126645233158E-03,  1.291009866705539E+02,  2.231199526355264E+02,  1.052289265702597E+02,  2.461677101743397E+06,  6.125502889297646E+01,  3.231401908242159E+02,  3.231304619496519E+02,  2.371462240207496E-03,  2.371797835181834E-03,  5.877068487372435E+00,
2461677.500000000, A.D. 2027-Sep-29 00:00:00.0000,  1.451794739967742E-04,  2.371118198402820E-03,  1.291008145712490E+02,  2.231212574713529E+02,  1.120612931704712E+02,  2.461677213236055E+06,  6.125501936665560E+01,  1.756573101378276E+01,  1.757075272614307E+01,  2.371462486079153E-03,  2.371806773755485E-03,  5.877069401368392E+00,
2461678.500000000, A.D. 2027-Sep-30 00:00:00.0000,  1.328294759364518E-04,  2.371159473794680E-03,  1.291004078131532E+02,  2.231215533306633E+02,  1.201351166207716E+02,  2.461677344989739E+06,  6.125455483814319E+01,  7.074963936389388E+01,  7.076401022690820E+01,  2.371474475506458E-03,  2.371789477218236E-03,  5.877113970565143E+00,
2461679.500000000, A.D. 2027-Oct-01 00:00:00.0000,  1.129883207162195E-04,  2.371190544618265E-03,  1.291007941170415E+02,  2.231221339799557E+02,  1.155387372025269E+02,  2.461677269920713E+06,  6.125517412836687E+01,  1.366038950712567E+02,  1.366127895897932E+02,  2.371458491730895E-03,  2.371726438843524E-03,  5.877054552903251E+00,
2461680.500000000, A.D. 2027-Oct-02 00:00:00.0000,  1.092282000995182E-04,  2.371202350451847E-03,  1.291005678190454E+02,  2.231234319521479E+02,  1.071674499619550E+02,  2.461683010272154E+06,  6.125506218655610E+01,  2.062331231205456E+02,  2.062275911411862E+02,  2.371461380910090E-03,  2.371720411368333E-03,  5.877065293046273E+00,
2461681.500000000, A.D. 2027-Oct-03 00:00:00.0000,  1.268075950616042E-04,  2.371172420233723E-03,  1.291001955984111E+02,  2.231236740680209E+02,  1.000668522803186E+02,  2.461682894319884E+06,  6.125460654156972E+01,  2.745914841333553E+02,  2.745769995030275E+02,  2.371473141039491E-03,  2.371773861845258E-03,  5.877109009845491E+00,
2461682.500000000, A.D. 2027-Oct-04 00:00:00.0000,  1.418026758974095E-04,  2.371121882051054E-03,  1.291005968262558E+02,  2.231243169204522E+02,  1.067322801856810E+02,  2.461683003076935E+06,  6.125518693626402E+01,  3.291839282930075E+02,  3.291756027267719E+02,  2.371458161164086E-03,  2.371794440277118E-03,  5.877053324065106E+00,
2461683.500000000, A.D. 2027-Oct-05 00:00:00.0000,  1.442884720292632E-04,  2.371121468495791E-03,  1.291003287985786E+02,  2.231255882236910E+02,  1.135265067492536E+02,  2.461683113947552E+06,  6.125497452767872E+01,  2.364763287383583E+01,  2.365426603089044E+01,  2.371463643361364E-03,  2.371805818226938E-03,  5.877073703415387E+00,
2461684.500000000, A.D. 2027-Oct-06 00:00:00.0000,  1.283359991132138E-04,  2.371170564851706E-03,  1.291000051881235E+02,  2.231258033941706E+02,  1.208103792545144E+02,  2.461683232804107E+06,  6.125453798628930E+01,  7.762149898740999E+01,  7.763586382474953E+01,  2.371474910453711E-03,  2.371779256055716E-03,  5.877115587429284E+00,
2461685.500000000, A.D. 2027-Oct-07 00:00:00.0000,  1.105474117690760E-04,  2.371197348783740E-03,  1.291003973958740E+02,  2.231265175159683E+02,  1.144325705137886E+02,  2.461683128653146E+06,  6.125513477237276E+01,  1.452571711486316E+02,  1.452643896313178E+02,  2.371459507494409E-03,  2.371721666205077E-03,  5.877058328869547E+00,
2461686.500000000, A.D. 2027-Oct-08 00:00:00.0000,  1.085694301318163E-04,  2.371209987031731E-03,  1.291000847328505E+02,  2.231277415259062E+02,  1.049792093412911E+02,  2.461688851350963E+06,  6.125482681092340E+01,  2.159684039849230E+02,  2.159610976202418E+02,  2.371467455901994E-03,  2.371724924772257E-03,  5.877087876049667E+00,
2461687.500000000, A.D. 2027-Oct-09 00:00:00.0000,  1.307105221246648E-04,  2.371166327876118E-03,  1.290998199367339E+02,  2.231279342517568E+02,  9.965680840125172E+01,  2.461688764420946E+06,  6.125448396365584E+01,  2.825485474658622E+02,  2.825339264226861E+02,  2.371476304782123E-03,  2.371786281688128E-03,  5.877120770678584E+00,
2461688.500000000, A.D. 2027-Oct-10 00:00:00.0000,  1.441386336633677E-04,  2.371119798664386E-03,  1.291001971793684E+02,  2.231287381481922E+02,  1.071250282330842E+02,  2.461688886283753E+06,  6.125505300428220E+01,  3.363381682618379E+02,  3.363315382444164E+02,  2.371461617901775E-03,  2.371803437139164E-03,  5.877066174031932E+00,
2461689.500000000, A.D. 2027-Oct-11 00:00:00.0000,  1.459134925036399E-04,  2.371123975756663E-03,  1.290998320240922E+02,  2.231298988239384E+02,  1.147465634201411E+02,  2.461689010658595E+06,  6.125472803772597E+01,  2.997447470851420E+01,  2.998282980402171E+01,  2.371470005227494E-03,  2.371816034698325E-03,  5.877097352848923E+00,
2461690.500000000, A.D. 2027-Oct-12 00:00:00.0000,  1.261383864760866E-04,  2.371177504083803E-03,  1.290996378492039E+02,  2.231300677453308E+02,  1.213702077418221E+02,  2.461689118736901E+06,  6.125447104087070E+01,  8.460854047829426E+01,  8.462293113918768E+01,  2.371476638320526E-03,  2.371775772557249E-03,  5.877122010567978E+00,
2461691.500000000, A.D. 2027-Oct-13 00:00:00.0000,  1.100206728167277E-04,  2.371198757515628E-03,  1.290999937918951E+02,  2.231309601005020E+02,  1.141100748601562E+02,  2.461689000183966E+06,  6.125512858827508E+01,  1.531265526174772E+02,  1.531322507510001E+02,  2.371459667103760E-03,  2.371720576691892E-03,  5.877058922196239E+00,
2461692.500000000, A.D. 2027-Oct-14 00:00:00.0000,  1.087916379334008E-04,  2.371211848161986E-03,  1.290995716145417E+02,  2.231320593892089E+02,  1.040366008606656E+02,  2.461694712761919E+06,  6.125473427473941E+01,  2.244578566192050E+02,  2.244491260515068E+02,  2.371469844250652E-03,  2.371727840339318E-03,  5.877096754437459E+00,
2461693.500000000, A.D. 2027-Oct-15 00:00:00.0000,  1.323072834563794E-04,  2.371159000424291E-03,  1.290994366013131E+02,  2.231321910764757E+02,  1.005770475437077E+02,  2.461694656236815E+06,  6.125462116752757E+01,  2.891751519013259E+02,  2.891608309910733E+02,  2.371472763543427E-03,  2.371786526662562E-03,  5.877107606549756E+00,
2461694.500000000, A.D. 2027-Oct-16 00:00:00.0000,  1.427172175865039E-04,  2.371118758485638E-03,  1.290997861705683E+02,  2.231331656030936E+02,  1.078822243504601E+02,  2.461694775439443E+06,  6.125522393430678E+01,  3.431278952285823E+02,  3.431231478386308E+02,  2.371457206259741E-03,  2.371795654033843E-03,  5.877049774335693E+00,
2461695.500000000, A.D. 2027-Oct-17 00:00:00.0000,  1.437709994415608E-04,  2.371127336649981E-03,  1.290993184012746E+02,  2.231342124681115E+02,  1.153943733957857E+02,  2.461694898028959E+06,  6.125479468702927E+01,  3.687361252080080E+01,  3.688349976247958E+01,  2.371468285015462E-03,  2.371809233380942E-03,  5.877090958174905E+00,
2461696.500000000, A.D. 2027-Oct-18 00:00:00.0000,  1.226732429355960E-04,  2.371179948194333E-03,  1.290992424131906E+02,  2.231343245113665E+02,  1.202097167647693E+02,  2.461694976589942E+06,  6.125469475642605E+01,  9.331601806015271E+01,  9.333005171731102E+01,  2.371470864215775E-03,  2.371761780237216E-03,  5.877100546031754E+00,
2461697.500000000, A.D. 2027-Oct-19 00:00:00.0000,  1.109865597617745E-04,  2.371191874907412E-03,  1.290995735718919E+02,  2.231353585663315E+02,  1.124924435648024E+02,  2.461694850576728E+06,  6.125530652823306E+01,  1.622912346470328E+02,  1.622951027191864E+02,  2.371455074547766E-03,  2.371718274188119E-03,  5.877041849983611E+00,
2461698.500000000, A.D. 2027-Oct-20 00:00:00.0000,  1.121159497295424E-04,  2.371203290516496E-03,  1.290990806959858E+02,  2.231363511740414E+02,  1.028121153863919E+02,  2.461700569562583E+06,  6.125476039710239E+01,  2.332294398577820E+02,  2.332191493386322E+02,  2.371469170034748E-03,  2.371735049553000E-03,  5.877094248123603E+00,
2461699.500000000, A.D. 2027-Oct-21 00:00:00.0000,  1.358421328831631E-04,  2.371147381997289E-03,  1.290990503692697E+02,  2.231364635247184E+02,  1.018665474091344E+02,  2.461700554077215E+06,  6.125474654811006E+01,  2.954327673163153E+02,  2.954187084681105E+02,  2.371469527475969E-03,  2.371791672954649E-03,  5.877095576866889E+00,
2461700.500000000, A.D. 2027-Oct-22 00:00:00.0000,  1.434356519120728E-04,  2.371116875425619E-03,  1.290993557169138E+02,  2.231375481592928E+02,  1.091987706960462E+02,  2.461700673724335E+06,  6.125523088325819E+01,  3.493584757673428E+02,  3.493554400052450E+02,  2.371457026910255E-03,  2.371797178394891E-03,  5.877049107628006E+00,
2461701.500000000, A.D. 2027-Oct-23 00:00:00.0000,  1.422706819073382E-04,  2.371134543951388E-03,  1.290988508628589E+02,  2.231384810038176E+02,  1.171352831713456E+02,  2.461700803239774E+06,  6.125465327380672E+01,  4.267980603388068E+01,  4.269085930552114E+01,  2.371471934880687E-03,  2.371809325809987E-03,  5.877104526097132E+00,
2461702.500000000, A.D. 2027-Oct-24 00:00:00.0000,  1.185080752833915E-04,  2.371190719021624E-03,  1.290988779495920E+02,  2.231386251410251E+02,  1.202128820167208E+02,  2.461700853432130E+06,  6.125466014345596E+01,  1.008599553087742E+02,  1.008732917518956E+02,  2.371471757575204E-03,  2.371752796128784E-03,  5.877103866985702E+00,
2461703.500000000, A.D. 2027-Oct-25 00:00:00.0000,  1.084484419004327E-04,  2.371202338592827E-03,  1.290991302332944E+02,  2.231397600151534E+02,  1.115131288739105E+02,  2.461700711375127E+06,  6.125513430013227E+01,  1.708175911047801E+02,  1.708195739606091E+02,  2.371459519682766E-03,  2.371716700772706E-03,  5.877058374178156E+00,
2461704.500000000, A.D. 2027-Oct-26 00:00:00.0000,  1.133298037860994E-04,  2.371206394113930E-03,  1.290986189871909E+02,  2.231406070480174E+02,  1.008210382741921E+02,  2.461706413858864E+06,  6.125452859173707E+01,  2.427674775238356E+02,  2.427559311145129E+02,  2.371475152927695E-03,  2.371743911741460E-03,  5.877116488797241E+00,
2461705.500000000, A.D. 2027-Oct-27 00:00:00.0000,  1.384455302442991E-04,  2.371142863071522E-03,  1.290987053278739E+02,  2.231407880081283E+02,  1.020693600736834E+02,  2.461706434183251E+06,  6.125468241850820E+01,  3.027769016549711E+02,  3.027635616138903E+02,  2.371471182656864E-03,  2.371799502242206E-03,  5.877101729797319E+00,
2461706.500000000, A.D. 2027-Oct-28 00:00:00.0000,  1.451011124342982E-04,  2.371116350925191E-03,  1.290988996720265E+02,  2.231419795697387E+02,  1.095581414418120E+02,  2.461706556386912E+06,  6.125509815891972E+01,  3.565460141598425E+02,  3.565450122310698E+02,  2.371460452474939E-03,  2.371804554024687E-03,  5.877061841710202E+00,
2461707.500000000, A.D. 2027-Oct-29 00:00:00.0000,  1.419069139977400E-04,  2.371138916474282E-03,  1.290983751604388E+02,  2.231427352445096E+02,  1.181500559840872E+02,  2.461706696600204E+06,  6.125451726636518E+01,  4.921186665153779E+01,  4.922418002851749E+01,  2.371475445236337E-03,  2.371811973998393E-03,  5.877117575419630E+00,
2461708.500000000, A.D. 2027-Oct-30 00:00:00.0000,  1.172487993919705E-04,  2.371190955935075E-03,  1.290985291703054E+02,  2.231429501996729E+02,  1.194755690519039E+02,  2.461706718193865E+06,  6.125476668173358E+01,  1.091441190826678E+02,  1.091568111549950E+02,  2.371469007829038E-03,  2.371747059723002E-03,  5.877093645144084E+00,
2461709.500000000, A.D. 2027-Oct-31 00:00:00.0000,  1.087877260130456E-04,  2.371200709667209E-03,  1.290986658777308E+02,  2.231441983212403E+02,  1.110804895639908E+02,  2.461706581109647E+06,  6.125516624234841E+01,  1.787971138244799E+02,  1.787973754881832E+02,  2.371458695266000E-03,  2.371716680864791E-03,  5.877055309517976E+00,
2461710.500000000, A.D. 2027-Nov-01 00:00:00.0000,  1.157233616156759E-04,  2.371199185722658E-03,  1.290981287759462E+02,  2.231448632953868E+02,  1.007363948289334E+02,  2.461712289270335E+06,  6.125458796031459E+01,  2.503989828523442E+02,  2.503864909886926E+02,  2.371473620622019E-03,  2.371748055521380E-03,  5.877110792635411E+00,
2461711.500000000, A.D. 2027-Nov-02 00:00:00.0000,  1.385210466785588E-04,  2.371136254513842E-03,  1.290983419053423E+02,  2.231451025063480E+02,  1.035658187134764E+02,  2.461712335404469E+06,  6.125493156208044E+01,  3.088273564546533E+02,  3.088149891639181E+02,  2.371464752293492E-03,  2.371793250073142E-03,  5.877077825728177E+00,
2461712.500000000, A.D. 2027-Nov-03 00:00:00.0000,  1.432757387264348E-04,  2.371116778032024E-03,  1.290984339387239E+02,  2.231463945880876E+02,  1.103097534585566E+02,  2.461712445451421E+06,  6.125524935273305E+01,  3.341386816488518E+00,  3.342343924296847E+00,  2.371456550221116E-03,  2.371796322410207E-03,  5.877047335600107E+00,
2461713.500000000, A.D. 2027-Nov-04 00:00:00.0000,  1.380797982935869E-04,  2.371145185783404E-03,  1.290978966057324E+02,  2.231469881508139E+02,  1.186508605855324E+02,  2.461712581570012E+06,  6.125462602209857E+01,  5.625808541550267E+01,  5.627124407751612E+01,  2.371472638246952E-03,  2.371800090710500E-03,  5.877107140775364E+00,
2461714.500000000, A.D. 2027-Nov-05 00:00:00.0000,  1.151166599912270E-04,  2.371190320069643E-03,  1.290981546404555E+02,  2.231472645190554E+02,  1.176507611839529E+02,  2.461712565202669E+06,  6.125498724983311E+01,  1.185159858617664E+02,  1.185275761347477E+02,  2.371463315005759E-03,  2.371736309941875E-03,  5.877072482795771E+00,
2461715.500000000, A.D. 2027-Nov-06 00:00:00.0000,  1.094476802064900E-04,  2.371198207982057E-03,  1.290982016282299E+02,  2.231485745730967E+02,  1.094210849170412E+02,  2.461718307865593E+06,  6.125520253633822E+01,  1.880036244229463E+02,  1.880018783953927E+02,  2.371457758532436E-03,  2.371717309082816E-03,  5.877051827335618E+00,
2461716.500000000, A.D. 2027-Nov-07 00:00:00.0000,  1.201399332485233E-04,  2.371189317412714E-03,  1.290976824246930E+02,  2.231491094274079E+02,  1.000261646209143E+02,  2.461718154467284E+06,  6.125456449866561E+01,  2.586563270345329E+02,  2.586428293496621E+02,  2.371474226167946E-03,  2.371759134923178E-03,  5.877113043679256E+00,
2461717.500000000, A.D. 2027-Nov-08 00:00:00.0000,  1.411505332254175E-04,  2.371129150213651E-03,  1.290979705967548E+02,  2.231494422191517E+02,  1.047218818247333E+02,  2.461718231068619E+06,  6.125496521941639E+01,  3.152184171780248E+02,  3.152070222223065E+02,  2.371463883605347E-03,  2.371798616997042E-03,  5.877074596491459E+00,
2461718.500000000, A.D. 2027-Nov-09 00:00:00.0000,  1.448512192312660E-04,  2.371117337455750E-03,  1.290979623503796E+02,  2.231507569079427E+02,  1.115974771685724E+02,  2.461718343266284E+06,  6.125508289426292E+01,  9.600736760883356E+00,  9.603505614554159E+00,  2.371460846450717E-03,  2.371804355445685E-03,  5.877063306263474E+00,
2461719.500000000, A.D. 2027-Nov-10 00:00:00.0000,  1.356122834464690E-04,  2.371155347622634E-03,  1.290974786578565E+02,  2.231512282548866E+02,  1.202375940102055E+02,  2.461718484263446E+06,  6.125445900270827E+01,  6.221839310804067E+01,  6.223214292892269E+01,  2.371476949026832E-03,  2.371798550431030E-03,  5.877123165581843E+00,
2461720.500000000, A.D. 2027-Nov-11 00:00:00.0000,  1.122985639055144E-04,  2.371199199759965E-03,  1.290977936997851E+02,  2.231516436340807E+02,  1.174235113117560E+02,  2.461718438283288E+06,  6.125490212992656E+01,  1.262902553929486E+02,  1.263006268886439E+02,  2.371465511931306E-03,  2.371731824102647E-03,  5.877080649584765E+00,
2461721.500000000, A.D. 2027-Nov-12 00:00:00.0000,  1.070859238621983E-04,  2.371210117786312E-03,  1.290977151476556E+02,  2.231529449893274E+02,  1.081564447207948E+02,  2.461724164025844E+06,  6.125495806702131E+01,  1.968152086634330E+02,  1.968116592496158E+02,  2.371464068206962E-03,  2.371718018627612E-03,  5.877075282724229E+00,
2461722.500000000, A.D. 2027-Nov-13 00:00:00.0000,  1.224595282661633E-04,  2.371187950385107E-03,  1.290972717551056E+02,  2.231533450709323E+02,  9.898948084346625E+01,  2.461724014341989E+06,  6.125440431567784E+01,  2.672398835560803E+02,  2.672258671107659E+02,  2.371478360506428E-03,  2.371768770627749E-03,  5.877128412590886E+00,
2461723.500000000, A.D. 2027-Nov-14 00:00:00.0000,  1.420933283443195E-04,  2.371126927519759E-03,  1.290976131935982E+02,  2.231538433365664E+02,  1.050996801259205E+02,  2.461724114031652E+06,  6.125496471137039E+01,  3.223875127977443E+02,  3.223775737797875E+02,  2.371463896717892E-03,  2.371800865916025E-03,  5.877074645235659E+00,
2461724.500000000, A.D. 2027-Nov-15 00:00:00.0000,  1.460051772513041E-04,  2.371117853611977E-03,  1.290974587652153E+02,  2.231551434385640E+02,  1.121060473300453E+02,  2.461724228364499E+06,  6.125495684883006E+01,  1.663902087660008E+01,  1.664381247386722E+01,  2.371464099648192E-03,  2.371810345684406E-03,  5.877075399602960E+00,
2461725.500000000, A.D. 2027-Nov-16 00:00:00.0000,  1.335011815397163E-04,  2.371159489832391E-03,  1.290970508746502E+02,  2.231554607939995E+02,  1.204623495323194E+02,  2.461724364728814E+06,  6.125449249095639E+01,  6.954046033899546E+01,  6.955479426747841E+01,  2.371476084691690E-03,  2.371792679550989E-03,  5.877119952518592E+00,
2461726.500000000, A.D. 2027-Nov-17 00:00:00.0000,  1.126384934013281E-04,  2.371193782188489E-03,  1.290974269436112E+02,  2.231560364454345E+02,  1.162266123750594E+02,  2.461724295545435E+06,  6.125508082059481E+01,  1.350340425761908E+02,  1.350431631677598E+02,  2.371460899971422E-03,  2.371728017754355E-03,  5.877063505219684E+00,
2461727.500000000, A.D. 2027-Nov-18 00:00:00.0000,  1.084126312552940E-04,  2.371205496676670E-03,  1.290972093198347E+02,  2.231573254379060E+02,  1.074681583027185E+02,  2.461730029581930E+06,  6.125501521716636E+01,  2.050504203972140E+02,  2.050451608772897E+02,  2.371462593176321E-03,  2.371719689675971E-03,  5.877069799488224E+00,
2461728.500000000, A.D. 2027-Nov-19 00:00:00.0000,  1.256751662172640E-04,  2.371176252013091E-03,  1.290968369715222E+02,  2.231575795358211E+02,  9.987710235947641E+01,  2.461729905622576E+06,  6.125456212476792E+01,  2.738992046019465E+02,  2.738848364712096E+02,  2.371474287438345E-03,  2.371772322863599E-03,  5.877113271444578E+00,
2461729.500000000, A.D. 2027-Nov-20 00:00:00.0000,  1.412051023619537E-04,  2.371122849181976E-03,  1.290972317686382E+02,  2.231582146510690E+02,  1.065630389717536E+02,  2.461730014712769E+06,  6.125520437370221E+01,  3.284711641500739E+02,  3.284627014307341E+02,  2.371457711110821E-03,  2.371792573039666E-03,  5.877051651052094E+00,
2461730.500000000, A.D. 2027-Nov-21 00:00:00.0000,  1.442675904721649E-04,  2.371120652156277E-03,  1.290969657189724E+02,  2.231594922636555E+02,  1.132208580097822E+02,  2.461730123356870E+06,  6.125500808029336E+01,  2.307127794847563E+01,  2.307775745742381E+01,  2.371462777377064E-03,  2.371804902597851E-03,  5.877070484230616E+00,
2461731.500000000, A.D. 2027-Nov-22 00:00:00.0000,  1.287672100399084E-04,  2.371167797934970E-03,  1.290966301781924E+02,  2.231597028077715E+02,  1.204837007180427E+02,  2.461730241870836E+06,  6.125460557765157E+01,  7.706620568376188E+01,  7.708058747698061E+01,  2.371473165918229E-03,  2.371778533901489E-03,  5.877109102329183E+00,
2461732.500000000, A.D. 2027-Nov-23 00:00:00.0000,  1.111615164813980E-04,  2.371194882243881E-03,  1.290970331632256E+02,  2.231604034791076E+02,  1.145173851768320E+02,  2.461730144437428E+06,  6.125517391775526E+01,  1.442903950302976E+02,  1.442978291735392E+02,  2.371458497166699E-03,  2.371722112089517E-03,  5.877054573110131E+00,
2461733.500000000, A.D. 2027-Nov-24 00:00:00.0000,  1.092854042172501E-04,  2.371206223093390E-03,  1.290967289722622E+02,  2.231616428495605E+02,  1.053967236597239E+02,  2.461735872561449E+06,  6.125490686782496E+01,  2.146689693935417E+02,  2.146618465782703E+02,  2.371465389647086E-03,  2.371724556200780E-03,  5.877080195008757E+00,
2461734.500000000, A.D. 2027-Nov-25 00:00:00.0000,  1.304463206858404E-04,  2.371166355702869E-03,  1.290964482606430E+02,  2.231618363450572E+02,  9.985601134396909E+01,  2.461735782070258E+06,  6.125450716383948E+01,  2.814674181981943E+02,  2.814527680703101E+02,  2.371475705983310E-03,  2.371785056263751E-03,  5.877118544715345E+00,
2461735.500000000, A.D. 2027-Nov-26 00:00:00.0000,  1.435850188813341E-04,  2.371119601551967E-03,  1.290968330119306E+02,  2.231626106303306E+02,  1.073850054825470E+02,  2.461735904924910E+06,  6.125511151743014E+01,  3.351962795213666E+02,  3.351893759169062E+02,  2.371460107696307E-03,  2.371800613840647E-03,  5.877060560040968E+00,
2461736.500000000, A.D. 2027-Nov-27 00:00:00.0000,  1.455473515310864E-04,  2.371124080909056E-03,  1.290964840056701E+02,  2.231637950977441E+02,  1.148090718775601E+02,  2.461736026076488E+06,  6.125475760973383E+01,  2.903006982779281E+01,  2.903816466628340E+01,  2.371469241976464E-03,  2.371814403043871E-03,  5.877094515557977E+00,
2461737.500000000, A.D. 2027-Nov-28 00:00:00.0000,  1.258460361104896E-04,  2.371177750129161E-03,  1.290962648800364E+02,  2.231639691354459E+02,  1.213789301200115E+02,  2.461736133276574E+06,  6.125448837179884E+01,  8.371794419766923E+01,  8.373227874422052E+01,  2.371476191007529E-03,  2.371774631885898E-03,  5.877120347735067E+00,
2461738.500000000, A.D. 2027-Nov-29 00:00:00.0000,  1.093160739431588E-04,  2.371201843863208E-03,  1.290966306014467E+02,  2.231648332265297E+02,  1.141963689822039E+02,  2.461736015987622E+06,  6.125507374159009E+01,  1.521583614221692E+02,  1.521642110518478E+02,  2.371461082678275E-03,  2.371720321493342E-03,  5.877064184408488E+00,
2461739.500000000, A.D. 2027-Nov-30 00:00:00.0000,  1.085907485579592E-04,  2.371213117691195E-03,  1.290962294243009E+02,  2.231659512940791E+02,  1.039314008514474E+02,  2.461741725442889E+06,  6.125470354191016E+01,  2.236811556114064E+02,  2.236725623615737E+02,  2.371470637462900E-03,  2.371728157234606E-03,  5.877099703105897E+00,
2461740.500000000, A.D. 2027-Dec-01 00:00:00.0000,  1.324823409531681E-04,  2.371161090956719E-03,  1.290960803680580E+02,  2.231661018379096E+02,  1.001639058337075E+02,  2.461741663891631E+06,  6.125452407318066E+01,  2.887063720841278E+02,  2.886919919236061E+02,  2.371475269551942E-03,  2.371789448147164E-03,  5.877116922333911E+00,
2461741.500000000, A.D. 2027-Dec-02 00:00:00.0000,  1.432866588907747E-04,  2.371118881479408E-03,  1.290964253121830E+02,  2.231670545184940E+02,  1.077656577748647E+02,  2.461741787934772E+06,  6.125516683885687E+01,  3.423625074845645E+02,  3.423575316501302E+02,  2.371458679870344E-03,  2.371798478261281E-03,  5.877055252286669E+00,
2461742.500000000, A.D. 2027-Dec-03 00:00:00.0000,  1.446307187390768E-04,  2.371126519867287E-03,  1.290959699670938E+02,  2.231681093346686E+02,  1.154011226249222E+02,  2.461741912537273E+06,  6.125474733344347E+01,  3.598488095106815E+01,  3.599462047243613E+01,  2.371469507206582E-03,  2.371812494545877E-03,  5.877095501517962E+00,
2461743.500000000, A.D. 2027-Dec-04 00:00:00.0000,  1.234317712356448E-04,  2.371178461364297E-03,  1.290958821136331E+02,  2.231682282411575E+02,  1.203916166363082E+02,  2.461741993957903E+06,  6.125468266666233E+01,  9.225213071176914E+01,  9.226626393967764E+01,  2.371471176252016E-03,  2.371763891139735E-03,  5.877101705988085E+00,
2461744.500000000, A.D. 2027-Dec-05 00:00:00.0000,  1.109930025511782E-04,  2.371192354200275E-03,  1.290962156306795E+02,  2.231692549066046E+02,  1.129516929674203E+02,  2.461741872471844E+06,  6.125528736373784E+01,  1.609499922371909E+02,  1.609541430436495E+02,  2.371455569174315E-03,  2.371718784148354E-03,  5.877043688690853E+00,
2461745.500000000, A.D. 2027-Dec-06 00:00:00.0000,  1.115760510937462E-04,  2.371203938986736E-03,  1.290957237092810E+02,  2.231702547982656E+02,  1.032880540756986E+02,  2.461747591730490E+06,  6.125478488202361E+01,  2.318714987967628E+02,  2.318614420941126E+02,  2.371468538081508E-03,  2.371733137176279E-03,  5.877091898916273E+00,
2461746.500000000, A.D. 2027-Dec-07 00:00:00.0000,  1.349324752040892E-04,  2.371149324866955E-03,  1.290956897475933E+02,  2.231703637413244E+02,  1.018285008271517E+02,  2.461747567854998E+06,  6.125475485440505E+01,  2.945888038618522E+02,  2.945747428973858E+02,  2.371469313091241E-03,  2.371789301315528E-03,  5.877094779918315E+00,
2461747.500000000, A.D. 2027-Dec-08 00:00:00.0000,  1.425178997840910E-04,  2.371117325759432E-03,  1.290960010357412E+02,  2.231714468641273E+02,  1.090547000082543E+02,  2.461747685770837E+06,  6.125529777020452E+01,  3.486205520678610E+02,  3.486173292368491E+02,  2.371455300588304E-03,  2.371793275417175E-03,  5.877042690258691E+00,
2461748.500000000, A.D. 2027-Dec-09 00:00:00.0000,  1.420137325305534E-04,  2.371133021198460E-03,  1.290954888653323E+02,  2.231723903618716E+02,  1.167388445171045E+02,  2.461747811167269E+06,  6.125473589326273E+01,  4.219426697837419E+01,  4.220519850505240E+01,  2.371469802476692E-03,  2.371806583754926E-03,  5.877096599147945E+00,
2461749.500000000, A.D. 2027-Dec-10 00:00:00.0000,  1.191449459630672E-04,  2.371186829300168E-03,  1.290955070813316E+02,  2.231725134910864E+02,  1.198161809980164E+02,  2.461747861356650E+06,  6.125475234374877E+01,  1.003746925602249E+02,  1.003881219935482E+02,  2.371469377891050E-03,  2.371751926481931E-03,  5.877095020803542E+00,
2461750.500000000, A.D. 2027-Dec-11 00:00:00.0000,  1.095209679015967E-04,  2.371197429891446E-03,  1.290957800756743E+02,  2.231736437725995E+02,  1.115267529031172E+02,  2.461747725999367E+06,  6.125522595237281E+01,  1.699220355726284E+02,  1.699242314082817E+02,  2.371457154174309E-03,  2.371716878457172E-03,  5.877049580715077E+00,
2461751.500000000, A.D. 2027-Dec-12 00:00:00.0000,  1.137343801463868E-04,  2.371203671556539E-03,  1.290952656174567E+02,  2.231745147833412E+02,  1.012551987522521E+02,  2.461753435341782E+06,  6.125459691069383E+01,  2.414514192605019E+02,  2.414399716919922E+02,  2.371473389612540E-03,  2.371743107668541E-03,  5.877109933885650E+00,
2461752.500000000, A.D. 2027-Dec-13 00:00:00.0000,  1.384137079021605E-04,  2.371142716940965E-03,  1.290953374976579E+02,  2.231746795481697E+02,  1.022092311623094E+02,  2.461753450863966E+06,  6.125469100538867E+01,  3.017551215675331E+02,  3.017416336127540E+02,  2.371470961029864E-03,  2.371799205118764E-03,  5.877100905926212E+00,
2461753.500000000, A.D. 2027-Dec-14 00:00:00.0000,  1.450667283630334E-04,  2.371116345510966E-03,  1.290955519818524E+02,  2.231758564058877E+02,  1.097094185416592E+02,  2.461753573253871E+06,  6.125510152848326E+01,  3.555128266838288E+02,  3.555115258999865E+02,  2.371460365507633E-03,  2.371804385504299E-03,  5.877061518420668E+00,
2461754.500000000, A.D. 2027-Dec-15 00:00:00.0000,  1.420795030828626E-04,  2.371138788629536E-03,  1.290950309590314E+02,  2.231766405479879E+02,  1.182436775054774E+02,  2.461753712526025E+06,  6.125450636031427E+01,  4.823632961203776E+01,  4.824847510515220E+01,  2.371475726722362E-03,  2.371812664815187E-03,  5.877118621810292E+00,
2461755.500000000, A.D. 2027-Dec-16 00:00:00.0000,  1.170968935478809E-04,  2.371192427392207E-03,  1.290951668995292E+02,  2.231768481411497E+02,  1.198013172883488E+02,  2.461753737908003E+06,  6.125472362280426E+01,  1.079364582371541E+02,  1.079492238287541E+02,  2.371470119176304E-03,  2.371747810960401E-03,  5.877097776439514E+00,
2461756.500000000, A.D. 2027-Dec-17 00:00:00.0000,  1.081819326871945E-04,  2.371203433240545E-03,  1.290953174888823E+02,  2.231780807282504E+02,  1.112394569913217E+02,  2.461753598100267E+06,  6.125511637342603E+01,  1.777562058141597E+02,  1.777566911004881E+02,  2.371459982364728E-03,  2.371716531488910E-03,  5.877060094137325E+00,
2461757.500000000, A.D. 2027-Dec-18 00:00:00.0000,  1.151607514264068E-04,  2.371202128058939E-03,  1.290947907902323E+02,  2.231787659632504E+02,  1.005127109002038E+02,  2.461759300018377E+06,  6.125452564712648E+01,  2.497407281570576E+02,  2.497283487184173E+02,  2.371475228928292E-03,  2.371748329797645E-03,  5.877116771320357E+00,
2461758.500000000, A.D. 2027-Dec-19 00:00:00.0000,  1.387149036802905E-04,  2.371138138189594E-03,  1.290949895576057E+02,  2.231790109275763E+02,  1.031464091130662E+02,  2.461759342957122E+06,  6.125484075453676E+01,  3.083647957422561E+02,  3.083523310926229E+02,  2.371467096019399E-03,  2.371796053849204E-03,  5.877086538231462E+00,
2461759.500000000, A.D. 2027-Dec-20 00:00:00.0000,  1.441255232979642E-04,  2.371116566851644E-03,  1.290950845969852E+02,  2.231802871152370E+02,  1.101524657195745E+02,  2.461759457282208E+06,  6.125517944432944E+01,  2.616686010745507E+00,  2.617440146776282E+00,  2.371458354527969E-03,  2.371800142204295E-03,  5.877054042869613E+00,
2461760.500000000, A.D. 2027-Dec-21 00:00:00.0000,  1.393104099694133E-04,  2.371143212222699E-03,  1.290945505272522E+02,  2.231808918242096E+02,  1.186017812830917E+02,  2.461759595167716E+06,  6.125458941099963E+01,  5.542512999769091E+01,  5.543827565320439E+01,  2.371473583179803E-03,  2.371803954136908E-03,  5.877110653448506E+00,
2461761.500000000, A.D. 2027-Dec-22 00:00:00.0000,  1.158805648112530E-04,  2.371188658187668E-03,  1.290948016814878E+02,  2.231811662306891E+02,  1.179766830317260E+02,  2.461759584922199E+06,  6.125498144940299E+01,  1.173080552026173E+02,  1.173198534522329E+02,  2.371463464713388E-03,  2.371738271239108E-03,  5.877073039314563E+00,
2461762.500000000, A.D. 2027-Dec-23 00:00:00.0000,  1.096456484385703E-04,  2.371197037081303E-03,  1.290948511258899E+02,  2.231824791851821E+02,  1.100095058335398E+02,  2.461765331869398E+06,  6.125522971633422E+01,  1.865331895054890E+02,  1.865317601310711E+02,  2.371457057028065E-03,  2.371717076974827E-03,  5.877049219586928E+00,
2461763.500000000, A.D. 2027-Dec-24 00:00:00.0000,  1.195350657883054E-04,  2.371189586282479E-03,  1.290943271430517E+02,  2.231830146987473E+02,  1.004296562338525E+02,  2.461765175451796E+06,  6.125460966317688E+01,  2.573708542468129E+02,  2.573574883809607E+02,  2.371473060470778E-03,  2.371756534659077E-03,  5.877108710341084E+00,
2461764.500000000, A.D. 2027-Dec-25 00:00:00.0000,  1.404002268421987E-04,  2.371130134719629E-03,  1.290946163290677E+02,  2.231833356677949E+02,  1.047267796188519E+02,  2.461765245546836E+06,  6.125499601902351E+01,  3.143315315113102E+02,  3.143200217333761E+02,  2.371463088675226E-03,  2.371796042630824E-03,  5.877071641441254E+00,
2461765.500000000, A.D. 2027-Dec-26 00:00:00.0000,  1.441446800545379E-04,  2.371117404722259E-03,  1.290946197791221E+02,  2.231846518507641E+02,  1.115304205357886E+02,  2.461765356569611E+06,  6.125514521572131E+01,  8.785849285634585E+00,  8.788372687288950E+00,  2.371459237955376E-03,  2.371801071188494E-03,  5.877057326893822E+00,
2461766.500000000, A.D. 2027-Dec-27 00:00:00.0000,  1.357321620096489E-04,  2.371153846852278E-03,  1.290941230871884E+02,  2.231851357736308E+02,  1.200081306418850E+02,  2.461765494916300E+06,  6.125450614108889E+01,  6.156590566744683E+01,  6.157958421066648E+01,  2.371475732380586E-03,  2.371797617908896E-03,  5.877118642844068E+00,
2461767.500000000, A.D. 2027-Dec-28 00:00:00.0000,  1.126297395776195E-04,  2.371197014440509E-03,  1.290944340138395E+02,  2.231855221583195E+02,  1.172142380677457E+02,  2.461765449266206E+06,  6.125495637700671E+01,  1.256176090690155E+02,  1.256281001170880E+02,  2.371464111825841E-03,  2.371731209211174E-03,  5.877075444871809E+00,
2461768.500000000, A.D. 2027-Dec-29 00:00:00.0000,  1.076675322916537E-04,  2.371207451324348E-03,  1.290943778169473E+02,  2.231868339779278E+02,  1.082711226056629E+02,  2.461771180293173E+06,  6.125500794496367E+01,  1.958186203882488E+02,  1.958152576291222E+02,  2.371462780869887E-03,  2.371718110415424E-03,  5.877070497214731E+00,
2461769.500000000, A.D. 2027-Dec-30 00:00:00.0000,  1.228085990368986E-04,  2.371186436349145E-03,  1.290939204658589E+02,  2.231872542098735E+02,  9.920067345406306E+01,  2.461771032185841E+06,  6.125443090624878E+01,  2.661468282322414E+02,  2.661327873595382E+02,  2.371477674199960E-03,  2.371768912050776E-03,  5.877125861327285E+00,
2461770.500000000, A.D. 2027-Dec-31 00:00:00.0000,  1.427000596071244E-04,  2.371126792011605E-03,  1.290942561117112E+02,  2.231877265432707E+02,  1.051209580477757E+02,  2.461771128776663E+06,  6.125491420651279E+01,  3.214843394795082E+02,  3.214741550629332E+02,  2.371465200237035E-03,  2.371803608462464E-03,  5.877079490901054E+00,
2461771.500000000, A.D. 2028-Jan-01 00:00:00.0000,  1.463182013515440E-04,  2.371117987894615E-03,  1.290941282520231E+02,  2.231890228942417E+02,  1.123391414473803E+02,  2.461771246566775E+06,  6.125492287967470E+01,  1.552403266042525E+01,  1.552852096866149E+01,  2.371464976384528E-03,  2.371811964874440E-03,  5.877078658757945E+00,
2461772.500000000, A.D. 2028-Jan-02 00:00:00.0000,  1.340307461843160E-04,  2.371160377480004E-03,  1.290937147992531E+02,  2.231893718855747E+02,  1.209018476419258E+02,  2.461771386299897E+06,  6.125440943110308E+01,  6.821904207968430E+01,  6.823330528191215E+01,  2.371478228476527E-03,  2.371796079473050E-03,  5.877127921785222E+00,
2461773.500000000, A.D. 2028-Jan-03 00:00:00.0000,  1.121592502337386E-04,  2.371196626733889E-03,  1.290940742261330E+02,  2.231899283008256E+02,  1.166333964484550E+02,  2.461771316581574E+06,  6.125501463499582E+01,  1.337453276244548E+02,  1.337546116343892E+02,  2.371462608201982E-03,  2.371728589670075E-03,  5.877069855344171E+00,
2461774.500000000, A.D. 2028-Jan-04 00:00:00.0000,  1.075796056760596E-04,  2.371208968896194E-03,  1.290938727065237E+02,  2.231912156201022E+02,  1.076066777673691E+02,  2.461777046244001E+06,  6.125495722001954E+01,  2.040299326290210E+02,  2.040249132294006E+02,  2.371464090067878E-03,  2.371719211239562E-03,  5.877075363989376E+00,
2461775.500000000, A.D. 2028-Jan-05 00:00:00.0000,  1.251513007535666E-04,  2.371178284998230E-03,  1.290934946731009E+02,  2.231914869691303E+02,  9.975785618266677E+01,  2.461776918074835E+06,  6.125453148745720E+01,  2.731364904031770E+02,  2.731221704809521E+02,  2.371475078188970E-03,  2.371771871379710E-03,  5.877116210964988E+00,
2461776.500000000, A.D. 2028-Jan-06 00:00:00.0000,  1.413824351520335E-04,  2.371123754217157E-03,  1.290938843610785E+02,  2.231921144371645E+02,  1.062943888736139E+02,  2.461777024725965E+06,  6.125515300679466E+01,  3.278578307021808E+02,  3.278492100009097E+02,  2.371459036870653E-03,  2.371794319524148E-03,  5.877056579387980E+00,
2461777.500000000, A.D. 2028-Jan-07 00:00:00.0000,  1.445729344933070E-04,  2.371119991430665E-03,  1.290936256973441E+02,  2.231933910938332E+02,  1.130377438017682E+02,  2.461777134766160E+06,  6.125500562402853E+01,  2.237240093729792E+01,  2.237870774365336E+01,  2.371462840772596E-03,  2.371805690114529E-03,  5.877070719895300E+00,
2461778.500000000, A.D. 2028-Jan-08 00:00:00.0000,  1.297880314618288E-04,  2.371165526349678E-03,  1.290932850527680E+02,  2.231936077661508E+02,  1.204741888182810E+02,  2.461777256114633E+06,  6.125459979366819E+01,  7.619370033344097E+01,  7.620814380651855E+01,  2.371473315202922E-03,  2.371781104056167E-03,  5.877109657276916E+00,
2461779.500000000, A.D. 2028-Jan-09 00:00:00.0000,  1.120891542217495E-04,  2.371191387977832E-03,  1.290936886632366E+02,  2.231942990895828E+02,  1.147282227881952E+02,  2.461777162280084E+06,  6.125522407571917E+01,  1.431975572855768E+02,  1.432052510020820E+02,  2.371457202609946E-03,  2.371723017242060E-03,  5.877049760768071E+00,
2461780.500000000, A.D. 2028-Jan-10 00:00:00.0000,  1.096808528761010E-04,  2.371203217408422E-03,  1.290933846264787E+02,  2.231955514679259E+02,  1.060550142776573E+02,  2.461782897703617E+06,  6.125498699712498E+01,  2.131286961227104E+02,  2.131218279564033E+02,  2.371463321528091E-03,  2.371723425647761E-03,  5.877072507041698E+00,
2461781.500000000, A.D. 2028-Jan-11 00:00:00.0000,  1.297398801026570E-04,  2.371165638348919E-03,  1.290930888669290E+02,  2.231957346732160E+02,  1.003671131992632E+02,  2.461782804810524E+06,  6.125459987854633E+01,  2.800743533934556E+02,  2.800597151103565E+02,  2.371473313012216E-03,  2.371780987675513E-03,  5.877109649133232E+00,
2461782.500000000, A.D. 2028-Jan-12 00:00:00.0000,  1.426235956128139E-04,  2.371119707631080E-03,  1.290934888425338E+02,  2.231964906595672E+02,  1.075872761171615E+02,  2.461782922624294E+06,  6.125519575762045E+01,  3.341120661572755E+02,  3.341049292562775E+02,  2.371457933488399E-03,  2.371796159345718E-03,  5.877052477711072E+00,
2461783.500000000, A.D. 2028-Jan-13 00:00:00.0000,  1.446806581797800E-04,  2.371124012921478E-03,  1.290931490208353E+02,  2.231976981416150E+02,  1.147083138811102E+02,  2.461783038829564E+06,  6.125483988953307E+01,  2.824892123735483E+01,  2.825676946565386E+01,  2.371467118345012E-03,  2.371810223768546E-03,  5.877086621224114E+00,
2461784.500000000, A.D. 2028-Jan-14 00:00:00.0000,  1.258134092458321E-04,  2.371176940685690E-03,  1.290929099079016E+02,  2.231978706006078E+02,  1.212578104454194E+02,  2.461783145697472E+06,  6.125452273545869E+01,  8.295715497509121E+01,  8.297146362440984E+01,  2.371475304078639E-03,  2.371773667471589E-03,  5.877117050682776E+00,
2461785.500000000, A.D. 2028-Jan-15 00:00:00.0000,  1.095000199076648E-04,  2.371200767173758E-03,  1.290932874494729E+02,  2.231987088536432E+02,  1.141150079044568E+02,  2.461783029057759E+06,  6.125509855937264E+01,  1.513578105060300E+02,  1.513638244132475E+02,  2.371460442139383E-03,  2.371720117105007E-03,  5.877061803289131E+00,
2461786.500000000, A.D. 2028-Jan-16 00:00:00.0000,  1.088564880931687E-04,  2.371211765949335E-03,  1.290929000439679E+02,  2.231998509822705E+02,  1.040982141826605E+02,  2.461788742562486E+06,  6.125473150118057E+01,  2.226324370630591E+02,  2.226239893375244E+02,  2.371469915835991E-03,  2.371728065722648E-03,  5.877097020547086E+00,
2461787.500000000, A.D. 2028-Jan-17 00:00:00.0000,  1.326082520802335E-04,  2.371161174966809E-03,  1.290927317237305E+02,  2.232000065540417E+02,  1.001729664675338E+02,  2.461788678437086E+06,  6.125450924734373E+01,  2.878154145905994E+02,  2.878009467524667E+02,  2.371475652207898E-03,  2.371790129448987E-03,  5.877118344811670E+00,
2461788.500000000, A.D. 2028-Jan-18 00:00:00.0000,  1.437548341739605E-04,  2.371118775168900E-03,  1.290930832291124E+02,  2.232009347721249E+02,  1.078109651650880E+02,  2.461788803072123E+06,  6.125512793507902E+01,  3.414352782987457E+02,  3.414300327737013E+02,  2.371459683962519E-03,  2.371800592756138E-03,  5.877058984866451E+00,
2461789.500000000, A.D. 2028-Jan-19 00:00:00.0000,  1.452687207287884E-04,  2.371126437693450E-03,  1.290926469054753E+02,  2.232020035319161E+02,  1.155863651359906E+02,  2.461788929958621E+06,  6.125469188826405E+01,  3.491770904512117E+01,  3.492723894924101E+01,  2.371470938242894E-03,  2.371815438792337E-03,  5.877100821218454E+00,
2461790.500000000, A.D. 2028-Jan-20 00:00:00.0000,  1.239218563117367E-04,  2.371179338819374E-03,  1.290925455075327E+02,  2.232021392693851E+02,  1.209093744662789E+02,  2.461789016806741E+06,  6.125460363017916E+01,  9.085241517434437E+01,  9.086661396867163E+01,  2.371473216182517E-03,  2.371767093545660E-03,  5.877109289180572E+00,
2461791.500000000, A.D. 2028-Jan-21 00:00:00.0000,  1.102854132246617E-04,  2.371196115892859E-03,  1.290928752137621E+02,  2.232031507240040E+02,  1.134587654323780E+02,  2.461788895144826E+06,  6.125520662212021E+01,  1.595609418984321E+02,  1.595653545780927E+02,  2.371457653080073E-03,  2.371719190267287E-03,  5.877051435330534E+00,
2461792.500000000, A.D. 2028-Jan-22 00:00:00.0000,  1.105746255295650E-04,  2.371206971688076E-03,  1.290923891877984E+02,  2.232041572269518E+02,  1.035673905430830E+02,  2.461794610690823E+06,  6.125475939083628E+01,  2.307101414845566E+02,  2.307003356560838E+02,  2.371469196006379E-03,  2.371731420324683E-03,  5.877094344669910E+00,
2461793.500000000, A.D. 2028-Jan-23 00:00:00.0000,  1.341770594725485E-04,  2.371151647236714E-03,  1.290923511750607E+02,  2.232042696443107E+02,  1.016415376967970E+02,  2.461794579202152E+06,  6.125473428107927E+01,  2.938937589305888E+02,  2.938797001320960E+02,  2.371469844087021E-03,  2.371788040937328E-03,  5.877096753829180E+00,
2461794.500000000, A.D. 2028-Jan-24 00:00:00.0000,  1.420793023575051E-04,  2.371117771870204E-03,  1.290926632834838E+02,  2.232053505125843E+02,  1.087919335908438E+02,  2.461794695880066E+06,  6.125532078837284E+01,  3.480013037031221E+02,  3.479979184487161E+02,  2.371454706500476E-03,  2.371791641130749E-03,  5.877040481817757E+00,
2461795.500000000, A.D. 2028-Jan-25 00:00:00.0000,  1.423458393510496E-04,  2.371131633765383E-03,  1.290921522412358E+02,  2.232062956133825E+02,  1.164941243197627E+02,  2.461794821571192E+06,  6.125475913771120E+01,  4.155699322133236E+01,  4.156781522314776E+01,  2.371469202539514E-03,  2.371806771313644E-03,  5.877094368956023E+00,
2461796.500000000, A.D. 2028-Jan-26 00:00:00.0000,  1.201149520406982E-04,  2.371183702844983E-03,  1.290921644279026E+02,  2.232064124595593E+02,  1.197779760782182E+02,  2.461794875132841E+06,  6.125478435529423E+01,  9.953088743312482E+01,  9.954446126135022E+01,  2.371468551676333E-03,  2.371753400507684E-03,  5.877091949453337E+00,
2461797.500000000, A.D. 2028-Jan-27 00:00:00.0000,  1.101493969586357E-04,  2.371194796264607E-03,  1.290924466372230E+02,  2.232075377918776E+02,  1.117871123308030E+02,  2.461794744650048E+06,  6.125527025611797E+01,  1.687797059561302E+02,  1.687821616730292E+02,  2.371456010714102E-03,  2.371717225163596E-03,  5.877045330055406E+00,
2461798.500000000, A.D. 2028-Jan-28 00:00:00.0000,  1.136314745917123E-04,  2.371202000148928E-03,  1.290919244632484E+02,  2.232084253017473E+02,  1.018773740069950E+02,  2.461800459895039E+06,  6.125467113245516E+01,  2.399472739440410E+02,  2.399360040451225E+02,  2.371471473949465E-03,  2.371740947750002E-03,  5.877102812641788E+00,
2461799.500000000, A.D. 2028-Jan-29 00:00:00.0000,  1.379379624916635E-04,  2.371142429017359E-03,  1.290919871008050E+02,  2.232085697693191E+02,  1.024911746777987E+02,  2.461800469863718E+06,  6.125474588098285E+01,  3.005912444293975E+02,  3.005776366647005E+02,  2.371469544694465E-03,  2.371796660371571E-03,  5.877095640874507E+00,
2461800.500000000, A.D. 2028-Jan-30 00:00:00.0000,  1.442582411144981E-04,  2.371116454521194E-03,  1.290922222903920E+02,  2.232097405671676E+02,  1.098231559510248E+02,  2.461800589508135E+06,  6.125517160099072E+01,  3.545171638238253E+02,  3.545155840648457E+02,  2.371458556961497E-03,  2.371800659401800E-03,  5.877054795389348E+00,
2461801.500000000, A.D. 2028-Jan-31 00:00:00.0000,  1.415980232603807E-04,  2.371139060291353E-03,  1.290917029589571E+02,  2.232105485169278E+02,  1.182833665627807E+02,  2.461800727571214E+06,  6.125454007890264E+01,  4.731477001287014E+01,  4.732669895928855E+01,  2.371474856443238E-03,  2.371810652595122E-03,  5.877115386651830E+00,
2461802.500000000, A.D. 2028-Feb-01 00:00:00.0000,  1.168738326755716E-04,  2.371193684050049E-03,  1.290918207315297E+02,  2.232107431499625E+02,  1.200008874458576E+02,  2.461800755562483E+06,  6.125469542588749E+01,  1.068549887712099E+02,  1.068678056524075E+02,  2.371470846937008E-03,  2.371748009823968E-03,  5.877100481800070E+00,
2461803.500000000, A.D. 2028-Feb-02 00:00:00.0000,  1.076904952085252E-04,  2.371205669852203E-03,  1.290919918294287E+02,  2.232119530977798E+02,  1.111412614812174E+02,  2.461800610892339E+06,  6.125507486561918E+01,  1.769725060613408E+02,  1.769731577349927E+02,  2.371461053667440E-03,  2.371716437482678E-03,  5.877064076564508E+00,
2461804.500000000, A.D. 2028-Feb-03 00:00:00.0000,  1.147703310318054E-04,  2.371204475953858E-03,  1.290914711582436E+02,  2.232126718701611E+02,  1.003151962797405E+02,  2.461806311193208E+06,  6.125447054518835E+01,  2.490563190181136E+02,  2.490440368410616E+02,  2.371476651114140E-03,  2.371748826274423E-03,  5.877122058126722E+00,
2461805.500000000, A.D. 2028-Feb-04 00:00:00.0000,  1.392454487516802E-04,  2.371138736824920E-03,  1.290916484947548E+02,  2.232129115899490E+02,  1.029473197564035E+02,  2.461806354105354E+06,  6.125476880284018E+01,  3.076819739935876E+02,  3.076693445386279E+02,  2.371468953083493E-03,  2.371799169342066E-03,  5.877093441634344E+00,
2461806.500000000, A.D. 2028-Feb-05 00:00:00.0000,  1.449194735743158E-04,  2.371116343276880E-03,  1.290917558795113E+02,  2.232141737005578E+02,  1.101324321717912E+02,  2.461806471353190E+06,  6.125511514717999E+01,  1.754763624815918E+00,  1.755272236242925E+00,  2.371460014013714E-03,  2.371803684750548E-03,  5.877060211788262E+00,
2461807.500000000, A.D. 2028-Feb-06 00:00:00.0000,  1.399752192731107E-04,  2.371142992350903E-03,  1.290912302862743E+02,  2.232147970827825E+02,  1.188172562277734E+02,  2.461806613082622E+06,  6.125453683860001E+01,  5.432771322918051E+01,  5.434074488689632E+01,  2.371474940075641E-03,  2.371806887800378E-03,  5.877115697545252E+00,
2461808.500000000, A.D. 2028-Feb-07 00:00:00.0000,  1.160415797881828E-04,  2.371190205190236E-03,  1.290914680515333E+02,  2.232150735479908E+02,  1.185827185490637E+02,  2.461806609211972E+06,  6.125490670765874E+01,  1.158200442705516E+02,  1.158320133747043E+02,  2.371465393780943E-03,  2.371740582371651E-03,  5.877080210375848E+00,
2461809.500000000, A.D. 2028-Feb-08 00:00:00.0000,  1.090936089283691E-04,  2.371199455169974E-03,  1.290915232356890E+02,  2.232163725228832E+02,  1.103667093430464E+02,  2.461812352101297E+06,  6.125518674503093E+01,  1.852940024525264E+02,  1.852928491683171E+02,  2.371458166099736E-03,  2.371716877029498E-03,  5.877053342412729E+00,
2461810.500000000, A.D. 2028-Feb-09 00:00:00.0000,  1.184421162861846E-04,  2.371192610544662E-03,  1.290909984390085E+02,  2.232169208138858E+02,  1.005382096485498E+02,  2.461812191623706E+06,  6.125459290948274E+01,  2.563802785130420E+02,  2.563670881639386E+02,  2.371473492883876E-03,  2.371754375223091E-03,  5.877110317784331E+00,
2461811.500000000, A.D. 2028-Feb-10 00:00:00.0000,  1.396509934702230E-04,  2.371131371030694E-03,  1.290912815628280E+02,  2.232172335429299E+02,  1.046547380546475E+02,  2.461812258769335E+06,  6.125501696243116E+01,  3.135215715004662E+02,  3.135099662144578E+02,  2.371462548131518E-03,  2.371793725232342E-03,  5.877069632040011E+00,
2461812.500000000, A.D. 2028-Feb-11 00:00:00.0000,  1.435034314931039E-04,  2.371117256491354E-03,  1.290912908113591E+02,  2.232185564898273E+02,  1.112839030121342E+02,  2.461812366943959E+06,  6.125520988795900E+01,  8.150375744782687E+00,  8.152707491452382E+00,  2.371457568790117E-03,  2.371797881088878E-03,  5.877051121993879E+00,
2461813.500000000, A.D. 2028-Feb-12 00:00:00.0000,  1.357456421956684E-04,  2.371151747567823E-03,  1.290907821815576E+02,  2.232190430057609E+02,  1.196267349140480E+02,  2.461812503089485E+06,  6.125458624929803E+01,  6.106534112115806E+01,  6.107895580626861E+01,  2.371473664783399E-03,  2.371795581998975E-03,  5.877110956799998E+00,
2461814.500000000, A.D. 2028-Feb-13 00:00:00.0000,  1.133215818585868E-04,  2.371193698462835E-03,  1.290910959361798E+02,  2.232194069054340E+02,  1.170528381757998E+02,  2.461812461031585E+06,  6.125502129390290E+01,  1.248970536894338E+02,  1.249077034518976E+02,  2.371462436337438E-03,  2.371731174212042E-03,  5.877069216460024E+00,
2461815.500000000, A.D. 2028-Feb-14 00:00:00.0000,  1.085842452615891E-04,  2.371203219852766E-03,  1.290910574128560E+02,  2.232207285590469E+02,  1.084943254272620E+02,  2.461818198331017E+06,  6.125508767251610E+01,  1.947134970049261E+02,  1.947103371156811E+02,  2.371460723125554E-03,  2.371718226398342E-03,  5.877062847818347E+00,
2461816.500000000, A.D. 2028-Feb-15 00:00:00.0000,  1.227619347977388E-04,  2.371185166176796E-03,  1.290905832791721E+02,  2.232211635770714E+02,  9.958915985885710E+01,  2.461818052924197E+06,  6.125448441259828E+01,  2.648764289580616E+02,  2.648624178765892E+02,  2.371476293194875E-03,  2.371767420212954E-03,  5.877120727604368E+00,
2461817.500000000, A.D. 2028-Feb-16 00:00:00.0000,  1.424167257656298E-04,  2.371126445516005E-03,  1.290909171048856E+02,  2.232216056159419E+02,  1.053688413401228E+02,  2.461818147220415E+06,  6.125495367050461E+01,  3.203545434570988E+02,  3.203441294535479E+02,  2.371464181680029E-03,  2.371801917844054E-03,  5.877075704545780E+00,
2461818.500000000, A.D. 2028-Feb-17 00:00:00.0000,  1.456910378248944E-04,  2.371118118240763E-03,  1.290908123174424E+02,  2.232229128015777E+02,  1.124390246832840E+02,  2.461818262594791E+06,  6.125497546239325E+01,  1.454225025359362E+01,  1.454644299531799E+01,  2.371463619236614E-03,  2.371809120232464E-03,  5.877073613734734E+00,
2461819.500000000, A.D. 2028-Feb-18 00:00:00.0000,  1.338013079931884E-04,  2.371160637667254E-03,  1.290903840454660E+02,  2.232232822426992E+02,  1.209690062799016E+02,  2.461818401793461E+06,  6.125442043291682E+01,  6.727000505554891E+01,  6.728414768556070E+01,  2.371477944518108E-03,  2.371795251368962E-03,  5.877126866203171E+00,
2461820.500000000, A.D. 2028-Feb-19 00:00:00.0000,  1.117275485188312E-04,  2.371198508911679E-03,  1.290907375971774E+02,  2.232238112135107E+02,  1.167801020077420E+02,  2.461818333372615E+06,  6.125498137199702E+01,  1.327167200806736E+02,  1.327261257919135E+02,  2.371463466711216E-03,  2.371728424510754E-03,  5.877073046741232E+00,
2461821.500000000, A.D. 2028-Feb-20 00:00:00.0000,  1.070626305992134E-04,  2.371211472886945E-03,  1.290905607848082E+02,  2.232251000518879E+02,  1.075286651193964E+02,  2.461824059369976E+06,  6.125490769849566E+01,  2.032260283367073E+02,  2.032211907435356E+02,  2.371465368207640E-03,  2.371719263528336E-03,  5.877080115310354E+00,
2461822.500000000, A.D. 2028-Feb-21 00:00:00.0000,  1.248344581307679E-04,  2.371180715095616E-03,  1.290901751617715E+02,  2.232253985004972E+02,  9.947393770393590E+01,  2.461823927839240E+06,  6.125446643837029E+01,  2.725384692022686E+02,  2.725241781658048E+02,  2.371476757111559E-03,  2.371772799127503E-03,  5.877122452159555E+00,
2461823.500000000, A.D. 2028-Feb-22 00:00:00.0000,  1.419597334350217E-04,  2.371124479150621E-03,  1.290905543434762E+02,  2.232260146394679E+02,  1.060220894303963E+02,  2.461824034679515E+06,  6.125507186390828E+01,  3.272481678772929E+02,  3.272393658850748E+02,  2.371461131140649E-03,  2.371797783130678E-03,  5.877064364561025E+00,
2461824.500000000, A.D. 2028-Feb-23 00:00:00.0000,  1.451156067580296E-04,  2.371119255051623E-03,  1.290903043875096E+02,  2.232272902184400E+02,  1.128919700545298E+02,  2.461824146784997E+06,  6.125498428991189E+01,  2.163617949044582E+01,  2.164231183812866E+01,  2.371463391400571E-03,  2.371807527749520E-03,  5.877072766783625E+00,
2461825.500000000, A.D. 2028-Feb-24 00:00:00.0000,  1.307369126097428E-04,  2.371164004302983E-03,  1.290899623977915E+02,  2.232275158867325E+02,  1.206083694007712E+02,  2.461824272703518E+06,  6.125457157615149E+01,  7.517752021958506E+01,  7.519200363867111E+01,  2.371474043497764E-03,  2.371784082692545E-03,  5.877112364624885E+00,
2461826.500000000, A.D. 2028-Feb-25 00:00:00.0000,  1.126738696872021E-04,  2.371189727522350E-03,  1.290903622249328E+02,  2.232282002124230E+02,  1.151111048062411E+02,  2.461824182929962E+06,  6.125523468645752E+01,  1.419326689668545E+02,  1.419406291324603E+02,  2.371456928751309E-03,  2.371724129980269E-03,  5.877048742735285E+00,
2461827.500000000, A.D. 2028-Feb-26 00:00:00.0000,  1.092732136986553E-04,  2.371204121242515E-03,  1.290900630484873E+02,  2.232294543220628E+02,  1.065186086289102E+02,  2.461829919670657E+06,  6.125498943318695E+01,  2.117830994881691E+02,  2.117765049645652E+02,  2.371463258653957E-03,  2.371722396065399E-03,  5.877072273315222E+00,
2461828.500000000, A.D. 2028-Feb-27 00:00:00.0000,  1.286482122152877E-04,  2.371167347180746E-03,  1.290897583097945E+02,  2.232296381683627E+02,  1.005560666144655E+02,  2.461829822293750E+06,  6.125463397938023E+01,  2.790033803025044E+02,  2.789888195715835E+02,  2.371472432869553E-03,  2.371777518558359E-03,  5.877106377309913E+00,
2461829.500000000, A.D. 2028-Feb-28 00:00:00.0000,  1.419419502166431E-04,  2.371120468549225E-03,  1.290901648830294E+02,  2.232303877262106E+02,  1.074965646011761E+02,  2.461829935541848E+06,  6.125522891184063E+01,  3.333207843850867E+02,  3.333134801683187E+02,  2.371457077791702E-03,  2.371793687034178E-03,  5.877049296772966E+00,
2461830.500000000, A.D. 2028-Feb-29 00:00:00.0000,  1.439900526399267E-04,  2.371123155531213E-03,  1.290898230472081E+02,  2.232316102225181E+02,  1.143417028834008E+02,  2.461830047243780E+06,  6.125493657748134E+01,  2.773355352454291E+01,  2.774123321648348E+01,  2.371464622847091E-03,  2.371806090162968E-03,  5.877077344527753E+00,
2461831.500000000, A.D. 2028-Mar-01 00:00:00.0000,  1.261010996978585E-04,  2.371174608798272E-03,  1.290895729903797E+02,  2.232317713695219E+02,  1.209667568722751E+02,  2.461830155345465E+06,  6.125458665803158E+01,  8.236625773120041E+01,  8.238058008807701E+01,  2.371473654233976E-03,  2.371772699669679E-03,  5.877110917583793E+00,
2461832.500000000, A.D. 2028-Mar-02 00:00:00.0000,  1.104202893066179E-04,  2.371196360402838E-03,  1.290899638638963E+02,  2.232325901157659E+02,  1.139779739559164E+02,  2.461830041221919E+06,  6.125518475330895E+01,  1.506129056427789E+02,  1.506191139325531E+02,  2.371458217505293E-03,  2.371720074607749E-03,  5.877053533506045E+00,
2461833.500000000, A.D. 2028-Mar-03 00:00:00.0000,  1.093468222277068E-04,  2.371209525758106E-03,  1.290895897693934E+02,  2.232337517057225E+02,  1.042848900977923E+02,  2.461835760005606E+06,  6.125477324857305E+01,  2.215638690810403E+02,  2.215555566982382E+02,  2.371468838339590E-03,  2.371728150921075E-03,  5.877093015088197E+00,
2461834.500000000, A.D. 2028-Mar-04 00:00:00.0000,  1.325980982542931E-04,  2.371161020759049E-03,  1.290893991902433E+02,  2.232339105782051E+02,  1.002985783143602E+02,  2.461835694884992E+06,  6.125451615592254E+01,  2.868078979446762E+02,  2.867933517445104E+02,  2.371475473896944E-03,  2.371789927034840E-03,  5.877117681962010E+00,
2461835.500000000, A.D. 2028-Mar-05 00:00:00.0000,  1.442764889262212E-04,  2.371118590387903E-03,  1.290897603218884E+02,  2.232348102714227E+02,  1.079443539507118E+02,  2.461835819647113E+06,  6.125508715755318E+01,  3.404199882178683E+02,  3.404144467336401E+02,  2.371460736416579E-03,  2.371802882445255E-03,  5.877062897225988E+00,
2461836.500000000, A.D. 2028-Mar-06 00:00:00.0000,  1.454936681941789E-04,  2.371126325467987E-03,  1.290893394657762E+02,  2.232359032173373E+02,  1.156852604622612E+02,  2.461835945970603E+06,  6.125467556540825E+01,  3.393689093725806E+01,  3.394620016951635E+01,  2.371471359535103E-03,  2.371816393602220E-03,  5.877102387320442E+00,
2461837.500000000, A.D. 2028-Mar-07 00:00:00.0000,  1.238831180304873E-04,  2.371181128146909E-03,  1.290892217102896E+02,  2.232360489571313E+02,  1.213506066733012E+02,  2.461836038405701E+06,  6.125453785456323E+01,  8.952928330016469E+01,  8.954347879863299E+01,  2.371474913853568E-03,  2.371768699560228E-03,  5.877115600067846E+00,
2461838.500000000, A.D. 2028-Mar-08 00:00:00.0000,  1.096613286540029E-04,  2.371199129193380E-03,  1.290895533245267E+02,  2.232370379824700E+02,  1.137436693223026E+02,  2.461835914191249E+06,  6.125514720709988E+01,  1.583940956822341E+02,  1.583987222463857E+02,  2.371459186558627E-03,  2.371719243923875E-03,  5.877057135833208E+00,
2461839.500000000, A.D. 2028-Mar-09 00:00:00.0000,  1.098454809810999E-04,  2.371210596903340E-03,  1.290890874375348E+02,  2.232380528757988E+02,  1.033618125628998E+02,  2.461841621735097E+06,  6.125468591989952E+01,  2.300337830215067E+02,  2.300241366224107E+02,  2.371471092286105E-03,  2.371731587668870E-03,  5.877101393855136E+00,
2461840.500000000, A.D. 2028-Mar-10 00:00:00.0000,  1.339958359826140E-04,  2.371154191518752E-03,  1.290890350169597E+02,  2.232381824150775E+02,  1.012322218551455E+02,  2.461841586919818E+06,  6.125465234371281E+01,  2.934211044475083E+02,  2.934070138255420E+02,  2.371471958886392E-03,  2.371789726254031E-03,  5.877104615335402E+00,
2461841.500000000, A.D. 2028-Mar-11 00:00:00.0000,  1.429121366706041E-04,  2.371117960289932E-03,  1.290893436511684E+02,  2.232392457349615E+02,  1.085822116074290E+02,  2.461841706855010E+06,  6.125523695278851E+01,  3.473290473366740E+02,  3.473254544934975E+02,  2.371456870258282E-03,  2.371795780226632E-03,  5.877048525295300E+00,
2461842.500000000, A.D. 2028-Mar-12 00:00:00.0000,  1.432551293605092E-04,  2.371130095492708E-03,  1.290888377709558E+02,  2.232401999053075E+02,  1.163356614353815E+02,  2.461841833383242E+06,  6.125473518686942E+01,  4.083343296396490E+01,  4.084416810834608E+01,  2.371469820708648E-03,  2.371809545924588E-03,  5.877096666922978E+00,
2461843.500000000, A.D. 2028-Mar-13 00:00:00.0000,  1.209513725256829E-04,  2.371181971068987E-03,  1.290888435134178E+02,  2.232403174011939E+02,  1.199736092375336E+02,  2.461841892725263E+06,  6.125477459936978E+01,  9.845325171139450E+01,  9.846696083966188E+01,  2.371468803475670E-03,  2.371755635882352E-03,  5.877092885485922E+00,
2461844.500000000, A.D. 2028-Mar-14 00:00:00.0000,  1.107870236111775E-04,  2.371192177656446E-03,  1.290891297153067E+02,  2.232414396129537E+02,  1.122013703929607E+02,  2.461841765813550E+06,  6.125531313280702E+01,  1.674834471953650E+02,  1.674861981607582E+02,  2.371454904086898E-03,  2.371717630517350E-03,  5.877041216318455E+00,
2461845.500000000, A.D. 2028-Mar-15 00:00:00.0000,  1.134738269319840E-04,  2.371200974797641E-03,  1.290886056262847E+02,  2.232423342230111E+02,  1.023867178186385E+02,  2.461847482606815E+06,  6.125472535058297E+01,  2.385559640604976E+02,  2.385448712486945E+02,  2.371470074582459E-03,  2.371739174367277E-03,  5.877097610667416E+00,
2461846.500000000, A.D. 2028-Mar-16 00:00:00.0000,  1.372038399332236E-04,  2.371142983499268E-03,  1.290886597360571E+02,  2.232424648599008E+02,  1.026688210088171E+02,  2.461847487161513E+06,  6.125479185676380E+01,  2.995316269993543E+02,  2.995179460365725E+02,  2.371468358064274E-03,  2.371793732629281E-03,  5.877091229724724E+00,
2461847.500000000, A.D. 2028-Mar-17 00:00:00.0000,  1.435054700746107E-04,  2.371116674043864E-03,  1.290889111003052E+02,  2.232436289435526E+02,  1.098810644645742E+02,  2.461847604851198E+06,  6.125523227096513E+01,  3.535773154967517E+02,  3.535754756462201E+02,  2.371456991094132E-03,  2.371797308144401E-03,  5.877048974486369E+00,
2461848.500000000, A.D. 2028-Mar-18 00:00:00.0000,  1.412090852238261E-04,  2.371138269829178E-03,  1.290883852252465E+02,  2.232444600855912E+02,  1.180671098647627E+02,  2.461847738439312E+06,  6.125460645079499E+01,  4.664910026011665E+01,  4.666086818234290E+01,  2.371473143382387E-03,  2.371808016935597E-03,  5.877109018554926E+00,
2461849.500000000, A.D. 2028-Mar-19 00:00:00.0000,  1.169839416571528E-04,  2.371192207752470E-03,  1.290884889700093E+02,  2.232446322417838E+02,  1.198010971237128E+02,  2.461847766699675E+06,  6.125474251316730E+01,  1.061728650694471E+02,  1.061857394090805E+02,  2.371469631617497E-03,  2.371747055482523E-03,  5.877095964000086E+00,
2461850.500000000, A.D. 2028-Mar-20 00:00:00.0000,  1.083678853731363E-04,  2.371202488664954E-03,  1.290886842521921E+02,  2.232458329650902E+02,  1.110540838155564E+02,  2.461847623869224E+06,  6.125513588747933E+01,  1.761777814904883E+02,  1.761786091757887E+02,  2.371459478713910E-03,  2.371716468762866E-03,  5.877058221881843E+00,
2461851.500000000, A.D. 2028-Mar-21 00:00:00.0000,  1.151901028456542E-04,  2.371202746047620E-03,  1.290881626541223E+02,  2.232465821039559E+02,  1.004840648795906E+02,  2.461853328345977E+06,  6.125449900350036E+01,  2.480055831911582E+02,  2.479933447155068E+02,  2.371475916602349E-03,  2.371749087157079E-03,  5.877119327666494E+00,
2461852.500000000, A.D. 2028-Mar-22 00:00:00.0000,  1.396934475160470E-04,  2.371138429255371E-03,  1.290883204059114E+02,  2.232468045580807E+02,  1.029937095370352E+02,  2.461853369260083E+06,  6.125473955240346E+01,  3.067536999768218E+02,  3.067408730326269E+02,  2.371469708034566E-03,  2.371800986813761E-03,  5.877096248071055E+00,
2461853.500000000, A.D. 2028-Mar-23 00:00:00.0000,  1.455030887293359E-04,  2.371116271074891E-03,  1.290884507037588E+02,  2.232480499155189E+02,  1.103164303764246E+02,  2.461853488754237E+06,  6.125506431317825E+01,  6.888599580968068E-01,  6.890604522333564E-01,  2.371461326022630E-03,  2.371806380970368E-03,  5.877065089009310E+00,
2461854.500000000, A.D. 2028-Mar-24 00:00:00.0000,  1.404757096644025E-04,  2.371143142418192E-03,  1.290879294385349E+02,  2.232487052951957E+02,  1.190642488611052E+02,  2.461853631511790E+06,  6.125448503110377E+01,  5.319879806028503E+01,  5.321168885142610E+01,  2.371476277231188E-03,  2.371809412044185E-03,  5.877120668261261E+00,
2461855.500000000, A.D. 2028-Mar-25 00:00:00.0000,  1.159187308728981E-04,  2.371192478054215E-03,  1.290881499976030E+02,  2.232489788202863E+02,  1.191279665976674E+02,  2.461853632508836E+06,  6.125482992443557E+01,  1.143928536602322E+02,  1.144049505122171E+02,  2.371467375542695E-03,  2.371742273031174E-03,  5.877087577324087E+00,
2461856.500000000, A.D. 2028-Mar-26 00:00:00.0000,  1.086619016589613E-04,  2.371201258400580E-03,  1.290882139575803E+02,  2.232502651260448E+02,  1.106483570545724E+02,  2.461859371098926E+06,  6.125515654157397E+01,  1.841303858236684E+02,  1.841294890912634E+02,  2.371458945639319E-03,  2.371716632878058E-03,  5.877056240247585E+00,
2461857.500000000, A.D. 2028-Mar-27 00:00:00.0000,  1.176348591465555E-04,  2.371195411222608E-03,  1.290876930610044E+02,  2.232508280759755E+02,  1.004983269743619E+02,  2.461859205372213E+06,  6.125455856650819E+01,  2.555381778683759E+02,  2.555251255084459E+02,  2.371474379277184E-03,  2.371753347331760E-03,  5.877113612844402E+00,
2461858.500000000, A.D. 2028-Mar-28 00:00:00.0000,  1.392696031989526E-04,  2.371132643301031E-03,  1.290879657606000E+02,  2.232511360241385E+02,  1.044787720171177E+02,  2.461859270295486E+06,  6.125500270932388E+01,  3.128155478861984E+02,  3.128038397602498E+02,  2.371462916000343E-03,  2.371793188699655E-03,  5.877070999544709E+00,
2461859.500000000, A.D. 2028-Mar-29 00:00:00.0000,  1.438118452708392E-04,  2.371117014751222E-03,  1.290879814173248E+02,  2.232524572811368E+02,  1.110617016194424E+02,  2.461859377715274E+06,  6.125519091360103E+01,  7.490574231097039E+00,  7.492722948663401E+00,  2.371458058510599E-03,  2.371799102269975E-03,  5.877052942464440E+00,
2461860.500000000, A.D. 2028-Mar-30 00:00:00.0000,  1.364611684382638E-04,  2.371149293626781E-03,  1.290874665072220E+02,  2.232529507377520E+02,  1.193654611721296E+02,  2.461859513223768E+06,  6.125461558646494E+01,  6.044459875698425E+01,  6.045820246095415E+01,  2.371472907590670E-03,  2.371796521554560E-03,  5.877108142027863E+00,
2461861.500000000, A.D. 2028-Mar-31 00:00:00.0000,  1.142319423143802E-04,  2.371190854668529E-03,  1.290877825370270E+02,  2.232533072192478E+02,  1.172370237574446E+02,  2.461859478438321E+06,  6.125504783379450E+01,  1.238308573722357E+02,  1.238417301847590E+02,  2.371461751350510E-03,  2.371732648032491E-03,  5.877066670110206E+00,
2461862.500000000, A.D. 2028-Apr-01 00:00:00.0000,  1.096108359152563E-04,  2.371198087392164E-03,  1.290877479727883E+02,  2.232546374236025E+02,  1.090526109784524E+02,  2.461865221838984E+06,  6.125519221629413E+01,  1.932732298436177E+02,  1.932703464053137E+02,  2.371458024888611E-03,  2.371717962385057E-03,  5.877052817479178E+00,
2461863.500000000, A.D. 2028-Apr-02 00:00:00.0000,  1.223053566759425E-04,  2.371184308388959E-03,  1.290872619415449E+02,  2.232550719353433E+02,  1.001136819975339E+02,  2.461865075883617E+06,  6.125455960764184E+01,  2.634699430513706E+02,  2.634560190577923E+02,  2.371474352405479E-03,  2.371764396421997E-03,  5.877113512952072E+00,
2461864.500000000, A.D. 2028-Apr-03 00:00:00.0000,  1.414762529661088E-04,  2.371126317051476E-03,  1.290875983663011E+02,  2.232554874056720E+02,  1.056725208042200E+02,  2.461865166575035E+06,  6.125504507383718E+01,  3.191689161964273E+02,  3.191583148769229E+02,  2.371461822584187E-03,  2.371797328116899E-03,  5.877066934912119E+00,
2461865.500000000, A.D. 2028-Apr-04 00:00:00.0000,  1.450792609324264E-04,  2.371118251632465E-03,  1.290875135274164E+02,  2.232568067731481E+02,  1.124747759437766E+02,  2.461865277576078E+06,  6.125502651313552E+01,  1.362458326858873E+01,  1.362850009599005E+01,  2.371462301630514E-03,  2.371806351628564E-03,  5.877068715704524E+00,
2461866.500000000, A.D. 2028-Apr-05 00:00:00.0000,  1.336259071183690E-04,  2.371159940257718E-03,  1.290870672062676E+02,  2.232571927395463E+02,  1.208364046197183E+02,  2.461865414026893E+06,  6.125446357558089E+01,  6.652070014049757E+01,  6.653474567171008E+01,  2.371476831000471E-03,  2.371793721743224E-03,  5.877122726832826E+00,
2461867.500000000, A.D. 2028-Apr-06 00:00:00.0000,  1.114505070127339E-04,  2.371199772327725E-03,  1.290874204390776E+02,  2.232576961591816E+02,  1.168954917611017E+02,  2.461865349652916E+06,  6.125495787352539E+01,  1.317194200516210E+02,  1.317289518184896E+02,  2.371464073201046E-03,  2.371728374074367E-03,  5.877075301289094E+00,
2461868.500000000, A.D. 2028-Apr-07 00:00:00.0000,  1.073127271798032E-04,  2.371210274301172E-03,  1.290872643009561E+02,  2.232589926611150E+02,  1.076240017109589E+02,  2.461871075322839E+06,  6.125493116072989E+01,  2.022487767968351E+02,  2.022441213255235E+02,  2.371464762652262E-03,  2.371719251003353E-03,  5.877077864235582E+00,
2461869.500000000, A.D. 2028-Apr-08 00:00:00.0000,  1.248947242395608E-04,  2.371181731650924E-03,  1.290868710702041E+02,  2.232593116808518E+02,  9.930693383643555E+01,  2.461870939511165E+06,  6.125442150949878E+01,  2.718235762875533E+02,  2.718092715837131E+02,  2.371477916731375E-03,  2.371774101811826E-03,  5.877126762909261E+00,
2461870.500000000, A.D. 2028-Apr-09 00:00:00.0000,  1.424215681262887E-04,  2.371124559881257E-03,  1.290872397530644E+02,  2.232599046275432E+02,  1.059743529230324E+02,  2.461871048298205E+06,  6.125502629495041E+01,  3.264139790572994E+02,  3.264049495136563E+02,  2.371462307261810E-03,  2.371800054642363E-03,  5.877068736638136E+00,
2461871.500000000, A.D. 2028-Apr-10 00:00:00.0000,  1.461164564404614E-04,  2.371119130927778E-03,  1.290870129631408E+02,  2.232611761430990E+02,  1.130757449391296E+02,  2.461871164182474E+06,  6.125489712591684E+01,  2.057046799011785E+01,  2.057635205251128E+01,  2.371465641083824E-03,  2.371812151239870E-03,  5.877081129692806E+00,
2461872.500000000, A.D. 2028-Apr-11 00:00:00.0000,  1.315273797392262E-04,  2.371164050585860E-03,  1.290866640123307E+02,  2.232614288232869E+02,  1.209970624495859E+02,  2.461871293445924E+06,  6.125449714363647E+01,  7.390686320385851E+01,  7.392134515801961E+01,  2.371475964605599E-03,  2.371787878625338E-03,  5.877119506112854E+00,
2461873.500000000, A.D. 2028-Apr-12 00:00:00.0000,  1.120443468257594E-04,  2.371193989430325E-03,  1.290870530968279E+02,  2.232621048021785E+02,  1.158022626394652E+02,  2.461871208607545E+06,  6.125512738796954E+01,  1.403595367146208E+02,  1.403677269167696E+02,  2.371459698083220E-03,  2.371725406736116E-03,  5.877059037358294E+00,
2461874.500000000, A.D. 2028-Apr-13 00:00:00.0000,  1.084963645435092E-04,  2.371206668572720E-03,  1.290867603545561E+02,  2.232633567212489E+02,  1.069184122110619E+02,  2.461876940597697E+06,  6.125496211260376E+01,  2.105012805426955E+02,  2.104949709340951E+02,  2.371463963791437E-03,  2.371721259010153E-03,  5.877074894572936E+00,
2461875.500000000, A.D. 2028-Apr-14 00:00:00.0000,  1.277667773612808E-04,  2.371170237503563E-03,  1.290864553756033E+02,  2.232635478481179E+02,  1.004071131055766E+02,  2.461876834261752E+06,  6.125460297874115E+01,  2.782703260945657E+02,  2.782558370278507E+02,  2.371473232996141E-03,  2.371776228488720E-03,  5.877109351683180E+00,
2461876.500000000, A.D. 2028-Apr-15 00:00:00.0000,  1.413511222444881E-04,  2.371121293814761E-03,  1.290868587235286E+02,  2.232642896359022E+02,  1.073220297788771E+02,  2.461876947091276E+06,  6.125525122678535E+01,  3.326133115549175E+02,  3.326058595741096E+02,  2.371456501852652E-03,  2.371791709890542E-03,  5.877047155796844E+00,
2461877.500000000, A.D. 2028-Apr-16 00:00:00.0000,  1.440615374908522E-04,  2.371122463205300E-03,  1.290865223628543E+02,  2.232655148556107E+02,  1.141418908985686E+02,  2.461877058380509E+06,  6.125495683637531E+01,  2.705138287420524E+01,  2.705889184880182E+01,  2.371464099969646E-03,  2.371805736733991E-03,  5.877075400797924E+00,
2461878.500000000, A.D. 2028-Apr-17 00:00:00.0000,  1.267864527105949E-04,  2.371172072244375E-03,  1.290862605964673E+02,  2.232656754390115E+02,  1.207981009572964E+02,  2.461877166991632E+06,  6.125462196885591E+01,  8.165292363038532E+01,  8.166729871394375E+01,  2.371472742861141E-03,  2.371773413477908E-03,  5.877107529665878E+00,
2461879.500000000, A.D. 2028-Apr-18 00:00:00.0000,  1.109797792861032E-04,  2.371194141208491E-03,  1.290866596112308E+02,  2.232664805223905E+02,  1.140944567359307E+02,  2.461877057523067E+06,  6.125521933294283E+01,  1.496144602650910E+02,  1.496208921332805E+02,  2.371457325019009E-03,  2.371720508829526E-03,  5.877050215807379E+00,
2461880.500000000, A.D. 2028-Apr-19 00:00:00.0000,  1.098031797355752E-04,  2.371206474759609E-03,  1.290862886792413E+02,  2.232676613725112E+02,  1.048124101834477E+02,  2.461882783012674E+06,  6.125484953633718E+01,  2.201544021509308E+02,  2.201462891702669E+02,  2.371466869362502E-03,  2.371727263965395E-03,  5.877085695663055E+00,
2461881.500000000, A.D. 2028-Apr-20 00:00:00.0000,  1.323259227924832E-04,  2.371160325791315E-03,  1.290860811704667E+02,  2.232678123644602E+02,  1.006288686968783E+02,  2.461882714673710E+06,  6.125456809701593E+01,  2.855956865135977E+02,  2.855810807054836E+02,  2.371474133294382E-03,  2.371787940797448E-03,  5.877112698432978E+00,
2461882.500000000, A.D. 2028-Apr-21 00:00:00.0000,  1.436860169002063E-04,  2.371118417940953E-03,  1.290864568318908E+02,  2.232686868723545E+02,  1.081961599014987E+02,  2.461882838154929E+06,  6.125514810196872E+01,  3.392862697303611E+02,  3.392804450253769E+02,  2.371459163462392E-03,  2.371799908983831E-03,  5.877057049976011E+00,
2461883.500000000, A.D. 2028-Apr-22 00:00:00.0000,  1.449641873453326E-04,  2.371126698023236E-03,  1.290860515660009E+02,  2.232698048761973E+02,  1.157978093916905E+02,  2.461882962205121E+06,  6.125470978559940E+01,  3.294246924790363E+01,  3.295150399349638E+01,  2.371470476313649E-03,  2.371814254604062E-03,  5.877099104053443E+00,
2461884.500000000, A.D. 2028-Apr-23 00:00:00.0000,  1.235910144168256E-04,  2.371182336952860E-03,  1.290859092821687E+02,  2.232699546879460E+02,  1.215354475067595E+02,  2.461883055819714E+06,  6.125451785642231E+01,  8.846256708893848E+01,  8.847672453613920E+01,  2.371475430006919E-03,  2.371768523060978E-03,  5.877117518806089E+00,
2461885.500000000, A.D. 2028-Apr-24 00:00:00.0000,  1.089276058309697E-04,  2.371202355488144E-03,  1.290862513242192E+02,  2.232709134399190E+02,  1.137821163576702E+02,  2.461882929213610E+06,  6.125508961380281E+01,  1.574737507266678E+02,  1.574785321331208E+02,  2.371460673021579E-03,  2.371718990555014E-03,  5.877062661563391E+00,
2461886.500000000, A.D. 2028-Apr-25 00:00:00.0000,  1.095322521026412E-04,  2.371212386465423E-03,  1.290858034578304E+02,  2.232719524804768E+02,  1.032364042706961E+02,  2.461888634086659E+06,  6.125464535946796E+01,  2.292772785397551E+02,  2.292677669344180E+02,  2.371472139149623E-03,  2.371731891833823E-03,  5.877105285441926E+00,
2461887.500000000, A.D. 2028-Apr-26 00:00:00.0000,  1.341861632217598E-04,  2.371155565831455E-03,  1.290857322277839E+02,  2.232720938950975E+02,  1.009556371674860E+02,  2.461888596803387E+06,  6.125458159930608E+01,  2.928157674540566E+02,  2.928015930501539E+02,  2.371473784799819E-03,  2.371792003768183E-03,  5.877111402946523E+00,
2461888.500000000, A.D. 2028-Apr-27 00:00:00.0000,  1.434772213518617E-04,  2.371117901209864E-03,  1.290860425612160E+02,  2.232731340814136E+02,  1.085378577518212E+02,  2.461888720529000E+06,  6.125518731318192E+01,  3.464914548033303E+02,  3.464876136089663E+02,  2.371458151435984E-03,  2.371798401662105E-03,  5.877053287902185E+00,
2461889.500000000, A.D. 2028-Apr-28 00:00:00.0000,  1.440024650343268E-04,  2.371129493340047E-03,  1.290855499994539E+02,  2.232741015208296E+02,  1.164115857532864E+02,  2.461888849020557E+06,  6.125468984387372E+01,  3.987554390180900E+01,  3.988612481883849E+01,  2.371470991008510E-03,  2.371812488676973E-03,  5.877101017368138E+00,
2461890.500000000, A.D. 2028-Apr-29 00:00:00.0000,  1.214601079230790E-04,  2.371181933668853E-03,  1.290855425828379E+02,  2.232742264594692E+02,  1.203496121597672E+02,  2.461888913260831E+06,  6.125472929924934E+01,  9.719527828442135E+01,  9.720908671856125E+01,  2.371469972667670E-03,  2.371758011666487E-03,  5.877097231811808E+00,
2461891.500000000, A.D. 2028-Apr-30 00:00:00.0000,  1.104718014539346E-04,  2.371194036879481E-03,  1.290858307543290E+02,  2.232753403315973E+02,  1.126972095736060E+02,  2.461888788304979E+06,  6.125527005528048E+01,  1.661056108460751E+02,  1.661086503146905E+02,  2.371456015897626E-03,  2.371717994915771E-03,  5.877045349324459E+00,
2461892.500000000, A.D. 2028-May-01 00:00:00.0000,  1.127750949850671E-04,  2.371202284510866E-03,  1.290853078865803E+02,  2.232762423715832E+02,  1.027808078242879E+02,  2.461894503439025E+06,  6.125473880850173E+01,  2.372798658432713E+02,  2.372689942197200E+02,  2.371469727234609E-03,  2.371737169958351E-03,  5.877096319444830E+00,
2461893.500000000, A.D. 2028-May-02 00:00:00.0000,  1.362181621109493E-04,  2.371144817512832E-03,  1.290853576121523E+02,  2.232763687422305E+02,  1.026365480588365E+02,  2.461894501033527E+06,  6.125481136707943E+01,  2.986818801487713E+02,  2.986681848892071E+02,  2.371467854505478E-03,  2.371790891498124E-03,  5.877089357808015E+00,
2461894.500000000, A.D. 2028-May-03 00:00:00.0000,  1.423973556570301E-04,  2.371116967486930E-03,  1.290856156021302E+02,  2.232775300975433E+02,  1.097714761284223E+02,  2.461894617460506E+06,  6.125532273112268E+01,  3.528049188232890E+02,  3.528028747227066E+02,  2.371454656359056E-03,  2.371792345231182E-03,  5.877040295423841E+00,
2461895.500000000, A.D. 2028-May-04 00:00:00.0000,  1.409932199521800E-04,  2.371136719475267E-03,  1.290850816534343E+02,  2.232783726288216E+02,  1.176950663795175E+02,  2.461894746764998E+06,  6.125468636419046E+01,  4.613917379298021E+01,  4.615082455239012E+01,  2.371471080818976E-03,  2.371805442162684E-03,  5.877101351227492E+00,
2461896.500000000, A.D. 2028-May-05 00:00:00.0000,  1.175214137220430E-04,  2.371188775564820E-03,  1.290851768056784E+02,  2.232785214455736E+02,  1.194470909270211E+02,  2.461894775320861E+06,  6.125482611843836E+01,  1.056449207928929E+02,  1.056578883094425E+02,  2.371467473774934E-03,  2.371746171985048E-03,  5.877087942490070E+00,
2461897.500000000, A.D. 2028-May-06 00:00:00.0000,  1.090880223773040E-04,  2.371199273901867E-03,  1.290853938172229E+02,  2.232797230436194E+02,  1.111518236981378E+02,  2.461894639865318E+06,  6.125519428244303E+01,  1.751981056048890E+02,  1.751991518950281E+02,  2.371457971562135E-03,  2.371716669222403E-03,  5.877052619245112E+00,
2461898.500000000, A.D. 2028-May-07 00:00:00.0000,  1.154870354532478E-04,  2.371200213427094E-03,  1.290848645115100E+02,  2.232804954911598E+02,  1.009552332132711E+02,  2.461900350433233E+06,  6.125456985428642E+01,  2.466525082508209E+02,  2.466403587171048E+02,  2.371474087939164E-03,  2.371747962451234E-03,  5.877112529830429E+00,
2461899.500000000, A.D. 2028-May-08 00:00:00.0000,  1.396145108117011E-04,  2.371138423782111E-03,  1.290850122652544E+02,  2.232806990631498E+02,  1.031108782467279E+02,  2.461900385570374E+06,  6.125474701837778E+01,  3.057546107832003E+02,  3.057416261278803E+02,  2.371469515338400E-03,  2.371800606894689E-03,  5.877095531746984E+00,
2461900.500000000, A.D. 2028-May-09 00:00:00.0000,  1.449378100046044E-04,  2.371116291211946E-03,  1.290851634076511E+02,  2.232819329060484E+02,  1.104863281676504E+02,  2.461900505925127E+06,  6.125511547969379E+01,  3.596370556493771E+02,  3.596369504222984E+02,  2.371460005431647E-03,  2.371803719651349E-03,  5.877060179885560E+00,
2461901.500000000, A.D. 2028-May-10 00:00:00.0000,  1.405295709414416E-04,  2.371143374702200E-03,  1.290846436220679E+02,  2.232826162434841E+02,  1.192182241343476E+02,  2.461900648422561E+06,  6.125447108054467E+01,  5.216292563618244E+01,  5.217564488073003E+01,  2.371476637296537E-03,  2.371809899890873E-03,  5.877122006761419E+00,
2461902.500000000, A.D. 2028-May-11 00:00:00.0000,  1.156388961469092E-04,  2.371193941102476E-03,  1.290848438094515E+02,  2.232828745080129E+02,  1.193525438836457E+02,  2.461900650571465E+06,  6.125479894706393E+01,  1.132863730882665E+02,  1.132985441936320E+02,  2.371468175064488E-03,  2.371742409026500E-03,  5.877090549445931E+00,
2461903.500000000, A.D. 2028-May-12 00:00:00.0000,  1.076323600010193E-04,  2.371205984309589E-03,  1.290849276811947E+02,  2.232841474251039E+02,  1.107047183820382E+02,  2.461906386420907E+06,  6.125506802279970E+01,  1.831920909807698E+02,  1.831914042838585E+02,  2.371461230278455E-03,  2.371716476247321E-03,  5.877064733092855E+00,
2461904.500000000, A.D. 2028-May-13 00:00:00.0000,  1.170470428711131E-04,  2.371198351270624E-03,  1.290844113211662E+02,  2.232847374582920E+02,  1.002861782225149E+02,  2.461906216308620E+06,  6.125449865818590E+01,  2.548683759431522E+02,  2.548554288670041E+02,  2.371475925514946E-03,  2.371753499759267E-03,  5.877119360798009E+00,
2461905.500000000, A.D. 2028-May-14 00:00:00.0000,  1.396876180219024E-04,  2.371134406694556E-03,  1.290846715771108E+02,  2.232850491798311E+02,  1.040206094842942E+02,  2.461906277215608E+06,  6.125489596350806E+01,  3.123917388087805E+02,  3.123799153900290E+02,  2.371465671085371E-03,  2.371796935476185E-03,  5.877081241219739E+00,
2461906.500000000, A.D. 2028-May-15 00:00:00.0000,  1.442859778712985E-04,  2.371116657530611E-03,  1.290846900191245E+02,  2.232863577105837E+02,  1.108733378078404E+02,  2.461906389038914E+06,  6.125516118530882E+01,  6.796939212199807E+00,  6.798896371558856E+00,  2.371458825786270E-03,  2.371800994041930E-03,  5.877055794709766E+00,
2461907.500000000, A.D. 2028-May-16 00:00:00.0000,  1.375575642921552E-04,  2.371147732238086E-03,  1.290841806325085E+02,  2.232868594763175E+02,  1.194180240294854E+02,  2.461906528480359E+06,  6.125457533747255E+01,  5.951002301292331E+01,  5.952360740236011E+01,  2.371473946417937E-03,  2.371800160597788E-03,  5.877112003742350E+00,
2461908.500000000, A.D. 2028-May-17 00:00:00.0000,  1.149650428205707E-04,  2.371189008837299E-03,  1.290844876032725E+02,  2.232872112907733E+02,  1.175428607988286E+02,  2.461906497830248E+06,  6.125505199206673E+01,  1.226430122281868E+02,  1.226541045244914E+02,  2.371461644026751E-03,  2.371734279216204E-03,  5.877066271148123E+00,
2461909.500000000, A.D. 2028-May-18 00:00:00.0000,  1.093359709894896E-04,  2.371199035854500E-03,  1.290844590363678E+02,  2.232885397678252E+02,  1.095102056261011E+02,  2.461912243708592E+06,  6.125518072196298E+01,  1.919336343634669E+02,  1.919310439854777E+02,  2.371458321552747E-03,  2.371717607250995E-03,  5.877053920288613E+00,
2461910.500000000, A.D. 2028-May-19 00:00:00.0000,  1.214391607427420E-04,  2.371185555164374E-03,  1.290839655657033E+02,  2.232889808989843E+02,  1.004289244216626E+02,  2.461912095428257E+06,  6.125459089330788E+01,  2.622726947915812E+02,  2.622589055374631E+02,  2.371473544921393E-03,  2.371761534678412E-03,  5.877110511227500E+00,
2461911.500000000, A.D. 2028-May-20 00:00:00.0000,  1.408850074812701E-04,  2.371127314978351E-03,  1.290843038849364E+02,  2.232893860201115E+02,  1.056198823536743E+02,  2.461912180114155E+06,  6.125506073640609E+01,  3.183395661577718E+02,  3.183288334386405E+02,  2.371461418338015E-03,  2.371795521697679E-03,  5.877065432179696E+00,
2461912.500000000, A.D. 2028-May-21 00:00:00.0000,  1.442141635155800E-04,  2.371118105282102E-03,  1.290842260796280E+02,  2.232907138276404E+02,  1.122809105707665E+02,  2.461912288809748E+06,  6.125511168322388E+01,  1.293648245164410E+01,  1.294018272820272E+01,  2.371460103417227E-03,  2.371802101552352E-03,  5.877060544134054E+00,
2461913.500000000, A.D. 2028-May-22 00:00:00.0000,  1.336162950944587E-04,  2.371158460389127E-03,  1.290837673915150E+02,  2.232911031752970E+02,  1.205872411480164E+02,  2.461912424358164E+06,  6.125452180335191E+01,  6.588792627607491E+01,  6.590190258931669E+01,  2.371475328136381E-03,  2.371792195883635E-03,  5.877117140114551E+00,
2461914.500000000, A.D. 2028-May-23 00:00:00.0000,  1.119036276822662E-04,  2.371197086084134E-03,  1.290841213654382E+02,  2.232915774675519E+02,  1.166779694505684E+02,  2.461912360501621E+06,  6.125502032531310E+01,  1.310550166863123E+02,  1.310646855156889E+02,  2.371462461336470E-03,  2.371727836588806E-03,  5.877069309390682E+00,
2461915.500000000, A.D. 2028-May-24 00:00:00.0000,  1.077789618417030E-04,  2.371208328334777E-03,  1.290839891777839E+02,  2.232928835699980E+02,  1.076396100651923E+02,  2.461918089973365E+06,  6.125496372195899E+01,  2.013512754839060E+02,  2.013467793961850E+02,  2.371463922254363E-03,  2.371719516173948E-03,  5.877074740164205E+00,
2461916.500000000, A.D. 2028-May-25 00:00:00.0000,  1.251002324237194E-04,  2.371181285205680E-03,  1.290835791505353E+02,  2.232932248524363E+02,  9.938464355624758E+01,  2.461917955176844E+06,  6.125441992415320E+01,  2.708639865253236E+02,  2.708496526908324E+02,  2.371477957649370E-03,  2.371774630093059E-03,  5.877126915017091E+00,
2461917.500000000, A.D. 2028-May-26 00:00:00.0000,  1.431212868140462E-04,  2.371124389499086E-03,  1.290839424962124E+02,  2.232937894927303E+02,  1.060088329453930E+02,  2.461918063258767E+06,  6.125496859628178E+01,  3.254976019264982E+02,  3.254883106503970E+02,  2.371463796449267E-03,  2.371803203399447E-03,  5.877074272499949E+00,
2461918.500000000, A.D. 2028-May-27 00:00:00.0000,  1.464182885603646E-04,  2.371119170625079E-03,  1.290837402011237E+02,  2.232950655376391E+02,  1.132545995018703E+02,  2.461918181499553E+06,  6.125486785052843E+01,  1.950970280834393E+01,  1.951530716505527E+01,  2.371466396676260E-03,  2.371813622727439E-03,  5.877083938511743E+00,
2461919.500000000, A.D. 2028-May-28 00:00:00.0000,  1.317841385339643E-04,  2.371165007394922E-03,  1.290833808878065E+02,  2.232953441057632E+02,  1.213745912267400E+02,  2.461918314005464E+06,  6.125443647311771E+01,  7.264742693677769E+01,  7.266184169505723E+01,  2.371477530518334E-03,  2.371790053641747E-03,  5.877125327207779E+00,
2461920.500000000, A.D. 2028-May-29 00:00:00.0000,  1.114349366149978E-04,  2.371197174630765E-03,  1.290837590703146E+02,  2.232959967775910E+02,  1.161620875081478E+02,  2.461918228876852E+06,  6.125505996352554E+01,  1.391177845951665E+02,  1.391261414335615E+02,  2.371461438285824E-03,  2.371725701940884E-03,  5.877065506333072E+00,
2461921.500000000, A.D. 2028-May-30 00:00:00.0000,  1.076909391692334E-04,  2.371210236134895E-03,  1.290834866161706E+02,  2.232972487155459E+02,  1.069113931201330E+02,  2.461923954883710E+06,  6.125489788488965E+01,  2.096263489882973E+02,  2.096202492921722E+02,  2.371465621494882E-03,  2.371721006854868E-03,  5.877081056873409E+00,
2461922.500000000, A.D. 2028-May-31 00:00:00.0000,  1.273700960195899E-04,  2.371173012986726E-03,  1.290831751914847E+02,  2.232974616983337E+02,  1.000752652394671E+02,  2.461923843244038E+06,  6.125453188246301E+01,  2.777202152608597E+02,  2.777057517097224E+02,  2.371475067993844E-03,  2.371777123000963E-03,  5.877116173065832E+00,
2461923.500000000, A.D. 2028-Jun-01 00:00:00.0000,  1.417590971045635E-04,  2.371122109485185E-03,  1.290835702309350E+02,  2.232981943825604E+02,  1.070181547187242E+02,  2.461923956529564E+06,  6.125518212772715E+01,  3.320351984196207E+02,  3.320275797580351E+02,  2.371458285270525E-03,  2.371794461055866E-03,  5.877053785414279E+00,
2461924.500000000, A.D. 2028-Jun-02 00:00:00.0000,  1.445747976107848E-04,  2.371121575973093E-03,  1.290832407839316E+02,  2.232994188107335E+02,  1.139583760967546E+02,  2.461924069783403E+06,  6.125494405077313E+01,  2.635289357136731E+01,  2.636024885352541E+01,  2.371464429963097E-03,  2.371807283953099E-03,  5.877076627506221E+00,
2461925.500000000, A.D. 2028-Jun-03 00:00:00.0000,  1.277940173599289E-04,  2.371169455025334E-03,  1.290829722398867E+02,  2.232995837265220E+02,  1.207597051092533E+02,  2.461924180764249E+06,  6.125463079629011E+01,  8.080929886025559E+01,  8.082375534640472E+01,  2.371472515025087E-03,  2.371775575024840E-03,  5.877106682713095E+00,
2461926.500000000, A.D. 2028-Jun-04 00:00:00.0000,  1.118507416732119E-04,  2.371190617590973E-03,  1.290833736151843E+02,  2.233003773180182E+02,  1.142743279547446E+02,  2.461924074860334E+06,  6.125527583644120E+01,  1.485525991879202E+02,  1.485592852979049E+02,  2.371455866688508E-03,  2.371721115786042E-03,  5.877044794659686E+00,
2461927.500000000, A.D. 2028-Jun-05 00:00:00.0000,  1.100619412536978E-04,  2.371204049354336E-03,  1.290830039900558E+02,  2.233015726869722E+02,  1.054135495934844E+02,  2.461929807222225E+06,  6.125491974064721E+01,  2.186712877763171E+02,  2.186634078899263E+02,  2.371465057402169E-03,  2.371726065450002E-03,  5.877078959930677E+00,
2461928.500000000, A.D. 2028-Jun-06 00:00:00.0000,  1.317529012186818E-04,  2.371159984907022E-03,  1.290827823014031E+02,  2.233017139425123E+02,  1.010015296563253E+02,  2.461929735154334E+06,  6.125463396346725E+01,  2.843410733559626E+02,  2.843264454594686E+02,  2.371472433280267E-03,  2.371784881653511E-03,  5.877106378836690E+00,
2461929.500000000, A.D. 2028-Jun-07 00:00:00.0000,  1.429348112077342E-04,  2.371118705396886E-03,  1.290831734179977E+02,  2.233025758551618E+02,  1.082931642045742E+02,  2.461929854136236E+06,  6.125520599556807E+01,  3.383073119466487E+02,  3.383012567560315E+02,  2.371457669251126E-03,  2.371796633105367E-03,  5.877051495444267E+00,
2461930.500000000, A.D. 2028-Jun-08 00:00:00.0000,  1.441543564407968E-04,  2.371126480327270E-03,  1.290827730698250E+02,  2.233037149605130E+02,  1.156577309219801E+02,  2.461929974316479E+06,  6.125479264115124E+01,  3.220063510488291E+01,  3.220943911742540E+01,  2.371468337819328E-03,  2.371810195311386E-03,  5.877091154466669E+00,
2461931.500000000, A.D. 2028-Jun-09 00:00:00.0000,  1.237097793068818E-04,  2.371180976645363E-03,  1.290826121278643E+02,  2.233038577720680E+02,  1.213739956228051E+02,  2.461930067582683E+06,  6.125455965380584E+01,  8.774209202538812E+01,  8.775625720181385E+01,  2.371474351213983E-03,  2.371767725782604E-03,  5.877113508522832E+00,
2461932.500000000, A.D. 2028-Jun-10 00:00:00.0000,  1.094100530822102E-04,  2.371199701528421E-03,  1.290829688249304E+02,  2.233047886359648E+02,  1.135669786072535E+02,  2.461929940101093E+06,  6.125514811983276E+01,  1.568069867352690E+02,  1.568119237436875E+02,  2.371459163001328E-03,  2.371718624474235E-03,  5.877057048262066E+00,
2461933.500000000, A.D. 2028-Jun-11 00:00:00.0000,  1.097794023875810E-04,  2.371211300731629E-03,  1.290825337090788E+02,  2.233058573501969E+02,  1.033463046096283E+02,  2.461935650277349E+06,  6.125466471937002E+01,  2.282854819116036E+02,  2.282760923361185E+02,  2.371471639470989E-03,  2.371731978210349E-03,  5.877103427947755E+00,
2461934.500000000, A.D. 2028-Jun-12 00:00:00.0000,  1.345432592102741E-04,  2.371155257419818E-03,  1.290824391755952E+02,  2.233059995507601E+02,  1.009803369756172E+02,  2.461935611603940E+06,  6.125456073515134E+01,  2.919091889589826E+02,  2.918948840481907E+02,  2.371474323304409E-03,  2.371793389188999E-03,  5.877113404772349E+00,
2461935.500000000, A.D. 2028-Jun-13 00:00:00.0000,  1.443528248174550E-04,  2.371117809838075E-03,  1.290827609222745E+02,  2.233070183560650E+02,  1.085555016868266E+02,  2.461935735214900E+06,  6.125511038950123E+01,  3.455918853641120E+02,  3.455877686431313E+02,  2.371460136807765E-03,  2.371802463777455E-03,  5.877060668258984E+00,
2461936.500000000, A.D. 2028-Jun-14 00:00:00.0000,  1.445590367320709E-04,  2.371129390797302E-03,  1.290822843900165E+02,  2.233080038784288E+02,  1.165838193016299E+02,  2.461935866229619E+06,  6.125464267113701E+01,  3.882137822833312E+01,  3.883176435259190E+01,  2.371472208535405E-03,  2.371815026273508E-03,  5.877105543375094E+00,
2461937.500000000, A.D. 2028-Jun-15 00:00:00.0000,  1.219022898697406E-04,  2.371183144506124E-03,  1.290822644234325E+02,  2.233081427014800E+02,  1.209427966699777E+02,  2.461935937340829E+06,  6.125464174644798E+01,  9.572012770478325E+01,  9.573402691014498E+01,  2.371472232401616E-03,  2.371761320297108E-03,  5.877105632094821E+00,
2461938.500000000, A.D. 2028-Jun-16 00:00:00.0000,  1.101432838790522E-04,  2.371195753722666E-03,  1.290825498383308E+02,  2.233092377125251E+02,  1.130809453807035E+02,  2.461935808966295E+06,  6.125523371674657E+01,  1.648398985151862E+02,  1.648431988124361E+02,  2.371456953779133E-03,  2.371718153835599E-03,  5.877048835772862E+00,
2461939.500000000, A.D. 2028-Jun-17 00:00:00.0000,  1.117467266239027E-04,  2.371205783116895E-03,  1.290820356726458E+02,  2.233101476275748E+02,  1.028919676858956E+02,  2.461941519654119E+06,  6.125469773981534E+01,  2.362866973752643E+02,  2.362760464857229E+02,  2.371470787214651E-03,  2.371735791312406E-03,  5.877100259789565E+00,
2461940.500000000, A.D. 2028-Jun-18 00:00:00.0000,  1.355796987864591E-04,  2.371146689537948E-03,  1.290820756798560E+02,  2.233102766754392E+02,  1.024805290050356E+02,  2.461941512885563E+06,  6.125479749725498E+01,  2.979558999564357E+02,  2.979421755272201E+02,  2.371468212483878E-03,  2.371789735429808E-03,  5.877090688547828E+00,
2461941.500000000, A.D. 2028-Jun-19 00:00:00.0000,  1.426371301704317E-04,  2.371117224412317E-03,  1.290823365697742E+02,  2.233114356660746E+02,  1.094886404169554E+02,  2.461941627242196E+06,  6.125529074069623E+01,  3.522057422895570E+02,  3.522035252483633E+02,  2.371455482016598E-03,  2.371793739620880E-03,  5.877043364693827E+00,
2461942.500000000, A.D. 2028-Jun-20 00:00:00.0000,  1.414584887436380E-04,  2.371134918066345E-03,  1.290818011689019E+02,  2.233122832936316E+02,  1.174042579361659E+02,  2.461941756416901E+06,  6.125471341330552E+01,  4.554796958919007E+01,  4.555954228367671E+01,  2.371470382682780E-03,  2.371805847299215E-03,  5.877098755992254E+00,
2461943.500000000, A.D. 2028-Jun-21 00:00:00.0000,  1.184778161091186E-04,  2.371186222257150E-03,  1.290818953338126E+02,  2.233124270970592E+02,  1.195679163052440E+02,  2.461941791692804E+06,  6.125483717097364E+01,  1.046420791522926E+02,  1.046552143028989E+02,  2.371467188510620E-03,  2.371748154764089E-03,  5.877086882055911E+00,
2461944.500000000, A.D. 2028-Jun-22 00:00:00.0000,  1.101750971945163E-04,  2.371194392813324E-03,  1.290821186145240E+02,  2.233136265309795E+02,  1.114722356494919E+02,  2.461941659498702E+06,  6.125528352803351E+01,  1.739957123884418E+02,  1.739970328332656E+02,  2.371455668172058E-03,  2.371716943530792E-03,  5.877044056701587E+00,
2461945.500000000, A.D. 2028-Jun-23 00:00:00.0000,  1.153618441974772E-04,  2.371198786866015E-03,  1.290815825249393E+02,  2.233144092048032E+02,  1.014974880911225E+02,  2.461947373681924E+06,  6.125463663641832E+01,  2.452282945464187E+02,  2.452162921763457E+02,  2.371472364291423E-03,  2.371745941716831E-03,  5.877106122379079E+00,
2461946.500000000, A.D. 2028-Jun-24 00:00:00.0000,  1.390289135510011E-04,  2.371138061623522E-03,  1.290817205494965E+02,  2.233145893572365E+02,  1.034267741365045E+02,  2.461947405124330E+06,  6.125481486555461E+01,  3.045567767443594E+02,  3.045436548001009E+02,  2.371467764210301E-03,  2.371797466797080E-03,  5.877089022147034E+00,
2461947.500000000, A.D. 2028-Jun-25 00:00:00.0000,  1.445404845646343E-04,  2.371116401891170E-03,  1.290818946739411E+02,  2.233158192388986E+02,  1.106113506916510E+02,  2.461947522363597E+06,  6.125514770340135E+01,  3.586301145610839E+02,  3.586297185194675E+02,  2.371459173749269E-03,  2.371801945607368E-03,  5.877057088216115E+00,
2461948.500000000, A.D. 2028-Jun-26 00:00:00.0000,  1.402817161450702E-04,  2.371143364715677E-03,  1.290813714189229E+02,  2.233165296049097E+02,  1.192300195760538E+02,  2.461947663012662E+06,  6.125449424404602E+01,  5.126923604345645E+01,  5.128177751813586E+01,  2.371476039444287E-03,  2.371808714172897E-03,  5.877119784316760E+00,
2461949.500000000, A.D. 2028-Jun-27 00:00:00.0000,  1.153514487665308E-04,  2.371195652020303E-03,  1.290815569995397E+02,  2.233167726479812E+02,  1.196060888458914E+02,  2.461947669106787E+06,  6.125475906451348E+01,  1.121509226630957E+02,  1.121631647083049E+02,  2.371469204428740E-03,  2.371742756837176E-03,  5.877094375978986E+00,
2461950.500000000, A.D. 2028-Jun-28 00:00:00.0000,  1.074447671776217E-04,  2.371206811951230E-03,  1.290816611156299E+02,  2.233180302161701E+02,  1.106738182018536E+02,  2.461953400314525E+06,  6.125505319063292E+01,  1.823410794786770E+02,  1.823405766126485E+02,  2.371461613092120E-03,  2.371716414233009E-03,  5.877066156152663E+00,
2461951.500000000, A.D. 2028-Jun-29 00:00:00.0000,  1.169122982170878E-04,  2.371199787051631E-03,  1.290811483204092E+02,  2.233186499022574E+02,  1.001113582562227E+02,  2.461953227853233E+06,  6.125445540505172E+01,  2.541612911612057E+02,  2.541484031518987E+02,  2.371477041882766E-03,  2.371754296713902E-03,  5.877123510762784E+00,
2461952.500000000, A.D. 2028-Jun-30 00:00:00.0000,  1.403023476240558E-04,  2.371134816596636E-03,  1.290813882352801E+02,  2.233189507408094E+02,  1.038476012657987E+02,  2.461953288789547E+06,  6.125482358898834E+01,  3.116828354769798E+02,  3.116708268239719E+02,  2.371467539059680E-03,  2.371800261522724E-03,  5.877088185177901E+00,
2461953.500000000, A.D. 2028-Jul-01 00:00:00.0000,  1.453046180888897E-04,  2.371116447306245E-03,  1.290814239686483E+02,  2.233202428075003E+02,  1.109569827131994E+02,  2.461953404802131E+06,  6.125507572272753E+01,  5.831352664515321E+00,  5.833044691065648E+00,  2.371461031545746E-03,  2.371805615785247E-03,  5.877063994330004E+00,
2461954.500000000, A.D. 2028-Jul-02 00:00:00.0000,  1.384835221170233E-04,  2.371147723767868E-03,  1.290809214092136E+02,  2.233207704005978E+02,  1.197541746208184E+02,  2.461953548365025E+06,  6.125449057527748E+01,  5.829191562601525E+01,  5.830541723539586E+01,  2.371476134135539E-03,  2.371804544503210E-03,  5.877120136320213E+00,
2461955.500000000, A.D. 2028-Jul-03 00:00:00.0000,  1.149480755863106E-04,  2.371191355972843E-03,  1.290812126845184E+02,  2.233211235933603E+02,  1.182299086395254E+02,  2.461953523442030E+06,  6.125496260083309E+01,  1.210739845316097E+02,  1.210852656008983E+02,  2.371463951190355E-03,  2.371736546407866E-03,  5.877074847730033E+00,
2461956.500000000, A.D. 2028-Jul-04 00:00:00.0000,  1.087057384405437E-04,  2.371201586489899E-03,  1.290811887077523E+02,  2.233224407055401E+02,  1.099219641631294E+02,  2.461959264831268E+06,  6.125513980001664E+01,  1.906398741802371E+02,  1.906375745289007E+02,  2.371459377732737E-03,  2.371717168975575E-03,  5.877057846497677E+00,
2461957.500000000, A.D. 2028-Jul-05 00:00:00.0000,  1.204203958666669E-04,  2.371188094648945E-03,  1.290806939636950E+02,  2.233228914475475E+02,  1.005430374481351E+02,  2.461959111690525E+06,  6.125458610735755E+01,  2.612765639271767E+02,  2.612629247074003E+02,  2.371473668446887E-03,  2.371759242244828E-03,  5.877110970418570E+00,
2461958.500000000, A.D. 2028-Jul-06 00:00:00.0000,  1.402760701721521E-04,  2.371128322949464E-03,  1.290810275262658E+02,  2.233232868271076E+02,  1.055361786182361E+02,  2.461959193146216E+06,  6.125507763554216E+01,  3.175412747315575E+02,  3.175304221245509E+02,  2.371460982176610E-03,  2.371793641403757E-03,  5.877063810806705E+00,
2461959.500000000, A.D. 2028-Jul-07 00:00:00.0000,  1.438290364564148E-04,  2.371117862746921E-03,  1.290809572099907E+02,  2.233246200014866E+02,  1.120708435516744E+02,  2.461959299779061E+06,  6.125515647326603E+01,  1.226456496642618E+01,  1.226806670198357E+01,  2.371458947402321E-03,  2.371800032057722E-03,  5.877056246801312E+00,
2461960.500000000, A.D. 2028-Jul-08 00:00:00.0000,  1.338699875341054E-04,  2.371156729232318E-03,  1.290804886126435E+02,  2.233250138362225E+02,  1.203606798155165E+02,  2.461959435058563E+06,  6.125456557244321E+01,  6.523252510855080E+01,  6.524645537835804E+01,  2.371474198453703E-03,  2.371791667675087E-03,  5.877112940654897E+00,
2461961.500000000, A.D. 2028-Jul-09 00:00:00.0000,  1.126107376090282E-04,  2.371194163692691E-03,  1.290808451087309E+02,  2.233254702290298E+02,  1.166582146569545E+02,  2.461959374579126E+06,  6.125506858805470E+01,  1.301928013917182E+02,  1.302026577499263E+02,  2.371461215689400E-03,  2.371728267686110E-03,  5.877064678859951E+00,
2461962.500000000, A.D. 2028-Jul-10 00:00:00.0000,  1.086191555740957E-04,  2.371204301149762E-03,  1.290807263316881E+02,  2.233267861032447E+02,  1.079410611486154E+02,  2.461965109288931E+06,  6.125504256496482E+01,  2.001678954330480E+02,  2.001636046550814E+02,  2.371461887337441E-03,  2.371719473525120E-03,  5.877067175623906E+00,
2461963.500000000, A.D. 2028-Jul-11 00:00:00.0000,  1.248896934738292E-04,  2.371179983069854E-03,  1.290802964985964E+02,  2.233271362809759E+02,  9.984512400799156E+01,  2.461964977090468E+06,  6.125448972814694E+01,  2.695215770791374E+02,  2.695072662921729E+02,  2.371476156000057E-03,  2.371772328930260E-03,  5.877120217598957E+00,
2461964.500000000, A.D. 2028-Jul-12 00:00:00.0000,  1.428166589196944E-04,  2.371123809464023E-03,  1.290806626382383E+02,  2.233276667027885E+02,  1.063250472353472E+02,  2.461965082817772E+06,  6.125501906696270E+01,  3.242994862657507E+02,  3.242899347694517E+02,  2.371462493814143E-03,  2.371801178164263E-03,  5.877069430122217E+00,
2461965.500000000, A.D. 2028-Jul-13 00:00:00.0000,  1.458722993413798E-04,  2.371119330425722E-03,  1.290804840420232E+02,  2.233289610108648E+02,  1.133590704361843E+02,  2.461965197602450E+06,  6.125491183225177E+01,  1.852333525733710E+01,  1.852864661160800E+01,  2.371465261516228E-03,  2.371811192606735E-03,  5.877079718698636E+00,
2461966.500000000, A.D. 2028-Jul-14 00:00:00.0000,  1.314917438029813E-04,  2.371166079395020E-03,  1.290801088244508E+02,  2.233292586494087E+02,  1.215728644219312E+02,  2.461965331638788E+06,  6.125442180282105E+01,  7.156729051846990E+01,  7.158158605935225E+01,  2.371477909160686E-03,  2.371789738926352E-03,  5.877126734766115E+00,
2461967.500000000, A.D. 2028-Jul-15 00:00:00.0000,  1.108523104951150E-04,  2.371200057865718E-03,  1.290804834323144E+02,  2.233298862403701E+02,  1.164204359635542E+02,  2.461965247489724E+06,  6.125500177899544E+01,  1.379775209377611E+02,  1.379860235569550E+02,  2.371462940011872E-03,  2.371725822158026E-03,  5.877071088804462E+00,
2461968.500000000, A.D. 2028-Jul-16 00:00:00.0000,  1.072613583075223E-04,  2.371212377944723E-03,  1.290802344389093E+02,  2.233311402409292E+02,  1.068182466647816E+02,  2.461970967762321E+06,  6.125485436680367E+01,  2.088375784273637E+02,  2.088316507075293E+02,  2.371466744688939E-03,  2.371721111433156E-03,  5.877085232204840E+00,
2461969.500000000, A.D. 2028-Jul-17 00:00:00.0000,  1.270268261058031E-04,  2.371175392878128E-03,  1.290799123042940E+02,  2.233313778134170E+02,  9.980009468230006E+01,  2.461970853151283E+06,  6.125447120717739E+01,  2.771134336831245E+02,  2.770989892373126E+02,  2.371476634028132E-03,  2.371777875178138E-03,  5.877121994611515E+00,
2461970.500000000, A.D. 2028-Jul-18 00:00:00.0000,  1.421979108287798E-04,  2.371122389654803E-03,  1.290802979269145E+02,  2.233320909993218E+02,  1.068875658958187E+02,  2.461970968796056E+06,  6.125513094581760E+01,  3.312838361917126E+02,  3.312760058508828E+02,  2.371459606256427E-03,  2.371796822858051E-03,  5.877058696004309E+00,
2461971.500000000, A.D. 2028-Jul-19 00:00:00.0000,  1.453254405401015E-04,  2.371120835427267E-03,  1.290799808481050E+02,  2.233333199467707E+02,  1.138838290131503E+02,  2.461971082964834E+06,  6.125490376651128E+01,  2.554544896043673E+01,  2.555263138921062E+01,  2.371465469691376E-03,  2.371810103955485E-03,  5.877080492563207E+00,
2461972.500000000, A.D. 2028-Jul-20 00:00:00.0000,  1.285698459974852E-04,  2.371168505359147E-03,  1.290797071330739E+02,  2.233334960074495E+02,  1.209716385214990E+02,  2.461971198622021E+06,  6.125459630173972E+01,  7.971538272741385E+01,  7.972987944700110E+01,  2.371473405329657E-03,  2.371778305300166E-03,  5.877109992312128E+00,
2461973.500000000, A.D. 2028-Jul-21 00:00:00.0000,  1.119330521805360E-04,  2.371191480520468E-03,  1.290801063815493E+02,  2.233342873379296E+02,  1.148733098237655E+02,  2.461971099036178E+06,  6.125523483443047E+01,  1.470716027327713E+02,  1.470785743229200E+02,  2.371456924932191E-03,  2.371722369343914E-03,  5.877048728538225E+00,
2461974.500000000, A.D. 2028-Jul-22 00:00:00.0000,  1.096464189932475E-04,  2.371204650204309E-03,  1.290797393583922E+02,  2.233354819393686E+02,  1.059224054002498E+02,  2.461976829927861E+06,  6.125493464153456E+01,  2.172804211825314E+02,  2.172728114542017E+02,  2.371464672813452E-03,  2.371724695422594E-03,  5.877077530271301E+00,
2461975.500000000, A.D. 2028-Jul-23 00:00:00.0000,  1.305602285483217E-04,  2.371162342523147E-03,  1.290795134192163E+02,  2.233356226941678E+02,  1.010565779690152E+02,  2.461976750452165E+06,  6.125465220585261E+01,  2.834039875012236E+02,  2.833894333947761E+02,  2.371471962444560E-03,  2.371781582365973E-03,  5.877104628562459E+00,
2461976.500000000, A.D. 2028-Jul-24 00:00:00.0000,  1.418343675959752E-04,  2.371119233959878E-03,  1.290799084297489E+02,  2.233364748368280E+02,  1.082801536413512E+02,  2.461976868321994E+06,  6.125528663961975E+01,  3.374383306824000E+02,  3.374320937408748E+02,  2.371455587863464E-03,  2.371791941767051E-03,  5.877043758165241E+00,
2461977.500000000, A.D. 2028-Jul-25 00:00:00.0000,  1.437164629586495E-04,  2.371125543969877E-03,  1.290795067895338E+02,  2.233376293251195E+02,  1.153339192316258E+02,  2.461976983429312E+06,  6.125486916586868E+01,  3.164246988459483E+01,  3.165111096428869E+01,  2.371466362727555E-03,  2.371807181485232E-03,  5.877083812311734E+00,
2461978.500000000, A.D. 2028-Jul-26 00:00:00.0000,  1.239699988348960E-04,  2.371178499437282E-03,  1.290793317852237E+02,  2.233377588161519E+02,  1.210459128773556E+02,  2.461977076626345E+06,  6.125463173181429E+01,  8.718822905997224E+01,  8.720241798034698E+01,  2.371472490879213E-03,  2.371766482321145E-03,  5.877106592953753E+00,
2461979.500000000, A.D. 2028-Jul-27 00:00:00.0000,  1.099149131825738E-04,  2.371197469408953E-03,  1.290797056819927E+02,  2.233386771757962E+02,  1.135956729870315E+02,  2.461976954969061E+06,  6.125518822031612E+01,  1.558963491877099E+02,  1.559014923285986E+02,  2.371458128023210E-03,  2.371718786637468E-03,  5.877053200868316E+00,
2461980.500000000, A.D. 2028-Jul-28 00:00:00.0000,  1.101839263927313E-04,  2.371209081435361E-03,  1.290792780412372E+02,  2.233397668543521E+02,  1.036475562217252E+02,  2.461982669591063E+06,  6.125471354231387E+01,  2.271023209628434E+02,  2.270930722868198E+02,  2.371470379353083E-03,  2.371731677270804E-03,  5.877098743614517E+00,
2461981.500000000, A.D. 2028-Jul-29 00:00:00.0000,  1.344721588468406E-04,  2.371155518787779E-03,  1.290791661617378E+02,  2.233399070766881E+02,  1.010387193348862E+02,  2.461982626954751E+06,  6.125455714090148E+01,  2.909688858321862E+02,  2.909544960798029E+02,  2.371474416072159E-03,  2.371793313356537E-03,  5.877113749625288E+00,
2461982.500000000, A.D. 2028-Jul-30 00:00:00.0000,  1.443748443463086E-04,  2.371117652242187E-03,  1.290794987775642E+02,  2.233408994101237E+02,  1.087184450149215E+02,  2.461982752272338E+06,  6.125511447296012E+01,  3.445470290725325E+02,  3.445426201641638E+02,  2.371460031415096E-03,  2.371802410588005E-03,  5.877060276475608E+00,
2461983.500000000, A.D. 2028-Jul-31 00:00:00.0000,  1.447234476321717E-04,  2.371129463532392E-03,  1.290790369469260E+02,  2.233419088479779E+02,  1.167367076312879E+02,  2.461982883122811E+06,  6.125462474405173E+01,  3.778658073579049E+01,  3.779674362230622E+01,  2.371472671233339E-03,  2.371815878934285E-03,  5.877107263398241E+00,
2461984.500000000, A.D. 2028-Aug-01 00:00:00.0000,  1.217629335479643E-04,  2.371185063841397E-03,  1.290789966125540E+02,  2.233420536295512E+02,  1.213643372112852E+02,  2.461982958618327E+06,  6.125458017928018E+01,  9.441668726311434E+01,  9.443059866898689E+01,  2.371473821450728E-03,  2.371762579060060E-03,  5.877111539191851E+00,
2461985.500000000, A.D. 2028-Aug-02 00:00:00.0000,  1.090577426922107E-04,  2.371200826556626E-03,  1.290792884063817E+02,  2.233431245856484E+02,  1.133332278957539E+02,  2.461982827478321E+06,  6.125513690037607E+01,  1.637056812889158E+02,  1.637091871598126E+02,  2.371459452571410E-03,  2.371718078586194E-03,  5.877058124700556E+00,
2461986.500000000, A.D. 2028-Aug-03 00:00:00.0000,  1.108482247434507E-04,  2.371210124377763E-03,  1.290787918866248E+02,  2.233440505262522E+02,  1.026516624632408E+02,  2.461988530132107E+06,  6.125461208553815E+01,  2.356450453302539E+02,  2.356345596962985E+02,  2.371472997949613E-03,  2.371735871521463E-03,  5.877108477926249E+00,
2461987.500000000, A.D. 2028-Aug-04 00:00:00.0000,  1.355341322711020E-04,  2.371149273501422E-03,  1.290788181970888E+02,  2.233441949728755E+02,  1.020094618162078E+02,  2.461988519595348E+06,  6.125470155583361E+01,  2.975449912589958E+02,  2.975312195906278E+02,  2.371470688723425E-03,  2.371792103945428E-03,  5.877099893660575E+00,
2461988.500000000, A.D. 2028-Aug-05 00:00:00.0000,  1.432570889035832E-04,  2.371117308810209E-03,  1.290790754939910E+02,  2.233453385002682E+02,  1.092567605573931E+02,  2.461988637855557E+06,  6.125523049845863E+01,  3.515556260776960E+02,  3.515532149672086E+02,  2.371457036841767E-03,  2.371796764873325E-03,  5.877049144547072E+00,
2461989.500000000, A.D. 2028-Aug-06 00:00:00.0000,  1.423186546032971E-04,  2.371133388506185E-03,  1.290785461150159E+02,  2.233461918970612E+02,  1.172862500508812E+02,  2.461988768889284E+06,  6.125469363913056E+01,  4.478396290509188E+01,  4.479545265495762E+01,  2.371470893053115E-03,  2.371808397600045E-03,  5.877100653231015E+00,
2461990.500000000, A.D. 2028-Aug-07 00:00:00.0000,  1.192419576298570E-04,  2.371184782458710E-03,  1.290786331566247E+02,  2.233463357357961E+02,  1.198295060673735E+02,  2.461988810361811E+06,  6.125482274305404E+01,  1.034984877780255E+02,  1.035117739808928E+02,  2.371467560893126E-03,  2.371750339327542E-03,  5.877088266340988E+00,
2461991.500000000, A.D. 2028-Aug-08 00:00:00.0000,  1.103948570261121E-04,  2.371193582193152E-03,  1.290788609468254E+02,  2.233475302978851E+02,  1.119016978064162E+02,  2.461988680908946E+06,  6.125529474487517E+01,  1.726842534264848E+02,  1.726858640622794E+02,  2.371455378670624E-03,  2.371717175148095E-03,  5.877042980519147E+00,
2461992.500000000, A.D. 2028-Aug-09 00:00:00.0000,  1.148449495850256E-04,  2.371199459279408E-03,  1.290783240317871E+02,  2.233483211928151E+02,  1.018544432519166E+02,  2.461994393907305E+06,  6.125465807972811E+01,  2.439893555937861E+02,  2.439775290454231E+02,  2.371471810839967E-03,  2.371744162400526E-03,  5.877104064990937E+00,
2461993.500000000, A.D. 2028-Aug-10 00:00:00.0000,  1.382377395448297E-04,  2.371139000092123E-03,  1.290784545783510E+02,  2.233484902366184E+02,  1.035159931735035E+02,  2.461994420978982E+06,  6.125485120457319E+01,  3.035855694739093E+02,  3.035723718012150E+02,  2.371466826305597E-03,  2.371794652519072E-03,  5.877085535604452E+00,
2461994.500000000, A.D. 2028-Aug-11 00:00:00.0000,  1.437514465059797E-04,  2.371116580077797E-03,  1.290786418895692E+02,  2.233497167722675E+02,  1.106017519574278E+02,  2.461994536604867E+06,  6.125521330797376E+01,  3.577577610568124E+02,  3.577571164554259E+02,  2.371457480520949E-03,  2.371798380964102E-03,  5.877050793865047E+00,
2461995.500000000, A.D. 2028-Aug-12 00:00:00.0000,  1.398388850975193E-04,  2.371142174433278E-03,  1.290781073890916E+02,  2.233504459978008E+02,  1.189185414892943E+02,  2.461994672326700E+06,  6.125458106131733E+01,  5.069878122705190E+01,  5.071118267499659E+01,  2.371473798685324E-03,  2.371805422937370E-03,  5.877111454564210E+00,
2461996.500000000, A.D. 2028-Aug-13 00:00:00.0000,  1.153830891162624E-04,  2.371194520205555E-03,  1.290782841490834E+02,  2.233506620261285E+02,  1.194250784812712E+02,  2.461994680550321E+06,  6.125480001403264E+01,  1.114500262637519E+02,  1.114623317506872E+02,  2.371468147526158E-03,  2.371741774846760E-03,  5.877090447075640E+00,
2461997.500000000, A.D. 2028-Aug-14 00:00:00.0000,  1.080653886854222E-04,  2.371203970307044E-03,  1.290784140716337E+02,  2.233519157111579E+02,  1.106153428421978E+02,  2.462000413754593E+06,  6.125510627196530E+01,  1.815176527860542E+02,  1.815173248572147E+02,  2.371460243079964E-03,  2.371716515852884E-03,  5.877061063311903E+00,
2461998.500000000, A.D. 2028-Aug-15 00:00:00.0000,  1.172106625600019E-04,  2.371199303986500E-03,  1.290779003898904E+02,  2.233525646647092E+02,  1.001025639606758E+02,  2.462000242106701E+06,  6.125444670593020E+01,  2.532882179533640E+02,  2.532753544377614E+02,  2.371477266408142E-03,  2.371755228829784E-03,  5.877124345409318E+00,
2461999.500000000, A.D. 2028-Aug-16 00:00:00.0000,  1.406935322864144E-04,  2.371134852157634E-03,  1.290781210394279E+02,  2.233528483568791E+02,  1.038366955833783E+02,  2.462000303009322E+06,  6.125478626302775E+01,  3.108118356112607E+02,  3.107996318903054E+02,  2.371468502437949E-03,  2.371802152718263E-03,  5.877091766415798E+00,
2462000.500000000, A.D. 2028-Aug-17 00:00:00.0000,  1.458554655776366E-04,  2.371116378775800E-03,  1.290781791944934E+02,  2.233541249631900E+02,  1.111460908778033E+02,  2.462000422286633E+06,  6.125502775767828E+01,  4.760334420927895E+00,  4.761721717520333E+00,  2.371462269509219E-03,  2.371808160242638E-03,  5.877068596297782E+00,
2462001.500000000, A.D. 2028-Aug-18 00:00:00.0000,  1.389197452135257E-04,  2.371147579914941E-03,  1.290776750071591E+02,  2.233546846235103E+02,  1.199368953273767E+02,  2.462000565745307E+06,  6.125445606307840E+01,  5.722726304499665E+01,  5.724064941008352E+01,  2.371477024899020E-03,  2.371806469883099E-03,  5.877123447627719E+00,
2462002.500000000, A.D. 2028-Aug-19 00:00:00.0000,  1.145838065479148E-04,  2.371194013397918E-03,  1.290779502160019E+02,  2.233550264889549E+02,  1.186881005348669E+02,  2.462000545317507E+06,  6.125489310084825E+01,  1.197338671396880E+02,  1.197452679068924E+02,  2.371465744970074E-03,  2.371737476542231E-03,  5.877081515876725E+00,
2462003.500000000, A.D. 2028-Aug-20 00:00:00.0000,  1.080757265876166E-04,  2.371204263609561E-03,  1.290779399821298E+02,  2.233563360378993E+02,  1.101565832207581E+02,  2.462006283061831E+06,  6.125509395670291E+01,  1.895232860501520E+02,  1.895212373160284E+02,  2.371460560932758E-03,  2.371716858255955E-03,  5.877062244887906E+00,
2462004.500000000, A.D. 2028-Aug-21 00:00:00.0000,  1.197510568738221E-04,  2.371191162951748E-03,  1.290774496307741E+02,  2.233568040713811E+02,  1.003418778476460E+02,  2.462006122806442E+06,  6.125452872038576E+01,  2.605957561845397E+02,  2.605822184845039E+02,  2.371475149607263E-03,  2.371759136262779E-03,  5.877116476453936E+00,
2462005.500000000, A.D. 2028-Aug-22 00:00:00.0000,  1.400838319204344E-04,  2.371129983072651E-03,  1.290777732405236E+02,  2.233571995521521E+02,  1.052000774527990E+02,  2.462006202058787E+06,  6.125503097066295E+01,  3.169953672936863E+02,  3.169844172150302E+02,  2.371462186583002E-03,  2.371794390093353E-03,  5.877068288030347E+00,
2462006.500000000, A.D. 2028-Aug-23 00:00:00.0000,  1.440973718052858E-04,  2.371117461370797E-03,  1.290777065054904E+02,  2.233585255693620E+02,  1.118478480175012E+02,  2.462006310537477E+06,  6.125514736798175E+01,  1.160555472945540E+01,  1.160887715128693E+01,  2.371459182406325E-03,  2.371800903441853E-03,  5.877057120397576E+00,
2462007.500000000, A.D. 2028-Aug-24 00:00:00.0000,  1.348420088125790E-04,  2.371153702689859E-03,  1.290772314352242E+02,  2.233589249257031E+02,  1.200935095325225E+02,  2.462006445097017E+06,  6.125459352732576E+01,  6.461765343933354E+01,  6.463161460587905E+01,  2.371473476937335E-03,  2.371793251184811E-03,  5.877110258504996E+00,
2462008.500000000, A.D. 2028-Aug-25 00:00:00.0000,  1.135540809175876E-04,  2.371190486521083E-03,  1.290775886265538E+02,  2.233593687411435E+02,  1.167090310504811E+02,  2.462006389809402E+06,  6.125512439013316E+01,  1.292599875936783E+02,  1.292700619131140E+02,  2.371459775456318E-03,  2.371729064391553E-03,  5.877059324982580E+00,
2462009.500000000, A.D. 2028-Aug-26 00:00:00.0000,  1.092996945187018E-04,  2.371200569408935E-03,  1.290774750654273E+02,  2.233606990230606E+02,  1.085249018031541E+02,  2.462012133215324E+06,  6.125512463109120E+01,  1.987020671348853E+02,  1.986980516057612E+02,  2.371459769237276E-03,  2.371718969065617E-03,  5.877059301864112E+00,
2462010.500000000, A.D. 2028-Aug-27 00:00:00.0000,  1.245066855366458E-04,  2.371179124341973E-03,  1.290770331220468E+02,  2.233610472275737E+02,  1.003110386367421E+02,  2.462011999093134E+06,  6.125455819917960E+01,  2.681737123943441E+02,  2.681594522972384E+02,  2.371474388757952E-03,  2.371769653173931E-03,  5.877113648088014E+00,
2462011.500000000, A.D. 2028-Aug-28 00:00:00.0000,  1.420799059453434E-04,  2.371124166422826E-03,  1.290774065595284E+02,  2.233615592529015E+02,  1.064520326396002E+02,  2.462012099288547E+06,  6.125507293898146E+01,  3.232905363448725E+02,  3.232808027736888E+02,  2.371461103393349E-03,  2.371798040363872E-03,  5.877064261414068E+00,
2462012.500000000, A.D. 2028-Aug-29 00:00:00.0000,  1.451177629198256E-04,  2.371119388802755E-03,  1.290772423017507E+02,  2.233628645583748E+02,  1.133276521238848E+02,  2.462012211487439E+06,  6.125497890882313E+01,  1.767283084077232E+01,  1.767788004877890E+01,  2.371463530285116E-03,  2.371807671767478E-03,  5.877073283069008E+00,
2462013.500000000, A.D. 2028-Aug-30 00:00:00.0000,  1.315488185611055E-04,  2.371164870865730E-03,  1.290768492060074E+02,  2.233631716999255E+02,  1.214138868981624E+02,  2.462012343442066E+06,  6.125446338800872E+01,  7.084433564284535E+01,  7.085857613515361E+01,  2.371476835841730E-03,  2.371788800817730E-03,  5.877122744829632E+00,
2462014.500000000, A.D. 2028-Aug-31 00:00:00.0000,  1.109200291615681E-04,  2.371199300571555E-03,  1.290772256664739E+02,  2.233637693603254E+02,  1.163317610090593E+02,  2.462012260440332E+06,  6.125502490082383E+01,  1.371842832252187E+02,  1.371929209426464E+02,  2.371462343243823E-03,  2.371725385916091E-03,  5.877068870396595E+00,
2462015.500000000, A.D. 2028-Sep-01 00:00:00.0000,  1.074169772887314E-04,  2.371211668323427E-03,  1.290769981410684E+02,  2.233650374823145E+02,  1.068799618408625E+02,  2.462017983166720E+06,  6.125486756381455E+01,  2.078939513980881E+02,  2.078881934448393E+02,  2.371466404076295E-03,  2.371721139829163E-03,  5.877083966020439E+00,
2462016.500000000, A.D. 2028-Sep-02 00:00:00.0000,  1.272018841480107E-04,  2.371176030200077E-03,  1.290766631852985E+02,  2.233652940921020E+02,  9.966778963941016E+01,  2.462017865389430E+06,  6.125443042465230E+01,  2.763638481286141E+02,  2.763493614293668E+02,  2.371477686630030E-03,  2.371779343059985E-03,  5.877125907534605E+00,
2462017.500000000, A.D. 2028-Sep-03 00:00:00.0000,  1.430925646332820E-04,  2.371122549600465E-03,  1.290770433846833E+02,  2.233659858368065E+02,  1.067610527045436E+02,  2.462017981129027E+06,  6.125504253294076E+01,  3.305284209906284E+02,  3.305203524467678E+02,  2.371461888163973E-03,  2.371801226727481E-03,  5.877067178696430E+00,
2462018.500000000, A.D. 2028-Sep-04 00:00:00.0000,  1.462680263792897E-04,  2.371120600560176E-03,  1.290767471526646E+02,  2.233672150723191E+02,  1.140241216890493E+02,  2.462018099652697E+06,  6.125482624816539E+01,  2.452320449662493E+01,  2.453016253750451E+01,  2.371467470426698E-03,  2.371814340293220E-03,  5.877087930043425E+00,
2462019.500000000, A.D. 2028-Sep-05 00:00:00.0000,  1.293985752272429E-04,  2.371168726038543E-03,  1.290764674233896E+02,  2.233674146817197E+02,  1.214376977018681E+02,  2.462018220627320E+06,  6.125451159552003E+01,  7.836734869293321E+01,  7.838187259157287E+01,  2.371475591601282E-03,  2.371782457164022E-03,  5.877118119513818E+00,
2462020.500000000, A.D. 2028-Sep-06 00:00:00.0000,  1.115970650978923E-04,  2.371193999831029E-03,  1.290768558543269E+02,  2.233681941990587E+02,  1.154385410413851E+02,  2.462018122659595E+06,  6.125516808700537E+01,  1.456243861111471E+02,  1.456316056324825E+02,  2.371458647656109E-03,  2.371723295481189E-03,  5.877055132534525E+00,
2462021.500000000, A.D. 2028-Sep-07 00:00:00.0000,  1.088084562279981E-04,  2.371207483088226E-03,  1.290764975657403E+02,  2.233693868575623E+02,  1.062255996475965E+02,  2.462023849277813E+06,  6.125490187192398E+01,  2.160952181288285E+02,  2.160878733640569E+02,  2.371465518590301E-03,  2.371723554092377E-03,  5.877080674338734E+00,
2462022.500000000, A.D. 2028-Sep-08 00:00:00.0000,  1.297451980994792E-04,  2.371165110026054E-03,  1.290762685168588E+02,  2.233695359707901E+02,  1.008763798286587E+02,  2.462023761910070E+06,  6.125461986220057E+01,  2.827021783525671E+02,  2.826876740004095E+02,  2.371472797233919E-03,  2.371780484441784E-03,  5.877107731790061E+00,
2462023.500000000, A.D. 2028-Sep-09 00:00:00.0000,  1.417022602487948E-04,  2.371120000861932E-03,  1.290766611896988E+02,  2.233703822346751E+02,  1.080254768984189E+02,  2.462023878563363E+06,  6.125526906163750E+01,  3.368109993555410E+02,  3.368046043970509E+02,  2.371456041543100E-03,  2.371792082224267E-03,  5.877045444658052E+00,
2462024.500000000, A.D. 2028-Sep-10 00:00:00.0000,  1.441108189896996E-04,  2.371124527589378E-03,  1.290762632264636E+02,  2.233715394799430E+02,  1.151033686897321E+02,  2.462023994064518E+06,  6.125487231157519E+01,  3.099101337249895E+01,  3.099951774417153E+01,  2.371466281537417E-03,  2.371808035485456E-03,  5.877083510497688E+00,
2462025.500000000, A.D. 2028-Sep-11 00:00:00.0000,  1.248450020163850E-04,  2.371175657857494E-03,  1.290760796719586E+02,  2.233716671035808E+02,  1.209304191331104E+02,  2.462024089140628E+06,  6.125466143464343E+01,  8.642171314841156E+01,  8.643599158016291E+01,  2.371471724249690E-03,  2.371767790641886E-03,  5.877103743102185E+00,
2462026.500000000, A.D. 2028-Sep-12 00:00:00.0000,  1.106961235900730E-04,  2.371194232712136E-03,  1.290764610619362E+02,  2.233725758376003E+02,  1.137599839791734E+02,  2.462023972052088E+06,  6.125524185319418E+01,  1.548500607708593E+02,  1.548554510081652E+02,  2.371456743780934E-03,  2.371719254849732E-03,  5.877048055132732E+00,
2462027.500000000, A.D. 2028-Sep-13 00:00:00.0000,  1.106902670515427E-04,  2.371205495707334E-03,  1.290760331249735E+02,  2.233736824472744E+02,  1.042490801736326E+02,  2.462029693805788E+06,  6.125480595723300E+01,  2.256188521520617E+02,  2.256097876166462E+02,  2.371467994132909E-03,  2.371730492558483E-03,  5.877089876855467E+00,
2462028.500000000, A.D. 2028-Sep-14 00:00:00.0000,  1.342320997874183E-04,  2.371155042746645E-03,  1.290759071643231E+02,  2.233738104755518E+02,  1.013093773221921E+02,  2.462029645770213E+06,  6.125459764745309E+01,  2.898163066376855E+02,  2.898018347966318E+02,  2.371473370596770E-03,  2.371791698446896E-03,  5.877109863196831E+00,
2462029.500000000, A.D. 2028-Sep-15 00:00:00.0000,  1.438781784842179E-04,  2.371117571501273E-03,  1.290762564321692E+02,  2.233747806389927E+02,  1.089431566912406E+02,  2.462029770337963E+06,  6.125516324331792E+01,  3.434404039792793E+02,  3.434357041038649E+02,  2.371458772669835E-03,  2.371799973838397E-03,  5.877055597256463E+00,
2462030.500000000, A.D. 2028-Sep-16 00:00:00.0000,  1.445673265841347E-04,  2.371129818909136E-03,  1.290758077691965E+02,  2.233758163609454E+02,  1.168772236177957E+02,  2.462029899813885E+06,  6.125462531988300E+01,  3.676417560493692E+01,  3.677409228645958E+01,  2.371472656371134E-03,  2.371815493833133E-03,  5.877107208149806E+00,
2462031.500000000, A.D. 2028-Sep-17 00:00:00.0000,  1.216284168796341E-04,  2.371185781620166E-03,  1.290757422988404E+02,  2.233759613079736E+02,  1.215192251710046E+02,  2.462029975543821E+06,  6.125456472697585E+01,  9.337989969484435E+01,  9.339381291647744E+01,  2.371474220275250E-03,  2.371762658930333E-03,  5.877113021773867E+00,
2462032.500000000, A.D. 2028-Sep-18 00:00:00.0000,  1.084228482772684E-04,  2.371203624989703E-03,  1.290760469371741E+02,  2.233770059431014E+02,  1.133718514002356E+02,  2.462029842503998E+06,  6.125508680490518E+01,  1.627851482560798E+02,  1.627888248348073E+02,  2.371460745518309E-03,  2.371717866046916E-03,  5.877062931060477E+00,
2462033.500000000, A.D. 2028-Sep-19 00:00:00.0000,  1.107195111105059E-04,  2.371210797093008E-03,  1.290755630887090E+02,  2.233779584779516E+02,  1.026404123592530E+02,  2.462035544346431E+06,  6.125459784629550E+01,  2.347743815353211E+02,  2.347640180903944E+02,  2.371473365464644E-03,  2.371735933836279E-03,  5.877109844118774E+00,
2462034.500000000, A.D. 2028-Sep-20 00:00:00.0000,  1.359923226013178E-04,  2.371150276306276E-03,  1.290755717532546E+02,  2.233781084125053E+02,  1.017292333747369E+02,  2.462035529419272E+06,  6.125462059201541E+01,  2.969433130443605E+02,  2.969294199170175E+02,  2.371472778397396E-03,  2.371795280488517E-03,  5.877107661767581E+00,
2462035.500000000, A.D. 2028-Sep-21 00:00:00.0000,  1.439607000563250E-04,  2.371117204761602E-03,  1.290758348093237E+02,  2.233792293054908E+02,  1.092320176219707E+02,  2.462035651849682E+06,  6.125516987138156E+01,  3.506984219346728E+02,  3.506957550860055E+02,  2.371458601602044E-03,  2.371799998442485E-03,  5.877054961334654E+00,
2462036.500000000, A.D. 2028-Sep-22 00:00:00.0000,  1.433108796088509E-04,  2.371133127110894E-03,  1.290753213945130E+02,  2.233800976199047E+02,  1.175068483034467E+02,  2.462035786887927E+06,  6.125461258764073E+01,  4.368140373222130E+01,  4.369274716857645E+01,  2.371472984990342E-03,  2.371812842869789E-03,  5.877108429751734E+00,
2462037.500000000, A.D. 2028-Sep-23 00:00:00.0000,  1.198694101708340E-04,  2.371184693457819E-03,  1.290753928173907E+02,  2.233802512059600E+02,  1.202948386513888E+02,  2.462035832355793E+06,  6.125476853318376E+01,  1.021511598779296E+02,  1.021645877306020E+02,  2.371468960043297E-03,  2.371753226628776E-03,  5.877093467506548E+00,
2462038.500000000, A.D. 2028-Sep-24 00:00:00.0000,  1.100185354209211E-04,  2.371195533366928E-03,  1.290756209297721E+02,  2.233814345680899E+02,  1.123814442371484E+02,  2.462035703137747E+06,  6.125525371894938E+01,  1.713225069178963E+02,  1.713244087385548E+02,  2.371456437531000E-03,  2.371717341695072E-03,  5.877046916689753E+00,
2462039.500000000, A.D. 2028-Sep-25 00:00:00.0000,  1.140109802615112E-04,  2.371200647426412E-03,  1.290750810875891E+02,  2.233822344609054E+02,  1.023310674370934E+02,  2.462041416086757E+06,  6.125468867557690E+01,  2.426307022249684E+02,  2.426191007269639E+02,  2.371471021162197E-03,  2.371741394897980E-03,  5.877101129460756E+00,
2462040.500000000, A.D. 2028-Sep-26 00:00:00.0000,  1.374505504439124E-04,  2.371140297524820E-03,  1.290752091655949E+02,  2.233823948710870E+02,  1.035097668676938E+02,  2.462041435275857E+06,  6.125487326742171E+01,  3.027097959288552E+02,  3.026965417923709E+02,  2.371466256867186E-03,  2.371792216209553E-03,  5.877083418789232E+00,
2462041.500000000, A.D. 2028-Sep-27 00:00:00.0000,  1.428472850894439E-04,  2.371116778352739E-03,  1.290754045988364E+02,  2.233836249052886E+02,  1.104250675332444E+02,  2.462041548119082E+06,  6.125528871350211E+01,  3.570524517194239E+02,  3.570516098421504E+02,  2.371455534337529E-03,  2.371794290322319E-03,  5.877043559189812E+00,
2462042.500000000, A.D. 2028-Sep-28 00:00:00.0000,  1.397921445350615E-04,  2.371140898751327E-03,  1.290748649679012E+02,  2.233843611713282E+02,  1.186586840505879E+02,  2.462041682483424E+06,  6.125463478930113E+01,  5.007667930902169E+01,  5.008896572180586E+01,  2.371472411965501E-03,  2.371803925179675E-03,  5.877106299601649E+00,
2462043.500000000, A.D. 2028-Sep-29 00:00:00.0000,  1.161634699801337E-04,  2.371190982174516E-03,  1.290750358523845E+02,  2.233845592732734E+02,  1.192303854551874E+02,  2.462041691772384E+06,  6.125486539909078E+01,  1.107627392177346E+02,  1.107751854430762E+02,  2.371466459947446E-03,  2.371741937720375E-03,  5.877084173714364E+00,
2462044.500000000, A.D. 2028-Sep-30 00:00:00.0000,  1.089253180017414E-04,  2.371200080480287E-03,  1.290751830523552E+02,  2.233858127139610E+02,  1.107516053533423E+02,  2.462047430373448E+06,  6.125517797930025E+01,  1.804994528725300E+02,  1.804993440825941E+02,  2.371458392339801E-03,  2.371716704199314E-03,  5.877054183430070E+00,
2462045.500000000, A.D. 2028-Oct-01 00:00:00.0000,  1.172599410031719E-04,  2.371197022470089E-03,  1.290746554097419E+02,  2.233864823741985E+02,  1.006779758303659E+02,  2.462047265895952E+06,  6.125453058425874E+01,  2.518308723687784E+02,  2.518181059189373E+02,  2.371475101500580E-03,  2.371753180531072E-03,  5.877116297623106E+00,
2462046.500000000, A.D. 2028-Oct-02 00:00:00.0000,  1.405209138072030E-04,  2.371134290466934E-03,  1.290748689586214E+02,  2.233867385321823E+02,  1.040981492028544E+02,  2.462047321674521E+06,  6.125482389151574E+01,  3.096684719441326E+02,  3.096560756317498E+02,  2.371467531251491E-03,  2.371800772036047E-03,  5.877088156151939E+00,
2462047.500000000, A.D. 2028-Oct-03 00:00:00.0000,  1.453750506171030E-04,  2.371116430245152E-03,  1.290749518713979E+02,  2.233880144648204E+02,  1.112848259213774E+02,  2.462047438948918E+06,  6.125506991139303E+01,  3.739688307649466E+00,  3.740775047605176E+00,  2.371461181534453E-03,  2.371805932823756E-03,  5.877064551893401E+00,
2462048.500000000, A.D. 2028-Oct-04 00:00:00.0000,  1.388773034822252E-04,  2.371148152669038E-03,  1.290744462311222E+02,  2.233886008700827E+02,  1.201326626613063E+02,  2.462047583338063E+06,  6.125443776909082E+01,  5.614961160186118E+01,  5.616282951445893E+01,  2.371477497069099E-03,  2.371806841469161E-03,  5.877125202864194E+00,
2462049.500000000, A.D. 2028-Oct-05 00:00:00.0000,  1.142404223702010E-04,  2.371196441903612E-03,  1.290747057823588E+02,  2.233889293277595E+02,  1.190886565795609E+02,  2.462047566252268E+06,  6.125483055234750E+01,  1.184513896191236E+02,  1.184628987158657E+02,  2.371467359336379E-03,  2.371738276769147E-03,  5.877087517079150E+00,
2462050.500000000, A.D. 2028-Oct-06 00:00:00.0000,  1.072813108455044E-04,  2.371207875663931E-03,  1.290747135570076E+02,  2.233902255439546E+02,  1.102108776927712E+02,  2.462053298349083E+06,  6.125502699293821E+01,  1.885870513773836E+02,  1.885852160502169E+02,  2.371462289246943E-03,  2.371716702829955E-03,  5.877068669670208E+00,
2462051.500000000, A.D. 2028-Oct-07 00:00:00.0000,  1.190778427619275E-04,  2.371194291295441E-03,  1.290742248808548E+02,  2.233907191694738E+02,  1.001208223491916E+02,  2.462053133597638E+06,  6.125446936314335E+01,  2.599348435367833E+02,  2.599214085770120E+02,  2.371476681622849E-03,  2.371759071950257E-03,  5.877122171539225E+00,
2462052.500000000, A.D. 2028-Oct-08 00:00:00.0000,  1.403322225146447E-04,  2.371131103194187E-03,  1.290745345717771E+02,  2.233911100536772E+02,  1.049080595512891E+02,  2.462053211690622E+06,  6.125496473944377E+01,  3.164054160289159E+02,  3.163943260261915E+02,  2.371463895993325E-03,  2.371796688792463E-03,  5.877074642542174E+00,
2462053.500000000, A.D. 2028-Oct-09 00:00:00.0000,  1.447339021889190E-04,  2.371117009230395E-03,  1.290744754677975E+02,  2.233924278254177E+02,  1.117025681740847E+02,  2.462053322564377E+06,  6.125510639421247E+01,  1.086883799502965E+01,  1.087196589417294E+01,  2.371460239924806E-03,  2.371803470619216E-03,  5.877061051583018E+00,
2462054.500000000, A.D. 2028-Oct-10 00:00:00.0000,  1.358810980776199E-04,  2.371152324551457E-03,  1.290740036555940E+02,  2.233928382721484E+02,  1.201952876829645E+02,  2.462053461156883E+06,  6.125455144362432E+01,  6.363386917567976E+01,  6.364782129086485E+01,  2.371474563119156E-03,  2.371796801686856E-03,  5.877114296254806E+00,
2462055.500000000, A.D. 2028-Oct-11 00:00:00.0000,  1.140315538937012E-04,  2.371190227439777E-03,  1.290743542643337E+02,  2.233932815347398E+02,  1.172341544037615E+02,  2.462053412780026E+06,  6.125509055294778E+01,  1.278528485343678E+02,  1.278631652381477E+02,  2.371460648782556E-03,  2.371731070125335E-03,  5.877062571458001E+00,
2462056.500000000, A.D. 2028-Oct-12 00:00:00.0000,  1.089343802354114E-04,  2.371201657945068E-03,  1.290742428971779E+02,  2.233946096468938E+02,  1.090694570186518E+02,  2.462059156504789E+06,  6.125511602066023E+01,  1.972754909586841E+02,  1.972717844203644E+02,  2.371459991469491E-03,  2.371718324993915E-03,  5.877060127983083E+00,
2462057.500000000, A.D. 2028-Oct-13 00:00:00.0000,  1.234262941262338E-04,  2.371180895095478E-03,  1.290737951560206E+02,  2.233949594978666E+02,  1.005822836896583E+02,  2.462059017919932E+06,  6.125458886418082E+01,  2.670204386528500E+02,  2.670063142749702E+02,  2.371473597293209E-03,  2.371766299490942E-03,  5.877110705913386E+00,
2462058.500000000, A.D. 2028-Oct-14 00:00:00.0000,  1.411864169611074E-04,  2.371125044187549E-03,  1.290741714613932E+02,  2.233954615338544E+02,  1.064387860234008E+02,  2.462059113470637E+06,  6.125512103277912E+01,  3.224217818653019E+02,  3.224119139596738E+02,  2.371459862108447E-03,  2.371794680029345E-03,  5.877059647100446E+00,
2462059.500000000, A.D. 2028-Oct-15 00:00:00.0000,  1.442427001275676E-04,  2.371119127588158E-03,  1.290740131978967E+02,  2.233967762458757E+02,  1.131191092965081E+02,  2.462059222481568E+06,  6.125506944569540E+01,  1.699941083848670E+01,  1.700424412002268E+01,  2.371461193553963E-03,  2.371803259519769E-03,  5.877064596574356E+00,
2462060.500000000, A.D. 2028-Oct-16 00:00:00.0000,  1.316400240865404E-04,  2.371163373881171E-03,  1.290736073934328E+02,  2.233970843046618E+02,  1.211948137799455E+02,  2.462059354264549E+06,  6.125451301438184E+01,  7.018146708475332E+01,  7.019565925452679E+01,  2.371475554980349E-03,  2.371787736079527E-03,  5.877117983379873E+00,
2462061.500000000, A.D. 2028-Oct-17 00:00:00.0000,  1.112787916646534E-04,  2.371197349322811E-03,  1.290739878758161E+02,  2.233976554881459E+02,  1.162131969184952E+02,  2.462059272903969E+06,  6.125506754290551E+01,  1.364209178369635E+02,  1.364297073389522E+02,  2.371461242664374E-03,  2.371725136005938E-03,  5.877064779135890E+00,
2462062.500000000, A.D. 2028-Oct-18 00:00:00.0000,  1.076530173964501E-04,  2.371210662326821E-03,  1.290737800180596E+02,  2.233989381981490E+02,  1.069852162022521E+02,  2.462064999281789E+06,  6.125488485504053E+01,  2.069067818068671E+02,  2.069011998824938E+02,  2.371465957792830E-03,  2.371721253258839E-03,  5.877082307018267E+00,
2462063.500000000, A.D. 2028-Oct-19 00:00:00.0000,  1.272385778803315E-04,  2.371175688556962E-03,  1.290734260656787E+02,  2.233992096140457E+02,  9.980514140314622E+01,  2.462064882028876E+06,  6.125444029120983E+01,  2.753445947215741E+02,  2.753300774282006E+02,  2.371477431972882E-03,  2.371779175388802E-03,  5.877124960876688E+00,
2462064.500000000, A.D. 2028-Oct-20 00:00:00.0000,  1.435508022249481E-04,  2.371122422275703E-03,  1.290738067139468E+02,  2.233998744482667E+02,  1.068173517411223E+02,  2.462064996445819E+06,  6.125500535679073E+01,  3.295902087068998E+02,  3.295818808849129E+02,  2.371462847669932E-03,  2.371803273064162E-03,  5.877070745535252E+00,
2462065.500000000, A.D. 2028-Oct-21 00:00:00.0000,  1.462575538747361E-04,  2.371120665413570E-03,  1.290735328536066E+02,  2.234011124292204E+02,  1.141762271665616E+02,  2.462065116533162E+06,  6.125482469743837E+01,  2.348919395755184E+01,  2.349587516589261E+01,  2.371467510450742E-03,  2.371814355487913E-03,  5.877088078827771E+00,
2462066.500000000, A.D. 2028-Oct-22 00:00:00.0000,  1.295729713187290E-04,  2.371170298898064E-03,  1.290732422324355E+02,  2.234013341257046E+02,  1.219145858887065E+02,  2.462065242808422E+06,  6.125443462206299E+01,  7.700855934091899E+01,  7.702302778269291E+01,  2.371477578294300E-03,  2.371784857690535E-03,  5.877125504809296E+00,
2462067.500000000, A.D. 2028-Oct-23 00:00:00.0000,  1.108338273830228E-04,  2.371197812708527E-03,  1.290736215741323E+02,  2.234020877795456E+02,  1.157864027871612E+02,  2.462065142733117E+06,  6.125509047598503E+01,  1.443945961961456E+02,  1.444019896605127E+02,  2.371460650768939E-03,  2.371723488829352E-03,  5.877062578842120E+00,
2462068.500000000, A.D. 2028-Oct-24 00:00:00.0000,  1.076505243709219E-04,  2.371212814025931E-03,  1.290732851220078E+02,  2.234032831505585E+02,  1.060928184493228E+02,  2.462070861512219E+06,  6.125480170777673E+01,  2.153460372931532E+02,  2.153389016292120E+02,  2.371468103810835E-03,  2.371723393595739E-03,  5.877090284569404E+00,
2462069.500000000, A.D. 2028-Oct-25 00:00:00.0000,  1.292447766203329E-04,  2.371167902388505E-03,  1.290730450627253E+02,  2.234034540996071E+02,  1.005667407313402E+02,  2.462070771254996E+06,  6.125455764474282E+01,  2.821298375703199E+02,  2.821153573754213E+02,  2.371474403067991E-03,  2.371780903747476E-03,  5.877113701283859E+00,
2462070.500000000, A.D. 2028-Oct-26 00:00:00.0000,  1.421761209445611E-04,  2.371120660689648E-03,  1.290734313571162E+02,  2.234042911429187E+02,  1.077223210954505E+02,  2.462070888013418E+06,  6.125519994692102E+01,  3.362321604910901E+02,  3.362255931572510E+02,  2.371457825364243E-03,  2.371794990038837E-03,  5.877052075773941E+00,
2462071.500000000, A.D. 2028-Oct-27 00:00:00.0000,  1.444058355509804E-04,  2.371123349830474E-03,  1.290730373656817E+02,  2.234054508064363E+02,  1.148444244004409E+02,  2.462071004236363E+06,  6.125489083964568E+01,  3.036794746752133E+01,  3.037631447461715E+01,  2.371465803331285E-03,  2.371808256832096E-03,  5.877081732827105E+00,
2462072.500000000, A.D. 2028-Oct-28 00:00:00.0000,  1.257256998145958E-04,  2.371173808487787E-03,  1.290728507966189E+02,  2.234055793582319E+02,  1.210284939664120E+02,  2.462071105140498E+06,  6.125465216651033E+01,  8.544163360065212E+01,  8.545599531259523E+01,  2.371471963459984E-03,  2.371770118432179E-03,  5.877104632337171E+00,
2462073.500000000, A.D. 2028-Oct-29 00:00:00.0000,  1.115139523162813E-04,  2.371190992785680E-03,  1.290732346920684E+02,  2.234064791350195E+02,  1.140230580158716E+02,  2.462070990747596E+06,  6.125529224640788E+01,  1.537049893535877E+02,  1.537106494593926E+02,  2.371455443154888E-03,  2.371719893524095E-03,  5.877043220230674E+00,
2462074.500000000, A.D. 2028-Oct-30 00:00:00.0000,  1.105298627270961E-04,  2.371205118222813E-03,  1.290728097255931E+02,  2.234075954310620E+02,  1.046950410956246E+02,  2.462076715483669E+06,  6.125483532438142E+01,  2.242909126659151E+02,  2.242820689975513E+02,  2.371467236170888E-03,  2.371729354118963E-03,  5.877087059226952E+00,
2462075.500000000, A.D. 2028-Oct-31 00:00:00.0000,  1.333344930439783E-04,  2.371155413326961E-03,  1.290726688689928E+02,  2.234077150773433E+02,  1.016286345122969E+02,  2.462076665379612E+06,  6.125466577240634E+01,  2.886150613461006E+02,  2.886005808968576E+02,  2.371471612292153E-03,  2.371787811257346E-03,  5.877103326913764E+00,
2462076.500000000, A.D. 2028-Nov-01 00:00:00.0000,  1.430838786108378E-04,  2.371117832557802E-03,  1.290730328625805E+02,  2.234086748964132E+02,  1.090247772071403E+02,  2.462076786068200E+06,  6.125522612012251E+01,  3.424768277039418E+02,  3.424718901041209E+02,  2.371457149844761E-03,  2.371796467131719E-03,  5.877049564620560E+00,
2462077.500000000, A.D. 2028-Nov-02 00:00:00.0000,  1.436373206287639E-04,  2.371129123297526E-03,  1.290725812190134E+02,  2.234097351675206E+02,  1.165830108315316E+02,  2.462076909409635E+06,  6.125473773819784E+01,  3.617645790728319E+01,  3.618617500472234E+01,  2.371469754859066E-03,  2.371810386420605E-03,  5.877096422135322E+00,
2462078.500000000, A.D. 2028-Nov-03 00:00:00.0000,  1.215697193109574E-04,  2.371184719738793E-03,  1.290725008747656E+02,  2.234098635759004E+02,  1.213292411455840E+02,  2.462076986840843E+06,  6.125461126808551E+01,  9.268797594771831E+01,  9.270189138448846E+01,  2.371473019048072E-03,  2.371761318357350E-03,  5.877108556357208E+00,
2462079.500000000, A.D. 2028-Nov-04 00:00:00.0000,  1.089891280380513E-04,  2.371200766154200E-03,  1.290728256949633E+02,  2.234108879935150E+02,  1.132128368162507E+02,  2.462076854307928E+06,  6.125514554612439E+01,  1.620622529373101E+02,  1.620660989164849E+02,  2.371459229427794E-03,  2.371717692701388E-03,  5.877057295193664E+00,
2462080.500000000, A.D. 2028-Nov-05 00:00:00.0000,  1.109326348175023E-04,  2.371210308558249E-03,  1.290723537577448E+02,  2.234118684544039E+02,  1.026430156162801E+02,  2.462082558785988E+06,  6.125459719211894E+01,  2.338898936238964E+02,  2.338796246626232E+02,  2.371473382348953E-03,  2.371736456139656E-03,  5.877109906884145E+00,
2462081.500000000, A.D. 2028-Nov-06 00:00:00.0000,  1.361667710514289E-04,  2.371150621031584E-03,  1.290723391329873E+02,  2.234120179281272E+02,  1.016852429512651E+02,  2.462082543099079E+06,  6.125459120309653E+01,  2.961053923152211E+02,  2.960913794824995E+02,  2.371473536925741E-03,  2.371796452819898E-03,  5.877110481504631E+00,
2462082.500000000, A.D. 2028-Nov-07 00:00:00.0000,  1.446476809480760E-04,  2.371117082467883E-03,  1.290726139328667E+02,  2.234131163882362E+02,  1.092967259493743E+02,  2.462082667303813E+06,  6.125511147958555E+01,  3.497517862743911E+02,  3.497488367720957E+02,  2.371460108673063E-03,  2.371803134878243E-03,  5.877060563671930E+00,
2462083.500000000, A.D. 2028-Nov-08 00:00:00.0000,  1.438169813664414E-04,  2.371132648882390E-03,  1.290721102352136E+02,  2.234140079702497E+02,  1.175899490316175E+02,  2.462082802642360E+06,  6.125458461082889E+01,  4.271635255409193E+01,  4.272753370229383E+01,  2.371473707072331E-03,  2.371814765262272E-03,  5.877111114003986E+00,
2462084.500000000, A.D. 2028-Nov-09 00:00:00.0000,  1.200487052932037E-04,  2.371185928845991E-03,  1.290721677899270E+02,  2.234141661347741E+02,  1.207725892467446E+02,  2.462082854551498E+06,  6.125470418659339E+01,  1.007914612543908E+02,  1.008049741602574E+02,  2.371470620823663E-03,  2.371755312801334E-03,  5.877099641251585E+00,
2462085.500000000, A.D. 2028-Nov-10 00:00:00.0000,  1.095347432335958E-04,  2.371197855079625E-03,  1.290723996703773E+02,  2.234153347605138E+02,  1.127517304722980E+02,  2.462082723579066E+06,  6.125520821067004E+01,  1.700702424041546E+02,  1.700724065461852E+02,  2.371457612080254E-03,  2.371717369080883E-03,  5.877051282919183E+00,
2462086.500000000, A.D. 2028-Nov-11 00:00:00.0000,  1.130469881404421E-04,  2.371204245323812E-03,  1.290718695580378E+02,  2.234161444584341E+02,  1.023234623365346E+02,  2.462088430363042E+06,  6.125463784381484E+01,  2.417563109695970E+02,  2.417448997956791E+02,  2.371472333128531E-03,  2.371740420933249E-03,  5.877106006534830E+00,
2462087.500000000, A.D. 2028-Nov-12 00:00:00.0000,  1.368820246502335E-04,  2.371142670757307E-03,  1.290719890644897E+02,  2.234163107787901E+02,  1.032053664201608E+02,  2.462088444706194E+06,  6.125483354872716E+01,  3.021321793182139E+02,  3.021188952411488E+02,  2.371467282000260E-03,  2.371791893243213E-03,  5.877087229591869E+00,
2462088.500000000, A.D. 2028-Nov-13 00:00:00.0000,  1.429627648392784E-04,  2.371116916697047E-03,  1.290721840557918E+02,  2.234175372335386E+02,  1.101190365115470E+02,  2.462088557522248E+06,  6.125527274040181E+01,  3.564764590090190E+02,  3.564754519939893E+02,  2.371455946595867E-03,  2.371794976494688E-03,  5.877045091704518E+00,
2462089.500000000, A.D. 2028-Nov-14 00:00:00.0000,  1.404107635196981E-04,  2.371138521760420E-03,  1.290716403581479E+02,  2.234182760500823E+02,  1.183040677540702E+02,  2.462088691094171E+06,  6.125467005011362E+01,  4.954925965247549E+01,  4.956150487321367E+01,  2.371471501884664E-03,  2.371804482008908E-03,  5.877102916487463E+00,
2462090.500000000, A.D. 2028-Nov-15 00:00:00.0000,  1.172148330431788E-04,  2.371187309582285E-03,  1.290718110856696E+02,  2.234184646966107E+02,  1.192160804292330E+02,  2.462088705939359E+06,  6.125491109714422E+01,  1.098950250557292E+02,  1.099076546135499E+02,  2.371465280489205E-03,  2.371743251396126E-03,  5.877079789228257E+00,
2462091.500000000, A.D. 2028-Nov-16 00:00:00.0000,  1.099041526139469E-04,  2.371195588045472E-03,  1.290719666644079E+02,  2.234197206349862E+02,  1.111148929182010E+02,  2.462088573652484E+06,  6.125526211115581E+01,  1.792541841191334E+02,  1.792543480285124E+02,  2.371456220931895E-03,  2.371716853818318E-03,  5.877046111511728E+00,
2462092.500000000, A.D. 2028-Nov-17 00:00:00.0000,  1.170317215239103E-04,  2.371195981814013E-03,  1.290714308289170E+02,  2.234203993925937E+02,  1.011844661183184E+02,  2.462094288561086E+06,  6.125459188047679E+01,  2.504424205995670E+02,  2.504297841024552E+02,  2.371473519442542E-03,  2.371751057071071E-03,  5.877110416512955E+00,
2462093.500000000, A.D. 2028-Nov-18 00:00:00.0000,  1.399975913282419E-04,  2.371134387079962E-03,  1.290716393460213E+02,  2.234206344380282E+02,  1.042952715212840E+02,  2.462094339290034E+06,  6.125486823852978E+01,  3.085893995317620E+02,  3.085768587363102E+02,  2.371466386662011E-03,  2.371798386244061E-03,  5.877083901285044E+00,
2462094.500000000, A.D. 2028-Nov-19 00:00:00.0000,  1.448802673323853E-04,  2.371116564047513E-03,  1.290717414877130E+02,  2.234219123480523E+02,  1.113211205986102E+02,  2.462094453939261E+06,  6.125511019503666E+01,  2.821455646396754E+00,  2.822273010360805E+00,  2.371460141826830E-03,  2.371803719606146E-03,  5.877060686916695E+00,
2462095.500000000, A.D. 2028-Nov-20 00:00:00.0000,  1.386497772119065E-04,  2.371147679481373E-03,  1.290712272368054E+02,  2.234225193178011E+02,  1.200434227699550E+02,  2.462094596279286E+06,  6.125447701345247E+01,  5.535693969937008E+01,  5.537001227119588E+01,  2.371476484167567E-03,  2.371805288853760E-03,  5.877121437522652E+00,
2462096.500000000, A.D. 2028-Nov-21 00:00:00.0000,  1.141521973886685E-04,  2.371196849841681E-03,  1.290714772415061E+02,  2.234228267222477E+02,  1.191891415906671E+02,  2.462094582290027E+06,  6.125482285226249E+01,  1.174689846694391E+02,  1.174805900541497E+02,  2.371467558074471E-03,  2.371738266307261E-03,  5.877088255862993E+00,
2462097.500000000, A.D. 2028-Nov-22 00:00:00.0000,  1.073670503305743E-04,  2.371207493534588E-03,  1.290715080881079E+02,  2.234241129786038E+02,  1.101468046638057E+02,  2.462100311700023E+06,  6.125503392136022E+01,  1.877692197201153E+02,  1.877675567326880E+02,  2.371462110426355E-03,  2.371716727318122E-03,  5.877068004927912E+00,
2462098.500000000, A.D. 2028-Nov-23 00:00:00.0000,  1.189608935394911E-04,  2.371196041696679E-03,  1.290710197944897E+02,  2.234246366787259E+02,  9.987942244935812E+01,  2.462100144055652E+06,  6.125441228345150E+01,  2.592943373135761E+02,  2.592809430405147E+02,  2.371478154856989E-03,  2.371760268017301E-03,  5.877127648113238E+00,
2462099.500000000, A.D. 2028-Nov-24 00:00:00.0000,  1.410925805795191E-04,  2.371131474165886E-03,  1.290713100279829E+02,  2.234250134446457E+02,  1.047263015828451E+02,  2.462100223121824E+06,  6.125488049078299E+01,  3.157052590779332E+02,  3.156939667232351E+02,  2.371466070433521E-03,  2.371800666701156E-03,  5.877082725745733E+00,
2462100.500000000, A.D. 2028-Nov-25 00:00:00.0000,  1.460013794445317E-04,  2.371116741061583E-03,  1.290712687789625E+02,  2.234263203712775E+02,  1.117590654858254E+02,  2.462100337884617E+06,  6.125500030994542E+01,  9.930377850476692E+00,  9.933263571384659E+00,  2.371462977927663E-03,  2.371809214793743E-03,  5.877071229751509E+00,
2462101.500000000, A.D. 2028-Nov-26 00:00:00.0000,  1.367425207511407E-04,  2.371151967387250E-03,  1.290707989682091E+02,  2.234267550929430E+02,  1.204663377242419E+02,  2.462100479979203E+06,  6.125448612384453E+01,  6.248084975707349E+01,  6.249474748595608E+01,  2.371476249027444E-03,  2.371800530667638E-03,  5.877120563417197E+00,
2462102.500000000, A.D. 2028-Nov-27 00:00:00.0000,  1.140020075808860E-04,  2.371192398827530E-03,  1.290711376376660E+02,  2.234271977761570E+02,  1.179108617847763E+02,  2.462100438223309E+06,  6.125500912777011E+01,  1.262941500172852E+02,  1.263046782980637E+02,  2.371462750341973E-03,  2.371733101856415E-03,  5.877070383731166E+00,
2462103.500000000, A.D. 2028-Nov-28 00:00:00.0000,  1.086137966947893E-04,  2.371202631939095E-03,  1.290710319927634E+02,  2.234285149432376E+02,  1.094645648653412E+02,  2.462106177354073E+06,  6.125510773824841E+01,  1.959983878163656E+02,  1.959949579562883E+02,  2.371460205235695E-03,  2.371717778532296E-03,  5.877060922630812E+00,
2462104.500000000, A.D. 2028-Nov-29 00:00:00.0000,  1.224416670610028E-04,  2.371184012013050E-03,  1.290705849939750E+02,  2.234288743468116E+02,  1.005243389561126E+02,  2.462106031373872E+06,  6.125455856603320E+01,  2.661963694323550E+02,  2.661823696991838E+02,  2.371474379289444E-03,  2.371764746565837E-03,  5.877113612889975E+00,
2462105.500000000, A.D. 2028-Nov-30 00:00:00.0000,  1.406390812561455E-04,  2.371126025944464E-03,  1.290709547215849E+02,  2.234293662639186E+02,  1.063274529281051E+02,  2.462106126051766E+06,  6.125513328681096E+01,  3.216511156479310E+02,  3.216411150912522E+02,  2.371459545836226E-03,  2.371793065727988E-03,  5.877058471400188E+00,
2462106.500000000, A.D. 2028-Dec-01 00:00:00.0000,  1.443731750505738E-04,  2.371118708047850E-03,  1.290708029317105E+02,  2.234306869816320E+02,  1.128958847588805E+02,  2.462106233236254E+06,  6.125507371308542E+01,  1.634063295489081E+01,  1.634528835616304E+01,  2.371461083413972E-03,  2.371803458780092E-03,  5.877064187143344E+00,
2462107.500000000, A.D. 2028-Dec-02 00:00:00.0000,  1.320988736810659E-04,  2.371160718063191E-03,  1.290703840531755E+02,  2.234309970521214E+02,  1.208616272524737E+02,  2.462106363225126E+06,  6.125457376103467E+01,  6.963266039959626E+01,  6.964685224777108E+01,  2.371473987105852E-03,  2.371787256148512E-03,  5.877112154994760E+00,
2462108.500000000, A.D. 2028-Dec-03 00:00:00.0000,  1.120378594759428E-04,  2.371194246992205E-03,  1.290707717891283E+02,  2.234315537138794E+02,  1.162401143071667E+02,  2.462106287743674E+06,  6.125511800370677E+01,  1.355120222948005E+02,  1.355210181631267E+02,  2.371459940287748E-03,  2.371725633583291E-03,  5.877059937721695E+00,
2462109.500000000, A.D. 2028-Dec-04 00:00:00.0000,  1.088193527541596E-04,  2.371204825848566E-03,  1.290705724998606E+02,  2.234328509239664E+02,  1.074607634702418E+02,  2.462112021438085E+06,  6.125500383662511E+01,  2.055493003954119E+02,  2.055439229945396E+02,  2.371462886904999E-03,  2.371720947961433E-03,  5.877070891386535E+00,
2462110.500000000, A.D. 2028-Dec-05 00:00:00.0000,  1.271476624339241E-04,  2.371174545391715E-03,  1.290702021255104E+02,  2.234331234079235E+02,  1.001712149304545E+02,  2.462111902401499E+06,  6.125449294274755E+01,  2.740966072599572E+02,  2.740820742724985E+02,  2.371476073030919E-03,  2.371777600670122E-03,  5.877119909171063E+00,
2462111.500000000, A.D. 2028-Dec-06 00:00:00.0000,  1.430992089945820E-04,  2.371121994428450E-03,  1.290705884818640E+02,  2.234337550538662E+02,  1.071298530048763E+02,  2.462112015944332E+06,  6.125506343564054E+01,  3.283957971832205E+02,  3.283872025487554E+02,  2.371461348671606E-03,  2.371800702914762E-03,  5.877065173203921E+00,
2462112.500000000, A.D. 2028-Dec-07 00:00:00.0000,  1.460352568618139E-04,  2.371120956293947E-03,  1.290703379401021E+02,  2.234350123500291E+02,  1.143327148329324E+02,  2.462112133485079E+06,  6.125483385379660E+01,  2.245081059683513E+01,  2.245720238023552E+01,  2.371467274126463E-03,  2.371813591958980E-03,  5.877087200322021E+00,
2462113.500000000, A.D. 2028-Dec-08 00:00:00.0000,  1.294655357192142E-04,  2.371170533079112E-03,  1.290700247095641E+02,  2.234352505174022E+02,  1.219988096024069E+02,  2.462112258580699E+06,  6.125443542030514E+01,  7.604243841336435E+01,  7.605683660482065E+01,  2.371477557691565E-03,  2.371784582304018E-03,  5.877125428221058E+00,
2462114.500000000, A.D. 2028-Dec-09 00:00:00.0000,  1.102649026047574E-04,  2.371200469719354E-03,  1.290704058196266E+02,  2.234359780172416E+02,  1.159750899503815E+02,  2.462112160208982E+06,  6.125503979841554E+01,  1.433239918924154E+02,  1.433315380643814E+02,  2.371461958741265E-03,  2.371723447763177E-03,  5.877067441058326E+00,
2462115.500000000, A.D. 2028-Dec-10 00:00:00.0000,  1.075618149210385E-04,  2.371213092358344E-03,  1.290700883160148E+02,  2.234371856064457E+02,  1.061616318567383E+02,  2.462117877033392E+06,  6.125479907436245E+01,  2.143952971690642E+02,  2.143883351759922E+02,  2.371468171778929E-03,  2.371723251199513E-03,  5.877090537232277E+00,
2462116.500000000, A.D. 2028-Dec-11 00:00:00.0000,  1.292179527799106E-04,  2.371169568386321E-03,  1.290698377080084E+02,  2.234373735727322E+02,  1.003027220140194E+02,  2.462117781343841E+06,  6.125449555297010E+01,  2.815119293632664E+02,  2.814974194846425E+02,  2.371476005660839E-03,  2.371782442935357E-03,  5.877119658730817E+00,
2462117.500000000, A.D. 2028-Dec-12 00:00:00.0000,  1.426597030647970E-04,  2.371120858643373E-03,  1.290702186520487E+02,  2.234381902288510E+02,  1.076054405855627E+02,  2.462117900503714E+06,  6.125514783687208E+01,  3.354670858165730E+02,  3.354602969325502E+02,  2.371459170304439E-03,  2.371797481965505E-03,  5.877057075410415E+00,
2462118.500000000, A.D. 2028-Dec-13 00:00:00.0000,  1.453462923028617E-04,  2.371122785120243E-03,  1.290698402760558E+02,  2.234393543232351E+02,  1.148794765902646E+02,  2.462118019206662E+06,  6.125482629863065E+01,  2.945091238986786E+01,  2.945910280317144E+01,  2.371467469124197E-03,  2.371812153128151E-03,  5.877087925201540E+00,
2462119.500000000, A.D. 2028-Dec-14 00:00:00.0000,  1.266713671697348E-04,  2.371172638602995E-03,  1.290696453388098E+02,  2.234394967182261E+02,  1.212966031581844E+02,  2.462118123915554E+06,  6.125461059832045E+01,  8.429151687834253E+01,  8.430596059078590E+01,  2.371473036334714E-03,  2.371773434066432E-03,  5.877108620618197E+00,
2462120.500000000, A.D. 2028-Dec-15 00:00:00.0000,  1.116537693295844E-04,  2.371191320602362E-03,  1.290700261343806E+02,  2.234403923112194E+02,  1.145770787990519E+02,  2.462118014190063E+06,  6.125526669538448E+01,  1.522689506432171E+02,  1.522749035043663E+02,  2.371456102615019E-03,  2.371720884627675E-03,  5.877045671684679E+00,
2462121.500000000, A.D. 2028-Dec-16 00:00:00.0000,  1.101082801490829E-04,  2.371205169422167E-03,  1.290695999655013E+02,  2.234415116685068E+02,  1.053191822029425E+02,  2.462123740070891E+06,  6.125487208069034E+01,  2.227847441561257E+02,  2.227761746504025E+02,  2.371466287496515E-03,  2.371727405570863E-03,  5.877083532649879E+00,
2462122.500000000, A.D. 2028-Dec-17 00:00:00.0000,  1.322244587117542E-04,  2.371156999572842E-03,  1.290694551902873E+02,  2.234416245371193E+02,  1.017693947444193E+02,  2.462123682076091E+06,  6.125470631131273E+01,  2.875922762193593E+02,  2.875778323195970E+02,  2.371470565984780E-03,  2.371784132396719E-03,  5.877099437394803E+00,
2462123.500000000, A.D. 2028-Dec-18 00:00:00.0000,  1.420821474099318E-04,  2.371118335016071E-03,  1.290698273516481E+02,  2.234425793710546E+02,  1.089652469295747E+02,  2.462123799494690E+06,  6.125529870451321E+01,  3.416543632996679E+02,  3.416492378834131E+02,  2.371455276474240E-03,  2.371792217932408E-03,  5.877042600617923E+00,
2462124.500000000, A.D. 2028-Dec-19 00:00:00.0000,  1.433176069063852E-04,  2.371128147466988E-03,  1.290693735936149E+02,  2.234436532393612E+02,  1.162788298195547E+02,  2.462123918842910E+06,  6.125480493221256E+01,  3.559866419780377E+01,  3.560822547774517E+01,  2.371468020588554E-03,  2.371807893710120E-03,  5.877089975201012E+00,
2462125.500000000, A.D. 2028-Dec-20 00:00:00.0000,  1.220728678109831E-04,  2.371182124034871E-03,  1.290692825088383E+02,  2.234437687415377E+02,  1.211003595627087E+02,  2.462123997504034E+06,  6.125466561417829E+01,  9.203488797118561E+01,  9.204886759425422E+01,  2.371471616376014E-03,  2.371761108717159E-03,  5.877103342095018E+00,
2462126.500000000, A.D. 2028-Dec-21 00:00:00.0000,  1.097740631775695E-04,  2.371197290085017E-03,  1.290696228572091E+02,  2.234447844899472E+02,  1.132720748391268E+02,  2.462123869675748E+06,  6.125520811214955E+01,  1.611210594624490E+02,  1.611251291753308E+02,  2.371457614623027E-03,  2.371717939161038E-03,  5.877051292371603E+00,
2462127.500000000, A.D. 2028-Dec-22 00:00:00.0000,  1.113429305485888E-04,  2.371207506718118E-03,  1.290691514880237E+02,  2.234457860511980E+02,  1.030980623262959E+02,  2.462129580610018E+06,  6.125466805763097E+01,  2.325529240163791E+02,  2.325427953398406E+02,  2.371471553310577E-03,  2.371735599903035E-03,  5.877103107656985E+00,
2462128.500000000, A.D. 2028-Dec-23 00:00:00.0000,  1.359814636877913E-04,  2.371150303750919E-03,  1.290691203986338E+02,  2.234459231912464E+02,  1.018916877072372E+02,  2.462129560866508E+06,  6.125462052641080E+01,  2.950170246551244E+02,  2.950029032124470E+02,  2.371472780090651E-03,  2.371795256430383E-03,  5.877107668062050E+00,
2462129.500000000, A.D. 2028-Dec-24 00:00:00.0000,  1.445392240319791E-04,  2.371116934003600E-03,  1.290694132105957E+02,  2.234469989236356E+02,  1.095069051017609E+02,  2.462129685132254E+06,  6.125512719944830E+01,  3.486597002250533E+02,  3.486564427737624E+02,  2.371459702948887E-03,  2.371802471894174E-03,  5.877059055445768E+00,
2462130.500000000, A.D. 2028-Dec-25 00:00:00.0000,  1.440242943336636E-04,  2.371132846856116E-03,  1.290689209509900E+02,  2.234479193953728E+02,  1.177643366332508E+02,  2.462129819886444E+06,  6.125455788826613E+01,  4.166005517913641E+01,  4.167102700202830E+01,  2.371474396782643E-03,  2.371815946709170E-03,  5.877113677918836E+00,
2462131.500000000, A.D. 2028-Dec-26 00:00:00.0000,  1.198414865681409E-04,  2.371188328895644E-03,  1.290689581843445E+02,  2.234480798735068E+02,  1.212531484346122E+02,  2.462129876792174E+06,  6.125463022814314E+01,  9.942899513429055E+01,  9.944254208556929E+01,  2.371472529688958E-03,  2.371756730482271E-03,  5.877106737224246E+00,
2462132.500000000, A.D. 2028-Dec-27 00:00:00.0000,  1.085081159530748E-04,  2.371202696457295E-03,  1.290691981862270E+02,  2.234492301559511E+02,  1.130470935933609E+02,  2.462129742794781E+06,  6.125511494948989E+01,  1.688929226571869E+02,  1.688953176856795E+02,  2.371460019116027E-03,  2.371717341774759E-03,  5.877060230755438E+00,
2462133.500000000, A.D. 2028-Dec-28 00:00:00.0000,  1.123079869469136E-04,  2.371207575031609E-03,  1.290686813151822E+02,  2.234500551530419E+02,  1.021713361428074E+02,  2.462135442279756E+06,  6.125457672938641E+01,  2.410264756760357E+02,  2.410152176000990E+02,  2.371473910492594E-03,  2.371740245953579E-03,  5.877111870194227E+00,
2462134.500000000, A.D. 2028-Dec-29 00:00:00.0000,  1.367712071436821E-04,  2.371144882848488E-03,  1.290687879540066E+02,  2.234502312522391E+02,  1.028062207649925E+02,  2.462135452589861E+06,  6.125475801339562E+01,  3.016493386028688E+02,  3.016359955148620E+02,  2.371469231557992E-03,  2.371793580267496E-03,  5.877094476828603E+00,
2462135.500000000, A.D. 2028-Dec-30 00:00:00.0000,  1.434394073439153E-04,  2.371116844242561E-03,  1.290689834359501E+02,  2.234514387038430E+02,  1.099818433051086E+02,  2.462135569681079E+06,  6.125523174651961E+01,  3.557316693693230E+02,  3.557304457891988E+02,  2.371457004629847E-03,  2.371797165017133E-03,  5.877049024803574E+00,
2462136.500000000, A.D. 2028-Dec-31 00:00:00.0000,  1.414678624539818E-04,  2.371137072654820E-03,  1.290684460173462E+02,  2.234521886319736E+02,  1.182712504884901E+02,  2.462135704957102E+06,  6.125462906116240E+01,  4.870005778437687E+01,  4.871223797671347E+01,  2.371472559808725E-03,  2.371808046962630E-03,  5.877106849190811E+00,
2462137.500000000, A.D. 2029-Jan-01 00:00:00.0000,  1.178554140976540E-04,  2.371186445388670E-03,  1.290686076448257E+02,  2.234523769303935E+02,  1.195542943228879E+02,  2.462135725858888E+06,  6.125488571922008E+01,  1.086748110660455E+02,  1.086876046627931E+02,  2.371465935488515E-03,  2.371745425588360E-03,  5.877082224104810E+00,
2462138.500000000, A.D. 2029-Jan-02 00:00:00.0000,  1.098287336834576E-04,  2.371196059676360E-03,  1.290687667308456E+02,  2.234536339237068E+02,  1.116695868723483E+02,  2.462135597106486E+06,  6.125525076611893E+01,  1.778174701439130E+02,  1.778179493712191E+02,  2.371456513742248E-03,  2.371716967808138E-03,  5.877047199994823E+00,
2462139.500000000, A.D. 2029-Jan-03 00:00:00.0000,  1.164446846585796E-04,  2.371196186815826E-03,  1.290682259580051E+02,  2.234543164103616E+02,  1.016612451849736E+02,  2.462141310742208E+06,  6.125463788119608E+01,  2.490836417360595E+02,  2.490711781131517E+02,  2.371472332163721E-03,  2.371748477511617E-03,  5.877106002948270E+00,
2462140.500000000, A.D. 2029-Jan-04 00:00:00.0000,  1.390830005592929E-04,  2.371135400682373E-03,  1.290684334652929E+02,  2.234545393472091E+02,  1.043641900615973E+02,  2.462141354813407E+06,  6.125491300753341E+01,  3.076384791290845E+02,  3.076258570180582E+02,  2.371465231182448E-03,  2.371795061682523E-03,  5.877079605936679E+00,
2462141.500000000, A.D. 2029-Jan-05 00:00:00.0000,  1.436866683837437E-04,  2.371116718482151E-03,  1.290685480500823E+02,  2.234558156844835E+02,  1.113049526692102E+02,  2.462141468073298E+06,  6.125521389753747E+01,  1.955676939535834E+00,  1.956238940701224E+00,  2.371457465304554E-03,  2.371798212126958E-03,  5.877050737300133E+00,
2462142.500000000, A.D. 2029-Jan-06 00:00:00.0000,  1.384191484980345E-04,  2.371146715696770E-03,  1.290680234748629E+02,  2.234564383005114E+02,  1.198301594279829E+02,  2.462141607196359E+06,  6.125453555353482E+01,  5.468827233232155E+01,  5.470121705233683E+01,  2.371474973243251E-03,  2.371803230789732E-03,  5.877115820841865E+00,
2462143.500000000, A.D. 2029-Jan-07 00:00:00.0000,  1.142644837012382E-04,  2.371195357621960E-03,  1.290682640453768E+02,  2.234567164967864E+02,  1.189685014355147E+02,  2.462141593086934E+06,  6.125487035648320E+01,  1.168077126630025E+02,  1.168193984067506E+02,  2.371466331998001E-03,  2.371737306374041E-03,  5.877083698078510E+00,
2462144.500000000, A.D. 2029-Jan-08 00:00:00.0000,  1.076009689030828E-04,  2.371206532008005E-03,  1.290683210293316E+02,  2.234580056816107E+02,  1.101413830667993E+02,  2.462147326008184E+06,  6.125504968447394E+01,  1.868927282701362E+02,  1.868912487144908E+02,  2.371461703585028E-03,  2.371716875162050E-03,  5.877066492548249E+00,
2462145.500000000, A.D. 2029-Jan-09 00:00:00.0000,  1.191943107931639E-04,  2.371194865845782E-03,  1.290678222942638E+02,  2.234585569268759E+02,  1.000762254707211E+02,  2.462147161664994E+06,  6.125443639727567E+01,  2.582156473078403E+02,  2.582022769337951E+02,  2.371477532475828E-03,  2.371760199105873E-03,  5.877125334484528E+00,
2462146.500000000, A.D. 2029-Jan-10 00:00:00.0000,  1.414939210547699E-04,  2.371131463810807E-03,  1.290681019011253E+02,  2.234589124496056E+02,  1.047308652177652E+02,  2.462147237594162E+06,  6.125484401075209E+01,  3.148187846764416E+02,  3.148072820025357E+02,  2.371467011976984E-03,  2.371802560143160E-03,  5.877086225814386E+00,
2462147.500000000, A.D. 2029-Jan-11 00:00:00.0000,  1.459349641033829E-04,  2.371116743810517E-03,  1.290680838633329E+02,  2.234602106294728E+02,  1.119340475933209E+02,  2.462147355138545E+06,  6.125500630672108E+01,  8.873489328686397E+00,  8.876069357560766E+00,  2.371462823152486E-03,  2.371808902494455E-03,  5.877070654394819E+00,
2462148.500000000, A.D. 2029-Jan-12 00:00:00.0000,  1.371108560961937E-04,  2.371152544248152E-03,  1.290676124575081E+02,  2.234606745300011E+02,  1.207851959350468E+02,  2.462147499581273E+06,  6.125442992268960E+01,  6.128007879952601E+01,  6.129385880845572E+01,  2.371477699585756E-03,  2.371802854923359E-03,  5.877125955695987E+00,
2462149.500000000, A.D. 2029-Jan-13 00:00:00.0000,  1.135840145632423E-04,  2.371195049761351E-03,  1.290679335445164E+02,  2.234611008689187E+02,  1.183175161943710E+02,  2.462147459257521E+06,  6.125494481612813E+01,  1.250055679095837E+02,  1.250162282097610E+02,  2.371464410209456E-03,  2.371733770657562E-03,  5.877076554074598E+00,
2462150.500000000, A.D. 2029-Jan-14 00:00:00.0000,  1.075830269389964E-04,  2.371207207900572E-03,  1.290678449745977E+02,  2.234624120307715E+02,  1.095970031116065E+02,  2.462153193918092E+06,  6.125502514285531E+01,  1.949839795429994E+02,  1.949807925379175E+02,  2.371462336997059E-03,  2.371717466093545E-03,  5.877068847175060E+00,
2462151.500000000, A.D. 2029-Jan-15 00:00:00.0000,  1.216694494592134E-04,  2.371187014224498E-03,  1.290673961919422E+02,  2.234627919174509E+02,  1.003706250216733E+02,  2.462153043264325E+06,  6.125451319381695E+01,  2.654680950555872E+02,  2.654541965215650E+02,  2.371475550349115E-03,  2.371764086473732E-03,  5.877117966163814E+00,
2462152.500000000, A.D. 2029-Jan-16 00:00:00.0000,  1.405064500170385E-04,  2.371127371707385E-03,  1.290677580952623E+02,  2.234632813816293E+02,  1.060263852501388E+02,  2.462153135536107E+06,  6.125509332586623E+01,  3.210701764506540E+02,  3.210600578063126E+02,  2.371460577214444E-03,  2.371793782721504E-03,  5.877062305412937E+00,
2462153.500000000, A.D. 2029-Jan-17 00:00:00.0000,  1.443351293488976E-04,  2.371118127023225E-03,  1.290676093981488E+02,  2.234645999972359E+02,  1.126235092644540E+02,  2.462153243188756E+06,  6.125509972447242E+01,  1.573099835811485E+01,  1.573548337053347E+01,  2.371460412068547E-03,  2.371802697113868E-03,  5.877061691504750E+00,
2462154.500000000, A.D. 2029-Jan-18 00:00:00.0000,  1.329103219819261E-04,  2.371158053741984E-03,  1.290671849407242E+02,  2.234649116156673E+02,  1.206531409862855E+02,  2.462153374221283E+06,  6.125460243559249E+01,  6.895912773035258E+01,  6.897334348525428E+01,  2.371473247014816E-03,  2.371788440287648E-03,  5.877109403795902E+00,
2462155.500000000, A.D. 2029-Jan-19 00:00:00.0000,  1.129539509740930E-04,  2.371190761529371E-03,  1.290675753830741E+02,  2.234654567044165E+02,  1.163529992067928E+02,  2.462153303987169E+06,  6.125516888148557E+01,  1.345171368243605E+02,  1.345263652035420E+02,  2.371458627150879E-03,  2.371726492772388E-03,  5.877055056309056E+00,
2462156.500000000, A.D. 2029-Jan-20 00:00:00.0000,  1.092314060884747E-04,  2.371202284749455E-03,  1.290673811463893E+02,  2.234667665849618E+02,  1.080015991779797E+02,  2.462159044663385E+06,  6.125506443787564E+01,  2.041264804035545E+02,  2.041213646896630E+02,  2.371461322804229E-03,  2.371720360859003E-03,  5.877065077045326E+00,
2462157.500000000, A.D. 2029-Jan-21 00:00:00.0000,  1.264613144729246E-04,  2.371174495453816E-03,  1.290669970661999E+02,  2.234670365692950E+02,  1.005937211090556E+02,  2.462158923696177E+06,  6.125455794869099E+01,  2.727921200115193E+02,  2.727776457045533E+02,  2.371474395223074E-03,  2.371774294992333E-03,  5.877113672121328E+00,
2462158.500000000, A.D. 2029-Jan-22 00:00:00.0000,  1.421526404915419E-04,  2.371122301276738E-03,  1.290673925053316E+02,  2.234676509144200E+02,  1.072840816817412E+02,  2.462159032859805E+06,  6.125513853068378E+01,  3.273595988197841E+02,  3.273508115277791E+02,  2.371459410493758E-03,  2.371796519710778E-03,  5.877057968282443E+00,
2462159.500000000, A.D. 2029-Jan-23 00:00:00.0000,  1.450211295768103E-04,  2.371120821315482E-03,  1.290671513142890E+02,  2.234689259683426E+02,  1.141965854287089E+02,  2.462159145661042E+06,  6.125493227822597E+01,  2.170500887184793E+01,  2.171115578149642E+01,  2.371464733809931E-03,  2.371808646304380E-03,  5.877077757017905E+00,
2462160.500000000, A.D. 2029-Jan-24 00:00:00.0000,  1.293457073654069E-04,  2.371169212358555E-03,  1.290668186728882E+02,  2.234691643861343E+02,  1.217555409332467E+02,  2.462159269008130E+06,  6.125449760905353E+01,  7.540378854968424E+01,  7.541813269496171E+01,  2.371475952593144E-03,  2.371782692827732E-03,  5.877119461457982E+00,
2462161.500000000, A.D. 2029-Jan-25 00:00:00.0000,  1.103465026956147E-04,  2.371199592637349E-03,  1.290672086162764E+02,  2.234698615740497E+02,  1.158403319398080E+02,  2.462159172407361E+06,  6.125506628636342E+01,  1.425768414014039E+02,  1.425845247518250E+02,  2.371461275095334E-03,  2.371722957553319E-03,  5.877064899693743E+00,
2462162.500000000, A.D. 2029-Jan-26 00:00:00.0000,  1.076868155865802E-04,  2.371212675236578E-03,  1.290669120061494E+02,  2.234710892722320E+02,  1.061964983177421E+02,  2.462164891999786E+06,  6.125480375085418E+01,  2.134785225555321E+02,  2.134717162750513E+02,  2.371468051079264E-03,  2.371723426921949E-03,  5.877090088546401E+00,
2462163.500000000, A.D. 2029-Jan-27 00:00:00.0000,  1.293714816436390E-04,  2.371170463848834E-03,  1.290666457267435E+02,  2.234712933697238E+02,  1.001411627789719E+02,  2.462164793104716E+06,  6.125444674590683E+01,  2.807915860312006E+02,  2.807770228922228E+02,  2.371477265376340E-03,  2.371784066903846E-03,  5.877124341573718E+00,
2462164.500000000, A.D. 2029-Jan-28 00:00:00.0000,  1.433045858211941E-04,  2.371121036007469E-03,  1.290670245086717E+02,  2.234720894208737E+02,  1.075084891848855E+02,  2.462164913319304E+06,  6.125508170185924E+01,  3.346820922915114E+02,  3.346750686589578E+02,  2.371460877226271E-03,  2.371800718445074E-03,  5.877063420667564E+00,
2462165.500000000, A.D. 2029-Jan-29 00:00:00.0000,  1.460133176503363E-04,  2.371122488771029E-03,  1.290666643459354E+02,  2.234732574361356E+02,  1.149869145080880E+02,  2.462165035358306E+06,  6.125477648562520E+01,  2.846152307112168E+01,  2.846949824397848E+01,  2.371468754791620E-03,  2.371815020812211E-03,  5.877092704509044E+00,
2462166.500000000, A.D. 2029-Jan-30 00:00:00.0000,  1.273602085501483E-04,  2.371172487127155E-03,  1.290664592665632E+02,  2.234734175919154E+02,  1.216635526680250E+02,  2.462165144303354E+06,  6.125455316786506E+01,  8.304259232351232E+01,  8.305707954128090E+01,  2.371474518616417E-03,  2.371776550105680E-03,  5.877114130821228E+00,
2462167.500000000, A.D. 2029-Jan-31 00:00:00.0000,  1.111372767775157E-04,  2.371194268158125E-03,  1.290668342258570E+02,  2.234742961281759E+02,  1.150357642999388E+02,  2.462165036073757E+06,  6.125519994077589E+01,  1.509282946525821E+02,  1.509344820778217E+02,  2.371457825522846E-03,  2.371721382887567E-03,  5.877052076363528E+00,
2462168.500000000, A.D. 2029-Feb-01 00:00:00.0000,  1.091225854206902E-04,  2.371208665636664E-03,  1.290664180345665E+02,  2.234754210275922E+02,  1.055490448735213E+02,  2.462170758224187E+06,  6.125482718312034E+01,  2.216728676588291E+02,  2.216645545369553E+02,  2.371467446295644E-03,  2.371726226954625E-03,  5.877087840339271E+00,
2462169.500000000, A.D. 2029-Feb-02 00:00:00.0000,  1.315614090667149E-04,  2.371159880853012E-03,  1.290662696639758E+02,  2.234755430874826E+02,  1.014924243273608E+02,  2.462170691954431E+06,  6.125465559253144E+01,  2.869872418277772E+02,  2.869728230690081E+02,  2.371471875034454E-03,  2.371783869215895E-03,  5.877104303626083E+00,
2462170.500000000, A.D. 2029-Feb-03 00:00:00.0000,  1.419034373013284E-04,  2.371119122602088E-03,  1.290666392271243E+02,  2.234764966051761E+02,  1.086396702312986E+02,  2.462170808578926E+06,  6.125528460760361E+01,  3.410979100616668E+02,  3.410926414159292E+02,  2.371455640308855E-03,  2.371792158015622E-03,  5.877043953123896E+00,
2462171.500000000, A.D. 2029-Feb-04 00:00:00.0000,  1.435520718524136E-04,  2.371126864309401E-03,  1.290661860222121E+02,  2.234775698917493E+02,  1.159880085177997E+02,  2.462170928494481E+06,  6.125483310887840E+01,  3.500747515175141E+01,  3.501691354647124E+01,  2.371467293352692E-03,  2.371807722395983E-03,  5.877087271793102E+00,
2462172.500000000, A.D. 2029-Feb-05 00:00:00.0000,  1.230684720185189E-04,  2.371178519336376E-03,  1.290660880812501E+02,  2.234776787606527E+02,  1.209241803493820E+02,  2.462171009028312E+06,  6.125471380506219E+01,  9.132904404543146E+01,  9.134314280918046E+01,  2.371470372571566E-03,  2.371762225806755E-03,  5.877098718405064E+00,
2462173.500000000, A.D. 2029-Feb-06 00:00:00.0000,  1.107130468082990E-04,  2.371193122439657E-03,  1.290664381894128E+02,  2.234786832549929E+02,  1.133565291405195E+02,  2.462170885455897E+06,  6.125528332072313E+01,  1.601546398061016E+02,  1.601589461880032E+02,  2.371455673522643E-03,  2.371718224605629E-03,  5.877044076591663E+00,
2462174.500000000, A.D. 2029-Feb-07 00:00:00.0000,  1.115213857077157E-04,  2.371205385749096E-03,  1.290659653421505E+02,  2.234797050624517E+02,  1.036262134970787E+02,  2.462176603628131E+06,  6.125473384456077E+01,  2.311428187198963E+02,  2.311328681078371E+02,  2.371469855353529E-03,  2.371734324957962E-03,  5.877096795711028E+00,
2462175.500000000, A.D. 2029-Feb-08 00:00:00.0000,  1.357508871325355E-04,  2.371149858726794E-03,  1.290659194658174E+02,  2.234798275919997E+02,  1.021537728238910E+02,  2.462176579542100E+06,  6.125465895978033E+01,  2.938730168447239E+02,  2.938587908530243E+02,  2.371471788125841E-03,  2.371793717524889E-03,  5.877103980553956E+00,
2462176.500000000, A.D. 2029-Feb-09 00:00:00.0000,  1.442010232034635E-04,  2.371117031462501E-03,  1.290662311626235E+02,  2.234808914400091E+02,  1.096210361742833E+02,  2.462176701393096E+06,  6.125515450213262E+01,  3.476636347984515E+02,  3.476601037693516E+02,  2.371458998276537E-03,  2.371800965090574E-03,  5.877056435919469E+00,
2462177.500000000, A.D. 2029-Feb-10 00:00:00.0000,  1.435479478119814E-04,  2.371132951925794E-03,  1.290657442577483E+02,  2.234818363044201E+02,  1.177783528285342E+02,  2.462176834512849E+06,  6.125459759069705E+01,  4.076414761405645E+01,  4.077488964583237E+01,  2.371473372061644E-03,  2.371813792197495E-03,  5.877109868642324E+00,
2462178.500000000, A.D. 2029-Feb-11 00:00:00.0000,  1.197570380593833E-04,  2.371188801171980E-03,  1.290657617691463E+02,  2.234819890288411E+02,  1.213826153238365E+02,  2.462176893302947E+06,  6.125461968797991E+01,  9.841761693148597E+01,  9.843119194519936E+01,  2.371472801730554E-03,  2.371756802289128E-03,  5.877107748505756E+00,
2462179.500000000, A.D. 2029-Feb-12 00:00:00.0000,  1.083720528825936E-04,  2.371203080766293E-03,  1.290660188552394E+02,  2.234831108359241E+02,  1.129090854071070E+02,  2.462176754938761E+06,  6.125511256094394E+01,  1.681490351734949E+02,  1.681515851861195E+02,  2.371460080763575E-03,  2.371717080760856E-03,  5.877060459922080E+00,
2462180.500000000, A.D. 2029-Feb-13 00:00:00.0000,  1.120820025916578E-04,  2.371209255541274E-03,  1.290655137147070E+02,  2.234839680178298E+02,  1.020008498088338E+02,  2.462182453895373E+06,  6.125453237759101E+01,  2.403150525859253E+02,  2.403038952883295E+02,  2.371475055214559E-03,  2.371740854887844E-03,  5.877116125560371E+00,
2462181.500000000, A.D. 2029-Feb-14 00:00:00.0000,  1.373368263246848E-04,  2.371145540146917E-03,  1.290655973080965E+02,  2.234841444930347E+02,  1.025837653533218E+02,  2.462182463356730E+06,  6.125468056563555E+01,  3.009898912308945E+02,  3.009763988172724E+02,  2.371471230479431E-03,  2.371796920811945E-03,  5.877101907571833E+00,
2462182.500000000, A.D. 2029-Feb-15 00:00:00.0000,  1.445407103153685E-04,  2.371116723087859E-03,  1.290658027751675E+02,  2.234853349499261E+02,  1.099298173563173E+02,  2.462182583229988E+06,  6.125513523602054E+01,  3.549017358257290E+02,  3.549002636914545E+02,  2.371459495527826E-03,  2.371802267967794E-03,  5.877058284385358E+00,
2462183.500000000, A.D. 2029-Feb-16 00:00:00.0000,  1.422881111119115E-04,  2.371136516701205E-03,  1.290652756398778E+02,  2.234861021922059E+02,  1.184088134448462E+02,  2.462182721600587E+06,  6.125457522774552E+01,  4.768052537505498E+01,  4.769258278544843E+01,  2.371473949249995E-03,  2.371811381798785E-03,  5.877112014270184E+00,
2462184.500000000, A.D. 2029-Feb-17 00:00:00.0000,  1.183688152119077E-04,  2.371186614919632E-03,  1.290654248872343E+02,  2.234862962178366E+02,  1.200484737255477E+02,  2.462182748323720E+06,  6.125483197193888E+01,  1.072986362145646E+02,  1.073115861802317E+02,  2.371467322696933E-03,  2.371748030474235E-03,  5.877087380876625E+00,
2462185.500000000, A.D. 2029-Feb-18 00:00:00.0000,  1.098110771479563E-04,  2.371196147481935E-03,  1.290655865001385E+02,  2.234875405493941E+02,  1.120730703097464E+02,  2.462182618091980E+06,  6.125524898620037E+01,  1.765319933105539E+02,  1.765327543923899E+02,  2.371456559681163E-03,  2.371716971880391E-03,  5.877047370766562E+00,
2462186.500000000, A.D. 2029-Feb-19 00:00:00.0000,  1.156312952609194E-04,  2.371197869078933E-03,  1.290650452337321E+02,  2.234882327795834E+02,  1.019529456710985E+02,  2.462188329903107E+06,  6.125464743935201E+01,  2.479099303243453E+02,  2.478976532804096E+02,  2.371472085467850E-03,  2.371746301856768E-03,  5.877105085886496E+00,
2462187.500000000, A.D. 2029-Feb-20 00:00:00.0000,  1.383565101313480E-04,  2.371136628935344E-03,  1.290652470008993E+02,  2.234884466834932E+02,  1.043391321974510E+02,  2.462188368802902E+06,  6.125493217321704E+01,  3.067815371528601E+02,  3.067688375921120E+02,  2.371464736520189E-03,  2.371792844105033E-03,  5.877077767092942E+00,
2462188.500000000, A.D. 2029-Feb-21 00:00:00.0000,  1.431990470608332E-04,  2.371116823859944E-03,  1.290653701405830E+02,  2.234897274789956E+02,  1.111141008430149E+02,  2.462188479356322E+06,  6.125525462452103E+01,  1.264533721932284E+00,  1.264895917396001E+00,  2.371456414158597E-03,  2.371796004457251E-03,  5.877046829805989E+00,
2462189.500000000, A.D. 2029-Feb-22 00:00:00.0000,  1.385093639038763E-04,  2.371144764123192E-03,  1.290648350830010E+02,  2.234903575422062E+02,  1.194637785768400E+02,  2.462188615614739E+06,  6.125460288666849E+01,  5.417266798152042E+01,  5.418553806339828E+01,  2.371473235372538E-03,  2.371801706621884E-03,  5.877109360517146E+00,
2462190.500000000, A.D. 2029-Feb-23 00:00:00.0000,  1.151113055389701E-04,  2.371191386158736E-03,  1.290650749165082E+02,  2.234906157190048E+02,  1.187493634839373E+02,  2.462188603910364E+06,  6.125494643145505E+01,  1.161448690708249E+02,  1.161567094596116E+02,  2.371464368518235E-03,  2.371737350877734E-03,  5.877076399092830E+00,
2462191.500000000, A.D. 2029-Feb-24 00:00:00.0000,  1.088741658995855E-04,  2.371200640109273E-03,  1.290651482679693E+02,  2.234919113825007E+02,  1.103602348939373E+02,  2.462194343973637E+06,  6.125516099448226E+01,  1.857919370215819E+02,  1.857906781542873E+02,  2.371458830711432E-03,  2.371717021313591E-03,  5.877055813018401E+00,
2462192.500000000, A.D. 2029-Feb-25 00:00:00.0000,  1.193573505313857E-04,  2.371192309579411E-03,  1.290646344386817E+02,  2.234924779219305E+02,  1.006253505684324E+02,  2.462194185024885E+06,  6.125452046824673E+01,  2.567846087319415E+02,  2.567712940512502E+02,  2.371475362595541E-03,  2.371758415611671E-03,  5.877117268212354E+00,
2462193.500000000, A.D. 2029-Feb-26 00:00:00.0000,  1.413430836910376E-04,  2.371130889518294E-03,  1.290649094531164E+02,  2.234928029274163E+02,  1.050009627118855E+02,  2.462194256400493E+06,  6.125488012606259E+01,  3.136667785152205E+02,  3.136550609000378E+02,  2.371466079846889E-03,  2.371801270175482E-03,  5.877082760738732E+00,
2462194.500000000, A.D. 2029-Feb-27 00:00:00.0000,  1.455859709589843E-04,  2.371116886746267E-03,  1.290649177488312E+02,  2.234941050277874E+02,  1.120905114258995E+02,  2.462194372090209E+06,  6.125503283890261E+01,  7.835118469733683E+00,  7.837393142792318E+00,  2.371462138364273E-03,  2.371807389982279E-03,  5.877068108783490E+00,
2462195.500000000, A.D. 2029-Feb-28 00:00:00.0000,  1.371319253840168E-04,  2.371152934899226E-03,  1.290644388117186E+02,  2.234945958407071E+02,  1.209498466942283E+02,  2.462194516666284E+06,  6.125441284890287E+01,  6.023352940405889E+01,  6.024717133881742E+01,  2.371478140262606E-03,  2.371803345625986E-03,  5.877127593860332E+00,
2462196.500000000, A.D. 2029-Mar-01 00:00:00.0000,  1.133553598737211E-04,  2.371196526512654E-03,  1.290647472314942E+02,  2.234950033777776E+02,  1.185782142987186E+02,  2.462194477909964E+06,  6.125490860463970E+01,  1.238629403640516E+02,  1.238737256967956E+02,  2.371465344820245E-03,  2.371734163127834E-03,  5.877080028370692E+00,
2462197.500000000, A.D. 2029-Mar-02 00:00:00.0000,  1.071399849988318E-04,  2.371209178563662E-03,  1.290646786169009E+02,  2.234963077133622E+02,  1.096394883750126E+02,  2.462200209011038E+06,  6.125498949333884E+01,  1.940595573502959E+02,  1.940565751996023E+02,  2.371463257101452E-03,  2.371717335639242E-03,  5.877072267543986E+00,
2462198.500000000, A.D. 2029-Mar-03 00:00:00.0000,  1.212251967047330E-04,  2.371189014382068E-03,  1.290642256188553E+02,  2.234967119996017E+02,  1.002441846537921E+02,  2.462200055599245E+06,  6.125447651289880E+01,  2.647125826004017E+02,  2.646987505178056E+02,  2.371476497086908E-03,  2.371763979791748E-03,  5.877121485548770E+00,
2462199.500000000, A.D. 2029-Mar-04 00:00:00.0000,  1.410408799955827E-04,  2.371128162616974E-03,  1.290645768222418E+02,  2.234971913744834E+02,  1.057616189396665E+02,  2.462200145612673E+06,  6.125501356594062E+01,  3.204529869769569E+02,  3.204426949922192E+02,  2.371462635794003E-03,  2.371797108971032E-03,  5.877069957913933E+00,
2462200.500000000, A.D. 2029-Mar-05 00:00:00.0000,  1.450755134433438E-04,  2.371117628959934E-03,  1.290644387220051E+02,  2.234985059623662E+02,  1.125086107326946E+02,  2.462200255711590E+06,  6.125505098653131E+01,  1.496389898273789E+01,  1.496819233512610E+01,  2.371461669979318E-03,  2.371805710998701E-03,  5.877066367623405E+00,
2462201.500000000, A.D. 2029-Mar-06 00:00:00.0000,  1.340310775339552E-04,  2.371156976462307E-03,  1.290640175148868E+02,  2.234988305601737E+02,  1.208714164775811E+02,  2.462200392182667E+06,  6.125454118910623E+01,  6.785884242581042E+01,  6.787306956539658E+01,  2.371474827788819E-03,  2.371792679115332E-03,  5.877115280132470E+00,
2462202.500000000, A.D. 2029-Mar-07 00:00:00.0000,  1.135942801945964E-04,  2.371189549906083E-03,  1.290643999764369E+02,  2.234993748786203E+02,  1.168472536690843E+02,  2.462200326454822E+06,  6.125515698956996E+01,  1.331408511087414E+02,  1.331503483254393E+02,  2.371458934076710E-03,  2.371728318247338E-03,  5.877056197265119E+00,
2462203.500000000, A.D. 2029-Mar-08 00:00:00.0000,  1.090074949790701E-04,  2.371202497083974E-03,  1.290642074954667E+02,  2.235006818210559E+02,  1.085515812932853E+02,  2.462206068040531E+06,  6.125507678582760E+01,  2.026944800858179E+02,  2.026896613187006E+02,  2.371461004107472E-03,  2.371719511130970E-03,  5.877063892331812E+00,
2462204.500000000, A.D. 2029-Mar-09 00:00:00.0000,  1.253492476522034E-04,  2.371175720565585E-03,  1.290638142702153E+02,  2.235009510502336E+02,  1.009448942337730E+02,  2.462205943827343E+06,  6.125461266786235E+01,  2.715589153224157E+02,  2.715445566120454E+02,  2.371472982919821E-03,  2.371770245274058E-03,  5.877108422054826E+00,
2462205.500000000, A.D. 2029-Mar-10 00:00:00.0000,  1.413998304135010E-04,  2.371122887946672E-03,  1.290642158799988E+02,  2.235015524743525E+02,  1.073107519624436E+02,  2.462206047693331E+06,  6.125518497685556E+01,  3.264509437174719E+02,  3.264419876726689E+02,  2.371458211735643E-03,  2.371793535524615E-03,  5.877053512058140E+00,
2462206.500000000, A.D. 2029-Mar-11 00:00:00.0000,  1.443878278643950E-04,  2.371120423068196E-03,  1.290639799007590E+02,  2.235028436235713E+02,  1.139529257672833E+02,  2.462206156082071E+06,  6.125500590830190E+01,  2.106669478170357E+01,  2.107264318227490E+01,  2.371462833435577E-03,  2.371805243802959E-03,  5.877070692620881E+00,
2462207.500000000, A.D. 2029-Mar-12 00:00:00.0000,  1.295070088402648E-04,  2.371167869283761E-03,  1.290636354594699E+02,  2.235030797526247E+02,  1.215937387094817E+02,  2.462206280765421E+06,  6.125453483004751E+01,  7.468364697221669E+01,  7.469796089349313E+01,  2.371474991916503E-03,  2.371782114549245E-03,  5.877115890257439E+00,
2462208.500000000, A.D. 2029-Mar-13 00:00:00.0000,  1.109357417729050E-04,  2.371196951061512E-03,  1.290640327452164E+02,  2.235037577045696E+02,  1.158138042916068E+02,  2.462206186374203E+06,  6.125511449915145E+01,  1.417214130759909E+02,  1.417292873065536E+02,  2.371460030739107E-03,  2.371723110416701E-03,  5.877060273962707E+00,
2462209.500000000, A.D. 2029-Mar-14 00:00:00.0000,  1.082540613616369E-04,  2.371210015906476E-03,  1.290637510436495E+02,  2.235049984754563E+02,  1.063957252642887E+02,  2.462211909647594E+06,  6.125485467199037E+01,  2.123973868409637E+02,  2.123907411457108E+02,  2.371466736812120E-03,  2.371723457717764E-03,  5.877085202923761E+00,
2462210.500000000, A.D. 2029-Mar-15 00:00:00.0000,  1.292910788134931E-04,  2.371169979514234E-03,  1.290634635197889E+02,  2.235052102685485E+02,  1.003497817077097E+02,  2.462211810907501E+06,  6.125447290213985E+01,  2.797010520076914E+02,  2.796864478023099E+02,  2.371476590280972E-03,  2.371783201047710E-03,  5.877121831986637E+00,
2462211.500000000, A.D. 2029-Mar-16 00:00:00.0000,  1.436567360464995E-04,  2.371120583866049E-03,  1.290638474573578E+02,  2.235059717137505E+02,  1.077198487528988E+02,  2.462211931166945E+06,  6.125506686153411E+01,  3.335888399850249E+02,  3.335815164179899E+02,  2.371461260250357E-03,  2.371801936634666E-03,  5.877064844509484E+00,
2462212.500000000, A.D. 2029-Mar-17 00:00:00.0000,  1.462357467005275E-04,  2.371122626222628E-03,  1.290635100990033E+02,  2.235071609070407E+02,  1.151670416722627E+02,  2.462212052696168E+06,  6.125475071906411E+01,  2.739948471460578E+01,  2.740719757616670E+01,  2.371469419824014E-03,  2.371816213425399E-03,  5.877095176684123E+00,
2462213.500000000, A.D. 2029-Mar-18 00:00:00.0000,  1.273305584909963E-04,  2.371174688701102E-03,  1.290632894271344E+02,  2.235073402257790E+02,  1.221795189651379E+02,  2.462212167122004E+06,  6.125447058264373E+01,  8.164473599201753E+01,  8.165917246534812E+01,  2.371476650147413E-03,  2.371778611593725E-03,  5.877122054533028E+00,
2462214.500000000, A.D. 2029-Mar-19 00:00:00.0000,  1.102575178277159E-04,  2.371198809780902E-03,  1.290636603993177E+02,  2.235081979415106E+02,  1.154762700509837E+02,  2.462212057659240E+06,  6.125510479867356E+01,  1.496058391949045E+02,  1.496122308489253E+02,  2.371460281105124E-03,  2.371721752429347E-03,  5.877061204665437E+00,
2462215.500000000, A.D. 2029-Mar-20 00:00:00.0000,  1.083139613749222E-04,  2.371212301295206E-03,  1.290632632957457E+02,  2.235093256849455E+02,  1.054728987625347E+02,  2.462217771381720E+06,  6.125476061097591E+01,  2.208670565053592E+02,  2.208589361772422E+02,  2.371469164514693E-03,  2.371726027734181E-03,  5.877094227603488E+00,
2462216.500000000, A.D. 2029-Mar-21 00:00:00.0000,  1.310974947229838E-04,  2.371162502329966E-03,  1.290631035942840E+02,  2.235094654778439E+02,  1.011786695312072E+02,  2.462217701232126E+06,  6.125459664186348E+01,  2.864190106853657E+02,  2.864045999724200E+02,  2.371473396551056E-03,  2.371784290772146E-03,  5.877109959678744E+00,
2462217.500000000, A.D. 2029-Mar-22 00:00:00.0000,  1.422303276180448E-04,  2.371119414321484E-03,  1.290634682450640E+02,  2.235104014013504E+02,  1.084757423191951E+02,  2.462217820301404E+06,  6.125524326333134E+01,  3.403798595738085E+02,  3.403743859381379E+02,  2.371456707385907E-03,  2.371794000450331E-03,  5.877047919839107E+00,
2462218.500000000, A.D. 2029-Mar-23 00:00:00.0000,  1.441796192370978E-04,  2.371125773016845E-03,  1.290630226820413E+02,  2.235114826624939E+02,  1.158424685397533E+02,  2.462217940517338E+06,  6.125481772821329E+01,  3.427100847831977E+01,  3.428031340301943E+01,  2.371467690325470E-03,  2.371809607634094E-03,  5.877088747489456E+00,
2462219.500000000, A.D. 2029-Mar-24 00:00:00.0000,  1.238389976865392E-04,  2.371177105060442E-03,  1.290629170999429E+02,  2.235115944496471E+02,  1.210876500290154E+02,  2.462218026095462E+06,  6.125469780138361E+01,  9.028357702561436E+01,  9.029776774459968E+01,  2.371470785625576E-03,  2.371764466190711E-03,  5.877100253882378E+00,
2462220.500000000, A.D. 2029-Mar-25 00:00:00.0000,  1.111475407675200E-04,  2.371191732281837E-03,  1.290632709034603E+02,  2.235125945443480E+02,  1.137629071934846E+02,  2.462217906489525E+06,  6.125529726187701E+01,  1.588662551126569E+02,  1.588708466397619E+02,  2.371455313707996E-03,  2.371718895134154E-03,  5.877042739029370E+00,
2462221.500000000, A.D. 2029-Mar-26 00:00:00.0000,  1.114103158353573E-04,  2.371204214025854E-03,  1.290627961210975E+02,  2.235136253343676E+02,  1.042059013169560E+02,  2.462223627488467E+06,  6.125478945430211E+01,  2.296811418996920E+02,  2.296714087512337E+02,  2.371468420071528E-03,  2.371732626117202E-03,  5.877091460228930E+00,
2462222.500000000, A.D. 2029-Mar-27 00:00:00.0000,  1.348217258408265E-04,  2.371150252764562E-03,  1.290627401436076E+02,  2.235137346637479E+02,  1.024501020257593E+02,  2.462223598777269E+06,  6.125472907560802E+01,  2.926946960750392E+02,  2.926804419072610E+02,  2.371469978439835E-03,  2.371789704115109E-03,  5.877097253269119E+00,
2462223.500000000, A.D. 2029-Mar-28 00:00:00.0000,  1.430091766758955E-04,  2.371117236246899E-03,  1.290630679300434E+02,  2.235147885112800E+02,  1.097477697445563E+02,  2.462223717859649E+06,  6.125525609249690E+01,  3.466549514060480E+02,  3.466511682367437E+02,  2.371456376270792E-03,  2.371795516294686E-03,  5.877046688963171E+00,
2462224.500000000, A.D. 2029-Mar-29 00:00:00.0000,  1.427649014247712E-04,  2.371132439178640E-03,  1.290625778531694E+02,  2.235157579304104E+02,  1.175575802845531E+02,  2.462223845307217E+06,  6.125468941791546E+01,  4.010300306549214E+01,  4.011354279879799E+01,  2.371471002002473E-03,  2.371809564826306E-03,  5.877101058236841E+00,
2462225.500000000, A.D. 2029-Mar-30 00:00:00.0000,  1.196949946175992E-04,  2.371187877101989E-03,  1.290625787510576E+02,  2.235158917788701E+02,  1.212060173311981E+02,  2.462223904818420E+06,  6.125466119642911E+01,  9.771230723093134E+01,  9.772589892411601E+01,  2.371471730397995E-03,  2.371755583694001E-03,  5.877103765957757E+00,
2462226.500000000, A.D. 2029-Mar-31 00:00:00.0000,  1.087183611751062E-04,  2.371201374724010E-03,  1.290628586181900E+02,  2.235169981698071E+02,  1.127981692578360E+02,  2.462223767526906E+06,  6.125514684588774E+01,  1.673780406097387E+02,  1.673807625818992E+02,  2.371459195881379E-03,  2.371717017038750E-03,  5.877057170489306E+00,
2462227.500000000, A.D. 2029-Apr-01 00:00:00.0000,  1.122955770092436E-04,  2.371208414475934E-03,  1.290623585570479E+02,  2.235178860786487E+02,  1.021110339156199E+02,  2.462229470090985E+06,  6.125454534216865E+01,  2.393229724406620E+02,  2.393119059133470E+02,  2.371474720598046E-03,  2.371741026720158E-03,  5.877114881663647E+00,
2462228.500000000, A.D. 2029-Apr-02 00:00:00.0000,  1.374899356559607E-04,  2.371145456881289E-03,  1.290624202579998E+02,  2.235180535443566E+02,  1.026349298243092E+02,  2.462229478589617E+06,  6.125466972225610E+01,  3.000568162372878E+02,  3.000431784904840E+02,  2.371471510346656E-03,  2.371797563812023E-03,  5.877102947943880E+00,
2462229.500000000, A.D. 2029-Apr-03 00:00:00.0000,  1.448696763137959E-04,  2.371116591790681E-03,  1.290626432328485E+02,  2.235192239278451E+02,  1.100636393560965E+02,  2.462229599812197E+06,  6.125511009323871E+01,  3.538859928863779E+02,  3.538842244595170E+02,  2.371460144454200E-03,  2.371803697117718E-03,  5.877060696683598E+00,
2462230.500000000, A.D. 2029-Apr-04 00:00:00.0000,  1.425685512065280E-04,  2.371136396699230E-03,  1.290621233074548E+02,  2.235200185179062E+02,  1.185432946532660E+02,  2.462229738193482E+06,  6.125455410681334E+01,  4.666411859293518E+01,  4.667600276183589E+01,  2.371474494382117E-03,  2.371812592065004E-03,  5.877114040733131E+00,
2462231.500000000, A.D. 2029-Apr-05 00:00:00.0000,  1.182940238408527E-04,  2.371188914522558E-03,  1.290622573088312E+02,  2.235202133508937E+02,  1.206066741074844E+02,  2.462229771832001E+06,  6.125474973643261E+01,  1.058584982627536E+02,  1.058715373033772E+02,  2.371469445185645E-03,  2.371749975848732E-03,  5.877095270962833E+00,
2462232.500000000, A.D. 2029-Apr-06 00:00:00.0000,  1.091494057061338E-04,  2.371199218039691E-03,  1.290624257296958E+02,  2.235214428129157E+02,  1.123969830585569E+02,  2.462229637775563E+06,  6.125519080638752E+01,  1.753261039961496E+02,  1.753271230322982E+02,  2.371458061277737E-03,  2.371716904515782E-03,  5.877052952750906E+00,
2462233.500000000, A.D. 2029-Apr-07 00:00:00.0000,  1.145641121071394E-04,  2.371202003766745E-03,  1.290618930065972E+02,  2.235221481180339E+02,  1.018580447328722E+02,  2.462235342754709E+06,  6.125458528994316E+01,  2.471228245357838E+02,  2.471107297792578E+02,  2.371473689544373E-03,  2.371745375322002E-03,  5.877111048845924E+00,
2462234.500000000, A.D. 2029-Apr-08 00:00:00.0000,  1.376927406802630E-04,  2.371138566229746E-03,  1.290620836165695E+02,  2.235223647443251E+02,  1.041157044155913E+02,  2.462235379554798E+06,  6.125491809954177E+01,  3.061229428678229E+02,  3.061101964898078E+02,  2.371465099758760E-03,  2.371791633287773E-03,  5.877079117385891E+00,
2462235.500000000, A.D. 2029-Apr-09 00:00:00.0000,  1.432219589745708E-04,  2.371116775489471E-03,  1.290622086544668E+02,  2.235236419745194E+02,  1.108431647686529E+02,  2.462235489332321E+06,  6.125525439340559E+01,  6.534514177598446E-01,  6.536386243991607E-01,  2.371456420123584E-03,  2.371796064757697E-03,  5.877046851980025E+00,
2462236.500000000, A.D. 2029-Apr-10 00:00:00.0000,  1.389700472076485E-04,  2.371142245812782E-03,  1.290616668817861E+02,  2.235242764513868E+02,  1.190807366024945E+02,  2.462235623761558E+06,  6.125465813698840E+01,  5.367368620520907E+01,  5.368651743652076E+01,  2.371471809362080E-03,  2.371801372911379E-03,  5.877104059497073E+00,
2462237.500000000, A.D. 2029-Apr-11 00:00:00.0000,  1.159017775576064E-04,  2.371188889447623E-03,  1.290619088563266E+02,  2.235245238178648E+02,  1.188480337105635E+02,  2.462235619920782E+06,  6.125497053888181E+01,  1.151641971215926E+02,  1.151762172510062E+02,  2.371463746311233E-03,  2.371738603174844E-03,  5.877074086118264E+00,
2462238.500000000, A.D. 2029-Apr-12 00:00:00.0000,  1.097256474868523E-04,  2.371196663303156E-03,  1.290619905522080E+02,  2.235258260062354E+02,  1.107897548051587E+02,  2.462241365380635E+06,  6.125523684872847E+01,  1.844804305101583E+02,  1.844794484099421E+02,  2.371456872944027E-03,  2.371717082584899E-03,  5.877048535279198E+00,
2462239.500000000, A.D. 2029-Apr-13 00:00:00.0000,  1.189628035477776E-04,  2.371192153521666E-03,  1.290614690534121E+02,  2.235263982391853E+02,  1.010224651528500E+02,  2.462241205905159E+06,  6.125456277137241E+01,  2.555055253490241E+02,  2.554923275937306E+02,  2.371474270749456E-03,  2.371756387977246E-03,  5.877113209405645E+00,
2462240.500000000, A.D. 2029-Apr-14 00:00:00.0000,  1.404588150522743E-04,  2.371131124494983E-03,  1.290617404432440E+02,  2.235267024658822E+02,  1.052254012641511E+02,  2.462241274462020E+06,  6.125495228076377E+01,  3.125603659608315E+02,  3.125485092464011E+02,  2.371464217548918E-03,  2.371797310602853E-03,  5.877075837883769E+00,
2462241.500000000, A.D. 2029-Apr-15 00:00:00.0000,  1.448600715995163E-04,  2.371117009513069E-03,  1.290617670541081E+02,  2.235280081115069E+02,  1.121302739046215E+02,  2.462241387137134E+06,  6.125509478879989E+01,  6.913425551039250E+00,  6.915424012165748E+00,  2.371460539456611E-03,  2.371804069400152E-03,  5.877062165053146E+00,
2462242.500000000, A.D. 2029-Apr-16 00:00:00.0000,  1.368070242665437E-04,  2.371152015632715E-03,  1.290612724591486E+02,  2.235285178870811E+02,  1.207433480564109E+02,  2.462241527693748E+06,  6.125447832683634E+01,  5.955811223727124E+01,  5.957162917158249E+01,  2.371476450268995E-03,  2.371800884905274E-03,  5.877121311508739E+00,
2462243.500000000, A.D. 2029-Apr-17 00:00:00.0000,  1.129854966530669E-04,  2.371197804610558E-03,  1.290615759995642E+02,  2.235288972983955E+02,  1.186321933464767E+02,  2.462241493187830E+06,  6.125489306692418E+01,  1.229270648667099E+02,  1.229379314222735E+02,  2.371465745845648E-03,  2.371733687080738E-03,  5.877081519131560E+00,
2462244.500000000, A.D. 2029-Apr-18 00:00:00.0000,  1.071371365394632E-04,  2.371209273235165E-03,  1.290615330838790E+02,  2.235302027684955E+02,  1.096065998625111E+02,  2.462247222871673E+06,  6.125498608664454E+01,  1.932105335332959E+02,  1.932077282354032E+02,  2.371463345027359E-03,  2.371717416819553E-03,  5.877072594397193E+00,
2462245.500000000, A.D. 2029-Apr-19 00:00:00.0000,  1.212627138482906E-04,  2.371190806940161E-03,  1.290610786277324E+02,  2.235306355180558E+02,  9.992295219664766E+01,  2.462247064754107E+06,  6.125440360519062E+01,  2.641519203959637E+02,  2.641380972454442E+02,  2.371478378844212E-03,  2.371765950748263E-03,  5.877128480759447E+00,
2462246.500000000, A.D. 2029-Apr-20 00:00:00.0000,  1.416380664793998E-04,  2.371128694343241E-03,  1.290614125817384E+02,  2.235311001972802E+02,  1.055689331944272E+02,  2.462247156865692E+06,  6.125493808254837E+01,  3.197637327131304E+02,  3.197532473328222E+02,  2.371464584001643E-03,  2.371800473660045E-03,  5.877077200124777E+00,
2462247.500000000, A.D. 2029-Apr-21 00:00:00.0000,  1.460062295531929E-04,  2.371117415460878E-03,  1.290612932665604E+02,  2.235324025510762E+02,  1.126173178844776E+02,  2.462247271883973E+06,  6.125497373078592E+01,  1.397324121232255E+01,  1.397728196067026E+01,  2.371463663928971E-03,  2.371809912397064E-03,  5.877073779872815E+00,
2462248.500000000, A.D. 2029-Apr-22 00:00:00.0000,  1.348476521868351E-04,  2.371156387791899E-03,  1.290608684679463E+02,  2.235327521169549E+02,  1.211099601559122E+02,  2.462247410474579E+06,  6.125448896153355E+01,  6.673832284905264E+01,  6.675252008232737E+01,  2.371476175786421E-03,  2.371795963780942E-03,  5.877120291152408E+00,
2462249.500000000, A.D. 2029-Apr-23 00:00:00.0000,  1.132592310775952E-04,  2.371192343964963E-03,  1.290612391936190E+02,  2.235332863807744E+02,  1.174038091784263E+02,  2.462247349936181E+06,  6.125507950963569E+01,  1.317023301928394E+02,  1.317120192114767E+02,  2.371460933806856E-03,  2.371729523648750E-03,  5.877063630998478E+00,
2462250.500000000, A.D. 2029-Apr-24 00:00:00.0000,  1.082878947910238E-04,  2.371205234427503E-03,  1.290610566902208E+02,  2.235345901531131E+02,  1.088882526649068E+02,  2.462253087937296E+06,  6.125503684148201E+01,  2.014758055581932E+02,  2.014712631368411E+02,  2.371462035058857E-03,  2.371718835690211E-03,  5.877067724759042E+00,
2462251.500000000, A.D. 2029-Apr-25 00:00:00.0000,  1.245211388628149E-04,  2.371178879544394E-03,  1.290606637683166E+02,  2.235348711429715E+02,  1.007733432070602E+02,  2.462252955426763E+06,  6.125456635678352E+01,  2.708484647898212E+02,  2.708341972501662E+02,  2.371474178209848E-03,  2.371769476875302E-03,  5.877112865400808E+00,
2462252.500000000, A.D. 2029-Apr-26 00:00:00.0000,  1.409827384189796E-04,  2.371124085750776E-03,  1.290610596818729E+02,  2.235354677176695E+02,  1.070751375303711E+02,  2.462253058246040E+06,  6.125517689004950E+01,  3.258045400964065E+02,  3.257954591319282E+02,  2.371458420452938E-03,  2.371792755155100E-03,  5.877054287936922E+00,
2462253.500000000, A.D. 2029-Apr-27 00:00:00.0000,  1.442886042707429E-04,  2.371119860082605E-03,  1.290608274655292E+02,  2.235367603065940E+02,  1.137069169117302E+02,  2.462253166464901E+06,  6.125503684261088E+01,  2.043070479381463E+01,  2.043647745311957E+01,  2.371462035029721E-03,  2.371804209976837E-03,  5.877067724650733E+00,
2462254.500000000, A.D. 2029-Apr-28 00:00:00.0000,  1.300777767309905E-04,  2.371164877865647E-03,  1.290604702140935E+02,  2.235369951103235E+02,  1.212589563470515E+02,  2.462253289700205E+06,  6.125459829641346E+01,  7.413642775254321E+01,  7.415076652132838E+01,  2.371473353847092E-03,  2.371781829828537E-03,  5.877109800931933E+00,
2462255.500000000, A.D. 2029-Apr-29 00:00:00.0000,  1.117657071963366E-04,  2.371193122024810E-03,  1.290608755714904E+02,  2.235376534797473E+02,  1.157195457220841E+02,  2.462253199236305E+06,  6.125518660459873E+01,  1.409337094726301E+02,  1.409417800696880E+02,  2.371458169724235E-03,  2.371723217423661E-03,  5.877053355886324E+00,
2462256.500000000, A.D. 2029-Apr-30 00:00:00.0000,  1.090608755811467E-04,  2.371205851873385E-03,  1.290606033303474E+02,  2.235389144127402E+02,  1.068207096004368E+02,  2.462258930979864E+06,  6.125494188479045E+01,  2.110904696917812E+02,  2.110840168727640E+02,  2.371464485866622E-03,  2.371723119859860E-03,  5.877076835320413E+00,
2462257.500000000, A.D. 2029-May-01 00:00:00.0000,  1.292147210522980E-04,  2.371169078200744E-03,  1.290602973358707E+02,  2.235391260123498E+02,  1.006641879415895E+02,  2.462258830436892E+06,  6.125451484441863E+01,  2.785047336676094E+02,  2.784900892236811E+02,  2.371475507746960E-03,  2.371781937293175E-03,  5.877117807795393E+00,
2462258.500000000, A.D. 2029-May-02 00:00:00.0000,  1.433684763131037E-04,  2.371120394056070E-03,  1.290606907567406E+02,  2.235398600045133E+02,  1.079419611886166E+02,  2.462258949190229E+06,  6.125510070667024E+01,  3.324848073133900E+02,  3.324772162595102E+02,  2.371460386718351E-03,  2.371800379380631E-03,  5.877061597268725E+00,
2462259.500000000, A.D. 2029-May-03 00:00:00.0000,  1.457884500166363E-04,  2.371122826016791E-03,  1.290603712339433E+02,  2.235410707514680E+02,  1.152493838151940E+02,  2.462259068437909E+06,  6.125478408152706E+01,  2.643524269965730E+01,  2.644268124757313E+01,  2.371468558742233E-03,  2.371814291467675E-03,  5.877091975719937E+00,
2462260.500000000, A.D. 2029-May-04 00:00:00.0000,  1.271460021469337E-04,  2.371174871751652E-03,  1.290601271857679E+02,  2.235412585594499E+02,  1.222262830260466E+02,  2.462259182282882E+06,  6.125448044904698E+01,  8.071607746089698E+01,  8.073045683782068E+01,  2.371476395494525E-03,  2.371777919237398E-03,  5.877121107891154E+00,
2462261.500000000, A.D. 2029-May-05 00:00:00.0000,  1.098593074157484E-04,  2.371200329990686E-03,  1.290605047487016E+02,  2.235420850597400E+02,  1.154825991748862E+02,  2.462259072158948E+06,  6.125508248405681E+01,  1.487176039251737E+02,  1.487241400525644E+02,  2.371460857038004E-03,  2.371721384085322E-03,  5.877063345620326E+00,
2462262.500000000, A.D. 2029-May-06 00:00:00.0000,  1.082394758040784E-04,  2.371212917211075E-03,  1.290601290415780E+02,  2.235432316420652E+02,  1.054030525133790E+02,  2.462264784639439E+06,  6.125474358948298E+01,  2.200549969531106E+02,  2.200470159560351E+02,  2.371469603837880E-03,  2.371726290464685E-03,  5.877095860732809E+00,
2462263.500000000, A.D. 2029-May-07 00:00:00.0000,  1.312755096449455E-04,  2.371164120187920E-03,  1.290599536803886E+02,  2.235433888836269E+02,  1.008589006266208E+02,  2.462264710410944E+06,  6.125451759189065E+01,  2.858568615532330E+02,  2.858423902684427E+02,  2.371475436834501E-03,  2.371786753481083E-03,  5.877117544186809E+00,
2462264.500000000, A.D. 2029-May-08 00:00:00.0000,  1.429815874273851E-04,  2.371119542863400E-03,  1.290603153241966E+02,  2.235443030373496E+02,  1.083592809327983E+02,  2.462264832798582E+06,  6.125516924452047E+01,  3.396143665416994E+02,  3.396086582634170E+02,  2.371458617781088E-03,  2.371797692698776E-03,  5.877055021478101E+00,
2462265.500000000, A.D. 2029-May-09 00:00:00.0000,  1.451494543909339E-04,  2.371125052603967E-03,  1.290598835982758E+02,  2.235453928282670E+02,  1.158651889644596E+02,  2.462264955286462E+06,  6.125475652107587E+01,  3.336629511637079E+01,  3.337544442493265E+01,  2.371469270074623E-03,  2.371813487545279E-03,  5.877094620009387E+00,
2462266.500000000, A.D. 2029-May-10 00:00:00.0000,  1.246682469678288E-04,  2.371175744259837E-03,  1.290597671738862E+02,  2.235455146686416E+02,  1.213091733785946E+02,  2.462265044110281E+06,  6.125467432922519E+01,  8.918005055904706E+01,  8.919433505668482E+01,  2.371471391440943E-03,  2.371767038622048E-03,  5.877102505926483E+00,
2462267.500000000, A.D. 2029-May-11 00:00:00.0000,  1.112767024686624E-04,  2.371191773991411E-03,  1.290601208868714E+02,  2.235465082374474E+02,  1.142510657134617E+02,  2.462264928857131E+06,  6.125528377656786E+01,  1.574960860399817E+02,  1.575009659559831E+02,  2.371455661757501E-03,  2.371719549523592E-03,  5.877044032856340E+00,
2462268.500000000, A.D. 2029-May-12 00:00:00.0000,  1.110687386589926E-04,  2.371203943325984E-03,  1.290596465645129E+02,  2.235475444225167E+02,  1.047578241253985E+02,  2.462270650896282E+06,  6.125483133205968E+01,  2.282472109957376E+02,  2.282377168110814E+02,  2.371467339212121E-03,  2.371730735098259E-03,  5.877087442269756E+00,
2462269.500000000, A.D. 2029-May-13 00:00:00.0000,  1.339504406747589E-04,  2.371152100026420E-03,  1.290595874819230E+02,  2.235476493364168E+02,  1.024346302838165E+02,  2.462270612923637E+06,  6.125473756048789E+01,  2.918281546627535E+02,  2.918139047019525E+02,  2.371469759445745E-03,  2.371787418865069E-03,  5.877096439185734E+00,
2462270.500000000, A.D. 2029-May-14 00:00:00.0000,  1.421177144407460E-04,  2.371117691870186E-03,  1.290599218548551E+02,  2.235486982899585E+02,  1.096591914998956E+02,  2.462270730812039E+06,  6.125532035852844E+01,  3.458615346280239E+02,  3.458575559497594E+02,  2.371454717594550E-03,  2.371791743318913E-03,  5.877040523058467E+00,
2462271.500000000, A.D. 2029-May-15 00:00:00.0000,  1.427355882788376E-04,  2.371131243562486E-03,  1.290594283054731E+02,  2.235496799849720E+02,  1.172607166081002E+02,  2.462270854860065E+06,  6.125473844213756E+01,  3.951787797535705E+01,  3.952828722770411E+01,  2.371469736690438E-03,  2.371808229818390E-03,  5.877096354595704E+00,
2462272.500000000, A.D. 2029-May-16 00:00:00.0000,  1.203554341574625E-04,  2.371184009732859E-03,  1.290594168881251E+02,  2.235497966968266E+02,  1.208168750019767E+02,  2.462270912866478E+06,  6.125475036487613E+01,  9.721946767483392E+01,  9.723314979294355E+01,  2.371469428965574E-03,  2.371754848198288E-03,  5.877095210666734E+00,
2462273.500000000, A.D. 2029-May-17 00:00:00.0000,  1.096003504613743E-04,  2.371197388710733E-03,  1.290597158103553E+02,  2.235508982043774E+02,  1.128492689946112E+02,  2.462270782762354E+06,  6.125522025341316E+01,  1.664449904984136E+02,  1.664479337345475E+02,  2.371457301262056E-03,  2.371717213813379E-03,  5.877050127494083E+00,
2462274.500000000, A.D. 2029-May-18 00:00:00.0000,  1.128649241715462E-04,  2.371204553157489E-03,  1.290592108443841E+02,  2.235518096747686E+02,  1.026834853773750E+02,  2.462276493830775E+06,  6.125464264583097E+01,  2.378686083512098E+02,  2.378576568009604E+02,  2.371472209188554E-03,  2.371739865219618E-03,  5.877105545803095E+00,
2462275.500000000, A.D. 2029-May-19 00:00:00.0000,  1.376008583737510E-04,  2.371145179630447E-03,  1.290592605216922E+02,  2.235519607229851E+02,  1.027578554096648E+02,  2.462276494993774E+06,  6.125467027253693E+01,  2.990519844249219E+02,  2.990381993017718E+02,  2.371471496143926E-03,  2.371797812657405E-03,  5.877102895146972E+00,
2462276.500000000, A.D. 2029-May-20 00:00:00.0000,  1.447157681125795E-04,  2.371116538470272E-03,  1.290595035257412E+02,  2.235531128260272E+02,  1.102559379910076E+02,  2.462276617348839E+06,  6.125512630299301E+01,  3.528117820275494E+02,  3.528097066115501E+02,  2.371459726086080E-03,  2.371802913701889E-03,  5.877059141455233E+00,
2462277.500000000, A.D. 2029-May-21 00:00:00.0000,  1.429139816905102E-04,  2.371136827255334E-03,  1.290589939237055E+02,  2.235539358232026E+02,  1.187976634063478E+02,  2.462276756742990E+06,  6.125450567941474E+01,  4.552784071958047E+01,  4.553952847271819E+01,  2.371475744296434E-03,  2.371814661337534E-03,  5.877118687139809E+00,
2462278.500000000, A.D. 2029-May-22 00:00:00.0000,  1.182251483945533E-04,  2.371190234182937E-03,  1.290591043741271E+02,  2.235541279224515E+02,  1.209480272632171E+02,  2.462276791801140E+06,  6.125470492959903E+01,  1.046352171390219E+02,  1.046483246886965E+02,  2.371470601646730E-03,  2.371750969110523E-03,  5.877099569963703E+00,
2462279.500000000, A.D. 2029-May-23 00:00:00.0000,  1.082444629353663E-04,  2.371203356120257E-03,  1.290592855560677E+02,  2.235553374887452E+02,  1.125506236649761E+02,  2.462276654678056E+06,  6.125511361572162E+01,  1.742905189684100E+02,  1.742917527970851E+02,  2.371460053540126E-03,  2.371716750959994E-03,  5.877060358722494E+00,
2462280.500000000, A.D. 2029-May-24 00:00:00.0000,  1.139819525848540E-04,  2.371204355202817E-03,  1.290587599741392E+02,  2.235560656514166E+02,  1.017932960194840E+02,  2.462282356097073E+06,  6.125454767005683E+01,  2.463056133403789E+02,  2.462936537033301E+02,  2.371474660515128E-03,  2.371744965827438E-03,  5.877114658312618E+00,
2462281.500000000, A.D. 2029-May-25 00:00:00.0000,  1.380550950181960E-04,  2.371140218344480E-03,  1.290589381925941E+02,  2.235562859720727E+02,  1.037137496577784E+02,  2.462282387392341E+06,  6.125482078109855E+01,  3.056429411978614E+02,  3.056300835983284E+02,  2.371467611530923E-03,  2.371795004717365E-03,  5.877088454580631E+00,
2462282.500000000, A.D. 2029-May-26 00:00:00.0000,  1.439167302134489E-04,  2.371116625586759E-03,  1.290590673227087E+02,  2.235575490612286E+02,  1.106813461541617E+02,  2.462282501089294E+06,  6.125519635554662E+01,  3.599332751231514E+02,  3.599332559140480E+02,  2.371457918056165E-03,  2.371799210525570E-03,  5.877052420343800E+00,
2462283.500000000, A.D. 2029-May-27 00:00:00.0000,  1.401576822812963E-04,  2.371141169548496E-03,  1.290585349773110E+02,  2.235581935756823E+02,  1.191952361963308E+02,  2.462282640028952E+06,  6.125459070487597E+01,  5.267717454385613E+01,  5.268994803220048E+01,  2.371473549784825E-03,  2.371805930021155E-03,  5.877110529306718E+00,
2462284.500000000, A.D. 2029-May-28 00:00:00.0000,  1.167174935876831E-04,  2.371187446794850E-03,  1.290587659330630E+02,  2.235584433981142E+02,  1.192362276942980E+02,  2.462282640656822E+06,  6.125495148230864E+01,  1.138939761404646E+02,  1.139062039873660E+02,  2.371464238156860E-03,  2.371741029518871E-03,  5.877075914491147E+00,
2462285.500000000, A.D. 2029-May-29 00:00:00.0000,  1.097181859471401E-04,  2.371196607629322E-03,  1.290588501041703E+02,  2.235597407704748E+02,  1.112863388196905E+02,  2.462288387886261E+06,  6.125523969172860E+01,  1.831018348858210E+02,  1.831011546560165E+02,  2.371456799567422E-03,  2.371716991505522E-03,  5.877048262511515E+00,
2462286.500000000, A.D. 2029-May-30 00:00:00.0000,  1.182689730657541E-04,  2.371192300465208E-03,  1.290583203473949E+02,  2.235603186861705E+02,  1.015294450992634E+02,  2.462288228579220E+06,  6.125462083543955E+01,  2.541165353108771E+02,  2.541035006471145E+02,  2.371472772114619E-03,  2.371753243764030E-03,  5.877107638412120E+00,
2462287.500000000, A.D. 2029-May-31 00:00:00.0000,  1.397968712920140E-04,  2.371131703164133E-03,  1.290585918041310E+02,  2.235606064965464E+02,  1.053224620479113E+02,  2.462288290444533E+06,  6.125499068660524E+01,  3.115813274714048E+02,  3.115693432335868E+02,  2.371463226303554E-03,  2.371794749442975E-03,  5.877072153056779E+00,
2462288.500000000, A.D. 2029-Jun-01 00:00:00.0000,  1.439986820474744E-04,  2.371117105641424E-03,  1.290586323513797E+02,  2.235619178244184E+02,  1.120663414448959E+02,  2.462288400491613E+06,  6.125517022197808E+01,  6.095403193254922E+00,  6.097155657529860E+00,  2.371458592553282E-03,  2.371800079465140E-03,  5.877054927697085E+00,
2462289.500000000, A.D. 2029-Jun-02 00:00:00.0000,  1.366992130631487E-04,  2.371151251522803E-03,  1.290581275351875E+02,  2.235624403941229E+02,  1.205992983307531E+02,  2.462288539740503E+06,  6.125451784321001E+01,  5.882023246082090E+01,  5.883363542945264E+01,  2.371475430347930E-03,  2.371799609173057E-03,  5.877117520073755E+00,
2462290.500000000, A.D. 2029-Jun-03 00:00:00.0000,  1.132435443350084E-04,  2.371196236937469E-03,  1.290584252992595E+02,  2.235627941765268E+02,  1.185171193215196E+02,  2.462288505708212E+06,  6.125493010053913E+01,  1.221602040399525E+02,  1.221711888533136E+02,  2.371464790015557E-03,  2.371733343093644E-03,  5.877077965955126E+00,
2462291.500000000, A.D. 2029-Jun-04 00:00:00.0000,  1.076744126941513E-04,  2.371206892176296E-03,  1.290584051758321E+02,  2.235641034282558E+02,  1.096465110629987E+02,  2.462294237918712E+06,  6.125502897928114E+01,  1.922887099412621E+02,  1.922860841699089E+02,  2.371462237979997E-03,  2.371717583783698E-03,  5.877068479091996E+00,
2462292.500000000, A.D. 2029-Jun-05 00:00:00.0000,  1.214777484893255E-04,  2.371189522332076E-03,  1.290579364841205E+02,  2.235645594907296E+02,  1.001479241542022E+02,  2.462294082823243E+06,  6.125443362254414E+01,  2.630450586987361E+02,  2.630312410584746E+02,  2.371477604092014E-03,  2.371765685851952E-03,  5.877125600709256E+00,
2462293.500000000, A.D. 2029-Jun-06 00:00:00.0000,  1.420789156702609E-04,  2.371128233010140E-03,  1.290582616772361E+02,  2.235649946605672E+02,  1.056918825917001E+02,  2.462294173270243E+06,  6.125491544740783E+01,  3.187588882017678E+02,  3.187481538288188E+02,  2.371465168209789E-03,  2.371802103409438E-03,  5.877079371843854E+00,
2462294.500000000, A.D. 2029-Jun-07 00:00:00.0000,  1.462206110203945E-04,  2.371117514458834E-03,  1.290581706263825E+02,  2.235662952423378E+02,  1.128543283403650E+02,  2.462294290150324E+06,  6.125495019377514E+01,  1.285433142463022E+01,  1.285805976981927E+01,  2.371464271413614E-03,  2.371811028368393E-03,  5.877076038118858E+00,
2462295.500000000, A.D. 2029-Jun-08 00:00:00.0000,  1.351668425142304E-04,  2.371157509994237E-03,  1.290577400912170E+02,  2.235666771931136E+02,  1.215254293931622E+02,  2.462294431653380E+06,  6.125441614479881E+01,  6.544094845292140E+01,  6.545503718586713E+01,  2.371478055195050E-03,  2.371798600395862E-03,  5.877127277631688E+00,
2462296.500000000, A.D. 2029-Jun-09 00:00:00.0000,  1.126295937138488E-04,  2.371196112905708E-03,  1.290580948354649E+02,  2.235671943595570E+02,  1.179007823013874E+02,  2.462294372444034E+06,  6.125499132434948E+01,  1.303234222751641E+02,  1.303332612684991E+02,  2.371463209843540E-03,  2.371730306781372E-03,  5.877072091868802E+00,
2462297.500000000, A.D. 2029-Jun-10 00:00:00.0000,  1.074101778531380E-04,  2.371209010278361E-03,  1.290579288340184E+02,  2.235684938697314E+02,  1.090223309153256E+02,  2.462300104527345E+06,  6.125497118561020E+01,  2.004597525190336E+02,  2.004554507022715E+02,  2.371463729619332E-03,  2.371718448960303E-03,  5.877074024068270E+00,
2462298.500000000, A.D. 2029-Jun-11 00:00:00.0000,  1.238703043175715E-04,  2.371181358287914E-03,  1.290575315321069E+02,  2.235687934860753E+02,  1.006337930106503E+02,  2.462299967548063E+06,  6.125453011423507E+01,  2.701060329562737E+02,  2.700918384853695E+02,  2.371475113631921E-03,  2.371768868975928E-03,  5.877116342719912E+00,
2462299.500000000, A.D. 2029-Jun-12 00:00:00.0000,  1.409437205373508E-04,  2.371125033919766E-03,  1.290579204755505E+02,  2.235693822115485E+02,  1.068364864512957E+02,  2.462300068749054E+06,  6.125514373341115E+01,  3.251611949380027E+02,  3.251519670511394E+02,  2.371459276213258E-03,  2.371793518506751E-03,  5.877057469112438E+00,
2462300.500000000, A.D. 2029-Jun-13 00:00:00.0000,  1.444241699319305E-04,  2.371119264489355E-03,  1.290576956461639E+02,  2.235706732771822E+02,  1.135204603029993E+02,  2.462300177819766E+06,  6.125504746435256E+01,  1.973516554372573E+01,  1.974075491144059E+01,  2.371461760885697E-03,  2.371804257282038E-03,  5.877066705556017E+00,
2462301.500000000, A.D. 2029-Jun-14 00:00:00.0000,  1.310139531897164E-04,  2.371162795280796E-03,  1.290573336009589E+02,  2.235709144339300E+02,  1.212377364133949E+02,  2.462300303752883E+06,  6.125459296706063E+01,  7.327563020660303E+01,  7.329000892615315E+01,  2.371473491397789E-03,  2.371784187514783E-03,  5.877110312259984E+00,
2462302.500000000, A.D. 2029-Jun-15 00:00:00.0000,  1.125243571306437E-04,  2.371190389269993E-03,  1.290577386644398E+02,  2.235715619247357E+02,  1.159181605311816E+02,  2.462300216878863E+06,  6.125522278313754E+01,  1.398530938806024E+02,  1.398614066087248E+02,  2.371457235970933E-03,  2.371724082671873E-03,  5.877049884783073E+00,
2462303.500000000, A.D. 2029-Jun-16 00:00:00.0000,  1.092227511615914E-04,  2.371204141641002E-03,  1.290574686924555E+02,  2.235728363574519E+02,  1.074163987054543E+02,  2.462305955101410E+06,  6.125499327989000E+01,  2.096127796181365E+02,  2.096065957459413E+02,  2.371463159371547E-03,  2.371722177102091E-03,  5.877071904245689E+00,
2462304.500000000, A.D. 2029-Jun-17 00:00:00.0000,  1.284954565362161E-04,  2.371168397332519E-03,  1.290571468975167E+02,  2.235730402834702E+02,  1.011888862324545E+02,  2.462305853399325E+06,  6.125460732365558E+01,  2.770980557753321E+02,  2.770834438373809E+02,  2.371473120853846E-03,  2.371777844375173E-03,  5.877108934807808E+00,
2462305.500000000, A.D. 2029-Jun-18 00:00:00.0000,  1.423886564991394E-04,  2.371120639519819E-03,  1.290575547888166E+02,  2.235737587719797E+02,  1.080995708404052E+02,  2.462305966160878E+06,  6.125518123613074E+01,  3.314452309406715E+02,  3.314374304387587E+02,  2.371458308282279E-03,  2.371795977044739E-03,  5.877053870957412E+00,
2462306.500000000, A.D. 2029-Jun-19 00:00:00.0000,  1.446127714738789E-04,  2.371122758593456E-03,  1.290572435939284E+02,  2.235749889810687E+02,  1.151237916404294E+02,  2.462306080785787E+06,  6.125489473390479E+01,  2.567892250916008E+01,  2.568610452501940E+01,  2.371465702821196E-03,  2.371808647048936E-03,  5.877081359193632E+00,
2462307.500000000, A.D. 2029-Jun-20 00:00:00.0000,  1.271089363231553E-04,  2.371174270237315E-03,  1.290569822719581E+02,  2.235751757639698E+02,  1.221494603862311E+02,  2.462306195426886E+06,  6.125450716350978E+01,  7.991098319896747E+01,  7.992532397787622E+01,  2.371475705991820E-03,  2.371777141746325E-03,  5.877118544746978E+00,
2462308.500000000, A.D. 2029-Jun-21 00:00:00.0000,  1.099843261689781E-04,  2.371199341088345E-03,  1.290573687595253E+02,  2.235759720348491E+02,  1.153442839765922E+02,  2.462306084299346E+06,  6.125510931514325E+01,  1.479740076624062E+02,  1.479806904499184E+02,  2.371460164536577E-03,  2.371720987984810E-03,  5.877060771337194E+00,
2462309.500000000, A.D. 2029-Jun-22 00:00:00.0000,  1.081501293027230E-04,  2.371213460495895E-03,  1.290570112762012E+02,  2.235771419977570E+02,  1.054207164485236E+02,  2.462311799325876E+06,  6.125473074798032E+01,  2.191554125569113E+02,  2.191475880560781E+02,  2.371469935276033E-03,  2.371726410056171E-03,  5.877097092813029E+00,
2462310.500000000, A.D. 2029-Jun-23 00:00:00.0000,  1.313489761159827E-04,  2.371164281565731E-03,  1.290568141971507E+02,  2.235773092762829E+02,  1.008677963875092E+02,  2.462311724953910E+06,  6.125450458744242E+01,  2.849660550979797E+02,  2.849515135590925E+02,  2.371475772480330E-03,  2.371787263394929E-03,  5.877118791910079E+00,
2462311.500000000, A.D. 2029-Jun-24 00:00:00.0000,  1.436709298948289E-04,  2.371119505074342E-03,  1.290571806740471E+02,  2.235782008832879E+02,  1.083371046754590E+02,  2.462311846834647E+06,  6.125510736114388E+01,  3.387546064862028E+02,  3.387486397312559E+02,  2.371460214968635E-03,  2.371800924862928E-03,  5.877060958811735E+00,
2462312.500000000, A.D. 2029-Jun-25 00:00:00.0000,  1.455048725961886E-04,  2.371124823706433E-03,  1.290567661562721E+02,  2.235793028792404E+02,  1.159675598810152E+02,  2.462311971355360E+06,  6.125473272963062E+01,  3.238198613294330E+01,  3.239091725594306E+01,  2.371469884129790E-03,  2.371814944553146E-03,  5.877096902683210E+00,
2462313.500000000, A.D. 2029-Jun-26 00:00:00.0000,  1.250873813634673E-04,  2.371177249470828E-03,  1.290566406572000E+02,  2.235794413249904E+02,  1.219080813901606E+02,  2.462312068283473E+06,  6.125457748733891E+01,  8.769919093285236E+01,  8.771351342502196E+01,  2.371473890929816E-03,  2.371770532388805E-03,  5.877111797471962E+00,
2462314.500000000, A.D. 2029-Jun-27 00:00:00.0000,  1.107087899663238E-04,  2.371194896875407E-03,  1.290569886921340E+02,  2.235804166432061E+02,  1.147153359562581E+02,  2.462311950831967E+06,  6.125521495318108E+01,  1.561498358286075E+02,  1.561549648339333E+02,  2.371457438058831E-03,  2.371719979242255E-03,  5.877050636017801E+00,
2462315.500000000, A.D. 2029-Jun-28 00:00:00.0000,  1.098001439800056E-04,  2.371208952368386E-03,  1.290565269227141E+02,  2.235814565328633E+02,  1.048023928018714E+02,  2.462317666025789E+06,  6.125475381015004E+01,  2.273206235100975E+02,  2.273113744798078E+02,  2.371469340043367E-03,  2.371729727718348E-03,  5.877094880109488E+00,
2462316.500000000, A.D. 2029-Jun-29 00:00:00.0000,  1.330748612600749E-04,  2.371154719616082E-03,  1.290564585751132E+02,  2.235815708861746E+02,  1.022409554847775E+02,  2.462317624161580E+06,  6.125471651231310E+01,  2.911398011249399E+02,  2.911255772415636E+02,  2.371470302697595E-03,  2.371785885779108E-03,  5.877098458657215E+00,
2462317.500000000, A.D. 2029-Jun-30 00:00:00.0000,  1.420884532921630E-04,  2.371118200627798E-03,  1.290567920990864E+02,  2.235826159471068E+02,  1.093711970236470E+02,  2.462317740509667E+06,  6.125530333269347E+01,  3.452675073666426E+02,  3.452633660028149E+02,  2.371455157023112E-03,  2.371792113418425E-03,  5.877042156574532E+00,
2462318.500000000, A.D. 2029-Jul-01 00:00:00.0000,  1.428639259356497E-04,  2.371129617751358E-03,  1.290562965377145E+02,  2.235836016954833E+02,  1.169073612490803E+02,  2.462317863491085E+06,  6.125478964927255E+01,  3.898921966601956E+01,  3.899952130600598E+01,  2.371468415039363E-03,  2.371807212327368E-03,  5.877091441522487E+00,
2462319.500000000, A.D. 2029-Jul-02 00:00:00.0000,  1.211120085782015E-04,  2.371181833001331E-03,  1.290562824229257E+02,  2.235837110465408E+02,  1.208422793808517E+02,  2.462317927680462E+06,  6.125476518805161E+01,  9.631206407880349E+01,  9.632585812962458E+01,  2.371469046380820E-03,  2.371756259760308E-03,  5.877093788455527E+00,
2462320.500000000, A.D. 2029-Jul-03 00:00:00.0000,  1.104120266076318E-04,  2.371193889377305E-03,  1.290565905516729E+02,  2.235848053749959E+02,  1.130498578309939E+02,  2.462317800438075E+06,  6.125528126383044E+01,  1.653624250075222E+02,  1.653656218631470E+02,  2.371455726610090E-03,  2.371717563842876E-03,  5.877044273937080E+00,
2462321.500000000, A.D. 2029-Jul-04 00:00:00.0000,  1.127820289821597E-04,  2.371203779027618E-03,  1.290560847002071E+02,  2.235857321353733E+02,  1.030853450840642E+02,  2.462323514788248E+06,  6.125468026008985E+01,  2.365847900802102E+02,  2.365740033426701E+02,  2.371471238365553E-03,  2.371738697703488E-03,  5.877101936887523E+00,
2462322.500000000, A.D. 2029-Jul-05 00:00:00.0000,  1.370838939105959E-04,  2.371145136234865E-03,  1.290561198313282E+02,  2.235858679993873E+02,  1.030061832300312E+02,  2.462323513445119E+06,  6.125471946039409E+01,  2.979217035472840E+02,  2.979078224477259E+02,  2.371470226607822E-03,  2.371795316980779E-03,  5.877098175802892E+00,
2462323.500000000, A.D. 2029-Jul-06 00:00:00.0000,  1.441670037973531E-04,  2.371116620848801E-03,  1.290563819740024E+02,  2.235870092350181E+02,  1.103928281964503E+02,  2.462323633981161E+06,  6.125517354000166E+01,  3.517929607148685E+02,  3.517906020093970E+02,  2.371458506916373E-03,  2.371800392983945E-03,  5.877054609353250E+00,
2462324.500000000, A.D. 2029-Jul-07 00:00:00.0000,  1.424078038776456E-04,  2.371136711953446E-03,  1.290558720663438E+02,  2.235878586065172E+02,  1.187517536922082E+02,  2.462323770391367E+06,  6.125455666253775E+01,  4.469185332326989E+01,  4.470333163617875E+01,  2.371474428418749E-03,  2.371812144884052E-03,  5.877113795522250E+00,
2462325.500000000, A.D. 2029-Jul-08 00:00:00.0000,  1.178880071516602E-04,  2.371191475046852E-03,  1.290559642568262E+02,  2.235880359481208E+02,  1.210816346913846E+02,  2.462323808378971E+06,  6.125468782784434E+01,  1.036197180359322E+02,  1.036328466788054E+02,  2.371471043042135E-03,  2.371750611037417E-03,  5.877101210796734E+00,
2462326.500000000, A.D. 2029-Jul-09 00:00:00.0000,  1.078307229085769E-04,  2.371205150044217E-03,  1.290561672850212E+02,  2.235892232258730E+02,  1.124450296924332E+02,  2.462323667349950E+06,  6.125508212195290E+01,  1.735142114030846E+02,  1.735156069654407E+02,  2.371460866383789E-03,  2.371716582723361E-03,  5.877063380362058E+00,
2462327.500000000, A.D. 2029-Jul-10 00:00:00.0000,  1.137611927223067E-04,  2.371206509187481E-03,  1.290556521981022E+02,  2.235899846301423E+02,  1.015125763135194E+02,  2.462329365913543E+06,  6.125448449148212E+01,  2.457044278042458E+02,  2.456925469657939E+02,  2.371476291158875E-03,  2.371746073130270E-03,  5.877120720035781E+00,
2462328.500000000, A.D. 2029-Jul-11 00:00:00.0000,  1.386451230596659E-04,  2.371141135820563E-03,  1.290558072590205E+02,  2.235902044511540E+02,  1.034302573313833E+02,  2.462329397163158E+06,  6.125473100816675E+01,  3.050445120770113E+02,  3.050315035381224E+02,  2.371469928560640E-03,  2.371798721300718E-03,  5.877097067849391E+00,
2462329.500000000, A.D. 2029-Jul-12 00:00:00.0000,  1.448085552841336E-04,  2.371116449246217E-03,  1.290559472255195E+02,  2.235914482784206E+02,  1.106784905716402E+02,  2.462329515440794E+06,  6.125512123372857E+01,  3.590541723141766E+02,  3.590538983491527E+02,  2.371459856922013E-03,  2.371803264597809E-03,  5.877059627820559E+00,
2462330.500000000, A.D. 2029-Jul-13 00:00:00.0000,  1.409079291640497E-04,  2.371140620902756E-03,  1.290554223727328E+02,  2.235921128650216E+02,  1.193500819905723E+02,  2.462329656954573E+06,  6.125454302117031E+01,  5.164036239828336E+01,  5.165302503255292E+01,  2.371474780503141E-03,  2.371808940103527E-03,  5.877115104353642E+00,
2462331.500000000, A.D. 2029-Jul-14 00:00:00.0000,  1.169542440008649E-04,  2.371188358440849E-03,  1.290556394084622E+02,  2.235923630183956E+02,  1.197344604961389E+02,  2.462329663187352E+06,  6.125489440073277E+01,  1.125137648009646E+02,  1.125261446803786E+02,  2.371465711420302E-03,  2.371743064399755E-03,  5.877081391159715E+00,
2462332.500000000, A.D. 2029-Jul-15 00:00:00.0000,  1.093023378623464E-04,  2.371198430397795E-03,  1.290557302178923E+02,  2.235936477730887E+02,  1.116394228600338E+02,  2.462335408050527E+06,  6.125520727375756E+01,  1.818667621921578E+02,  1.818663542371179E+02,  2.371457636261580E-03,  2.371716842125365E-03,  5.877051372810033E+00,
2462333.500000000, A.D. 2029-Jul-16 00:00:00.0000,  1.172854824413594E-04,  2.371195195708456E-03,  1.290552015013881E+02,  2.235942387415528E+02,  1.016252056672488E+02,  2.462335244542360E+06,  6.125459902265985E+01,  2.531387572694545E+02,  2.531258956725258E+02,  2.371473335102660E-03,  2.371751474496865E-03,  5.877109731251781E+00,
2462334.500000000, A.D. 2029-Jul-17 00:00:00.0000,  1.392052272823899E-04,  2.371133071643406E-03,  1.290554657249573E+02,  2.235945205001925E+02,  1.052029463320671E+02,  2.462335302892324E+06,  6.125499202670211E+01,  3.108188371151496E+02,  3.108067637781234E+02,  2.371463191716001E-03,  2.371793311788596E-03,  5.877072024482017E+00,
2462335.500000000, A.D. 2029-Jul-18 00:00:00.0000,  1.435435338259351E-04,  2.371117037651132E-03,  1.290555116263772E+02,  2.235958376439397E+02,  1.118101077373786E+02,  2.462335410707559E+06,  6.125521468296061E+01,  5.469627603571716E+00,  5.471195759086939E+00,  2.371457445033110E-03,  2.371797852415088E-03,  5.877050661943747E+00,
2462336.500000000, A.D. 2029-Jul-19 00:00:00.0000,  1.367180461170143E-04,  2.371149105065562E-03,  1.290549955100910E+02,  2.235963627582759E+02,  1.202050984865070E+02,  2.462335547704903E+06,  6.125459928756628E+01,  5.833245455636605E+01,  5.834578984508213E+01,  2.371473328265421E-03,  2.371797551465280E-03,  5.877109705835171E+00,
2462337.500000000, A.D. 2029-Jul-20 00:00:00.0000,  1.140939742424324E-04,  2.371192213794686E-03,  1.290552957581731E+02,  2.235966954911988E+02,  1.183138277111604E+02,  2.462335516790442E+06,  6.125500784660829E+01,  1.214815170678293E+02,  1.214926660339823E+02,  2.371462783408412E-03,  2.371733353022139E-03,  5.877070506651372E+00,
2462338.500000000, A.D. 2029-Jul-21 00:00:00.0000,  1.088289781872321E-04,  2.371201582957019E-03,  1.290552934332892E+02,  2.235980106228187E+02,  1.098201969469454E+02,  2.462341255147235E+06,  6.125512861208112E+01,  1.912331017551276E+02,  1.912306727382654E+02,  2.371459666489335E-03,  2.371717750021651E-03,  5.877058919912194E+00,
2462339.500000000, A.D. 2029-Jul-22 00:00:00.0000,  1.214315312154919E-04,  2.371188296576762E-03,  1.290548087946715E+02,  2.235984833063948E+02,  1.005347846590499E+02,  2.462341103535258E+06,  6.125448536662721E+01,  2.617762730132808E+02,  2.617625013710487E+02,  2.371476268571296E-03,  2.371764240565830E-03,  5.877120636069142E+00,
2462340.500000000, A.D. 2029-Jul-23 00:00:00.0000,  1.419690048728751E-04,  2.371127759366481E-03,  1.290551298010987E+02,  2.235988875335801E+02,  1.059407021497078E+02,  2.462341191729357E+06,  6.125494390163797E+01,  3.176281570190520E+02,  3.176171916322523E+02,  2.371464433812241E-03,  2.371801108258001E-03,  5.877076641814923E+00,
2462341.500000000, A.D. 2029-Jul-24 00:00:00.0000,  1.459293267842188E-04,  2.371117583493311E-03,  1.290550621676430E+02,  2.236001996074951E+02,  1.129350463001664E+02,  2.462341305865752E+06,  6.125497428645888E+01,  1.189168836541793E+01,  1.189513480873584E+01,  2.371463649587189E-03,  2.371809715681068E-03,  5.877073726559089E+00,
2462342.500000000, A.D. 2029-Jul-25 00:00:00.0000,  1.349679657268748E-04,  2.371157643490036E-03,  1.290546187651993E+02,  2.236006023832096E+02,  1.215833914359778E+02,  2.462341446997069E+06,  6.125442924746986E+01,  6.450109353775997E+01,  6.451505423379071E+01,  2.371477717013269E-03,  2.371797790536501E-03,  5.877126020480714E+00,
2462343.500000000, A.D. 2029-Jul-26 00:00:00.0000,  1.122949677543768E-04,  2.371197849580191E-03,  1.290549671944156E+02,  2.236010970367392E+02,  1.181305042035873E+02,  2.462341390590641E+06,  6.125495477897022E+01,  1.292117749130310E+02,  1.292217443852950E+02,  2.371464153070790E-03,  2.371730456561389E-03,  5.877075598194607E+00,
2462344.500000000, A.D. 2029-Jul-27 00:00:00.0000,  1.071896794134919E-04,  2.371210080490364E-03,  1.290548245445692E+02,  2.236023922049143E+02,  1.089729392936221E+02,  2.462347118119410E+06,  6.125494997787469E+01,  1.996272265287985E+02,  1.996231011887654E+02,  2.371464276985954E-03,  2.371718473481545E-03,  5.877076058833321E+00,
2462345.500000000, A.D. 2029-Jul-28 00:00:00.0000,  1.235346879888288E-04,  2.371184246909900E-03,  1.290544235702392E+02,  2.236027195118507E+02,  1.002677584332481E+02,  2.462346975972436E+06,  6.125444902290681E+01,  2.695901216401087E+02,  2.695759659856211E+02,  2.371477206606690E-03,  2.371770166303481E-03,  5.877124123104490E+00,
2462346.500000000, A.D. 2029-Jul-29 00:00:00.0000,  1.415207470693126E-04,  2.371125669051346E-03,  1.290547979267930E+02,  2.236032941132359E+02,  1.066026822573159E+02,  2.462347079331024E+06,  6.125506609542708E+01,  3.245130398383221E+02,  3.245036241790686E+02,  2.371461280023341E-03,  2.371796890995336E-03,  5.877064918012966E+00,
2462347.500000000, A.D. 2029-Jul-30 00:00:00.0000,  1.455261547391389E-04,  2.371118619954132E-03,  1.290545846219750E+02,  2.236045834395368E+02,  1.134241083259922E+02,  2.462347190645439E+06,  6.125497117272656E+01,  1.894950472586137E+01,  1.895492095652506E+01,  2.371463729951855E-03,  2.371808839949579E-03,  5.877074025304382E+00,
2462348.500000000, A.D. 2029-Jul-31 00:00:00.0000,  1.320089805564639E-04,  2.371160997853679E-03,  1.290542192009741E+02,  2.236048367809632E+02,  1.213150023106393E+02,  2.462347319413042E+06,  6.125457117986519E+01,  7.231634788250277E+01,  7.233076093612613E+01,  2.371474053725928E-03,  2.371787109598176E-03,  5.877112402646850E+00,
2462349.500000000, A.D. 2029-Aug-01 00:00:00.0000,  1.129202504558150E-04,  2.371190077675264E-03,  1.290546212846837E+02,  2.236054831902818E+02,  1.164624137216428E+02,  2.462347240162169E+06,  6.125519847743305E+01,  1.384268148994796E+02,  1.384354004743426E+02,  2.371457863291133E-03,  2.371725648907001E-03,  5.877052216762095E+00,
2462350.500000000, A.D. 2029-Aug-02 00:00:00.0000,  1.091837059972307E-04,  2.371203273617947E-03,  1.290543534430800E+02,  2.236067556548404E+02,  1.079851592437045E+02,  2.462352978784030E+06,  6.125503050314803E+01,  2.081620086436192E+02,  2.081561043331272E+02,  2.371462198649428E-03,  2.371721123680909E-03,  5.877068332885717E+00,
2462351.500000000, A.D. 2029-Aug-03 00:00:00.0000,  1.274994277520477E-04,  2.371170606890518E-03,  1.290540285835181E+02,  2.236069601390804E+02,  1.012573242782535E+02,  2.462352868915748E+06,  6.125461323287228E+01,  2.761475952768474E+02,  2.761330686902472E+02,  2.371472968336911E-03,  2.371775329783303E-03,  5.877108367844628E+00,
2462352.500000000, A.D. 2029-Aug-04 00:00:00.0000,  1.416236706110953E-04,  2.371121294805006E-03,  1.290544383803048E+02,  2.236076669087144E+02,  1.080753394963416E+02,  2.462352980163643E+06,  6.125522614234599E+01,  3.305874674778534E+02,  3.305794963394578E+02,  2.371457149271182E-03,  2.371793003737359E-03,  5.877049562488359E+00,
2462353.500000000, A.D. 2029-Aug-05 00:00:00.0000,  1.444164205056931E-04,  2.371122167911037E-03,  1.290541308238834E+02,  2.236089105785849E+02,  1.148861065287449E+02,  2.462353091304457E+06,  6.125493566699208E+01,  2.503461917604033E+01,  2.504162325116835E+01,  2.371464646346618E-03,  2.371807124782199E-03,  5.877077431884238E+00,
2462354.500000000, A.D. 2029-Aug-06 00:00:00.0000,  1.274303238982926E-04,  2.371171788898249E-03,  1.290538541453818E+02,  2.236090918863981E+02,  1.218356640960940E+02,  2.462353204703900E+06,  6.125457378077017E+01,  7.934281053678879E+01,  7.935716152502998E+01,  2.371473986596478E-03,  2.371776184294706E-03,  5.877112153101224E+00,
2462355.500000000, A.D. 2029-Aug-07 00:00:00.0000,  1.106109490190201E-04,  2.371196434690660E-03,  1.290542528432376E+02,  2.236098704899708E+02,  1.152994003962612E+02,  2.462353097966800E+06,  6.125516435441304E+01,  1.471369384683394E+02,  1.471438155873636E+02,  2.371458743992893E-03,  2.371721053295125E-03,  5.877055490653733E+00,
2462356.500000000, A.D. 2029-Aug-08 00:00:00.0000,  1.088529533355471E-04,  2.371209944753222E-03,  1.290539063632427E+02,  2.236110590776501E+02,  1.057340053573432E+02,  2.462358818835107E+06,  6.125480239560279E+01,  2.179602137616823E+02,  2.179525418788905E+02,  2.371468086058131E-03,  2.371726227363039E-03,  5.877090218575953E+00,
2462357.500000000, A.D. 2029-Aug-09 00:00:00.0000,  1.314842881673699E-04,  2.371163966446962E-03,  1.290536909158548E+02,  2.236112289461347E+02,  1.009675281356327E+02,  2.462358740979367E+06,  6.125450436383824E+01,  2.839844239470583E+02,  2.839698029405425E+02,  2.371475778251573E-03,  2.371787590056183E-03,  5.877118813363984E+00,
2462358.500000000, A.D. 2029-Aug-10 00:00:00.0000,  1.440979041402500E-04,  2.371119246249894E-03,  1.290540651329976E+02,  2.236120896516906E+02,  1.084914039495460E+02,  2.462358863751060E+06,  6.125507815361758E+01,  3.377184003913444E+02,  3.377121385210996E+02,  2.371460968805249E-03,  2.371802691360605E-03,  5.877063761100422E+00,
2462359.500000000, A.D. 2029-Aug-11 00:00:00.0000,  1.459397595960369E-04,  2.371125042720149E-03,  1.290536722677503E+02,  2.236132119537729E+02,  1.161959887113550E+02,  2.462358989481627E+06,  6.125468427862116E+01,  3.127164172559988E+01,  3.128032416520935E+01,  2.371471134647428E-03,  2.371817226574707E-03,  5.877101551328143E+00,
2462360.500000000, A.D. 2029-Aug-12 00:00:00.0000,  1.251770008277538E-04,  2.371178929191764E-03,  1.290535276307807E+02,  2.236133672405084E+02,  1.223843775173640E+02,  2.462359090455034E+06,  6.125450416367245E+01,  8.634097798378158E+01,  8.635529311378926E+01,  2.371475783417868E-03,  2.371772637643972E-03,  5.877118832569072E+00,
2462361.500000000, A.D. 2029-Aug-13 00:00:00.0000,  1.098693219260102E-04,  2.371198966222732E-03,  1.290538745483905E+02,  2.236143178826169E+02,  1.150380193178734E+02,  2.462358970494379E+06,  6.125513440904275E+01,  1.549452067867932E+02,  1.549505378380685E+02,  2.371459516871826E-03,  2.371720067520919E-03,  5.877058363728856E+00,
2462362.500000000, A.D. 2029-Aug-14 00:00:00.0000,  1.090981986879614E-04,  2.371212042837937E-03,  1.290534305797449E+02,  2.236153675019342E+02,  1.047270408437304E+02,  2.462364679195793E+06,  6.125469856073524E+01,  2.265140186050901E+02,  2.265049489145597E+02,  2.371470766026751E-03,  2.371729489215566E-03,  5.877100181026160E+00,
2462363.500000000, A.D. 2029-Aug-15 00:00:00.0000,  1.329543357126664E-04,  2.371156983349602E-03,  1.290533497051889E+02,  2.236154970521075E+02,  1.018752296339904E+02,  2.462364632590728E+06,  6.125463986850245E+01,  2.906235628194766E+02,  2.906093029073684E+02,  2.371472280871366E-03,  2.371787578393131E-03,  5.877105812275200E+00,
2462364.500000000, A.D. 2029-Aug-16 00:00:00.0000,  1.427936276346974E-04,  2.371118416545586E-03,  1.290536805119875E+02,  2.236165245077061E+02,  1.091748809956294E+02,  2.462364751703556E+06,  6.125523016299683E+01,  3.445818407613081E+02,  3.445774897330293E+02,  2.371457045499893E-03,  2.371795674454201E-03,  5.877049176732494E+00,
2462365.500000000, A.D. 2029-Aug-17 00:00:00.0000,  1.438070303942444E-04,  2.371128479891214E-03,  1.290531939146806E+02,  2.236175181418677E+02,  1.168305754125562E+02,  2.462364876636254E+06,  6.125474707489576E+01,  3.818398863056034E+01,  3.819417724711930E+01,  2.371469513879676E-03,  2.371810547868138E-03,  5.877095526324359E+00,
2462366.500000000, A.D. 2029-Aug-18 00:00:00.0000,  1.219819207492958E-04,  2.371180468480888E-03,  1.290531721331030E+02,  2.236176326002703E+02,  1.211106019193695E+02,  2.462364946459327E+06,  6.125473812346419E+01,  9.516172705377272E+01,  9.517564827600489E+01,  2.371469744915372E-03,  2.371759021349855E-03,  5.877096385170876E+00,
2462367.500000000, A.D. 2029-Aug-19 00:00:00.0000,  1.109415714894586E-04,  2.371191919975887E-03,  1.290534817905494E+02,  2.236187232496480E+02,  1.134955337654661E+02,  2.462364822114023E+06,  6.125530891595785E+01,  1.640347327658068E+02,  1.640382290597151E+02,  2.371455012921737E-03,  2.371718105867587E-03,  5.877041620897206E+00,
2462368.500000000, A.D. 2029-Aug-20 00:00:00.0000,  1.126209642641750E-04,  2.371202633351326E-03,  1.290529736100058E+02,  2.236196556659579E+02,  1.036443550378973E+02,  2.462370538310943E+06,  6.125473945467799E+01,  2.351437942354998E+02,  2.351332050490466E+02,  2.371469710556852E-03,  2.371736787762378E-03,  5.877096257447341E+00,
2462369.500000000, A.D. 2029-Aug-21 00:00:00.0000,  1.362160515769707E-04,  2.371145495055484E-03,  1.290529996074244E+02,  2.236197771665740E+02,  1.032668187496933E+02,  2.462370532097631E+06,  6.125478530615639E+01,  2.967790811866560E+02,  2.967651449898438E+02,  2.371468527134689E-03,  2.371791559213895E-03,  5.877091858222843E+00,
2462370.500000000, A.D. 2029-Aug-22 00:00:00.0000,  1.433409674220721E-04,  2.371116793016403E-03,  1.290532789699124E+02,  2.236209088074126E+02,  1.105036600364687E+02,  2.462370650188166E+06,  6.125524277781648E+01,  3.508001874177144E+02,  3.507975608513747E+02,  2.371456719916835E-03,  2.371796646817267E-03,  5.877047966421148E+00,
2462371.500000000, A.D. 2029-Aug-23 00:00:00.0000,  1.419666061189253E-04,  2.371136026363964E-03,  1.290527634530424E+02,  2.236217842699363E+02,  1.185424297304920E+02,  2.462370781372737E+06,  6.125462377307835E+01,  4.401924263943231E+01,  4.403054883546066E+01,  2.371472696294161E-03,  2.371809366224357E-03,  5.877107356558795E+00,
2462372.500000000, A.D. 2029-Aug-24 00:00:00.0000,  1.178732993907843E-04,  2.371190791409684E-03,  1.290528416379035E+02,  2.236219416982595E+02,  1.209761897943475E+02,  2.462370821055849E+06,  6.125471566986082E+01,  1.028432466196194E+02,  1.028564155460921E+02,  2.371470324441233E-03,  2.371749857472782E-03,  5.877098539486501E+00,
2462373.500000000, A.D. 2029-Aug-25 00:00:00.0000,  1.084133354826887E-04,  2.371202444736593E-03,  1.290530666249275E+02,  2.236231213363578E+02,  1.124316771016014E+02,  2.462370681531960E+06,  6.125513341314589E+01,  1.726456358185543E+02,  1.726472258519935E+02,  2.371459542575566E-03,  2.371716640414540E-03,  5.877058459279118E+00,
2462374.500000000, A.D. 2029-Aug-26 00:00:00.0000,  1.141404267688106E-04,  2.371204805695694E-03,  1.290525524660573E+02,  2.236239087012185E+02,  1.016942378656863E+02,  2.462376383275334E+06,  6.125451565135607E+01,  2.446408815619131E+02,  2.446290630835982E+02,  2.371475486919843E-03,  2.371746168143992E-03,  5.877117730373078E+00,
2462375.500000000, A.D. 2029-Aug-27 00:00:00.0000,  1.388325326275689E-04,  2.371140958655526E-03,  1.290526882861564E+02,  2.236241138887125E+02,  1.034949603044068E+02,  2.462376412617045E+06,  6.125472065136796E+01,  3.040978978595849E+02,  3.040847226087064E+02,  2.371470195868868E-03,  2.371799433082210E-03,  5.877098061534632E+00,
2462376.500000000, A.D. 2029-Aug-28 00:00:00.0000,  1.452230232839937E-04,  2.371116318123239E-03,  1.290528500036986E+02,  2.236253359304699E+02,  1.108981150380547E+02,  2.462376533423448E+06,  6.125508822690441E+01,  3.579526437078432E+02,  3.579520490799680E+02,  2.371460708816973E-03,  2.371805099510707E-03,  5.877062794628073E+00,
2462377.500000000, A.D. 2029-Aug-29 00:00:00.0000,  1.415032650214558E-04,  2.371140726103218E-03,  1.290523313149379E+02,  2.236260340711930E+02,  1.196023576765896E+02,  2.462376675470151E+06,  6.125448423641161E+01,  5.050615060438631E+01,  5.051866507336491E+01,  2.371476297742270E-03,  2.371811869381322E-03,  5.877120744508768E+00,
2462378.500000000, A.D. 2029-Aug-30 00:00:00.0000,  1.167181487629976E-04,  2.371191145229376E-03,  1.290525291432413E+02,  2.236262821953916E+02,  1.203036125016116E+02,  2.462376686874147E+06,  6.125480810973861E+01,  1.110626761949150E+02,  1.110751568481967E+02,  2.371467938577017E-03,  2.371744731924658E-03,  5.877089670333410E+00,
2462379.500000000, A.D. 2029-Aug-31 00:00:00.0000,  1.084840857692359E-04,  2.371202121777639E-03,  1.290526279946804E+02,  2.236275576390570E+02,  1.120189228498667E+02,  2.462382428647867E+06,  6.125513942618415E+01,  1.806052665667491E+02,  1.806051352634158E+02,  2.371459387381218E-03,  2.371716652984797E-03,  5.877057882364630E+00,
2462380.500000000, A.D. 2029-Sep-01 00:00:00.0000,  1.164727752131080E-04,  2.371197838115137E-03,  1.290521040763015E+02,  2.236281601122889E+02,  1.016408194526664E+02,  2.462382259196889E+06,  6.125457131341047E+01,  2.522411487083025E+02,  2.522284384682699E+02,  2.371474050279119E-03,  2.371750262443101E-03,  5.877112389833755E+00,
2462381.500000000, A.D. 2029-Sep-02 00:00:00.0000,  1.387068446496975E-04,  2.371134908353986E-03,  1.290523611839146E+02,  2.236284431193767E+02,  1.049299096519739E+02,  2.462382312834448E+06,  6.125496665236253E+01,  3.102098529707107E+02,  3.101977131183777E+02,  2.371463846621352E-03,  2.371792784888718E-03,  5.877074459008218E+00,
2462382.500000000, A.D. 2029-Sep-03 00:00:00.0000,  1.434967113048920E-04,  2.371116876369428E-03,  1.290524106807467E+02,  2.236297517302708E+02,  1.116060868912160E+02,  2.462382421775726E+06,  6.125522523556917E+01,  4.791645555011803E+00,  4.793019368904051E+00,  2.371457172674708E-03,  2.371797468979987E-03,  5.877049649487832E+00,
2462383.500000000, A.D. 2029-Sep-04 00:00:00.0000,  1.376212367101216E-04,  2.371146820199234E-03,  1.290518917724528E+02,  2.236302842839430E+02,  1.200100706751365E+02,  2.462382558920600E+06,  6.125460482780355E+01,  5.764544672194808E+01,  5.765876989409612E+01,  2.371473185271816E-03,  2.371799550344398E-03,  5.877109174273792E+00,
2462384.500000000, A.D. 2029-Sep-05 00:00:00.0000,  1.149019989377799E-04,  2.371189643758463E-03,  1.290521893354462E+02,  2.236306076600298E+02,  1.184487307568301E+02,  2.462382533392519E+06,  6.125503318244483E+01,  1.204646064815450E+02,  1.204759546791624E+02,  2.371462129497547E-03,  2.371734615236632E-03,  5.877068075822590E+00,
2462385.500000000, A.D. 2029-Sep-06 00:00:00.0000,  1.092871076022283E-04,  2.371199196985579E-03,  1.290521922884432E+02,  2.236319334663159E+02,  1.103700204136569E+02,  2.462388278519857E+06,  6.125517896840908E+01,  1.898012689109817E+02,  1.897991373263786E+02,  2.371458366811287E-03,  2.371717536636996E-03,  5.877054088531216E+00,
2462386.500000000, A.D. 2029-Sep-07 00:00:00.0000,  1.209929296650290E-04,  2.371187268175644E-03,  1.290516957952634E+02,  2.236324065942205E+02,  1.011024587449136E+02,  2.462388127199181E+06,  6.125456552079670E+01,  2.603266211468381E+02,  2.603129538600241E+02,  2.371474199786701E-03,  2.371761131397759E-03,  5.877112945610159E+00,
2462387.500000000, A.D. 2029-Sep-08 00:00:00.0000,  1.411170689503526E-04,  2.371127997340136E-03,  1.290520208794362E+02,  2.236327904357272E+02,  1.061356052903276E+02,  2.462388209308807E+06,  6.125501296908828E+01,  3.165512797973402E+02,  3.165401576144851E+02,  2.371462651198598E-03,  2.371797305057060E-03,  5.877070015178519E+00,
2462388.500000000, A.D. 2029-Sep-09 00:00:00.0000,  1.449404051763094E-04,  2.371117721055444E-03,  1.290519706854895E+02,  2.236341088207209E+02,  1.129581843279231E+02,  2.462388320641309E+06,  6.125505983365844E+01,  1.098662736804371E+01,  1.098979326226416E+01,  2.371461441637654E-03,  2.371805162219865E-03,  5.877065518793064E+00,
2462389.500000000, A.D. 2029-Sep-10 00:00:00.0000,  1.348483398780972E-04,  2.371157246277645E-03,  1.290515137800315E+02,  2.236345276937677E+02,  1.215327450821047E+02,  2.462388460568258E+06,  6.125445563223997E+01,  6.366982551153203E+01,  6.368367587926384E+01,  2.371477036019011E-03,  2.371796825760377E-03,  5.877123488964967E+00,
2462390.500000000, A.D. 2029-Sep-11 00:00:00.0000,  1.120367061649385E-04,  2.371198822547916E-03,  1.290518571716218E+02,  2.236349944108847E+02,  1.181909897154658E+02,  2.462388405975008E+06,  6.125494080945425E+01,  1.282693769139641E+02,  1.282794556117595E+02,  2.371464513620808E-03,  2.371730204693701E-03,  5.877076938493043E+00,
2462391.500000000, A.D. 2029-Sep-12 00:00:00.0000,  1.069418607509018E-04,  2.371211304507932E-03,  1.290517382592858E+02,  2.236362945322946E+02,  1.089641994716061E+02,  2.462394132375431E+06,  6.125492532084362E+01,  1.987540395541318E+02,  1.987501001114825E+02,  2.371464913378474E-03,  2.371718522249017E-03,  5.877078424540995E+00,
2462392.500000000, A.D. 2029-Sep-13 00:00:00.0000,  1.234778058136753E-04,  2.371185476012319E-03,  1.290513287760353E+02,  2.236366468427793E+02,  1.001086646747967E+02,  2.462393987773793E+06,  6.125440662317959E+01,  2.688672991442473E+02,  2.688531524382014E+02,  2.371478300949456E-03,  2.371771125886591E-03,  5.877128191194828E+00,
2462393.500000000, A.D. 2029-Sep-14 00:00:00.0000,  1.421779851875953E-04,  2.371125934798904E-03,  1.290516918688364E+02,  2.236372025777987E+02,  1.064655900022422E+02,  2.462394091491431E+06,  6.125499540027087E+01,  3.237681951199949E+02,  3.237585640607832E+02,  2.371463104645070E-03,  2.371800274491235E-03,  5.877071700807083E+00,
2462394.500000000, A.D. 2029-Sep-15 00:00:00.0000,  1.462506758097414E-04,  2.371118392284237E-03,  1.290514989887853E+02,  2.236384855678654E+02,  1.135386409537300E+02,  2.462394206912925E+06,  6.125491341462799E+01,  1.795302341663096E+01,  1.795819008976138E+01,  2.371465220675420E-03,  2.371812049066603E-03,  5.877079566878142E+00,
2462395.500000000, A.D. 2029-Sep-16 00:00:00.0000,  1.327440648431752E-04,  2.371161397852106E-03,  1.290511309118164E+02,  2.236387643066010E+02,  1.217450294689226E+02,  2.462394340830051E+06,  6.125448813023920E+01,  7.100436186765977E+01,  7.101874563470534E+01,  2.371476197242206E-03,  2.371790996632307E-03,  5.877120370911737E+00,
2462396.500000000, A.D. 2029-Sep-17 00:00:00.0000,  1.123857139414689E-04,  2.371193876957608E-03,  1.290515200756791E+02,  2.236394000632614E+02,  1.171089851302695E+02,  2.462394265112347E+06,  6.125510037699298E+01,  1.368982675492455E+02,  1.369070664409955E+02,  2.371460395227210E-03,  2.371726913496813E-03,  5.877061628899292E+00,
2462397.500000000, A.D. 2029-Sep-18 00:00:00.0000,  1.081525611557558E-04,  2.371207343356047E-03,  1.290512623882309E+02,  2.236406681844564E+02,  1.082658209432481E+02,  2.462399997767529E+06,  6.125496755818785E+01,  2.069993310183813E+02,  2.069937053524643E+02,  2.371463823242219E-03,  2.371720303128391E-03,  5.877074372099302E+00,
2462398.500000000, A.D. 2029-Sep-19 00:00:00.0000,  1.265238843782887E-04,  2.371173987098389E-03,  1.290509361343842E+02,  2.236408844778649E+02,  1.010702014090549E+02,  2.462399880261176E+06,  6.125457189745047E+01,  2.754526925473819E+02,  2.754382593675429E+02,  2.371474035205025E-03,  2.371774083311662E-03,  5.877112333797632E+00,
2462399.500000000, A.D. 2029-Sep-20 00:00:00.0000,  1.411260754516293E-04,  2.371122298668937E-03,  1.290513408011893E+02,  2.236415858102746E+02,  1.078562937077056E+02,  2.462399990986776E+06,  6.125523296874816E+01,  3.299244906540522E+02,  3.299163850379135E+02,  2.371456973084651E-03,  2.371791647500365E-03,  5.877048907538537E+00,
2462400.500000000, A.D. 2029-Sep-21 00:00:00.0000,  1.443800863282998E-04,  2.371121405504451E-03,  1.290510365822591E+02,  2.236428309435434E+02,  1.146305469755872E+02,  2.462400101531477E+06,  6.125496854967098E+01,  2.440817682675331E+01,  2.441501480574919E+01,  2.371463797652280E-03,  2.371806189800110E-03,  5.877074276971997E+00,
2462401.500000000, A.D. 2029-Sep-22 00:00:00.0000,  1.280309282118292E-04,  2.371169092150019E-03,  1.290507487547244E+02,  2.236430101403545E+02,  1.215947110970025E+02,  2.462400215170167E+06,  6.125462308696205E+01,  7.870176715376947E+01,  7.871615454959242E+01,  2.371472714002822E-03,  2.371776335855625E-03,  5.877107422388587E+00,
2462402.500000000, A.D. 2029-Sep-23 00:00:00.0000,  1.111401262103115E-04,  2.371194264841463E-03,  1.290511561504840E+02,  2.236437730540860E+02,  1.153717190544954E+02,  2.462400113547022E+06,  6.125519980745219E+01,  1.461826539759930E+02,  1.461897411870222E+02,  2.371457828963877E-03,  2.371721393086291E-03,  5.877052089155101E+00,
2462403.500000000, A.D. 2029-Sep-24 00:00:00.0000,  1.093428326586567E-04,  2.371206990386178E-03,  1.290508154161946E+02,  2.236449815064979E+02,  1.062017129361362E+02,  2.462405840865969E+06,  6.125487185861523E+01,  2.166105550488691E+02,  2.166030834576914E+02,  2.371466293228235E-03,  2.371725596070291E-03,  5.877083553956821E+00,
2462404.500000000, A.D. 2029-Sep-25 00:00:00.0000,  1.312654069355348E-04,  2.371163655771060E-03,  1.290505841092160E+02,  2.236451474119046E+02,  1.012108932469473E+02,  2.462405759349547E+06,  6.125453651626218E+01,  2.828591271798509E+02,  2.828444619848126E+02,  2.371474948395199E-03,  2.371786241019338E-03,  5.877115728472212E+00,
2462405.500000000, A.D. 2029-Sep-26 00:00:00.0000,  1.434439439664992E-04,  2.371119164953214E-03,  1.290509696441192E+02,  2.236459841331796E+02,  1.087135533148790E+02,  2.462405881775032E+06,  6.125514140016892E+01,  3.366143164448691E+02,  3.366077910359649E+02,  2.371459336433389E-03,  2.371799507913563E-03,  5.877057692972810E+00,
2462406.500000000, A.D. 2029-Sep-27 00:00:00.0000,  1.453964973277422E-04,  2.371125274076724E-03,  1.290505916107204E+02,  2.236471278347999E+02,  1.162754854318275E+02,  2.462406005176901E+06,  6.125472523678745E+01,  3.031025295440245E+01,  3.031866288931739E+01,  2.371470077519513E-03,  2.371814880962302E-03,  5.877097621585551E+00,
2462407.500000000, A.D. 2029-Sep-28 00:00:00.0000,  1.249693658084958E-04,  2.371179144249149E-03,  1.290504218266104E+02,  2.236472862571992E+02,  1.224176357245413E+02,  2.462406105395474E+06,  6.125451491058622E+01,  8.542582370695256E+01,  8.544009870742050E+01,  2.371475506039169E-03,  2.371771867829189E-03,  5.877117801446886E+00,
2462408.500000000, A.D. 2029-Sep-29 00:00:00.0000,  1.091504579457213E-04,  2.371201981205118E-03,  1.290507798261428E+02,  2.236482047929379E+02,  1.150391916251135E+02,  2.462405984908559E+06,  6.125508363856920E+01,  1.540621365792391E+02,  1.540676067372422E+02,  2.371460827240413E-03,  2.371719673275707E-03,  5.877063234851684E+00,
2462409.500000000, A.D. 2029-Sep-30 00:00:00.0000,  1.087650578499949E-04,  2.371213831223281E-03,  1.290503546625788E+02,  2.236492803894081E+02,  1.046290480343647E+02,  2.462411691995092E+06,  6.125465987566292E+01,  2.257300862158679E+02,  2.257211624155700E+02,  2.371471764486935E-03,  2.371729697750589E-03,  5.877103892679216E+00,
2462410.500000000, A.D. 2029-Oct-01 00:00:00.0000,  1.332633957884401E-04,  2.371158589225565E-03,  1.290502574292299E+02,  2.236494245781579E+02,  1.015147749145323E+02,  2.462411641105494E+06,  6.125454924032399E+01,  2.901020973684923E+02,  2.900877559625648E+02,  2.371474619986450E-03,  2.371790650747335E-03,  5.877114507652132E+00,
2462411.500000000, A.D. 2029-Oct-02 00:00:00.0000,  1.433845862926572E-04,  2.371118543567144E-03,  1.290505871852372E+02,  2.236504335706914E+02,  1.090354127141576E+02,  2.462411763825319E+06,  6.125517093409914E+01,  3.438393349985603E+02,  3.438347610355022E+02,  2.371458574173712E-03,  2.371798604780279E-03,  5.877054859373472E+00,
2462412.500000000, A.D. 2029-Oct-03 00:00:00.0000,  1.445304506376119E-04,  2.371127861567823E-03,  1.290501144127265E+02,  2.236514334046809E+02,  1.168881746960601E+02,  2.462411891974630E+06,  6.125470455620741E+01,  3.724441440068539E+01,  3.725443941782539E+01,  2.371470611283946E-03,  2.371813361000070E-03,  5.877099605788866E+00,
2462413.500000000, A.D. 2029-Oct-04 00:00:00.0000,  1.227633620786625E-04,  2.371179332895343E-03,  1.290500806447032E+02,  2.236515566499788E+02,  1.213906589755966E+02,  2.462411965429602E+06,  6.125471031761341E+01,  9.399966519465787E+01,  9.401369842702195E+01,  2.371470462582400E-03,  2.371761592269457E-03,  5.877099053009221E+00,
2462414.500000000, A.D. 2029-Oct-05 00:00:00.0000,  1.107795277856902E-04,  2.371193047815934E-03,  1.290503913989068E+02,  2.236526342572779E+02,  1.139091261556578E+02,  2.462411843263365E+06,  6.125528010322382E+01,  1.627391467594126E+02,  1.627429129747887E+02,  2.371455756564811E-03,  2.371718465313688E-03,  5.877044385289709E+00,
2462415.500000000, A.D. 2029-Oct-06 00:00:00.0000,  1.117881379471714E-04,  2.371204496070342E-03,  1.290498840753308E+02,  2.236535774982604E+02,  1.040612544739176E+02,  2.462417559516222E+06,  6.125474380633579E+01,  2.338448614518454E+02,  2.338345192408923E+02,  2.371469598240927E-03,  2.371734700411513E-03,  5.877095839926833E+00,
2462416.500000000, A.D. 2029-Oct-07 00:00:00.0000,  1.353992571392776E-04,  2.371147338812632E-03,  1.290499060668040E+02,  2.236536956093748E+02,  1.032077658019718E+02,  2.462417545532650E+06,  6.125478891941475E+01,  2.959561182253057E+02,  2.959421666471639E+02,  2.371468433876908E-03,  2.371789528941184E-03,  5.877091511548703E+00,
2462417.500000000, A.D. 2029-Oct-08 00:00:00.0000,  1.425023932296955E-04,  2.371117245324390E-03,  1.290501905750004E+02,  2.236548311146429E+02,  1.102819993144440E+02,  2.462417660968490E+06,  6.125530231212655E+01,  3.501398264577833E+02,  3.501370296208207E+02,  2.371455183363457E-03,  2.371793121402523E-03,  5.877042254491196E+00,
2462418.500000000, A.D. 2029-Oct-09 00:00:00.0000,  1.417014173230912E-04,  2.371134532639224E-03,  1.290496685928571E+02,  2.236557112694938E+02,  1.181652456281485E+02,  2.462417789614676E+06,  6.125470602476297E+01,  4.351444414495737E+01,  4.352562590469450E+01,  2.371470573380612E-03,  2.371806614122000E-03,  5.877099464887897E+00,
2462419.500000000, A.D. 2029-Oct-10 00:00:00.0000,  1.186385802627486E-04,  2.371186808668559E-03,  1.290497404807757E+02,  2.236558497808446E+02,  1.206472048782490E+02,  2.462417830086094E+06,  6.125479967472062E+01,  1.022902418086529E+02,  1.023035247972011E+02,  2.371468156283759E-03,  2.371749503898959E-03,  5.877090479630925E+00,
2462420.500000000, A.D. 2029-Oct-11 00:00:00.0000,  1.094077976286614E-04,  2.371197889738843E-03,  1.290499846437899E+02,  2.236570226567209E+02,  1.124347877322197E+02,  2.462417695984400E+06,  6.125521853303858E+01,  1.717605883441457E+02,  1.717623848051973E+02,  2.371457345664203E-03,  2.371716801589563E-03,  5.877050292553124E+00,
2462421.500000000, A.D. 2029-Oct-12 00:00:00.0000,  1.143114483145138E-04,  2.371202939682014E-03,  1.290494646552737E+02,  2.236578353251209E+02,  1.021119172064825E+02,  2.462423404490110E+06,  6.125457224198404E+01,  2.433412729904825E+02,  2.433295671189820E+02,  2.371474026312602E-03,  2.371745112943189E-03,  5.877112300741120E+00,
2462422.500000000, A.D. 2029-Oct-13 00:00:00.0000,  1.388472438902300E-04,  2.371140723635994E-03,  1.290495871793411E+02,  2.236580215907267E+02,  1.036428452183254E+02,  2.462423429428734E+06,  6.125472840652316E+01,  3.030680953174980E+02,  3.030547605088198E+02,  2.371469995708866E-03,  2.371799267781739E-03,  5.877097317464602E+00,
2462423.500000000, A.D. 2029-Oct-14 00:00:00.0000,  1.451343628161272E-04,  2.371116333601596E-03,  1.290497696085701E+02,  2.236592356078459E+02,  1.110010514004108E+02,  2.462423549501631E+06,  6.125509577464636E+01,  3.569677728543923E+02,  3.569668929450741E+02,  2.371460514012240E-03,  2.371804694422885E-03,  5.877062070467040E+00,
2462424.500000000, A.D. 2029-Oct-15 00:00:00.0000,  1.415510677062584E-04,  2.371140770224789E-03,  1.290492534416151E+02,  2.236599587824576E+02,  1.197131476465843E+02,  2.462423691676290E+06,  6.125447813388572E+01,  4.951344699263174E+01,  4.952578509068039E+01,  2.371476455249070E-03,  2.371812140273351E-03,  5.877121330021576E+00,
2462425.500000000, A.D. 2029-Oct-16 00:00:00.0000,  1.165723982574355E-04,  2.371192629893076E-03,  1.290494340456602E+02,  2.236601979092296E+02,  1.206395585072332E+02,  2.462423706754988E+06,  6.125476397339985E+01,  1.098447999660269E+02,  1.098573642880766E+02,  2.371469077730861E-03,  2.371745525568645E-03,  5.877093904995399E+00,
2462426.500000000, A.D. 2029-Oct-17 00:00:00.0000,  1.077957526519429E-04,  2.371205218393206E-03,  1.290495491846962E+02,  2.236614540195911E+02,  1.120856666887764E+02,  2.462423567074659E+06,  6.125508268698044E+01,  1.796565842988900E+02,  1.796566583259800E+02,  2.371460851800611E-03,  2.371716485208015E-03,  5.877063326151003E+00,
2462427.500000000, A.D. 2029-Oct-18 00:00:00.0000,  1.158242886324327E-04,  2.371201303136223E-03,  1.290490336833744E+02,  2.236620824755688E+02,  1.013544687231904E+02,  2.462429268922525E+06,  6.125449663806887E+01,  2.516455411007852E+02,  2.516329444058099E+02,  2.371475977654343E-03,  2.371750652172464E-03,  5.877119554620006E+00,
2462428.500000000, A.D. 2029-Oct-19 00:00:00.0000,  1.391363267295992E-04,  2.371136582341209E-03,  1.290492745937782E+02,  2.236623685219529E+02,  1.045011206520368E+02,  2.462429320234105E+06,  6.125486231743442E+01,  3.097566727955194E+02,  3.097444143218088E+02,  2.371466539484475E-03,  2.371796496627740E-03,  5.877084469383200E+00,
2462429.500000000, A.D. 2029-Oct-20 00:00:00.0000,  1.444272651767271E-04,  2.371116589571226E-03,  1.290493281505491E+02,  2.236636645413365E+02,  1.114236097421333E+02,  2.462429433195630E+06,  6.125515083505312E+01,  4.092111793359774E+00,  4.093293026448493E+00,  2.371459092922495E-03,  2.371801596273765E-03,  5.877056787753281E+00,
2462430.500000000, A.D. 2029-Oct-21 00:00:00.0000,  1.387907455321419E-04,  2.371145176230727E-03,  1.290488146164554E+02,  2.236642067477802E+02,  1.200370907728155E+02,  2.462429573760475E+06,  6.125456106004438E+01,  5.673639550930456E+01,  5.674969520616001E+01,  2.371474314918905E-03,  2.371803453607083E-03,  5.877113373600250E+00,
2462431.500000000, A.D. 2029-Oct-22 00:00:00.0000,  1.156631082333054E-04,  2.371188090666467E-03,  1.290491042102333E+02,  2.236645297144556E+02,  1.188245401264262E+02,  2.462429553926627E+06,  6.125502342336747E+01,  1.192067700387832E+02,  1.192183381815550E+02,  2.371462381376555E-03,  2.371736672086643E-03,  5.877069012150075E+00,
2462432.500000000, A.D. 2029-Oct-23 00:00:00.0000,  1.092793965888336E-04,  2.371198950107266E-03,  1.290491104817312E+02,  2.236658522550663E+02,  1.108845408686519E+02,  2.462435301318045E+06,  6.125518924340680E+01,  1.884047330184372E+02,  1.884029029182020E+02,  2.371458101617646E-03,  2.371717253128027E-03,  5.877053102709147E+00,
2462433.500000000, A.D. 2029-Oct-24 00:00:00.0000,  1.202095524830246E-04,  2.371188274216579E-03,  1.290486083838630E+02,  2.236663298583493E+02,  1.014396306592835E+02,  2.462435147101816E+06,  6.125459852425630E+01,  2.591074395142909E+02,  2.590939130790978E+02,  2.371473347966464E-03,  2.371758421716349E-03,  5.877109779071412E+00,
2462434.500000000, A.D. 2029-Oct-25 00:00:00.0000,  1.405606659923798E-04,  2.371128965427685E-03,  1.290489341610481E+02,  2.236667022684200E+02,  1.060983149735250E+02,  2.462435223098589E+06,  6.125502658607710E+01,  3.157065766958902E+02,  3.156953271834961E+02,  2.371462299747913E-03,  2.371795634068140E-03,  5.877068708706198E+00,
2462435.500000000, A.D. 2029-Oct-26 00:00:00.0000,  1.442728179373657E-04,  2.371117675531542E-03,  1.290488930902417E+02,  2.236680272117962E+02,  1.128142427703041E+02,  2.462435332689994E+06,  6.125512294629213E+01,  1.024859498388908E+01,  1.025153694929216E+01,  2.371459812721347E-03,  2.371801949911154E-03,  5.877059463510413E+00,
2462436.500000000, A.D. 2029-Oct-27 00:00:00.0000,  1.349470822572694E-04,  2.371155876487193E-03,  1.290484249054206E+02,  2.236684529691704E+02,  1.213303190689214E+02,  2.462435471662567E+06,  6.125449963742986E+01,  6.299029489488127E+01,  6.300407310449257E+01,  2.371475900240574E-03,  2.371795923993955E-03,  5.877119266843545E+00,
2462437.500000000, A.D. 2029-Oct-28 00:00:00.0000,  1.125538370069847E-04,  2.371195887612525E-03,  1.290487664045528E+02,  2.236688924292870E+02,  1.179711920093074E+02,  2.462435416786959E+06,  6.125500701583177E+01,  1.276072294347324E+02,  1.276174462941634E+02,  2.371462804850530E-03,  2.371729722088534E-03,  5.877070586359667E+00,
2462438.500000000, A.D. 2029-Oct-29 00:00:00.0000,  1.075250062709489E-04,  2.371208713670217E-03,  1.290486698489968E+02,  2.236702008684223E+02,  1.090273294662099E+02,  2.462441147801401E+06,  6.125497212708865E+01,  1.978089990081694E+02,  1.978052310359040E+02,  2.371463705320003E-03,  2.371718696969789E-03,  5.877073933738646E+00,
2462439.500000000, A.D. 2029-Oct-30 00:00:00.0000,  1.237080511783667E-04,  2.371184225271264E-03,  1.290482425075785E+02,  2.236705737309848E+02,  1.003300982306116E+02,  2.462441005785252E+06,  6.125443393052079E+01,  2.677639767635484E+02,  2.677498117444673E+02,  2.371477596143096E-03,  2.371770967014928E-03,  5.877125571160090E+00,
2462440.500000000, A.D. 2029-Oct-31 00:00:00.0000,  1.429178645340753E-04,  2.371125675428779E-03,  1.290486019737538E+02,  2.236711004063559E+02,  1.065100484693747E+02,  2.462441106614970E+06,  6.125493745938928E+01,  3.228418379662194E+02,  3.228319444567581E+02,  2.371464600085242E-03,  2.371803524741704E-03,  5.877077259913494E+00,
2462441.500000000, A.D. 2029-Nov-01 00:00:00.0000,  1.465126846241636E-04,  2.371118452176588E-03,  1.290484344427427E+02,  2.236723881727353E+02,  1.137156784614805E+02,  2.462441224200501E+06,  6.125488701625107E+01,  1.689406713577604E+01,  1.689894696058906E+01,  2.371465902012385E-03,  2.371813351848183E-03,  5.877082099661552E+00,
2462442.500000000, A.D. 2029-Nov-02 00:00:00.0000,  1.331284137181808E-04,  2.371162649970419E-03,  1.290480603049952E+02,  2.236726943823178E+02,  1.222165270343573E+02,  2.462441362923452E+06,  6.125440429179674E+01,  6.965094661056658E+01,  6.966525076545818E+01,  2.371478361122803E-03,  2.371794072275187E-03,  5.877128414882187E+00,
2462443.500000000, A.D. 2029-Nov-03 00:00:00.0000,  1.120162269354913E-04,  2.371196165408778E-03,  1.290484350065024E+02,  2.236733103609882E+02,  1.174882732614245E+02,  2.462441285700327E+06,  6.125504565390584E+01,  1.356370275714864E+02,  1.356460017028613E+02,  2.371461807612788E-03,  2.371727449816798E-03,  5.877066879257891E+00,
2462444.500000000, A.D. 2029-Nov-04 00:00:00.0000,  1.073276855313926E-04,  2.371210948905012E-03,  1.290481962256606E+02,  2.236745739772366E+02,  1.082930307980720E+02,  2.462447012612595E+06,  6.125490364585363E+01,  2.060901575810260E+02,  2.060847493855775E+02,  2.371465472805526E-03,  2.371719996706040E-03,  5.877080504139664E+00,
2462445.500000000, A.D. 2029-Nov-05 00:00:00.0000,  1.259489869113125E-04,  2.371176262084123E-03,  1.290478610251019E+02,  2.236748108042050E+02,  1.009163903911829E+02,  2.462446892149586E+06,  6.125453657221025E+01,  2.747245222730579E+02,  2.747101384349393E+02,  2.371474946951176E-03,  2.371773631818230E-03,  5.877115723104231E+00,
2462446.500000000, A.D. 2029-Nov-06 00:00:00.0000,  1.415852151967897E-04,  2.371123056745456E-03,  1.290482600716622E+02,  2.236755014036553E+02,  1.075875699023795E+02,  2.462447000998922E+06,  6.125516139970244E+01,  3.293112302011628E+02,  3.293029483867514E+02,  2.371458820252852E-03,  2.371794583760248E-03,  5.877055774140017E+00,
2462447.500000000, A.D. 2029-Nov-07 00:00:00.0000,  1.448227516261345E-04,  2.371120538659870E-03,  1.290479620024501E+02,  2.236767503829387E+02,  1.144016254341909E+02,  2.462447112193416E+06,  6.125496146139722E+01,  2.375507732246539E+01,  2.376176354489352E+01,  2.371463980598923E-03,  2.371807422537975E-03,  5.877074957052604E+00,
2462448.500000000, A.D. 2029-Nov-08 00:00:00.0000,  1.290219947606773E-04,  2.371167188339902E-03,  1.290476718081850E+02,  2.236769339402763E+02,  1.216636861436525E+02,  2.462447230695133E+06,  6.125460578612234E+01,  7.775076925755914E+01,  7.776521799119263E+01,  2.371473160537596E-03,  2.371779132735290E-03,  5.877109082327332E+00,
2462449.500000000, A.D. 2029-Nov-09 00:00:00.0000,  1.121898223969492E-04,  2.371190307785322E-03,  1.290480794545725E+02,  2.236776914795102E+02,  1.156407211477458E+02,  2.462447132339937E+06,  6.125525668210414E+01,  1.450316248892788E+02,  1.450389921312832E+02,  2.371456361053292E-03,  2.371722414321261E-03,  5.877046632394160E+00,
2462450.500000000, A.D. 2029-Nov-10 00:00:00.0000,  1.096275710089989E-04,  2.371204532453233E-03,  1.290477392436597E+02,  2.236789068210678E+02,  1.068049354165690E+02,  2.462452865109735E+06,  6.125494093628886E+01,  2.151253428993627E+02,  2.151181157213285E+02,  2.371464510347236E-03,  2.371724488241239E-03,  5.877076926323956E+00,
2462451.500000000, A.D. 2029-Nov-11 00:00:00.0000,  1.303935741548921E-04,  2.371163360549826E-03,  1.290474928888690E+02,  2.236790631593986E+02,  1.016890154777662E+02,  2.462452781551961E+06,  6.125462807210712E+01,  2.814990112758106E+02,  2.814843687109646E+02,  2.371472585336238E-03,  2.371781810122649E-03,  5.877106944086228E+00,
2462452.500000000, A.D. 2029-Nov-12 00:00:00.0000,  1.426538444240606E-04,  2.371119286861547E-03,  1.290478936643285E+02,  2.236798826149925E+02,  1.088897517494565E+02,  2.462452899049060E+06,  6.125520928303905E+01,  3.355561663237881E+02,  3.355494008507094E+02,  2.371457584402851E-03,  2.371795881944154E-03,  5.877051180032134E+00,
2462453.500000000, A.D. 2029-Nov-13 00:00:00.0000,  1.446449354885519E-04,  2.371124940543995E-03,  1.290475202798792E+02,  2.236810525597095E+02,  1.160981845544702E+02,  2.462453016680972E+06,  6.125480722646165E+01,  2.960561388881824E+01,  2.961380371852332E+01,  2.371467961374281E-03,  2.371810982204567E-03,  5.877089755079377E+00,
2462454.500000000, A.D. 2029-Nov-14 00:00:00.0000,  1.249439354190244E-04,  2.371178479281181E-03,  1.290473338811337E+02,  2.236812047849182E+02,  1.223270204466681E+02,  2.462453118314445E+06,  6.125454301458826E+01,  8.463451729733148E+01,  8.464877229319514E+01,  2.371474780673024E-03,  2.371771082064868E-03,  5.877115104985161E+00,
2462455.500000000, A.D. 2029-Nov-15 00:00:00.0000,  1.095663895482133E-04,  2.371199925872422E-03,  1.290477051701409E+02,  2.236821026148393E+02,  1.149839946760668E+02,  2.462452998406954E+06,  6.125512506043430E+01,  1.532353948836126E+02,  1.532410482085362E+02,  2.371459758156082E-03,  2.371719590439743E-03,  5.877059260671235E+00,
2462456.500000000, A.D. 2029-Nov-16 00:00:00.0000,  1.090612857045644E-04,  2.371212465599901E-03,  1.290472930248347E+02,  2.236831989826963E+02,  1.047634420384369E+02,  2.462458708585596E+06,  6.125468557115374E+01,  2.247137837531276E+02,  2.247049917908749E+02,  2.371471101287218E-03,  2.371729736974536E-03,  5.877101427315666E+00,
2462457.500000000, A.D. 2029-Nov-17 00:00:00.0000,  1.333073606328130E-04,  2.371158707303505E-03,  1.290471747501209E+02,  2.236833462047452E+02,  1.015429482548570E+02,  2.462458655963205E+06,  6.125454062472441E+01,  2.891920049164320E+02,  2.891775772280114E+02,  2.371474842355547E-03,  2.371790977407588E-03,  5.877115334282530E+00,
2462458.500000000, A.D. 2029-Nov-18 00:00:00.0000,  1.440479783800900E-04,  2.371118378184556E-03,  1.290475134144526E+02,  2.236843286657136E+02,  1.091062245376886E+02,  2.462458779379146E+06,  6.125511637977740E+01,  3.428865978887642E+02,  3.428817397322066E+02,  2.371459982200801E-03,  2.371801586217046E-03,  5.877060093527949E+00,
2462459.500000000, A.D. 2029-Nov-19 00:00:00.0000,  1.452293682026242E-04,  2.371127645587731E-03,  1.290470574058220E+02,  2.236853482739619E+02,  1.170486179466502E+02,  2.462458908991490E+06,  6.125464869825080E+01,  3.620201868792449E+01,  3.621184949591666E+01,  2.371472052975694E-03,  2.371816460363658E-03,  5.877104965100880E+00,
2462460.500000000, A.D. 2029-Nov-20 00:00:00.0000,  1.231236649065773E-04,  2.371180970053177E-03,  1.290470111218251E+02,  2.236854867222366E+02,  1.220072615681906E+02,  2.462458989891681E+06,  6.125461376918945E+01,  9.250110183113151E+01,  9.251519722862155E+01,  2.371472954494561E-03,  2.371764938935945E-03,  5.877108316387376E+00,
2462461.500000000, A.D. 2029-Nov-21 00:00:00.0000,  1.101522729121784E-04,  2.371196394809770E-03,  1.290473181286361E+02,  2.236865502179767E+02,  1.144312569043797E+02,  2.462458866182867E+06,  6.125520804886732E+01,  1.613350164624939E+02,  1.613390555718901E+02,  2.371457616256316E-03,  2.371718837702861E-03,  5.877051298443133E+00,
2462462.500000000, A.D. 2029-Nov-22 00:00:00.0000,  1.107439143888981E-04,  2.371208027282077E-03,  1.290468197584998E+02,  2.236874969029344E+02,  1.042172926270522E+02,  2.462464576464234E+06,  6.125470293120861E+01,  2.328068002046118E+02,  2.327966919221911E+02,  2.371470653225073E-03,  2.371733279168069E-03,  5.877099761699830E+00,
2462463.500000000, A.D. 2029-Nov-23 00:00:00.0000,  1.346188962228285E-04,  2.371149667306068E-03,  1.290468347952125E+02,  2.236876203734458E+02,  1.030099360888097E+02,  2.462464556702650E+06,  6.125477040106768E+01,  2.952719217774837E+02,  2.952579709979344E+02,  2.371468911833405E-03,  2.371788156360743E-03,  5.877093288292288E+00,
2462464.500000000, A.D. 2029-Nov-24 00:00:00.0000,  1.424279917692150E-04,  2.371117592185966E-03,  1.290471201138391E+02,  2.236887504325555E+02,  1.100236060114664E+02,  2.462464671149290E+06,  6.125529570812579E+01,  3.495161996088754E+02,  3.495132293519754E+02,  2.371455353809580E-03,  2.371793115433193E-03,  5.877042888101580E+00,
2462465.500000000, A.D. 2029-Nov-25 00:00:00.0000,  1.421904039956255E-04,  2.371132896014223E-03,  1.290465981122866E+02,  2.236896350921277E+02,  1.179007616399461E+02,  2.462464799696366E+06,  6.125472450893704E+01,  4.289690617362186E+01,  4.290799851668126E+01,  2.371470096305280E-03,  2.371807296596337E-03,  5.877097691419314E+00,
2462466.500000000, A.D. 2029-Nov-26 00:00:00.0000,  1.195392310444928E-04,  2.371184493639686E-03,  1.290466671141753E+02,  2.236897690053793E+02,  1.207557936225255E+02,  2.462464846258223E+06,  6.125480661724381E+01,  1.012996327732621E+02,  1.013130650398908E+02,  2.371467977098115E-03,  2.371751460556543E-03,  5.877089813530757E+00,
2462467.500000000, A.D. 2029-Nov-27 00:00:00.0000,  1.101603038499268E-04,  2.371194674829540E-03,  1.290469176804204E+02,  2.236909401297563E+02,  1.127736047643587E+02,  2.462464715916880E+06,  6.125527395941410E+01,  1.705397742335251E+02,  1.705418487770469E+02,  2.371455915133718E-03,  2.371717155437895E-03,  5.877044974748218E+00,
2462468.500000000, A.D. 2029-Nov-28 00:00:00.0000,  1.141144845739645E-04,  2.371201840773229E-03,  1.290463915942717E+02,  2.236917631213819E+02,  1.026571781436670E+02,  2.462470427788376E+06,  6.125463292315576E+01,  2.419140306728244E+02,  2.419024947577012E+02,  2.371472460130698E-03,  2.371743079488167E-03,  5.877106478649897E+00,
2462469.500000000, A.D. 2029-Nov-29 00:00:00.0000,  1.381921954420118E-04,  2.371140467507432E-03,  1.290465043660370E+02,  2.236919286285815E+02,  1.039550450791084E+02,  2.462470448922616E+06,  6.125479852714813E+01,  3.018739363033773E+02,  3.018604872452227E+02,  2.371468185902463E-03,  2.371795904297494E-03,  5.877090589734745E+00,
2462470.500000000, A.D. 2029-Nov-30 00:00:00.0000,  1.445114193167685E-04,  2.371116440201989E-03,  1.290467083657579E+02,  2.236931369209540E+02,  1.111256514420215E+02,  2.462470565933384E+06,  6.125514888980554E+01,  3.559612407564431E+02,  3.559600742190171E+02,  2.371459143128615E-03,  2.371801846055240E-03,  5.877056974387885E+00,
2462471.500000000, A.D. 2029-Dec-01 00:00:00.0000,  1.411018121942888E-04,  2.371140765722870E-03,  1.290461889289240E+02,  2.236938863873758E+02,  1.196903310959777E+02,  2.462470705701585E+06,  6.125451959255162E+01,  4.865436782135831E+01,  4.866650798005411E+01,  2.371475385197295E-03,  2.371810004671720E-03,  5.877117352231671E+00,
2462472.500000000, A.D. 2029-Dec-02 00:00:00.0000,  1.162295936755261E-04,  2.371194587919697E-03,  1.290463552960502E+02,  2.236941100596277E+02,  1.209079939313759E+02,  2.462470725533349E+06,  6.125471960249826E+01,  1.086944571726017E+02,  1.087070728257737E+02,  2.371470222940123E-03,  2.371745857960549E-03,  5.877098162168674E+00,
2462473.500000000, A.D. 2029-Dec-03 00:00:00.0000,  1.075610302063081E-04,  2.371206274111409E-03,  1.290464910095742E+02,  2.236953492850753E+02,  1.120350736366049E+02,  2.462470580645263E+06,  6.125506334785165E+01,  1.788252593733152E+02,  1.788255120342702E+02,  2.371461350937411E-03,  2.371716427763412E-03,  5.877065181626753E+00,
2462474.500000000, A.D. 2029-Dec-04 00:00:00.0000,  1.155130709292388E-04,  2.371203655540239E-03,  1.290459816868007E+02,  2.236960077497560E+02,  1.010991198212675E+02,  2.462476279153414E+06,  6.125443408331124E+01,  2.510189644788633E+02,  2.510064479791459E+02,  2.371477592199554E-03,  2.371751528858868E-03,  5.877125556500438E+00,
2462475.500000000, A.D. 2029-Dec-05 00:00:00.0000,  1.395117593135286E-04,  2.371137005397387E-03,  1.290461995195180E+02,  2.236962847571915E+02,  1.043719779079753E+02,  2.462476332524237E+06,  6.125481142348253E+01,  3.090038848668816E+02,  3.089914600540189E+02,  2.371467853049722E-03,  2.371798700702056E-03,  5.877089352396424E+00,
2462476.500000000, A.D. 2029-Dec-06 00:00:00.0000,  1.454078898884589E-04,  2.371116367840445E-03,  1.290462691162420E+02,  2.236975650738224E+02,  1.114676207725473E+02,  2.462476448312132E+06,  6.125506931182738E+01,  3.166143959428311E+00,  3.167064422558877E+00,  2.371461197009055E-03,  2.371806026177664E-03,  5.877064609418207E+00,
2462477.500000000, A.D. 2029-Dec-07 00:00:00.0000,  1.394576756973941E-04,  2.371144796077765E-03,  1.290457596892976E+02,  2.236981314703257E+02,  1.202261117040437E+02,  2.462476591243890E+06,  6.125451450368674E+01,  5.566541430237954E+01,  5.567861176768715E+01,  2.371475516541276E-03,  2.371806237004786E-03,  5.877117840487212E+00,
2462478.500000000, A.D. 2029-Dec-08 00:00:00.0000,  1.155611080888191E-04,  2.371190965272780E-03,  1.290460375870577E+02,  2.236984555755427E+02,  1.195436124696864E+02,  2.462476580060888E+06,  6.125492140685721E+01,  1.176057194449368E+02,  1.176174534449962E+02,  2.371465014397638E-03,  2.371739063522495E-03,  5.877078800066824E+00,
2462479.500000000, A.D. 2029-Dec-09 00:00:00.0000,  1.088108935621696E-04,  2.371200875166318E-03,  1.290460487213292E+02,  2.236997673134819E+02,  1.113015871842865E+02,  2.462482322526743E+06,  6.125515770041820E+01,  1.871056792308089E+02,  1.871041370491964E+02,  2.371458915729984E-03,  2.371716956293650E-03,  5.877056129063598E+00,
2462480.500000000, A.D. 2029-Dec-10 00:00:00.0000,  1.191162587388144E-04,  2.371191732428825E-03,  1.290455490768859E+02,  2.237002544234135E+02,  1.014368046202637E+02,  2.462482161456008E+06,  6.125456498696807E+01,  2.582282349918161E+02,  2.582148727603045E+02,  2.371474213564840E-03,  2.371756694700855E-03,  5.877112996828728E+00,
2462481.500000000, A.D. 2029-Dec-11 00:00:00.0000,  1.396303227879105E-04,  2.371130191189532E-03,  1.290458671515028E+02,  2.237006191779102E+02,  1.060425239419936E+02,  2.462482236586565E+06,  6.125506458143535E+01,  3.148803424214470E+02,  3.148690033900754E+02,  2.371461319098997E-03,  2.371792447008462E-03,  5.877065063271611E+00,
2462482.500000000, A.D. 2029-Dec-12 00:00:00.0000,  1.438745710779169E-04,  2.371117485716389E-03,  1.290458320840767E+02,  2.237019482192381E+02,  1.125900199198802E+02,  2.462482343428444E+06,  6.125516689905859E+01,  9.590816774448509E+00,  9.593564141012726E+00,  2.371458678316561E-03,  2.371799870916733E-03,  5.877055246510686E+00,
2462483.500000000, A.D. 2029-Dec-13 00:00:00.0000,  1.350846774416180E-04,  2.371153348869117E-03,  1.290453495192242E+02,  2.237023772681652E+02,  1.209012918412091E+02,  2.462482479058743E+06,  6.125458493797203E+01,  6.253733295652277E+01,  6.255106922120606E+01,  2.371473698628758E-03,  2.371794048388398E-03,  5.877111082616024E+00,
2462484.500000000, A.D. 2029-Dec-14 00:00:00.0000,  1.131140733945375E-04,  2.371193471411352E-03,  1.290456972173644E+02,  2.237027970643281E+02,  1.179245373862623E+02,  2.462482430425043E+06,  6.125504916059937E+01,  1.267719157376879E+02,  1.267822976778846E+02,  2.371461717106073E-03,  2.371729962800794E-03,  5.877066542810974E+00,
2462485.500000000, A.D. 2029-Dec-15 00:00:00.0000,  1.085137014093541E-04,  2.371203975322989E-03,  1.290456138105186E+02,  2.237041197966264E+02,  1.093822966833294E+02,  2.462488167990288E+06,  6.125506488098809E+01,  1.965720817894760E+02,  1.965685355927956E+02,  2.371461311367634E-03,  2.371718647412280E-03,  5.877065034531279E+00,
2462486.500000000, A.D. 2029-Dec-16 00:00:00.0000,  1.235998512083963E-04,  2.371183359265049E-03,  1.290451723789188E+02,  2.237045005407557E+02,  1.006660743258747E+02,  2.462488025666918E+06,  6.125447743046980E+01,  2.665460702252228E+02,  2.665319325844118E+02,  2.371476473404307E-03,  2.371769587543563E-03,  5.877121397511511E+00,
2462487.500000000, A.D. 2029-Dec-17 00:00:00.0000,  1.423176251661515E-04,  2.371125383775133E-03,  1.290455316889610E+02,  2.237049979320178E+02,  1.067891077083516E+02,  2.462488125567851E+06,  6.125500392046713E+01,  3.216808388311251E+02,  3.216707255366263E+02,  2.371462884741059E-03,  2.371800385706986E-03,  5.877070883342368E+00,
2462488.500000000, A.D. 2029-Dec-18 00:00:00.0000,  1.459579389530186E-04,  2.371118621977847E-03,  1.290453866348414E+02,  2.237062968711214E+02,  1.138296162981676E+02,  2.462488240458097E+06,  6.125493141514183E+01,  1.589822145657559E+01,  1.590280387931441E+01,  2.371464756085945E-03,  2.371810890194044E-03,  5.877077839826137E+00,
2462489.500000000, A.D. 2029-Dec-19 00:00:00.0000,  1.329162889993727E-04,  2.371162514120863E-03,  1.290449932224623E+02,  2.237066218424150E+02,  1.222078787445583E+02,  2.462488377180065E+06,  6.125442904887093E+01,  6.877769400809972E+01,  6.879189301938578E+01,  2.371477722139134E-03,  2.371792930157406E-03,  5.877126039535515E+00,
2462490.500000000, A.D. 2029-Dec-20 00:00:00.0000,  1.114015117848584E-04,  2.371198983196241E-03,  1.290453664592838E+02,  2.237072102557207E+02,  1.176868079792139E+02,  2.462488303336918E+06,  6.125499295417083E+01,  1.345565816062018E+02,  1.345656769989824E+02,  2.371463167778274E-03,  2.371727352360307E-03,  5.877071935496610E+00,
2462491.500000000, A.D. 2029-Dec-21 00:00:00.0000,  1.069164741239788E-04,  2.371212840475226E-03,  1.290451502543683E+02,  2.237084807141864E+02,  1.082884632899755E+02,  2.462494026937336E+06,  6.125486813631824E+01,  2.052127867033205E+02,  2.052075683294526E+02,  2.371466389300074E-03,  2.371719938124922E-03,  5.877083911091708E+00,
2462492.500000000, A.D. 2029-Dec-22 00:00:00.0000,  1.256930137788217E-04,  2.371178975902054E-03,  1.290448094706884E+02,  2.237087415789301E+02,  1.005487373894676E+02,  2.462493900547510E+06,  6.125445493557257E+01,  2.742102256682868E+02,  2.741958610133764E+02,  2.371477054000079E-03,  2.371775132098103E-03,  5.877123555807459E+00,
2462493.500000000, A.D. 2029-Dec-23 00:00:00.0000,  1.419713854776503E-04,  2.371123703173350E-03,  1.290451972340033E+02,  2.237094192960575E+02,  1.073502370324416E+02,  2.462494011523423E+06,  6.125510086276935E+01,  3.286665811491004E+02,  3.286581198477883E+02,  2.371460382689485E-03,  2.371797062205621E-03,  5.877061582291946E+00,
2462494.500000000, A.D. 2029-Dec-24 00:00:00.0000,  1.455591196676916E-04,  2.371119840108904E-03,  1.290449101091830E+02,  2.237106656665490E+02,  1.143116164443424E+02,  2.462494125122648E+06,  6.125492086159385E+01,  2.296308254413598E+01,  2.296959107538544E+01,  2.371465028470771E-03,  2.371810216832638E-03,  5.877078852381899E+00,
2462495.500000000, A.D. 2029-Dec-25 00:00:00.0000,  1.299706897560646E-04,  2.371165482625055E-03,  1.290446152082012E+02,  2.237108601404906E+02,  1.217788107874910E+02,  2.462494246973311E+06,  6.125458470281399E+01,  7.675362946704256E+01,  7.676812728958437E+01,  2.371473704698193E-03,  2.371781926771331E-03,  5.877111105178416E+00,
2462496.500000000, A.D. 2029-Dec-26 00:00:00.0000,  1.124332983957875E-04,  2.371190327492122E-03,  1.290450203418487E+02,  2.237116118951963E+02,  1.161317075867640E+02,  2.462494154753486E+06,  6.125523354468615E+01,  1.436586229586780E+02,  1.436662570337549E+02,  2.371456958219938E-03,  2.371723588947754E-03,  5.877048852280962E+00,
2462497.500000000, A.D. 2029-Dec-27 00:00:00.0000,  1.091551772709565E-04,  2.371205503524502E-03,  1.290446832749051E+02,  2.237128294863124E+02,  1.073170971112765E+02,  2.462499887869926E+06,  6.125494671743201E+01,  2.137311549111620E+02,  2.137242099023665E+02,  2.371464361137234E-03,  2.371723218749967E-03,  5.877076371654907E+00,
2462498.500000000, A.D. 2029-Dec-28 00:00:00.0000,  1.292984183139692E-04,  2.371165741504990E-03,  1.290444329715046E+02,  2.237129861902637E+02,  1.017340850679718E+02,  2.462499796687094E+06,  6.125463644889517E+01,  2.805719034689351E+02,  2.805573380335965E+02,  2.371472369131394E-03,  2.371778996757798E-03,  5.877106140371080E+00,
2462499.500000000, A.D. 2029-Dec-29 00:00:00.0000,  1.417688072089388E-04,  2.371120068093634E-03,  1.290448373260690E+02,  2.237138006872935E+02,  1.087851396395080E+02,  2.462499911739959E+06,  6.125526034095824E+01,  3.347787616226221E+02,  3.347718380632363E+02,  2.371456266619901E-03,  2.371792465146168E-03,  5.877046281350739E+00,
2462500.500000000, A.D. 2029-Dec-30 00:00:00.0000,  1.441960414331908E-04,  2.371124019054349E-03,  1.290444617615548E+02,  2.237149817929827E+02,  1.157520559821454E+02,  2.462500025429751E+06,  6.125488418601149E+01,  2.906974565310859E+01,  2.907777532839853E+01,  2.371465975060346E-03,  2.371807931066343E-03,  5.877082371208068E+00,
2462501.500000000, A.D. 2029-Dec-31 00:00:00.0000,  1.253098018577063E-04,  2.371175578417006E-03,  1.290442627262636E+02,  2.237151214840284E+02,  1.219625191223123E+02,  2.462500126764108E+06,  6.125462180086186E+01,  8.411704518620331E+01,  8.413132923481251E+01,  2.371472747197068E-03,  2.371769915977131E-03,  5.877107545784158E+00,
2462502.500000000, A.D. 2030-Jan-01 00:00:00.0000,  1.102644298937698E-04,  2.371196686772725E-03,  1.290446499071929E+02,  2.237160036595270E+02,  1.149323016835571E+02,  2.462500011963564E+06,  6.125518642900165E+01,  1.524051357636260E+02,  1.524109879632121E+02,  2.371458174256327E-03,  2.371719661739928E-03,  5.877053372733770E+00,
2462503.500000000, A.D. 2030-Jan-02 00:00:00.0000,  1.095806673098613E-04,  2.371209809452369E-03,  1.290442466170333E+02,  2.237171214230461E+02,  1.050524054024414E+02,  2.462505727698489E+06,  6.125474076715049E+01,  2.235429065412533E+02,  2.235342568996612E+02,  2.371469676682045E-03,  2.371729543911721E-03,  5.877096131521949E+00,
2462504.500000000, A.D. 2030-Jan-03 00:00:00.0000,  1.333304068682549E-04,  2.371158969973494E-03,  1.290441107336065E+02,  2.237172684768361E+02,  1.015794129454600E+02,  2.462505670956395E+06,  6.125452832851717E+01,  2.882736183611251E+02,  2.882591095613298E+02,  2.371475159721418E-03,  2.371791349469341E-03,  5.877116514052092E+00,
2462505.500000000, A.D. 2030-Jan-04 00:00:00.0000,  1.442190721141600E-04,  2.371118222932941E-03,  1.290444590881726E+02,  2.237182235776957E+02,  1.092596891437797E+02,  2.462505796282049E+06,  6.125510667308269E+01,  3.418512114984239E+02,  3.418460629139718E+02,  2.371460232727260E-03,  2.371802242521580E-03,  5.877061024827089E+00,
2462506.500000000, A.D. 2030-Jan-05 00:00:00.0000,  1.455443006516967E-04,  2.371127622553883E-03,  1.290440181955226E+02,  2.237192667387815E+02,  1.171844188587946E+02,  2.462505925606024E+06,  6.125462065000397E+01,  3.518428508775656E+01,  3.519389660219039E+01,  2.371472776900711E-03,  2.371817931247540E-03,  5.877107656203837E+00,
2462507.500000000, A.D. 2030-Jan-06 00:00:00.0000,  1.230548831827843E-04,  2.371182205211462E-03,  1.290439507004357E+02,  2.237194112922634E+02,  1.223262313307997E+02,  2.462506009495454E+06,  6.125457222810635E+01,  9.130021833522092E+01,  9.131431570608579E+01,  2.371474026670785E-03,  2.371765848130108E-03,  5.877112302072624E+00,
2462508.500000000, A.D. 2030-Jan-07 00:00:00.0000,  1.092434340175507E-04,  2.371200714947455E-03,  1.290442644615748E+02,  2.237204530289042E+02,  1.147180290849669E+02,  2.462505885258832E+06,  6.125512416148662E+01,  1.601662949295103E+02,  1.601705417604550E+02,  2.371459781357605E-03,  2.371718847767755E-03,  5.877059346919835E+00,
2462509.500000000, A.D. 2030-Jan-08 00:00:00.0000,  1.101212066401967E-04,  2.371211034221648E-03,  1.290437835881520E+02,  2.237214133431046E+02,  1.040654327116696E+02,  2.462511588385155E+06,  6.125464363725090E+01,  2.320767115346549E+02,  2.320667581072438E+02,  2.371472183600019E-03,  2.371733332978391E-03,  5.877105450680845E+00,
2462510.500000000, A.D. 2030-Jan-09 00:00:00.0000,  1.346287431529961E-04,  2.371152488301446E-03,  1.290437871211780E+02,  2.237215534659211E+02,  1.024870575391607E+02,  2.462511562566970E+06,  6.125466018265588E+01,  2.949128213462475E+02,  2.948988285522727E+02,  2.371471756563455E-03,  2.371791024825464E-03,  5.877103863224649E+00,
2462511.500000000, A.D. 2030-Jan-10 00:00:00.0000,  1.430376247075389E-04,  2.371117735760250E-03,  1.290440679143325E+02,  2.237226646329842E+02,  1.098256892248787E+02,  2.462511682317142E+06,  6.125523412165886E+01,  3.488321207882713E+02,  3.488289455690825E+02,  2.371456943328520E-03,  2.371796150896790E-03,  5.877048796924112E+00,
2462512.500000000, A.D. 2030-Jan-11 00:00:00.0000,  1.432745664523186E-04,  2.371131445641025E-03,  1.290435531620808E+02,  2.237235568143259E+02,  1.178107740817849E+02,  2.462511812626286E+06,  6.125468108202204E+01,  4.210485765020000E+01,  4.211586724748938E+01,  2.371471217151516E-03,  2.371810988662008E-03,  5.877101858026950E+00,
2462513.500000000, A.D. 2030-Jan-12 00:00:00.0000,  1.204189265116157E-04,  2.371182140953533E-03,  1.290436118861595E+02,  2.237236902590508E+02,  1.208667089181850E+02,  2.462511862468394E+06,  6.125481694463595E+01,  1.003066987833178E+02,  1.003202747512983E+02,  2.371467710549494E-03,  2.371753280145455E-03,  5.877088822669725E+00,
2462514.500000000, A.D. 2030-Jan-13 00:00:00.0000,  1.104828655178418E-04,  2.371193500695676E-03,  1.290438680754110E+02,  2.237248597151075E+02,  1.132231096350242E+02,  2.462511737654794E+06,  6.125528981550245E+01,  1.692082561482520E+02,  1.692106263577760E+02,  2.371455505895416E-03,  2.371717511095156E-03,  5.877043453460102E+00,
2462515.500000000, A.D. 2030-Jan-14 00:00:00.0000,  1.139043314120805E-04,  2.371200689234437E-03,  1.290433372868896E+02,  2.237256907842285E+02,  1.032277196477420E+02,  2.462517451499306E+06,  6.125469685578152E+01,  2.404615015987339E+02,  2.404501464212458E+02,  2.371470810031517E-03,  2.371740930828597E-03,  5.877100344608453E+00,
2462516.500000000, A.D. 2030-Jan-15 00:00:00.0000,  1.375464707465613E-04,  2.371141456272652E-03,  1.290434469800269E+02,  2.237258440493744E+02,  1.040155339639936E+02,  2.462517464308487E+06,  6.125481955108220E+01,  3.009314576125711E+02,  3.009179363326712E+02,  2.371467643277474E-03,  2.371793830282296E-03,  5.877088572594444E+00,
2462517.500000000, A.D. 2030-Jan-16 00:00:00.0000,  1.434933625668710E-04,  2.371116682425488E-03,  1.290436639908871E+02,  2.237270486792496E+02,  1.111338207721355E+02,  2.462517580464833E+06,  6.125523305880178E+01,  3.550711079155826E+02,  3.550696948804967E+02,  2.371456970760406E-03,  2.371797259095323E-03,  5.877048898898467E+00,
2462518.500000000, A.D. 2030-Jan-17 00:00:00.0000,  1.408752826190724E-04,  2.371139891837579E-03,  1.290431377494503E+02,  2.237278158993895E+02,  1.194853133897817E+02,  2.462517716753399E+06,  6.125457427254018E+01,  4.797743709551143E+01,  4.798943092940500E+01,  2.371473973903877E-03,  2.371808055970175E-03,  5.877112105918012E+00,
2462519.500000000, A.D. 2030-Jan-18 00:00:00.0000,  1.165348146643008E-04,  2.371191846283798E-03,  1.290432900770345E+02,  2.237280136954265E+02,  1.205606447555000E+02,  2.462517734262910E+06,  6.125479779141914E+01,  1.081598684266012E+02,  1.081725566063122E+02,  2.371468204891537E-03,  2.371744563499277E-03,  5.877090660324250E+00,
2462520.500000000, A.D. 2030-Jan-19 00:00:00.0000,  1.081286028838095E-04,  2.371203654241424E-03,  1.290434516902185E+02,  2.237292486992661E+02,  1.119709548789282E+02,  2.462517593998292E+06,  6.125511271039339E+01,  1.780074622016289E+02,  1.780078929572497E+02,  2.371460076906335E-03,  2.371716499571247E-03,  5.877060445583302E+00,
2462521.500000000, A.D. 2030-Jan-20 00:00:00.0000,  1.159519692482636E-04,  2.371201376465015E-03,  1.290429356013181E+02,  2.237299373979138E+02,  1.013857008490685E+02,  2.462523298227617E+06,  6.125448206377376E+01,  2.498504987043689E+02,  2.498380254218089E+02,  2.371476353818266E-03,  2.371751331171517E-03,  5.877120952964615E+00,
2462522.500000000, A.D. 2030-Jan-21 00:00:00.0000,  1.400600498478914E-04,  2.371136925914630E-03,  1.290431398838995E+02,  2.237301957767545E+02,  1.043564835806400E+02,  2.462523346669190E+06,  6.125476411828669E+01,  3.081374784772894E+02,  3.081248535224493E+02,  2.371469073991345E-03,  2.371801222068061E-03,  5.877093891094217E+00,
2462523.500000000, A.D. 2030-Jan-22 00:00:00.0000,  1.456905813207028E-04,  2.371116318862585E-03,  1.290432316048774E+02,  2.237314629265892E+02,  1.116274862415043E+02,  2.462523465319502E+06,  6.125504523155630E+01,  2.124355485516165E+00,  2.124974453518136E+00,  2.371461818513504E-03,  2.371807318164422E-03,  5.877066919779882E+00,
2462524.500000000, A.D. 2030-Jan-23 00:00:00.0000,  1.400495298668801E-04,  2.371145032217403E-03,  1.290427261454481E+02,  2.237320588711288E+02,  1.205115130490745E+02,  2.462523610300180E+06,  6.125445096510738E+01,  5.449807401473023E+01,  5.451114035769378E+01,  2.371477156478258E-03,  2.371809280739113E-03,  5.877123936757970E+00,
2462525.500000000, A.D. 2030-Jan-24 00:00:00.0000,  1.155352571753265E-04,  2.371192308687502E-03,  1.290429850475910E+02,  2.237323753982901E+02,  1.199565683346268E+02,  2.462523601199097E+06,  6.125487172580789E+01,  1.163108057701039E+02,  1.163226728151529E+02,  2.371466296655969E-03,  2.371740284624436E-03,  5.877083566698987E+00,
2462526.500000000, A.D. 2030-Jan-25 00:00:00.0000,  1.081751088416536E-04,  2.371203621876983E-03,  1.290430077873726E+02,  2.237336770911948E+02,  1.115625310089853E+02,  2.462529341187406E+06,  6.125510969094179E+01,  1.859627537731490E+02,  1.859614662306058E+02,  2.371460154837346E-03,  2.371716687797709E-03,  5.877060735281577E+00,
2462527.500000000, A.D. 2030-Jan-26 00:00:00.0000,  1.183595635267512E-04,  2.371194139087475E-03,  1.290425090634937E+02,  2.237341804068062E+02,  1.014358628417600E+02,  2.462529175840103E+06,  6.125454126566731E+01,  2.573471832563599E+02,  2.573339500525544E+02,  2.371474825812773E-03,  2.371755512538071E-03,  5.877115272786757E+00,
2462528.500000000, A.D. 2030-Jan-27 00:00:00.0000,  1.394771977098733E-04,  2.371131688157874E-03,  1.290428200051854E+02,  2.237345427953144E+02,  1.057611849873721E+02,  2.462529246393065E+06,  6.125502064461777E+01,  3.142796773802523E+02,  3.142682331764515E+02,  2.371462453095306E-03,  2.371793218032737E-03,  5.877069278755221E+00,
2462529.500000000, A.D. 2030-Jan-28 00:00:00.0000,  1.441032765339263E-04,  2.371117161591179E-03,  1.290427891673950E+02,  2.237358689562144E+02,  1.123408235965988E+02,  2.462529353759388E+06,  6.125515844206565E+01,  8.957991874468851E+00,  8.960563578712474E+00,  2.371458896588343E-03,  2.371800631585506E-03,  5.877056057907081E+00,
2462530.500000000, A.D. 2030-Jan-29 00:00:00.0000,  1.360314852287380E-04,  2.371150889081095E-03,  1.290423033967612E+02,  2.237363028830241E+02,  1.207125620249733E+02,  2.462529490377417E+06,  6.125459324820982E+01,  6.184402066007531E+01,  6.185776522922335E+01,  2.371473484141323E-03,  2.371796079201551E-03,  5.877110285284949E+00,
2462531.500000000, A.D. 2030-Jan-30 00:00:00.0000,  1.141799940389420E-04,  2.371189737662738E-03,  1.290426511371627E+02,  2.237367151278077E+02,  1.180514716518768E+02,  2.462529446898133E+06,  6.125509589097841E+01,  1.257629517764781E+02,  1.257735678481427E+02,  2.371460511009749E-03,  2.371731284356760E-03,  5.877062059305673E+00,
2462532.500000000, A.D. 2030-Jan-31 00:00:00.0000,  1.092721471220491E-04,  2.371199996116424E-03,  1.290425707282120E+02,  2.237380477846308E+02,  1.099735747568472E+02,  2.462535192038164E+06,  6.125514937726635E+01,  1.950988001153551E+02,  1.950955388482431E+02,  2.371459130547431E-03,  2.371718264978439E-03,  5.877056927619002E+00,
2462533.500000000, A.D. 2030-Feb-01 00:00:00.0000,  1.230881355148790E-04,  2.371182310942450E-03,  1.290421158191422E+02,  2.237384255934200E+02,  1.012444640017696E+02,  2.462535049505754E+06,  6.125456507543372E+01,  2.650856989447392E+02,  2.650716461190029E+02,  2.371474211281538E-03,  2.371766111620626E-03,  5.877112988340828E+00,
2462534.500000000, A.D. 2030-Feb-02 00:00:00.0000,  1.415137257920152E-04,  2.371125558270133E-03,  1.290424827010663E+02,  2.237389015233425E+02,  1.069896114883337E+02,  2.462535143238722E+06,  6.125507103349303E+01,  3.205983663982203E+02,  3.205880716671014E+02,  2.371461152573405E-03,  2.371796746876677E-03,  5.877064444234491E+00,
2462535.500000000, A.D. 2030-Feb-03 00:00:00.0000,  1.451846814973288E-04,  2.371118696408304E-03,  1.290423534323808E+02,  2.237402130967041E+02,  1.138107094777909E+02,  2.462535254547476E+06,  6.125499959004373E+01,  1.503519426858381E+01,  1.503951085210823E+01,  2.371462996508135E-03,  2.371807296607965E-03,  5.877071298822010E+00,
2462536.500000000, A.D. 2030-Feb-04 00:00:00.0000,  1.329340991023828E-04,  2.371161768713739E-03,  1.290419442720886E+02,  2.237405499150831E+02,  1.221196026812719E+02,  2.462535390137309E+06,  6.125445629648439E+01,  6.798403570268646E+01,  6.799815889992307E+01,  2.371477018874784E-03,  2.371792269035830E-03,  5.877123425233335E+00,
2462537.500000000, A.D. 2030-Feb-05 00:00:00.0000,  1.113886578676843E-04,  2.371198777074942E-03,  1.290423170378440E+02,  2.237411104806704E+02,  1.176725278434808E+02,  2.462535317501771E+06,  6.125500212242584E+01,  1.336889336583548E+02,  1.336981625710082E+02,  2.371462931148025E-03,  2.371727085221109E-03,  5.877071055854258E+00,
2462538.500000000, A.D. 2030-Feb-06 00:00:00.0000,  1.070432379357937E-04,  2.371212206859093E-03,  1.290421211602501E+02,  2.237423931054000E+02,  1.083903243371163E+02,  2.462541042997456E+06,  6.125488103976440E+01,  2.042289933641822E+02,  2.042239600983374E+02,  2.371466056264410E-03,  2.371719905669727E-03,  5.877082673073862E+00,
2462539.500000000, A.D. 2030-Feb-07 00:00:00.0000,  1.258148584227627E-04,  2.371179272528559E-03,  1.290417677017248E+02,  2.237426716591034E+02,  1.004988500099077E+02,  2.462540914130982E+06,  6.125443224478948E+01,  2.733782095945776E+02,  2.733638171933974E+02,  2.371477639652046E-03,  2.371776006775531E-03,  5.877125732899482E+00,
2462540.500000000, A.D. 2030-Feb-08 00:00:00.0000,  1.426468519879855E-04,  2.371123872721365E-03,  1.290421508271081E+02,  2.237433277327581E+02,  1.072538467343639E+02,  2.462541024348231E+06,  6.125503222022016E+01,  3.278810322309673E+02,  3.278723400270145E+02,  2.371462154332289E-03,  2.371800435943213E-03,  5.877068168142514E+00,
2462541.500000000, A.D. 2030-Feb-09 00:00:00.0000,  1.463563153969763E-04,  2.371119738444976E-03,  1.290418862597365E+02,  2.237445717491180E+02,  1.144875565670677E+02,  2.462541142392429E+06,  6.125485154223949E+01,  2.190519869851251E+01,  2.191145662466661E+01,  2.371466817590484E-03,  2.371813896735992E-03,  5.877085503207119E+00,
2462542.500000000, A.D. 2030-Feb-10 00:00:00.0000,  1.308449331151005E-04,  2.371165904255786E-03,  1.290415858431516E+02,  2.237447929040536E+02,  1.222769799852419E+02,  2.462541269502757E+06,  6.125448802724306E+01,  7.537347863833082E+01,  7.538798705143634E+01,  2.371476199900547E-03,  2.371786495545307E-03,  5.877120380793800E+00,
2462543.500000000, A.D. 2030-Feb-11 00:00:00.0000,  1.119488344989227E-04,  2.371193626772111E-03,  1.290419779944200E+02,  2.237455313692961E+02,  1.167163356276221E+02,  2.462541178692989E+06,  6.125515021772868E+01,  1.421920096810554E+02,  1.421998728368274E+02,  2.371459108855409E-03,  2.371724590938707E-03,  5.877056846981782E+00,
2462544.500000000, A.D. 2030-Feb-12 00:00:00.0000,  1.081688707385667E-04,  2.371209008038872E-03,  1.290416489138928E+02,  2.237467492270090E+02,  1.076630252291305E+02,  2.462546907918422E+06,  6.125490155434708E+01,  2.125031940733789E+02,  2.124965342927043E+02,  2.371465526786899E-03,  2.371722045534927E-03,  5.877080704808542E+00,
2462545.500000000, A.D. 2030-Feb-13 00:00:00.0000,  1.284747058234326E-04,  2.371168077229858E-03,  1.290413944762522E+02,  2.237469128665208E+02,  1.016567692264073E+02,  2.462546809824329E+06,  6.125462163437962E+01,  2.797672063315136E+02,  2.797526972143089E+02,  2.371472751493975E-03,  2.371777425758091E-03,  5.877107561757384E+00,
2462546.500000000, A.D. 2030-Feb-14 00:00:00.0000,  1.414594052754719E-04,  2.371120945926748E-03,  1.290417986795000E+02,  2.237477228738618E+02,  1.085406728371680E+02,  2.462546922148179E+06,  6.125525475696611E+01,  3.341412057682699E+02,  3.341341345514173E+02,  2.371456410740248E-03,  2.371791875553749E-03,  5.877046817098737E+00,
2462547.500000000, A.D. 2030-Feb-15 00:00:00.0000,  1.441936376491429E-04,  2.371123234857190E-03,  1.290414271403881E+02,  2.237489057871500E+02,  1.155260616915073E+02,  2.462547036139358E+06,  6.125491479498140E+01,  2.841374410655475E+01,  2.842160775607691E+01,  2.371465185048781E-03,  2.371807135240372E-03,  5.877079434440658E+00,
2462548.500000000, A.D. 2030-Feb-16 00:00:00.0000,  1.261546750793839E-04,  2.371173255774502E-03,  1.290412206891440E+02,  2.237490448513665E+02,  1.219106820909248E+02,  2.462547140317299E+06,  6.125463416386005E+01,  8.328686640501273E+01,  8.330122381655961E+01,  2.371472428108130E-03,  2.371771600441758E-03,  5.877106359609904E+00,
2462549.500000000, A.D. 2030-Feb-17 00:00:00.0000,  1.110929050234501E-04,  2.371193162824143E-03,  1.290416136585473E+02,  2.237499131155737E+02,  1.150107418056863E+02,  2.462547027645008E+06,  6.125524684949378E+01,  1.514447153639854E+02,  1.514507997924632E+02,  2.371456614828622E-03,  2.371720066833100E-03,  5.877047575769831E+00,
2462550.500000000, A.D. 2030-Feb-18 00:00:00.0000,  1.098395549756669E-04,  2.371207511673803E-03,  1.290412113525244E+02,  2.237510501925973E+02,  1.055911836629585E+02,  2.462552750890215E+06,  6.125480601419384E+01,  2.221221565331673E+02,  2.221137153327852E+02,  2.371467992662757E-03,  2.371728473651709E-03,  5.877089871390361E+00,
2462551.500000000, A.D. 2030-Feb-19 00:00:00.0000,  1.329541749707240E-04,  2.371157816086812E-03,  1.290410564607167E+02,  2.237511842801301E+02,  1.020298522861303E+02,  2.462552692706314E+06,  6.125460761485207E+01,  2.869412427262381E+02,  2.869266677496821E+02,  2.371473113338061E-03,  2.371788410589310E-03,  5.877108906868791E+00,
2462552.500000000, A.D. 2030-Feb-20 00:00:00.0000,  1.437158407296732E-04,  2.371118159480561E-03,  1.290414243345397E+02,  2.237521206872130E+02,  1.094667998906241E+02,  2.462552814060584E+06,  6.125515537682668E+01,  3.407621701129200E+02,  3.407567429443374E+02,  2.371458975701011E-03,  2.371799791921460E-03,  5.877056351997940E+00,
2462553.500000000, A.D. 2030-Feb-21 00:00:00.0000,  1.448110021534585E-04,  2.371127920873219E-03,  1.290409943277262E+02,  2.237531899261792E+02,  1.172360890024658E+02,  2.462552940847063E+06,  6.125467647672836E+01,  3.425073228390486E+01,  3.426007310842553E+01,  2.371471336013965E-03,  2.371814751154711E-03,  5.877102299883500E+00,
2462554.500000000, A.D. 2030-Feb-22 00:00:00.0000,  1.228435304753378E-04,  2.371183556431011E-03,  1.290409062205227E+02,  2.237533347545406E+02,  1.225683548172052E+02,  2.462553027844684E+06,  6.125453929106751E+01,  9.017619566570839E+01,  9.019027242403206E+01,  2.371474876777308E-03,  2.371766197123606E-03,  5.877115462241298E+00,
2462555.500000000, A.D. 2030-Feb-23 00:00:00.0000,  1.088564869838453E-04,  2.371202274031461E-03,  1.290412313354821E+02,  2.237543458963296E+02,  1.146782393218491E+02,  2.462552899005548E+06,  6.125509930549877E+01,  1.593241734460024E+02,  1.593285772192652E+02,  2.371460422882117E-03,  2.371718571732773E-03,  5.877061731702775E+00,
2462556.500000000, A.D. 2030-Feb-24 00:00:00.0000,  1.097447034220004E-04,  2.371213067987438E-03,  1.290407658888091E+02,  2.237553332702639E+02,  1.039454931944316E+02,  2.462558600826422E+06,  6.125459942864711E+01,  2.313147190806801E+02,  2.313049033530140E+02,  2.371473324624122E-03,  2.371733581260806E-03,  5.877109692299086E+00,
2462557.500000000, A.D. 2030-Feb-25 00:00:00.0000,  1.347883679429142E-04,  2.371153245792674E-03,  1.290407472240024E+02,  2.237554788705675E+02,  1.023431868731883E+02,  2.462558574616748E+06,  6.125461616132579E+01,  2.941747635623042E+02,  2.941606715518421E+02,  2.371472892753509E-03,  2.371792539714344E-03,  5.877108086872521E+00,
2462558.500000000, A.D. 2030-Feb-26 00:00:00.0000,  1.437262098657596E-04,  2.371117685884373E-03,  1.290410349664419E+02,  2.237565711249992E+02,  1.097715362073087E+02,  2.462558695831415E+06,  6.125517277618214E+01,  3.480043128242196E+02,  3.480008891690810E+02,  2.371458526630260E-03,  2.371799367376146E-03,  5.877054682637004E+00,
2462559.500000000, A.D. 2030-Feb-27 00:00:00.0000,  1.438759052673258E-04,  2.371130876699382E-03,  1.290405318058069E+02,  2.237574780088042E+02,  1.178778454305627E+02,  2.462558828119258E+06,  6.125464786852505E+01,  4.115581824039150E+01,  4.116666993038051E+01,  2.371472074390901E-03,  2.371813272082420E-03,  5.877105044709293E+00,
2462560.500000000, A.D. 2030-Feb-28 00:00:00.0000,  1.209341437620913E-04,  2.371182615237579E-03,  1.290405799593359E+02,  2.237576195540202E+02,  1.213601474999545E+02,  2.462558884920871E+06,  6.125475122136181E+01,  9.893127026914463E+01,  9.894495995508356E+01,  2.371469406859755E-03,  2.371756198481932E-03,  5.877095128491105E+00,
2462561.500000000, A.D. 2030-Mar-01 00:00:00.0000,  1.102954717502396E-04,  2.371194685232479E-03,  1.290408365814104E+02,  2.237587783626522E+02,  1.136969192602464E+02,  2.462558759787419E+06,  6.125526113531613E+01,  1.678524371999019E+02,  1.678550964537471E+02,  2.371456246117880E-03,  2.371717807003280E-03,  5.877046205137234E+00,
2462562.500000000, A.D. 2030-Mar-02 00:00:00.0000,  1.129980359675240E-04,  2.371202807634528E-03,  1.290403066664715E+02,  2.237596170073534E+02,  1.035831955389004E+02,  2.462564471701990E+06,  6.125469805131237E+01,  2.392239899329914E+02,  2.392128656156775E+02,  2.371470779174929E-03,  2.371738750715329E-03,  5.877100229902888E+00,
2462563.500000000, A.D. 2030-Mar-03 00:00:00.0000,  1.364914602036732E-04,  2.371142995650459E-03,  1.290404107872727E+02,  2.237597638849088E+02,  1.040465391548134E+02,  2.462564479213438E+06,  6.125485684990427E+01,  3.000184209874056E+02,  3.000048770430265E+02,  2.371466680600519E-03,  2.371790365550578E-03,  5.877084993964240E+00,
2462564.500000000, A.D. 2030-Mar-04 00:00:00.0000,  1.425460900880432E-04,  2.371116971159692E-03,  1.290406351823276E+02,  2.237609713434205E+02,  1.109633426566934E+02,  2.462564592080529E+06,  6.125530892069062E+01,  3.543595787198513E+02,  3.543579729911755E+02,  2.371455012799586E-03,  2.371793054439481E-03,  5.877041620443127E+00,
2462565.500000000, A.D. 2030-Mar-05 00:00:00.0000,  1.406253992212539E-04,  2.371138207318966E-03,  1.290400994268218E+02,  2.237617463120025E+02,  1.190822475315794E+02,  2.462564724572971E+06,  6.125466251084234E+01,  4.749852094001461E+01,  4.751040291363525E+01,  2.371471696473025E-03,  2.371805185627084E-03,  5.877103639845839E+00,
2462566.500000000, A.D. 2030-Mar-06 00:00:00.0000,  1.171889021307425E-04,  2.371188587537299E-03,  1.290402486675891E+02,  2.237619234900853E+02,  1.203240717109307E+02,  2.462564744801223E+06,  6.125486395990707E+01,  1.075144623008934E+02,  1.075272680470113E+02,  2.371466497092533E-03,  2.371744406647767E-03,  5.877084311796521E+00,
2462567.500000000, A.D. 2030-Mar-07 00:00:00.0000,  1.090417171855367E-04,  2.371199537215256E-03,  1.290404286577064E+02,  2.237631595606826E+02,  1.120977048099741E+02,  2.462564610469069E+06,  6.125518833429545E+01,  1.769987613687877E+02,  1.769994155009045E+02,  2.371458125081449E-03,  2.371716712947642E-03,  5.877053189932709E+00,
2462568.500000000, A.D. 2030-Mar-08 00:00:00.0000,  1.160170301520421E-04,  2.371199588908061E-03,  1.290399025989780E+02,  2.237638689182818E+02,  1.018582417133232E+02,  2.462570320338099E+06,  6.125454535130647E+01,  2.484960173418455E+02,  2.484836488344880E+02,  2.371474720362198E-03,  2.371749851816335E-03,  5.877114880786912E+00,
2462569.500000000, A.D. 2030-Mar-09 00:00:00.0000,  1.398142418693834E-04,  2.371136608013187E-03,  1.290400974475973E+02,  2.237641035930104E+02,  1.045784748373614E+02,  2.462570364690556E+06,  6.125479902558309E+01,  3.070335537596087E+02,  3.070207626977734E+02,  2.371468173037918E-03,  2.371799738062649E-03,  5.877090541912411E+00,
2462570.500000000, A.D. 2030-Mar-10 00:00:00.0000,  1.451476913258068E-04,  2.371116369144123E-03,  1.290402117196780E+02,  2.237653678656517E+02,  1.117520226324010E+02,  2.462570481750230E+06,  6.125509317250874E+01,  1.117891369917250E+00,  1.118215926905511E+00,  2.371460581172550E-03,  2.371804793200978E-03,  5.877062320126678E+00,
2462571.500000000, A.D. 2030-Mar-11 00:00:00.0000,  1.399091768227517E-04,  2.371145291991280E-03,  1.290397041703994E+02,  2.237659889889384E+02,  1.206255565378696E+02,  2.462570626559305E+06,  6.125445379656986E+01,  5.350213270666807E+01,  5.351502216562358E+01,  2.371477083397873E-03,  2.371808874804465E-03,  5.877123665090282E+00,
2462572.500000000, A.D. 2030-Mar-12 00:00:00.0000,  1.152526623454599E-04,  2.371194135844713E-03,  1.290399475871865E+02,  2.237662899998895E+02,  1.202563756603810E+02,  2.462570620489774E+06,  6.125482689304578E+01,  1.151290735413184E+02,  1.151410297964669E+02,  2.371467453782427E-03,  2.371740771720141E-03,  5.877087868170443E+00,
2462573.500000000, A.D. 2030-Mar-13 00:00:00.0000,  1.073392662302322E-04,  2.371207464848207E-03,  1.290399905542496E+02,  2.237675767860975E+02,  1.115737098732805E+02,  2.462576355771058E+06,  6.125503758608460E+01,  1.850696365105377E+02,  1.850685497332153E+02,  2.371462015840881E-03,  2.371716566833555E-03,  5.877067653318717E+00,
2462574.500000000, A.D. 2030-Mar-14 00:00:00.0000,  1.176594818661255E-04,  2.371197619403372E-03,  1.290394945696125E+02,  2.237681089479218E+02,  1.011748094056007E+02,  2.462576185978791E+06,  6.125447073880741E+01,  2.567262614763883E+02,  2.567131393393234E+02,  2.371476646116811E-03,  2.371755672830251E-03,  5.877122039549744E+00,
2462575.500000000, A.D. 2030-Mar-15 00:00:00.0000,  1.398671904483628E-04,  2.371133039395533E-03,  1.290397905963783E+02,  2.237684693277187E+02,  1.054006641564055E+02,  2.462576254906995E+06,  6.125493244504003E+01,  3.137582229951912E+02,  3.137466454259020E+02,  2.371464729504497E-03,  2.371796419613460E-03,  5.877077741013004E+00,
2462576.500000000, A.D. 2030-Mar-16 00:00:00.0000,  1.447195682333984E-04,  2.371116742304604E-03,  1.290397650571365E+02,  2.237697881010350E+02,  1.121412353501980E+02,  2.462576364900067E+06,  6.125511805503231E+01,  8.275562325002159E+00,  8.277949704432000E+00,  2.371459938963054E-03,  2.371803135621503E-03,  5.877059932797319E+00,
2462577.500000000, A.D. 2030-Mar-17 00:00:00.0000,  1.369630088184545E-04,  2.371149496920425E-03,  1.290392835100897E+02,  2.237702302266347E+02,  1.207708546854183E+02,  2.462576505727620E+06,  6.125456159250593E+01,  6.090371872829432E+01,  6.091743404977844E+01,  2.371474301176050E-03,  2.371799105431674E-03,  5.877113322512842E+00,
2462578.500000000, A.D. 2030-Mar-18 00:00:00.0000,  1.148080490060278E-04,  2.371188713556526E-03,  1.290396248557176E+02,  2.237706406721606E+02,  1.184869389237890E+02,  2.462576468405847E+06,  6.125507786073258E+01,  1.244454580304508E+02,  1.244563064699867E+02,  2.371460976364518E-03,  2.371733239172509E-03,  5.877063789201011E+00,
2462579.500000000, A.D. 2030-Mar-19 00:00:00.0000,  1.090484871881415E-04,  2.371200665141667E-03,  1.290395495998112E+02,  2.237719676058006E+02,  1.104152733693815E+02,  2.462582213648134E+06,  6.125514400562960E+01,  1.937750927699319E+02,  1.937721177167611E+02,  2.371459269187400E-03,  2.371717873233133E-03,  5.877057442994739E+00,
2462580.500000000, A.D. 2030-Mar-20 00:00:00.0000,  1.220249461799105E-04,  2.371184443614845E-03,  1.290390882929495E+02,  2.237723524024580E+02,  1.014700894464084E+02,  2.462582067588317E+06,  6.125458013551101E+01,  2.639780357931631E+02,  2.639641301488223E+02,  2.371473822580412E-03,  2.371763201545980E-03,  5.877111543391313E+00,
2462581.500000000, A.D. 2030-Mar-21 00:00:00.0000,  1.407902636593028E-04,  2.371126374219463E-03,  1.290394551722095E+02,  2.237728157610551E+02,  1.069953893201708E+02,  2.462582157731473E+06,  6.125510589792944E+01,  3.197105889346333E+02,  3.197001549056171E+02,  2.371460252733703E-03,  2.371794131247942E-03,  5.877061099198407E+00,
2462582.500000000, A.D. 2030-Mar-22 00:00:00.0000,  1.444411123755163E-04,  2.371118437358962E-03,  1.290393314597383E+02,  2.237741412071274E+02,  1.135630173721111E+02,  2.462582264902850E+06,  6.125507795932125E+01,  1.440089427448624E+01,  1.440501149314003E+01,  2.371460973819976E-03,  2.371803510280990E-03,  5.877063779742009E+00,
2462583.500000000, A.D. 2030-Mar-23 00:00:00.0000,  1.328048108862763E-04,  2.371160129279098E-03,  1.290389080805387E+02,  2.237744767213794E+02,  1.218035142117518E+02,  2.462582399376429E+06,  6.125453170486605E+01,  6.741818142479100E+01,  6.743223387514170E+01,  2.371475072577633E-03,  2.371790015876168E-03,  5.877116190105518E+00,
2462584.500000000, A.D. 2030-Mar-24 00:00:00.0000,  1.118727135725888E-04,  2.371196250509933E-03,  1.290392874384682E+02,  2.237750123734380E+02,  1.175316494566566E+02,  2.462582329601785E+06,  6.125505554413566E+01,  1.329478631905256E+02,  1.329572459605180E+02,  2.371461552348927E-03,  2.371726854187922E-03,  5.877065930347770E+00,
2462585.500000000, A.D. 2030-Mar-25 00:00:00.0000,  1.077149464762417E-04,  2.371209326272865E-03,  1.290391131800314E+02,  2.237763045732039E+02,  1.084365735650841E+02,  2.462588058147596E+06,  6.125493093518715E+01,  2.033008457140706E+02,  2.032959638438485E+02,  2.371464768473472E-03,  2.371720210674078E-03,  5.877077885875182E+00,
2462586.500000000, A.D. 2030-Mar-26 00:00:00.0000,  1.258797506208159E-04,  2.371179289110213E-03,  1.290387418686209E+02,  2.237766023655251E+02,  1.005565600337931E+02,  2.462587929470759E+06,  6.125442563910902E+01,  2.724385896743484E+02,  2.724241778842066E+02,  2.371477810145557E-03,  2.371776331180901E-03,  5.877126366689026E+00,
2462587.500000000, A.D. 2030-Mar-27 00:00:00.0000,  1.431119203789064E-04,  2.371123524361204E-03,  1.290391211393916E+02,  2.237772255805756E+02,  1.073865426336966E+02,  2.462588040912065E+06,  6.125500298162922E+01,  3.268664298471753E+02,  3.268574647021055E+02,  2.371462908972215E-03,  2.371802293583225E-03,  5.877070973418553E+00,
2462588.500000000, A.D. 2030-Mar-28 00:00:00.0000,  1.466102088940276E-04,  2.371119731607516E-03,  1.290388798572025E+02,  2.237784828808975E+02,  1.146274487589291E+02,  2.462588159073798E+06,  6.125482847546895E+01,  2.088337606332234E+01,  2.088936583758659E+01,  2.371467412940313E-03,  2.371815094273110E-03,  5.877087716345025E+00,
2462589.500000000, A.D. 2030-Mar-29 00:00:00.0000,  1.308781225894905E-04,  2.371166873643003E-03,  1.290385649514910E+02,  2.237787247927682E+02,  1.225797411660774E+02,  2.462588288842017E+06,  6.125444741399111E+01,  7.418881297241363E+01,  7.420324370933167E+01,  2.371477248133002E-03,  2.371787622623002E-03,  5.877124277473646E+00,
2462590.500000000, A.D. 2030-Mar-30 00:00:00.0000,  1.113083952216011E-04,  2.371196993640190E-03,  1.290389520322373E+02,  2.237794410653638E+02,  1.170874783632066E+02,  2.462588199147138E+06,  6.125507860506012E+01,  1.409389229332140E+02,  1.409469596102473E+02,  2.371460957153662E-03,  2.371724920667134E-03,  5.877063717787171E+00,
2462591.500000000, A.D. 2030-Mar-31 00:00:00.0000,  1.075279693622541E-04,  2.371211928358124E-03,  1.290386439062573E+02,  2.237806597021380E+02,  1.076223438425079E+02,  2.462593921654465E+06,  6.125484728840655E+01,  2.116619255803520E+02,  2.116554585328545E+02,  2.371466927381235E-03,  2.371721926404346E-03,  5.877085911340369E+00,
2462592.500000000, A.D. 2030-Apr-01 00:00:00.0000,  1.280359333217521E-04,  2.371171201185741E-03,  1.290383818607955E+02,  2.237808457472822E+02,  1.012717632474401E+02,  2.462593817939340E+06,  6.125454090275299E+01,  2.792702308029164E+02,  2.792557502133534E+02,  2.371474835179613E-03,  2.371778469173484E-03,  5.877115307606858E+00,
2462593.500000000, A.D. 2030-Apr-02 00:00:00.0000,  1.417963338458086E-04,  2.371121596909033E-03,  1.290387772352435E+02,  2.237816425384427E+02,  1.082941482097605E+02,  2.462593932522716E+06,  6.125519856854445E+01,  3.335057351631111E+02,  3.334984853508172E+02,  2.371457860939584E-03,  2.371794124970135E-03,  5.877052208020527E+00,
2462594.500000000, A.D. 2030-Apr-03 00:00:00.0000,  1.447914203006007E-04,  2.371122185458863E-03,  1.290384115527556E+02,  2.237828294433908E+02,  1.153112218735456E+02,  2.462594047031259E+06,  6.125490052614774E+01,  2.774655518666156E+01,  2.775428095901701E+01,  2.371465553324523E-03,  2.371808921190183E-03,  5.877080803458780E+00,
2462595.500000000, A.D. 2030-Apr-04 00:00:00.0000,  1.270579315484170E-04,  2.371170588800630E-03,  1.290381974680375E+02,  2.237829697044687E+02,  1.218352258527732E+02,  2.462594153485201E+06,  6.125465450454474E+01,  8.248029876585790E+01,  8.249473361705114E+01,  2.371471903115365E-03,  2.371773217430101E-03,  5.877104408013436E+00,
2462596.500000000, A.D. 2030-Apr-05 00:00:00.0000,  1.119427783646967E-04,  2.371189859624288E-03,  1.290385955874803E+02,  2.237838314165206E+02,  1.152651348138859E+02,  2.462594046198969E+06,  6.125529674988174E+01,  1.503083103223593E+02,  1.503146635277809E+02,  2.371455326922352E-03,  2.371720794220415E-03,  5.877042788151949E+00,
2462597.500000000, A.D. 2030-Apr-06 00:00:00.0000,  1.101105339339231E-04,  2.371204988259018E-03,  1.290381934947569E+02,  2.237849795641750E+02,  1.061939433551659E+02,  2.462599775126306E+06,  6.125487889351270E+01,  2.206374136262081E+02,  2.206291969319460E+02,  2.371466111658779E-03,  2.371727235058540E-03,  5.877082878995397E+00,
2462598.500000000, A.D. 2030-Apr-07 00:00:00.0000,  1.322120710013552E-04,  2.371158081622126E-03,  1.290380267446012E+02,  2.237851037389186E+02,  1.023392021772103E+02,  2.462599712154101E+06,  6.125466552041011E+01,  2.857499059738788E+02,  2.857353237435112E+02,  2.371471618796169E-03,  2.371785155970212E-03,  5.877103351091644E+00,
2462599.500000000, A.D. 2030-Apr-08 00:00:00.0000,  1.428205757116684E-04,  2.371118442796996E-03,  1.290384091273261E+02,  2.237860279049825E+02,  1.095767076404297E+02,  2.462599830252702E+06,  6.125522666931296E+01,  3.397702958642786E+02,  3.397646357925402E+02,  2.371457135670388E-03,  2.371795828543780E-03,  5.877049511929227E+00,
2462600.500000000, A.D. 2030-Apr-09 00:00:00.0000,  1.440748320735502E-04,  2.371127406247313E-03,  1.290379789515683E+02,  2.237871212036361E+02,  1.170094655785568E+02,  2.462599951546173E+06,  6.125476406928406E+01,  3.359540978384840E+01,  3.360454641415026E+01,  2.371469075256099E-03,  2.371810744264884E-03,  5.877093895795779E+00,
2462601.500000000, A.D. 2030-Apr-10 00:00:00.0000,  1.229093803183955E-04,  2.371181855577446E-03,  1.290378734289467E+02,  2.237872519885619E+02,  1.223118124972843E+02,  2.462600038055852E+06,  6.125459914693521E+01,  8.955080275288009E+01,  8.956488671436506E+01,  2.371473331895111E-03,  2.371764808212776E-03,  5.877109719328105E+00,
2462602.500000000, A.D. 2030-Apr-11 00:00:00.0000,  1.094901749502624E-04,  2.371199054268314E-03,  1.290382176024443E+02,  2.237882430356550E+02,  1.145082570193121E+02,  2.462599910630959E+06,  6.125516583820110E+01,  1.586122300326255E+02,  1.586168049372541E+02,  2.371458705696888E-03,  2.371718357125462E-03,  5.877055348293418E+00,
2462603.500000000, A.D. 2030-Apr-12 00:00:00.0000,  1.101377248790945E-04,  2.371211401887710E-03,  1.290377626187106E+02,  2.237892577786802E+02,  1.040717604532648E+02,  2.462605617284019E+06,  6.125462787268043E+01,  2.303065553497545E+02,  2.302968448021858E+02,  2.371472590483440E-03,  2.371733779079169E-03,  5.877106963220326E+00,
2462604.500000000, A.D. 2030-Apr-13 00:00:00.0000,  1.350341729820607E-04,  2.371153224953425E-03,  1.290377214876903E+02,  2.237894016188396E+02,  1.023519748382858E+02,  2.462605589158010E+06,  6.125459438076088E+01,  2.932840679061657E+02,  2.932698534225645E+02,  2.371473454910158E-03,  2.371793684866890E-03,  5.877110176621631E+00,
2462605.500000000, A.D. 2030-Apr-14 00:00:00.0000,  1.444969544616479E-04,  2.371117558575166E-03,  1.290380221672468E+02,  2.237904702112824E+02,  1.098433677403812E+02,  2.462605711401967E+06,  6.125510688120686E+01,  3.470505499283073E+02,  3.470468387416034E+02,  2.371460227355646E-03,  2.371802896136126E-03,  5.877061004858819E+00,
2462606.500000000, A.D. 2030-Apr-15 00:00:00.0000,  1.444645467834068E-04,  2.371130572274003E-03,  1.290375311664962E+02,  2.237914010484537E+02,  1.180016757600356E+02,  2.462605844538599E+06,  6.125460557176554E+01,  4.015002957628342E+01,  4.016070519420341E+01,  2.371473166070148E-03,  2.371815759866293E-03,  5.877109102893922E+00,
2462607.500000000, A.D. 2030-Apr-16 00:00:00.0000,  1.212010435104287E-04,  2.371183985145742E-03,  1.290375656202677E+02,  2.237915508771123E+02,  1.218988843256162E+02,  2.462605908112175E+06,  6.125467361189215E+01,  9.751056913570061E+01,  9.752433832575403E+01,  2.371471409955283E-03,  2.371758834764824E-03,  5.877102574751269E+00,
2462608.500000000, A.D. 2030-Apr-17 00:00:00.0000,  1.099714567366278E-04,  2.371196373846668E-03,  1.290378231756013E+02,  2.237926952565716E+02,  1.141038335789875E+02,  2.462605780827463E+06,  6.125522547690817E+01,  1.665635268459790E+02,  1.665664546984310E+02,  2.371457166445851E-03,  2.371717959045033E-03,  5.877049626332888E+00,
2462609.500000000, A.D. 2030-Apr-18 00:00:00.0000,  1.121008611266100E-04,  2.371206018742326E-03,  1.290373033393894E+02,  2.237935403792724E+02,  1.036287390481530E+02,  2.462611486845813E+06,  6.125465606731575E+01,  2.382964430477639E+02,  2.382855149117109E+02,  2.371471862780282E-03,  2.371737706818237E-03,  5.877104258072697E+00,
2462610.500000000, A.D. 2030-Apr-19 00:00:00.0000,  1.358552713006756E-04,  2.371145173670941E-03,  1.290373977932603E+02,  2.237936919288315E+02,  1.038181915319593E+02,  2.462611489885255E+06,  6.125483091365221E+01,  2.993647460680483E+02,  2.993511772974865E+02,  2.371467350011157E-03,  2.371789526351373E-03,  5.877087482413811E+00,
2462611.500000000, A.D. 2030-Apr-20 00:00:00.0000,  1.428442331308050E-04,  2.371117150478924E-03,  1.290376240224311E+02,  2.237948921790279E+02,  1.107149556679986E+02,  2.462611602424693E+06,  6.125527457373950E+01,  3.537259472774119E+02,  3.537241581153414E+02,  2.371455899278260E-03,  2.371794648077595E-03,  5.877044915807693E+00,
2462612.500000000, A.D. 2030-Apr-21 00:00:00.0000,  1.412874193357894E-04,  2.371136080297142E-03,  1.290370850633108E+02,  2.237956751152607E+02,  1.187642700365566E+02,  2.462611733781832E+06,  6.125468409702377E+01,  4.693445182686417E+01,  4.694628148269315E+01,  2.371471139334448E-03,  2.371806198371754E-03,  5.877101568751566E+00,
2462613.500000000, A.D. 2030-Apr-22 00:00:00.0000,  1.180744600298713E-04,  2.371186016223937E-03,  1.290372331271487E+02,  2.237958449012757E+02,  1.204115422574807E+02,  2.462611760628923E+06,  6.125488222032280E+01,  1.065449704423196E+02,  1.065579400305533E+02,  2.371466025794412E-03,  2.371746035364887E-03,  5.877082559805514E+00,
2462614.500000000, A.D. 2030-Apr-23 00:00:00.0000,  1.101333270924747E-04,  2.371194623388714E-03,  1.290374197571580E+02,  2.237970855639699E+02,  1.125040327812829E+02,  2.462611631505545E+06,  6.125527843170318E+01,  1.757104265354894E+02,  1.757113703734975E+02,  2.371455799705989E-03,  2.371716976023264E-03,  5.877044545661212E+00,
2462615.500000000, A.D. 2030-Apr-24 00:00:00.0000,  1.159765256860912E-04,  2.371197876033400E-03,  1.290368869744129E+02,  2.237978003302283E+02,  1.023945236997635E+02,  2.462617343489240E+06,  6.125461544575472E+01,  2.470777755384277E+02,  2.470655357461135E+02,  2.371472911222402E-03,  2.371747946411405E-03,  5.877108155528385E+00,
2462616.500000000, A.D. 2030-Apr-25 00:00:00.0000,  1.391238126827038E-04,  2.371136566349661E-03,  1.290370752335276E+02,  2.237980128568954E+02,  1.048492736106549E+02,  2.462617383508807E+06,  6.125486408709129E+01,  3.058807881219751E+02,  3.058678696518754E+02,  2.371466493809930E-03,  2.371796421270198E-03,  5.877084299593860E+00,
2462617.500000000, A.D. 2030-Apr-26 00:00:00.0000,  1.446615962971687E-04,  2.371116515954001E-03,  1.290372117191190E+02,  2.237992718690114E+02,  1.118993268313473E+02,  2.462617498552565E+06,  6.125513215368942E+01,  8.866283344424956E-02,  8.868849028748867E-02,  2.371459575081687E-03,  2.371802634209373E-03,  5.877058580116328E+00,
2462618.500000000, A.D. 2030-Apr-27 00:00:00.0000,  1.397572611746114E-04,  2.371144920221331E-03,  1.290366957441577E+02,  2.237999211735462E+02,  1.205719402200930E+02,  2.462617640082147E+06,  6.125448216284904E+01,  5.267382282480630E+01,  5.268655924828727E+01,  2.371476351261123E-03,  2.371807782300916E-03,  5.877120943458741E+00,
2462619.500000000, A.D. 2030-Apr-28 00:00:00.0000,  1.149321929040113E-04,  2.371195493658944E-03,  1.290369260945068E+02,  2.238002005523855E+02,  1.203944571719112E+02,  2.462617637140691E+06,  6.125480372748088E+01,  1.141090813462938E+02,  1.141211020509437E+02,  2.371468051682525E-03,  2.371740609706107E-03,  5.877090090788951E+00,
2462620.500000000, A.D. 2030-Apr-29 00:00:00.0000,  1.073383278186860E-04,  2.371207431347103E-03,  1.290369914807228E+02,  2.238014813184789E+02,  1.115861662300140E+02,  2.462623370372039E+06,  6.125503897046085E+01,  1.841752488918351E+02,  1.841743534762745E+02,  2.371461980110534E-03,  2.371716528873964E-03,  5.877067520495801E+00,
2462621.500000000, A.D. 2030-Apr-30 00:00:00.0000,  1.177504334146540E-04,  2.371198268566455E-03,  1.290364964722456E+02,  2.238020406391346E+02,  1.010340323462359E+02,  2.462623198078743E+06,  6.125443722658612E+01,  2.559851422469915E+02,  2.559720511608024E+02,  2.371477511071216E-03,  2.371756753575977E-03,  5.877125254915411E+00,
2462622.500000000, A.D. 2030-May-01 00:00:00.0000,  1.404476925854971E-04,  2.371133451937630E-03,  1.290367744328469E+02,  2.238023874100474E+02,  1.052400391056587E+02,  2.462623266683327E+06,  6.125486311349600E+01,  3.130369177934475E+02,  3.130251529644599E+02,  2.371466518938259E-03,  2.371799585938888E-03,  5.877084393005245E+00,
2462623.500000000, A.D. 2030-May-02 00:00:00.0000,  1.456750679672260E-04,  2.371116599824015E-03,  1.290367690407797E+02,  2.238036885602615E+02,  1.122871645241032E+02,  2.462623381680060E+06,  6.125503576970218E+01,  7.247692143627275E+00,  7.249798513291371E+00,  2.371462062721183E-03,  2.371807525618352E-03,  5.877067827590142E+00,
2462624.500000000, A.D. 2030-May-03 00:00:00.0000,  1.379307073584987E-04,  2.371149345330237E-03,  1.290362900318145E+02,  2.238041604892549E+02,  1.210929049466536E+02,  2.462623525382458E+06,  6.125447854052202E+01,  5.969968930666126E+01,  5.971333701703362E+01,  2.371476444753746E-03,  2.371803544177255E-03,  5.877121291006455E+00,
2462625.500000000, A.D. 2030-May-04 00:00:00.0000,  1.146756950851581E-04,  2.371191182762524E-03,  1.290366153463497E+02,  2.238045669131315E+02,  1.191086083654397E+02,  2.462623492950479E+06,  6.125499434251206E+01,  1.229418070417784E+02,  1.229528343036812E+02,  2.371463131945548E-03,  2.371735081128573E-03,  5.877071802293083E+00,
2462626.500000000, A.D. 2030-May-05 00:00:00.0000,  1.084777531533325E-04,  2.371202844919777E-03,  1.290365459383125E+02,  2.238058886186276E+02,  1.108625194344817E+02,  2.462629235350069E+06,  6.125511198677653E+01,  1.924458252309233E+02,  1.924431465799097E+02,  2.371460095582638E-03,  2.371717346245499E-03,  5.877060515009997E+00,
2462627.500000000, A.D. 2030-May-06 00:00:00.0000,  1.211587963798381E-04,  2.371186570417183E-03,  1.290360833306317E+02,  2.238062810540560E+02,  1.015709043853811E+02,  2.462629083633376E+06,  6.125457731646843E+01,  2.629952069110748E+02,  2.629814270194982E+02,  2.371473895339989E-03,  2.371761220262794E-03,  5.877111813866247E+00,
2462628.500000000, A.D. 2030-May-07 00:00:00.0000,  1.401461529824239E-04,  2.371127463175121E-03,  1.290364469665896E+02,  2.238067359705771E+02,  1.068864913859551E+02,  2.462629170352574E+06,  6.125512289113143E+01,  3.189374706637879E+02,  3.189269200257411E+02,  2.371459814145026E-03,  2.371792165114930E-03,  5.877059468802749E+00,
2462629.500000000, A.D. 2030-May-08 00:00:00.0000,  1.441150683170427E-04,  2.371118201603036E-03,  1.290363308613506E+02,  2.238080640257916E+02,  1.133806157007583E+02,  2.462629276323910E+06,  6.125511705715728E+01,  1.370130506733332E+01,  1.370521735035953E+01,  2.371459964717862E-03,  2.371801727832688E-03,  5.877060028537424E+00,
2462630.500000000, A.D. 2030-May-09 00:00:00.0000,  1.332281580450790E-04,  2.371157959978197E-03,  1.290358954241243E+02,  2.238084045656454E+02,  1.215420501736172E+02,  2.462629409507627E+06,  6.125457686165690E+01,  6.679764889951610E+01,  6.681168184922075E+01,  2.371473907078689E-03,  2.371789854179181E-03,  5.877111857503446E+00,
2462631.500000000, A.D. 2030-May-10 00:00:00.0000,  1.125981068570347E-04,  2.371193149417039E-03,  1.290362789586362E+02,  2.238089215676095E+02,  1.174866696173985E+02,  2.462629343267860E+06,  6.125510905143414E+01,  1.321108624321362E+02,  1.321204334490096E+02,  2.371460171342819E-03,  2.371727193268600E-03,  5.877060796638504E+00,
2462632.500000000, A.D. 2030-May-11 00:00:00.0000,  1.086610086904458E-04,  2.371204604242240E-03,  1.290361144641370E+02,  2.238102307340656E+02,  1.088680925585940E+02,  2.462635079586319E+06,  6.125502697434948E+01,  2.019873704531714E+02,  2.019827091208542E+02,  2.371462289726713E-03,  2.371719975211186E-03,  5.877068671453689E+00,
2462633.500000000, A.D. 2030-May-12 00:00:00.0000,  1.257363069407210E-04,  2.371177658743510E-03,  1.290357240632733E+02,  2.238105300329627E+02,  1.010498211679670E+02,  2.462634951919479E+06,  6.125450199631485E+01,  2.710633953875490E+02,  2.710489895077470E+02,  2.371475839357550E-03,  2.371774019971589E-03,  5.877119040518165E+00,
2462634.500000000, A.D. 2030-May-13 00:00:00.0000,  1.425757712256247E-04,  2.371123052781124E-03,  1.290361105013327E+02,  2.238111214051748E+02,  1.077129684977032E+02,  2.462635060638030E+06,  6.125507052545319E+01,  3.256580779652441E+02,  3.256488598587290E+02,  2.371461165685753E-03,  2.371799278590382E-03,  5.877064492977931E+00,
2462635.500000000, A.D. 2030-May-14 00:00:00.0000,  1.460160784819323E-04,  2.371119998095520E-03,  1.290358920860931E+02,  2.238123970012727E+02,  1.147567038302599E+02,  2.462635175581371E+06,  6.125487274694643E+01,  1.987222183418707E+01,  1.987791048437962E+01,  2.371466270300562E-03,  2.371812542505604E-03,  5.877083468726103E+00,
2462636.500000000, A.D. 2030-May-15 00:00:00.0000,  1.306595407372253E-04,  2.371167482171990E-03,  1.290355568803182E+02,  2.238126559967311E+02,  1.227027285682912E+02,  2.462635305246962E+06,  6.125444392005670E+01,  7.318393296301726E+01,  7.319826587347920E+01,  2.371477338311884E-03,  2.371787194451778E-03,  5.877124612702985E+00,
2462637.500000000, A.D. 2030-May-16 00:00:00.0000,  1.107048181625388E-04,  2.371199804682510E-03,  1.290359441138366E+02,  2.238133444534595E+02,  1.172791342744139E+02,  2.462635216671491E+06,  6.125502514315568E+01,  1.398653452573655E+02,  1.398735215078088E+02,  2.371462336989306E-03,  2.371724869296102E-03,  5.877068847146242E+00,
2462638.500000000, A.D. 2030-May-17 00:00:00.0000,  1.072665629053192E-04,  2.371213123534062E-03,  1.290356568703620E+02,  2.238145740270361E+02,  1.076295066980304E+02,  2.462640936170135E+06,  6.125482499765790E+01,  2.107728247300505E+02,  2.107665365126009E+02,  2.371467502702118E-03,  2.371721881870175E-03,  5.877088050023239E+00,
2462639.500000000, A.D. 2030-May-18 00:00:00.0000,  1.278775900978182E-04,  2.371173091778913E-03,  1.290353837951681E+02,  2.238147794206676E+02,  1.010185551363989E+02,  2.462640828204981E+06,  6.125448219390432E+01,  2.786414916523483E+02,  2.786270039632929E+02,  2.371476350459583E-03,  2.371779609140254E-03,  5.877120940479112E+00,
2462640.500000000, A.D. 2030-May-19 00:00:00.0000,  1.421120734032307E-04,  2.371121855193256E-03,  1.290357727649233E+02,  2.238155567085587E+02,  1.081836217013950E+02,  2.462640945116909E+06,  6.125515954469105E+01,  3.327342927366474E+02,  3.327268311845417E+02,  2.371458868129996E-03,  2.371795881066736E-03,  5.877055952116950E+00,
2462641.500000000, A.D. 2030-May-20 00:00:00.0000,  1.455811695799445E-04,  2.371121618602560E-03,  1.290354220345009E+02,  2.238167465328710E+02,  1.153161936144710E+02,  2.462641061510735E+06,  6.125484991762249E+01,  2.685959412827333E+01,  2.686713254314700E+01,  2.371466859521588E-03,  2.371812100440617E-03,  5.877085659080703E+00,
2462642.500000000, A.D. 2030-May-21 00:00:00.0000,  1.279091417770385E-04,  2.371169467231353E-03,  1.290351994160408E+02,  2.238169002533105E+02,  1.220532915955166E+02,  2.462641171443451E+06,  6.125461974410428E+01,  8.138022624533883E+01,  8.139471834195986E+01,  2.371472800281985E-03,  2.371776133332616E-03,  5.877107743120875E+00,
2462643.500000000, A.D. 2030-May-22 00:00:00.0000,  1.118362063448460E-04,  2.371191463467363E-03,  1.290355953094033E+02,  2.238177567955913E+02,  1.158538296296255E+02,  2.462641070206474E+06,  6.125524439470053E+01,  1.488375962746256E+02,  1.488442270545034E+02,  2.371456678185762E-03,  2.371721892904161E-03,  5.877047811291489E+00,
2462644.500000000, A.D. 2030-May-23 00:00:00.0000,  1.096408274568846E-04,  2.371205503977743E-03,  1.290351935153392E+02,  2.238189090371939E+02,  1.067826413183183E+02,  2.462646799135562E+06,  6.125490207228903E+01,  2.191666763215378E+02,  2.191587420673176E+02,  2.371465513418919E-03,  2.371725522860096E-03,  5.877080655114779E+00,
2462645.500000000, A.D. 2030-May-24 00:00:00.0000,  1.311502236495268E-04,  2.371160264460867E-03,  1.290350248834357E+02,  2.238190300873148E+02,  1.023691209302915E+02,  2.462646727041806E+06,  6.125467851330230E+01,  2.848379486528292E+02,  2.848234204819726E+02,  2.371471283450070E-03,  2.371782302439274E-03,  5.877102104483678E+00,
2462646.500000000, A.D. 2030-May-25 00:00:00.0000,  1.415891212186878E-04,  2.371119026550688E-03,  1.290354118660903E+02,  2.238199483914518E+02,  1.095297212899311E+02,  2.462646843884152E+06,  6.125531721406351E+01,  3.389352671898420E+02,  3.389294346262337E+02,  2.371454798751653E-03,  2.371790570952618E-03,  5.877040824748976E+00,
2462647.500000000, A.D. 2030-May-26 00:00:00.0000,  1.437172902619892E-04,  2.371126593495318E-03,  1.290349814608473E+02,  2.238210520243489E+02,  1.167415627556286E+02,  2.462646961571708E+06,  6.125482842022871E+01,  3.298133264563241E+01,  3.299029904130128E+01,  2.371467414366056E-03,  2.371808235236793E-03,  5.877087721645043E+00,
2462648.500000000, A.D. 2030-May-27 00:00:00.0000,  1.233371899266117E-04,  2.371178861165382E-03,  1.290348608799236E+02,  2.238211698385062E+02,  1.219587625670282E+02,  2.462647046692566E+06,  6.125467586595892E+01,  8.902187583754194E+01,  8.903600721603078E+01,  2.371471351777902E-03,  2.371763842390422E-03,  5.877102358483998E+00,
2462649.500000000, A.D. 2030-May-28 00:00:00.0000,  1.099140310285763E-04,  2.371197187600082E-03,  1.290352228378358E+02,  2.238221481938556E+02,  1.145279643210536E+02,  2.462646925352070E+06,  6.125519922134212E+01,  1.577105719013786E+02,  1.577153484777470E+02,  2.371457844091140E-03,  2.371718500582199E-03,  5.877052145388684E+00,
2462650.500000000, A.D. 2030-May-29 00:00:00.0000,  1.105306878347916E-04,  2.371208788107977E-03,  1.290347696976041E+02,  2.238231887119592E+02,  1.045041365038802E+02,  2.462652638738309E+06,  6.125469304379625E+01,  2.289922413473861E+02,  2.289826842752975E+02,  2.371470908418664E-03,  2.371733028729351E-03,  5.877100710350552E+00,
2462651.500000000, A.D. 2030-May-30 00:00:00.0000,  1.350609457275121E-04,  2.371153179436721E-03,  1.290347135228201E+02,  2.238233242132930E+02,  1.024459710963558E+02,  2.462652605090204E+06,  6.125459368426475E+01,  2.923081485545101E+02,  2.922938291455902E+02,  2.371473472886737E-03,  2.371793766336752E-03,  5.877110243447387E+00,
2462652.500000000, A.D. 2030-May-31 00:00:00.0000,  1.442414198741039E-04,  2.371117445286418E-03,  1.290350285866411E+02,  2.238243709041436E+02,  1.100126662152305E+02,  2.462652728563370E+06,  6.125513475382881E+01,  3.459993199774025E+02,  3.459953203968289E+02,  2.371459507973022E-03,  2.371801570659626E-03,  5.877058330648727E+00,
2462653.500000000, A.D. 2030-Jun-01 00:00:00.0000,  1.445286012698982E-04,  2.371130948688252E-03,  1.290345522320214E+02,  2.238253248715347E+02,  1.182128106339211E+02,  2.462652862382552E+06,  6.125458509932392E+01,  3.905699223829400E+01,  3.906742915180426E+01,  2.371473694464261E-03,  2.371816440240270E-03,  5.877111067135012E+00,
2462654.500000000, A.D. 2030-Jun-02 00:00:00.0000,  1.210728753745057E-04,  2.371185647217043E-03,  1.290345632856404E+02,  2.238254776915916E+02,  1.222708183569550E+02,  2.462652928580326E+06,  6.125462098540672E+01,  9.625671654271657E+01,  9.627050760556435E+01,  2.371472768243966E-03,  2.371759889270889E-03,  5.877107624023440E+00,
2462655.500000000, A.D. 2030-Jun-03 00:00:00.0000,  1.087804001859819E-04,  2.371201869430991E-03,  1.290348308629524E+02,  2.238265953069752E+02,  1.142767093334965E+02,  2.462652798042848E+06,  6.125512197534432E+01,  1.655087149090502E+02,  1.655118337285721E+02,  2.371459837781170E-03,  2.371717806131349E-03,  5.877059556666999E+00,
2462656.500000000, A.D. 2030-Jun-04 00:00:00.0000,  1.112552104434595E-04,  2.371209905582731E-03,  1.290343247351630E+02,  2.238274638823245E+02,  1.034496365488471E+02,  2.462658498322796E+06,  6.125458316484460E+01,  2.375935701154006E+02,  2.375828074252381E+02,  2.371473744393225E-03,  2.371737583203718E-03,  5.877111252739896E+00,
2462657.500000000, A.D. 2030-Jun-05 00:00:00.0000,  1.360083569124322E-04,  2.371147377052665E-03,  1.290344050951853E+02,  2.238276262811227E+02,  1.033706362256434E+02,  2.462658496978838E+06,  6.125473146462401E+01,  2.989303289926439E+02,  2.989166873865581E+02,  2.371469916779514E-03,  2.371792456506362E-03,  5.877097024054511E+00,
2462658.500000000, A.D. 2030-Jun-06 00:00:00.0000,  1.433092199575363E-04,  2.371117186852277E-03,  1.290346304643339E+02,  2.238288130842486E+02,  1.104959753007386E+02,  2.462658613248829E+06,  6.125523043379803E+01,  3.530629168542129E+02,  3.530609330597244E+02,  2.371457038510630E-03,  2.371796890168982E-03,  5.877049150750845E+00,
2462659.500000000, A.D. 2030-Jun-07 00:00:00.0000,  1.421051586841489E-04,  2.371134895482891E-03,  1.290340996353309E+02,  2.238296014312318E+02,  1.187329819028312E+02,  2.462658747669723E+06,  6.125465486264968E+01,  4.608373144947869E+01,  4.609546317980498E+01,  2.371471893872686E-03,  2.371808892262480E-03,  5.877104373654904E+00,
2462660.500000000, A.D. 2030-Jun-08 00:00:00.0000,  1.188570940880435E-04,  2.371184427388763E-03,  1.290342379901788E+02,  2.238297712135985E+02,  1.206678608490998E+02,  2.462658779212254E+06,  6.125487186819142E+01,  1.054066329218122E+02,  1.054197629830547E+02,  2.371466292981075E-03,  2.371748158573386E-03,  5.877083553038035E+00,
2462661.500000000, A.D. 2030-Jun-09 00:00:00.0000,  1.101524741881563E-04,  2.371194704173184E-03,  1.290344302914507E+02,  2.238310045965545E+02,  1.129026211917309E+02,  2.462658652411128E+06,  6.125527354185017E+01,  1.744298353012446E+02,  1.744310603361240E+02,  2.371455925910851E-03,  2.371717147648519E-03,  5.877045014810760E+00,
2462662.500000000, A.D. 2030-Jun-10 00:00:00.0000,  1.153718352895566E-04,  2.371198504401868E-03,  1.290338929752701E+02,  2.238317309754214E+02,  1.028144465321168E+02,  2.462664364742752E+06,  6.125464666356046E+01,  2.457758416032897E+02,  2.457637857925972E+02,  2.371472105491017E-03,  2.371745706580166E-03,  5.877105160320171E+00,
2462663.500000000, A.D. 2030-Jun-11 00:00:00.0000,  1.384147498587429E-04,  2.371137440605863E-03,  1.290340765798484E+02,  2.238319304984292E+02,  1.049285565561450E+02,  2.462664399201454E+06,  6.125489536876212E+01,  3.049195090491124E+02,  3.049065022900193E+02,  2.371465686435650E-03,  2.371793932265436E-03,  5.877081298282448E+00,
2462664.500000000, A.D. 2030-Jun-12 00:00:00.0000,  1.436000427340061E-04,  2.371116691668099E-03,  1.290342255643770E+02,  2.238331916762973E+02,  1.118492143160264E+02,  2.462664512132799E+06,  6.125522289715835E+01,  3.592568027170674E+02,  3.592565892384137E+02,  2.371457233028104E-03,  2.371797774388109E-03,  5.877049873843501E+00,
2462665.500000000, A.D. 2030-Jun-13 00:00:00.0000,  1.392992268570740E-04,  2.371143907195841E-03,  1.290336984919434E+02,  2.238338550162369E+02,  1.202937123531243E+02,  2.462664649939021E+06,  6.125456350844355E+01,  5.207011423916256E+01,  5.208270623748655E+01,  2.371474251725618E-03,  2.371804596255396E-03,  5.877113138686822E+00,
2462666.500000000, A.D. 2030-Jun-14 00:00:00.0000,  1.151220734617475E-04,  2.371193471011715E-03,  1.290339206877563E+02,  2.238341051082996E+02,  1.201201055971987E+02,  2.462664647061390E+06,  6.125486465509156E+01,  1.135015037784536E+02,  1.135136008190090E+02,  2.371466479149939E-03,  2.371739487288163E-03,  5.877084245097200E+00,
2462667.500000000, A.D. 2030-Jun-15 00:00:00.0000,  1.078904118871783E-04,  2.371204972413204E-03,  1.290340133953121E+02,  2.238353844992792E+02,  1.115033260529601E+02,  2.462670383414885E+06,  6.125508352006531E+01,  1.833761803621954E+02,  1.833754523667451E+02,  2.371460830298960E-03,  2.371716688184715E-03,  5.877063246221432E+00,
2462668.500000000, A.D. 2030-Jun-16 00:00:00.0000,  1.180284727624515E-04,  2.371197308042355E-03,  1.290335104881398E+02,  2.238359744846849E+02,  1.011511661161772E+02,  2.462670214387837E+06,  6.125444889625354E+01,  2.549861178564355E+02,  2.549730549931025E+02,  2.371477209875627E-03,  2.371757111708899E-03,  5.877124135256375E+00,
2462669.500000000, A.D. 2030-Jun-17 00:00:00.0000,  1.409028387160058E-04,  2.371133363202032E-03,  1.290337739613721E+02,  2.238362996627926E+02,  1.052550730687581E+02,  2.462670281326689E+06,  6.125482472629047E+01,  3.121399706007635E+02,  3.121279965937376E+02,  2.371467509706073E-03,  2.371801656210114E-03,  5.877088076059560E+00,
2462670.500000000, A.D. 2030-Jun-18 00:00:00.0000,  1.458522168822194E-04,  2.371116556354002E-03,  1.290337917912051E+02,  2.238375923179522E+02,  1.124535141543407E+02,  2.462670398793312E+06,  6.125502117493205E+01,  6.199417793259681E+00,  6.201222991595598E+00,  2.371462439408042E-03,  2.371808322462083E-03,  5.877069227874596E+00,
2462671.500000000, A.D. 2030-Jun-19 00:00:00.0000,  1.382538925304064E-04,  2.371149589698972E-03,  1.290333104657028E+02,  2.238380935611004E+02,  1.213282237579967E+02,  2.462670543621277E+06,  6.125443937236950E+01,  5.858244249749647E+01,  5.859596375944314E+01,  2.371477455688269E-03,  2.371805321677566E-03,  5.877125049035840E+00,
2462672.500000000, A.D. 2030-Jun-20 00:00:00.0000,  1.143793051256794E-04,  2.371193198768339E-03,  1.290336191988182E+02,  2.238384842408121E+02,  1.194658483927538E+02,  2.462670513178689E+06,  6.125494345950030E+01,  1.217026270323539E+02,  1.217137773773019E+02,  2.371464445223714E-03,  2.371735691679090E-03,  5.877076684235613E+00,
2462673.500000000, A.D. 2030-Jun-21 00:00:00.0000,  1.076752424398361E-04,  2.371206393115327E-03,  1.290335671905983E+02,  2.238397984725989E+02,  1.110045491511249E+02,  2.462676252069922E+06,  6.125504824128867E+01,  1.914218241493609E+02,  1.914193810352712E+02,  2.371461740833208E-03,  2.371717088551089E-03,  5.877066631013503E+00,
2462674.500000000, A.D. 2030-Jun-22 00:00:00.0000,  1.204785338168709E-04,  2.371189396812288E-03,  1.290331038130149E+02,  2.238402123598086E+02,  1.014188668048210E+02,  2.462676095551237E+06,  6.125453030701102E+01,  2.622652584146178E+02,  2.622515784774945E+02,  2.371475108656362E-03,  2.371760820500435E-03,  5.877116324223866E+00,
2462675.500000000, A.D. 2030-Jun-23 00:00:00.0000,  1.401846524042114E-04,  2.371129023073191E-03,  1.290334594258063E+02,  2.238406659038565E+02,  1.065269917968753E+02,  2.462676178883398E+06,  6.125505890622478E+01,  3.184149574606597E+02,  3.184042939034326E+02,  2.371461465574432E-03,  2.371793908075674E-03,  5.877065607774911E+00,
2462676.500000000, A.D. 2030-Jun-24 00:00:00.0000,  1.441998832429181E-04,  2.371117697665596E-03,  1.290333459789945E+02,  2.238419904270223E+02,  1.131146651026208E+02,  2.462676286381470E+06,  6.125512879098250E+01,  1.308523055920153E+01,  1.308897227382124E+01,  2.371459661871954E-03,  2.371801626078312E-03,  5.877058902747689E+00,
2462677.500000000, A.D. 2030-Jun-25 00:00:00.0000,  1.341952550597730E-04,  2.371155335395594E-03,  1.290329073998773E+02,  2.238423336762534E+02,  1.213689627383578E+02,  2.462676421081790E+06,  6.125458969316999E+01,  6.608869226853187E+01,  6.610275106580188E+01,  2.371473575896980E-03,  2.371791816398365E-03,  5.877110626375491E+00,
2462678.500000000, A.D. 2030-Jun-26 00:00:00.0000,  1.136874420193249E-04,  2.371188719046371E-03,  1.290332903142744E+02,  2.238428381686836E+02,  1.175032473666380E+02,  2.462676357940067E+06,  6.125518062415667E+01,  1.312122681321052E+02,  1.312220675533655E+02,  2.371458324077090E-03,  2.371727929107809E-03,  5.877053929672520E+00,
2462679.500000000, A.D. 2030-Jun-27 00:00:00.0000,  1.090723178842222E-04,  2.371202163715267E-03,  1.290331319099180E+02,  2.238441591118555E+02,  1.093858230517168E+02,  2.462682102434716E+06,  6.125508374691042E+01,  2.005876435073812E+02,  2.005832490047575E+02,  2.371460824444161E-03,  2.371719485173055E-03,  5.877063224456985E+00,
2462680.500000000, A.D. 2030-Jun-28 00:00:00.0000,  1.252149528070439E-04,  2.371176849284732E-03,  1.290327257919966E+02,  2.238444573970978E+02,  1.015627967006259E+02,  2.462681974690651E+06,  6.125458127137074E+01,  2.696684416915273E+02,  2.696540933682614E+02,  2.371473793263839E-03,  2.371770737242946E-03,  5.877111434410495E+00,
2462681.500000000, A.D. 2030-Jun-29 00:00:00.0000,  1.419984419452182E-04,  2.371123463186647E-03,  1.290331227129015E+02,  2.238450322525817E+02,  1.078010381822940E+02,  2.462682076473841E+06,  6.125510767604464E+01,  3.246880327844714E+02,  3.246786258515539E+02,  2.371460206841154E-03,  2.371796950495661E-03,  5.877060928598891E+00,
2462682.500000000, A.D. 2030-Jun-30 00:00:00.0000,  1.450296600103380E-04,  2.371119928477782E-03,  1.290329144511171E+02,  2.238463237006572E+02,  1.146411718924166E+02,  2.462682188093712E+06,  6.125496609234457E+01,  1.910580912615721E+01,  1.911124974180398E+01,  2.371463861075280E-03,  2.371807793672779E-03,  5.877074512738838E+00,
2462683.500000000, A.D. 2030-Jul-01 00:00:00.0000,  1.306773275816521E-04,  2.371166575115435E-03,  1.290325640056473E+02,  2.238465861559328E+02,  1.225882458362700E+02,  2.462682317776576E+06,  6.125447743360481E+01,  7.241647807193797E+01,  7.243075364931505E+01,  2.371476473323392E-03,  2.371786371531349E-03,  5.877121397210719E+00,
2462684.500000000, A.D. 2030-Jul-02 00:00:00.0000,  1.110240956041755E-04,  2.371197747419015E-03,  1.290329547385457E+02,  2.238472437474585E+02,  1.170951628709649E+02,  2.462682228067663E+06,  6.125507552163509E+01,  1.391673868911368E+02,  1.391757045923885E+02,  2.371461036735878E-03,  2.371724326052742E-03,  5.877064013623642E+00,
2462685.500000000, A.D. 2030-Jul-03 00:00:00.0000,  1.073513768098925E-04,  2.371212947340136E-03,  1.290326903206033E+02,  2.238484883189046E+02,  1.076046155742038E+02,  2.462687950161272E+06,  6.125482403127636E+01,  2.099158024645014E+02,  2.099096680593517E+02,  2.371467527644289E-03,  2.371722107948442E-03,  5.877088142742620E+00,
2462686.500000000, A.D. 2030-Jul-04 00:00:00.0000,  1.280297307731214E-04,  2.371173424814790E-03,  1.290323983674484E+02,  2.238487123128555E+02,  1.009600243694557E+02,  2.462687841647468E+06,  6.125445530820787E+01,  2.778181151460619E+02,  2.778035800731964E+02,  2.371477044382317E-03,  2.371780663949844E-03,  5.877123520054570E+00,
2462687.500000000, A.D. 2030-Jul-05 00:00:00.0000,  1.432084776023557E-04,  2.371121929257175E-03,  1.290327858195125E+02,  2.238494659307631E+02,  1.080741336052046E+02,  2.462687957727972E+06,  6.125505591975171E+01,  3.319618474611188E+02,  3.319541323404562E+02,  2.371461542654391E-03,  2.371801156051607E-03,  5.877065894309597E+00,
2462688.500000000, A.D. 2030-Jul-06 00:00:00.0000,  1.463027432897669E-04,  2.371121323587591E-03,  1.290324545217774E+02,  2.238506627623366E+02,  1.154175081636576E+02,  2.462688077562627E+06,  6.125479504012977E+01,  2.587631467415408E+01,  2.588363265122170E+01,  2.371468275901980E-03,  2.371815228216370E-03,  5.877090924296681E+00,
2462689.500000000, A.D. 2030-Jul-07 00:00:00.0000,  1.285756070531768E-04,  2.371170374147023E-03,  1.290322262074548E+02,  2.238508376145518E+02,  1.225994910034824E+02,  2.462688194756703E+06,  6.125452335757424E+01,  7.995205601531170E+01,  7.996656411758700E+01,  2.371475288021793E-03,  2.371780201896562E-03,  5.877116990993373E+00,
2462690.500000000, A.D. 2030-Jul-08 00:00:00.0000,  1.116158289476086E-04,  2.371193221059235E-03,  1.290326119039501E+02,  2.238516788717401E+02,  1.163343496156060E+02,  2.462688092447840E+06,  6.125519653982388E+01,  1.474750807633538E+02,  1.474819568319526E+02,  2.371457913300043E-03,  2.371722605540851E-03,  5.877052402663551E+00,
2462691.500000000, A.D. 2030-Jul-09 00:00:00.0000,  1.086952190193702E-04,  2.371209144500866E-03,  1.290322229252937E+02,  2.238528291722665E+02,  1.069335093745159E+02,  2.462693815999533E+06,  6.125484789922059E+01,  2.181338009065096E+02,  2.181261104233301E+02,  2.371466911616221E-03,  2.371724678731577E-03,  5.877085852735921E+00,
2462692.500000000, A.D. 2030-Jul-10 00:00:00.0000,  1.303595322662113E-04,  2.371162826510655E-03,  1.290320459673625E+02,  2.238529609891510E+02,  1.022090661502428E+02,  2.462693738828619E+06,  6.125465189423088E+01,  2.841159841669133E+02,  2.841014965599893E+02,  2.371471970487511E-03,  2.371781114464365E-03,  5.877104658461143E+00,
2462693.500000000, A.D. 2030-Jul-11 00:00:00.0000,  1.417712511866311E-04,  2.371119719497071E-03,  1.290324318715753E+02,  2.238538720915108E+02,  1.092602844466106E+02,  2.462693853884808E+06,  6.125527362477815E+01,  3.383226892387822E+02,  3.383166874006370E+02,  2.371455923770518E-03,  2.371792128043965E-03,  5.877045006854360E+00,
2462694.500000000, A.D. 2030-Jul-12 00:00:00.0000,  1.440244049804804E-04,  2.371125387432377E-03,  1.290320031269640E+02,  2.238549817848015E+02,  1.164610240086638E+02,  2.462693971391294E+06,  6.125484693328590E+01,  3.237984535951483E+01,  3.238868507644047E+01,  2.371466936546844E-03,  2.371808485661310E-03,  5.877085945412361E+00,
2462695.500000000, A.D. 2030-Jul-13 00:00:00.0000,  1.241690060552559E-04,  2.371176496451636E-03,  1.290318769622181E+02,  2.238550962867318E+02,  1.219301325384131E+02,  2.462694060624710E+06,  6.125469105909978E+01,  8.816848870967100E+01,  8.818271023109054E+01,  2.371470959643583E-03,  2.371765422835531E-03,  5.877100900772882E+00,
2462696.500000000, A.D. 2030-Jul-14 00:00:00.0000,  1.109389879534685E-04,  2.371192735203680E-03,  1.290322459433412E+02,  2.238560651600512E+02,  1.146544489644145E+02,  2.462693941818869E+06,  6.125527756355235E+01,  1.567020952589243E+02,  1.567071226316863E+02,  2.371455822112562E-03,  2.371718909021443E-03,  5.877044628954623E+00,
2462697.500000000, A.D. 2030-Jul-15 00:00:00.0000,  1.109255166263465E-04,  2.371205897507618E-03,  1.290317931676537E+02,  2.238571213173941E+02,  1.050246817757120E+02,  2.462699661631801E+06,  6.125476877017820E+01,  2.275897438502878E+02,  2.275803596620384E+02,  2.371468953926495E-03,  2.371732010345373E-03,  5.877093444768100E+00,
2462698.500000000, A.D. 2030-Jul-16 00:00:00.0000,  1.347381569894974E-04,  2.371152474128093E-03,  1.290317197799906E+02,  2.238572423186611E+02,  1.027859405376337E+02,  2.462699625037174E+06,  6.125465067735779E+01,  2.910862409230003E+02,  2.910718340480867E+02,  2.371472001894981E-03,  2.371791529661868E-03,  5.877104775214572E+00,
2462699.500000000, A.D. 2030-Jul-17 00:00:00.0000,  1.438972983245292E-04,  2.371117405547185E-03,  1.290320549777014E+02,  2.238582700824668E+02,  1.102254847310819E+02,  2.462699746435096E+06,  6.125516791713873E+01,  3.449045767999687E+02,  3.449002817586444E+02,  2.371458652040302E-03,  2.371799898533419E-03,  5.877055148832181E+00,
2462700.500000000, A.D. 2030-Jul-18 00:00:00.0000,  1.441671934554782E-04,  2.371131139361543E-03,  1.290315862221309E+02,  2.238592538360306E+02,  1.182723135303581E+02,  2.462699877751573E+06,  6.125461092231775E+01,  3.811558529413683E+01,  3.812578392057793E+01,  2.371473027972341E-03,  2.371814916583139E-03,  5.877108589532092E+00,
2462701.500000000, A.D. 2030-Jul-19 00:00:00.0000,  1.208761750489076E-04,  2.371186646427220E-03,  1.290315753309541E+02,  2.238594014079810E+02,  1.224440543268198E+02,  2.462699945805368E+06,  6.125460034205378E+01,  9.520157105569106E+01,  9.521536521472433E+01,  2.371473301049081E-03,  2.371759955670942E-03,  5.877109604661730E+00,
2462702.500000000, A.D. 2030-Jul-20 00:00:00.0000,  1.085286415460194E-04,  2.371202816720696E-03,  1.290318583061850E+02,  2.238604934171999E+02,  1.142275017679102E+02,  2.462699811636413E+06,  6.125510840320516E+01,  1.646760029841835E+02,  1.646792892263195E+02,  2.371460188073388E-03,  2.371717559426080E-03,  5.877060858832192E+00,
2462703.500000000, A.D. 2030-Jul-21 00:00:00.0000,  1.111697441656226E-04,  2.371210724302791E-03,  1.290313644078756E+02,  2.238613905577610E+02,  1.033636874550876E+02,  2.462705511317962E+06,  6.125455929399401E+01,  2.367976046077160E+02,  2.367869460742502E+02,  2.371474360500743E-03,  2.371737996698694E-03,  5.877113543045241E+00,
2462704.500000000, A.D. 2030-Jul-22 00:00:00.0000,  1.364580869509537E-04,  2.371147916999297E-03,  1.290314223534594E+02,  2.238615535221724E+02,  1.031915012075303E+02,  2.462705508452930E+06,  6.125466921392567E+01,  2.982275493684455E+02,  2.982137709179877E+02,  2.371471523466647E-03,  2.371795129933998E-03,  5.877102996715839E+00,
2462705.500000000, A.D. 2030-Jul-23 00:00:00.0000,  1.442586604063906E-04,  2.371117058607301E-03,  1.290316585538477E+02,  2.238627188939270E+02,  1.104981183126266E+02,  2.462705627682006E+06,  6.125514815362207E+01,  3.521788198150923E+02,  3.521765698686435E+02,  2.371459162129238E-03,  2.371801265651176E-03,  5.877057045020188E+00,
2462706.500000000, A.D. 2030-Jul-24 00:00:00.0000,  1.429314073491691E-04,  2.371134554817686E-03,  1.290311399231645E+02,  2.238635274544201E+02,  1.189126112085931E+02,  2.462705764999897E+06,  6.125459213534568E+01,  4.502213155701182E+01,  4.503371900599834E+01,  2.371473512864371E-03,  2.371812470911055E-03,  5.877110392059398E+00,
2462707.500000000, A.D. 2030-Jul-25 00:00:00.0000,  1.193359756831097E-04,  2.371185176977519E-03,  1.290312650634563E+02,  2.238637054405564E+02,  1.212318498815787E+02,  2.462705802816360E+06,  6.125479881603238E+01,  1.039606424098505E+02,  1.039739128941901E+02,  2.371468178446396E-03,  2.371751179915272E-03,  5.877090562017751E+00,
2462708.500000000, A.D. 2030-Jul-26 00:00:00.0000,  1.100357904710950E-04,  2.371195346240242E-03,  1.290314578063199E+02,  2.238649264704177E+02,  1.133437021218282E+02,  2.462705674010110E+06,  6.125525938441617E+01,  1.731067437135185E+02,  1.731082568596929E+02,  2.371456291307823E-03,  2.371717236375405E-03,  5.877046373124768E+00,
2462709.500000000, A.D. 2030-Jul-27 00:00:00.0000,  1.144678081228304E-04,  2.371200411671007E-03,  1.290309201679233E+02,  2.238656611686279E+02,  1.031539787182282E+02,  2.462711384684932E+06,  6.125465583184174E+01,  2.445542731534680E+02,  2.445424292864471E+02,  2.371471868857860E-03,  2.371743326044713E-03,  5.877104280665352E+00,
2462710.500000000, A.D. 2030-Jul-28 00:00:00.0000,  1.375685292559542E-04,  2.371138484714600E-03,  1.290310973270798E+02,  2.238658507378106E+02,  1.049786856003210E+02,  2.462711414418310E+06,  6.125493267269339E+01,  3.039873679960699E+02,  3.039742956887331E+02,  2.371464723628812E-03,  2.371790962543025E-03,  5.877077719170900E+00,
2462711.500000000, A.D. 2030-Jul-29 00:00:00.0000,  1.430662403586175E-04,  2.371116844309667E-03,  1.290312557838087E+02,  2.238671170033492E+02,  1.116603599907288E+02,  2.462711523448609E+06,  6.125526603648655E+01,  3.585636492024012E+02,  3.585632381853512E+02,  2.371456119620876E-03,  2.371795394932086E-03,  5.877045734901663E+00,
2462712.500000000, A.D. 2030-Jul-30 00:00:00.0000,  1.392249658156544E-04,  2.371142332732117E-03,  1.290307201361157E+02,  2.238677882519071E+02,  1.199681844010341E+02,  2.462711659024199E+06,  6.125463134317508E+01,  5.151366263793070E+01,  5.152615209354785E+01,  2.371472500909989E-03,  2.371802669087861E-03,  5.877106630241938E+00,
2462713.500000000, A.D. 2030-Jul-31 00:00:00.0000,  1.158597374614772E-04,  2.371190552612536E-03,  1.290309417902569E+02,  2.238680221321812E+02,  1.200441431019917E+02,  2.462711660221445E+06,  6.125490995527002E+01,  1.126954697192588E+02,  1.127077175610204E+02,  2.371465309960747E-03,  2.371740067308959E-03,  5.877079898784956E+00,
2462714.500000000, A.D. 2030-Aug-01 00:00:00.0000,  1.090800832287905E-04,  2.371199506559901E-03,  1.290310491180758E+02,  2.238693030125949E+02,  1.116822371929987E+02,  2.462717400728821E+06,  6.125518599661171E+01,  1.823153165262557E+02,  1.823148116226642E+02,  2.371458185416140E-03,  2.371716864272379E-03,  5.877053414218889E+00,
2462715.500000000, A.D. 2030-Aug-02 00:00:00.0000,  1.180139886116429E-04,  2.371195559203781E-03,  1.290305332632119E+02,  2.238699094098770E+02,  1.016478209688108E+02,  2.462717236892019E+06,  6.125451799315828E+01,  2.536075165417519E+02,  2.535945433879015E+02,  2.371475426477754E-03,  2.371755293751727E-03,  5.877117505686839E+00,
2462716.500000000, A.D. 2030-Aug-03 00:00:00.0000,  1.405581105993849E-04,  2.371132571954628E-03,  1.290307885463156E+02,  2.238702033273721E+02,  1.056060765593472E+02,  2.462717301453719E+06,  6.125488706628638E+01,  3.109070429671477E+02,  3.108948685026788E+02,  2.371465900720984E-03,  2.371799229487339E-03,  5.877082094860929E+00,
2462717.500000000, A.D. 2030-Aug-04 00:00:00.0000,  1.455913275786011E-04,  2.371116639069568E-03,  1.290308332847544E+02,  2.238714992820268E+02,  1.126071902622150E+02,  2.462717415699675E+06,  6.125504194430923E+01,  5.163819970777852E+00,  5.165321823071351E+00,  2.371461903356379E-03,  2.371807167643190E-03,  5.877067235172222E+00,
2462718.500000000, A.D. 2030-Aug-05 00:00:00.0000,  1.380933116477205E-04,  2.371149997818330E-03,  1.290303447337278E+02,  2.238720284252777E+02,  1.214577443740065E+02,  2.462717560132996E+06,  6.125443831428931E+01,  5.757102540301916E+01,  5.758438327170108E+01,  2.371477482997455E-03,  2.371804968176580E-03,  5.877125150554518E+00,
2462719.500000000, A.D. 2030-Aug-06 00:00:00.0000,  1.138797891903159E-04,  2.371196455244328E-03,  1.290306422762267E+02,  2.238724041687500E+02,  1.199310561314625E+02,  2.462717535168457E+06,  6.125486317497891E+01,  1.203554873338821E+02,  1.203667471630187E+02,  2.371466517351396E-03,  2.371736579458464E-03,  5.877084387106280E+00,
2462720.500000000, A.D. 2030-Aug-07 00:00:00.0000,  1.072008337455682E-04,  2.371208497151648E-03,  1.290306087172929E+02,  2.238737073535177E+02,  1.110574473937197E+02,  2.462723267333187E+06,  6.125501030599064E+01,  1.904869771164168E+02,  1.904847415186088E+02,  2.371462719932421E-03,  2.371716942713194E-03,  5.877070270687597E+00,
2462721.500000000, A.D. 2030-Aug-08 00:00:00.0000,  1.198997402710119E-04,  2.371192713078485E-03,  1.290301477007345E+02,  2.238741465342219E+02,  1.011005378339834E+02,  2.462723104754833E+06,  6.125445499132333E+01,  2.617016173479605E+02,  2.616880219984271E+02,  2.371477052561145E-03,  2.371761392043805E-03,  5.877123550458393E+00,
2462722.500000000, A.D. 2030-Aug-09 00:00:00.0000,  1.403893158615111E-04,  2.371129800996690E-03,  1.290304863089990E+02,  2.238745898131244E+02,  1.063223610015315E+02,  2.462723189941704E+06,  6.125500995362781E+01,  3.177376140604927E+02,  3.177267934269126E+02,  2.371462729026810E-03,  2.371795657056929E-03,  5.877070304494810E+00,
2462723.500000000, A.D. 2030-Aug-10 00:00:00.0000,  1.451531967220612E-04,  2.371117265672512E-03,  1.290303848932201E+02,  2.238759067257531E+02,  1.130380106309584E+02,  2.462723299528684E+06,  6.125505792541559E+01,  1.227988204704940E+01,  1.228342037277820E+01,  2.371461490888818E-03,  2.371805716105124E-03,  5.877065701877834E+00,
2462724.500000000, A.D. 2030-Aug-11 00:00:00.0000,  1.351492287826518E-04,  2.371154001606624E-03,  1.290299456566050E+02,  2.238762654246116E+02,  1.214706650938792E+02,  2.462723437140615E+06,  6.125455371259186E+01,  6.510497727006047E+01,  6.511902619051099E+01,  2.371474504556992E-03,  2.371795007507361E-03,  5.877114078557006E+00,
2462725.500000000, A.D. 2030-Aug-12 00:00:00.0000,  1.138862914789136E-04,  2.371189903889644E-03,  1.290303233890587E+02,  2.238767703971006E+02,  1.181517426909229E+02,  2.462723382923821E+06,  6.125511643900204E+01,  1.296817478376051E+02,  1.296917905576184E+02,  2.371459980672234E-03,  2.371730057454823E-03,  5.877060087845701E+00,
2462726.500000000, A.D. 2030-Aug-13 00:00:00.0000,  1.088453704555037E-04,  2.371202487144525E-03,  1.290301665019790E+02,  2.238780881579081E+02,  1.099506660627688E+02,  2.462729126054864E+06,  6.125509206902495E+01,  1.991407674946045E+02,  1.991366783245533E+02,  2.371460609653103E-03,  2.371718732161681E-03,  5.877062425999394E+00,
2462727.500000000, A.D. 2030-Aug-14 00:00:00.0000,  1.241389283603756E-04,  2.371179130530561E-03,  1.290297575763764E+02,  2.238783878930005E+02,  1.017140715637943E+02,  2.462728991559587E+06,  6.125459175379098E+01,  2.686351263861993E+02,  2.686209052015584E+02,  2.371473522712306E-03,  2.371767914894050E-03,  5.877110428667904E+00,
2462728.500000000, A.D. 2030-Aug-15 00:00:00.0000,  1.409982324359248E-04,  2.371124151547164E-03,  1.290301546049633E+02,  2.238789500925901E+02,  1.078411117918434E+02,  2.462729091526385E+06,  6.125517291655841E+01,  3.237659490184230E+02,  3.237563973754404E+02,  2.371458523007203E-03,  2.371792894467241E-03,  5.877054669168770E+00,
2462729.500000000, A.D. 2030-Aug-16 00:00:00.0000,  1.444378809701008E-04,  2.371119655240673E-03,  1.290299535133855E+02,  2.238802520417362E+02,  1.144605270699302E+02,  2.462729199543418E+06,  6.125503106247491E+01,  1.840447724085399E+01,  1.840970378490547E+01,  2.371462184213362E-03,  2.371804713186051E-03,  5.877068279221517E+00,
2462730.500000000, A.D. 2030-Aug-17 00:00:00.0000,  1.307275318456613E-04,  2.371164927230805E-03,  1.290295871641051E+02,  2.238805150659403E+02,  1.223287749667499E+02,  2.462729327939945E+06,  6.125453667504110E+01,  7.179399559400488E+01,  7.180822666943564E+01,  2.371474944297106E-03,  2.371784961363407E-03,  5.877115713238042E+00,
2462731.500000000, A.D. 2030-Aug-18 00:00:00.0000,  1.112563368693811E-04,  2.371196595510489E-03,  1.290299857702533E+02,  2.238811492885986E+02,  1.170636033549302E+02,  2.462729241951230E+06,  6.125509881616819E+01,  1.383170005113995E+02,  1.383254778525742E+02,  2.371460435511575E-03,  2.371724275512661E-03,  5.877061778651127E+00,
2462732.500000000, A.D. 2030-Aug-19 00:00:00.0000,  1.078270286876433E-04,  2.371210739365962E-03,  1.290297381163608E+02,  2.238824100647854E+02,  1.077785646613184E+02,  2.462734967396990E+06,  6.125486587955939E+01,  2.088599283119898E+02,  2.088539651131536E+02,  2.371466447546633E-03,  2.371722155727304E-03,  5.877084127615912E+00,
2462733.500000000, A.D. 2030-Aug-20 00:00:00.0000,  1.280800101023662E-04,  2.371173251289135E-03,  1.290294278071797E+02,  2.238826450371662E+02,  1.010623402603242E+02,  2.462734857715338E+06,  6.125445741189206E+01,  2.768338836826640E+02,  2.768193107918656E+02,  2.371476990085982E-03,  2.371780728882830E-03,  5.877123318214372E+00,
2462734.500000000, A.D. 2030-Aug-21 00:00:00.0000,  1.434286551417965E-04,  2.371121601825241E-03,  1.290298168290883E+02,  2.238833670691132E+02,  1.082332299547655E+02,  2.462734974722805E+06,  6.125504837458162E+01,  3.309208316523346E+02,  3.309128423536585E+02,  2.371461737392956E-03,  2.371801872960671E-03,  5.877066618224817E+00,
2462735.500000000, A.D. 2030-Aug-22 00:00:00.0000,  1.463901779986216E-04,  2.371121496730265E-03,  1.290295092371270E+02,  2.238845782431071E+02,  1.156118469669734E+02,  2.462735095132599E+06,  6.125478029589392E+01,  2.480006368289161E+01,  2.480710121051338E+01,  2.371468656449000E-03,  2.371815816167736E-03,  5.877092338932637E+00,
2462736.500000000, A.D. 2030-Aug-23 00:00:00.0000,  1.285654657967341E-04,  2.371172027915485E-03,  1.290292639544938E+02,  2.238847733945054E+02,  1.230238879282334E+02,  2.462735216081128E+06,  6.125446020676196E+01,  7.864575747376259E+01,  7.866020211349174E+01,  2.371476917950068E-03,  2.371781807984651E-03,  5.877123050057652E+00,
2462737.500000000, A.D. 2030-Aug-24 00:00:00.0000,  1.106281546265447E-04,  2.371198109804140E-03,  1.290296456049204E+02,  2.238855890312266E+02,  1.167181052579578E+02,  2.462735113106654E+06,  6.125509786353923E+01,  1.462093854912821E+02,  1.462164351442004E+02,  2.371460460098611E-03,  2.371722810393081E-03,  5.877061870050202E+00,
2462738.500000000, A.D. 2030-Aug-25 00:00:00.0000,  1.077832554903408E-04,  2.371213356674623E-03,  1.290292780640105E+02,  2.238867450806165E+02,  1.068140358322364E+02,  2.462740828450397E+06,  6.125476848373487E+01,  2.173713099855766E+02,  2.173638139721495E+02,  2.371468961319568E-03,  2.371724565964513E-03,  5.877093472250926E+00,
2462739.500000000, A.D. 2030-Aug-26 00:00:00.0000,  1.299587054214638E-04,  2.371165806128634E-03,  1.290290904642698E+02,  2.238868982647301E+02,  1.018218633826445E+02,  2.462740746907761E+06,  6.125457326844567E+01,  2.836211971843757E+02,  2.836067233182171E+02,  2.371473999819591E-03,  2.371782193510549E-03,  5.877112202256551E+00,
2462740.500000000, A.D. 2030-Aug-27 00:00:00.0000,  1.420949726634580E-04,  2.371120155886881E-03,  1.290294690665270E+02,  2.238877940162771E+02,  1.090457666995066E+02,  2.462740864781779E+06,  6.125522696562656E+01,  3.376552093444100E+02,  3.376490179113351E+02,  2.371457128022660E-03,  2.371794100158440E-03,  5.877049483499824E+00,
2462741.500000000, A.D. 2030-Aug-28 00:00:00.0000,  1.445502508294867E-04,  2.371124262653881E-03,  1.290290467160369E+02,  2.238889093237003E+02,  1.162666852727441E+02,  2.462740982617853E+06,  6.125484219613129E+01,  3.169216176763566E+01,  3.170086521545362E+01,  2.371467058812066E-03,  2.371809854970251E-03,  5.877086399917895E+00,
2462742.500000000, A.D. 2030-Aug-29 00:00:00.0000,  1.249327413982045E-04,  2.371174708098829E-03,  1.290289132280098E+02,  2.238890248898658E+02,  1.220040587056264E+02,  2.462741076230570E+06,  6.125469017470327E+01,  8.721255533229288E+01,  8.722685473963534E+01,  2.371470982469815E-03,  2.371767256840801E-03,  5.877100985626591E+00,
2462743.500000000, A.D. 2030-Aug-30 00:00:00.0000,  1.114526795423750E-04,  2.371191010302067E-03,  1.290292869976348E+02,  2.238899887118447E+02,  1.150231007527009E+02,  2.462740962236973E+06,  6.125529719820357E+01,  1.554514284441195E+02,  1.554567338917100E+02,  2.371455315351377E-03,  2.371719620400687E-03,  5.877042745138418E+00,
2462744.500000000, A.D. 2030-Aug-31 00:00:00.0000,  1.108412357403036E-04,  2.371204997031921E-03,  1.290288354655654E+02,  2.238910531529553E+02,  1.055163687123852E+02,  2.462746684055916E+06,  6.125481140761284E+01,  2.262160667322456E+02,  2.262068977305705E+02,  2.371467853459316E-03,  2.371730709886711E-03,  5.877089353919040E+00,
2462745.500000000, A.D. 2030-Sep-01 00:00:00.0000,  1.338133729649206E-04,  2.371153353599062E-03,  1.290287514781621E+02,  2.238911658722479E+02,  1.030051005928020E+02,  2.462746643013171E+06,  6.125470158034747E+01,  2.899850693003627E+02,  2.899706579737536E+02,  2.371470688090723E-03,  2.371788022582385E-03,  5.877099891308586E+00,
2462746.500000000, A.D. 2030-Sep-02 00:00:00.0000,  1.428331132863609E-04,  2.371117614461656E-03,  1.290290994409359E+02,  2.238921816037160E+02,  1.103440571836684E+02,  2.462746762768647E+06,  6.125525761586709E+01,  3.439040388246854E+02,  3.438995002156198E+02,  2.371456336953286E-03,  2.371795059444915E-03,  5.877046542805631E+00,
2462747.500000000, A.D. 2030-Sep-03 00:00:00.0000,  1.434394852433876E-04,  2.371130390689685E-03,  1.290286265662930E+02,  2.238931902078261E+02,  1.179939856791752E+02,  2.462746887606852E+06,  6.125470680645812E+01,  3.751196271414769E+01,  3.752197304401140E+01,  2.371470553205107E-03,  2.371810715720528E-03,  5.877099389887945E+00,
2462748.500000000, A.D. 2030-Sep-04 00:00:00.0000,  1.207821646800174E-04,  2.371185233286362E-03,  1.290285986836385E+02,  2.238933172132275E+02,  1.221600923139840E+02,  2.462746955568754E+06,  6.125466373926348E+01,  9.460361663761095E+01,  9.461741243445529E+01,  2.371471664767511E-03,  2.371758096248659E-03,  5.877103521984473E+00,
2462749.500000000, A.D. 2030-Sep-05 00:00:00.0000,  1.089075682722411E-04,  2.371200941394288E-03,  1.290289054659121E+02,  2.238943955881765E+02,  1.141364396322041E+02,  2.462746824549082E+06,  6.125514625041769E+01,  1.638851372707827E+02,  1.638886007838662E+02,  2.371459211250242E-03,  2.371717481106197E-03,  5.877057227621021E+00,
2462750.500000000, A.D. 2030-Sep-06 00:00:00.0000,  1.115313739368313E-04,  2.371209412296252E-03,  1.290284194387596E+02,  2.238953209122377E+02,  1.034472660774622E+02,  2.462752527078991E+06,  6.125457690192963E+01,  2.358321340648934E+02,  2.358215603175963E+02,  2.371473906039248E-03,  2.371738399782244E-03,  5.877111853639452E+00,
2462751.500000000, A.D. 2030-Sep-07 00:00:00.0000,  1.366742600887362E-04,  2.371148515077893E-03,  1.290284578077446E+02,  2.238954810410299E+02,  1.030883355686320E+02,  2.462752521167193E+06,  6.125462617325859E+01,  2.974487853577667E+02,  2.974348856923810E+02,  2.371472634345512E-03,  2.371796753613132E-03,  5.877107126272238E+00,
2462752.500000000, A.D. 2030-Sep-08 00:00:00.0000,  1.446421944816218E-04,  2.371116899605417E-03,  1.290287064944500E+02,  2.238966215248604E+02,  1.106222276907309E+02,  2.462752644105867E+06,  6.125511906983591E+01,  3.511727779765354E+02,  3.511702340343678E+02,  2.371459912771326E-03,  2.371802925937235E-03,  5.877059835433021E+00,
2462753.500000000, A.D. 2030-Sep-09 00:00:00.0000,  1.435449370690015E-04,  2.371134224036415E-03,  1.290281975677242E+02,  2.238974561050540E+02,  1.190549899022993E+02,  2.462752781722046E+06,  6.125454857285050E+01,  4.399779185462614E+01,  4.400921933556369E+01,  2.371474637213975E-03,  2.371815050391535E-03,  5.877114571693387E+00,
2462754.500000000, A.D. 2030-Sep-10 00:00:00.0000,  1.193658709396856E-04,  2.371186464996258E-03,  1.290283040641529E+02,  2.238976343306946E+02,  1.216383389928950E+02,  2.462752823848963E+06,  6.125474615883937E+01,  1.026722062734309E+02,  1.026855509685519E+02,  2.371469537523012E-03,  2.371752610049766E-03,  5.877095614215524E+00,
2462755.500000000, A.D. 2030-Sep-11 00:00:00.0000,  1.091964054671723E-04,  2.371199303783681E-03,  1.290285045638558E+02,  2.238988429482559E+02,  1.137220027788649E+02,  2.462752694581048E+06,  6.125518316491078E+01,  1.718464517858432E+02,  1.718482262183832E+02,  2.371458258501224E-03,  2.371717213218768E-03,  5.877053685902963E+00,
2462756.500000000, A.D. 2030-Sep-12 00:00:00.0000,  1.136115968325089E-04,  2.371203629334571E-03,  1.290279759474616E+02,  2.238995898132029E+02,  1.031299506799447E+02,  2.462758398692976E+06,  6.125460982960259E+01,  2.436963025861650E+02,  2.436846323988393E+02,  2.371473056175329E-03,  2.371742483016086E-03,  5.877108694373274E+00,
2462757.500000000, A.D. 2030-Sep-13 00:00:00.0000,  1.371721233652624E-04,  2.371141138444299E-03,  1.290281461894654E+02,  2.238997877963163E+02,  1.045608278349079E+02,  2.462758421997047E+06,  6.125486626761341E+01,  3.035231941706511E+02,  3.035100887855623E+02,  2.371466437531024E-03,  2.371791736617750E-03,  5.877084090384158E+00,
2462758.500000000, A.D. 2030-Sep-14 00:00:00.0000,  1.430753546450913E-04,  2.371116890123184E-03,  1.290283027056261E+02,  2.239010452932193E+02,  1.113853123064415E+02,  2.462758533357677E+06,  6.125526342360495E+01,  3.579566666971338E+02,  3.579560820152935E+02,  2.371456187058173E-03,  2.371795483993161E-03,  5.877045985590727E+00,
2462759.500000000, A.D. 2030-Sep-15 00:00:00.0000,  1.400524556154021E-04,  2.371140004425485E-03,  1.290277652438930E+02,  2.239017200400474E+02,  1.196863915656569E+02,  2.462758668823835E+06,  6.125464552328901E+01,  5.091340134579828E+01,  5.092585972416719E+01,  2.371472134921404E-03,  2.371804265417323E-03,  5.877105269724041E+00,
2462760.500000000, A.D. 2030-Sep-16 00:00:00.0000,  1.168405905061996E-04,  2.371186897250716E-03,  1.290279833314536E+02,  2.239019431493735E+02,  1.200036884740974E+02,  2.462758673961760E+06,  6.125496146513072E+01,  1.118539020049269E+02,  1.118663280921262E+02,  2.371463980502562E-03,  2.371741063754408E-03,  5.877074956694395E+00,
2462761.500000000, A.D. 2030-Sep-17 00:00:00.0000,  1.097183964828716E-04,  2.371196566422457E-03,  1.290280997417971E+02,  2.239032295093000E+02,  1.120867815471121E+02,  2.462764421729214E+06,  6.125524126913034E+01,  1.810287720550424E+02,  1.810285463476825E+02,  2.371456758855368E-03,  2.371716951288278E-03,  5.877048111169916E+00,
2462762.500000000, A.D. 2030-Sep-18 00:00:00.0000,  1.177982662514429E-04,  2.371194447831253E-03,  1.290275749715614E+02,  2.239038437256665E+02,  1.021481206165401E+02,  2.462764259456219E+06,  6.125458088121589E+01,  2.522252467508026E+02,  2.522123930150226E+02,  2.371473803333747E-03,  2.371753158836241E-03,  5.877111471844162E+00,
2462763.500000000, A.D. 2030-Sep-19 00:00:00.0000,  1.400891964005627E-04,  2.371132999584457E-03,  1.290278286138033E+02,  2.239041195007519E+02,  1.057139744783764E+02,  2.462764317613221E+06,  6.125491358644367E+01,  3.099171727728797E+02,  3.099048591437811E+02,  2.371465216240892E-03,  2.371797432897328E-03,  5.877079550393352E+00,
2462764.500000000, A.D. 2030-Sep-20 00:00:00.0000,  1.448954401553354E-04,  2.371116767876228E-03,  1.290278905776158E+02,  2.239054158854889E+02,  1.126480235671720E+02,  2.462764430764274E+06,  6.125510090219040E+01,  4.241041372921930E+00,  4.242269487875135E+00,  2.371460381672041E-03,  2.371803995467854E-03,  5.877061578509732E+00,
2462765.500000000, A.D. 2030-Sep-21 00:00:00.0000,  1.379651965435547E-04,  2.371149493383309E-03,  1.290273922329241E+02,  2.239059645695540E+02,  1.213841379957651E+02,  2.462764573329642E+06,  6.125446963412347E+01,  5.676270128347058E+01,  5.677592584354302E+01,  2.371476674628823E-03,  2.371803855874337E-03,  5.877122145539763E+00,
2462766.500000000, A.D. 2030-Sep-22 00:00:00.0000,  1.137656697377203E-04,  2.371196486319297E-03,  1.290276794927937E+02,  2.239063136431874E+02,  1.199147535679671E+02,  2.462764549300186E+06,  6.125487245759596E+01,  1.194898683105250E+02,  1.195012151175290E+02,  2.371466277768647E-03,  2.371736069217998E-03,  5.877083496487763E+00,
2462767.500000000, A.D. 2030-Sep-23 00:00:00.0000,  1.071468124579665E-04,  2.371208807169482E-03,  1.290276718016711E+02,  2.239076132438176E+02,  1.109843968794608E+02,  2.462770280538420E+06,  6.125500325718169E+01,  1.896781100040652E+02,  1.896760461676550E+02,  2.371462901860279E-03,  2.371716996551076E-03,  5.877070946980853E+00,
2462768.500000000, A.D. 2030-Sep-24 00:00:00.0000,  1.199577421234067E-04,  2.371193872364983E-03,  1.290272075847273E+02,  2.239080827673476E+02,  1.008855811388931E+02,  2.462770115644268E+06,  6.125440474005109E+01,  2.610346721092254E+02,  2.610210942210007E+02,  2.371478349553289E-03,  2.371762826741596E-03,  5.877128371873876E+00,
2462769.500000000, A.D. 2030-Sep-25 00:00:00.0000,  1.412790299113966E-04,  2.371130279357351E-03,  1.290275296210769E+02,  2.239085111729904E+02,  1.060954682803470E+02,  2.462770200636474E+06,  6.125490965630784E+01,  3.170825760476121E+02,  3.170715505640176E+02,  2.371465317676901E-03,  2.371800355996452E-03,  5.877079927468775E+00,
2462770.500000000, A.D. 2030-Sep-26 00:00:00.0000,  1.462242957823656E-04,  2.371117037002355E-03,  1.290274476223620E+02,  2.239098154112114E+02,  1.131418336979491E+02,  2.462770315621535E+06,  6.125496835693041E+01,  1.129409705830003E+01,  1.129737924104900E+01,  2.371463802626868E-03,  2.371810568251380E-03,  5.877074295464386E+00,
2462771.500000000, A.D. 2030-Sep-27 00:00:00.0000,  1.360578288294099E-04,  2.371153816149760E-03,  1.290270087847077E+02,  2.239102012124196E+02,  1.217987292437115E+02,  2.462770456893709E+06,  6.125447740390508E+01,  6.389493070644836E+01,  6.390893236582709E+01,  2.371476474089945E-03,  2.371799132030130E-03,  5.877121400060290E+00,
2462772.500000000, A.D. 2030-Sep-28 00:00:00.0000,  1.137290922456481E-04,  2.371192124809498E-03,  1.290273717597287E+02,  2.239106986044519E+02,  1.187283547595622E+02,  2.462770406733232E+06,  6.125504482484482E+01,  1.282231496994785E+02,  1.282333871384762E+02,  2.371461829010607E-03,  2.371731533211715E-03,  5.877066958801495E+00,
2462773.500000000, A.D. 2030-Sep-29 00:00:00.0000,  1.082770181984256E-04,  2.371204586951513E-03,  1.290272238412510E+02,  2.239120101912391E+02,  1.103079413584862E+02,  2.462776146287668E+06,  6.125506293021310E+01,  1.979014823357379E+02,  1.978976689535113E+02,  2.371461361716532E-03,  2.371718136481551E-03,  5.877065221696729E+00,
2462774.500000000, A.D. 2030-Sep-30 00:00:00.0000,  1.233179966720724E-04,  2.371181914323282E-03,  1.290268143857161E+02,  2.239123208875550E+02,  1.016264105795431E+02,  2.462776004528353E+06,  6.125455932151250E+01,  2.678407787378514E+02,  2.678266576518791E+02,  2.371474359790490E-03,  2.371766805257698E-03,  5.877113540404960E+00,
2462775.500000000, A.D. 2030-Oct-01 00:00:00.0000,  1.406240640669219E-04,  2.371125320911434E-03,  1.290272063039457E+02,  2.239128764315008E+02,  1.076352573684212E+02,  2.462776102564985E+06,  6.125516198733137E+01,  3.230897842395393E+02,  3.230801052116437E+02,  2.371458805086372E-03,  2.371792289261310E-03,  5.877055717760640E+00,
2462776.500000000, A.D. 2030-Oct-02 00:00:00.0000,  1.445086374128798E-04,  2.371119204626434E-03,  1.290270110248769E+02,  2.239141797366345E+02,  1.142528662894126E+02,  2.462776210552322E+06,  6.125504202187329E+01,  1.773012966730510E+01,  1.773517345654821E+01,  2.371461901354474E-03,  2.371804598082514E-03,  5.877067227730399E+00,
2462777.500000000, A.D. 2030-Oct-03 00:00:00.0000,  1.313754986421261E-04,  2.371162111776823E-03,  1.290266325363371E+02,  2.239144451950477E+02,  1.220355456469281E+02,  2.462776337553095E+06,  6.125458622881294E+01,  7.120520420093281E+01,  7.121945674872592E+01,  2.371473665312120E-03,  2.371785218847417E-03,  5.877110958765453E+00,
2462778.500000000, A.D. 2030-Oct-04 00:00:00.0000,  1.120632008617731E-04,  2.371193018244899E-03,  1.290270368759459E+02,  2.239150619287309E+02,  1.170167500723508E+02,  2.462776255587212E+06,  6.125516328842861E+01,  1.374818717897355E+02,  1.374905494784377E+02,  2.371458771505546E-03,  2.371724524766192E-03,  5.877055592928371E+00,
2462779.500000000, A.D. 2030-Oct-05 00:00:00.0000,  1.087844335412910E-04,  2.371205749116681E-03,  1.290267964906820E+02,  2.239163422457012E+02,  1.082858465261239E+02,  2.462781990072350E+06,  6.125497126946978E+01,  2.074706897771144E+02,  2.074649400724043E+02,  2.371463727454936E-03,  2.371721705793191E-03,  5.877074016022408E+00,
2462780.500000000, A.D. 2030-Oct-06 00:00:00.0000,  1.280629612511187E-04,  2.371171796867187E-03,  1.290264687704412E+02,  2.239165745915388E+02,  1.014562044985034E+02,  2.462781878541592E+06,  6.125451533668154E+01,  2.755581029430570E+02,  2.755434967767141E+02,  2.371475495041617E-03,  2.371779193216046E-03,  5.877117760564800E+00,
2462781.500000000, A.D. 2030-Oct-07 00:00:00.0000,  1.430295882427308E-04,  2.371121391865193E-03,  1.290268679909445E+02,  2.239172691158653E+02,  1.084733061920736E+02,  2.462781993039465E+06,  6.125509318323873E+01,  3.297988216127450E+02,  3.297905755586448E+02,  2.371460580895613E-03,  2.371799769926033E-03,  5.877062319097198E+00,
2462782.500000000, A.D. 2030-Oct-08 00:00:00.0000,  1.459861999596474E-04,  2.371121827520338E-03,  1.290265812393249E+02,  2.239184981020683E+02,  1.157606113610567E+02,  2.462782111958602E+06,  6.125480460142122E+01,  2.376940003764832E+01,  2.377614381133765E+01,  2.371468029126236E-03,  2.371814230732135E-03,  5.877090006938776E+00,
2462783.500000000, A.D. 2030-Oct-09 00:00:00.0000,  1.285734539824468E-04,  2.371172112032995E-03,  1.290263133623324E+02,  2.239187069322730E+02,  1.231189442666593E+02,  2.462782232030562E+06,  6.125445621318976E+01,  7.766877842913877E+01,  7.768317244563696E+01,  2.371477021024628E-03,  2.371781930016261E-03,  5.877123433225125E+00,
2462784.500000000, A.D. 2030-Oct-10 00:00:00.0000,  1.101774031198068E-04,  2.371199919525668E-03,  1.290266975956184E+02,  2.239194912980759E+02,  1.167711935786268E+02,  2.462782128369690E+06,  6.125506915865483E+01,  1.452743786268907E+02,  1.452815698357354E+02,  2.371461200962390E-03,  2.371722482399111E-03,  5.877064624114214E+00,
2462785.500000000, A.D. 2030-Oct-11 00:00:00.0000,  1.075860681021652E-04,  2.371214132760924E-03,  1.290263487129599E+02,  2.239206665691762E+02,  1.068667883468397E+02,  2.462787843709998E+06,  6.125475653112374E+01,  2.164366147117936E+02,  2.164292932259160E+02,  2.371469269815289E-03,  2.371724406869653E-03,  5.877094619045344E+00,
2462786.500000000, A.D. 2030-Oct-12 00:00:00.0000,  1.301192152095017E-04,  2.371166934870454E-03,  1.290261472749651E+02,  2.239208341165405E+02,  1.015946295335370E+02,  2.462787757596915E+06,  6.125451478027058E+01,  2.829665112057685E+02,  2.829519803106833E+02,  2.371475509402626E-03,  2.371784083934798E-03,  5.877117813950135E+00,
2462787.500000000, A.D. 2030-Oct-13 00:00:00.0000,  1.427923539708666E-04,  2.371120405690935E-03,  1.290265241641028E+02,  2.239217124185866E+02,  1.088783167047777E+02,  2.462787876446914E+06,  6.125515319905645E+01,  3.369406866002474E+02,  3.369342765038337E+02,  2.371459031908447E-03,  2.371797658125959E-03,  5.877056560941639E+00,
2462788.500000000, A.D. 2030-Oct-14 00:00:00.0000,  1.454270648099964E-04,  2.371123800063129E-03,  1.290261185392687E+02,  2.239228303592564E+02,  1.163439317551472E+02,  2.462787998276986E+06,  6.125477954645493E+01,  3.073293261731311E+01,  3.074145023470184E+01,  2.371468675791938E-03,  2.371813551520747E-03,  5.877092410837591E+00,
2462789.500000000, A.D. 2030-Oct-15 00:00:00.0000,  1.259590837398532E-04,  2.371173761047281E-03,  1.290259770803086E+02,  2.239229620685454E+02,  1.223691403178744E+02,  2.462788096588676E+06,  6.125463255833732E+01,  8.596544499814782E+01,  8.597984323529759E+01,  2.371472469546660E-03,  2.371771178046038E-03,  5.877106513652585E+00,
2462790.500000000, A.D. 2030-Oct-16 00:00:00.0000,  1.115610415155440E-04,  2.371191262962829E-03,  1.290263454143539E+02,  2.239239160221288E+02,  1.155150689388561E+02,  2.462787984666674E+06,  6.125527744995027E+01,  1.540774407745757E+02,  1.540830286550120E+02,  2.371455825044579E-03,  2.371720387126329E-03,  5.877044639854001E+00,
2462791.500000000, A.D. 2030-Oct-17 00:00:00.0000,  1.101825445557016E-04,  2.371206044950109E-03,  1.290258934633412E+02,  2.239249861762442E+02,  1.060898600635666E+02,  2.462793707817267E+06,  6.125483133036430E+01,  2.247605257232249E+02,  2.247516360629398E+02,  2.371467339255879E-03,  2.371728633561650E-03,  5.877087442432421E+00,
2462792.500000000, A.D. 2030-Oct-18 00:00:00.0000,  1.328387513461411E-04,  2.371154766099328E-03,  1.290258048227782E+02,  2.239250922638729E+02,  1.031214149542244E+02,  2.462793659310663E+06,  6.125473640824746E+01,  2.889867309411925E+02,  2.889723361438506E+02,  2.371469789184978E-03,  2.371784812270628E-03,  5.877096549737644E+00,
2462793.500000000, A.D. 2030-Oct-19 00:00:00.0000,  1.420756028803546E-04,  2.371118172482829E-03,  1.290261610776764E+02,  2.239261078672736E+02,  1.102003956572202E+02,  2.462793774822177E+06,  6.125530560423786E+01,  3.431656835289555E+02,  3.431609677635081E+02,  2.371455098395638E-03,  2.371792024308447E-03,  5.877041938634846E+00,
2462794.500000000, A.D. 2030-Oct-20 00:00:00.0000,  1.431872468771829E-04,  2.371129415355195E-03,  1.290256863952738E+02,  2.239271252832737E+02,  1.177126827713076E+02,  2.462793897413733E+06,  6.125476778052204E+01,  3.691128183034903E+01,  3.692113754918321E+01,  2.371468979469419E-03,  2.371808543583644E-03,  5.877093539720736E+00,
2462795.500000000, A.D. 2030-Oct-21 00:00:00.0000,  1.214482976459566E-04,  2.371182551504975E-03,  1.290256503306922E+02,  2.239272413812241E+02,  1.220062429857708E+02,  2.462793967457074E+06,  6.125470644370606E+01,  9.387546705934139E+01,  9.388935204275886E+01,  2.371470562567716E-03,  2.371758573630457E-03,  5.877099424692291E+00,
2462796.500000000, A.D. 2030-Oct-22 00:00:00.0000,  1.097732713671217E-04,  2.371197028008427E-03,  1.290259706002536E+02,  2.239283090357448E+02,  1.141696087107221E+02,  2.462793839491877E+06,  6.125521834026089E+01,  1.629700059598954E+02,  1.629736895435277E+02,  2.371457350639714E-03,  2.371717673271002E-03,  5.877050311048924E+00,
2462797.500000000, A.D. 2030-Oct-23 00:00:00.0000,  1.117941203843375E-04,  2.371207100292237E-03,  1.290254827448018E+02,  2.239292569632817E+02,  1.039120616202007E+02,  2.462799549062778E+06,  6.125464234539715E+01,  2.344853923816104E+02,  2.344749657658722E+02,  2.371472216942746E-03,  2.371737333593255E-03,  5.877105574628359E+00,
2462798.500000000, A.D. 2030-Oct-24 00:00:00.0000,  1.365849246778748E-04,  2.371147889433483E-03,  1.290255045902397E+02,  2.239294005811875E+02,  1.033299618118713E+02,  2.462799539508909E+06,  6.125465862640634E+01,  2.963252366176367E+02,  2.963112072724620E+02,  2.371471796730216E-03,  2.371795704026948E-03,  5.877104012539664E+00,
2462799.500000000, A.D. 2030-Oct-25 00:00:00.0000,  1.446263069303744E-04,  2.371116802026478E-03,  1.290257740774229E+02,  2.239305240194405E+02,  1.107985783675090E+02,  2.462799661382381E+06,  6.125512431110020E+01,  3.501145021583071E+02,  3.501116564108350E+02,  2.371459777496131E-03,  2.371802752965784E-03,  5.877059332565315E+00,
2462800.500000000, A.D. 2030-Oct-26 00:00:00.0000,  1.436773704650257E-04,  2.371134629603539E-03,  1.290252758433791E+02,  2.239313862580090E+02,  1.192684723743433E+02,  2.462799799604320E+06,  6.125452068709905E+01,  4.290240163318501E+01,  4.291361114730892E+01,  2.371475356946947E-03,  2.371816084290355E-03,  5.877117247214382E+00,
2462801.500000000, A.D. 2030-Oct-27 00:00:00.0000,  1.191878603992415E-04,  2.371188979185338E-03,  1.290253620920720E+02,  2.239315660227686E+02,  1.221614732256990E+02,  2.462799846784797E+06,  6.125466509349273E+01,  1.012671435713144E+02,  1.012805378730208E+02,  2.371471629814893E-03,  2.371754280444449E-03,  5.877103392052402E+00,
2462802.500000000, A.D. 2030-Oct-28 00:00:00.0000,  1.082099016402182E-04,  2.371203860752383E-03,  1.290255719933186E+02,  2.239327516080898E+02,  1.139244080611754E+02,  2.462799712279500E+06,  6.125509723746945E+01,  1.707620903400298E+02,  1.707640806900749E+02,  2.371460476257263E-03,  2.371717091762143E-03,  5.877061930117869E+00,
2462803.500000000, A.D. 2030-Oct-29 00:00:00.0000,  1.128369711400306E-04,  2.371207121531607E-03,  1.290250547738921E+02,  2.239335195134792E+02,  1.029564318433361E+02,  2.462805410260770E+06,  6.125454569253022E+01,  2.429878443826092E+02,  2.429763255053665E+02,  2.371474711555195E-03,  2.371742301578782E-03,  5.877114848047934E+00,
2462804.500000000, A.D. 2030-Oct-30 00:00:00.0000,  1.373041829264651E-04,  2.371142901673951E-03,  1.290252097064451E+02,  2.239337231749336E+02,  1.041904541581010E+02,  2.462805430350299E+06,  6.125478580650952E+01,  3.030115916959151E+02,  3.029983966370065E+02,  2.371468514220632E-03,  2.371794126767313E-03,  5.877091810216450E+00,
2462805.500000000, A.D. 2030-Oct-31 00:00:00.0000,  1.437309179925992E-04,  2.371116768185577E-03,  1.290253696288687E+02,  2.239349646041502E+02,  1.112371996783901E+02,  2.462805545338505E+06,  6.125520790512386E+01,  3.572227804604847E+02,  3.572219822852049E+02,  2.371457619966275E-03,  2.371798471746973E-03,  5.877051312234413E+00,
2462806.500000000, A.D. 2030-Nov-01 00:00:00.0000,  1.411008291001539E-04,  2.371138921631791E-03,  1.290248408856377E+02,  2.239356502358575E+02,  1.197516323773947E+02,  2.462805684287324E+06,  6.125459114154976E+01,  4.996614647776885E+01,  4.997852788432997E+01,  2.371473538514265E-03,  2.371808155396739E-03,  5.877110487409775E+00,
2462807.500000000, A.D. 2030-Nov-02 00:00:00.0000,  1.175016156765960E-04,  2.371186313000496E-03,  1.290250488116392E+02,  2.239358759308811E+02,  1.204386984477198E+02,  2.462805695461471E+06,  6.125492336085824E+01,  1.105368693315989E+02,  1.105494776486660E+02,  2.371464963965282E-03,  2.371743614930069E-03,  5.877078612590988E+00,
2462808.500000000, A.D. 2030-Nov-03 00:00:00.0000,  1.095589422372616E-04,  2.371197340595803E-03,  1.290251677373392E+02,  2.239371575203756E+02,  1.125987317289754E+02,  2.462805567437192E+06,  6.125522592296711E+01,  1.796347973139283E+02,  1.796348773248692E+02,  2.371457154933258E-03,  2.371716969270713E-03,  5.877049583536368E+00,
2462809.500000000, A.D. 2030-Nov-04 00:00:00.0000,  1.170390666889401E-04,  2.371195158686351E-03,  1.290246367279625E+02,  2.239377779424997E+02,  1.026100162784316E+02,  2.462811281394956E+06,  6.125462310104141E+01,  2.508813233744966E+02,  2.508686520519265E+02,  2.371472713639433E-03,  2.371750268592516E-03,  5.877107421037736E+00,
2462810.500000000, A.D. 2030-Nov-05 00:00:00.0000,  1.392958774398979E-04,  2.371133792166219E-03,  1.290248893134022E+02,  2.239380397697406E+02,  1.057953498226787E+02,  2.462811333339988E+06,  6.125495577580744E+01,  3.089537958743709E+02,  3.089413815126302E+02,  2.371464127342654E-03,  2.371794462519090E-03,  5.877075502553567E+00,
2462811.500000000, A.D. 2030-Nov-06 00:00:00.0000,  1.438030720322457E-04,  2.371116878408703E-03,  1.290249633490631E+02,  2.239393406126345E+02,  1.125744979466218E+02,  2.462811443962350E+06,  6.125519700321476E+01,  3.432597266116048E+00,  3.433584088783035E+00,  2.371457901340111E-03,  2.371798924271519E-03,  5.877052358204099E+00,
2462812.500000000, A.D. 2030-Nov-07 00:00:00.0000,  1.377243729430977E-04,  2.371148746438063E-03,  1.290244556296002E+02,  2.239399006545428E+02,  1.212162752099011E+02,  2.462811584987842E+06,  6.125452070850443E+01,  5.604863117299162E+01,  5.606172383051702E+01,  2.371475356394473E-03,  2.371801966350881E-03,  5.877117245160625E+00,
2462813.500000000, A.D. 2030-Nov-08 00:00:00.0000,  1.140222128617699E-04,  2.371194725740153E-03,  1.290247361796699E+02,  2.239402231458363E+02,  1.197478076739515E+02,  2.462811560974074E+06,  6.125491710446516E+01,  1.187748723815005E+02,  1.187863241634856E+02,  2.371465125441481E-03,  2.371735525142808E-03,  5.877079212858128E+00,
2462814.500000000, A.D. 2030-Nov-09 00:00:00.0000,  1.074707969087285E-04,  2.371207450780868E-03,  1.290247532256813E+02,  2.239415236745330E+02,  1.109572577408610E+02,  2.462817294491810E+06,  6.125502604451169E+01,  1.888233313991084E+02,  1.888214426359086E+02,  2.371462313725562E-03,  2.371717176670257E-03,  5.877068760666296E+00,
2462815.500000000, A.D. 2030-Nov-10 00:00:00.0000,  1.200526542155328E-04,  2.371192875465656E-03,  1.290242743253452E+02,  2.239420205117842E+02,  1.011264102338875E+02,  2.462817133972680E+06,  6.125443464728701E+01,  2.599119272840866E+02,  2.598983833075686E+02,  2.371477577643265E-03,  2.371762279820873E-03,  5.877125502389150E+00,
2462816.500000000, A.D. 2030-Nov-11 00:00:00.0000,  1.417188698793138E-04,  2.371129952387836E-03,  1.290245874628812E+02,  2.239424220219417E+02,  1.061753252452386E+02,  2.462817216337858E+06,  6.125488190727521E+01,  3.161208091233891E+02,  3.161095512391054E+02,  2.371466033874114E-03,  2.371802115360392E-03,  5.877082589840778E+00,
2462817.500000000, A.D. 2030-Nov-12 00:00:00.0000,  1.461493562657273E-04,  2.371117019910414E-03,  1.290245298456026E+02,  2.239437264410304E+02,  1.132857116606679E+02,  2.462817332368001E+06,  6.125497590588894E+01,  1.026829407617158E+01,  1.027127998118704E+01,  2.371463607790100E-03,  2.371810195669786E-03,  5.877073571183794E+00,
2462818.500000000, A.D. 2030-Nov-13 00:00:00.0000,  1.362867461404914E-04,  2.371154873109449E-03,  1.290240887281344E+02,  2.239441390519559E+02,  1.221787505546121E+02,  2.462817477494047E+06,  6.125441541079806E+01,  6.263300439040081E+01,  6.264687490292632E+01,  2.371478074139716E-03,  2.371801275169984E-03,  5.877127348056258E+00,
2462819.500000000, A.D. 2030-Nov-14 00:00:00.0000,  1.133182970308968E-04,  2.371194927768476E-03,  1.290244359733061E+02,  2.239446208656415E+02,  1.191864936212588E+02,  2.462817428608044E+06,  6.125497396082690E+01,  1.268830603172642E+02,  1.268934459003750E+02,  2.371463657991671E-03,  2.371732388214865E-03,  5.877073757801663E+00,
2462820.500000000, A.D. 2030-Nov-15 00:00:00.0000,  1.072345596607042E-04,  2.371209276056505E-03,  1.290243064845644E+02,  2.239459226539008E+02,  1.103614823294835E+02,  2.462823161563809E+06,  6.125497702488302E+01,  1.969659700549550E+02,  1.969623847799454E+02,  2.371463578909141E-03,  2.371717881761777E-03,  5.877073463822550E+00,
2462821.500000000, A.D. 2030-Nov-16 00:00:00.0000,  1.224459346679482E-04,  2.371185202276751E-03,  1.290238926622077E+02,  2.239462566704334E+02,  1.014515589317256E+02,  2.462823016074163E+06,  6.125451205195481E+01,  2.671336169023409E+02,  2.671196032941410E+02,  2.371475579820665E-03,  2.371765957364579E-03,  5.877118075720780E+00,
2462822.500000000, A.D. 2030-Nov-17 00:00:00.0000,  1.406457949156160E-04,  2.371126409508032E-03,  1.290242757600535E+02,  2.239468057932235E+02,  1.073659524043515E+02,  2.462823112567856E+06,  6.125511780651654E+01,  3.224770838325616E+02,  3.224672660514822E+02,  2.371459945377159E-03,  2.371793481246287E-03,  5.877059956640911E+00,
2462823.500000000, A.D. 2030-Nov-18 00:00:00.0000,  1.446118237127411E-04,  2.371118481866856E-03,  1.290240837615943E+02,  2.239481113736488E+02,  1.139549975180136E+02,  2.462823220088987E+06,  6.125506054693779E+01,  1.714596604169415E+01,  1.715085221964057E+01,  2.371461423228134E-03,  2.371804364589411E-03,  5.877065450358073E+00,
2462824.500000000, A.D. 2030-Nov-19 00:00:00.0000,  1.321581826997506E-04,  2.371159924581482E-03,  1.290237022171194E+02,  2.239483773868567E+02,  1.219265370046952E+02,  2.462823350172956E+06,  6.125459905811166E+01,  7.043219456703247E+01,  7.044646492669253E+01,  2.371473334187648E-03,  2.371786743793815E-03,  5.877109727850335E+00,
2462825.500000000, A.D. 2030-Nov-20 00:00:00.0000,  1.129582260311850E-04,  2.371189928779134E-03,  1.290241091492717E+02,  2.239489875456218E+02,  1.172520489940891E+02,  2.462823273829078E+06,  6.125520075741075E+01,  1.363645467479570E+02,  1.363734781099536E+02,  2.371457804445831E-03,  2.371725680112529E-03,  5.877051998012536E+00,
2462826.500000000, A.D. 2030-Nov-21 00:00:00.0000,  1.090371471370290E-04,  2.371203915232492E-03,  1.290238728366464E+02,  2.239502744651114E+02,  1.087965984880451E+02,  2.462829012807279E+06,  6.125501910868730E+01,  2.060779420918919E+02,  2.060724501603038E+02,  2.371462492737243E-03,  2.371721070241994E-03,  5.877069426118979E+00,
2462827.500000000, A.D. 2030-Nov-22 00:00:00.0000,  1.271649745885233E-04,  2.371172307157090E-03,  1.290235317934682E+02,  2.239505045476562E+02,  1.018455971485304E+02,  2.462828899296325E+06,  6.125457808236343E+01,  2.742866939897291E+02,  2.742721625495191E+02,  2.371473875572214E-03,  2.371775443987338E-03,  5.877111740381933E+00,
2462828.500000000, A.D. 2030-Nov-23 00:00:00.0000,  1.421099330522037E-04,  2.371121639732088E-03,  1.290239398998839E+02,  2.239511816076104E+02,  1.086325350143618E+02,  2.462829010036710E+06,  6.125516809066214E+01,  3.287576155807576E+02,  3.287491681339897E+02,  2.371458647561729E-03,  2.371795655391371E-03,  5.877055132183681E+00,
2462829.500000000, A.D. 2030-Nov-24 00:00:00.0000,  1.450369887286311E-04,  2.371121520012291E-03,  1.290236592696816E+02,  2.239524322620676E+02,  1.155644752958534E+02,  2.462829123155403E+06,  6.125490374591485E+01,  2.308357951841115E+01,  2.309009687246575E+01,  2.371465470222966E-03,  2.371809420433641E-03,  5.877080494539325E+00,
2462830.500000000, A.D. 2030-Nov-25 00:00:00.0000,  1.284045879286427E-04,  2.371171130865646E-03,  1.290233741333388E+02,  2.239526368860619E+02,  1.229226357125692E+02,  2.462829243224520E+06,  6.125450975063611E+01,  7.698316587459307E+01,  7.699750238056725E+01,  2.371475639217882E-03,  2.371780147570118E-03,  5.877118296522837E+00,
2462831.500000000, A.D. 2030-Nov-26 00:00:00.0000,  1.103219221147987E-04,  2.371198944507761E-03,  1.290237694138114E+02,  2.239533955244960E+02,  1.166939305924685E+02,  2.462829141507008E+06,  6.125509365979288E+01,  1.444697091424842E+02,  1.444770549823207E+02,  2.371460568595908E-03,  2.371722192684055E-03,  5.877062273374659E+00,
2462832.500000000, A.D. 2030-Nov-27 00:00:00.0000,  1.076741716103358E-04,  2.371214014182794E-03,  1.290234408686038E+02,  2.239545880984656E+02,  1.068519714086104E+02,  2.462834857865706E+06,  6.125475302989604E+01,  2.155695185382713E+02,  2.155623421082126E+02,  2.371469360181651E-03,  2.371724706180508E-03,  5.877094954971055E+00,
2462833.500000000, A.D. 2030-Nov-28 00:00:00.0000,  1.301576911240009E-04,  2.371167995518021E-03,  1.290232213710536E+02,  2.239547709128734E+02,  1.014437122343016E+02,  2.462834769531858E+06,  6.125447014493085E+01,  2.822354987306163E+02,  2.822209220523617E+02,  2.371476661444829E-03,  2.371785327371637E-03,  5.877122096529832E+00,
2462834.500000000, A.D. 2030-Nov-29 00:00:00.0000,  1.435150131431343E-04,  2.371120445747429E-03,  1.290235976366300E+02,  2.239556249999638E+02,  1.088259664982317E+02,  2.462834889990647E+06,  6.125508523747021E+01,  3.361110896589461E+02,  3.361044286764855E+02,  2.371460785973296E-03,  2.371801126199162E-03,  5.877063081446586E+00,
2462835.500000000, A.D. 2030-Nov-30 00:00:00.0000,  1.460643580887743E-04,  2.371123408232648E-03,  1.290232090737302E+02,  2.239567531531661E+02,  1.164268593774622E+02,  2.462835014028812E+06,  6.125473616566362E+01,  2.976803691308372E+01,  2.977634834858914E+01,  2.371469795446047E-03,  2.371816182659447E-03,  5.877096573012394E+00,
2462836.500000000, A.D. 2030-Dec-01 00:00:00.0000,  1.264618387372588E-04,  2.371174472652913E-03,  1.290230577974367E+02,  2.239569008114881E+02,  1.228370505927722E+02,  2.462835118624151E+06,  6.125455878403820E+01,  8.461556814225462E+01,  8.462999587179043E+01,  2.371474373662725E-03,  2.371774274672537E-03,  5.877113591973326E+00,
2462837.500000000, A.D. 2030-Dec-02 00:00:00.0000,  1.109755818954101E-04,  2.371194529555508E-03,  1.290234210029657E+02,  2.239578381753852E+02,  1.160025949522706E+02,  2.462835007021193E+06,  6.125520467036448E+01,  1.527079270621363E+02,  1.527137573643121E+02,  2.371457703454089E-03,  2.371720877352670E-03,  5.877051622589215E+00,
2462838.500000000, A.D. 2030-Dec-03 00:00:00.0000,  1.090691337597869E-04,  2.371210430192567E-03,  1.290229824687009E+02,  2.239589109398165E+02,  1.061707342553439E+02,  2.462840723539135E+06,  6.125476371999069E+01,  2.237976356265558E+02,  2.237889861663309E+02,  2.371469084271326E-03,  2.371727738350086E-03,  5.877093929308765E+00,
2462839.500000000, A.D. 2030-Dec-04 00:00:00.0000,  1.321116530358012E-04,  2.371157859131075E-03,  1.290228872934933E+02,  2.239590295203681E+02,  1.028096800832304E+02,  2.462840668621873E+06,  6.125468336972885E+01,  2.884164371694927E+02,  2.884020728713774E+02,  2.371471158105899E-03,  2.371784457080723E-03,  5.877101638532126E+00,
2462840.500000000, A.D. 2030-Dec-05 00:00:00.0000,  1.421123791195199E-04,  2.371118830147686E-03,  1.290232398738469E+02,  2.239600403530551E+02,  1.098827254597715E+02,  2.462840784035629E+06,  6.125527673955459E+01,  3.426013189618503E+02,  3.425964486508677E+02,  2.371455843379565E-03,  2.371792856611445E-03,  5.877044708011839E+00,
2462841.500000000, A.D. 2030-Dec-06 00:00:00.0000,  1.434903504763588E-04,  2.371127877428764E-03,  1.290227643563318E+02,  2.239610601520544E+02,  1.173811498704608E+02,  2.462840906401125E+06,  6.125479952197059E+01,  3.636078008978437E+01,  3.637052989430807E+01,  2.371468160226218E-03,  2.371808443023673E-03,  5.877090494286523E+00,
2462842.500000000, A.D. 2030-Dec-07 00:00:00.0000,  1.223367617951043E-04,  2.371179652716404E-03,  1.290227241429855E+02,  2.239611691058172E+02,  1.219351462855030E+02,  2.462840980696426E+06,  6.125473712642626E+01,  9.306454101620911E+01,  9.307853961431998E+01,  2.371469770648840E-03,  2.371759888581276E-03,  5.877096480831852E+00,
2462843.500000000, A.D. 2030-Dec-08 00:00:00.0000,  1.107283582877843E-04,  2.371192850923072E-03,  1.290230533433549E+02,  2.239622293502308E+02,  1.143284047720841E+02,  2.462840856486016E+06,  6.125529243488014E+01,  1.619292221300689E+02,  1.619331574893353E+02,  2.371455438290507E-03,  2.371718025657942E-03,  5.877043202147997E+00,
2462844.500000000, A.D. 2030-Dec-09 00:00:00.0000,  1.118429218956835E-04,  2.371205796801853E-03,  1.290225654693948E+02,  2.239631922761745E+02,  1.043390979410478E+02,  2.462846570431004E+06,  6.125468836992985E+01,  2.331763940704939E+02,  2.331661357167548E+02,  2.371471029050933E-03,  2.371736261300013E-03,  5.877101158786163E+00,
2462845.500000000, A.D. 2030-Dec-10 00:00:00.0000,  1.361578204552795E-04,  2.371147738392542E-03,  1.290225719981007E+02,  2.239633218665144E+02,  1.035845910015320E+02,  2.462846558063204E+06,  6.125470372779751E+01,  2.951886519069955E+02,  2.951745319713650E+02,  2.371470632665159E-03,  2.371793526937776E-03,  5.877099685270885E+00,
2462846.500000000, A.D. 2030-Dec-11 00:00:00.0000,  1.443379270398660E-04,  2.371116883420371E-03,  1.290228603802285E+02,  2.239644332067399E+02,  1.109222864078866E+02,  2.462846677799718E+06,  6.125514765797374E+01,  3.491088520571646E+02,  3.491057263914514E+02,  2.371459174921739E-03,  2.371801466423107E-03,  5.877057092574617E+00,
2462847.500000000, A.D. 2030-Dec-12 00:00:00.0000,  1.431617811251583E-04,  2.371134400147116E-03,  1.290223617997601E+02,  2.239653230865688E+02,  1.191896000417663E+02,  2.462846812714916E+06,  6.125457695865416E+01,  4.209935707819793E+01,  4.211035683905374E+01,  2.371473904575186E-03,  2.371813409003257E-03,  5.877111848196978E+00,
2462848.500000000, A.D. 2030-Dec-13 00:00:00.0000,  1.189559659418705E-04,  2.371189944396834E-03,  1.290224315566635E+02,  2.239654897030313E+02,  1.223057803590433E+02,  2.462846863537663E+06,  6.125464900166157E+01,  1.002409260676638E+02,  1.002543398996699E+02,  2.371472045144668E-03,  2.371754145892503E-03,  5.877104935989998E+00,
2462849.500000000, A.D. 2030-Dec-14 00:00:00.0000,  1.082455061318964E-04,  2.371203492900179E-03,  1.290226609497306E+02,  2.239666527768406E+02,  1.138106245431425E+02,  2.462846724819869E+06,  6.125510821972222E+01,  1.699939592757906E+02,  1.699961142122240E+02,  2.371460192809020E-03,  2.371716892717862E-03,  5.877060876436282E+00,
2462850.500000000, A.D. 2030-Dec-15 00:00:00.0000,  1.126620994083015E-04,  2.371209058400896E-03,  1.290221561599450E+02,  2.239674506222075E+02,  1.026844845850407E+02,  2.462852420220408E+06,  6.125448671025620E+01,  2.423778845289629E+02,  2.423664465858573E+02,  2.371476233892102E-03,  2.371743409383309E-03,  5.877120507153365E+00,
2462851.500000000, A.D. 2030-Dec-16 00:00:00.0000,  1.377489213606053E-04,  2.371143626965038E-03,  1.290222860017920E+02,  2.239676529780172E+02,  1.039840823571010E+02,  2.462852441379991E+06,  6.125471683224647E+01,  3.023360352203641E+02,  3.023226969567405E+02,  2.371470294440136E-03,  2.371796961915233E-03,  5.877098427961131E+00,
2462852.500000000, A.D. 2030-Dec-17 00:00:00.0000,  1.449488557297983E-04,  2.371116609003609E-03,  1.290224579196128E+02,  2.239688749045570E+02,  1.112292736931626E+02,  2.462852559607400E+06,  6.125510214995438E+01,  3.563487426557263E+02,  3.563476846895675E+02,  2.371460349467672E-03,  2.371804089931736E-03,  5.877061458794223E+00,
2462853.500000000, A.D. 2030-Dec-18 00:00:00.0000,  1.419033223016838E-04,  2.371138080218213E-03,  1.290219351762693E+02,  2.239695828595553E+02,  1.198321514069804E+02,  2.462852700000060E+06,  6.125455000141101E+01,  4.900363632901610E+01,  4.901591070855432E+01,  2.371474600342755E-03,  2.371811120467297E-03,  5.877114434629057E+00,
2462854.500000000, A.D. 2030-Dec-19 00:00:00.0000,  1.177967133893956E-04,  2.371187353981542E-03,  1.290221321764399E+02,  2.239698114713797E+02,  1.209898692941158E+02,  2.462852718856211E+06,  6.125485590589280E+01,  1.091037061464521E+02,  1.091164606473937E+02,  2.371466704965300E-03,  2.371746055949058E-03,  5.877085084537232E+00,
2462855.500000000, A.D. 2030-Dec-20 00:00:00.0000,  1.095558341967143E-04,  2.371197294537036E-03,  1.290222542631770E+02,  2.239710837046233E+02,  1.130402467398894E+02,  2.462852589044055E+06,  6.125522799333071E+01,  1.783112700897580E+02,  1.783116400059787E+02,  2.371457101498052E-03,  2.371716908459069E-03,  5.877049384898147E+00,
2462856.500000000, A.D. 2030-Dec-21 00:00:00.0000,  1.161957698631443E-04,  2.371197524155804E-03,  1.290217263614426E+02,  2.239717112484787E+02,  1.027508231122269E+02,  2.462858298093229E+06,  6.125460893380153E+01,  2.498585024591586E+02,  2.498460023107851E+02,  2.371473079295962E-03,  2.371748634436121E-03,  5.877108780321421E+00,
2462857.500000000, A.D. 2030-Dec-22 00:00:00.0000,  1.384730494666737E-04,  2.371135262156831E-03,  1.290219719294292E+02,  2.239719670251681E+02,  1.057220060207011E+02,  2.462858346541657E+06,  6.125497442701051E+01,  3.081451124328348E+02,  3.081326318504872E+02,  2.371463645959586E-03,  2.371792029762342E-03,  5.877073713073941E+00,
2462858.500000000, A.D. 2030-Dec-23 00:00:00.0000,  1.435332703618440E-04,  2.371116921597293E-03,  1.290220528325462E+02,  2.239732693231388E+02,  1.123786334568882E+02,  2.462858455163766E+06,  6.125522012331832E+01,  2.746453401809882E+00,  2.747241656056717E+00,  2.371457304619749E-03,  2.371797687642204E-03,  5.877050139975859E+00,
2462859.500000000, A.D. 2030-Dec-24 00:00:00.0000,  1.379536919434147E-04,  2.371146254299641E-03,  1.290215320300404E+02,  2.239738366047730E+02,  1.207769056655053E+02,  2.462858592215361E+06,  6.125459620557794E+01,  5.560598148662742E+01,  5.561902735495300E+01,  2.371473407811594E-03,  2.371800561323548E-03,  5.877110001538428E+00,
2462860.500000000, A.D. 2030-Dec-25 00:00:00.0000,  1.148091542485940E-04,  2.371191134173458E-03,  1.290218152819080E+02,  2.239741395568476E+02,  1.195820423180143E+02,  2.462858572668707E+06,  6.125498396134768E+01,  1.180586474403746E+02,  1.180702565281774E+02,  2.371463399880730E-03,  2.371735665588002E-03,  5.877072798307521E+00,
2462861.500000000, A.D. 2030-Dec-26 00:00:00.0000,  1.088154302677075E-04,  2.371201140924437E-03,  1.290218459209858E+02,  2.239754518898014E+02,  1.112773531765169E+02,  2.462864314110089E+06,  6.125514698554771E+01,  1.876212728634473E+02,  1.876196193489745E+02,  2.371459192276807E-03,  2.371717243629177E-03,  5.877057157089785E+00,
2462862.500000000, A.D. 2030-Dec-27 00:00:00.0000,  1.201764213418423E-04,  2.371190872700827E-03,  1.290213544173318E+02,  2.239759580305684E+02,  1.015813170414670E+02,  2.462864155795094E+06,  6.125450087944854E+01,  2.585750979927350E+02,  2.585616000650034E+02,  2.371475868183964E-03,  2.371760863667102E-03,  5.877119147676924E+00,
2462863.500000000, A.D. 2030-Dec-28 00:00:00.0000,  1.413852104093387E-04,  2.371129583401072E-03,  1.290216643573887E+02,  2.239763310244990E+02,  1.064289463844858E+02,  2.462864234875570E+06,  6.125492686743873E+01,  3.149852506927941E+02,  3.149737900852472E+02,  2.371464873461184E-03,  2.371800163521297E-03,  5.877078276153573E+00,
2462864.500000000, A.D. 2030-Dec-29 00:00:00.0000,  1.459267632288772E-04,  2.371117179747426E-03,  1.290216319339498E+02,  2.239776390969504E+02,  1.134445836442669E+02,  2.462864349359157E+06,  6.125499016747727E+01,  9.227503339555927E+00,  9.230185275082185E+00,  2.371463239702113E-03,  2.371809299656799E-03,  5.877072202864190E+00,
2462865.500000000, A.D. 2030-Dec-30 00:00:00.0000,  1.363405136030765E-04,  2.371154768393783E-03,  1.290211783865988E+02,  2.239780776687112E+02,  1.222519567843356E+02,  2.462864493086911E+06,  6.125441452758715E+01,  6.167787176294839E+01,  6.169162612655747E+01,  2.371478096935518E-03,  2.371801425477254E-03,  5.877127432796975E+00,
2462866.500000000, A.D. 2030-Dec-31 00:00:00.0000,  1.129713213966187E-04,  2.371196878992965E-03,  1.290215169097906E+02,  2.239785383706867E+02,  1.194559185683599E+02,  2.462864447402771E+06,  6.125493023661215E+01,  1.257317000491121E+02,  1.257422078772294E+02,  2.371464786503541E-03,  2.371732694014118E-03,  5.877077952899660E+00,
2462867.500000000, A.D. 2031-Jan-01 00:00:00.0000,  1.069498643896778E-04,  2.371210445206619E-03,  1.290214070283113E+02,  2.239798385753815E+02,  1.104466278214212E+02,  2.462870177352712E+06,  6.125495788256914E+01,  1.959988723743826E+02,  1.959954949524085E+02,  2.371464072967629E-03,  2.371717700728638E-03,  5.877075300421397E+00,
2462868.500000000, A.D. 2031-Jan-02 00:00:00.0000,  1.221086738635100E-04,  2.371187523746854E-03,  1.290209910293434E+02,  2.239801950469741E+02,  1.012030688746866E+02,  2.462870026417107E+06,  6.125445308859310E+01,  2.665001548922690E+02,  2.664861884959884E+02,  2.371477101670837E-03,  2.371766679594820E-03,  5.877123733017865E+00,
$$EOE
**************************************************************************************************************************************************************************************************************************************************************************************************************************************************
 
TIME

  Barycentric Dynamical Time ("TDB" or T_eph) output was requested. This
continuous coordinate time is equivalent to the relativistic proper time
of a clock at rest in a reference frame co-moving with the solar system
barycenter but outside the system's gravity well. It is the independent
variable in the solar system relativistic equations of motion.

  TDB runs at a uniform rate of one SI second per second and is independent
of irregularities in Earth's rotation.
 
CALENDAR SYSTEM

  Mixed calendar mode was active such that calendar dates after AD 1582-Oct-15
(if any) are in the modern Gregorian system. Dates prior to 1582-Oct-5 (if any)
are in the Julian calendar system, which is automatically extended for dates
prior to its adoption on 45-Jan-1 BC.  The Julian calendar is useful for
matching historical dates. The Gregorian calendar more accurately corresponds
to the Earth's orbital motion and seasons. A "Gregorian-only" calendar mode is
available if such physical events are the primary interest.

REFERENCE FRAME AND COORDINATES

  Ecliptic at the standard reference epoch

    Reference epoch: J2000.0
    X-Y plane: adopted Earth orbital plane at the reference epoch
               Note: IAU76 obliquity of 84381.448 arcseconds wrt ICRF X-Y plane
    X-axis   : ICRF
    Z-axis   : perpendicular to the X-Y plane in the directional (+ or -) sense
               of Earth's north pole at the reference epoch.

  Symbol meaning [1 au= 149597870.700 km, 1 day= 86400.0 s]:

    JDTDB    Julian Day Number, Barycentric Dynamical Time
      EC     Eccentricity, e
      QR     Periapsis distance, q (au)
      IN     Inclination w.r.t X-Y plane, i (degrees)
      OM     Longitude of Ascending Node, OMEGA, (degrees)
      W      Argument of Perifocus, w (degrees)
      Tp     Time of periapsis (Julian Day Number)
      N      Mean motion, n (degrees/day)
      MA     Mean anomaly, M (degrees)
      TA     True anomaly, nu (degrees)
      A      Semi-major axis, a (au)
      AD     Apoapsis distance (au)
      PR     Sidereal orbit period (day)

ABERRATIONS AND CORRECTIONS

 Geometric osculating elements have NO corrections or aberrations applied.

Computations by ...

    Solar System Dynamics Group, Horizons On-Line Ephemeris System
    4800 Oak Grove Drive, Jet Propulsion Laboratory
    Pasadena, CA  91109   USA

    General site: https://ssd.jpl.nasa.gov/
    Mailing list: https://ssd.jpl.nasa.gov/email_list.html
    System news : https://ssd.jpl.nasa.gov/horizons/news.html
    User Guide  : https://ssd.jpl.nasa.gov/horizons/manual.html
    Connect     : browser        https://ssd.jpl.nasa.gov/horizons/app.html#/x
                  API            https://ssd-api.jpl.nasa.gov/doc/horizons.html
                  command-line   telnet ssd.jpl.nasa.gov 6775
                  e-mail/batch   https://ssd.jpl.nasa.gov/ftp/ssd/horizons_batch.txt
                  scripts        https://ssd.jpl.nasa.gov/ftp/ssd/SCRIPTS
    Inquiries   : Jon.D.Giorgini@jpl.nasa.gov
*******************************************************************************
